###############################################################
#  Generated by:      Cadence Innovus 23.14-s088_1
#  OS:                Linux x86_64(Host ID user1-EliteMini)
#  Generated on:      Sat Jul 11 22:12:40 2026
#  Design:            Multiplier32
#  Command:           verify_drc -report ./verify_rpt/drc.rpt
###############################################################

VIAENCLOSURE: ( Enclosure ) Regular Wire of Net n_3571  ( V3 )
Bounds : ( 42.444, 41.100 ) ( 42.516, 41.196 )


VIAENCLOSURE: ( Enclosure ) Regular Wire of Net mul_17_30_n_2034  ( V3 )
Bounds : ( 43.596, 41.292 ) ( 43.668, 41.388 )


VIAENCLOSURE: ( Enclosure ) Regular Wire of Net mul_17_30_n_240  ( V3 )
Bounds : ( 33.228, 41.100 ) ( 33.300, 41.196 )


VIAENCLOSURE: ( Enclosure ) Regular Wire of Net iA[11]  ( V3 )
Bounds : ( 48.780, 39.564 ) ( 48.852, 39.660 )


VIAENCLOSURE: ( Enclosure ) Regular Wire of Net mul_17_30_n_112  ( V3 )
Bounds : ( 48.348, 39.948 ) ( 48.420, 40.044 )


VIAENCLOSURE: ( Enclosure ) Regular Wire of Net mul_17_30_n_181  ( V3 )
Bounds : ( 47.916, 39.372 ) ( 47.988, 39.468 )


VIAENCLOSURE: ( Enclosure ) Regular Wire of Net iB[14]  ( V3 )
Bounds : ( 47.772, 40.524 ) ( 47.844, 40.620 )


VIAENCLOSURE: ( Enclosure ) Regular Wire of Net iA[11]  ( V5 )
Bounds : ( 48.768, 39.536 ) ( 48.864, 39.664 )


VIAENCLOSURE: ( Enclosure ) Regular Wire of Net mul_17_30_n_393  ( V5 )
Bounds : ( 48.768, 40.400 ) ( 48.864, 40.528 )


VIAENCLOSURE: ( Enclosure ) Regular Wire of Net mul_17_30_n_2034  ( V3 )
Bounds : ( 49.212, 36.492 ) ( 49.284, 36.588 )


VIAENCLOSURE: ( Enclosure ) Regular Wire of Net FE_OFN150_mul_17_30_n_494  ( V3 )
Bounds : ( 46.620, 35.916 ) ( 46.692, 36.012 )


VIAENCLOSURE: ( Enclosure ) Regular Wire of Net mul_17_30_n_2080  ( V3 )
Bounds : ( 47.484, 38.028 ) ( 47.556, 38.124 )


VIAENCLOSURE: ( Enclosure ) Regular Wire of Net mul_17_30_n_107  ( V3 )
Bounds : ( 47.916, 38.220 ) ( 47.988, 38.316 )


VIAENCLOSURE: ( Enclosure ) Regular Wire of Net mul_17_30_n_1982  ( V3 )
Bounds : ( 48.348, 36.492 ) ( 48.420, 36.588 )


VIAENCLOSURE: ( Enclosure ) Regular Wire of Net iA[14]  ( V3 )
Bounds : ( 48.780, 35.916 ) ( 48.852, 36.012 )


VIAENCLOSURE: ( Enclosure ) Regular Wire of Net mul_17_30_n_564  ( V3 )
Bounds : ( 46.188, 40.332 ) ( 46.260, 40.428 )


VIAENCLOSURE: ( Enclosure ) Regular Wire of Net mul_17_30_n_2112  ( V3 )
Bounds : ( 46.044, 39.948 ) ( 46.116, 40.044 )


VIAENCLOSURE: ( Enclosure ) Regular Wire of Net mul_17_30_n_64  ( V3 )
Bounds : ( 45.612, 40.524 ) ( 45.684, 40.620 )


VIAENCLOSURE: ( Enclosure ) Regular Wire of Net iA[10]  ( V3 )
Bounds : ( 44.748, 40.524 ) ( 44.820, 40.620 )


VIAENCLOSURE: ( Enclosure ) Regular Wire of Net mul_17_30_n_1982  ( V3 )
Bounds : ( 43.020, 40.524 ) ( 43.092, 40.620 )


VIAENCLOSURE: ( Enclosure ) Regular Wire of Net mul_17_30_n_8  ( V3 )
Bounds : ( 41.580, 40.524 ) ( 41.652, 40.620 )


VIAENCLOSURE: ( Enclosure ) Regular Wire of Net mul_17_30_n_1908  ( V5 )
Bounds : ( 44.448, 40.400 ) ( 44.544, 40.528 )


VIAENCLOSURE: ( Enclosure ) Regular Wire of Net iA[10]  ( V5 )
Bounds : ( 45.096, 40.112 ) ( 45.192, 40.240 )


VIAENCLOSURE: ( Enclosure ) Regular Wire of Net iA[18]  ( V3 )
Bounds : ( 46.188, 38.220 ) ( 46.260, 38.316 )


VIAENCLOSURE: ( Enclosure ) Regular Wire of Net FE_OFN122_mul_17_30_n_181  ( V3 )
Bounds : ( 46.188, 36.492 ) ( 46.260, 36.588 )


VIAENCLOSURE: ( Enclosure ) Regular Wire of Net mul_17_30_n_1995  ( V3 )
Bounds : ( 45.612, 38.220 ) ( 45.684, 38.316 )


VIAENCLOSURE: ( Enclosure ) Regular Wire of Net FE_OFN147_mul_17_30_n_489  ( V3 )
Bounds : ( 45.324, 37.452 ) ( 45.396, 37.548 )


VIAENCLOSURE: ( Enclosure ) Regular Wire of Net FE_OFN150_mul_17_30_n_494  ( V5 )
Bounds : ( 46.176, 36.080 ) ( 46.272, 36.208 )


VIAENCLOSURE: ( Enclosure ) Regular Wire of Net iA[18]  ( V5 )
Bounds : ( 46.176, 38.096 ) ( 46.272, 38.224 )


VIAENCLOSURE: ( Enclosure ) Regular Wire of Net n_3395  ( V3 )
Bounds : ( 47.052, 33.612 ) ( 47.124, 33.708 )


VIAENCLOSURE: ( Enclosure ) Regular Wire of Net mul_17_30_n_1920  ( V3 )
Bounds : ( 48.924, 33.612 ) ( 48.996, 33.708 )


VIAENCLOSURE: ( Enclosure ) Regular Wire of Net mul_17_30_n_470  ( V3 )
Bounds : ( 49.212, 34.956 ) ( 49.284, 35.052 )


VIAENCLOSURE: ( Enclosure ) Regular Wire of Net mul_17_30_n_1920  ( V5 )
Bounds : ( 48.768, 33.776 ) ( 48.864, 33.904 )


VIAENCLOSURE: ( Enclosure ) Regular Wire of Net mul_17_30_n_470  ( V5 )
Bounds : ( 49.200, 34.928 ) ( 49.296, 35.056 )


VIAENCLOSURE: ( Enclosure ) Regular Wire of Net FE_OFN150_mul_17_30_n_494  ( V3 )
Bounds : ( 46.764, 31.884 ) ( 46.836, 31.980 )


VIAENCLOSURE: ( Enclosure ) Regular Wire of Net iA[14]  ( V3 )
Bounds : ( 47.196, 31.884 ) ( 47.268, 31.980 )


VIAENCLOSURE: ( Enclosure ) Regular Wire of Net mul_17_30_n_1645  ( V3 )
Bounds : ( 48.348, 31.308 ) ( 48.420, 31.404 )


VIAENCLOSURE: ( Enclosure ) Regular Wire of Net iA[14]  ( V3 )
Bounds : ( 44.028, 34.188 ) ( 44.100, 34.284 )


VIAENCLOSURE: ( Enclosure ) Regular Wire of Net mul_17_30_n_459  ( V3 )
Bounds : ( 44.892, 34.956 ) ( 44.964, 35.052 )


VIAENCLOSURE: ( Enclosure ) Regular Wire of Net mul_17_30_n_1762  ( V3 )
Bounds : ( 45.612, 33.612 ) ( 45.684, 33.708 )


VIAENCLOSURE: ( Enclosure ) Regular Wire of Net mul_17_30_n_60  ( V3 )
Bounds : ( 45.612, 34.188 ) ( 45.684, 34.284 )


VIAENCLOSURE: ( Enclosure ) Regular Wire of Net FE_OFN170_FE_DBTN24_mul_17_30_n_459  ( V3 )
Bounds : ( 46.188, 35.724 ) ( 46.260, 35.820 )


VIAENCLOSURE: ( Enclosure ) Regular Wire of Net iA[14]  ( V5 )
Bounds : ( 46.176, 34.640 ) ( 46.272, 34.768 )


EndOfLine: ( EndOfLine Keepout ) Regular Wire of Net mul_17_30_n_1701 & Regular Wire of Net mul_17_30_n_60  ( M4 )
Bounds : ( 45.700, 34.092 ) ( 45.728, 34.188 )


VIAENCLOSURE: ( Enclosure ) Regular Wire of Net n_3612  ( V3 )
Bounds : ( 43.596, 34.188 ) ( 43.668, 34.284 )


VIAENCLOSURE: ( Enclosure ) Regular Wire of Net n_3406  ( V3 )
Bounds : ( 43.164, 33.612 ) ( 43.236, 33.708 )


VIAENCLOSURE: ( Enclosure ) Regular Wire of Net mul_17_30_n_5  ( V3 )
Bounds : ( 42.588, 33.612 ) ( 42.660, 33.708 )


VIAENCLOSURE: ( Enclosure ) Regular Wire of Net mul_17_30_n_1702  ( V3 )
Bounds : ( 41.724, 33.612 ) ( 41.796, 33.708 )


VIAENCLOSURE: ( Enclosure ) Regular Wire of Net FE_OFN170_FE_DBTN24_mul_17_30_n_459  ( V3 )
Bounds : ( 43.740, 35.724 ) ( 43.812, 35.820 )


VIAENCLOSURE: ( Enclosure ) Regular Wire of Net mul_17_30_n_1702  ( V5 )
Bounds : ( 41.640, 33.776 ) ( 41.736, 33.904 )


VIAENCLOSURE: ( Enclosure ) Regular Wire of Net mul_17_30_n_5  ( V5 )
Bounds : ( 42.288, 34.064 ) ( 42.384, 34.192 )


EndOfLine: ( EndOfLine Spacing ) Regular Wire of Net mul_17_30_n_558 & Pin of Cell g25259  ( M2 )
Bounds : ( 42.248, 34.776 ) ( 42.356, 34.848 )


VIAENCLOSURE: ( Enclosure ) Regular Wire of Net FE_OFN136_mul_17_30_n_454  ( V3 )
Bounds : ( 41.436, 31.884 ) ( 41.508, 31.980 )


VIAENCLOSURE: ( Enclosure ) Regular Wire of Net FE_OFN140_mul_17_30_n_463  ( V3 )
Bounds : ( 41.724, 31.692 ) ( 41.796, 31.788 )


VIAENCLOSURE: ( Enclosure ) Regular Wire of Net iA[15]  ( V3 )
Bounds : ( 42.732, 31.116 ) ( 42.804, 31.212 )


VIAENCLOSURE: ( Enclosure ) Regular Wire of Net mul_17_30_n_69  ( V3 )
Bounds : ( 42.732, 32.076 ) ( 42.804, 32.172 )


VIAENCLOSURE: ( Enclosure ) Regular Wire of Net mul_17_30_n_459  ( V3 )
Bounds : ( 43.884, 31.884 ) ( 43.956, 31.980 )


VIAENCLOSURE: ( Enclosure ) Regular Wire of Net mul_17_30_n_459  ( V3 )
Bounds : ( 44.604, 31.884 ) ( 44.676, 31.980 )


VIAENCLOSURE: ( Enclosure ) Regular Wire of Net FE_OFN147_mul_17_30_n_489  ( V3 )
Bounds : ( 45.324, 33.036 ) ( 45.396, 33.132 )


VIAENCLOSURE: ( Enclosure ) Regular Wire of Net iA[15]  ( V5 )
Bounds : ( 42.720, 31.184 ) ( 42.816, 31.312 )


VIAENCLOSURE: ( Enclosure ) Regular Wire of Net mul_17_30_n_69  ( V5 )
Bounds : ( 42.720, 31.760 ) ( 42.816, 31.888 )


VIAENCLOSURE: ( Enclosure ) Regular Wire of Net mul_17_30_n_1645  ( V5 )
Bounds : ( 46.176, 32.336 ) ( 46.272, 32.464 )


VIAENCLOSURE: ( Enclosure ) Regular Wire of Net mul_17_30_n_1555  ( V3 )
Bounds : ( 48.348, 29.580 ) ( 48.420, 29.676 )


VIAENCLOSURE: ( Enclosure ) Regular Wire of Net mul_17_30_n_498  ( V3 )
Bounds : ( 49.644, 28.428 ) ( 49.716, 28.524 )


VIAENCLOSURE: ( Enclosure ) Regular Wire of Net n_3612  ( V5 )
Bounds : ( 48.768, 28.880 ) ( 48.864, 29.008 )


VIAENCLOSURE: ( Enclosure ) Regular Wire of Net mul_17_30_n_498  ( V5 )
Bounds : ( 49.632, 29.744 ) ( 49.728, 29.872 )


VIAENCLOSURE: ( Enclosure ) Regular Wire of Net FE_OFN173_FE_DBTN20_mul_17_30_n_498  ( V3 )
Bounds : ( 49.212, 27.852 ) ( 49.284, 27.948 )


VIAENCLOSURE: ( Enclosure ) Regular Wire of Net FE_OFN124_mul_17_30_n_207  ( V3 )
Bounds : ( 49.932, 27.852 ) ( 50.004, 27.948 )


VIAENCLOSURE: ( Enclosure ) Regular Wire of Net mul_17_30_n_107  ( V5 )
Bounds : ( 49.416, 25.712 ) ( 49.512, 25.840 )


VIAENCLOSURE: ( Enclosure ) Regular Wire of Net mul_17_30_n_107  ( V3 )
Bounds : ( 49.068, 25.548 ) ( 49.140, 25.644 )


VIAENCLOSURE: ( Enclosure ) Regular Wire of Net iA[13]  ( V3 )
Bounds : ( 47.916, 27.852 ) ( 47.988, 27.948 )


VIAENCLOSURE: ( Enclosure ) Regular Wire of Net iA[10]  ( V3 )
Bounds : ( 47.916, 25.548 ) ( 47.988, 25.644 )


VIAENCLOSURE: ( Enclosure ) Regular Wire of Net iA[11]  ( V3 )
Bounds : ( 47.340, 25.740 ) ( 47.412, 25.836 )


VIAENCLOSURE: ( Enclosure ) Regular Wire of Net mul_17_30_n_112  ( V3 )
Bounds : ( 47.052, 27.276 ) ( 47.124, 27.372 )


VIAENCLOSURE: ( Enclosure ) Regular Wire of Net n_3623  ( V3 )
Bounds : ( 46.764, 27.852 ) ( 46.836, 27.948 )


VIAENCLOSURE: ( Enclosure ) Regular Wire of Net iA[13]  ( V5 )
Bounds : ( 47.904, 27.728 ) ( 48.000, 27.856 )


VIAENCLOSURE: ( Enclosure ) Regular Wire of Net n_3623  ( V5 )
Bounds : ( 47.256, 28.016 ) ( 47.352, 28.144 )


VIAENCLOSURE: ( Enclosure ) Regular Wire of Net mul_17_30_n_1535  ( V3 )
Bounds : ( 42.300, 28.428 ) ( 42.372, 28.524 )


VIAENCLOSURE: ( Enclosure ) Regular Wire of Net mul_17_30_n_1592  ( V3 )
Bounds : ( 42.732, 28.812 ) ( 42.804, 28.908 )


VIAENCLOSURE: ( Enclosure ) Regular Wire of Net iA[14]  ( V3 )
Bounds : ( 43.596, 29.580 ) ( 43.668, 29.676 )


VIAENCLOSURE: ( Enclosure ) Regular Wire of Net FE_OFN67_iA_7  ( V3 )
Bounds : ( 44.460, 28.428 ) ( 44.532, 28.524 )


VIAENCLOSURE: ( Enclosure ) Regular Wire of Net mul_17_30_n_1593  ( V3 )
Bounds : ( 44.460, 30.348 ) ( 44.532, 30.444 )


VIAENCLOSURE: ( Enclosure ) Regular Wire of Net mul_17_30_n_1593  ( V5 )
Bounds : ( 44.448, 30.320 ) ( 44.544, 30.448 )


EndOfLine: ( EndOfLine Spacing ) Regular Wire of Net FE_OFN151_mul_17_30_n_495 & Regular Wire of Net mul_17_30_n_326  ( M2 )
Bounds : ( 42.500, 28.584 ) ( 42.604, 28.656 )


VIAENCLOSURE: ( Enclosure ) Regular Wire of Net mul_17_30_n_191  ( V3 )
Bounds : ( 45.324, 27.276 ) ( 45.396, 27.372 )


VIAENCLOSURE: ( Enclosure ) Regular Wire of Net mul_17_30_n_564  ( V3 )
Bounds : ( 44.892, 27.852 ) ( 44.964, 27.948 )


VIAENCLOSURE: ( Enclosure ) Regular Wire of Net FE_OFN147_mul_17_30_n_489  ( V3 )
Bounds : ( 45.756, 26.124 ) ( 45.828, 26.220 )


VIAENCLOSURE: ( Enclosure ) Regular Wire of Net mul_17_30_n_4  ( V3 )
Bounds : ( 46.188, 27.852 ) ( 46.260, 27.948 )


VIAENCLOSURE: ( Enclosure ) Regular Wire of Net mul_17_30_n_1403  ( V3 )
Bounds : ( 46.332, 25.548 ) ( 46.404, 25.644 )


VIAENCLOSURE: ( Enclosure ) Regular Wire of Net mul_17_30_n_191  ( V5 )
Bounds : ( 45.312, 27.152 ) ( 45.408, 27.280 )


VIAENCLOSURE: ( Enclosure ) Regular Wire of Net mul_17_30_n_4  ( V5 )
Bounds : ( 46.176, 27.728 ) ( 46.272, 27.856 )


EndOfLine: ( EndOfLine Keepout ) Regular Wire of Net mul_17_30_n_4 & Regular Wire of Net FE_OFN187_FE_DBTN5_mul_17_30_n_489  ( M4 )
Bounds : ( 46.096, 27.756 ) ( 46.100, 27.852 )


VIAENCLOSURE: ( Enclosure ) Regular Wire of Net FE_OFN150_mul_17_30_n_494  ( V3 )
Bounds : ( 42.588, 27.276 ) ( 42.660, 27.372 )


VIAENCLOSURE: ( Enclosure ) Regular Wire of Net FE_OFN187_FE_DBTN5_mul_17_30_n_489  ( V3 )
Bounds : ( 42.156, 25.548 ) ( 42.228, 25.644 )


VIAENCLOSURE: ( Enclosure ) Regular Wire of Net FE_OFN147_mul_17_30_n_489  ( V3 )
Bounds : ( 42.012, 26.124 ) ( 42.084, 26.220 )


VIAENCLOSURE: ( Enclosure ) Regular Wire of Net FE_OFN189_FE_DBTN2_mul_17_30_n_558  ( V3 )
Bounds : ( 41.868, 27.852 ) ( 41.940, 27.948 )


VIAENCLOSURE: ( Enclosure ) Regular Wire of Net mul_17_30_n_1468  ( V3 )
Bounds : ( 41.436, 27.276 ) ( 41.508, 27.372 )


VIAENCLOSURE: ( Enclosure ) Regular Wire of Net FE_OFN170_FE_DBTN24_mul_17_30_n_459  ( V3 )
Bounds : ( 43.452, 28.044 ) ( 43.524, 28.140 )


VIAENCLOSURE: ( Enclosure ) Regular Wire of Net mul_17_30_n_393  ( V3 )
Bounds : ( 47.052, 23.244 ) ( 47.124, 23.340 )


VIAENCLOSURE: ( Enclosure ) Regular Wire of Net FE_OFN123_mul_17_30_n_207  ( V3 )
Bounds : ( 47.484, 23.244 ) ( 47.556, 23.340 )


VIAENCLOSURE: ( Enclosure ) Regular Wire of Net mul_17_30_n_1468  ( V3 )
Bounds : ( 49.932, 24.396 ) ( 50.004, 24.492 )


VIAENCLOSURE: ( Enclosure ) Regular Wire of Net mul_17_30_n_393  ( V5 )
Bounds : ( 47.040, 23.120 ) ( 47.136, 23.248 )


VIAENCLOSURE: ( Enclosure ) Regular Wire of Net mul_17_30_n_1403  ( V5 )
Bounds : ( 47.904, 23.984 ) ( 48.000, 24.112 )


VIAENCLOSURE: ( Enclosure ) Regular Wire of Net mul_17_30_n_1468  ( V5 )
Bounds : ( 49.848, 24.560 ) ( 49.944, 24.688 )


VIAENCLOSURE: ( Enclosure ) Regular Wire of Net mul_17_30_n_1335  ( V3 )
Bounds : ( 47.052, 21.900 ) ( 47.124, 21.996 )


VIAENCLOSURE: ( Enclosure ) Regular Wire of Net mul_17_30_n_1335  ( V5 )
Bounds : ( 47.040, 22.256 ) ( 47.136, 22.384 )


VIAENCLOSURE: ( Enclosure ) Regular Wire of Net mul_17_30_n_1559  ( V3 )
Bounds : ( 41.868, 24.972 ) ( 41.940, 25.068 )


VIAENCLOSURE: ( Enclosure ) Regular Wire of Net n_3592  ( V3 )
Bounds : ( 42.732, 24.972 ) ( 42.804, 25.068 )


VIAENCLOSURE: ( Enclosure ) Regular Wire of Net FE_OFN64_iA_10  ( V3 )
Bounds : ( 43.740, 23.244 ) ( 43.812, 23.340 )


VIAENCLOSURE: ( Enclosure ) Regular Wire of Net n_3620  ( V3 )
Bounds : ( 44.892, 24.588 ) ( 44.964, 24.684 )


VIAENCLOSURE: ( Enclosure ) Regular Wire of Net iA[11]  ( V3 )
Bounds : ( 44.892, 24.972 ) ( 44.964, 25.068 )


VIAENCLOSURE: ( Enclosure ) Regular Wire of Net FE_OFN138_mul_17_30_n_459  ( V3 )
Bounds : ( 46.044, 23.436 ) ( 46.116, 23.532 )


VIAENCLOSURE: ( Enclosure ) Regular Wire of Net mul_17_30_n_564  ( V3 )
Bounds : ( 46.188, 24.588 ) ( 46.260, 24.684 )


VIAENCLOSURE: ( Enclosure ) Regular Wire of Net n_3620  ( V5 )
Bounds : ( 44.880, 24.560 ) ( 44.976, 24.688 )


VIAENCLOSURE: ( Enclosure ) Regular Wire of Net FE_OFN138_mul_17_30_n_459  ( V5 )
Bounds : ( 45.960, 23.408 ) ( 46.056, 23.536 )


VIAENCLOSURE: ( Enclosure ) Regular Wire of Net n_3408  ( V3 )
Bounds : ( 46.188, 20.556 ) ( 46.260, 20.652 )


VIAENCLOSURE: ( Enclosure ) Regular Wire of Net mul_17_30_n_1336  ( V3 )
Bounds : ( 46.188, 22.284 ) ( 46.260, 22.380 )


VIAENCLOSURE: ( Enclosure ) Regular Wire of Net n_3408  ( V5 )
Bounds : ( 46.176, 20.816 ) ( 46.272, 20.944 )


VIAENCLOSURE: ( Enclosure ) Regular Wire of Net mul_17_30_n_1336  ( V5 )
Bounds : ( 46.176, 22.256 ) ( 46.272, 22.384 )


VIAENCLOSURE: ( Enclosure ) Regular Wire of Net FE_DBTN24_mul_17_30_n_459  ( V3 )
Bounds : ( 43.596, 20.940 ) ( 43.668, 21.036 )


VIAENCLOSURE: ( Enclosure ) Regular Wire of Net mul_17_30_n_1263  ( V3 )
Bounds : ( 43.308, 20.940 ) ( 43.380, 21.036 )


VIAENCLOSURE: ( Enclosure ) Regular Wire of Net mul_17_30_n_1268  ( V3 )
Bounds : ( 43.164, 21.708 ) ( 43.236, 21.804 )


VIAENCLOSURE: ( Enclosure ) Regular Wire of Net FE_OFN150_mul_17_30_n_494  ( V3 )
Bounds : ( 43.164, 20.556 ) ( 43.236, 20.652 )


VIAENCLOSURE: ( Enclosure ) Regular Wire of Net FE_OFN67_iA_7  ( V3 )
Bounds : ( 42.876, 20.364 ) ( 42.948, 20.460 )


VIAENCLOSURE: ( Enclosure ) Regular Wire of Net FE_OFN65_iA_9  ( V3 )
Bounds : ( 42.732, 22.476 ) ( 42.804, 22.572 )


VIAENCLOSURE: ( Enclosure ) Regular Wire of Net FE_OFN151_mul_17_30_n_495  ( V3 )
Bounds : ( 42.300, 20.748 ) ( 42.372, 20.844 )


VIAENCLOSURE: ( Enclosure ) Regular Wire of Net mul_17_30_n_759  ( V3 )
Bounds : ( 41.436, 21.900 ) ( 41.508, 21.996 )


VIAENCLOSURE: ( Enclosure ) Regular Wire of Net mul_17_30_n_1268  ( V5 )
Bounds : ( 43.152, 21.392 ) ( 43.248, 21.520 )


EndOfLine: ( EndOfLine Keepout ) Regular Wire of Net mul_17_30_n_1263 & Regular Wire of Net FE_DBTN24_mul_17_30_n_459  ( M4 )
Bounds : ( 43.424, 20.940 ) ( 43.552, 21.036 )


EndOfLine: ( EndOfLine Spacing ) Regular Wire of Net mul_17_30_n_1263 & Regular Wire of Net FE_DBTN24_mul_17_30_n_459  ( M4 )
Bounds : ( 43.424, 20.940 ) ( 43.552, 21.036 )


VIAENCLOSURE: ( Enclosure ) Regular Wire of Net iA[10]  ( V5 )
Bounds : ( 47.904, 25.424 ) ( 48.000, 25.552 )


VIAENCLOSURE: ( Enclosure ) Regular Wire of Net iA[9]  ( V3 )
Bounds : ( 49.068, 18.828 ) ( 49.140, 18.924 )


VIAENCLOSURE: ( Enclosure ) Regular Wire of Net FE_DBTN4_mul_17_30_n_491  ( V3 )
Bounds : ( 49.644, 19.980 ) ( 49.716, 20.076 )


VIAENCLOSURE: ( Enclosure ) Regular Wire of Net mul_17_30_n_210  ( V5 )
Bounds : ( 47.040, 19.376 ) ( 47.136, 19.504 )


VIAENCLOSURE: ( Enclosure ) Regular Wire of Net n_3612  ( V5 )
Bounds : ( 48.768, 18.224 ) ( 48.864, 18.352 )


VIAENCLOSURE: ( Enclosure ) Regular Wire of Net n_3427  ( V5 )
Bounds : ( 49.632, 18.224 ) ( 49.728, 18.352 )


VIAENCLOSURE: ( Enclosure ) Regular Wire of Net iA[9]  ( V5 )
Bounds : ( 49.632, 19.376 ) ( 49.728, 19.504 )


VIAENCLOSURE: ( Enclosure ) Regular Wire of Net mul_17_30_n_252  ( V3 )
Bounds : ( 47.916, 16.332 ) ( 47.988, 16.428 )


VIAENCLOSURE: ( Enclosure ) Regular Wire of Net mul_17_30_n_1203  ( V3 )
Bounds : ( 49.644, 16.332 ) ( 49.716, 16.428 )


VIAENCLOSURE: ( Enclosure ) Regular Wire of Net mul_17_30_n_252  ( V5 )
Bounds : ( 47.904, 16.208 ) ( 48.000, 16.336 )


VIAENCLOSURE: ( Enclosure ) Regular Wire of Net FE_OFN67_iA_7  ( V5 )
Bounds : ( 44.448, 18.800 ) ( 44.544, 18.928 )


VIAENCLOSURE: ( Enclosure ) Regular Wire of Net mul_17_30_n_1138  ( V5 )
Bounds : ( 44.448, 17.936 ) ( 44.544, 18.064 )


VIAENCLOSURE: ( Enclosure ) Regular Wire of Net mul_17_30_n_1204  ( V3 )
Bounds : ( 46.188, 19.212 ) ( 46.260, 19.308 )


VIAENCLOSURE: ( Enclosure ) Regular Wire of Net n_3427  ( V3 )
Bounds : ( 45.756, 18.444 ) ( 45.828, 18.540 )


VIAENCLOSURE: ( Enclosure ) Regular Wire of Net mul_17_30_n_1539  ( V3 )
Bounds : ( 44.892, 18.636 ) ( 44.964, 18.732 )


VIAENCLOSURE: ( Enclosure ) Regular Wire of Net FE_OFN187_FE_DBTN5_mul_17_30_n_489  ( V3 )
Bounds : ( 44.028, 19.596 ) ( 44.100, 19.692 )


VIAENCLOSURE: ( Enclosure ) Regular Wire of Net mul_17_30_n_1539  ( V5 )
Bounds : ( 44.880, 18.800 ) ( 44.976, 18.928 )


VIAENCLOSURE: ( Enclosure ) Regular Wire of Net mul_17_30_n_1204  ( V5 )
Bounds : ( 46.176, 19.088 ) ( 46.272, 19.216 )


VIAENCLOSURE: ( Enclosure ) Regular Wire of Net mul_17_30_n_786  ( V3 )
Bounds : ( 43.596, 20.172 ) ( 43.668, 20.268 )


VIAENCLOSURE: ( Enclosure ) Regular Wire of Net FE_OFN189_FE_DBTN2_mul_17_30_n_558  ( V3 )
Bounds : ( 42.444, 19.980 ) ( 42.516, 20.076 )


VIAENCLOSURE: ( Enclosure ) Regular Wire of Net mul_17_30_n_1203  ( V3 )
Bounds : ( 42.300, 19.212 ) ( 42.372, 19.308 )


VIAENCLOSURE: ( Enclosure ) Regular Wire of Net n_3431  ( V3 )
Bounds : ( 46.044, 16.332 ) ( 46.116, 16.428 )


VIAENCLOSURE: ( Enclosure ) Regular Wire of Net iA[9]  ( V3 )
Bounds : ( 45.612, 16.908 ) ( 45.684, 17.004 )


VIAENCLOSURE: ( Enclosure ) Regular Wire of Net n_3439  ( V3 )
Bounds : ( 44.460, 16.908 ) ( 44.532, 17.004 )


VIAENCLOSURE: ( Enclosure ) Regular Wire of Net mul_17_30_n_257  ( V3 )
Bounds : ( 44.460, 16.332 ) ( 44.532, 16.428 )


VIAENCLOSURE: ( Enclosure ) Regular Wire of Net mul_17_30_n_1  ( V3 )
Bounds : ( 44.028, 16.908 ) ( 44.100, 17.004 )


VIAENCLOSURE: ( Enclosure ) Regular Wire of Net mul_17_30_n_257  ( V5 )
Bounds : ( 44.448, 16.208 ) ( 44.544, 16.336 )


VIAENCLOSURE: ( Enclosure ) Regular Wire of Net n_3431  ( V5 )
Bounds : ( 46.176, 16.208 ) ( 46.272, 16.336 )


VIAENCLOSURE: ( Enclosure ) Regular Wire of Net FE_OFN150_mul_17_30_n_494  ( V3 )
Bounds : ( 41.868, 16.524 ) ( 41.940, 16.620 )


VIAENCLOSURE: ( Enclosure ) Regular Wire of Net mul_17_30_n_564  ( V3 )
Bounds : ( 41.580, 15.180 ) ( 41.652, 15.276 )


VIAENCLOSURE: ( Enclosure ) Regular Wire of Net mul_17_30_n_753  ( V3 )
Bounds : ( 41.436, 16.908 ) ( 41.508, 17.004 )


VIAENCLOSURE: ( Enclosure ) Regular Wire of Net iA[10]  ( V3 )
Bounds : ( 47.052, 14.604 ) ( 47.124, 14.700 )


VIAENCLOSURE: ( Enclosure ) Regular Wire of Net mul_17_30_n_1003  ( V3 )
Bounds : ( 49.500, 12.876 ) ( 49.572, 12.972 )


VIAENCLOSURE: ( Enclosure ) Regular Wire of Net iA[5]  ( V3 )
Bounds : ( 49.644, 14.604 ) ( 49.716, 14.700 )


VIAENCLOSURE: ( Enclosure ) Regular Wire of Net mul_17_30_n_1003  ( V5 )
Bounds : ( 47.904, 12.752 ) ( 48.000, 12.880 )


EndOfLine: ( EndOfLine Keepout ) Regular Wire of Net iA[5] & Regular Wire of Net mul_17_30_n_1003  ( M4 )
Bounds : ( 49.588, 12.780 ) ( 49.616, 12.876 )


VIAENCLOSURE: ( Enclosure ) Regular Wire of Net mul_17_30_n_200  ( V3 )
Bounds : ( 47.484, 9.996 ) ( 47.556, 10.092 )


VIAENCLOSURE: ( Enclosure ) Regular Wire of Net mul_17_30_n_1050  ( V3 )
Bounds : ( 48.348, 12.300 ) ( 48.420, 12.396 )


VIAENCLOSURE: ( Enclosure ) Regular Wire of Net mul_17_30_n_1050  ( V3 )
Bounds : ( 48.492, 10.572 ) ( 48.564, 10.668 )


VIAENCLOSURE: ( Enclosure ) Regular Wire of Net iA[4]  ( V3 )
Bounds : ( 49.212, 9.996 ) ( 49.284, 10.092 )


VIAENCLOSURE: ( Enclosure ) Regular Wire of Net iA[10]  ( V5 )
Bounds : ( 49.632, 11.888 ) ( 49.728, 12.016 )


VIAENCLOSURE: ( Enclosure ) Regular Wire of Net FE_OFN100_FE_DBTN40_iA_6  ( V3 )
Bounds : ( 42.588, 14.604 ) ( 42.660, 14.700 )


VIAENCLOSURE: ( Enclosure ) Regular Wire of Net mul_17_30_n_1084  ( V3 )
Bounds : ( 43.308, 14.604 ) ( 43.380, 14.700 )


VIAENCLOSURE: ( Enclosure ) Regular Wire of Net iA[5]  ( V3 )
Bounds : ( 43.596, 13.452 ) ( 43.668, 13.548 )


VIAENCLOSURE: ( Enclosure ) Regular Wire of Net FE_OFN99_FE_DBTN41_iA_7  ( V3 )
Bounds : ( 43.740, 14.796 ) ( 43.812, 14.892 )


VIAENCLOSURE: ( Enclosure ) Regular Wire of Net mul_17_30_n_210  ( V3 )
Bounds : ( 45.612, 14.604 ) ( 45.684, 14.700 )


VIAENCLOSURE: ( Enclosure ) Regular Wire of Net iA[4]  ( V3 )
Bounds : ( 46.188, 14.604 ) ( 46.260, 14.700 )


VIAENCLOSURE: ( Enclosure ) Regular Wire of Net FE_OFN99_FE_DBTN41_iA_7  ( V5 )
Bounds : ( 43.800, 14.480 ) ( 43.896, 14.608 )


EndOfLine: ( EndOfLine Keepout ) Regular Wire of Net FE_OFN101_FE_DBTN39_iA_5 & Regular Wire of Net mul_17_30_n_1084  ( M4 )
Bounds : ( 43.252, 14.508 ) ( 43.508, 14.604 )


VIAENCLOSURE: ( Enclosure ) Regular Wire of Net FE_OFN101_FE_DBTN39_iA_5  ( V3 )
Bounds : ( 44.028, 10.764 ) ( 44.100, 10.860 )


VIAENCLOSURE: ( Enclosure ) Regular Wire of Net FE_OFN103_FE_DBTN37_iA_3  ( V3 )
Bounds : ( 44.028, 11.148 ) ( 44.100, 11.244 )


VIAENCLOSURE: ( Enclosure ) Regular Wire of Net FE_OFN138_mul_17_30_n_459  ( V3 )
Bounds : ( 44.460, 9.996 ) ( 44.532, 10.092 )


VIAENCLOSURE: ( Enclosure ) Regular Wire of Net n_3433  ( V3 )
Bounds : ( 45.324, 11.532 ) ( 45.396, 11.628 )


VIAENCLOSURE: ( Enclosure ) Regular Wire of Net FE_OFN102_FE_DBTN38_iA_4  ( V3 )
Bounds : ( 46.188, 10.188 ) ( 46.260, 10.284 )


VIAENCLOSURE: ( Enclosure ) Regular Wire of Net n_3441  ( V3 )
Bounds : ( 46.332, 10.956 ) ( 46.404, 11.052 )


VIAENCLOSURE: ( Enclosure ) Regular Wire of Net FE_OFN150_mul_17_30_n_494  ( V3 )
Bounds : ( 46.476, 10.572 ) ( 46.548, 10.668 )


VIAENCLOSURE: ( Enclosure ) Regular Wire of Net mul_17_30_n_0  ( V3 )
Bounds : ( 43.020, 10.572 ) ( 43.092, 10.668 )


VIAENCLOSURE: ( Enclosure ) Regular Wire of Net iA[3]  ( V3 )
Bounds : ( 42.732, 9.996 ) ( 42.804, 10.092 )


VIAENCLOSURE: ( Enclosure ) Regular Wire of Net n_3434  ( V3 )
Bounds : ( 42.300, 11.916 ) ( 42.372, 12.012 )


VIAENCLOSURE: ( Enclosure ) Regular Wire of Net FE_OFN70_iA_4  ( V3 )
Bounds : ( 42.156, 11.340 ) ( 42.228, 11.436 )


VIAENCLOSURE: ( Enclosure ) Regular Wire of Net FE_OFN102_FE_DBTN38_iA_4  ( V3 )
Bounds : ( 41.580, 12.300 ) ( 41.652, 12.396 )


VIAENCLOSURE: ( Enclosure ) Regular Wire of Net n_3434  ( V5 )
Bounds : ( 42.288, 12.176 ) ( 42.384, 12.304 )


VIAENCLOSURE: ( Enclosure ) Regular Wire of Net mul_17_30_n_1189  ( V3 )
Bounds : ( 46.044, 12.492 ) ( 46.116, 12.588 )


VIAENCLOSURE: ( Enclosure ) Regular Wire of Net mul_17_30_n_1189  ( V5 )
Bounds : ( 46.176, 12.464 ) ( 46.272, 12.592 )


VIAENCLOSURE: ( Enclosure ) Regular Wire of Net FE_OFN103_FE_DBTN37_iA_3  ( V3 )
Bounds : ( 49.212, 8.268 ) ( 49.284, 8.364 )


VIAENCLOSURE: ( Enclosure ) Regular Wire of Net mul_17_30_n_1090  ( V3 )
Bounds : ( 48.780, 7.692 ) ( 48.852, 7.788 )


VIAENCLOSURE: ( Enclosure ) Regular Wire of Net FE_OFN120_mul_17_30_n_80  ( V3 )
Bounds : ( 47.196, 9.036 ) ( 47.268, 9.132 )


VIAENCLOSURE: ( Enclosure ) Regular Wire of Net mul_17_30_n_186  ( V3 )
Bounds : ( 48.780, 5.580 ) ( 48.852, 5.676 )


VIAENCLOSURE: ( Enclosure ) Regular Wire of Net mul_17_30_n_1090  ( V3 )
Bounds : ( 49.788, 7.308 ) ( 49.860, 7.404 )


VIAENCLOSURE: ( Enclosure ) Regular Wire of Net FE_OFN136_mul_17_30_n_454  ( V3 )
Bounds : ( 41.436, 6.156 ) ( 41.508, 6.252 )


VIAENCLOSURE: ( Enclosure ) Regular Wire of Net mul_17_30_n_186  ( V3 )
Bounds : ( 41.436, 7.884 ) ( 41.508, 7.980 )


VIAENCLOSURE: ( Enclosure ) Regular Wire of Net mul_17_30_n_186  ( V5 )
Bounds : ( 41.424, 7.856 ) ( 41.520, 7.984 )


VIAENCLOSURE: ( Enclosure ) Regular Wire of Net mul_17_30_n_753  ( V3 )
Bounds : ( 43.884, 9.804 ) ( 43.956, 9.900 )


VIAENCLOSURE: ( Enclosure ) Regular Wire of Net mul_17_30_n_564  ( V3 )
Bounds : ( 44.316, 8.268 ) ( 44.388, 8.364 )


VIAENCLOSURE: ( Enclosure ) Regular Wire of Net iA[3]  ( V3 )
Bounds : ( 44.892, 5.964 ) ( 44.964, 6.060 )


VIAENCLOSURE: ( Enclosure ) Regular Wire of Net mul_17_30_n_935  ( V3 )
Bounds : ( 45.468, 7.692 ) ( 45.540, 7.788 )


VIAENCLOSURE: ( Enclosure ) Regular Wire of Net FE_DBTN12_mul_17_30_n_454  ( V3 )
Bounds : ( 46.188, 5.964 ) ( 46.260, 6.060 )


VIAENCLOSURE: ( Enclosure ) Regular Wire of Net FE_OFN138_mul_17_30_n_459  ( V5 )
Bounds : ( 44.448, 9.584 ) ( 44.544, 9.712 )


VIAENCLOSURE: ( Enclosure ) Regular Wire of Net mul_17_30_n_935  ( V5 )
Bounds : ( 45.312, 9.008 ) ( 45.408, 9.136 )


VIAENCLOSURE: ( Enclosure ) Regular Wire of Net mul_17_30_n_934  ( V3 )
Bounds : ( 43.596, 3.660 ) ( 43.668, 3.756 )


VIAENCLOSURE: ( Enclosure ) Regular Wire of Net n_3440  ( V3 )
Bounds : ( 45.756, 3.660 ) ( 45.828, 3.756 )


VIAENCLOSURE: ( Enclosure ) Regular Wire of Net n_3440  ( V5 )
Bounds : ( 46.176, 2.672 ) ( 46.272, 2.800 )


VIAENCLOSURE: ( Enclosure ) Regular Wire of Net FE_DBTN4_mul_17_30_n_491  ( V5 )
Bounds : ( 49.632, 20.240 ) ( 49.728, 20.368 )


VIAENCLOSURE: ( Enclosure ) Regular Wire of Net FE_OFN140_mul_17_30_n_463  ( V3 )
Bounds : ( 37.980, 38.796 ) ( 38.052, 38.892 )


VIAENCLOSURE: ( Enclosure ) Regular Wire of Net mul_17_30_n_1838  ( V3 )
Bounds : ( 38.700, 38.796 ) ( 38.772, 38.892 )


VIAENCLOSURE: ( Enclosure ) Regular Wire of Net mul_17_30_n_8  ( V5 )
Bounds : ( 40.128, 40.112 ) ( 40.224, 40.240 )


SHORT: ( Metal Short ) Special Wire of Net VDD & Special Wire of Net VSS  ( M4 )
Bounds : ( 36.720, 39.336 ) ( 37.152, 39.504 )


SHORT: ( Metal Short ) Special Wire of Net VSS & Special Wire of Net VDD  ( M4 )
Bounds : ( 36.720, 40.416 ) ( 37.152, 40.584 )


VIAENCLOSURE: ( Enclosure ) Regular Wire of Net mul_17_30_n_7  ( V3 )
Bounds : ( 38.988, 37.644 ) ( 39.060, 37.740 )


VIAENCLOSURE: ( Enclosure ) Regular Wire of Net mul_17_30_n_558  ( V3 )
Bounds : ( 39.420, 38.220 ) ( 39.492, 38.316 )


VIAENCLOSURE: ( Enclosure ) Regular Wire of Net iA[16]  ( V3 )
Bounds : ( 40.140, 36.492 ) ( 40.212, 36.588 )


VIAENCLOSURE: ( Enclosure ) Regular Wire of Net mul_17_30_n_2071  ( V3 )
Bounds : ( 41.148, 38.220 ) ( 41.220, 38.316 )


VIAENCLOSURE: ( Enclosure ) Regular Wire of Net mul_17_30_n_1701  ( V5 )
Bounds : ( 39.264, 36.080 ) ( 39.360, 36.208 )


VIAENCLOSURE: ( Enclosure ) Regular Wire of Net iA[16]  ( V5 )
Bounds : ( 40.128, 36.368 ) ( 40.224, 36.496 )


EndOfLine: ( EndOfLine Keepout ) Regular Wire of Net mul_17_30_n_680 & Regular Wire of Net mul_17_30_n_7  ( M2 )
Bounds : ( 38.216, 37.152 ) ( 38.320, 37.224 )


SHORT: ( Metal Short ) Special Wire of Net VSS & Special Wire of Net VDD  ( M4 )
Bounds : ( 36.720, 38.256 ) ( 37.152, 38.424 )


EndOfLine: ( EndOfLine Spacing ) Regular Wire of Net mul_17_30_n_680 & Regular Wire of Net mul_17_30_n_253  ( M2 )
Bounds : ( 38.216, 37.152 ) ( 38.320, 37.224 )


VIAENCLOSURE: ( Enclosure ) Regular Wire of Net mul_17_30_n_64  ( V3 )
Bounds : ( 31.068, 39.372 ) ( 31.140, 39.468 )


VIAENCLOSURE: ( Enclosure ) Regular Wire of Net iB[11]  ( V3 )
Bounds : ( 32.364, 40.908 ) ( 32.436, 41.004 )


VIAENCLOSURE: ( Enclosure ) Regular Wire of Net mul_17_30_n_1838  ( V3 )
Bounds : ( 32.508, 39.564 ) ( 32.580, 39.660 )


VIAENCLOSURE: ( Enclosure ) Regular Wire of Net mul_17_30_n_2073  ( V3 )
Bounds : ( 33.660, 40.524 ) ( 33.732, 40.620 )


VIAENCLOSURE: ( Enclosure ) Regular Wire of Net iA[18]  ( V3 )
Bounds : ( 34.812, 40.524 ) ( 34.884, 40.620 )


VIAENCLOSURE: ( Enclosure ) Regular Wire of Net iA[19]  ( V5 )
Bounds : ( 31.920, 40.112 ) ( 32.016, 40.240 )


VIAENCLOSURE: ( Enclosure ) Regular Wire of Net iA[18]  ( V5 )
Bounds : ( 34.944, 39.536 ) ( 35.040, 39.664 )


VIAENCLOSURE: ( Enclosure ) Regular Wire of Net mul_17_30_n_1961  ( V3 )
Bounds : ( 31.644, 35.916 ) ( 31.716, 36.012 )


VIAENCLOSURE: ( Enclosure ) Regular Wire of Net mul_17_30_n_2042  ( V3 )
Bounds : ( 32.364, 38.220 ) ( 32.436, 38.316 )


VIAENCLOSURE: ( Enclosure ) Regular Wire of Net mul_17_30_n_1994  ( V3 )
Bounds : ( 33.228, 38.220 ) ( 33.300, 38.316 )


VIAENCLOSURE: ( Enclosure ) Regular Wire of Net mul_17_30_n_1921  ( V3 )
Bounds : ( 33.372, 36.492 ) ( 33.444, 36.588 )


VIAENCLOSURE: ( Enclosure ) Regular Wire of Net mul_17_30_n_1772  ( V3 )
Bounds : ( 34.524, 36.300 ) ( 34.596, 36.396 )


VIAENCLOSURE: ( Enclosure ) Regular Wire of Net iA[17]  ( V3 )
Bounds : ( 35.388, 38.220 ) ( 35.460, 38.316 )


VIAENCLOSURE: ( Enclosure ) Regular Wire of Net iA[17]  ( V5 )
Bounds : ( 35.376, 38.096 ) ( 35.472, 38.224 )


VIAENCLOSURE: ( Enclosure ) Regular Wire of Net mul_17_30_n_1994  ( V5 )
Bounds : ( 33.216, 38.384 ) ( 33.312, 38.512 )


VIAENCLOSURE: ( Enclosure ) Regular Wire of Net FE_OFN140_mul_17_30_n_463  ( V3 )
Bounds : ( 38.412, 33.996 ) ( 38.484, 34.092 )


VIAENCLOSURE: ( Enclosure ) Regular Wire of Net FE_OFN136_mul_17_30_n_454  ( V3 )
Bounds : ( 38.700, 35.532 ) ( 38.772, 35.628 )


VIAENCLOSURE: ( Enclosure ) Regular Wire of Net mul_17_30_n_1701  ( V3 )
Bounds : ( 40.140, 34.764 ) ( 40.212, 34.860 )


VIAENCLOSURE: ( Enclosure ) Regular Wire of Net n_3372  ( V3 )
Bounds : ( 40.716, 35.532 ) ( 40.788, 35.628 )


SHORT: ( Metal Short ) Special Wire of Net VDD & Special Wire of Net VSS  ( M4 )
Bounds : ( 36.720, 35.016 ) ( 37.152, 35.184 )


VIAENCLOSURE: ( Enclosure ) Regular Wire of Net FE_OFN109_FE_DBTN33_iB_14  ( V3 )
Bounds : ( 38.988, 31.884 ) ( 39.060, 31.980 )


VIAENCLOSURE: ( Enclosure ) Regular Wire of Net FE_OFN166_FE_DBTN28_mul_17_30_n_495  ( V3 )
Bounds : ( 39.708, 32.652 ) ( 39.780, 32.748 )


VIAENCLOSURE: ( Enclosure ) Regular Wire of Net mul_17_30_n_1919  ( V3 )
Bounds : ( 40.140, 30.924 ) ( 40.212, 31.020 )


VIAENCLOSURE: ( Enclosure ) Regular Wire of Net mul_17_30_n_1699  ( V3 )
Bounds : ( 40.716, 31.500 ) ( 40.788, 31.596 )


VIAENCLOSURE: ( Enclosure ) Regular Wire of Net mul_17_30_n_1919  ( V5 )
Bounds : ( 40.128, 30.896 ) ( 40.224, 31.024 )


EndOfLine: ( EndOfLine Keepout ) Regular Wire of Net mul_17_30_n_1608 & Regular Wire of Net FE_OFN109_FE_DBTN33_iB_14  ( M4 )
Bounds : ( 38.932, 31.788 ) ( 39.188, 31.884 )


VIAENCLOSURE: ( Enclosure ) Regular Wire of Net FE_DBTN1_mul_17_30_n_465  ( V3 )
Bounds : ( 36.252, 31.308 ) ( 36.324, 31.404 )


VIAENCLOSURE: ( Enclosure ) Regular Wire of Net mul_17_30_n_60  ( V3 )
Bounds : ( 37.692, 32.268 ) ( 37.764, 32.364 )


VIAENCLOSURE: ( Enclosure ) Regular Wire of Net FE_OFN136_mul_17_30_n_454  ( V3 )
Bounds : ( 38.124, 30.924 ) ( 38.196, 31.020 )


VIAENCLOSURE: ( Enclosure ) Regular Wire of Net mul_17_30_n_1699  ( V3 )
Bounds : ( 38.124, 31.884 ) ( 38.196, 31.980 )


EndOfLine: ( EndOfLine Keepout ) Regular Wire of Net mul_17_30_n_1608 & Regular Wire of Net mul_17_30_n_1699  ( M4 )
Bounds : ( 38.356, 31.788 ) ( 38.360, 31.884 )


SHORT: ( Metal Short ) Special Wire of Net VDD & Special Wire of Net VSS  ( M4 )
Bounds : ( 36.720, 30.696 ) ( 37.152, 30.864 )


SHORT: ( Metal Short ) Special Wire of Net VSS & Special Wire of Net VDD  ( M4 )
Bounds : ( 36.720, 31.776 ) ( 37.152, 31.944 )


VIAENCLOSURE: ( Enclosure ) Regular Wire of Net mul_17_30_n_1645  ( V3 )
Bounds : ( 31.932, 34.188 ) ( 32.004, 34.284 )


VIAENCLOSURE: ( Enclosure ) Regular Wire of Net mul_17_30_n_127  ( V3 )
Bounds : ( 32.364, 35.724 ) ( 32.436, 35.820 )


VIAENCLOSURE: ( Enclosure ) Regular Wire of Net n_3408  ( V3 )
Bounds : ( 33.660, 33.612 ) ( 33.732, 33.708 )


VIAENCLOSURE: ( Enclosure ) Regular Wire of Net n_3400  ( V3 )
Bounds : ( 34.092, 34.188 ) ( 34.164, 34.284 )


VIAENCLOSURE: ( Enclosure ) Regular Wire of Net mul_17_30_n_1657  ( V3 )
Bounds : ( 34.524, 33.804 ) ( 34.596, 33.900 )


VIAENCLOSURE: ( Enclosure ) Regular Wire of Net mul_17_30_n_1772  ( V3 )
Bounds : ( 34.812, 34.188 ) ( 34.884, 34.284 )


VIAENCLOSURE: ( Enclosure ) Regular Wire of Net mul_17_30_n_1645  ( V5 )
Bounds : ( 32.136, 33.488 ) ( 32.232, 33.616 )


VIAENCLOSURE: ( Enclosure ) Regular Wire of Net n_3408  ( V5 )
Bounds : ( 33.648, 33.488 ) ( 33.744, 33.616 )


VIAENCLOSURE: ( Enclosure ) Regular Wire of Net n_3400  ( V5 )
Bounds : ( 34.080, 34.352 ) ( 34.176, 34.480 )


VIAENCLOSURE: ( Enclosure ) Regular Wire of Net mul_17_30_n_235  ( V3 )
Bounds : ( 31.500, 31.308 ) ( 31.572, 31.404 )


VIAENCLOSURE: ( Enclosure ) Regular Wire of Net FE_OFN61_iA_13  ( V3 )
Bounds : ( 33.948, 30.732 ) ( 34.020, 30.828 )


VIAENCLOSURE: ( Enclosure ) Regular Wire of Net n_3609  ( V3 )
Bounds : ( 34.092, 31.884 ) ( 34.164, 31.980 )


VIAENCLOSURE: ( Enclosure ) Regular Wire of Net mul_17_30_n_1608  ( V3 )
Bounds : ( 35.820, 31.884 ) ( 35.892, 31.980 )


VIAENCLOSURE: ( Enclosure ) Regular Wire of Net n_3412  ( V5 )
Bounds : ( 33.216, 31.760 ) ( 33.312, 31.888 )


VIAENCLOSURE: ( Enclosure ) Regular Wire of Net n_3609  ( V5 )
Bounds : ( 34.080, 31.760 ) ( 34.176, 31.888 )


VIAENCLOSURE: ( Enclosure ) Regular Wire of Net n_3372  ( V5 )
Bounds : ( 40.560, 35.792 ) ( 40.656, 35.920 )


VIAENCLOSURE: ( Enclosure ) Regular Wire of Net mul_17_30_n_1838  ( V3 )
Bounds : ( 26.172, 39.564 ) ( 26.244, 39.660 )


VIAENCLOSURE: ( Enclosure ) Regular Wire of Net mul_17_30_n_214  ( V3 )
Bounds : ( 29.340, 40.908 ) ( 29.412, 41.004 )


VIAENCLOSURE: ( Enclosure ) Regular Wire of Net mul_17_30_n_1766  ( V3 )
Bounds : ( 30.348, 39.372 ) ( 30.420, 39.468 )


VIAENCLOSURE: ( Enclosure ) Regular Wire of Net n_3374  ( V3 )
Bounds : ( 27.180, 37.260 ) ( 27.252, 37.356 )


VIAENCLOSURE: ( Enclosure ) Regular Wire of Net mul_17_30_n_1701  ( V3 )
Bounds : ( 27.180, 36.684 ) ( 27.252, 36.780 )


VIAENCLOSURE: ( Enclosure ) Regular Wire of Net FE_OFN113_FE_DBTN31_iB_8  ( V3 )
Bounds : ( 26.892, 35.916 ) ( 26.964, 36.012 )


VIAENCLOSURE: ( Enclosure ) Regular Wire of Net mul_17_30_n_250  ( V3 )
Bounds : ( 27.180, 38.220 ) ( 27.252, 38.316 )


VIAENCLOSURE: ( Enclosure ) Regular Wire of Net mul_17_30_n_187  ( V3 )
Bounds : ( 29.484, 37.068 ) ( 29.556, 37.164 )


VIAENCLOSURE: ( Enclosure ) Regular Wire of Net mul_17_30_n_256  ( V3 )
Bounds : ( 29.484, 38.220 ) ( 29.556, 38.316 )


VIAENCLOSURE: ( Enclosure ) Regular Wire of Net FE_DBTN14_mul_17_30_n_235  ( V3 )
Bounds : ( 30.204, 35.916 ) ( 30.276, 36.012 )


VIAENCLOSURE: ( Enclosure ) Regular Wire of Net mul_17_30_n_1701  ( V5 )
Bounds : ( 27.168, 36.656 ) ( 27.264, 36.784 )


VIAENCLOSURE: ( Enclosure ) Regular Wire of Net n_3374  ( V5 )
Bounds : ( 27.168, 37.520 ) ( 27.264, 37.648 )


VIAENCLOSURE: ( Enclosure ) Regular Wire of Net FE_OFN96_mul_17_30_n_370  ( V3 )
Bounds : ( 21.132, 39.180 ) ( 21.204, 39.276 )


VIAENCLOSURE: ( Enclosure ) Regular Wire of Net mul_17_30_n_8  ( V3 )
Bounds : ( 20.988, 39.756 ) ( 21.060, 39.852 )


VIAENCLOSURE: ( Enclosure ) Regular Wire of Net mul_17_30_n_1766  ( V3 )
Bounds : ( 20.844, 39.372 ) ( 20.916, 39.468 )


VIAENCLOSURE: ( Enclosure ) Regular Wire of Net mul_17_30_n_214  ( V3 )
Bounds : ( 21.996, 40.140 ) ( 22.068, 40.236 )


VIAENCLOSURE: ( Enclosure ) Regular Wire of Net mul_17_30_n_2110  ( V3 )
Bounds : ( 23.292, 40.332 ) ( 23.364, 40.428 )


VIAENCLOSURE: ( Enclosure ) Regular Wire of Net mul_17_30_n_64  ( V3 )
Bounds : ( 25.164, 38.988 ) ( 25.236, 39.084 )


VIAENCLOSURE: ( Enclosure ) Regular Wire of Net FE_OFN117_FE_DBTN29_iB_2  ( V3 )
Bounds : ( 21.996, 36.876 ) ( 22.068, 36.972 )


VIAENCLOSURE: ( Enclosure ) Regular Wire of Net mul_17_30_n_219  ( V3 )
Bounds : ( 21.132, 35.916 ) ( 21.204, 36.012 )


VIAENCLOSURE: ( Enclosure ) Regular Wire of Net FE_OFN152_mul_17_30_n_496  ( V3 )
Bounds : ( 23.148, 35.916 ) ( 23.220, 36.012 )


VIAENCLOSURE: ( Enclosure ) Regular Wire of Net iA[19]  ( V3 )
Bounds : ( 23.724, 38.220 ) ( 23.796, 38.316 )


VIAENCLOSURE: ( Enclosure ) Regular Wire of Net FE_DBTN14_mul_17_30_n_235  ( V3 )
Bounds : ( 25.020, 35.916 ) ( 25.092, 36.012 )


VIAENCLOSURE: ( Enclosure ) Regular Wire of Net mul_17_30_n_2069  ( V3 )
Bounds : ( 25.596, 36.684 ) ( 25.668, 36.780 )


VIAENCLOSURE: ( Enclosure ) Regular Wire of Net mul_17_30_n_187  ( V3 )
Bounds : ( 25.740, 37.068 ) ( 25.812, 37.164 )


EndOfLine: ( EndOfLine Spacing ) Regular Wire of Net FE_OFN117_FE_DBTN29_iB_2 & Regular Wire of Net iA[15]  ( M2 )
Bounds : ( 20.864, 36.144 ) ( 20.968, 36.216 )


VIAENCLOSURE: ( Enclosure ) Regular Wire of Net iA[19]  ( V5 )
Bounds : ( 23.712, 38.384 ) ( 23.808, 38.512 )


VIAENCLOSURE: ( Enclosure ) Regular Wire of Net mul_17_30_n_5  ( V5 )
Bounds : ( 30.624, 33.776 ) ( 30.720, 33.904 )


VIAENCLOSURE: ( Enclosure ) Regular Wire of Net FE_OFN113_FE_DBTN31_iB_8  ( V5 )
Bounds : ( 28.896, 35.504 ) ( 28.992, 35.632 )


VIAENCLOSURE: ( Enclosure ) Regular Wire of Net n_3597  ( V5 )
Bounds : ( 28.896, 34.640 ) ( 28.992, 34.768 )


VIAENCLOSURE: ( Enclosure ) Regular Wire of Net n_3389  ( V5 )
Bounds : ( 28.464, 34.064 ) ( 28.560, 34.192 )


VIAENCLOSURE: ( Enclosure ) Regular Wire of Net FE_OFN175_FE_DBTN18_mul_17_30_n_240  ( V3 )
Bounds : ( 30.780, 33.612 ) ( 30.852, 33.708 )


VIAENCLOSURE: ( Enclosure ) Regular Wire of Net mul_17_30_n_1993  ( V3 )
Bounds : ( 29.340, 35.148 ) ( 29.412, 35.244 )


VIAENCLOSURE: ( Enclosure ) Regular Wire of Net n_3412  ( V3 )
Bounds : ( 29.340, 34.188 ) ( 29.412, 34.284 )


VIAENCLOSURE: ( Enclosure ) Regular Wire of Net mul_17_30_n_1849  ( V3 )
Bounds : ( 29.340, 33.612 ) ( 29.412, 33.708 )


VIAENCLOSURE: ( Enclosure ) Regular Wire of Net n_3597  ( V3 )
Bounds : ( 28.908, 34.764 ) ( 28.980, 34.860 )


VIAENCLOSURE: ( Enclosure ) Regular Wire of Net n_3389  ( V3 )
Bounds : ( 28.476, 33.996 ) ( 28.548, 34.092 )


VIAENCLOSURE: ( Enclosure ) Regular Wire of Net mul_17_30_n_1855  ( V3 )
Bounds : ( 27.180, 31.884 ) ( 27.252, 31.980 )


VIAENCLOSURE: ( Enclosure ) Regular Wire of Net n_3412  ( V3 )
Bounds : ( 28.620, 31.884 ) ( 28.692, 31.980 )


VIAENCLOSURE: ( Enclosure ) Regular Wire of Net mul_17_30_n_225  ( V3 )
Bounds : ( 29.196, 31.884 ) ( 29.268, 31.980 )


VIAENCLOSURE: ( Enclosure ) Regular Wire of Net FE_OFN61_iA_13  ( V3 )
Bounds : ( 29.628, 31.116 ) ( 29.700, 31.212 )


VIAENCLOSURE: ( Enclosure ) Regular Wire of Net mul_17_30_n_256  ( V3 )
Bounds : ( 29.628, 31.884 ) ( 29.700, 31.980 )


VIAENCLOSURE: ( Enclosure ) Regular Wire of Net mul_17_30_n_1855  ( V5 )
Bounds : ( 27.168, 32.336 ) ( 27.264, 32.464 )


VIAENCLOSURE: ( Enclosure ) Regular Wire of Net FE_OFN175_FE_DBTN18_mul_17_30_n_240  ( V5 )
Bounds : ( 30.840, 31.760 ) ( 30.936, 31.888 )


VIAENCLOSURE: ( Enclosure ) Regular Wire of Net mul_17_30_n_5  ( V3 )
Bounds : ( 30.348, 33.228 ) ( 30.420, 33.324 )


VIAENCLOSURE: ( Enclosure ) Regular Wire of Net FE_OFN182_FE_DBTN11_mul_17_30_n_456  ( V3 )
Bounds : ( 22.428, 34.380 ) ( 22.500, 34.476 )


VIAENCLOSURE: ( Enclosure ) Regular Wire of Net FE_OFN116_FE_DBTN30_iB_5  ( V3 )
Bounds : ( 23.004, 33.612 ) ( 23.076, 33.708 )


VIAENCLOSURE: ( Enclosure ) Regular Wire of Net FE_DBTN17_mul_17_30_n_493  ( V3 )
Bounds : ( 23.148, 34.188 ) ( 23.220, 34.284 )


VIAENCLOSURE: ( Enclosure ) Regular Wire of Net n_3381  ( V3 )
Bounds : ( 23.724, 33.612 ) ( 23.796, 33.708 )


VIAENCLOSURE: ( Enclosure ) Regular Wire of Net mul_17_30_n_127  ( V3 )
Bounds : ( 24.588, 34.188 ) ( 24.660, 34.284 )


VIAENCLOSURE: ( Enclosure ) Regular Wire of Net FE_OFN116_FE_DBTN30_iB_5  ( V5 )
Bounds : ( 22.848, 33.488 ) ( 22.944, 33.616 )


VIAENCLOSURE: ( Enclosure ) Regular Wire of Net n_3381  ( V5 )
Bounds : ( 23.712, 33.776 ) ( 23.808, 33.904 )


VIAENCLOSURE: ( Enclosure ) Regular Wire of Net n_3394  ( V5 )
Bounds : ( 24.792, 35.216 ) ( 24.888, 35.344 )


VIAENCLOSURE: ( Enclosure ) Regular Wire of Net FE_OFN96_mul_17_30_n_370  ( V3 )
Bounds : ( 22.284, 31.116 ) ( 22.356, 31.212 )


VIAENCLOSURE: ( Enclosure ) Regular Wire of Net FE_DBTN17_mul_17_30_n_493  ( V3 )
Bounds : ( 23.580, 31.884 ) ( 23.652, 31.980 )


VIAENCLOSURE: ( Enclosure ) Regular Wire of Net FE_OFN96_mul_17_30_n_370  ( V3 )
Bounds : ( 24.156, 31.884 ) ( 24.228, 31.980 )


VIAENCLOSURE: ( Enclosure ) Regular Wire of Net FE_OFN117_FE_DBTN29_iB_2  ( V5 )
Bounds : ( 21.984, 31.184 ) ( 22.080, 31.312 )


VIAENCLOSURE: ( Enclosure ) Regular Wire of Net n_3394  ( V3 )
Bounds : ( 25.164, 33.228 ) ( 25.236, 33.324 )


VIAENCLOSURE: ( Enclosure ) Regular Wire of Net mul_17_30_n_219  ( V5 )
Bounds : ( 21.120, 35.792 ) ( 21.216, 35.920 )


VIAENCLOSURE: ( Enclosure ) Regular Wire of Net mul_17_30_n_1993  ( V5 )
Bounds : ( 23.712, 35.792 ) ( 23.808, 35.920 )


VIAENCLOSURE: ( Enclosure ) Regular Wire of Net FE_OFN151_mul_17_30_n_495  ( V3 )
Bounds : ( 41.292, 29.964 ) ( 41.364, 30.060 )


VIAENCLOSURE: ( Enclosure ) Regular Wire of Net mul_17_30_n_1608  ( V3 )
Bounds : ( 41.004, 29.004 ) ( 41.076, 29.100 )


VIAENCLOSURE: ( Enclosure ) Regular Wire of Net mul_17_30_n_326  ( V3 )
Bounds : ( 40.716, 29.580 ) ( 40.788, 29.676 )


VIAENCLOSURE: ( Enclosure ) Regular Wire of Net mul_17_30_n_1539  ( V3 )
Bounds : ( 40.140, 29.772 ) ( 40.212, 29.868 )


VIAENCLOSURE: ( Enclosure ) Regular Wire of Net FE_OFN166_FE_DBTN28_mul_17_30_n_495  ( V3 )
Bounds : ( 39.708, 28.428 ) ( 39.780, 28.524 )


VIAENCLOSURE: ( Enclosure ) Regular Wire of Net n_3592  ( V3 )
Bounds : ( 38.844, 28.236 ) ( 38.916, 28.332 )


VIAENCLOSURE: ( Enclosure ) Regular Wire of Net mul_17_30_n_1539  ( V5 )
Bounds : ( 40.128, 29.744 ) ( 40.224, 29.872 )


VIAENCLOSURE: ( Enclosure ) Regular Wire of Net FE_OFN109_FE_DBTN33_iB_14  ( V3 )
Bounds : ( 38.124, 29.388 ) ( 38.196, 29.484 )


VIAENCLOSURE: ( Enclosure ) Regular Wire of Net FE_OFN175_FE_DBTN18_mul_17_30_n_240  ( V3 )
Bounds : ( 36.252, 29.196 ) ( 36.324, 29.292 )


VIAENCLOSURE: ( Enclosure ) Regular Wire of Net mul_17_30_n_1535  ( V3 )
Bounds : ( 36.252, 28.428 ) ( 36.324, 28.524 )


VIAENCLOSURE: ( Enclosure ) Regular Wire of Net mul_17_30_n_326  ( V5 )
Bounds : ( 38.400, 29.744 ) ( 38.496, 29.872 )


EndOfLine: ( EndOfLine Keepout ) Regular Wire of Net mul_17_30_n_1535 & Special Wire of Net VSS  ( M4 )
Bounds : ( 36.532, 28.524 ) ( 36.720, 28.536 )


SHORT: ( Metal Short ) Special Wire of Net VSS & Special Wire of Net VDD  ( M4 )
Bounds : ( 36.720, 29.616 ) ( 37.152, 29.784 )


SPACING: ( ParallelRunLength Spacing ) Regular Wire of Net mul_17_30_n_1535 & Special Wire of Net VSS  ( M4 )
Bounds : ( 36.532, 28.524 ) ( 36.720, 28.536 )


VIAENCLOSURE: ( Enclosure ) Regular Wire of Net mul_17_30_n_1402  ( V3 )
Bounds : ( 36.252, 27.276 ) ( 36.324, 27.372 )


VIAENCLOSURE: ( Enclosure ) Regular Wire of Net mul_17_30_n_1592  ( V3 )
Bounds : ( 37.980, 27.276 ) ( 38.052, 27.372 )


VIAENCLOSURE: ( Enclosure ) Regular Wire of Net FE_OFN109_FE_DBTN33_iB_14  ( V3 )
Bounds : ( 38.556, 27.276 ) ( 38.628, 27.372 )


VIAENCLOSURE: ( Enclosure ) Regular Wire of Net mul_17_30_n_1467  ( V3 )
Bounds : ( 39.132, 27.852 ) ( 39.204, 27.948 )


VIAENCLOSURE: ( Enclosure ) Regular Wire of Net mul_17_30_n_1467  ( V5 )
Bounds : ( 37.968, 27.728 ) ( 38.064, 27.856 )


VIAENCLOSURE: ( Enclosure ) Regular Wire of Net FE_OFN109_FE_DBTN33_iB_14  ( V5 )
Bounds : ( 38.832, 27.152 ) ( 38.928, 27.280 )


SHORT: ( Metal Short ) Special Wire of Net VDD & Special Wire of Net VSS  ( M4 )
Bounds : ( 36.720, 26.376 ) ( 37.152, 26.544 )


VIAENCLOSURE: ( Enclosure ) Regular Wire of Net mul_17_30_n_1594  ( V3 )
Bounds : ( 31.068, 29.772 ) ( 31.140, 29.868 )


VIAENCLOSURE: ( Enclosure ) Regular Wire of Net FE_OFN90_iB_11  ( V3 )
Bounds : ( 31.932, 29.964 ) ( 32.004, 30.060 )


VIAENCLOSURE: ( Enclosure ) Regular Wire of Net mul_17_30_n_1593  ( V3 )
Bounds : ( 32.076, 30.540 ) ( 32.148, 30.636 )


VIAENCLOSURE: ( Enclosure ) Regular Wire of Net n_3620  ( V3 )
Bounds : ( 34.092, 28.236 ) ( 34.164, 28.332 )


VIAENCLOSURE: ( Enclosure ) Regular Wire of Net mul_17_30_n_69  ( V3 )
Bounds : ( 35.676, 29.580 ) ( 35.748, 29.676 )


VIAENCLOSURE: ( Enclosure ) Regular Wire of Net mul_17_30_n_4  ( V5 )
Bounds : ( 31.488, 28.880 ) ( 31.584, 29.008 )


VIAENCLOSURE: ( Enclosure ) Regular Wire of Net mul_17_30_n_326  ( V5 )
Bounds : ( 31.704, 30.032 ) ( 31.800, 30.160 )


VIAENCLOSURE: ( Enclosure ) Regular Wire of Net mul_17_30_n_1594  ( V5 )
Bounds : ( 34.728, 29.456 ) ( 34.824, 29.584 )


VIAENCLOSURE: ( Enclosure ) Regular Wire of Net mul_17_30_n_69  ( V5 )
Bounds : ( 35.808, 29.744 ) ( 35.904, 29.872 )


EndOfLine: ( EndOfLine Spacing ) Regular Wire of Net FE_OFN112_FE_DBTN32_iB_11 & Regular Wire of Net mul_17_30_n_797  ( M2 )
Bounds : ( 32.744, 30.456 ) ( 32.852, 30.528 )


VIAENCLOSURE: ( Enclosure ) Regular Wire of Net mul_17_30_n_1559  ( V3 )
Bounds : ( 34.380, 27.468 ) ( 34.452, 27.564 )


VIAENCLOSURE: ( Enclosure ) Regular Wire of Net mul_17_30_n_904  ( V3 )
Bounds : ( 34.092, 26.124 ) ( 34.164, 26.220 )


VIAENCLOSURE: ( Enclosure ) Regular Wire of Net mul_17_30_n_1657  ( V3 )
Bounds : ( 34.092, 25.548 ) ( 34.164, 25.644 )


VIAENCLOSURE: ( Enclosure ) Regular Wire of Net FE_DBTN1_mul_17_30_n_465  ( V3 )
Bounds : ( 34.956, 27.276 ) ( 35.028, 27.372 )


VIAENCLOSURE: ( Enclosure ) Regular Wire of Net mul_17_30_n_1557  ( V3 )
Bounds : ( 35.244, 27.852 ) ( 35.316, 27.948 )


VIAENCLOSURE: ( Enclosure ) Regular Wire of Net mul_17_30_n_253  ( V3 )
Bounds : ( 35.820, 25.548 ) ( 35.892, 25.644 )


VIAENCLOSURE: ( Enclosure ) Regular Wire of Net mul_17_30_n_253  ( V5 )
Bounds : ( 35.808, 25.712 ) ( 35.904, 25.840 )


EndOfLine: ( EndOfLine Keepout ) Regular Wire of Net mul_17_30_n_1657 & Regular Wire of Net mul_17_30_n_904  ( M4 )
Bounds : ( 34.036, 26.028 ) ( 34.208, 26.124 )


VIAENCLOSURE: ( Enclosure ) Regular Wire of Net mul_17_30_n_256  ( V3 )
Bounds : ( 33.228, 26.700 ) ( 33.300, 26.796 )


VIAENCLOSURE: ( Enclosure ) Regular Wire of Net FE_OFN145_mul_17_30_n_477  ( V3 )
Bounds : ( 32.508, 27.852 ) ( 32.580, 27.948 )


VIAENCLOSURE: ( Enclosure ) Regular Wire of Net mul_17_30_n_326  ( V3 )
Bounds : ( 32.076, 27.468 ) ( 32.148, 27.564 )


VIAENCLOSURE: ( Enclosure ) Regular Wire of Net FE_OFN90_iB_11  ( V3 )
Bounds : ( 31.788, 25.548 ) ( 31.860, 25.644 )


VIAENCLOSURE: ( Enclosure ) Regular Wire of Net mul_17_30_n_4  ( V3 )
Bounds : ( 31.500, 27.852 ) ( 31.572, 27.948 )


VIAENCLOSURE: ( Enclosure ) Regular Wire of Net n_3620  ( V5 )
Bounds : ( 34.080, 28.016 ) ( 34.176, 28.144 )


VIAENCLOSURE: ( Enclosure ) Regular Wire of Net mul_17_30_n_1402  ( V3 )
Bounds : ( 39.132, 24.780 ) ( 39.204, 24.876 )


VIAENCLOSURE: ( Enclosure ) Regular Wire of Net mul_17_30_n_112  ( V3 )
Bounds : ( 39.420, 24.972 ) ( 39.492, 25.068 )


VIAENCLOSURE: ( Enclosure ) Regular Wire of Net mul_17_30_n_1403  ( V3 )
Bounds : ( 40.860, 24.204 ) ( 40.932, 24.300 )


VIAENCLOSURE: ( Enclosure ) Regular Wire of Net FE_OFN65_iA_9  ( V5 )
Bounds : ( 40.128, 23.408 ) ( 40.224, 23.536 )


EndOfLine: ( EndOfLine Keepout ) Regular Wire of Net mul_17_30_n_112 & Regular Wire of Net mul_17_30_n_1402  ( M4 )
Bounds : ( 39.244, 24.876 ) ( 39.248, 24.972 )


VIAENCLOSURE: ( Enclosure ) Regular Wire of Net n_3400  ( V3 )
Bounds : ( 38.556, 24.972 ) ( 38.628, 25.068 )


VIAENCLOSURE: ( Enclosure ) Regular Wire of Net FE_OFN136_mul_17_30_n_454  ( V3 )
Bounds : ( 38.556, 23.244 ) ( 38.628, 23.340 )


VIAENCLOSURE: ( Enclosure ) Regular Wire of Net FE_OFN65_iA_9  ( V3 )
Bounds : ( 38.268, 23.628 ) ( 38.340, 23.724 )


VIAENCLOSURE: ( Enclosure ) Regular Wire of Net mul_17_30_n_1403  ( V3 )
Bounds : ( 37.548, 24.972 ) ( 37.620, 25.068 )


VIAENCLOSURE: ( Enclosure ) Regular Wire of Net mul_17_30_n_112  ( V5 )
Bounds : ( 37.536, 23.408 ) ( 37.632, 23.536 )


VIAENCLOSURE: ( Enclosure ) Regular Wire of Net mul_17_30_n_1403  ( V5 )
Bounds : ( 37.968, 24.848 ) ( 38.064, 24.976 )


VIAENCLOSURE: ( Enclosure ) Regular Wire of Net mul_17_30_n_1428  ( V5 )
Bounds : ( 38.184, 23.696 ) ( 38.280, 23.824 )


VIAENCLOSURE: ( Enclosure ) Regular Wire of Net n_3400  ( V5 )
Bounds : ( 38.400, 25.136 ) ( 38.496, 25.264 )


EndOfLine: ( EndOfLine Keepout ) Regular Wire of Net mul_17_30_n_818 & Regular Wire of Net FE_DBTN12_mul_17_30_n_454  ( M2 )
Bounds : ( 36.776, 25.416 ) ( 36.808, 25.488 )


SHORT: ( Metal Short ) Special Wire of Net VSS & Special Wire of Net VDD  ( M4 )
Bounds : ( 36.720, 23.136 ) ( 37.152, 23.304 )


EndOfLine: ( EndOfLine Spacing ) Regular Wire of Net mul_17_30_n_1403 & Regular Wire of Net mul_17_30_n_253  ( M2 )
Bounds : ( 36.776, 25.416 ) ( 36.808, 25.488 )


SPACING: ( ParallelRunLength Spacing ) Regular Wire of Net mul_17_30_n_818 & Regular Wire of Net FE_DBTN12_mul_17_30_n_454  ( M2 )
Bounds : ( 36.776, 25.416 ) ( 36.808, 25.488 )


VIAENCLOSURE: ( Enclosure ) Regular Wire of Net mul_17_30_n_558  ( V3 )
Bounds : ( 39.276, 21.324 ) ( 39.348, 21.420 )


VIAENCLOSURE: ( Enclosure ) Regular Wire of Net FE_OFN140_mul_17_30_n_463  ( V3 )
Bounds : ( 39.564, 21.900 ) ( 39.636, 21.996 )


VIAENCLOSURE: ( Enclosure ) Regular Wire of Net mul_17_30_n_1428  ( V3 )
Bounds : ( 40.140, 22.476 ) ( 40.212, 22.572 )


VIAENCLOSURE: ( Enclosure ) Regular Wire of Net mul_17_30_n_1331  ( V3 )
Bounds : ( 40.284, 20.940 ) ( 40.356, 21.036 )


VIAENCLOSURE: ( Enclosure ) Regular Wire of Net FE_OFN122_mul_17_30_n_181  ( V3 )
Bounds : ( 40.428, 22.092 ) ( 40.500, 22.188 )


VIAENCLOSURE: ( Enclosure ) Regular Wire of Net mul_17_30_n_1203  ( V5 )
Bounds : ( 38.832, 20.816 ) ( 38.928, 20.944 )


VIAENCLOSURE: ( Enclosure ) Regular Wire of Net mul_17_30_n_226  ( V5 )
Bounds : ( 39.264, 20.528 ) ( 39.360, 20.656 )


VIAENCLOSURE: ( Enclosure ) Regular Wire of Net mul_17_30_n_1331  ( V5 )
Bounds : ( 40.128, 21.104 ) ( 40.224, 21.232 )


EndOfLine: ( EndOfLine Keepout ) Regular Wire of Net mul_17_30_n_253 & Regular Wire of Net mul_17_30_n_844  ( M4 )
Bounds : ( 38.356, 21.804 ) ( 38.360, 21.900 )


VIAENCLOSURE: ( Enclosure ) Regular Wire of Net mul_17_30_n_253  ( V5 )
Bounds : ( 38.400, 21.680 ) ( 38.496, 21.808 )


VIAENCLOSURE: ( Enclosure ) Regular Wire of Net mul_17_30_n_844  ( V5 )
Bounds : ( 37.968, 21.680 ) ( 38.064, 21.808 )


VIAENCLOSURE: ( Enclosure ) Regular Wire of Net mul_17_30_n_759  ( V5 )
Bounds : ( 37.536, 22.544 ) ( 37.632, 22.672 )


VIAENCLOSURE: ( Enclosure ) Regular Wire of Net mul_17_30_n_253  ( V3 )
Bounds : ( 38.412, 21.708 ) ( 38.484, 21.804 )


VIAENCLOSURE: ( Enclosure ) Regular Wire of Net mul_17_30_n_844  ( V3 )
Bounds : ( 37.980, 21.900 ) ( 38.052, 21.996 )


VIAENCLOSURE: ( Enclosure ) Regular Wire of Net FE_OFN66_iA_8  ( V3 )
Bounds : ( 36.252, 22.668 ) ( 36.324, 22.764 )


SHORT: ( Metal Short ) Special Wire of Net VDD & Special Wire of Net VSS  ( M4 )
Bounds : ( 36.720, 22.056 ) ( 37.152, 22.224 )


SHORT: ( Metal Short ) Special Wire of Net VSS & Special Wire of Net VDD  ( M4 )
Bounds : ( 36.720, 20.976 ) ( 37.152, 21.144 )


VIAENCLOSURE: ( Enclosure ) Regular Wire of Net FE_OFN99_FE_DBTN41_iA_7  ( V5 )
Bounds : ( 38.400, 20.528 ) ( 38.496, 20.656 )


VIAENCLOSURE: ( Enclosure ) Regular Wire of Net mul_17_30_n_2  ( V5 )
Bounds : ( 37.968, 20.528 ) ( 38.064, 20.656 )


VIAENCLOSURE: ( Enclosure ) Regular Wire of Net FE_OFN99_FE_DBTN41_iA_7  ( V3 )
Bounds : ( 38.700, 20.940 ) ( 38.772, 21.036 )


VIAENCLOSURE: ( Enclosure ) Regular Wire of Net mul_17_30_n_226  ( V3 )
Bounds : ( 38.556, 20.556 ) ( 38.628, 20.652 )


VIAENCLOSURE: ( Enclosure ) Regular Wire of Net mul_17_30_n_2  ( V3 )
Bounds : ( 37.980, 20.556 ) ( 38.052, 20.652 )


VIAENCLOSURE: ( Enclosure ) Regular Wire of Net n_3416  ( V3 )
Bounds : ( 36.252, 20.364 ) ( 36.324, 20.460 )


VIAENCLOSURE: ( Enclosure ) Regular Wire of Net FE_OFN64_iA_10  ( V3 )
Bounds : ( 38.700, 22.860 ) ( 38.772, 22.956 )


VIAENCLOSURE: ( Enclosure ) Regular Wire of Net n_3597  ( V3 )
Bounds : ( 33.948, 24.396 ) ( 34.020, 24.492 )


VIAENCLOSURE: ( Enclosure ) Regular Wire of Net mul_17_30_n_1468  ( V3 )
Bounds : ( 34.956, 24.780 ) ( 35.028, 24.876 )


VIAENCLOSURE: ( Enclosure ) Regular Wire of Net mul_17_30_n_1557  ( V3 )
Bounds : ( 35.964, 24.972 ) ( 36.036, 25.068 )


VIAENCLOSURE: ( Enclosure ) Regular Wire of Net n_3597  ( V5 )
Bounds : ( 34.080, 24.272 ) ( 34.176, 24.400 )


VIAENCLOSURE: ( Enclosure ) Regular Wire of Net mul_17_30_n_1335  ( V5 )
Bounds : ( 34.728, 24.272 ) ( 34.824, 24.400 )


VIAENCLOSURE: ( Enclosure ) Regular Wire of Net mul_17_30_n_1403  ( V5 )
Bounds : ( 35.808, 24.848 ) ( 35.904, 24.976 )


EndOfLine: ( EndOfLine Keepout ) Regular Wire of Net mul_17_30_n_1402 & Regular Wire of Net mul_17_30_n_1557  ( M4 )
Bounds : ( 36.196, 24.876 ) ( 36.200, 24.972 )


VIAENCLOSURE: ( Enclosure ) Regular Wire of Net mul_17_30_n_1393  ( V3 )
Bounds : ( 34.956, 23.244 ) ( 35.028, 23.340 )


VIAENCLOSURE: ( Enclosure ) Regular Wire of Net mul_17_30_n_1428  ( V3 )
Bounds : ( 34.956, 23.628 ) ( 35.028, 23.724 )


VIAENCLOSURE: ( Enclosure ) Regular Wire of Net FE_OFN145_mul_17_30_n_477  ( V3 )
Bounds : ( 35.820, 23.052 ) ( 35.892, 23.148 )


VIAENCLOSURE: ( Enclosure ) Regular Wire of Net mul_17_30_n_112  ( V3 )
Bounds : ( 35.820, 23.436 ) ( 35.892, 23.532 )


VIAENCLOSURE: ( Enclosure ) Regular Wire of Net mul_17_30_n_1428  ( V5 )
Bounds : ( 35.376, 23.696 ) ( 35.472, 23.824 )


VIAENCLOSURE: ( Enclosure ) Regular Wire of Net mul_17_30_n_112  ( V5 )
Bounds : ( 35.808, 23.408 ) ( 35.904, 23.536 )


EndOfLine: ( EndOfLine Keepout ) Regular Wire of Net FE_OFN145_mul_17_30_n_477 & Regular Wire of Net FE_OFN64_iA_10  ( M2 )
Bounds : ( 36.020, 22.968 ) ( 36.124, 23.040 )


EndOfLine: ( EndOfLine Spacing ) Regular Wire of Net mul_17_30_n_1335 & Regular Wire of Net mul_17_30_n_1393  ( M2 )
Bounds : ( 34.972, 23.472 ) ( 35.080, 23.544 )


EndOfLine: ( EndOfLine Spacing ) Regular Wire of Net FE_OFN145_mul_17_30_n_477 & Regular Wire of Net FE_OFN136_mul_17_30_n_454  ( M2 )
Bounds : ( 36.020, 22.968 ) ( 36.124, 23.040 )


VIAENCLOSURE: ( Enclosure ) Regular Wire of Net mul_17_30_n_1335  ( V3 )
Bounds : ( 34.812, 24.204 ) ( 34.884, 24.300 )


VIAENCLOSURE: ( Enclosure ) Regular Wire of Net mul_17_30_n_210  ( V3 )
Bounds : ( 31.500, 23.052 ) ( 31.572, 23.148 )


VIAENCLOSURE: ( Enclosure ) Regular Wire of Net FE_OFN64_iA_10  ( V3 )
Bounds : ( 32.508, 24.972 ) ( 32.580, 25.068 )


VIAENCLOSURE: ( Enclosure ) Regular Wire of Net mul_17_30_n_225  ( V3 )
Bounds : ( 33.516, 25.164 ) ( 33.588, 25.260 )


SPACING: ( Corner Spacing ) Regular Wire of Net FE_OFN64_iA_10 & Regular Wire of Net FE_OFN66_iA_8  ( M4 )
Bounds : ( 35.936, 22.572 ) ( 36.044, 22.668 )


VIAENCLOSURE: ( Enclosure ) Regular Wire of Net n_3416  ( V3 )
Bounds : ( 34.524, 20.364 ) ( 34.596, 20.460 )


VIAENCLOSURE: ( Enclosure ) Regular Wire of Net mul_17_30_n_1331  ( V3 )
Bounds : ( 34.812, 20.940 ) ( 34.884, 21.036 )


VIAENCLOSURE: ( Enclosure ) Regular Wire of Net mul_17_30_n_759  ( V3 )
Bounds : ( 34.956, 22.092 ) ( 35.028, 22.188 )


VIAENCLOSURE: ( Enclosure ) Regular Wire of Net FE_OFN175_FE_DBTN18_mul_17_30_n_240  ( V3 )
Bounds : ( 35.100, 22.668 ) ( 35.172, 22.764 )


VIAENCLOSURE: ( Enclosure ) Regular Wire of Net FE_OFN64_iA_10  ( V3 )
Bounds : ( 35.820, 22.476 ) ( 35.892, 22.572 )


VIAENCLOSURE: ( Enclosure ) Regular Wire of Net mul_17_30_n_1331  ( V5 )
Bounds : ( 35.160, 21.104 ) ( 35.256, 21.232 )


VIAENCLOSURE: ( Enclosure ) Regular Wire of Net mul_17_30_n_844  ( V5 )
Bounds : ( 35.808, 21.680 ) ( 35.904, 21.808 )


VIAENCLOSURE: ( Enclosure ) Regular Wire of Net mul_17_30_n_759  ( V5 )
Bounds : ( 35.808, 22.544 ) ( 35.904, 22.672 )


EndOfLine: ( EndOfLine Keepout ) Regular Wire of Net FE_OFN64_iA_10 & Regular Wire of Net FE_OFN66_iA_8  ( M4 )
Bounds : ( 35.936, 22.572 ) ( 36.044, 22.668 )


EndOfLine: ( EndOfLine Spacing ) Regular Wire of Net FE_OFN64_iA_10 & Regular Wire of Net FE_OFN66_iA_8  ( M4 )
Bounds : ( 35.936, 22.572 ) ( 36.044, 22.668 )


VIAENCLOSURE: ( Enclosure ) Regular Wire of Net mul_17_30_n_1536  ( V3 )
Bounds : ( 31.500, 21.132 ) ( 31.572, 21.228 )


VIAENCLOSURE: ( Enclosure ) Regular Wire of Net mul_17_30_n_844  ( V3 )
Bounds : ( 31.932, 21.516 ) ( 32.004, 21.612 )


VIAENCLOSURE: ( Enclosure ) Regular Wire of Net mul_17_30_n_1203  ( V3 )
Bounds : ( 32.652, 20.364 ) ( 32.724, 20.460 )


VIAENCLOSURE: ( Enclosure ) Regular Wire of Net mul_17_30_n_1268  ( V3 )
Bounds : ( 32.796, 21.324 ) ( 32.868, 21.420 )


VIAENCLOSURE: ( Enclosure ) Regular Wire of Net n_3412  ( V3 )
Bounds : ( 33.228, 22.284 ) ( 33.300, 22.380 )


VIAENCLOSURE: ( Enclosure ) Regular Wire of Net mul_17_30_n_1536  ( V5 )
Bounds : ( 31.488, 21.104 ) ( 31.584, 21.232 )


VIAENCLOSURE: ( Enclosure ) Regular Wire of Net mul_17_30_n_2  ( V5 )
Bounds : ( 32.352, 20.528 ) ( 32.448, 20.656 )


VIAENCLOSURE: ( Enclosure ) Regular Wire of Net mul_17_30_n_1268  ( V5 )
Bounds : ( 32.784, 21.392 ) ( 32.880, 21.520 )


VIAENCLOSURE: ( Enclosure ) Regular Wire of Net mul_17_30_n_210  ( V5 )
Bounds : ( 33.216, 21.104 ) ( 33.312, 21.232 )


VIAENCLOSURE: ( Enclosure ) Regular Wire of Net n_3412  ( V5 )
Bounds : ( 33.216, 22.544 ) ( 33.312, 22.672 )


SPACING: ( ParallelRunLength Spacing ) Regular Wire of Net mul_17_30_n_1557 & Special Wire of Net VDD  ( M4 )
Bounds : ( 36.200, 25.068 ) ( 36.288, 25.296 )


VIAENCLOSURE: ( Enclosure ) Regular Wire of Net mul_17_30_n_1559  ( V5 )
Bounds : ( 39.912, 25.424 ) ( 40.008, 25.552 )


VIAENCLOSURE: ( Enclosure ) Regular Wire of Net mul_17_30_n_1559  ( V5 )
Bounds : ( 35.592, 25.424 ) ( 35.688, 25.552 )


VIAENCLOSURE: ( Enclosure ) Regular Wire of Net mul_17_30_n_1924  ( V3 )
Bounds : ( 26.748, 30.348 ) ( 26.820, 30.444 )


VIAENCLOSURE: ( Enclosure ) Regular Wire of Net mul_17_30_n_1781  ( V3 )
Bounds : ( 27.180, 28.812 ) ( 27.252, 28.908 )


VIAENCLOSURE: ( Enclosure ) Regular Wire of Net mul_17_30_n_1536  ( V3 )
Bounds : ( 27.180, 30.348 ) ( 27.252, 30.444 )


VIAENCLOSURE: ( Enclosure ) Regular Wire of Net FE_DBTN14_mul_17_30_n_235  ( V3 )
Bounds : ( 27.612, 28.428 ) ( 27.684, 28.524 )


VIAENCLOSURE: ( Enclosure ) Regular Wire of Net n_3600  ( V3 )
Bounds : ( 29.340, 28.620 ) ( 29.412, 28.716 )


VIAENCLOSURE: ( Enclosure ) Regular Wire of Net mul_17_30_n_69  ( V3 )
Bounds : ( 29.484, 29.580 ) ( 29.556, 29.676 )


VIAENCLOSURE: ( Enclosure ) Regular Wire of Net n_3417  ( V3 )
Bounds : ( 30.636, 28.236 ) ( 30.708, 28.332 )


VIAENCLOSURE: ( Enclosure ) Regular Wire of Net mul_17_30_n_1781  ( V5 )
Bounds : ( 27.168, 28.880 ) ( 27.264, 29.008 )


VIAENCLOSURE: ( Enclosure ) Regular Wire of Net mul_17_30_n_1536  ( V5 )
Bounds : ( 27.168, 30.320 ) ( 27.264, 30.448 )


VIAENCLOSURE: ( Enclosure ) Regular Wire of Net n_3600  ( V5 )
Bounds : ( 29.328, 28.592 ) ( 29.424, 28.720 )


VIAENCLOSURE: ( Enclosure ) Regular Wire of Net FE_OFN62_iA_12  ( V3 )
Bounds : ( 25.884, 27.276 ) ( 25.956, 27.372 )


VIAENCLOSURE: ( Enclosure ) Regular Wire of Net mul_17_30_n_326  ( V3 )
Bounds : ( 28.764, 27.468 ) ( 28.836, 27.564 )


VIAENCLOSURE: ( Enclosure ) Regular Wire of Net FE_OFN183_FE_DBTN10_mul_17_30_n_223  ( V3 )
Bounds : ( 29.340, 26.316 ) ( 29.412, 26.412 )


VIAENCLOSURE: ( Enclosure ) Regular Wire of Net FE_OFN90_iB_11  ( V3 )
Bounds : ( 29.484, 25.932 ) ( 29.556, 26.028 )


VIAENCLOSURE: ( Enclosure ) Regular Wire of Net mul_17_30_n_1467  ( V3 )
Bounds : ( 29.772, 27.276 ) ( 29.844, 27.372 )


VIAENCLOSURE: ( Enclosure ) Regular Wire of Net FE_OFN62_iA_12  ( V3 )
Bounds : ( 30.636, 27.276 ) ( 30.708, 27.372 )


VIAENCLOSURE: ( Enclosure ) Regular Wire of Net mul_17_30_n_256  ( V3 )
Bounds : ( 30.780, 25.548 ) ( 30.852, 25.644 )


VIAENCLOSURE: ( Enclosure ) Regular Wire of Net mul_17_30_n_1467  ( V5 )
Bounds : ( 29.976, 27.728 ) ( 30.072, 27.856 )


VIAENCLOSURE: ( Enclosure ) Regular Wire of Net n_3417  ( V5 )
Bounds : ( 30.624, 28.016 ) ( 30.720, 28.144 )


VIAENCLOSURE: ( Enclosure ) Regular Wire of Net mul_17_30_n_1492  ( V3 )
Bounds : ( 20.988, 29.964 ) ( 21.060, 30.060 )


VIAENCLOSURE: ( Enclosure ) Regular Wire of Net FE_OFN152_mul_17_30_n_496  ( V3 )
Bounds : ( 22.572, 29.580 ) ( 22.644, 29.676 )


VIAENCLOSURE: ( Enclosure ) Regular Wire of Net mul_17_30_n_1593  ( V3 )
Bounds : ( 22.572, 30.540 ) ( 22.644, 30.636 )


VIAENCLOSURE: ( Enclosure ) Regular Wire of Net mul_17_30_n_1665  ( V3 )
Bounds : ( 23.004, 30.348 ) ( 23.076, 30.444 )


VIAENCLOSURE: ( Enclosure ) Regular Wire of Net FE_OFN117_FE_DBTN29_iB_2  ( V3 )
Bounds : ( 23.292, 29.580 ) ( 23.364, 29.676 )


VIAENCLOSURE: ( Enclosure ) Regular Wire of Net mul_17_30_n_1594  ( V3 )
Bounds : ( 25.452, 29.388 ) ( 25.524, 29.484 )


VIAENCLOSURE: ( Enclosure ) Regular Wire of Net mul_17_30_n_711  ( V3 )
Bounds : ( 20.844, 26.316 ) ( 20.916, 26.412 )


VIAENCLOSURE: ( Enclosure ) Regular Wire of Net FE_OFN171_FE_DBTN22_mul_17_30_n_496  ( V3 )
Bounds : ( 21.564, 26.124 ) ( 21.636, 26.220 )


VIAENCLOSURE: ( Enclosure ) Regular Wire of Net FE_OFN63_iA_11  ( V3 )
Bounds : ( 22.428, 25.548 ) ( 22.500, 25.644 )


VIAENCLOSURE: ( Enclosure ) Regular Wire of Net FE_OFN96_mul_17_30_n_370  ( V3 )
Bounds : ( 22.428, 26.124 ) ( 22.500, 26.220 )


VIAENCLOSURE: ( Enclosure ) Regular Wire of Net mul_17_30_n_1467  ( V3 )
Bounds : ( 22.572, 27.852 ) ( 22.644, 27.948 )


VIAENCLOSURE: ( Enclosure ) Regular Wire of Net mul_17_30_n_219  ( V3 )
Bounds : ( 22.860, 26.316 ) ( 22.932, 26.412 )


VIAENCLOSURE: ( Enclosure ) Regular Wire of Net mul_17_30_n_1556  ( V3 )
Bounds : ( 24.156, 25.548 ) ( 24.228, 25.644 )


VIAENCLOSURE: ( Enclosure ) Regular Wire of Net mul_17_30_n_1609  ( V3 )
Bounds : ( 25.020, 26.892 ) ( 25.092, 26.988 )


VIAENCLOSURE: ( Enclosure ) Regular Wire of Net mul_17_30_n_219  ( V5 )
Bounds : ( 22.848, 26.288 ) ( 22.944, 26.416 )


VIAENCLOSURE: ( Enclosure ) Regular Wire of Net mul_17_30_n_1609  ( V5 )
Bounds : ( 22.848, 27.728 ) ( 22.944, 27.856 )


VIAENCLOSURE: ( Enclosure ) Regular Wire of Net FE_OFN63_iA_11  ( V3 )
Bounds : ( 28.476, 23.820 ) ( 28.548, 23.916 )


VIAENCLOSURE: ( Enclosure ) Regular Wire of Net n_3617  ( V3 )
Bounds : ( 28.908, 23.244 ) ( 28.980, 23.340 )


VIAENCLOSURE: ( Enclosure ) Regular Wire of Net mul_17_30_n_1403  ( V3 )
Bounds : ( 29.196, 24.972 ) ( 29.268, 25.068 )


VIAENCLOSURE: ( Enclosure ) Regular Wire of Net mul_17_30_n_1393  ( V3 )
Bounds : ( 29.340, 23.244 ) ( 29.412, 23.340 )


VIAENCLOSURE: ( Enclosure ) Regular Wire of Net mul_17_30_n_112  ( V3 )
Bounds : ( 29.628, 23.436 ) ( 29.700, 23.532 )


VIAENCLOSURE: ( Enclosure ) Regular Wire of Net mul_17_30_n_1468  ( V3 )
Bounds : ( 29.628, 24.780 ) ( 29.700, 24.876 )


VIAENCLOSURE: ( Enclosure ) Regular Wire of Net mul_17_30_n_225  ( V3 )
Bounds : ( 30.636, 25.164 ) ( 30.708, 25.260 )


VIAENCLOSURE: ( Enclosure ) Regular Wire of Net n_3617  ( V5 )
Bounds : ( 28.896, 23.408 ) ( 28.992, 23.536 )


VIAENCLOSURE: ( Enclosure ) Regular Wire of Net mul_17_30_n_1460  ( V3 )
Bounds : ( 27.180, 24.204 ) ( 27.252, 24.300 )


VIAENCLOSURE: ( Enclosure ) Regular Wire of Net mul_17_30_n_904  ( V3 )
Bounds : ( 26.892, 24.972 ) ( 26.964, 25.068 )


VIAENCLOSURE: ( Enclosure ) Regular Wire of Net FE_OFN64_iA_10  ( V3 )
Bounds : ( 26.748, 23.244 ) ( 26.820, 23.340 )


VIAENCLOSURE: ( Enclosure ) Regular Wire of Net mul_17_30_n_1458  ( V3 )
Bounds : ( 26.316, 24.972 ) ( 26.388, 25.068 )


VIAENCLOSURE: ( Enclosure ) Regular Wire of Net mul_17_30_n_107  ( V3 )
Bounds : ( 28.044, 23.244 ) ( 28.116, 23.340 )


VIAENCLOSURE: ( Enclosure ) Regular Wire of Net mul_17_30_n_1402  ( V3 )
Bounds : ( 28.044, 24.972 ) ( 28.116, 25.068 )


VIAENCLOSURE: ( Enclosure ) Regular Wire of Net mul_17_30_n_1460  ( V5 )
Bounds : ( 27.168, 23.696 ) ( 27.264, 23.824 )


VIAENCLOSURE: ( Enclosure ) Regular Wire of Net mul_17_30_n_107  ( V5 )
Bounds : ( 28.032, 23.120 ) ( 28.128, 23.248 )


VIAENCLOSURE: ( Enclosure ) Regular Wire of Net mul_17_30_n_1458  ( V3 )
Bounds : ( 29.196, 22.092 ) ( 29.268, 22.188 )


VIAENCLOSURE: ( Enclosure ) Regular Wire of Net FE_OFN183_FE_DBTN10_mul_17_30_n_223  ( V3 )
Bounds : ( 29.340, 20.940 ) ( 29.412, 21.036 )


VIAENCLOSURE: ( Enclosure ) Regular Wire of Net mul_17_30_n_2  ( V3 )
Bounds : ( 29.628, 20.556 ) ( 29.700, 20.652 )


VIAENCLOSURE: ( Enclosure ) Regular Wire of Net FE_OFN65_iA_9  ( V3 )
Bounds : ( 29.772, 20.940 ) ( 29.844, 21.036 )


VIAENCLOSURE: ( Enclosure ) Regular Wire of Net mul_17_30_n_1268  ( V5 )
Bounds : ( 28.896, 21.392 ) ( 28.992, 21.520 )


VIAENCLOSURE: ( Enclosure ) Regular Wire of Net mul_17_30_n_1203  ( V5 )
Bounds : ( 30.624, 20.528 ) ( 30.720, 20.656 )


EndOfLine: ( EndOfLine Keepout ) Regular Wire of Net FE_OFN65_iA_9 & Regular Wire of Net mul_17_30_n_1268  ( M4 )
Bounds : ( 29.068, 21.420 ) ( 29.072, 21.516 )


VIAENCLOSURE: ( Enclosure ) Regular Wire of Net mul_17_30_n_1492  ( V3 )
Bounds : ( 26.604, 22.476 ) ( 26.676, 22.572 )


VIAENCLOSURE: ( Enclosure ) Regular Wire of Net n_3409  ( V3 )
Bounds : ( 26.604, 21.324 ) ( 26.676, 21.420 )


VIAENCLOSURE: ( Enclosure ) Regular Wire of Net n_3618  ( V3 )
Bounds : ( 26.748, 20.940 ) ( 26.820, 21.036 )


VIAENCLOSURE: ( Enclosure ) Regular Wire of Net FE_OFN65_iA_9  ( V5 )
Bounds : ( 27.168, 21.968 ) ( 27.264, 22.096 )


VIAENCLOSURE: ( Enclosure ) Regular Wire of Net n_3632  ( V5 )
Bounds : ( 28.032, 20.816 ) ( 28.128, 20.944 )


VIAENCLOSURE: ( Enclosure ) Regular Wire of Net mul_17_30_n_1336  ( V3 )
Bounds : ( 28.908, 22.860 ) ( 28.980, 22.956 )


VIAENCLOSURE: ( Enclosure ) Regular Wire of Net mul_17_30_n_1336  ( V5 )
Bounds : ( 28.896, 22.832 ) ( 28.992, 22.960 )


VIAENCLOSURE: ( Enclosure ) Regular Wire of Net FE_OFN135_mul_17_30_n_424  ( V3 )
Bounds : ( 21.132, 24.972 ) ( 21.204, 25.068 )


VIAENCLOSURE: ( Enclosure ) Regular Wire of Net mul_17_30_n_1336  ( V3 )
Bounds : ( 21.420, 23.244 ) ( 21.492, 23.340 )


VIAENCLOSURE: ( Enclosure ) Regular Wire of Net mul_17_30_n_218  ( V3 )
Bounds : ( 21.564, 24.012 ) ( 21.636, 24.108 )


VIAENCLOSURE: ( Enclosure ) Regular Wire of Net FE_OFN176_FE_DBTN17_mul_17_30_n_493  ( V3 )
Bounds : ( 22.860, 24.204 ) ( 22.932, 24.300 )


VIAENCLOSURE: ( Enclosure ) Regular Wire of Net mul_17_30_n_866  ( V3 )
Bounds : ( 23.292, 23.820 ) ( 23.364, 23.916 )


VIAENCLOSURE: ( Enclosure ) Regular Wire of Net FE_OFN95_iB_2  ( V3 )
Bounds : ( 24.156, 24.972 ) ( 24.228, 25.068 )


VIAENCLOSURE: ( Enclosure ) Regular Wire of Net mul_17_30_n_1468  ( V3 )
Bounds : ( 24.300, 24.396 ) ( 24.372, 24.492 )


VIAENCLOSURE: ( Enclosure ) Regular Wire of Net FE_OFN95_iB_2  ( V5 )
Bounds : ( 24.576, 25.136 ) ( 24.672, 25.264 )


VIAENCLOSURE: ( Enclosure ) Regular Wire of Net FE_OFN156_mul_17_30_n_552  ( V3 )
Bounds : ( 23.580, 20.940 ) ( 23.652, 21.036 )


VIAENCLOSURE: ( Enclosure ) Regular Wire of Net mul_17_30_n_1203  ( V3 )
Bounds : ( 24.012, 20.940 ) ( 24.084, 21.036 )


VIAENCLOSURE: ( Enclosure ) Regular Wire of Net mul_17_30_n_1424  ( V3 )
Bounds : ( 24.588, 21.324 ) ( 24.660, 21.420 )


VIAENCLOSURE: ( Enclosure ) Regular Wire of Net FE_OFN65_iA_9  ( V3 )
Bounds : ( 25.020, 21.324 ) ( 25.092, 21.420 )


VIAENCLOSURE: ( Enclosure ) Regular Wire of Net FE_OFN142_mul_17_30_n_473  ( V3 )
Bounds : ( 25.020, 22.668 ) ( 25.092, 22.764 )


VIAENCLOSURE: ( Enclosure ) Regular Wire of Net mul_17_30_n_250  ( V3 )
Bounds : ( 25.452, 22.284 ) ( 25.524, 22.380 )


VIAENCLOSURE: ( Enclosure ) Regular Wire of Net mul_17_30_n_210  ( V3 )
Bounds : ( 25.596, 21.708 ) ( 25.668, 21.804 )


VIAENCLOSURE: ( Enclosure ) Regular Wire of Net mul_17_30_n_1424  ( V5 )
Bounds : ( 24.576, 21.392 ) ( 24.672, 21.520 )


VIAENCLOSURE: ( Enclosure ) Regular Wire of Net FE_OFN176_FE_DBTN17_mul_17_30_n_493  ( V3 )
Bounds : ( 21.420, 20.556 ) ( 21.492, 20.652 )


VIAENCLOSURE: ( Enclosure ) Regular Wire of Net mul_17_30_n_1425  ( V3 )
Bounds : ( 21.852, 22.284 ) ( 21.924, 22.380 )


VIAENCLOSURE: ( Enclosure ) Regular Wire of Net mul_17_30_n_1268  ( V3 )
Bounds : ( 21.996, 20.940 ) ( 22.068, 21.036 )


VIAENCLOSURE: ( Enclosure ) Regular Wire of Net FE_DBTN42_iA_8  ( V3 )
Bounds : ( 22.284, 20.364 ) ( 22.356, 20.460 )


VIAENCLOSURE: ( Enclosure ) Regular Wire of Net mul_17_30_n_473  ( V3 )
Bounds : ( 22.860, 20.748 ) ( 22.932, 20.844 )


VIAENCLOSURE: ( Enclosure ) Regular Wire of Net mul_17_30_n_473  ( V5 )
Bounds : ( 22.848, 21.104 ) ( 22.944, 21.232 )


VIAENCLOSURE: ( Enclosure ) Regular Wire of Net FE_OFN156_mul_17_30_n_552  ( V5 )
Bounds : ( 23.280, 20.816 ) ( 23.376, 20.944 )


VIAENCLOSURE: ( Enclosure ) Regular Wire of Net mul_17_30_n_1593  ( V5 )
Bounds : ( 32.352, 30.608 ) ( 32.448, 30.736 )


VIAENCLOSURE: ( Enclosure ) Regular Wire of Net mul_17_30_n_1924  ( V5 )
Bounds : ( 26.736, 30.608 ) ( 26.832, 30.736 )


EndOfLine: ( EndOfLine Spacing ) Regular Wire of Net iB[2] & Regular Wire of Net mul_17_30_n_2003  ( M2 )
Bounds : ( 20.504, 38.376 ) ( 20.588, 38.448 )


SHORT: ( Metal Short ) Special Wire of Net VDD & Special Wire of Net VSS  ( M4 )
Bounds : ( 19.440, 40.416 ) ( 19.872, 40.584 )


SHORT: ( Metal Short ) Special Wire of Net VSS & Special Wire of Net VDD  ( M4 )
Bounds : ( 19.440, 39.336 ) ( 19.872, 39.504 )


SHORT: ( Metal Short ) Special Wire of Net VDD & Special Wire of Net VSS  ( M4 )
Bounds : ( 19.440, 38.256 ) ( 19.872, 38.424 )


EndOfLine: ( EndOfLine Keepout ) Regular Wire of Net mul_17_30_n_505 & Regular Wire of Net FE_OFN117_FE_DBTN29_iB_2  ( M2 )
Bounds : ( 20.504, 38.376 ) ( 20.588, 38.448 )


VIAENCLOSURE: ( Enclosure ) Regular Wire of Net iA[19]  ( V5 )
Bounds : ( 18.096, 39.824 ) ( 18.192, 39.952 )


VIAENCLOSURE: ( Enclosure ) Regular Wire of Net n_3389  ( V5 )
Bounds : ( 16.368, 36.080 ) ( 16.464, 36.208 )


VIAENCLOSURE: ( Enclosure ) Regular Wire of Net FE_OFN117_FE_DBTN29_iB_2  ( V3 )
Bounds : ( 20.556, 36.492 ) ( 20.628, 36.588 )


VIAENCLOSURE: ( Enclosure ) Regular Wire of Net n_3394  ( V3 )
Bounds : ( 18.540, 35.916 ) ( 18.612, 36.012 )


VIAENCLOSURE: ( Enclosure ) Regular Wire of Net mul_17_30_n_1781  ( V3 )
Bounds : ( 18.252, 36.492 ) ( 18.324, 36.588 )


VIAENCLOSURE: ( Enclosure ) Regular Wire of Net iA[19]  ( V3 )
Bounds : ( 18.108, 40.524 ) ( 18.180, 40.620 )


VIAENCLOSURE: ( Enclosure ) Regular Wire of Net n_3389  ( V3 )
Bounds : ( 16.380, 36.492 ) ( 16.452, 36.588 )


VIAENCLOSURE: ( Enclosure ) Regular Wire of Net n_3381  ( V3 )
Bounds : ( 15.948, 36.492 ) ( 16.020, 36.588 )


VIAENCLOSURE: ( Enclosure ) Regular Wire of Net mul_17_30_n_1855  ( V3 )
Bounds : ( 16.380, 35.148 ) ( 16.452, 35.244 )


VIAENCLOSURE: ( Enclosure ) Regular Wire of Net mul_17_30_n_1537  ( V3 )
Bounds : ( 17.100, 34.188 ) ( 17.172, 34.284 )


VIAENCLOSURE: ( Enclosure ) Regular Wire of Net n_3600  ( V3 )
Bounds : ( 17.676, 33.612 ) ( 17.748, 33.708 )


VIAENCLOSURE: ( Enclosure ) Regular Wire of Net mul_17_30_n_1855  ( V5 )
Bounds : ( 16.368, 34.640 ) ( 16.464, 34.768 )


VIAENCLOSURE: ( Enclosure ) Regular Wire of Net mul_17_30_n_1537  ( V5 )
Bounds : ( 17.664, 33.488 ) ( 17.760, 33.616 )


VIAENCLOSURE: ( Enclosure ) Regular Wire of Net n_3600  ( V5 )
Bounds : ( 18.528, 33.488 ) ( 18.624, 33.616 )


SHORT: ( Metal Short ) Special Wire of Net VSS & Special Wire of Net VDD  ( M4 )
Bounds : ( 19.440, 35.016 ) ( 19.872, 35.184 )


VIAENCLOSURE: ( Enclosure ) Regular Wire of Net mul_17_30_n_1556  ( V3 )
Bounds : ( 16.812, 30.732 ) ( 16.884, 30.828 )


VIAENCLOSURE: ( Enclosure ) Regular Wire of Net mul_17_30_n_1609  ( V3 )
Bounds : ( 17.676, 31.884 ) ( 17.748, 31.980 )


VIAENCLOSURE: ( Enclosure ) Regular Wire of Net mul_17_30_n_1645  ( V3 )
Bounds : ( 18.108, 31.884 ) ( 18.180, 31.980 )


VIAENCLOSURE: ( Enclosure ) Regular Wire of Net mul_17_30_n_1609  ( V5 )
Bounds : ( 17.664, 31.760 ) ( 17.760, 31.888 )


VIAENCLOSURE: ( Enclosure ) Regular Wire of Net mul_17_30_n_1645  ( V5 )
Bounds : ( 18.096, 32.048 ) ( 18.192, 32.176 )


VIAENCLOSURE: ( Enclosure ) Regular Wire of Net mul_17_30_n_1781  ( V5 )
Bounds : ( 18.312, 30.896 ) ( 18.408, 31.024 )


SHORT: ( Metal Short ) Special Wire of Net VSS & Special Wire of Net VDD  ( M4 )
Bounds : ( 19.440, 30.696 ) ( 19.872, 30.864 )


SHORT: ( Metal Short ) Special Wire of Net VDD & Special Wire of Net VSS  ( M4 )
Bounds : ( 19.440, 31.776 ) ( 19.872, 31.944 )


VIAENCLOSURE: ( Enclosure ) Regular Wire of Net mul_17_30_n_1924  ( V5 )
Bounds : ( 14.208, 34.352 ) ( 14.304, 34.480 )


VIAENCLOSURE: ( Enclosure ) Regular Wire of Net n_3381  ( V5 )
Bounds : ( 15.936, 35.792 ) ( 16.032, 35.920 )


VIAENCLOSURE: ( Enclosure ) Regular Wire of Net n_3394  ( V5 )
Bounds : ( 18.528, 35.792 ) ( 18.624, 35.920 )


SHORT: ( Metal Short ) Special Wire of Net VSS & Special Wire of Net VDD  ( M4 )
Bounds : ( 2.376, 39.336 ) ( 2.808, 39.504 )


SHORT: ( Metal Short ) Special Wire of Net VDD & Special Wire of Net VSS  ( M4 )
Bounds : ( 2.376, 38.256 ) ( 2.808, 38.424 )


VIAENCLOSURE: ( Enclosure ) Regular Wire of Net oP[14]  ( V5 )
Bounds : ( 5.568, 37.232 ) ( 5.664, 37.360 )


VIAENCLOSURE: ( Enclosure ) Regular Wire of Net oP[15]  ( V5 )
Bounds : ( 1.248, 38.096 ) ( 1.344, 38.224 )


VIAENCLOSURE: ( Enclosure ) Regular Wire of Net oP[14]  ( V3 )
Bounds : ( 7.740, 36.492 ) ( 7.812, 36.588 )


VIAENCLOSURE: ( Enclosure ) Regular Wire of Net oP[15]  ( V3 )
Bounds : ( 1.260, 38.220 ) ( 1.332, 38.316 )


SHORT: ( Metal Short ) Special Wire of Net VDD & Special Wire of Net VSS  ( M4 )
Bounds : ( 2.376, 40.416 ) ( 2.808, 40.584 )


SHORT: ( Metal Short ) Special Wire of Net VSS & Special Wire of Net VDD  ( M4 )
Bounds : ( 2.376, 35.016 ) ( 2.808, 35.184 )


SHORT: ( Metal Short ) Special Wire of Net VDD & Special Wire of Net VSS  ( M4 )
Bounds : ( 2.376, 31.776 ) ( 2.808, 31.944 )


SHORT: ( Metal Short ) Special Wire of Net VSS & Special Wire of Net VDD  ( M4 )
Bounds : ( 2.376, 30.696 ) ( 2.808, 30.864 )


VIAENCLOSURE: ( Enclosure ) Regular Wire of Net oP[12]  ( V5 )
Bounds : ( 3.840, 31.760 ) ( 3.936, 31.888 )


VIAENCLOSURE: ( Enclosure ) Regular Wire of Net oP[13]  ( V5 )
Bounds : ( 1.248, 34.352 ) ( 1.344, 34.480 )


VIAENCLOSURE: ( Enclosure ) Regular Wire of Net oP[13]  ( V3 )
Bounds : ( 1.260, 34.188 ) ( 1.332, 34.284 )


VIAENCLOSURE: ( Enclosure ) Regular Wire of Net mul_17_30_n_1665  ( V3 )
Bounds : ( 20.556, 30.348 ) ( 20.628, 30.444 )


SHORT: ( Metal Short ) Special Wire of Net VDD & Special Wire of Net VSS  ( M4 )
Bounds : ( 19.440, 29.616 ) ( 19.872, 29.784 )


SHORT: ( Metal Short ) Special Wire of Net VSS & Special Wire of Net VDD  ( M4 )
Bounds : ( 19.440, 26.376 ) ( 19.872, 26.544 )


VIAENCLOSURE: ( Enclosure ) Regular Wire of Net n_3617  ( V5 )
Bounds : ( 18.960, 26.864 ) ( 19.056, 26.992 )


VIAENCLOSURE: ( Enclosure ) Regular Wire of Net n_3632  ( V5 )
Bounds : ( 18.528, 27.728 ) ( 18.624, 27.856 )


VIAENCLOSURE: ( Enclosure ) Regular Wire of Net FE_OFN176_FE_DBTN17_mul_17_30_n_493  ( V3 )
Bounds : ( 20.268, 25.740 ) ( 20.340, 25.836 )


VIAENCLOSURE: ( Enclosure ) Regular Wire of Net FE_OFN116_FE_DBTN30_iB_5  ( V3 )
Bounds : ( 15.948, 27.852 ) ( 16.020, 27.948 )


VIAENCLOSURE: ( Enclosure ) Regular Wire of Net mul_17_30_n_1424  ( V3 )
Bounds : ( 16.812, 25.548 ) ( 16.884, 25.644 )


VIAENCLOSURE: ( Enclosure ) Regular Wire of Net n_3617  ( V3 )
Bounds : ( 16.812, 27.276 ) ( 16.884, 27.372 )


VIAENCLOSURE: ( Enclosure ) Regular Wire of Net n_3409  ( V3 )
Bounds : ( 17.676, 25.548 ) ( 17.748, 25.644 )


VIAENCLOSURE: ( Enclosure ) Regular Wire of Net n_3632  ( V3 )
Bounds : ( 18.396, 27.852 ) ( 18.468, 27.948 )


VIAENCLOSURE: ( Enclosure ) Regular Wire of Net mul_17_30_n_711  ( V3 )
Bounds : ( 19.980, 28.044 ) ( 20.052, 28.140 )


VIAENCLOSURE: ( Enclosure ) Regular Wire of Net n_3421  ( V3 )
Bounds : ( 14.652, 27.852 ) ( 14.724, 27.948 )


VIAENCLOSURE: ( Enclosure ) Regular Wire of Net mul_17_30_n_1460  ( V3 )
Bounds : ( 17.820, 23.244 ) ( 17.892, 23.340 )


VIAENCLOSURE: ( Enclosure ) Regular Wire of Net FE_OFN93_iB_5  ( V3 )
Bounds : ( 18.540, 24.204 ) ( 18.612, 24.300 )


VIAENCLOSURE: ( Enclosure ) Regular Wire of Net FE_OFN63_iA_11  ( V3 )
Bounds : ( 20.124, 24.588 ) ( 20.196, 24.684 )


VIAENCLOSURE: ( Enclosure ) Regular Wire of Net mul_17_30_n_1402  ( V3 )
Bounds : ( 20.268, 24.972 ) ( 20.340, 25.068 )


VIAENCLOSURE: ( Enclosure ) Regular Wire of Net mul_17_30_n_866  ( V3 )
Bounds : ( 20.412, 23.820 ) ( 20.484, 23.916 )


VIAENCLOSURE: ( Enclosure ) Regular Wire of Net mul_17_30_n_1460  ( V5 )
Bounds : ( 18.528, 23.120 ) ( 18.624, 23.248 )


EndOfLine: ( EndOfLine Keepout ) Regular Wire of Net FE_OFN149_mul_17_30_n_493 & Regular Wire of Net FE_OFN152_mul_17_30_n_496  ( M2 )
Bounds : ( 18.704, 24.336 ) ( 18.808, 24.408 )


SHORT: ( Metal Short ) Special Wire of Net VDD & Special Wire of Net VSS  ( M4 )
Bounds : ( 19.440, 23.136 ) ( 19.872, 23.304 )


EndOfLine: ( EndOfLine Spacing ) Regular Wire of Net FE_OFN93_iB_5 & Regular Wire of Net FE_OFN63_iA_11  ( M2 )
Bounds : ( 18.704, 24.336 ) ( 18.808, 24.408 )


VIAENCLOSURE: ( Enclosure ) Regular Wire of Net mul_17_30_n_1425  ( V3 )
Bounds : ( 17.244, 20.940 ) ( 17.316, 21.036 )


VIAENCLOSURE: ( Enclosure ) Regular Wire of Net mul_17_30_n_219  ( V3 )
Bounds : ( 18.540, 21.708 ) ( 18.612, 21.804 )


VIAENCLOSURE: ( Enclosure ) Regular Wire of Net FE_OFN93_iB_5  ( V3 )
Bounds : ( 18.684, 22.476 ) ( 18.756, 22.572 )


VIAENCLOSURE: ( Enclosure ) Regular Wire of Net mul_17_30_n_1425  ( V5 )
Bounds : ( 17.232, 21.968 ) ( 17.328, 22.096 )


VIAENCLOSURE: ( Enclosure ) Regular Wire of Net mul_17_30_n_219  ( V5 )
Bounds : ( 18.528, 21.680 ) ( 18.624, 21.808 )


SHORT: ( Metal Short ) Special Wire of Net VDD & Special Wire of Net VSS  ( M4 )
Bounds : ( 19.440, 20.976 ) ( 19.872, 21.144 )


SHORT: ( Metal Short ) Special Wire of Net VSS & Special Wire of Net VDD  ( M4 )
Bounds : ( 19.440, 22.056 ) ( 19.872, 22.224 )


VIAENCLOSURE: ( Enclosure ) Regular Wire of Net oP[8]  ( V3 )
Bounds : ( 10.764, 22.092 ) ( 10.836, 22.188 )


VIAENCLOSURE: ( Enclosure ) Regular Wire of Net oP[10]  ( V3 )
Bounds : ( 10.764, 23.244 ) ( 10.836, 23.340 )


VIAENCLOSURE: ( Enclosure ) Regular Wire of Net oP[8]  ( V5 )
Bounds : ( 10.752, 22.256 ) ( 10.848, 22.384 )


VIAENCLOSURE: ( Enclosure ) Regular Wire of Net oP[10]  ( V5 )
Bounds : ( 10.752, 23.120 ) ( 10.848, 23.248 )


VIAENCLOSURE: ( Enclosure ) Regular Wire of Net mul_17_30_n_1359  ( V3 )
Bounds : ( 15.516, 20.556 ) ( 15.588, 20.652 )


VIAENCLOSURE: ( Enclosure ) Regular Wire of Net mul_17_30_n_1424  ( V5 )
Bounds : ( 16.800, 25.424 ) ( 16.896, 25.552 )


VIAENCLOSURE: ( Enclosure ) Regular Wire of Net oP[12]  ( V3 )
Bounds : ( 7.308, 29.580 ) ( 7.380, 29.676 )


VIAENCLOSURE: ( Enclosure ) Regular Wire of Net oP[11]  ( V3 )
Bounds : ( 8.172, 24.972 ) ( 8.244, 25.068 )


VIAENCLOSURE: ( Enclosure ) Regular Wire of Net oP[9]  ( V3 )
Bounds : ( 9.180, 24.972 ) ( 9.252, 25.068 )


VIAENCLOSURE: ( Enclosure ) Regular Wire of Net oP[11]  ( V5 )
Bounds : ( 8.160, 25.136 ) ( 8.256, 25.264 )


VIAENCLOSURE: ( Enclosure ) Regular Wire of Net oP[9]  ( V5 )
Bounds : ( 9.024, 25.136 ) ( 9.120, 25.264 )


SHORT: ( Metal Short ) Special Wire of Net VDD & Special Wire of Net VSS  ( M4 )
Bounds : ( 2.376, 20.976 ) ( 2.808, 21.144 )


SHORT: ( Metal Short ) Special Wire of Net VSS & Special Wire of Net VDD  ( M4 )
Bounds : ( 2.376, 22.056 ) ( 2.808, 22.224 )


SHORT: ( Metal Short ) Special Wire of Net VDD & Special Wire of Net VSS  ( M4 )
Bounds : ( 2.376, 23.136 ) ( 2.808, 23.304 )


SHORT: ( Metal Short ) Special Wire of Net VSS & Special Wire of Net VDD  ( M4 )
Bounds : ( 2.376, 26.376 ) ( 2.808, 26.544 )


SHORT: ( Metal Short ) Special Wire of Net VDD & Special Wire of Net VSS  ( M4 )
Bounds : ( 2.376, 29.616 ) ( 2.808, 29.784 )


VIAENCLOSURE: ( Enclosure ) Regular Wire of Net FE_OFN182_FE_DBTN11_mul_17_30_n_456  ( V3 )
Bounds : ( 20.700, 40.524 ) ( 20.772, 40.620 )


VIAENCLOSURE: ( Enclosure ) Regular Wire of Net FE_OFN171_FE_DBTN22_mul_17_30_n_496  ( V3 )
Bounds : ( 20.700, 23.244 ) ( 20.772, 23.340 )


VIAENCLOSURE: ( Enclosure ) Regular Wire of Net mul_17_30_n_1425  ( V5 )
Bounds : ( 20.688, 21.968 ) ( 20.784, 22.096 )


VIAENCLOSURE: ( Enclosure ) Regular Wire of Net n_3609  ( V3 )
Bounds : ( 38.844, 18.636 ) ( 38.916, 18.732 )


VIAENCLOSURE: ( Enclosure ) Regular Wire of Net mul_17_30_n_1  ( V3 )
Bounds : ( 39.852, 18.444 ) ( 39.924, 18.540 )


VIAENCLOSURE: ( Enclosure ) Regular Wire of Net FE_DBTN42_iA_8  ( V3 )
Bounds : ( 40.140, 19.212 ) ( 40.212, 19.308 )


VIAENCLOSURE: ( Enclosure ) Regular Wire of Net n_3433  ( V3 )
Bounds : ( 41.148, 19.788 ) ( 41.220, 19.884 )


VIAENCLOSURE: ( Enclosure ) Regular Wire of Net mul_17_30_n_1129  ( V3 )
Bounds : ( 41.292, 18.636 ) ( 41.364, 18.732 )


VIAENCLOSURE: ( Enclosure ) Regular Wire of Net mul_17_30_n_1  ( V5 )
Bounds : ( 39.264, 18.224 ) ( 39.360, 18.352 )


VIAENCLOSURE: ( Enclosure ) Regular Wire of Net n_3609  ( V5 )
Bounds : ( 39.264, 19.088 ) ( 39.360, 19.216 )


VIAENCLOSURE: ( Enclosure ) Regular Wire of Net FE_DBTN42_iA_8  ( V5 )
Bounds : ( 40.128, 19.376 ) ( 40.224, 19.504 )


VIAENCLOSURE: ( Enclosure ) Regular Wire of Net mul_17_30_n_1263  ( V5 )
Bounds : ( 41.208, 18.800 ) ( 41.304, 18.928 )


VIAENCLOSURE: ( Enclosure ) Regular Wire of Net mul_17_30_n_764  ( V3 )
Bounds : ( 36.828, 19.404 ) ( 36.900, 19.500 )


VIAENCLOSURE: ( Enclosure ) Regular Wire of Net FE_OFN66_iA_8  ( V3 )
Bounds : ( 36.252, 19.980 ) ( 36.324, 20.076 )


VIAENCLOSURE: ( Enclosure ) Regular Wire of Net mul_17_30_n_465  ( V3 )
Bounds : ( 37.836, 19.404 ) ( 37.908, 19.500 )


VIAENCLOSURE: ( Enclosure ) Regular Wire of Net mul_17_30_n_786  ( V3 )
Bounds : ( 38.124, 20.172 ) ( 38.196, 20.268 )


VIAENCLOSURE: ( Enclosure ) Regular Wire of Net mul_17_30_n_1  ( V5 )
Bounds : ( 36.240, 18.224 ) ( 36.336, 18.352 )


VIAENCLOSURE: ( Enclosure ) Regular Wire of Net FE_OFN159_mul_17_30_n_556  ( V5 )
Bounds : ( 37.968, 17.936 ) ( 38.064, 18.064 )


VIAENCLOSURE: ( Enclosure ) Regular Wire of Net FE_OFN68_iA_6  ( V3 )
Bounds : ( 40.140, 16.140 ) ( 40.212, 16.236 )


VIAENCLOSURE: ( Enclosure ) Regular Wire of Net FE_DBTN1_mul_17_30_n_465  ( V3 )
Bounds : ( 39.276, 16.332 ) ( 39.348, 16.428 )


VIAENCLOSURE: ( Enclosure ) Regular Wire of Net n_3441  ( V3 )
Bounds : ( 38.844, 16.908 ) ( 38.916, 17.004 )


VIAENCLOSURE: ( Enclosure ) Regular Wire of Net mul_17_30_n_1138  ( V3 )
Bounds : ( 40.572, 15.756 ) ( 40.644, 15.852 )


VIAENCLOSURE: ( Enclosure ) Regular Wire of Net FE_OFN122_mul_17_30_n_181  ( V3 )
Bounds : ( 41.292, 16.524 ) ( 41.364, 16.620 )


VIAENCLOSURE: ( Enclosure ) Regular Wire of Net FE_DBTN1_mul_17_30_n_465  ( V5 )
Bounds : ( 39.264, 16.208 ) ( 39.360, 16.336 )


VIAENCLOSURE: ( Enclosure ) Regular Wire of Net FE_OFN68_iA_6  ( V5 )
Bounds : ( 40.128, 16.208 ) ( 40.224, 16.336 )


VIAENCLOSURE: ( Enclosure ) Regular Wire of Net FE_OFN159_mul_17_30_n_556  ( V3 )
Bounds : ( 37.980, 16.332 ) ( 38.052, 16.428 )


VIAENCLOSURE: ( Enclosure ) Regular Wire of Net mul_17_30_n_465  ( V3 )
Bounds : ( 37.548, 16.908 ) ( 37.620, 17.004 )


SHORT: ( Metal Short ) Special Wire of Net VDD & Special Wire of Net VSS  ( M4 )
Bounds : ( 36.720, 17.736 ) ( 37.152, 17.904 )


VIAENCLOSURE: ( Enclosure ) Regular Wire of Net n_3426  ( V3 )
Bounds : ( 34.092, 19.212 ) ( 34.164, 19.308 )


VIAENCLOSURE: ( Enclosure ) Regular Wire of Net n_3434  ( V3 )
Bounds : ( 34.524, 18.636 ) ( 34.596, 18.732 )


VIAENCLOSURE: ( Enclosure ) Regular Wire of Net mul_17_30_n_225  ( V3 )
Bounds : ( 35.388, 19.212 ) ( 35.460, 19.308 )


VIAENCLOSURE: ( Enclosure ) Regular Wire of Net mul_17_30_n_1263  ( V3 )
Bounds : ( 35.820, 18.636 ) ( 35.892, 18.732 )


VIAENCLOSURE: ( Enclosure ) Regular Wire of Net mul_17_30_n_256  ( V3 )
Bounds : ( 36.108, 19.596 ) ( 36.180, 19.692 )


VIAENCLOSURE: ( Enclosure ) Regular Wire of Net n_3417  ( V5 )
Bounds : ( 33.648, 18.512 ) ( 33.744, 18.640 )


VIAENCLOSURE: ( Enclosure ) Regular Wire of Net n_3440  ( V5 )
Bounds : ( 33.864, 18.224 ) ( 33.960, 18.352 )


VIAENCLOSURE: ( Enclosure ) Regular Wire of Net n_3426  ( V5 )
Bounds : ( 34.080, 19.088 ) ( 34.176, 19.216 )


VIAENCLOSURE: ( Enclosure ) Regular Wire of Net FE_DBTN42_iA_8  ( V5 )
Bounds : ( 34.080, 19.664 ) ( 34.176, 19.792 )


VIAENCLOSURE: ( Enclosure ) Regular Wire of Net n_3434  ( V5 )
Bounds : ( 34.512, 17.936 ) ( 34.608, 18.064 )


VIAENCLOSURE: ( Enclosure ) Regular Wire of Net mul_17_30_n_1263  ( V5 )
Bounds : ( 35.808, 18.800 ) ( 35.904, 18.928 )


VIAENCLOSURE: ( Enclosure ) Regular Wire of Net mul_17_30_n_225  ( V3 )
Bounds : ( 31.500, 18.636 ) ( 31.572, 18.732 )


VIAENCLOSURE: ( Enclosure ) Regular Wire of Net FE_DBTN14_mul_17_30_n_235  ( V3 )
Bounds : ( 32.364, 18.252 ) ( 32.436, 18.348 )


VIAENCLOSURE: ( Enclosure ) Regular Wire of Net FE_OFN66_iA_8  ( V3 )
Bounds : ( 32.940, 18.828 ) ( 33.012, 18.924 )


VIAENCLOSURE: ( Enclosure ) Regular Wire of Net FE_OFN145_mul_17_30_n_477  ( V3 )
Bounds : ( 32.940, 19.212 ) ( 33.012, 19.308 )


VIAENCLOSURE: ( Enclosure ) Regular Wire of Net mul_17_30_n_1260  ( V3 )
Bounds : ( 33.516, 19.020 ) ( 33.588, 19.116 )


VIAENCLOSURE: ( Enclosure ) Regular Wire of Net FE_OFN66_iA_8  ( V5 )
Bounds : ( 32.136, 18.800 ) ( 32.232, 18.928 )


VIAENCLOSURE: ( Enclosure ) Regular Wire of Net mul_17_30_n_1138  ( V5 )
Bounds : ( 33.216, 17.936 ) ( 33.312, 18.064 )


VIAENCLOSURE: ( Enclosure ) Regular Wire of Net FE_OFN67_iA_7  ( V5 )
Bounds : ( 33.216, 18.800 ) ( 33.312, 18.928 )


EndOfLine: ( EndOfLine Keepout ) Regular Wire of Net mul_17_30_n_1260 & Regular Wire of Net FE_OFN145_mul_17_30_n_477  ( M4 )
Bounds : ( 33.380, 19.116 ) ( 33.632, 19.212 )


VIAENCLOSURE: ( Enclosure ) Regular Wire of Net mul_17_30_n_1  ( V3 )
Bounds : ( 31.068, 16.140 ) ( 31.140, 16.236 )


VIAENCLOSURE: ( Enclosure ) Regular Wire of Net FE_OFN67_iA_7  ( V3 )
Bounds : ( 32.364, 16.332 ) ( 32.436, 16.428 )


VIAENCLOSURE: ( Enclosure ) Regular Wire of Net FE_OFN183_FE_DBTN10_mul_17_30_n_223  ( V3 )
Bounds : ( 32.796, 16.716 ) ( 32.868, 16.812 )


VIAENCLOSURE: ( Enclosure ) Regular Wire of Net n_3440  ( V3 )
Bounds : ( 33.516, 16.908 ) ( 33.588, 17.004 )


VIAENCLOSURE: ( Enclosure ) Regular Wire of Net FE_OFN139_mul_17_30_n_462  ( V3 )
Bounds : ( 33.660, 16.332 ) ( 33.732, 16.428 )


VIAENCLOSURE: ( Enclosure ) Regular Wire of Net n_3417  ( V3 )
Bounds : ( 33.660, 17.292 ) ( 33.732, 17.388 )


VIAENCLOSURE: ( Enclosure ) Regular Wire of Net mul_17_30_n_465  ( V3 )
Bounds : ( 35.820, 16.332 ) ( 35.892, 16.428 )


VIAENCLOSURE: ( Enclosure ) Regular Wire of Net FE_OFN139_mul_17_30_n_462  ( V5 )
Bounds : ( 33.648, 16.208 ) ( 33.744, 16.336 )


VIAENCLOSURE: ( Enclosure ) Regular Wire of Net FE_DBTN1_mul_17_30_n_465  ( V5 )
Bounds : ( 34.512, 16.208 ) ( 34.608, 16.336 )


VIAENCLOSURE: ( Enclosure ) Regular Wire of Net mul_17_30_n_1129  ( V3 )
Bounds : ( 38.844, 14.220 ) ( 38.916, 14.316 )


VIAENCLOSURE: ( Enclosure ) Regular Wire of Net FE_OFN101_FE_DBTN39_iA_5  ( V3 )
Bounds : ( 39.276, 14.412 ) ( 39.348, 14.508 )


VIAENCLOSURE: ( Enclosure ) Regular Wire of Net mul_17_30_n_1227  ( V3 )
Bounds : ( 39.708, 14.604 ) ( 39.780, 14.700 )


VIAENCLOSURE: ( Enclosure ) Regular Wire of Net mul_17_30_n_1084  ( V5 )
Bounds : ( 39.264, 13.904 ) ( 39.360, 14.032 )


EndOfLine: ( EndOfLine Keepout ) Regular Wire of Net mul_17_30_n_558 & Regular Wire of Net mul_17_30_n_1169  ( M3 )
Bounds : ( 39.564, 14.096 ) ( 39.636, 14.164 )


EndOfLine: ( EndOfLine Spacing ) Regular Wire of Net FE_OFN147_mul_17_30_n_489 & Regular Wire of Net mul_17_30_n_558  ( M3 )
Bounds : ( 39.564, 14.096 ) ( 39.636, 14.164 )


SPACING: ( ParallelRunLength Spacing ) Regular Wire of Net mul_17_30_n_558 & Regular Wire of Net mul_17_30_n_1169  ( M3 )
Bounds : ( 39.564, 14.096 ) ( 39.636, 14.164 )


VIAENCLOSURE: ( Enclosure ) Regular Wire of Net FE_DBTN12_mul_17_30_n_454  ( V3 )
Bounds : ( 39.276, 13.260 ) ( 39.348, 13.356 )


VIAENCLOSURE: ( Enclosure ) Regular Wire of Net mul_17_30_n_1083  ( V3 )
Bounds : ( 40.140, 13.644 ) ( 40.212, 13.740 )


VIAENCLOSURE: ( Enclosure ) Regular Wire of Net n_3426  ( V3 )
Bounds : ( 40.860, 13.644 ) ( 40.932, 13.740 )


VIAENCLOSURE: ( Enclosure ) Regular Wire of Net mul_17_30_n_1083  ( V5 )
Bounds : ( 40.128, 13.616 ) ( 40.224, 13.744 )


VIAENCLOSURE: ( Enclosure ) Regular Wire of Net n_3426  ( V5 )
Bounds : ( 40.776, 13.328 ) ( 40.872, 13.456 )


VIAENCLOSURE: ( Enclosure ) Regular Wire of Net mul_17_30_n_1084  ( V3 )
Bounds : ( 38.988, 13.836 ) ( 39.060, 13.932 )


VIAENCLOSURE: ( Enclosure ) Regular Wire of Net mul_17_30_n_1128  ( V3 )
Bounds : ( 36.252, 14.028 ) ( 36.324, 14.124 )


VIAENCLOSURE: ( Enclosure ) Regular Wire of Net FE_OFN71_iA_3  ( V3 )
Bounds : ( 37.692, 12.876 ) ( 37.764, 12.972 )


VIAENCLOSURE: ( Enclosure ) Regular Wire of Net FE_OFN100_FE_DBTN40_iA_6  ( V3 )
Bounds : ( 38.124, 14.988 ) ( 38.196, 15.084 )


VIAENCLOSURE: ( Enclosure ) Regular Wire of Net mul_17_30_n_1003  ( V3 )
Bounds : ( 38.412, 13.644 ) ( 38.484, 13.740 )


VIAENCLOSURE: ( Enclosure ) Regular Wire of Net mul_17_30_n_1003  ( V5 )
Bounds : ( 38.400, 13.616 ) ( 38.496, 13.744 )


SHORT: ( Metal Short ) Special Wire of Net VDD & Special Wire of Net VSS  ( M4 )
Bounds : ( 36.720, 13.416 ) ( 37.152, 13.584 )


SHORT: ( Metal Short ) Special Wire of Net VSS & Special Wire of Net VDD  ( M4 )
Bounds : ( 36.720, 14.496 ) ( 37.152, 14.664 )


VIAENCLOSURE: ( Enclosure ) Regular Wire of Net FE_OFN151_mul_17_30_n_495  ( V3 )
Bounds : ( 38.988, 12.300 ) ( 39.060, 12.396 )


VIAENCLOSURE: ( Enclosure ) Regular Wire of Net FE_OFN140_mul_17_30_n_463  ( V3 )
Bounds : ( 39.132, 9.996 ) ( 39.204, 10.092 )


VIAENCLOSURE: ( Enclosure ) Regular Wire of Net FE_DBTN12_mul_17_30_n_454  ( V3 )
Bounds : ( 39.276, 10.572 ) ( 39.348, 10.668 )


VIAENCLOSURE: ( Enclosure ) Regular Wire of Net FE_OFN69_iA_5  ( V3 )
Bounds : ( 40.428, 12.108 ) ( 40.500, 12.204 )


VIAENCLOSURE: ( Enclosure ) Regular Wire of Net FE_OFN120_mul_17_30_n_80  ( V3 )
Bounds : ( 40.572, 9.996 ) ( 40.644, 10.092 )


VIAENCLOSURE: ( Enclosure ) Regular Wire of Net FE_OFN69_iA_5  ( V5 )
Bounds : ( 40.344, 11.888 ) ( 40.440, 12.016 )


VIAENCLOSURE: ( Enclosure ) Regular Wire of Net FE_OFN189_FE_DBTN2_mul_17_30_n_558  ( V3 )
Bounds : ( 37.836, 10.572 ) ( 37.908, 10.668 )


VIAENCLOSURE: ( Enclosure ) Regular Wire of Net FE_OFN140_mul_17_30_n_463  ( V3 )
Bounds : ( 37.836, 10.956 ) ( 37.908, 11.052 )


VIAENCLOSURE: ( Enclosure ) Regular Wire of Net FE_OFN136_mul_17_30_n_454  ( V3 )
Bounds : ( 37.980, 12.300 ) ( 38.052, 12.396 )


VIAENCLOSURE: ( Enclosure ) Regular Wire of Net FE_OFN70_iA_4  ( V3 )
Bounds : ( 38.268, 11.340 ) ( 38.340, 11.436 )


VIAENCLOSURE: ( Enclosure ) Regular Wire of Net FE_OFN71_iA_3  ( V5 )
Bounds : ( 37.752, 11.888 ) ( 37.848, 12.016 )


EndOfLine: ( EndOfLine Keepout ) Regular Wire of Net FE_OFN109_FE_DBTN33_iB_14 & Regular Wire of Net iA[3]  ( M2 )
Bounds : ( 36.416, 12.312 ) ( 36.520, 12.384 )


EndOfLine: ( EndOfLine Keepout ) Regular Wire of Net iA[3] & Regular Wire of Net FE_OFN136_mul_17_30_n_454  ( M2 )
Bounds : ( 37.640, 12.312 ) ( 37.672, 12.384 )


SHORT: ( Metal Short ) Special Wire of Net VSS & Special Wire of Net VDD  ( M4 )
Bounds : ( 36.720, 12.336 ) ( 37.152, 12.504 )


EndOfLine: ( EndOfLine Spacing ) Regular Wire of Net FE_OFN109_FE_DBTN33_iB_14 & Regular Wire of Net mul_17_30_n_750  ( M2 )
Bounds : ( 36.416, 12.312 ) ( 36.520, 12.384 )


EndOfLine: ( EndOfLine Spacing ) Regular Wire of Net mul_17_30_n_750 & Regular Wire of Net iA[3]  ( M2 )
Bounds : ( 37.640, 12.312 ) ( 37.672, 12.384 )


SPACING: ( ParallelRunLength Spacing ) Regular Wire of Net iA[3] & Regular Wire of Net FE_OFN136_mul_17_30_n_454  ( M2 )
Bounds : ( 37.640, 12.312 ) ( 37.672, 12.384 )


VIAENCLOSURE: ( Enclosure ) Regular Wire of Net FE_DBTN1_mul_17_30_n_465  ( V3 )
Bounds : ( 34.524, 13.836 ) ( 34.596, 13.932 )


VIAENCLOSURE: ( Enclosure ) Regular Wire of Net mul_17_30_n_1227  ( V3 )
Bounds : ( 34.236, 14.796 ) ( 34.308, 14.892 )


VIAENCLOSURE: ( Enclosure ) Regular Wire of Net mul_17_30_n_1128  ( V3 )
Bounds : ( 33.660, 14.028 ) ( 33.732, 14.124 )


VIAENCLOSURE: ( Enclosure ) Regular Wire of Net mul_17_30_n_1190  ( V3 )
Bounds : ( 35.532, 14.604 ) ( 35.604, 14.700 )


VIAENCLOSURE: ( Enclosure ) Regular Wire of Net FE_OFN109_FE_DBTN33_iB_14  ( V5 )
Bounds : ( 35.808, 13.616 ) ( 35.904, 13.744 )


VIAENCLOSURE: ( Enclosure ) Regular Wire of Net mul_17_30_n_1084  ( V5 )
Bounds : ( 35.808, 14.192 ) ( 35.904, 14.320 )


VIAENCLOSURE: ( Enclosure ) Regular Wire of Net mul_17_30_n_1138  ( V3 )
Bounds : ( 33.228, 14.604 ) ( 33.300, 14.700 )


VIAENCLOSURE: ( Enclosure ) Regular Wire of Net mul_17_30_n_1002  ( V3 )
Bounds : ( 33.228, 13.452 ) ( 33.300, 13.548 )


VIAENCLOSURE: ( Enclosure ) Regular Wire of Net FE_OFN99_FE_DBTN41_iA_7  ( V3 )
Bounds : ( 32.364, 14.604 ) ( 32.436, 14.700 )


VIAENCLOSURE: ( Enclosure ) Regular Wire of Net FE_OFN69_iA_5  ( V3 )
Bounds : ( 32.076, 12.876 ) ( 32.148, 12.972 )


VIAENCLOSURE: ( Enclosure ) Regular Wire of Net FE_OFN99_FE_DBTN41_iA_7  ( V5 )
Bounds : ( 32.352, 14.480 ) ( 32.448, 14.608 )


VIAENCLOSURE: ( Enclosure ) Regular Wire of Net FE_OFN109_FE_DBTN33_iB_14  ( V3 )
Bounds : ( 35.388, 12.300 ) ( 35.460, 12.396 )


VIAENCLOSURE: ( Enclosure ) Regular Wire of Net FE_OFN120_mul_17_30_n_80  ( V3 )
Bounds : ( 34.956, 9.996 ) ( 35.028, 10.092 )


VIAENCLOSURE: ( Enclosure ) Regular Wire of Net n_3435  ( V3 )
Bounds : ( 34.524, 11.148 ) ( 34.596, 11.244 )


VIAENCLOSURE: ( Enclosure ) Regular Wire of Net mul_17_30_n_200  ( V3 )
Bounds : ( 34.524, 10.188 ) ( 34.596, 10.284 )


VIAENCLOSURE: ( Enclosure ) Regular Wire of Net mul_17_30_n_253  ( V3 )
Bounds : ( 33.084, 9.996 ) ( 33.156, 10.092 )


VIAENCLOSURE: ( Enclosure ) Regular Wire of Net mul_17_30_n_934  ( V3 )
Bounds : ( 32.796, 10.380 ) ( 32.868, 10.476 )


VIAENCLOSURE: ( Enclosure ) Regular Wire of Net FE_OFN175_FE_DBTN18_mul_17_30_n_240  ( V3 )
Bounds : ( 32.364, 12.300 ) ( 32.436, 12.396 )


VIAENCLOSURE: ( Enclosure ) Regular Wire of Net FE_OFN102_FE_DBTN38_iA_4  ( V3 )
Bounds : ( 32.364, 11.916 ) ( 32.436, 12.012 )


VIAENCLOSURE: ( Enclosure ) Regular Wire of Net mul_17_30_n_981  ( V3 )
Bounds : ( 31.932, 10.572 ) ( 32.004, 10.668 )


VIAENCLOSURE: ( Enclosure ) Regular Wire of Net mul_17_30_n_935  ( V3 )
Bounds : ( 31.932, 9.996 ) ( 32.004, 10.092 )


VIAENCLOSURE: ( Enclosure ) Regular Wire of Net FE_OFN70_iA_4  ( V3 )
Bounds : ( 31.644, 11.916 ) ( 31.716, 12.012 )


VIAENCLOSURE: ( Enclosure ) Regular Wire of Net mul_17_30_n_253  ( V5 )
Bounds : ( 32.352, 10.448 ) ( 32.448, 10.576 )


VIAENCLOSURE: ( Enclosure ) Regular Wire of Net mul_17_30_n_465  ( V3 )
Bounds : ( 34.956, 12.492 ) ( 35.028, 12.588 )


VIAENCLOSURE: ( Enclosure ) Regular Wire of Net n_3632  ( V3 )
Bounds : ( 28.476, 18.060 ) ( 28.548, 18.156 )


VIAENCLOSURE: ( Enclosure ) Regular Wire of Net n_3618  ( V3 )
Bounds : ( 28.764, 18.636 ) ( 28.836, 18.732 )


VIAENCLOSURE: ( Enclosure ) Regular Wire of Net mul_17_30_n_1204  ( V3 )
Bounds : ( 29.484, 19.212 ) ( 29.556, 19.308 )


VIAENCLOSURE: ( Enclosure ) Regular Wire of Net FE_DBTN42_iA_8  ( V3 )
Bounds : ( 29.628, 19.788 ) ( 29.700, 19.884 )


VIAENCLOSURE: ( Enclosure ) Regular Wire of Net n_3435  ( V3 )
Bounds : ( 30.204, 19.212 ) ( 30.276, 19.308 )


VIAENCLOSURE: ( Enclosure ) Regular Wire of Net mul_17_30_n_256  ( V3 )
Bounds : ( 30.636, 18.636 ) ( 30.708, 18.732 )


VIAENCLOSURE: ( Enclosure ) Regular Wire of Net mul_17_30_n_764  ( V3 )
Bounds : ( 30.636, 19.404 ) ( 30.708, 19.500 )


VIAENCLOSURE: ( Enclosure ) Regular Wire of Net FE_OFN68_iA_6  ( V5 )
Bounds : ( 28.896, 17.936 ) ( 28.992, 18.064 )


VIAENCLOSURE: ( Enclosure ) Regular Wire of Net mul_17_30_n_1204  ( V5 )
Bounds : ( 28.896, 19.088 ) ( 28.992, 19.216 )


VIAENCLOSURE: ( Enclosure ) Regular Wire of Net mul_17_30_n_1360  ( V3 )
Bounds : ( 25.884, 18.636 ) ( 25.956, 18.732 )


VIAENCLOSURE: ( Enclosure ) Regular Wire of Net FE_DBTN14_mul_17_30_n_235  ( V3 )
Bounds : ( 26.748, 18.636 ) ( 26.820, 18.732 )


VIAENCLOSURE: ( Enclosure ) Regular Wire of Net mul_17_30_n_1083  ( V3 )
Bounds : ( 27.180, 18.828 ) ( 27.252, 18.924 )


VIAENCLOSURE: ( Enclosure ) Regular Wire of Net FE_OFN68_iA_6  ( V3 )
Bounds : ( 27.324, 17.868 ) ( 27.396, 17.964 )


VIAENCLOSURE: ( Enclosure ) Regular Wire of Net mul_17_30_n_726  ( V3 )
Bounds : ( 27.612, 18.636 ) ( 27.684, 18.732 )


VIAENCLOSURE: ( Enclosure ) Regular Wire of Net FE_OFN162_mul_17_30_n_560  ( V3 )
Bounds : ( 28.476, 16.332 ) ( 28.548, 16.428 )


VIAENCLOSURE: ( Enclosure ) Regular Wire of Net n_3442  ( V3 )
Bounds : ( 29.196, 16.908 ) ( 29.268, 17.004 )


VIAENCLOSURE: ( Enclosure ) Regular Wire of Net FE_OFN114_FE_DBTN31_iB_8  ( V3 )
Bounds : ( 29.340, 16.332 ) ( 29.412, 16.428 )


VIAENCLOSURE: ( Enclosure ) Regular Wire of Net FE_OFN162_mul_17_30_n_560  ( V5 )
Bounds : ( 28.464, 16.208 ) ( 28.560, 16.336 )


VIAENCLOSURE: ( Enclosure ) Regular Wire of Net FE_OFN183_FE_DBTN10_mul_17_30_n_223  ( V3 )
Bounds : ( 27.036, 16.908 ) ( 27.108, 17.004 )


VIAENCLOSURE: ( Enclosure ) Regular Wire of Net mul_17_30_n_1229  ( V3 )
Bounds : ( 27.036, 15.948 ) ( 27.108, 16.044 )


VIAENCLOSURE: ( Enclosure ) Regular Wire of Net mul_17_30_n_1084  ( V3 )
Bounds : ( 25.884, 15.948 ) ( 25.956, 16.044 )


VIAENCLOSURE: ( Enclosure ) Regular Wire of Net FE_OFN99_FE_DBTN41_iA_7  ( V3 )
Bounds : ( 27.180, 16.332 ) ( 27.252, 16.428 )


VIAENCLOSURE: ( Enclosure ) Regular Wire of Net n_3421  ( V3 )
Bounds : ( 28.044, 16.332 ) ( 28.116, 16.428 )


VIAENCLOSURE: ( Enclosure ) Regular Wire of Net n_3421  ( V5 )
Bounds : ( 28.032, 16.208 ) ( 28.128, 16.336 )


VIAENCLOSURE: ( Enclosure ) Regular Wire of Net FE_OFN96_mul_17_30_n_370  ( V3 )
Bounds : ( 23.436, 18.060 ) ( 23.508, 18.156 )


VIAENCLOSURE: ( Enclosure ) Regular Wire of Net FE_OFN99_FE_DBTN41_iA_7  ( V3 )
Bounds : ( 23.436, 19.596 ) ( 23.508, 19.692 )


VIAENCLOSURE: ( Enclosure ) Regular Wire of Net mul_17_30_n_1537  ( V3 )
Bounds : ( 23.724, 20.172 ) ( 23.796, 20.268 )


VIAENCLOSURE: ( Enclosure ) Regular Wire of Net FE_OFN98_mul_17_30_n_485  ( V3 )
Bounds : ( 24.588, 19.212 ) ( 24.660, 19.308 )


VIAENCLOSURE: ( Enclosure ) Regular Wire of Net n_3618  ( V3 )
Bounds : ( 24.588, 20.172 ) ( 24.660, 20.268 )


VIAENCLOSURE: ( Enclosure ) Regular Wire of Net mul_17_30_n_726  ( V3 )
Bounds : ( 25.164, 18.636 ) ( 25.236, 18.732 )


VIAENCLOSURE: ( Enclosure ) Regular Wire of Net mul_17_30_n_1204  ( V3 )
Bounds : ( 25.164, 19.212 ) ( 25.236, 19.308 )


VIAENCLOSURE: ( Enclosure ) Regular Wire of Net mul_17_30_n_1260  ( V3 )
Bounds : ( 25.452, 19.020 ) ( 25.524, 19.116 )


VIAENCLOSURE: ( Enclosure ) Regular Wire of Net FE_OFN99_FE_DBTN41_iA_7  ( V3 )
Bounds : ( 20.844, 19.980 ) ( 20.916, 20.076 )


VIAENCLOSURE: ( Enclosure ) Regular Wire of Net FE_OFN171_FE_DBTN22_mul_17_30_n_496  ( V3 )
Bounds : ( 21.996, 19.788 ) ( 22.068, 19.884 )


VIAENCLOSURE: ( Enclosure ) Regular Wire of Net FE_OFN98_mul_17_30_n_485  ( V3 )
Bounds : ( 22.140, 18.636 ) ( 22.212, 18.732 )


VIAENCLOSURE: ( Enclosure ) Regular Wire of Net mul_17_30_n_1359  ( V3 )
Bounds : ( 22.860, 18.636 ) ( 22.932, 18.732 )


VIAENCLOSURE: ( Enclosure ) Regular Wire of Net mul_17_30_n_219  ( V5 )
Bounds : ( 22.848, 17.936 ) ( 22.944, 18.064 )


VIAENCLOSURE: ( Enclosure ) Regular Wire of Net mul_17_30_n_1359  ( V5 )
Bounds : ( 22.848, 18.512 ) ( 22.944, 18.640 )


EndOfLine: ( EndOfLine Keepout ) Regular Wire of Net FE_OFN98_mul_17_30_n_485 & Regular Wire of Net FE_OFN171_FE_DBTN22_mul_17_30_n_496  ( M4 )
Bounds : ( 22.156, 19.308 ) ( 22.160, 19.404 )


VIAENCLOSURE: ( Enclosure ) Regular Wire of Net mul_17_30_n_1084  ( V3 )
Bounds : ( 20.988, 15.948 ) ( 21.060, 16.044 )


VIAENCLOSURE: ( Enclosure ) Regular Wire of Net mul_17_30_n_1133  ( V3 )
Bounds : ( 20.988, 16.908 ) ( 21.060, 17.004 )


VIAENCLOSURE: ( Enclosure ) Regular Wire of Net FE_OFN137_mul_17_30_n_456  ( V3 )
Bounds : ( 21.996, 15.564 ) ( 22.068, 15.660 )


VIAENCLOSURE: ( Enclosure ) Regular Wire of Net FE_OFN99_FE_DBTN41_iA_7  ( V3 )
Bounds : ( 22.140, 16.332 ) ( 22.212, 16.428 )


VIAENCLOSURE: ( Enclosure ) Regular Wire of Net mul_17_30_n_219  ( V3 )
Bounds : ( 23.148, 17.484 ) ( 23.220, 17.580 )


VIAENCLOSURE: ( Enclosure ) Regular Wire of Net mul_17_30_n_1  ( V3 )
Bounds : ( 23.868, 16.140 ) ( 23.940, 16.236 )


VIAENCLOSURE: ( Enclosure ) Regular Wire of Net FE_OFN67_iA_7  ( V3 )
Bounds : ( 25.020, 16.716 ) ( 25.092, 16.812 )


VIAENCLOSURE: ( Enclosure ) Regular Wire of Net mul_17_30_n_250  ( V3 )
Bounds : ( 25.452, 17.484 ) ( 25.524, 17.580 )


VIAENCLOSURE: ( Enclosure ) Regular Wire of Net mul_17_30_n_1138  ( V3 )
Bounds : ( 25.596, 16.908 ) ( 25.668, 17.004 )


VIAENCLOSURE: ( Enclosure ) Regular Wire of Net FE_OFN142_mul_17_30_n_473  ( V3 )
Bounds : ( 25.020, 17.676 ) ( 25.092, 17.772 )


VIAENCLOSURE: ( Enclosure ) Regular Wire of Net mul_17_30_n_1360  ( V5 )
Bounds : ( 25.872, 19.376 ) ( 25.968, 19.504 )


VIAENCLOSURE: ( Enclosure ) Regular Wire of Net FE_OFN102_FE_DBTN38_iA_4  ( V3 )
Bounds : ( 27.036, 13.068 ) ( 27.108, 13.164 )


VIAENCLOSURE: ( Enclosure ) Regular Wire of Net mul_17_30_n_250  ( V3 )
Bounds : ( 27.180, 14.604 ) ( 27.252, 14.700 )


VIAENCLOSURE: ( Enclosure ) Regular Wire of Net FE_OFN114_FE_DBTN31_iB_8  ( V3 )
Bounds : ( 27.612, 14.604 ) ( 27.684, 14.700 )


VIAENCLOSURE: ( Enclosure ) Regular Wire of Net FE_OFN70_iA_4  ( V3 )
Bounds : ( 27.900, 14.028 ) ( 27.972, 14.124 )


VIAENCLOSURE: ( Enclosure ) Regular Wire of Net mul_17_30_n_1188  ( V3 )
Bounds : ( 29.052, 14.604 ) ( 29.124, 14.700 )


VIAENCLOSURE: ( Enclosure ) Regular Wire of Net FE_OFN101_FE_DBTN39_iA_5  ( V3 )
Bounds : ( 29.772, 12.684 ) ( 29.844, 12.780 )


VIAENCLOSURE: ( Enclosure ) Regular Wire of Net mul_17_30_n_1084  ( V3 )
Bounds : ( 30.492, 14.988 ) ( 30.564, 15.084 )


VIAENCLOSURE: ( Enclosure ) Regular Wire of Net FE_OFN69_iA_5  ( V5 )
Bounds : ( 28.896, 12.752 ) ( 28.992, 12.880 )


VIAENCLOSURE: ( Enclosure ) Regular Wire of Net mul_17_30_n_465  ( V3 )
Bounds : ( 29.196, 9.996 ) ( 29.268, 10.092 )


VIAENCLOSURE: ( Enclosure ) Regular Wire of Net mul_17_30_n_256  ( V3 )
Bounds : ( 29.196, 12.108 ) ( 29.268, 12.204 )


VIAENCLOSURE: ( Enclosure ) Regular Wire of Net mul_17_30_n_836  ( V3 )
Bounds : ( 29.628, 11.532 ) ( 29.700, 11.628 )


VIAENCLOSURE: ( Enclosure ) Regular Wire of Net mul_17_30_n_225  ( V3 )
Bounds : ( 30.060, 11.916 ) ( 30.132, 12.012 )


VIAENCLOSURE: ( Enclosure ) Regular Wire of Net FE_OFN120_mul_17_30_n_80  ( V3 )
Bounds : ( 30.204, 9.996 ) ( 30.276, 10.092 )


VIAENCLOSURE: ( Enclosure ) Regular Wire of Net mul_17_30_n_981  ( V3 )
Bounds : ( 30.348, 10.572 ) ( 30.420, 10.668 )


VIAENCLOSURE: ( Enclosure ) Regular Wire of Net FE_OFN183_FE_DBTN10_mul_17_30_n_223  ( V3 )
Bounds : ( 30.348, 11.532 ) ( 30.420, 11.628 )


EndOfLine: ( EndOfLine Keepout ) Regular Wire of Net FE_OFN120_mul_17_30_n_80 & Regular Wire of Net mul_17_30_n_686  ( M3 )
Bounds : ( 30.204, 10.244 ) ( 30.276, 10.276 )


EndOfLine: ( EndOfLine Spacing ) Regular Wire of Net FE_OFN120_mul_17_30_n_80 & Regular Wire of Net mul_17_30_n_686  ( M3 )
Bounds : ( 30.204, 10.244 ) ( 30.276, 10.276 )


SPACING: ( ParallelRunLength Spacing ) Regular Wire of Net FE_OFN120_mul_17_30_n_80 & Regular Wire of Net mul_17_30_n_686  ( M3 )
Bounds : ( 30.204, 10.244 ) ( 30.276, 10.276 )


VIAENCLOSURE: ( Enclosure ) Regular Wire of Net FE_OFN120_mul_17_30_n_80  ( V3 )
Bounds : ( 26.316, 10.188 ) ( 26.388, 10.284 )


VIAENCLOSURE: ( Enclosure ) Regular Wire of Net FE_OFN71_iA_3  ( V3 )
Bounds : ( 26.748, 12.300 ) ( 26.820, 12.396 )


VIAENCLOSURE: ( Enclosure ) Regular Wire of Net FE_OFN139_mul_17_30_n_462  ( V3 )
Bounds : ( 27.324, 11.724 ) ( 27.396, 11.820 )


VIAENCLOSURE: ( Enclosure ) Regular Wire of Net mul_17_30_n_256  ( V3 )
Bounds : ( 27.612, 9.996 ) ( 27.684, 10.092 )


VIAENCLOSURE: ( Enclosure ) Regular Wire of Net FE_OFN130_mul_17_30_n_223  ( V3 )
Bounds : ( 28.044, 11.148 ) ( 28.116, 11.244 )


VIAENCLOSURE: ( Enclosure ) Regular Wire of Net n_3436  ( V3 )
Bounds : ( 28.044, 12.300 ) ( 28.116, 12.396 )


VIAENCLOSURE: ( Enclosure ) Regular Wire of Net mul_17_30_n_200  ( V3 )
Bounds : ( 28.188, 10.188 ) ( 28.260, 10.284 )


VIAENCLOSURE: ( Enclosure ) Regular Wire of Net FE_OFN71_iA_3  ( V5 )
Bounds : ( 26.736, 11.888 ) ( 26.832, 12.016 )


VIAENCLOSURE: ( Enclosure ) Regular Wire of Net n_3436  ( V5 )
Bounds : ( 28.032, 12.464 ) ( 28.128, 12.592 )


VIAENCLOSURE: ( Enclosure ) Regular Wire of Net FE_OFN175_FE_DBTN18_mul_17_30_n_240  ( V5 )
Bounds : ( 30.624, 12.464 ) ( 30.720, 12.592 )


VIAENCLOSURE: ( Enclosure ) Regular Wire of Net mul_17_30_n_219  ( V3 )
Bounds : ( 23.724, 12.684 ) ( 23.796, 12.780 )


VIAENCLOSURE: ( Enclosure ) Regular Wire of Net mul_17_30_n_1225  ( V3 )
Bounds : ( 23.868, 14.604 ) ( 23.940, 14.700 )


VIAENCLOSURE: ( Enclosure ) Regular Wire of Net FE_OFN96_mul_17_30_n_370  ( V3 )
Bounds : ( 24.156, 13.068 ) ( 24.228, 13.164 )


VIAENCLOSURE: ( Enclosure ) Regular Wire of Net FE_OFN101_FE_DBTN39_iA_5  ( V3 )
Bounds : ( 24.588, 12.684 ) ( 24.660, 12.780 )


VIAENCLOSURE: ( Enclosure ) Regular Wire of Net FE_OFN69_iA_5  ( V3 )
Bounds : ( 25.020, 14.604 ) ( 25.092, 14.700 )


VIAENCLOSURE: ( Enclosure ) Regular Wire of Net mul_17_30_n_1002  ( V3 )
Bounds : ( 25.308, 13.836 ) ( 25.380, 13.932 )


VIAENCLOSURE: ( Enclosure ) Regular Wire of Net mul_17_30_n_1083  ( V5 )
Bounds : ( 24.576, 13.616 ) ( 24.672, 13.744 )


VIAENCLOSURE: ( Enclosure ) Regular Wire of Net mul_17_30_n_1003  ( V3 )
Bounds : ( 21.132, 13.068 ) ( 21.204, 13.164 )


VIAENCLOSURE: ( Enclosure ) Regular Wire of Net mul_17_30_n_218  ( V3 )
Bounds : ( 21.132, 14.604 ) ( 21.204, 14.700 )


VIAENCLOSURE: ( Enclosure ) Regular Wire of Net FE_OFN149_mul_17_30_n_493  ( V3 )
Bounds : ( 21.852, 13.836 ) ( 21.924, 13.932 )


VIAENCLOSURE: ( Enclosure ) Regular Wire of Net mul_17_30_n_1003  ( V5 )
Bounds : ( 21.120, 13.328 ) ( 21.216, 13.456 )


VIAENCLOSURE: ( Enclosure ) Regular Wire of Net mul_17_30_n_1225  ( V5 )
Bounds : ( 21.336, 14.192 ) ( 21.432, 14.320 )


VIAENCLOSURE: ( Enclosure ) Regular Wire of Net mul_17_30_n_219  ( V5 )
Bounds : ( 22.848, 14.192 ) ( 22.944, 14.320 )


EndOfLine: ( EndOfLine Keepout ) Regular Wire of Net mul_17_30_n_218 & Regular Wire of Net FE_OFN102_FE_DBTN38_iA_4  ( M4 )
Bounds : ( 20.976, 14.508 ) ( 20.980, 14.604 )


VIAENCLOSURE: ( Enclosure ) Regular Wire of Net mul_17_30_n_913  ( V3 )
Bounds : ( 23.436, 12.300 ) ( 23.508, 12.396 )


VIAENCLOSURE: ( Enclosure ) Regular Wire of Net mul_17_30_n_186  ( V3 )
Bounds : ( 24.156, 12.300 ) ( 24.228, 12.396 )


VIAENCLOSURE: ( Enclosure ) Regular Wire of Net mul_17_30_n_836  ( V3 )
Bounds : ( 25.020, 10.380 ) ( 25.092, 10.476 )


VIAENCLOSURE: ( Enclosure ) Regular Wire of Net FE_OFN130_mul_17_30_n_223  ( V3 )
Bounds : ( 25.596, 9.996 ) ( 25.668, 10.092 )


VIAENCLOSURE: ( Enclosure ) Regular Wire of Net mul_17_30_n_935  ( V3 )
Bounds : ( 25.740, 12.300 ) ( 25.812, 12.396 )


VIAENCLOSURE: ( Enclosure ) Regular Wire of Net mul_17_30_n_186  ( V5 )
Bounds : ( 24.576, 11.888 ) ( 24.672, 12.016 )


VIAENCLOSURE: ( Enclosure ) Regular Wire of Net FE_OFN171_FE_DBTN22_mul_17_30_n_496  ( V3 )
Bounds : ( 20.844, 11.916 ) ( 20.916, 12.012 )


VIAENCLOSURE: ( Enclosure ) Regular Wire of Net mul_17_30_n_935  ( V3 )
Bounds : ( 21.132, 9.996 ) ( 21.204, 10.092 )


VIAENCLOSURE: ( Enclosure ) Regular Wire of Net mul_17_30_n_513  ( V3 )
Bounds : ( 21.852, 9.996 ) ( 21.924, 10.092 )


VIAENCLOSURE: ( Enclosure ) Regular Wire of Net FE_OFN102_FE_DBTN38_iA_4  ( V3 )
Bounds : ( 21.852, 11.340 ) ( 21.924, 11.436 )


VIAENCLOSURE: ( Enclosure ) Regular Wire of Net mul_17_30_n_1036  ( V3 )
Bounds : ( 21.852, 12.300 ) ( 21.924, 12.396 )


VIAENCLOSURE: ( Enclosure ) Regular Wire of Net mul_17_30_n_1024  ( V3 )
Bounds : ( 22.428, 10.956 ) ( 22.500, 11.052 )


VIAENCLOSURE: ( Enclosure ) Regular Wire of Net mul_17_30_n_934  ( V3 )
Bounds : ( 22.572, 11.532 ) ( 22.644, 11.628 )


VIAENCLOSURE: ( Enclosure ) Regular Wire of Net mul_17_30_n_1083  ( V3 )
Bounds : ( 22.860, 11.148 ) ( 22.932, 11.244 )


VIAENCLOSURE: ( Enclosure ) Regular Wire of Net FE_OFN120_mul_17_30_n_80  ( V3 )
Bounds : ( 23.148, 10.380 ) ( 23.220, 10.476 )


VIAENCLOSURE: ( Enclosure ) Regular Wire of Net FE_OFN70_iA_4  ( V3 )
Bounds : ( 38.844, 8.268 ) ( 38.916, 8.364 )


VIAENCLOSURE: ( Enclosure ) Regular Wire of Net FE_OFN189_FE_DBTN2_mul_17_30_n_558  ( V3 )
Bounds : ( 40.284, 8.268 ) ( 40.356, 8.364 )


VIAENCLOSURE: ( Enclosure ) Regular Wire of Net FE_OFN102_FE_DBTN38_iA_4  ( V3 )
Bounds : ( 37.548, 8.652 ) ( 37.620, 8.748 )


VIAENCLOSURE: ( Enclosure ) Regular Wire of Net mul_17_30_n_677  ( V3 )
Bounds : ( 37.980, 8.268 ) ( 38.052, 8.364 )


VIAENCLOSURE: ( Enclosure ) Regular Wire of Net FE_OFN136_mul_17_30_n_454  ( V3 )
Bounds : ( 38.268, 7.692 ) ( 38.340, 7.788 )


VIAENCLOSURE: ( Enclosure ) Regular Wire of Net mul_17_30_n_677  ( V5 )
Bounds : ( 37.968, 8.432 ) ( 38.064, 8.560 )


SHORT: ( Metal Short ) Special Wire of Net VDD & Special Wire of Net VSS  ( M4 )
Bounds : ( 36.720, 9.096 ) ( 37.152, 9.264 )


VIAENCLOSURE: ( Enclosure ) Regular Wire of Net mul_17_30_n_565  ( V3 )
Bounds : ( 39.276, 6.540 ) ( 39.348, 6.636 )


VIAENCLOSURE: ( Enclosure ) Regular Wire of Net mul_17_30_n_426  ( V3 )
Bounds : ( 39.852, 5.388 ) ( 39.924, 5.484 )


VIAENCLOSURE: ( Enclosure ) Regular Wire of Net mul_17_30_n_426  ( V5 )
Bounds : ( 40.344, 4.976 ) ( 40.440, 5.104 )


SHORT: ( Metal Short ) Special Wire of Net VSS & Special Wire of Net VDD  ( M4 )
Bounds : ( 36.720, 5.856 ) ( 37.152, 6.024 )


VIAENCLOSURE: ( Enclosure ) Regular Wire of Net iA[4]  ( V3 )
Bounds : ( 40.284, 7.308 ) ( 40.356, 7.404 )


VIAENCLOSURE: ( Enclosure ) Regular Wire of Net FE_OFN72_iA_2  ( V3 )
Bounds : ( 34.812, 7.884 ) ( 34.884, 7.980 )


VIAENCLOSURE: ( Enclosure ) Regular Wire of Net mul_17_30_n_426  ( V3 )
Bounds : ( 34.812, 8.460 ) ( 34.884, 8.556 )


VIAENCLOSURE: ( Enclosure ) Regular Wire of Net mul_17_30_n_570  ( V3 )
Bounds : ( 35.244, 8.268 ) ( 35.316, 8.364 )


VIAENCLOSURE: ( Enclosure ) Regular Wire of Net FE_OFN109_FE_DBTN33_iB_14  ( V3 )
Bounds : ( 35.820, 7.692 ) ( 35.892, 7.788 )


VIAENCLOSURE: ( Enclosure ) Regular Wire of Net mul_17_30_n_695  ( V3 )
Bounds : ( 35.820, 8.652 ) ( 35.892, 8.748 )


VIAENCLOSURE: ( Enclosure ) Regular Wire of Net mul_17_30_n_426  ( V5 )
Bounds : ( 34.080, 8.720 ) ( 34.176, 8.848 )


EndOfLine: ( EndOfLine Keepout ) Regular Wire of Net mul_17_30_n_865 & Regular Wire of Net FE_DBTN1_mul_17_30_n_465  ( M2 )
Bounds : ( 34.256, 7.992 ) ( 34.360, 8.064 )


EndOfLine: ( EndOfLine Spacing ) Regular Wire of Net mul_17_30_n_865 & Regular Wire of Net iA[3]  ( M2 )
Bounds : ( 34.256, 7.992 ) ( 34.360, 8.064 )


VIAENCLOSURE: ( Enclosure ) Regular Wire of Net mul_17_30_n_186  ( V3 )
Bounds : ( 31.932, 8.460 ) ( 32.004, 8.556 )


VIAENCLOSURE: ( Enclosure ) Regular Wire of Net mul_17_30_n_186  ( V5 )
Bounds : ( 31.920, 7.856 ) ( 32.016, 7.984 )


VIAENCLOSURE: ( Enclosure ) Regular Wire of Net mul_17_30_n_935  ( V5 )
Bounds : ( 32.352, 8.720 ) ( 32.448, 8.848 )


VIAENCLOSURE: ( Enclosure ) Regular Wire of Net mul_17_30_n_695  ( V3 )
Bounds : ( 35.244, 6.924 ) ( 35.316, 7.020 )


VIAENCLOSURE: ( Enclosure ) Regular Wire of Net FE_OFN72_iA_2  ( V3 )
Bounds : ( 34.380, 1.932 ) ( 34.452, 2.028 )


VIAENCLOSURE: ( Enclosure ) Regular Wire of Net mul_17_30_n_1188  ( V3 )
Bounds : ( 34.956, 3.660 ) ( 35.028, 3.756 )


VIAENCLOSURE: ( Enclosure ) Regular Wire of Net mul_17_30_n_1190  ( V3 )
Bounds : ( 40.284, 3.660 ) ( 40.356, 3.756 )


SHORT: ( Metal Short ) Special Wire of Net VSS & Special Wire of Net VDD  ( M4 )
Bounds : ( 36.720, 3.696 ) ( 37.152, 3.864 )


VIAENCLOSURE: ( Enclosure ) Regular Wire of Net mul_17_30_n_0  ( V3 )
Bounds : ( 39.708, 4.812 ) ( 39.780, 4.908 )


SHORT: ( Metal Short ) Special Wire of Net VDD & Special Wire of Net VSS  ( M4 )
Bounds : ( 36.720, 4.776 ) ( 37.152, 4.944 )


VIAENCLOSURE: ( Enclosure ) Regular Wire of Net FE_OFN120_mul_17_30_n_80  ( V3 )
Bounds : ( 30.636, 9.228 ) ( 30.708, 9.324 )


VIAENCLOSURE: ( Enclosure ) Regular Wire of Net mul_17_30_n_570  ( V3 )
Bounds : ( 30.204, 8.268 ) ( 30.276, 8.364 )


VIAENCLOSURE: ( Enclosure ) Regular Wire of Net mul_17_30_n_697  ( V3 )
Bounds : ( 29.196, 9.036 ) ( 29.268, 9.132 )


VIAENCLOSURE: ( Enclosure ) Regular Wire of Net mul_17_30_n_934  ( V3 )
Bounds : ( 26.892, 8.268 ) ( 26.964, 8.364 )


VIAENCLOSURE: ( Enclosure ) Regular Wire of Net FE_OFN70_iA_4  ( V3 )
Bounds : ( 26.748, 7.692 ) ( 26.820, 7.788 )


VIAENCLOSURE: ( Enclosure ) Regular Wire of Net FE_OFN114_FE_DBTN31_iB_8  ( V3 )
Bounds : ( 26.316, 9.612 ) ( 26.388, 9.708 )


VIAENCLOSURE: ( Enclosure ) Regular Wire of Net n_3442  ( V3 )
Bounds : ( 30.348, 5.964 ) ( 30.420, 6.060 )


VIAENCLOSURE: ( Enclosure ) Regular Wire of Net FE_OFN183_FE_DBTN10_mul_17_30_n_223  ( V3 )
Bounds : ( 28.476, 5.964 ) ( 28.548, 6.060 )


VIAENCLOSURE: ( Enclosure ) Regular Wire of Net mul_17_30_n_1271  ( V3 )
Bounds : ( 25.884, 5.964 ) ( 25.956, 6.060 )


VIAENCLOSURE: ( Enclosure ) Regular Wire of Net mul_17_30_n_697  ( V3 )
Bounds : ( 25.596, 9.036 ) ( 25.668, 9.132 )


VIAENCLOSURE: ( Enclosure ) Regular Wire of Net mul_17_30_n_677  ( V3 )
Bounds : ( 25.452, 8.268 ) ( 25.524, 8.364 )


VIAENCLOSURE: ( Enclosure ) Regular Wire of Net mul_17_30_n_913  ( V3 )
Bounds : ( 24.876, 8.268 ) ( 24.948, 8.364 )


VIAENCLOSURE: ( Enclosure ) Regular Wire of Net FE_OFN70_iA_4  ( V3 )
Bounds : ( 24.876, 7.692 ) ( 24.948, 7.788 )


VIAENCLOSURE: ( Enclosure ) Regular Wire of Net FE_OFN176_FE_DBTN17_mul_17_30_n_493  ( V3 )
Bounds : ( 23.868, 8.268 ) ( 23.940, 8.364 )


VIAENCLOSURE: ( Enclosure ) Regular Wire of Net mul_17_30_n_677  ( V5 )
Bounds : ( 25.440, 8.144 ) ( 25.536, 8.272 )


VIAENCLOSURE: ( Enclosure ) Regular Wire of Net FE_OFN71_iA_3  ( V3 )
Bounds : ( 23.004, 7.692 ) ( 23.076, 7.788 )


VIAENCLOSURE: ( Enclosure ) Regular Wire of Net FE_OFN149_mul_17_30_n_493  ( V3 )
Bounds : ( 22.860, 8.652 ) ( 22.932, 8.748 )


VIAENCLOSURE: ( Enclosure ) Regular Wire of Net FE_OFN142_mul_17_30_n_473  ( V3 )
Bounds : ( 22.428, 8.844 ) ( 22.500, 8.940 )


VIAENCLOSURE: ( Enclosure ) Regular Wire of Net mul_17_30_n_991  ( V3 )
Bounds : ( 21.132, 9.612 ) ( 21.204, 9.708 )


VIAENCLOSURE: ( Enclosure ) Regular Wire of Net FE_OFN135_mul_17_30_n_424  ( V3 )
Bounds : ( 21.132, 8.268 ) ( 21.204, 8.364 )


VIAENCLOSURE: ( Enclosure ) Regular Wire of Net mul_17_30_n_991  ( V5 )
Bounds : ( 21.120, 9.584 ) ( 21.216, 9.712 )


VIAENCLOSURE: ( Enclosure ) Regular Wire of Net mul_17_30_n_426  ( V5 )
Bounds : ( 24.576, 5.264 ) ( 24.672, 5.392 )


VIAENCLOSURE: ( Enclosure ) Regular Wire of Net FE_OFN98_mul_17_30_n_485  ( V3 )
Bounds : ( 24.444, 5.964 ) ( 24.516, 6.060 )


VIAENCLOSURE: ( Enclosure ) Regular Wire of Net FE_OFN176_FE_DBTN17_mul_17_30_n_493  ( V3 )
Bounds : ( 23.292, 5.196 ) ( 23.364, 5.292 )


EndOfLine: ( EndOfLine Keepout ) Regular Wire of Net mul_17_30_n_186 & Regular Wire of Net mul_17_30_n_934  ( M3 )
Bounds : ( 22.428, 6.860 ) ( 22.500, 6.892 )


VIAENCLOSURE: ( Enclosure ) Regular Wire of Net mul_17_30_n_219  ( V5 )
Bounds : ( 22.848, 5.840 ) ( 22.944, 5.968 )


VIAENCLOSURE: ( Enclosure ) Regular Wire of Net mul_17_30_n_219  ( V3 )
Bounds : ( 22.860, 5.964 ) ( 22.932, 6.060 )


VIAENCLOSURE: ( Enclosure ) Regular Wire of Net mul_17_30_n_934  ( V3 )
Bounds : ( 22.428, 7.116 ) ( 22.500, 7.212 )


VIAENCLOSURE: ( Enclosure ) Regular Wire of Net mul_17_30_n_426  ( V3 )
Bounds : ( 21.132, 5.964 ) ( 21.204, 6.060 )


VIAENCLOSURE: ( Enclosure ) Regular Wire of Net mul_17_30_n_218  ( V3 )
Bounds : ( 20.988, 6.924 ) ( 21.060, 7.020 )


EndOfLine: ( EndOfLine Spacing ) Regular Wire of Net FE_OFN119_FE_DBTN6_mul_17_30_n_485 & Regular Wire of Net mul_17_30_n_186  ( M3 )
Bounds : ( 22.428, 6.860 ) ( 22.500, 6.892 )


SPACING: ( ParallelRunLength Spacing ) Regular Wire of Net mul_17_30_n_186 & Regular Wire of Net mul_17_30_n_934  ( M3 )
Bounds : ( 22.428, 6.860 ) ( 22.500, 6.892 )


VIAENCLOSURE: ( Enclosure ) Regular Wire of Net n_3443  ( V3 )
Bounds : ( 28.620, 3.468 ) ( 28.692, 3.564 )


EndOfLine: ( EndOfLine Keepout ) Regular Wire of Net FE_OFN120_mul_17_30_n_80 & Regular Wire of Net FE_OFN189_FE_DBTN2_mul_17_30_n_558  ( M4 )
Bounds : ( 40.480, 9.900 ) ( 40.484, 9.996 )


VIAENCLOSURE: ( Enclosure ) Regular Wire of Net mul_17_30_n_1360  ( V3 )
Bounds : ( 16.812, 19.212 ) ( 16.884, 19.308 )


VIAENCLOSURE: ( Enclosure ) Regular Wire of Net FE_OFN66_iA_8  ( V3 )
Bounds : ( 16.812, 18.636 ) ( 16.884, 18.732 )


VIAENCLOSURE: ( Enclosure ) Regular Wire of Net mul_17_30_n_1268  ( V3 )
Bounds : ( 19.980, 19.404 ) ( 20.052, 19.500 )


VIAENCLOSURE: ( Enclosure ) Regular Wire of Net mul_17_30_n_1360  ( V5 )
Bounds : ( 16.800, 19.376 ) ( 16.896, 19.504 )


VIAENCLOSURE: ( Enclosure ) Regular Wire of Net FE_OFN66_iA_8  ( V5 )
Bounds : ( 18.528, 17.936 ) ( 18.624, 18.064 )


VIAENCLOSURE: ( Enclosure ) Regular Wire of Net n_3443  ( V3 )
Bounds : ( 17.676, 16.908 ) ( 17.748, 17.004 )


VIAENCLOSURE: ( Enclosure ) Regular Wire of Net mul_17_30_n_1271  ( V3 )
Bounds : ( 16.668, 16.908 ) ( 16.740, 17.004 )


VIAENCLOSURE: ( Enclosure ) Regular Wire of Net FE_OFN135_mul_17_30_n_424  ( V3 )
Bounds : ( 18.396, 16.332 ) ( 18.468, 16.428 )


VIAENCLOSURE: ( Enclosure ) Regular Wire of Net mul_17_30_n_1002  ( V3 )
Bounds : ( 20.268, 15.180 ) ( 20.340, 15.276 )


VIAENCLOSURE: ( Enclosure ) Regular Wire of Net mul_17_30_n_1133  ( V3 )
Bounds : ( 20.268, 15.564 ) ( 20.340, 15.660 )


VIAENCLOSURE: ( Enclosure ) Regular Wire of Net mul_17_30_n_1083  ( V3 )
Bounds : ( 20.268, 17.100 ) ( 20.340, 17.196 )


VIAENCLOSURE: ( Enclosure ) Regular Wire of Net mul_17_30_n_1229  ( V3 )
Bounds : ( 20.412, 16.716 ) ( 20.484, 16.812 )


SHORT: ( Metal Short ) Special Wire of Net VSS & Special Wire of Net VDD  ( M4 )
Bounds : ( 19.440, 17.736 ) ( 19.872, 17.904 )


VIAENCLOSURE: ( Enclosure ) Regular Wire of Net n_3436  ( V3 )
Bounds : ( 14.364, 18.636 ) ( 14.436, 18.732 )


VIAENCLOSURE: ( Enclosure ) Regular Wire of Net n_3436  ( V5 )
Bounds : ( 14.208, 18.512 ) ( 14.304, 18.640 )


VIAENCLOSURE: ( Enclosure ) Regular Wire of Net n_3421  ( V5 )
Bounds : ( 14.640, 19.088 ) ( 14.736, 19.216 )


VIAENCLOSURE: ( Enclosure ) Regular Wire of Net n_3438  ( V3 )
Bounds : ( 15.516, 19.212 ) ( 15.588, 19.308 )


VIAENCLOSURE: ( Enclosure ) Regular Wire of Net mul_17_30_n_1225  ( V3 )
Bounds : ( 17.676, 14.604 ) ( 17.748, 14.700 )


VIAENCLOSURE: ( Enclosure ) Regular Wire of Net mul_17_30_n_1225  ( V5 )
Bounds : ( 17.664, 14.192 ) ( 17.760, 14.320 )


SHORT: ( Metal Short ) Special Wire of Net VSS & Special Wire of Net VDD  ( M4 )
Bounds : ( 19.440, 13.416 ) ( 19.872, 13.584 )


SHORT: ( Metal Short ) Special Wire of Net VDD & Special Wire of Net VSS  ( M4 )
Bounds : ( 19.440, 14.496 ) ( 19.872, 14.664 )


VIAENCLOSURE: ( Enclosure ) Regular Wire of Net FE_OFN116_FE_DBTN30_iB_5  ( V3 )
Bounds : ( 17.820, 12.300 ) ( 17.892, 12.396 )


VIAENCLOSURE: ( Enclosure ) Regular Wire of Net FE_OFN69_iA_5  ( V3 )
Bounds : ( 18.108, 10.572 ) ( 18.180, 10.668 )


VIAENCLOSURE: ( Enclosure ) Regular Wire of Net FE_OFN137_mul_17_30_n_456  ( V3 )
Bounds : ( 18.972, 11.340 ) ( 19.044, 11.436 )


VIAENCLOSURE: ( Enclosure ) Regular Wire of Net FE_OFN69_iA_5  ( V5 )
Bounds : ( 18.096, 10.736 ) ( 18.192, 10.864 )


VIAENCLOSURE: ( Enclosure ) Regular Wire of Net mul_17_30_n_1036  ( V5 )
Bounds : ( 18.528, 11.888 ) ( 18.624, 12.016 )


SHORT: ( Metal Short ) Special Wire of Net VDD & Special Wire of Net VSS  ( M4 )
Bounds : ( 19.440, 12.336 ) ( 19.872, 12.504 )


VIAENCLOSURE: ( Enclosure ) Regular Wire of Net mul_17_30_n_991  ( V3 )
Bounds : ( 13.356, 10.572 ) ( 13.428, 10.668 )


VIAENCLOSURE: ( Enclosure ) Regular Wire of Net mul_17_30_n_1036  ( V3 )
Bounds : ( 13.932, 12.300 ) ( 14.004, 12.396 )


VIAENCLOSURE: ( Enclosure ) Regular Wire of Net mul_17_30_n_991  ( V5 )
Bounds : ( 13.344, 10.448 ) ( 13.440, 10.576 )


VIAENCLOSURE: ( Enclosure ) Regular Wire of Net oP[5]  ( V3 )
Bounds : ( 0.396, 14.604 ) ( 0.468, 14.700 )


VIAENCLOSURE: ( Enclosure ) Regular Wire of Net oP[6]  ( V3 )
Bounds : ( 1.260, 16.908 ) ( 1.332, 17.004 )


VIAENCLOSURE: ( Enclosure ) Regular Wire of Net oP[7]  ( V3 )
Bounds : ( 5.580, 19.212 ) ( 5.652, 19.308 )


VIAENCLOSURE: ( Enclosure ) Regular Wire of Net oP[4]  ( V3 )
Bounds : ( 9.036, 9.996 ) ( 9.108, 10.092 )


VIAENCLOSURE: ( Enclosure ) Regular Wire of Net oP[5]  ( V5 )
Bounds : ( 0.384, 14.768 ) ( 0.480, 14.896 )


VIAENCLOSURE: ( Enclosure ) Regular Wire of Net oP[6]  ( V5 )
Bounds : ( 1.248, 17.072 ) ( 1.344, 17.200 )


VIAENCLOSURE: ( Enclosure ) Regular Wire of Net oP[7]  ( V5 )
Bounds : ( 5.568, 19.376 ) ( 5.664, 19.504 )


SHORT: ( Metal Short ) Special Wire of Net VDD & Special Wire of Net VSS  ( M4 )
Bounds : ( 2.376, 12.336 ) ( 2.808, 12.504 )


SHORT: ( Metal Short ) Special Wire of Net VSS & Special Wire of Net VDD  ( M4 )
Bounds : ( 2.376, 13.416 ) ( 2.808, 13.584 )


SHORT: ( Metal Short ) Special Wire of Net VDD & Special Wire of Net VSS  ( M4 )
Bounds : ( 2.376, 14.496 ) ( 2.808, 14.664 )


SHORT: ( Metal Short ) Special Wire of Net VSS & Special Wire of Net VDD  ( M4 )
Bounds : ( 2.376, 17.736 ) ( 2.808, 17.904 )


VIAENCLOSURE: ( Enclosure ) Regular Wire of Net n_3438  ( V3 )
Bounds : ( 16.956, 1.356 ) ( 17.028, 1.452 )


VIAENCLOSURE: ( Enclosure ) Regular Wire of Net mul_17_30_n_218  ( V3 )
Bounds : ( 20.412, 4.236 ) ( 20.484, 4.332 )


VIAENCLOSURE: ( Enclosure ) Regular Wire of Net mul_17_30_n_513  ( V3 )
Bounds : ( 20.556, 8.268 ) ( 20.628, 8.364 )


SHORT: ( Metal Short ) Special Wire of Net VDD & Special Wire of Net VSS  ( M4 )
Bounds : ( 19.440, 3.696 ) ( 19.872, 3.864 )


SHORT: ( Metal Short ) Special Wire of Net VSS & Special Wire of Net VDD  ( M4 )
Bounds : ( 19.440, 4.776 ) ( 19.872, 4.944 )


SHORT: ( Metal Short ) Special Wire of Net VDD & Special Wire of Net VSS  ( M4 )
Bounds : ( 19.440, 5.856 ) ( 19.872, 6.024 )


SHORT: ( Metal Short ) Special Wire of Net VSS & Special Wire of Net VDD  ( M4 )
Bounds : ( 19.440, 9.096 ) ( 19.872, 9.264 )


VIAENCLOSURE: ( Enclosure ) Regular Wire of Net oP[1]  ( V5 )
Bounds : ( 8.592, 4.976 ) ( 8.688, 5.104 )


VIAENCLOSURE: ( Enclosure ) Regular Wire of Net oP[2]  ( V5 )
Bounds : ( 6.432, 6.128 ) ( 6.528, 6.256 )


VIAENCLOSURE: ( Enclosure ) Regular Wire of Net oP[3]  ( V5 )
Bounds : ( 1.248, 7.856 ) ( 1.344, 7.984 )


VIAENCLOSURE: ( Enclosure ) Regular Wire of Net oP[3]  ( V3 )
Bounds : ( 1.260, 7.692 ) ( 1.332, 7.788 )


VIAENCLOSURE: ( Enclosure ) Regular Wire of Net oP[2]  ( V3 )
Bounds : ( 6.444, 5.964 ) ( 6.516, 6.060 )


VIAENCLOSURE: ( Enclosure ) Regular Wire of Net oP[1]  ( V3 )
Bounds : ( 8.604, 5.964 ) ( 8.676, 6.060 )


SHORT: ( Metal Short ) Special Wire of Net VDD & Special Wire of Net VSS  ( M4 )
Bounds : ( 2.376, 5.856 ) ( 2.808, 6.024 )


SHORT: ( Metal Short ) Special Wire of Net VSS & Special Wire of Net VDD  ( M4 )
Bounds : ( 2.376, 9.096 ) ( 2.808, 9.264 )


SHORT: ( Metal Short ) Special Wire of Net VDD & Special Wire of Net VSS  ( M4 )
Bounds : ( 2.376, 3.696 ) ( 2.808, 3.864 )


VIAENCLOSURE: ( Enclosure ) Regular Wire of Net oP[0]  ( V5 )
Bounds : ( 8.160, 2.096 ) ( 8.256, 2.224 )


VIAENCLOSURE: ( Enclosure ) Regular Wire of Net oP[0]  ( V3 )
Bounds : ( 8.172, 1.932 ) ( 8.244, 2.028 )


SHORT: ( Metal Short ) Special Wire of Net VSS & Special Wire of Net VDD  ( M4 )
Bounds : ( 2.376, 4.776 ) ( 2.808, 4.944 )


VIAENCLOSURE: ( Enclosure ) Regular Wire of Net oP[4]  ( V5 )
Bounds : ( 9.024, 9.872 ) ( 9.120, 10.000 )


VIAENCLOSURE: ( Enclosure ) Regular Wire of Net FE_OFN102_FE_DBTN38_iA_4  ( V3 )
Bounds : ( 20.700, 14.412 ) ( 20.772, 14.508 )


VIAENCLOSURE: ( Enclosure ) Regular Wire of Net mul_17_30_n_1036  ( V5 )
Bounds : ( 20.688, 11.888 ) ( 20.784, 12.016 )


VIAENCLOSURE: ( Enclosure ) Regular Wire of Net mul_17_30_n_1024  ( V3 )
Bounds : ( 20.700, 7.692 ) ( 20.772, 7.788 )


VIAENCLOSURE: ( Enclosure ) Regular Wire of Net mul_17_30_n_1537  ( V5 )
Bounds : ( 23.712, 20.240 ) ( 23.808, 20.368 )


VIAENCLOSURE: ( Enclosure ) Regular Wire of Net mul_17_30_n_1359  ( V5 )
Bounds : ( 15.504, 20.240 ) ( 15.600, 20.368 )


  Total Violations : 1000 Viols.
