###############################################################
#  Generated by:      Cadence Innovus 23.14-s088_1
#  OS:                Linux x86_64(Host ID user1-EliteMini)
#  Generated on:      Fri Aug  7 19:48:54 2026
#  Design:            axi_ram
#  Command:           verify_drc -report ./verify_rpt/drc_after_fill.rpt
###############################################################

OFFGRID: ( Off Grid or Wrong Way ) Special Wire of Net VSS  ( M7 )
Bounds : ( 985.760, 229.812 ) ( 985.888, 231.276 )


OFFGRID: ( Off Grid or Wrong Way ) Special Wire of Net VSS  ( M7 )
Bounds : ( 1011.680, 229.812 ) ( 1011.808, 231.276 )


OFFGRID: ( Off Grid or Wrong Way ) Special Wire of Net VSS  ( M7 )
Bounds : ( 1037.600, 229.812 ) ( 1037.728, 231.276 )


OFFGRID: ( Off Grid or Wrong Way ) Special Wire of Net VSS  ( M7 )
Bounds : ( 1063.520, 229.812 ) ( 1063.648, 231.276 )


OFFGRID: ( Off Grid or Wrong Way ) Special Wire of Net VSS  ( M7 )
Bounds : ( 1089.440, 229.812 ) ( 1089.568, 231.276 )


OFFGRID: ( Off Grid or Wrong Way ) Special Wire of Net VSS  ( M7 )
Bounds : ( 933.920, 229.812 ) ( 934.048, 231.276 )


OFFGRID: ( Off Grid or Wrong Way ) Special Wire of Net VSS  ( M7 )
Bounds : ( 959.840, 229.812 ) ( 959.968, 231.276 )


OFFGRID: ( Off Grid or Wrong Way ) Special Wire of Net VSS  ( M7 )
Bounds : ( 882.080, 229.812 ) ( 882.208, 231.276 )


OFFGRID: ( Off Grid or Wrong Way ) Special Wire of Net VSS  ( M7 )
Bounds : ( 908.000, 229.812 ) ( 908.128, 231.276 )


OFFGRID: ( Off Grid or Wrong Way ) Special Wire of Net VSS  ( M7 )
Bounds : ( 830.240, 229.812 ) ( 830.368, 231.276 )


OFFGRID: ( Off Grid or Wrong Way ) Special Wire of Net VSS  ( M7 )
Bounds : ( 856.160, 229.812 ) ( 856.288, 231.276 )


OFFGRID: ( Off Grid or Wrong Way ) Special Wire of Net VSS  ( M7 )
Bounds : ( 752.480, 229.812 ) ( 752.608, 231.276 )


OFFGRID: ( Off Grid or Wrong Way ) Special Wire of Net VSS  ( M7 )
Bounds : ( 778.400, 229.812 ) ( 778.528, 231.276 )


OFFGRID: ( Off Grid or Wrong Way ) Special Wire of Net VSS  ( M7 )
Bounds : ( 804.320, 229.812 ) ( 804.448, 231.276 )


OFFGRID: ( Off Grid or Wrong Way ) Special Wire of Net VSS  ( M7 )
Bounds : ( 700.640, 229.812 ) ( 700.768, 231.276 )


OFFGRID: ( Off Grid or Wrong Way ) Special Wire of Net VSS  ( M7 )
Bounds : ( 726.560, 229.812 ) ( 726.688, 231.276 )


OFFGRID: ( Off Grid or Wrong Way ) Special Wire of Net VSS  ( M7 )
Bounds : ( 622.880, 229.812 ) ( 623.008, 231.276 )


OFFGRID: ( Off Grid or Wrong Way ) Special Wire of Net VSS  ( M7 )
Bounds : ( 648.800, 229.812 ) ( 648.928, 231.276 )


OFFGRID: ( Off Grid or Wrong Way ) Special Wire of Net VSS  ( M7 )
Bounds : ( 674.720, 229.812 ) ( 674.848, 231.276 )


OFFGRID: ( Off Grid or Wrong Way ) Special Wire of Net VSS  ( M7 )
Bounds : ( 571.040, 229.812 ) ( 571.168, 231.276 )


OFFGRID: ( Off Grid or Wrong Way ) Special Wire of Net VSS  ( M7 )
Bounds : ( 596.960, 229.812 ) ( 597.088, 231.276 )


OFFGRID: ( Off Grid or Wrong Way ) Special Wire of Net VSS  ( M7 )
Bounds : ( 985.760, 126.132 ) ( 985.888, 127.596 )


OFFGRID: ( Off Grid or Wrong Way ) Special Wire of Net VSS  ( M7 )
Bounds : ( 985.760, 160.692 ) ( 985.888, 162.156 )


OFFGRID: ( Off Grid or Wrong Way ) Special Wire of Net VSS  ( M7 )
Bounds : ( 1063.520, 91.572 ) ( 1063.648, 93.036 )


OFFGRID: ( Off Grid or Wrong Way ) Special Wire of Net VSS  ( M7 )
Bounds : ( 1089.440, 91.572 ) ( 1089.568, 93.036 )


OFFGRID: ( Off Grid or Wrong Way ) Special Wire of Net VSS  ( M7 )
Bounds : ( 1063.520, 126.132 ) ( 1063.648, 127.596 )


OFFGRID: ( Off Grid or Wrong Way ) Special Wire of Net VSS  ( M7 )
Bounds : ( 1063.520, 160.692 ) ( 1063.648, 162.156 )


OFFGRID: ( Off Grid or Wrong Way ) Special Wire of Net VSS  ( M7 )
Bounds : ( 1089.440, 126.132 ) ( 1089.568, 127.596 )


OFFGRID: ( Off Grid or Wrong Way ) Special Wire of Net VSS  ( M7 )
Bounds : ( 1089.440, 160.692 ) ( 1089.568, 162.156 )


OFFGRID: ( Off Grid or Wrong Way ) Special Wire of Net VSS  ( M7 )
Bounds : ( 985.760, 91.572 ) ( 985.888, 93.036 )


OFFGRID: ( Off Grid or Wrong Way ) Special Wire of Net VSS  ( M7 )
Bounds : ( 985.760, 195.252 ) ( 985.888, 196.716 )


OFFGRID: ( Off Grid or Wrong Way ) Special Wire of Net VSS  ( M7 )
Bounds : ( 1011.680, 195.252 ) ( 1011.808, 196.716 )


OFFGRID: ( Off Grid or Wrong Way ) Special Wire of Net VSS  ( M7 )
Bounds : ( 1037.600, 195.252 ) ( 1037.728, 196.716 )


OFFGRID: ( Off Grid or Wrong Way ) Special Wire of Net VSS  ( M7 )
Bounds : ( 1011.680, 91.572 ) ( 1011.808, 93.036 )


OFFGRID: ( Off Grid or Wrong Way ) Special Wire of Net VSS  ( M7 )
Bounds : ( 1037.600, 91.572 ) ( 1037.728, 93.036 )


OFFGRID: ( Off Grid or Wrong Way ) Special Wire of Net VSS  ( M7 )
Bounds : ( 1063.520, 195.252 ) ( 1063.648, 196.716 )


OFFGRID: ( Off Grid or Wrong Way ) Special Wire of Net VSS  ( M7 )
Bounds : ( 1089.440, 195.252 ) ( 1089.568, 196.716 )


OFFGRID: ( Off Grid or Wrong Way ) Special Wire of Net VSS  ( M7 )
Bounds : ( 1011.680, 126.132 ) ( 1011.808, 127.596 )


OFFGRID: ( Off Grid or Wrong Way ) Special Wire of Net VSS  ( M7 )
Bounds : ( 1011.680, 160.692 ) ( 1011.808, 162.156 )


OFFGRID: ( Off Grid or Wrong Way ) Special Wire of Net VSS  ( M7 )
Bounds : ( 1037.600, 126.132 ) ( 1037.728, 127.596 )


OFFGRID: ( Off Grid or Wrong Way ) Special Wire of Net VSS  ( M7 )
Bounds : ( 1037.600, 160.692 ) ( 1037.728, 162.156 )


OFFGRID: ( Off Grid or Wrong Way ) Special Wire of Net VSS  ( M7 )
Bounds : ( 882.080, 160.692 ) ( 882.208, 162.156 )


OFFGRID: ( Off Grid or Wrong Way ) Special Wire of Net VSS  ( M7 )
Bounds : ( 908.000, 160.692 ) ( 908.128, 162.156 )


OFFGRID: ( Off Grid or Wrong Way ) Special Wire of Net VSS  ( M7 )
Bounds : ( 933.920, 160.692 ) ( 934.048, 162.156 )


OFFGRID: ( Off Grid or Wrong Way ) Special Wire of Net VSS  ( M7 )
Bounds : ( 959.840, 160.692 ) ( 959.968, 162.156 )


OFFGRID: ( Off Grid or Wrong Way ) Special Wire of Net VSS  ( M7 )
Bounds : ( 830.240, 160.692 ) ( 830.368, 162.156 )


OFFGRID: ( Off Grid or Wrong Way ) Special Wire of Net VSS  ( M7 )
Bounds : ( 856.160, 160.692 ) ( 856.288, 162.156 )


OFFGRID: ( Off Grid or Wrong Way ) Special Wire of Net VSS  ( M7 )
Bounds : ( 933.920, 195.252 ) ( 934.048, 196.716 )


OFFGRID: ( Off Grid or Wrong Way ) Special Wire of Net VSS  ( M7 )
Bounds : ( 959.840, 195.252 ) ( 959.968, 196.716 )


OFFGRID: ( Off Grid or Wrong Way ) Special Wire of Net VSS  ( M7 )
Bounds : ( 882.080, 195.252 ) ( 882.208, 196.716 )


OFFGRID: ( Off Grid or Wrong Way ) Special Wire of Net VSS  ( M7 )
Bounds : ( 908.000, 195.252 ) ( 908.128, 196.716 )


OFFGRID: ( Off Grid or Wrong Way ) Special Wire of Net VSS  ( M7 )
Bounds : ( 830.240, 195.252 ) ( 830.368, 196.716 )


OFFGRID: ( Off Grid or Wrong Way ) Special Wire of Net VSS  ( M7 )
Bounds : ( 856.160, 195.252 ) ( 856.288, 196.716 )


OFFGRID: ( Off Grid or Wrong Way ) Special Wire of Net VSS  ( M7 )
Bounds : ( 882.080, 126.132 ) ( 882.208, 127.596 )


OFFGRID: ( Off Grid or Wrong Way ) Special Wire of Net VSS  ( M7 )
Bounds : ( 908.000, 126.132 ) ( 908.128, 127.596 )


OFFGRID: ( Off Grid or Wrong Way ) Special Wire of Net VSS  ( M7 )
Bounds : ( 933.920, 126.132 ) ( 934.048, 127.596 )


OFFGRID: ( Off Grid or Wrong Way ) Special Wire of Net VSS  ( M7 )
Bounds : ( 959.840, 126.132 ) ( 959.968, 127.596 )


OFFGRID: ( Off Grid or Wrong Way ) Special Wire of Net VSS  ( M7 )
Bounds : ( 830.240, 126.132 ) ( 830.368, 127.596 )


OFFGRID: ( Off Grid or Wrong Way ) Special Wire of Net VSS  ( M7 )
Bounds : ( 856.160, 126.132 ) ( 856.288, 127.596 )


OFFGRID: ( Off Grid or Wrong Way ) Special Wire of Net VSS  ( M7 )
Bounds : ( 933.920, 91.572 ) ( 934.048, 93.036 )


OFFGRID: ( Off Grid or Wrong Way ) Special Wire of Net VSS  ( M7 )
Bounds : ( 959.840, 91.572 ) ( 959.968, 93.036 )


OFFGRID: ( Off Grid or Wrong Way ) Special Wire of Net VSS  ( M7 )
Bounds : ( 830.240, 91.572 ) ( 830.368, 93.036 )


OFFGRID: ( Off Grid or Wrong Way ) Special Wire of Net VSS  ( M7 )
Bounds : ( 856.160, 91.572 ) ( 856.288, 93.036 )


OFFGRID: ( Off Grid or Wrong Way ) Special Wire of Net VSS  ( M7 )
Bounds : ( 882.080, 91.572 ) ( 882.208, 93.036 )


OFFGRID: ( Off Grid or Wrong Way ) Special Wire of Net VSS  ( M7 )
Bounds : ( 908.000, 91.572 ) ( 908.128, 93.036 )


OFFGRID: ( Off Grid or Wrong Way ) Special Wire of Net VSS  ( M7 )
Bounds : ( 882.080, 22.452 ) ( 882.208, 23.916 )


OFFGRID: ( Off Grid or Wrong Way ) Special Wire of Net VSS  ( M7 )
Bounds : ( 882.080, 57.012 ) ( 882.208, 58.476 )


OFFGRID: ( Off Grid or Wrong Way ) Special Wire of Net VSS  ( M7 )
Bounds : ( 908.000, 22.452 ) ( 908.128, 23.916 )


OFFGRID: ( Off Grid or Wrong Way ) Special Wire of Net VSS  ( M7 )
Bounds : ( 908.000, 57.012 ) ( 908.128, 58.476 )


OFFGRID: ( Off Grid or Wrong Way ) Special Wire of Net VSS  ( M7 )
Bounds : ( 1011.680, 22.452 ) ( 1011.808, 23.916 )


OFFGRID: ( Off Grid or Wrong Way ) Special Wire of Net VSS  ( M7 )
Bounds : ( 1011.680, 57.012 ) ( 1011.808, 58.476 )


OFFGRID: ( Off Grid or Wrong Way ) Special Wire of Net VSS  ( M7 )
Bounds : ( 1037.600, 22.452 ) ( 1037.728, 23.916 )


OFFGRID: ( Off Grid or Wrong Way ) Special Wire of Net VSS  ( M7 )
Bounds : ( 1037.600, 57.012 ) ( 1037.728, 58.476 )


OFFGRID: ( Off Grid or Wrong Way ) Special Wire of Net VSS  ( M7 )
Bounds : ( 1063.520, 22.452 ) ( 1063.648, 23.916 )


OFFGRID: ( Off Grid or Wrong Way ) Special Wire of Net VSS  ( M7 )
Bounds : ( 1063.520, 57.012 ) ( 1063.648, 58.476 )


OFFGRID: ( Off Grid or Wrong Way ) Special Wire of Net VSS  ( M7 )
Bounds : ( 1089.440, 22.452 ) ( 1089.568, 23.916 )


OFFGRID: ( Off Grid or Wrong Way ) Special Wire of Net VSS  ( M7 )
Bounds : ( 1089.440, 57.012 ) ( 1089.568, 58.476 )


OFFGRID: ( Off Grid or Wrong Way ) Special Wire of Net VSS  ( M7 )
Bounds : ( 933.920, 22.452 ) ( 934.048, 23.916 )


OFFGRID: ( Off Grid or Wrong Way ) Special Wire of Net VSS  ( M7 )
Bounds : ( 933.920, 57.012 ) ( 934.048, 58.476 )


OFFGRID: ( Off Grid or Wrong Way ) Special Wire of Net VSS  ( M7 )
Bounds : ( 959.840, 22.452 ) ( 959.968, 23.916 )


OFFGRID: ( Off Grid or Wrong Way ) Special Wire of Net VSS  ( M7 )
Bounds : ( 959.840, 57.012 ) ( 959.968, 58.476 )


OFFGRID: ( Off Grid or Wrong Way ) Special Wire of Net VSS  ( M7 )
Bounds : ( 985.760, 22.452 ) ( 985.888, 23.916 )


OFFGRID: ( Off Grid or Wrong Way ) Special Wire of Net VSS  ( M7 )
Bounds : ( 985.760, 57.012 ) ( 985.888, 58.476 )


OFFGRID: ( Off Grid or Wrong Way ) Special Wire of Net VSS  ( M7 )
Bounds : ( 830.240, 22.452 ) ( 830.368, 23.916 )


OFFGRID: ( Off Grid or Wrong Way ) Special Wire of Net VSS  ( M7 )
Bounds : ( 830.240, 57.012 ) ( 830.368, 58.476 )


OFFGRID: ( Off Grid or Wrong Way ) Special Wire of Net VSS  ( M7 )
Bounds : ( 856.160, 22.452 ) ( 856.288, 23.916 )


OFFGRID: ( Off Grid or Wrong Way ) Special Wire of Net VSS  ( M7 )
Bounds : ( 856.160, 57.012 ) ( 856.288, 58.476 )


SHORT: ( Metal Short ) Regular Wire of Net s_axi_rdata[26] & Special Wire of Net VSS  ( M7 )
Bounds : ( 830.384, 0.308 ) ( 830.512, 0.748 )


OFFGRID: ( Off Grid or Wrong Way ) Special Wire of Net VSS  ( M7 )
Bounds : ( 752.480, 126.132 ) ( 752.608, 127.596 )


OFFGRID: ( Off Grid or Wrong Way ) Special Wire of Net VSS  ( M7 )
Bounds : ( 752.480, 160.692 ) ( 752.608, 162.156 )


OFFGRID: ( Off Grid or Wrong Way ) Special Wire of Net VSS  ( M7 )
Bounds : ( 778.400, 126.132 ) ( 778.528, 127.596 )


OFFGRID: ( Off Grid or Wrong Way ) Special Wire of Net VSS  ( M7 )
Bounds : ( 778.400, 160.692 ) ( 778.528, 162.156 )


OFFGRID: ( Off Grid or Wrong Way ) Special Wire of Net VSS  ( M7 )
Bounds : ( 804.320, 126.132 ) ( 804.448, 127.596 )


OFFGRID: ( Off Grid or Wrong Way ) Special Wire of Net VSS  ( M7 )
Bounds : ( 804.320, 160.692 ) ( 804.448, 162.156 )


OFFGRID: ( Off Grid or Wrong Way ) Special Wire of Net VSS  ( M7 )
Bounds : ( 700.640, 126.132 ) ( 700.768, 127.596 )


OFFGRID: ( Off Grid or Wrong Way ) Special Wire of Net VSS  ( M7 )
Bounds : ( 700.640, 160.692 ) ( 700.768, 162.156 )


OFFGRID: ( Off Grid or Wrong Way ) Special Wire of Net VSS  ( M7 )
Bounds : ( 726.560, 126.132 ) ( 726.688, 127.596 )


OFFGRID: ( Off Grid or Wrong Way ) Special Wire of Net VSS  ( M7 )
Bounds : ( 726.560, 160.692 ) ( 726.688, 162.156 )


OFFGRID: ( Off Grid or Wrong Way ) Special Wire of Net VSS  ( M7 )
Bounds : ( 700.640, 91.572 ) ( 700.768, 93.036 )


OFFGRID: ( Off Grid or Wrong Way ) Special Wire of Net VSS  ( M7 )
Bounds : ( 726.560, 91.572 ) ( 726.688, 93.036 )


OFFGRID: ( Off Grid or Wrong Way ) Special Wire of Net VSS  ( M7 )
Bounds : ( 752.480, 195.252 ) ( 752.608, 196.716 )


OFFGRID: ( Off Grid or Wrong Way ) Special Wire of Net VSS  ( M7 )
Bounds : ( 778.400, 195.252 ) ( 778.528, 196.716 )


OFFGRID: ( Off Grid or Wrong Way ) Special Wire of Net VSS  ( M7 )
Bounds : ( 804.320, 195.252 ) ( 804.448, 196.716 )


OFFGRID: ( Off Grid or Wrong Way ) Special Wire of Net VSS  ( M7 )
Bounds : ( 700.640, 195.252 ) ( 700.768, 196.716 )


OFFGRID: ( Off Grid or Wrong Way ) Special Wire of Net VSS  ( M7 )
Bounds : ( 726.560, 195.252 ) ( 726.688, 196.716 )


OFFGRID: ( Off Grid or Wrong Way ) Special Wire of Net VSS  ( M7 )
Bounds : ( 752.480, 91.572 ) ( 752.608, 93.036 )


OFFGRID: ( Off Grid or Wrong Way ) Special Wire of Net VSS  ( M7 )
Bounds : ( 778.400, 91.572 ) ( 778.528, 93.036 )


OFFGRID: ( Off Grid or Wrong Way ) Special Wire of Net VSS  ( M7 )
Bounds : ( 804.320, 91.572 ) ( 804.448, 93.036 )


OFFGRID: ( Off Grid or Wrong Way ) Special Wire of Net VSS  ( M7 )
Bounds : ( 622.880, 126.132 ) ( 623.008, 127.596 )


OFFGRID: ( Off Grid or Wrong Way ) Special Wire of Net VSS  ( M7 )
Bounds : ( 622.880, 160.692 ) ( 623.008, 162.156 )


OFFGRID: ( Off Grid or Wrong Way ) Special Wire of Net VSS  ( M7 )
Bounds : ( 648.800, 126.132 ) ( 648.928, 127.596 )


OFFGRID: ( Off Grid or Wrong Way ) Special Wire of Net VSS  ( M7 )
Bounds : ( 648.800, 160.692 ) ( 648.928, 162.156 )


OFFGRID: ( Off Grid or Wrong Way ) Special Wire of Net VSS  ( M7 )
Bounds : ( 674.720, 126.132 ) ( 674.848, 127.596 )


OFFGRID: ( Off Grid or Wrong Way ) Special Wire of Net VSS  ( M7 )
Bounds : ( 674.720, 160.692 ) ( 674.848, 162.156 )


OFFGRID: ( Off Grid or Wrong Way ) Special Wire of Net VSS  ( M7 )
Bounds : ( 571.040, 126.132 ) ( 571.168, 127.596 )


OFFGRID: ( Off Grid or Wrong Way ) Special Wire of Net VSS  ( M7 )
Bounds : ( 571.040, 160.692 ) ( 571.168, 162.156 )


OFFGRID: ( Off Grid or Wrong Way ) Special Wire of Net VSS  ( M7 )
Bounds : ( 596.960, 126.132 ) ( 597.088, 127.596 )


OFFGRID: ( Off Grid or Wrong Way ) Special Wire of Net VSS  ( M7 )
Bounds : ( 596.960, 160.692 ) ( 597.088, 162.156 )


OFFGRID: ( Off Grid or Wrong Way ) Special Wire of Net VSS  ( M7 )
Bounds : ( 622.880, 195.252 ) ( 623.008, 196.716 )


OFFGRID: ( Off Grid or Wrong Way ) Special Wire of Net VSS  ( M7 )
Bounds : ( 648.800, 195.252 ) ( 648.928, 196.716 )


OFFGRID: ( Off Grid or Wrong Way ) Special Wire of Net VSS  ( M7 )
Bounds : ( 674.720, 195.252 ) ( 674.848, 196.716 )


OFFGRID: ( Off Grid or Wrong Way ) Special Wire of Net VSS  ( M7 )
Bounds : ( 622.880, 91.572 ) ( 623.008, 93.036 )


OFFGRID: ( Off Grid or Wrong Way ) Special Wire of Net VSS  ( M7 )
Bounds : ( 648.800, 91.572 ) ( 648.928, 93.036 )


OFFGRID: ( Off Grid or Wrong Way ) Special Wire of Net VSS  ( M7 )
Bounds : ( 674.720, 91.572 ) ( 674.848, 93.036 )


OFFGRID: ( Off Grid or Wrong Way ) Special Wire of Net VSS  ( M7 )
Bounds : ( 571.040, 195.252 ) ( 571.168, 196.716 )


OFFGRID: ( Off Grid or Wrong Way ) Special Wire of Net VSS  ( M7 )
Bounds : ( 596.960, 195.252 ) ( 597.088, 196.716 )


OFFGRID: ( Off Grid or Wrong Way ) Special Wire of Net VSS  ( M7 )
Bounds : ( 571.040, 91.572 ) ( 571.168, 93.036 )


OFFGRID: ( Off Grid or Wrong Way ) Special Wire of Net VSS  ( M7 )
Bounds : ( 596.960, 91.572 ) ( 597.088, 93.036 )


OFFGRID: ( Off Grid or Wrong Way ) Special Wire of Net VSS  ( M7 )
Bounds : ( 622.880, 22.452 ) ( 623.008, 23.916 )


OFFGRID: ( Off Grid or Wrong Way ) Special Wire of Net VSS  ( M7 )
Bounds : ( 622.880, 57.012 ) ( 623.008, 58.476 )


OFFGRID: ( Off Grid or Wrong Way ) Special Wire of Net VSS  ( M7 )
Bounds : ( 648.800, 22.452 ) ( 648.928, 23.916 )


OFFGRID: ( Off Grid or Wrong Way ) Special Wire of Net VSS  ( M7 )
Bounds : ( 648.800, 57.012 ) ( 648.928, 58.476 )


OFFGRID: ( Off Grid or Wrong Way ) Special Wire of Net VSS  ( M7 )
Bounds : ( 674.720, 22.452 ) ( 674.848, 23.916 )


OFFGRID: ( Off Grid or Wrong Way ) Special Wire of Net VSS  ( M7 )
Bounds : ( 674.720, 57.012 ) ( 674.848, 58.476 )


OFFGRID: ( Off Grid or Wrong Way ) Special Wire of Net VSS  ( M7 )
Bounds : ( 752.480, 22.452 ) ( 752.608, 23.916 )


OFFGRID: ( Off Grid or Wrong Way ) Special Wire of Net VSS  ( M7 )
Bounds : ( 752.480, 57.012 ) ( 752.608, 58.476 )


OFFGRID: ( Off Grid or Wrong Way ) Special Wire of Net VSS  ( M7 )
Bounds : ( 778.400, 22.452 ) ( 778.528, 23.916 )


OFFGRID: ( Off Grid or Wrong Way ) Special Wire of Net VSS  ( M7 )
Bounds : ( 778.400, 57.012 ) ( 778.528, 58.476 )


OFFGRID: ( Off Grid or Wrong Way ) Special Wire of Net VSS  ( M7 )
Bounds : ( 804.320, 22.452 ) ( 804.448, 23.916 )


OFFGRID: ( Off Grid or Wrong Way ) Special Wire of Net VSS  ( M7 )
Bounds : ( 804.320, 57.012 ) ( 804.448, 58.476 )


OFFGRID: ( Off Grid or Wrong Way ) Special Wire of Net VSS  ( M7 )
Bounds : ( 700.640, 22.452 ) ( 700.768, 23.916 )


OFFGRID: ( Off Grid or Wrong Way ) Special Wire of Net VSS  ( M7 )
Bounds : ( 700.640, 57.012 ) ( 700.768, 58.476 )


OFFGRID: ( Off Grid or Wrong Way ) Special Wire of Net VSS  ( M7 )
Bounds : ( 726.560, 22.452 ) ( 726.688, 23.916 )


OFFGRID: ( Off Grid or Wrong Way ) Special Wire of Net VSS  ( M7 )
Bounds : ( 726.560, 57.012 ) ( 726.688, 58.476 )


OFFGRID: ( Off Grid or Wrong Way ) Special Wire of Net VSS  ( M7 )
Bounds : ( 571.040, 22.452 ) ( 571.168, 23.916 )


OFFGRID: ( Off Grid or Wrong Way ) Special Wire of Net VSS  ( M7 )
Bounds : ( 571.040, 57.012 ) ( 571.168, 58.476 )


OFFGRID: ( Off Grid or Wrong Way ) Special Wire of Net VSS  ( M7 )
Bounds : ( 596.960, 22.452 ) ( 597.088, 23.916 )


OFFGRID: ( Off Grid or Wrong Way ) Special Wire of Net VSS  ( M7 )
Bounds : ( 596.960, 57.012 ) ( 597.088, 58.476 )


OFFGRID: ( Off Grid or Wrong Way ) Special Wire of Net VSS  ( M7 )
Bounds : ( 519.200, 229.812 ) ( 519.328, 231.276 )


OFFGRID: ( Off Grid or Wrong Way ) Special Wire of Net VSS  ( M7 )
Bounds : ( 545.120, 229.812 ) ( 545.248, 231.276 )


OFFGRID: ( Off Grid or Wrong Way ) Regular Wire of Net u_mem/FE_OFN299_n  ( M6 )
Bounds : ( 440.100, 240.372 ) ( 440.376, 240.500 )


OFFGRID: ( Off Grid or Wrong Way ) Regular Wire of Net u_mem/FE_OFN669_mem_wdata_19  ( M6 )
Bounds : ( 440.388, 236.052 ) ( 440.948, 236.180 )


OFFGRID: ( Off Grid or Wrong Way ) Regular Wire of Net u_mem/bank_rdata[13][18]  ( M6 )
Bounds : ( 440.964, 239.988 ) ( 441.240, 240.116 )


SHORT: ( Cut Short ) Regular Wire of Net u_mem/bank_rdata[13][19] & Blockage of Cell u_mem/G_SRAM_BANK[13].u_sram  ( V3 )
Bounds : ( 440.604, 235.684 ) ( 440.676, 235.780 )


SHORT: ( Metal Short ) Regular Wire of Net u_mem/FE_OFN299_n & Routing Blockage  ( M5 )
Bounds : ( 440.160, 240.328 ) ( 440.256, 240.664 )


SHORT: ( Metal Short ) Regular Wire of Net u_mem/FE_OFN669_mem_wdata_19 & Routing Blockage  ( M5 )
Bounds : ( 440.808, 236.008 ) ( 440.904, 236.344 )


SHORT: ( Metal Short ) Regular Wire of Net u_mem/bank_rdata[13][18] & Routing Blockage  ( M5 )
Bounds : ( 441.024, 239.944 ) ( 441.120, 240.280 )


SHORT: ( Metal Short ) Regular Wire of Net u_mem/bank_rdata[13][20] & Routing Blockage  ( M5 )
Bounds : ( 440.376, 231.304 ) ( 440.472, 231.640 )


Geometric: ( Rect Only ) Regular Wire of Net u_mem/FE_OFN869_n  ( M6 )
Bounds : ( 439.236, 231.732 ) ( 439.240, 231.824 )


Geometric: ( Rect Only ) Regular Wire of Net u_mem/FE_OFN869_n  ( M6 )
Bounds : ( 439.388, 231.696 ) ( 439.516, 231.760 )


WIDTH: ( WidthTable ) Regular Wire of Net u_mem/FE_OFN869_n  ( M6 )
Bounds : ( 439.176, 231.632 ) ( 439.452, 231.860 )


SHORT: ( Cut Short ) Regular Wire of Net u_mem/FE_OFN869_n  ( V6 )
Bounds : ( 439.280, 231.732 ) ( 439.408, 231.760 )


SHORT: ( Metal Short ) Regular Wire of Net u_mem/FE_OFN869_n & Routing Blockage  ( M5 )
Bounds : ( 439.296, 231.688 ) ( 439.392, 232.024 )


OFFGRID: ( Off Grid or Wrong Way ) Regular Wire of Net u_mem/bank_rdata[13][21]  ( M6 )
Bounds : ( 439.236, 227.028 ) ( 439.512, 227.156 )


SHORT: ( Metal Short ) Regular Wire of Net u_mem/bank_rdata[13][21] & Routing Blockage  ( M5 )
Bounds : ( 439.296, 226.984 ) ( 439.392, 227.320 )


SHORT: ( Metal Short ) Regular Wire of Net u_mem/FE_OFN923_n & Routing Blockage  ( M5 )
Bounds : ( 440.160, 227.368 ) ( 440.256, 227.704 )


OFFGRID: ( Off Grid or Wrong Way ) Regular Wire of Net u_mem/FE_OFN923_n  ( M6 )
Bounds : ( 440.100, 227.412 ) ( 440.376, 227.540 )


OFFGRID: ( Off Grid or Wrong Way ) Regular Wire of Net u_mem/bank_rdata[13][20]  ( M6 )
Bounds : ( 440.100, 231.348 ) ( 440.516, 231.476 )


OFFGRID: ( Off Grid or Wrong Way ) Regular Wire of Net u_mem/FE_OFN867_n  ( M6 )
Bounds : ( 440.388, 218.772 ) ( 440.732, 218.900 )


SHORT: ( Metal Short ) Regular Wire of Net u_mem/FE_OFN867_n & Routing Blockage  ( M5 )
Bounds : ( 440.592, 218.728 ) ( 440.688, 219.064 )


OFFGRID: ( Off Grid or Wrong Way ) Regular Wire of Net u_mem/bank_rdata[13][23]  ( M6 )
Bounds : ( 438.948, 218.388 ) ( 439.224, 218.516 )


OFFGRID: ( Off Grid or Wrong Way ) Regular Wire of Net u_mem/FE_OFN689_mem_wdata_22  ( M6 )
Bounds : ( 439.236, 223.092 ) ( 439.512, 223.220 )


SHORT: ( Metal Short ) Regular Wire of Net u_mem/bank_rdata[13][23] & Routing Blockage  ( M5 )
Bounds : ( 439.080, 218.344 ) ( 439.176, 218.680 )


SHORT: ( Metal Short ) Regular Wire of Net u_mem/FE_OFN689_mem_wdata_22 & Routing Blockage  ( M5 )
Bounds : ( 439.296, 223.048 ) ( 439.392, 223.384 )


SHORT: ( Metal Short ) Regular Wire of Net u_mem/bank_rdata[13][22] & Routing Blockage  ( M5 )
Bounds : ( 440.160, 222.664 ) ( 440.256, 223.000 )


OFFGRID: ( Off Grid or Wrong Way ) Regular Wire of Net u_mem/bank_rdata[13][22]  ( M6 )
Bounds : ( 440.100, 222.708 ) ( 440.376, 222.836 )


OFFGRID: ( Off Grid or Wrong Way ) Regular Wire of Net u_mem/FE_OFN165_mem_wdata_25  ( M6 )
Bounds : ( 440.388, 210.132 ) ( 440.664, 210.260 )


SHORT: ( Metal Short ) Regular Wire of Net u_mem/FE_OFN165_mem_wdata_25 & Routing Blockage  ( M5 )
Bounds : ( 440.448, 210.088 ) ( 440.544, 210.424 )


OFFGRID: ( Off Grid or Wrong Way ) Regular Wire of Net u_mem/bank_rdata[13][25]  ( M6 )
Bounds : ( 438.948, 209.748 ) ( 439.224, 209.876 )


OFFGRID: ( Off Grid or Wrong Way ) Regular Wire of Net u_mem/FE_OFN734_n  ( M6 )
Bounds : ( 439.468, 214.452 ) ( 439.744, 214.580 )


SHORT: ( Metal Short ) Regular Wire of Net u_mem/bank_rdata[13][25] & Routing Blockage  ( M5 )
Bounds : ( 439.080, 209.704 ) ( 439.176, 210.040 )


SHORT: ( Metal Short ) Regular Wire of Net u_mem/FE_OFN734_n & Routing Blockage  ( M5 )
Bounds : ( 439.512, 214.408 ) ( 439.608, 214.744 )


SHORT: ( Metal Short ) Regular Wire of Net u_mem/bank_rdata[13][24] & Routing Blockage  ( M5 )
Bounds : ( 440.160, 214.024 ) ( 440.256, 214.360 )


OFFGRID: ( Off Grid or Wrong Way ) Regular Wire of Net u_mem/bank_rdata[13][24]  ( M6 )
Bounds : ( 440.100, 214.068 ) ( 440.376, 214.196 )


SHORT: ( Cut Short ) Regular Wire of Net u_mem/bank_rdata[11][17] & Blockage of Cell u_mem/G_SRAM_BANK[11].u_sram  ( V3 )
Bounds : ( 312.012, 244.032 ) ( 312.084, 244.128 )


SHORT: ( Metal Short ) Regular Wire of Net u_mem/bank_rdata[11][17] & Routing Blockage  ( M4 )
Bounds : ( 311.956, 244.032 ) ( 312.292, 244.128 )


SHORT: ( Metal Short ) Regular Wire of Net u_mem/bank_rdata[11][17] & Routing Blockage  ( M5 )
Bounds : ( 312.000, 243.972 ) ( 312.096, 244.308 )


OFFGRID: ( Off Grid or Wrong Way ) Regular Wire of Net u_mem/bank_rdata[11][18]  ( M6 )
Bounds : ( 313.092, 239.988 ) ( 313.368, 240.116 )


OFFGRID: ( Off Grid or Wrong Way ) Regular Wire of Net u_mem/FE_OFN299_n  ( M6 )
Bounds : ( 314.188, 240.372 ) ( 314.464, 240.500 )


SHORT: ( Metal Short ) Regular Wire of Net u_mem/bank_rdata[11][18] & Routing Blockage  ( M5 )
Bounds : ( 313.152, 239.944 ) ( 313.248, 240.280 )


SHORT: ( Metal Short ) Regular Wire of Net u_mem/FE_OFN299_n & Routing Blockage  ( M5 )
Bounds : ( 314.232, 240.328 ) ( 314.328, 240.664 )


OFFGRID: ( Off Grid or Wrong Way ) Regular Wire of Net u_mem/bank_rdata[11][19]  ( M6 )
Bounds : ( 313.324, 235.668 ) ( 313.884, 235.796 )


OFFGRID: ( Off Grid or Wrong Way ) Regular Wire of Net u_mem/FE_OFN669_mem_wdata_19  ( M6 )
Bounds : ( 315.108, 236.052 ) ( 315.452, 236.180 )


SHORT: ( Metal Short ) Regular Wire of Net u_mem/bank_rdata[11][19] & Routing Blockage  ( M5 )
Bounds : ( 313.368, 235.624 ) ( 313.464, 235.960 )


SHORT: ( Metal Short ) Regular Wire of Net u_mem/FE_OFN669_mem_wdata_19 & Routing Blockage  ( M5 )
Bounds : ( 315.312, 236.008 ) ( 315.408, 236.344 )


OFFGRID: ( Off Grid or Wrong Way ) Regular Wire of Net u_mem/FE_OFN869_n  ( M6 )
Bounds : ( 313.092, 231.732 ) ( 313.368, 231.860 )


OFFGRID: ( Off Grid or Wrong Way ) Regular Wire of Net u_mem/bank_rdata[11][20]  ( M6 )
Bounds : ( 313.324, 231.348 ) ( 313.600, 231.476 )


SHORT: ( Metal Short ) Regular Wire of Net u_mem/FE_OFN869_n & Routing Blockage  ( M5 )
Bounds : ( 313.152, 231.688 ) ( 313.248, 232.024 )


SHORT: ( Metal Short ) Regular Wire of Net u_mem/bank_rdata[11][20] & Routing Blockage  ( M5 )
Bounds : ( 313.368, 231.304 ) ( 313.464, 231.640 )


OFFGRID: ( Off Grid or Wrong Way ) Regular Wire of Net u_mem/FE_OFN923_n  ( M6 )
Bounds : ( 313.380, 227.412 ) ( 313.940, 227.540 )


OFFGRID: ( Off Grid or Wrong Way ) Regular Wire of Net u_mem/bank_rdata[11][21]  ( M6 )
Bounds : ( 313.956, 227.028 ) ( 314.232, 227.156 )


SHORT: ( Cut Short ) Regular Wire of Net u_mem/bank_rdata[11][21] & Blockage of Cell u_mem/G_SRAM_BANK[11].u_sram  ( V3 )
Bounds : ( 311.436, 226.752 ) ( 311.508, 226.848 )


SHORT: ( Metal Short ) Regular Wire of Net u_mem/bank_rdata[11][21] & Routing Blockage  ( M4 )
Bounds : ( 311.380, 226.752 ) ( 311.716, 226.848 )


SHORT: ( Metal Short ) Regular Wire of Net u_mem/bank_rdata[11][21] & Routing Blockage  ( M5 )
Bounds : ( 311.424, 226.692 ) ( 311.520, 227.028 )


SHORT: ( Metal Short ) Regular Wire of Net u_mem/FE_OFN923_n & Routing Blockage  ( M5 )
Bounds : ( 313.800, 227.368 ) ( 313.896, 227.704 )


SHORT: ( Metal Short ) Regular Wire of Net u_mem/bank_rdata[11][21] & Routing Blockage  ( M5 )
Bounds : ( 314.016, 226.984 ) ( 314.112, 227.320 )


OFFGRID: ( Off Grid or Wrong Way ) Regular Wire of Net u_mem/bank_rdata[11][22]  ( M6 )
Bounds : ( 314.532, 222.708 ) ( 314.808, 222.836 )


OFFGRID: ( Off Grid or Wrong Way ) Regular Wire of Net u_mem/FE_OFN666_mem_wdata_22  ( M6 )
Bounds : ( 314.820, 223.092 ) ( 315.236, 223.220 )


SHORT: ( Cut Short ) Regular Wire of Net u_mem/bank_rdata[11][19] & Blockage of Cell u_mem/G_SRAM_BANK[11].u_sram  ( V3 )
Bounds : ( 311.724, 222.432 ) ( 311.796, 222.528 )


SHORT: ( Metal Short ) Regular Wire of Net u_mem/bank_rdata[11][19] & Routing Blockage  ( M4 )
Bounds : ( 311.668, 222.432 ) ( 312.004, 222.528 )


SHORT: ( Metal Short ) Regular Wire of Net u_mem/bank_rdata[11][19] & Routing Blockage  ( M5 )
Bounds : ( 311.712, 222.372 ) ( 311.808, 222.708 )


SHORT: ( Metal Short ) Regular Wire of Net u_mem/bank_rdata[11][22] & Routing Blockage  ( M5 )
Bounds : ( 314.664, 222.664 ) ( 314.760, 223.000 )


SHORT: ( Metal Short ) Regular Wire of Net u_mem/FE_OFN666_mem_wdata_22 & Routing Blockage  ( M5 )
Bounds : ( 315.096, 223.048 ) ( 315.192, 223.384 )


OFFGRID: ( Off Grid or Wrong Way ) Regular Wire of Net u_mem/bank_rdata[11][23]  ( M6 )
Bounds : ( 315.108, 218.388 ) ( 315.452, 218.516 )


SHORT: ( Cut Short ) Regular Wire of Net u_mem/FE_OFN867_n & Blockage of Cell u_mem/G_SRAM_BANK[11].u_sram  ( V3 )
Bounds : ( 314.748, 218.788 ) ( 314.820, 218.884 )


SHORT: ( Metal Short ) Regular Wire of Net u_mem/bank_rdata[11][23] & Routing Blockage  ( M5 )
Bounds : ( 315.312, 218.344 ) ( 315.408, 218.680 )


OFFGRID: ( Off Grid or Wrong Way ) Regular Wire of Net u_mem/FE_OFN734_n  ( M6 )
Bounds : ( 313.324, 214.452 ) ( 313.600, 214.580 )


OFFGRID: ( Off Grid or Wrong Way ) Regular Wire of Net u_mem/bank_rdata[11][24]  ( M6 )
Bounds : ( 313.668, 214.068 ) ( 313.944, 214.196 )


SHORT: ( Metal Short ) Regular Wire of Net u_mem/FE_OFN734_n & Routing Blockage  ( M5 )
Bounds : ( 313.368, 214.408 ) ( 313.464, 214.744 )


SHORT: ( Metal Short ) Regular Wire of Net u_mem/bank_rdata[11][24] & Routing Blockage  ( M5 )
Bounds : ( 313.800, 214.024 ) ( 313.896, 214.360 )


OFFGRID: ( Off Grid or Wrong Way ) Regular Wire of Net u_mem/FE_OFN165_mem_wdata_25  ( M6 )
Bounds : ( 314.188, 210.132 ) ( 314.464, 210.260 )


OFFGRID: ( Off Grid or Wrong Way ) Regular Wire of Net u_mem/bank_rdata[11][25]  ( M6 )
Bounds : ( 314.404, 209.748 ) ( 314.748, 209.876 )


SHORT: ( Cut Short ) Regular Wire of Net u_mem/bank_rdata[11][24] & Blockage of Cell u_mem/G_SRAM_BANK[11].u_sram  ( V3 )
Bounds : ( 311.292, 209.472 ) ( 311.364, 209.568 )


SHORT: ( Metal Short ) Regular Wire of Net u_mem/bank_rdata[11][24] & Routing Blockage  ( M4 )
Bounds : ( 311.164, 209.472 ) ( 311.500, 209.568 )


SHORT: ( Metal Short ) Regular Wire of Net u_mem/bank_rdata[11][24] & Routing Blockage  ( M5 )
Bounds : ( 311.208, 209.412 ) ( 311.304, 209.748 )


SHORT: ( Metal Short ) Regular Wire of Net u_mem/FE_OFN165_mem_wdata_25 & Routing Blockage  ( M5 )
Bounds : ( 314.232, 210.088 ) ( 314.328, 210.424 )


SHORT: ( Metal Short ) Regular Wire of Net u_mem/bank_rdata[11][25] & Routing Blockage  ( M5 )
Bounds : ( 314.448, 209.704 ) ( 314.544, 210.040 )


OFFGRID: ( Off Grid or Wrong Way ) Regular Wire of Net u_mem/bank_rdata[10][12]  ( M6 )
Bounds : ( 185.796, 302.504 ) ( 186.072, 302.632 )


SHORT: ( Cut Short ) Regular Wire of Net u_mem/bank_rdata[10][12] & Blockage of Cell u_mem/G_SRAM_BANK[10].u_sram  ( V3 )
Bounds : ( 185.868, 302.520 ) ( 185.940, 302.616 )


SHORT: ( Metal Short ) Regular Wire of Net u_mem/bank_rdata[10][12] & Routing Blockage  ( M4 )
Bounds : ( 185.812, 302.520 ) ( 186.148, 302.616 )


SHORT: ( Metal Short ) Regular Wire of Net u_mem/bank_rdata[10][12] & Routing Blockage  ( M5 )
Bounds : ( 185.856, 302.460 ) ( 185.952, 302.796 )


OFFGRID: ( Off Grid or Wrong Way ) Regular Wire of Net u_mem/bank_rdata[10][11]  ( M6 )
Bounds : ( 188.260, 302.736 ) ( 188.604, 302.864 )


SHORT: ( Metal Short ) Regular Wire of Net u_mem/bank_rdata[10][11] & Routing Blockage  ( M5 )
Bounds : ( 188.304, 302.692 ) ( 188.400, 303.028 )


OFFGRID: ( Off Grid or Wrong Way ) Regular Wire of Net u_mem/bank_rdata[10][12]  ( M6 )
Bounds : ( 187.812, 298.416 ) ( 188.088, 298.544 )


SHORT: ( Metal Short ) Regular Wire of Net u_mem/bank_rdata[10][12] & Routing Blockage  ( M5 )
Bounds : ( 187.872, 298.372 ) ( 187.968, 298.708 )


OFFGRID: ( Off Grid or Wrong Way ) Regular Wire of Net u_mem/bank_rdata[10][13]  ( M6 )
Bounds : ( 187.524, 294.096 ) ( 187.800, 294.224 )


OFFGRID: ( Off Grid or Wrong Way ) Regular Wire of Net u_mem/FE_OFN208_mem_wdata_13  ( M6 )
Bounds : ( 188.044, 294.480 ) ( 188.320, 294.608 )


OFFGRID: ( Off Grid or Wrong Way ) Regular Wire of Net u_mem/bank_rdata[10][14]  ( M6 )
Bounds : ( 188.100, 289.776 ) ( 188.444, 289.904 )


SHORT: ( Metal Short ) Regular Wire of Net u_mem/bank_rdata[10][13] & Routing Blockage  ( M5 )
Bounds : ( 187.656, 294.052 ) ( 187.752, 294.388 )


SHORT: ( Metal Short ) Regular Wire of Net u_mem/FE_OFN208_mem_wdata_13 & Routing Blockage  ( M5 )
Bounds : ( 188.088, 294.436 ) ( 188.184, 294.772 )


SHORT: ( Metal Short ) Regular Wire of Net u_mem/bank_rdata[10][14] & Routing Blockage  ( M5 )
Bounds : ( 188.304, 289.732 ) ( 188.400, 290.068 )


OFFGRID: ( Off Grid or Wrong Way ) Regular Wire of Net u_mem/bank_rdata[10][15]  ( M6 )
Bounds : ( 188.676, 285.456 ) ( 188.952, 285.584 )


OFFGRID: ( Off Grid or Wrong Way ) Regular Wire of Net u_mem/FE_OFN204_mem_wdata_16  ( M6 )
Bounds : ( 187.396, 249.012 ) ( 187.740, 249.140 )


SHORT: ( Metal Short ) Regular Wire of Net u_mem/FE_OFN204_mem_wdata_16 & Routing Blockage  ( M5 )
Bounds : ( 187.440, 248.968 ) ( 187.536, 249.304 )


OFFGRID: ( Off Grid or Wrong Way ) Regular Wire of Net u_mem/bank_rdata[10][17]  ( M6 )
Bounds : ( 188.388, 244.308 ) ( 188.664, 244.436 )


OFFGRID: ( Off Grid or Wrong Way ) Regular Wire of Net u_mem/FE_OFN200_mem_wdata_17  ( M6 )
Bounds : ( 188.676, 244.692 ) ( 188.952, 244.820 )


SHORT: ( Metal Short ) Regular Wire of Net u_mem/bank_rdata[10][17] & Routing Blockage  ( M5 )
Bounds : ( 188.520, 244.264 ) ( 188.616, 244.600 )


OFFGRID: ( Off Grid or Wrong Way ) Regular Wire of Net u_mem/bank_rdata[10][18]  ( M6 )
Bounds : ( 188.044, 239.988 ) ( 188.320, 240.116 )


OFFGRID: ( Off Grid or Wrong Way ) Regular Wire of Net u_mem/FE_OFN299_n  ( M6 )
Bounds : ( 188.676, 240.372 ) ( 188.952, 240.500 )


SHORT: ( Metal Short ) Regular Wire of Net u_mem/bank_rdata[10][18] & Routing Blockage  ( M5 )
Bounds : ( 188.088, 239.944 ) ( 188.184, 240.280 )


SHORT: ( Metal Short ) Regular Wire of Net u_mem/FE_OFN299_n & Routing Blockage  ( M5 )
Bounds : ( 188.736, 240.328 ) ( 188.832, 240.664 )


SHORT: ( Cut Short ) Regular Wire of Net u_mem/bank_rdata[10][17] & Blockage of Cell u_mem/G_SRAM_BANK[10].u_sram  ( V3 )
Bounds : ( 186.300, 239.712 ) ( 186.372, 239.808 )


SHORT: ( Metal Short ) Regular Wire of Net u_mem/bank_rdata[10][17] & Routing Blockage  ( M4 )
Bounds : ( 186.256, 239.712 ) ( 186.592, 239.808 )


SHORT: ( Metal Short ) Regular Wire of Net u_mem/bank_rdata[10][17] & Routing Blockage  ( M5 )
Bounds : ( 186.360, 239.652 ) ( 186.456, 239.988 )


OFFGRID: ( Off Grid or Wrong Way ) Regular Wire of Net u_mem/FE_OFN669_mem_wdata_19  ( M6 )
Bounds : ( 187.396, 236.052 ) ( 187.740, 236.180 )


OFFGRID: ( Off Grid or Wrong Way ) Regular Wire of Net u_mem/bank_rdata[10][19]  ( M6 )
Bounds : ( 188.676, 235.668 ) ( 188.952, 235.796 )


SHORT: ( Metal Short ) Regular Wire of Net u_mem/FE_OFN669_mem_wdata_19 & Routing Blockage  ( M5 )
Bounds : ( 187.440, 236.008 ) ( 187.536, 236.344 )


SHORT: ( Metal Short ) Regular Wire of Net u_mem/bank_rdata[10][19] & Routing Blockage  ( M5 )
Bounds : ( 188.736, 235.624 ) ( 188.832, 235.960 )


OFFGRID: ( Off Grid or Wrong Way ) Regular Wire of Net u_mem/bank_rdata[10][20]  ( M6 )
Bounds : ( 188.260, 231.348 ) ( 188.604, 231.476 )


OFFGRID: ( Off Grid or Wrong Way ) Regular Wire of Net u_mem/FE_OFN869_n  ( M6 )
Bounds : ( 188.676, 231.732 ) ( 188.952, 231.860 )


SHORT: ( Metal Short ) Regular Wire of Net u_mem/bank_rdata[10][20] & Routing Blockage  ( M5 )
Bounds : ( 188.304, 231.304 ) ( 188.400, 231.640 )


SHORT: ( Metal Short ) Regular Wire of Net u_mem/FE_OFN869_n & Routing Blockage  ( M5 )
Bounds : ( 188.736, 231.688 ) ( 188.832, 232.024 )


OFFGRID: ( Off Grid or Wrong Way ) Regular Wire of Net u_mem/FE_OFN924_n  ( M6 )
Bounds : ( 187.812, 227.412 ) ( 188.088, 227.540 )


OFFGRID: ( Off Grid or Wrong Way ) Regular Wire of Net u_mem/bank_rdata[10][21]  ( M6 )
Bounds : ( 188.676, 227.028 ) ( 188.952, 227.156 )


SHORT: ( Metal Short ) Regular Wire of Net u_mem/FE_OFN924_n & Routing Blockage  ( M5 )
Bounds : ( 187.872, 227.368 ) ( 187.968, 227.704 )


SHORT: ( Metal Short ) Regular Wire of Net u_mem/bank_rdata[10][21] & Routing Blockage  ( M5 )
Bounds : ( 188.736, 226.984 ) ( 188.832, 227.320 )


OFFGRID: ( Off Grid or Wrong Way ) Regular Wire of Net u_mem/bank_rdata[10][22]  ( M6 )
Bounds : ( 189.540, 222.708 ) ( 189.816, 222.836 )


SHORT: ( Cut Short ) Regular Wire of Net u_mem/FE_OFN879_mem_wdata_22 & Blockage of Cell u_mem/G_SRAM_BANK[10].u_sram  ( V3 )
Bounds : ( 189.036, 223.108 ) ( 189.108, 223.204 )


SHORT: ( Metal Short ) Regular Wire of Net u_mem/bank_rdata[10][22] & Routing Blockage  ( M5 )
Bounds : ( 189.600, 222.664 ) ( 189.696, 223.000 )


SHORT: ( Cut Short ) Regular Wire of Net u_mem/bank_rdata[10][19] & Blockage of Cell u_mem/G_SRAM_BANK[10].u_sram  ( V3 )
Bounds : ( 186.012, 222.432 ) ( 186.084, 222.528 )


SHORT: ( Metal Short ) Regular Wire of Net u_mem/bank_rdata[10][19] & Routing Blockage  ( M4 )
Bounds : ( 185.884, 222.432 ) ( 186.220, 222.528 )


SHORT: ( Metal Short ) Regular Wire of Net u_mem/bank_rdata[10][19] & Routing Blockage  ( M5 )
Bounds : ( 185.928, 222.372 ) ( 186.024, 222.708 )


OFFGRID: ( Off Grid or Wrong Way ) Regular Wire of Net u_mem/FE_OFN867_n  ( M6 )
Bounds : ( 187.524, 218.772 ) ( 187.800, 218.900 )


OFFGRID: ( Off Grid or Wrong Way ) Regular Wire of Net u_mem/bank_rdata[10][23]  ( M6 )
Bounds : ( 188.908, 218.388 ) ( 189.184, 218.516 )


SHORT: ( Metal Short ) Regular Wire of Net u_mem/FE_OFN867_n & Routing Blockage  ( M5 )
Bounds : ( 187.656, 218.728 ) ( 187.752, 219.064 )


SHORT: ( Metal Short ) Regular Wire of Net u_mem/bank_rdata[10][23] & Routing Blockage  ( M5 )
Bounds : ( 188.952, 218.344 ) ( 189.048, 218.680 )


OFFGRID: ( Off Grid or Wrong Way ) Regular Wire of Net u_mem/bank_rdata[10][25]  ( M6 )
Bounds : ( 188.908, 209.748 ) ( 189.184, 209.876 )


OFFGRID: ( Off Grid or Wrong Way ) Regular Wire of Net u_mem/bank_rdata[10][24]  ( M6 )
Bounds : ( 189.540, 214.068 ) ( 189.816, 214.196 )


SHORT: ( Cut Short ) Regular Wire of Net u_mem/FE_OFN734_n & Blockage of Cell u_mem/G_SRAM_BANK[10].u_sram  ( V3 )
Bounds : ( 189.324, 214.468 ) ( 189.396, 214.564 )


SHORT: ( Cut Short ) Regular Wire of Net u_mem/FE_OFN165_mem_wdata_25 & Blockage of Cell u_mem/G_SRAM_BANK[10].u_sram  ( V3 )
Bounds : ( 189.468, 210.148 ) ( 189.540, 210.244 )


SHORT: ( Metal Short ) Regular Wire of Net u_mem/bank_rdata[10][25] & Routing Blockage  ( M5 )
Bounds : ( 188.952, 209.704 ) ( 189.048, 210.040 )


SHORT: ( Metal Short ) Regular Wire of Net u_mem/bank_rdata[10][24] & Routing Blockage  ( M5 )
Bounds : ( 189.600, 214.024 ) ( 189.696, 214.360 )


SHORT: ( Cut Short ) Regular Wire of Net u_mem/bank_rdata[10][23] & Blockage of Cell u_mem/G_SRAM_BANK[10].u_sram  ( V3 )
Bounds : ( 185.868, 209.472 ) ( 185.940, 209.568 )


SHORT: ( Metal Short ) Regular Wire of Net u_mem/bank_rdata[10][23] & Routing Blockage  ( M4 )
Bounds : ( 185.812, 209.472 ) ( 186.148, 209.568 )


SHORT: ( Metal Short ) Regular Wire of Net u_mem/bank_rdata[10][23] & Routing Blockage  ( M5 )
Bounds : ( 185.856, 209.412 ) ( 185.952, 209.748 )


OFFGRID: ( Off Grid or Wrong Way ) Regular Wire of Net u_mem/bank_rdata[8][11]  ( M6 )
Bounds : ( 61.668, 302.736 ) ( 61.944, 302.864 )


SHORT: ( Metal Short ) Regular Wire of Net u_mem/bank_rdata[8][11] & Routing Blockage  ( M5 )
Bounds : ( 61.728, 302.692 ) ( 61.824, 303.028 )


OFFGRID: ( Off Grid or Wrong Way ) Regular Wire of Net u_mem/FE_OFN795_mem_wdata_11  ( M6 )
Bounds : ( 62.532, 303.120 ) ( 62.948, 303.248 )


SHORT: ( Metal Short ) Regular Wire of Net u_mem/FE_OFN795_mem_wdata_11 & Routing Blockage  ( M5 )
Bounds : ( 62.808, 303.076 ) ( 62.904, 303.412 )


OFFGRID: ( Off Grid or Wrong Way ) Regular Wire of Net u_mem/bank_rdata[8][12]  ( M6 )
Bounds : ( 61.668, 298.416 ) ( 62.084, 298.544 )


SHORT: ( Metal Short ) Regular Wire of Net u_mem/bank_rdata[8][12] & Routing Blockage  ( M5 )
Bounds : ( 61.944, 298.372 ) ( 62.040, 298.708 )


OFFGRID: ( Off Grid or Wrong Way ) Regular Wire of Net u_mem/FE_OFN209_mem_wdata_12  ( M6 )
Bounds : ( 63.396, 298.800 ) ( 63.812, 298.928 )


SHORT: ( Metal Short ) Regular Wire of Net u_mem/FE_OFN209_mem_wdata_12 & Routing Blockage  ( M5 )
Bounds : ( 63.672, 298.756 ) ( 63.768, 299.092 )


OFFGRID: ( Off Grid or Wrong Way ) Regular Wire of Net u_mem/bank_rdata[8][13]  ( M6 )
Bounds : ( 62.244, 294.096 ) ( 62.520, 294.224 )


OFFGRID: ( Off Grid or Wrong Way ) Regular Wire of Net u_mem/FE_OFN208_mem_wdata_13  ( M6 )
Bounds : ( 62.532, 294.480 ) ( 62.808, 294.608 )


SHORT: ( Metal Short ) Regular Wire of Net u_mem/bank_rdata[8][13] & Routing Blockage  ( M5 )
Bounds : ( 62.376, 294.052 ) ( 62.472, 294.388 )


SHORT: ( Metal Short ) Regular Wire of Net u_mem/FE_OFN208_mem_wdata_13 & Routing Blockage  ( M5 )
Bounds : ( 62.592, 294.436 ) ( 62.688, 294.772 )


OFFGRID: ( Off Grid or Wrong Way ) Regular Wire of Net u_mem/FE_OFN207_mem_wdata_14  ( M6 )
Bounds : ( 61.668, 290.160 ) ( 61.944, 290.288 )


SHORT: ( Metal Short ) Regular Wire of Net u_mem/FE_OFN207_mem_wdata_14 & Routing Blockage  ( M5 )
Bounds : ( 61.728, 290.116 ) ( 61.824, 290.452 )


OFFGRID: ( Off Grid or Wrong Way ) Regular Wire of Net u_mem/bank_rdata[8][14]  ( M6 )
Bounds : ( 62.332, 289.776 ) ( 62.748, 289.904 )


SHORT: ( Metal Short ) Regular Wire of Net u_mem/bank_rdata[8][14] & Routing Blockage  ( M5 )
Bounds : ( 62.376, 289.732 ) ( 62.472, 290.068 )


OFFGRID: ( Off Grid or Wrong Way ) Regular Wire of Net u_mem/FE_OFN206_mem_wdata_15  ( M6 )
Bounds : ( 61.900, 285.840 ) ( 62.460, 285.968 )


SHORT: ( Metal Short ) Regular Wire of Net u_mem/FE_OFN206_mem_wdata_15 & Routing Blockage  ( M5 )
Bounds : ( 61.944, 285.796 ) ( 62.040, 286.132 )


OFFGRID: ( Off Grid or Wrong Way ) Regular Wire of Net u_mem/bank_rdata[8][15]  ( M6 )
Bounds : ( 63.396, 285.456 ) ( 63.672, 285.584 )


SHORT: ( Metal Short ) Regular Wire of Net u_mem/bank_rdata[8][15] & Routing Blockage  ( M5 )
Bounds : ( 63.456, 285.412 ) ( 63.552, 285.748 )


OFFGRID: ( Off Grid or Wrong Way ) Regular Wire of Net u_mem/FE_OFN204_mem_wdata_16  ( M6 )
Bounds : ( 61.900, 249.012 ) ( 62.176, 249.140 )


SHORT: ( Metal Short ) Regular Wire of Net u_mem/FE_OFN204_mem_wdata_16 & Routing Blockage  ( M5 )
Bounds : ( 61.944, 248.968 ) ( 62.040, 249.304 )


SHORT: ( Metal Short ) Regular Wire of Net u_mem/bank_rdata[8][16] & Routing Blockage  ( M5 )
Bounds : ( 62.160, 248.584 ) ( 62.256, 248.920 )


OFFGRID: ( Off Grid or Wrong Way ) Regular Wire of Net u_mem/bank_rdata[8][16]  ( M6 )
Bounds : ( 62.116, 248.628 ) ( 62.460, 248.756 )


OFFGRID: ( Off Grid or Wrong Way ) Regular Wire of Net u_mem/FE_OFN200_mem_wdata_17  ( M6 )
Bounds : ( 62.244, 244.692 ) ( 62.520, 244.820 )


OFFGRID: ( Off Grid or Wrong Way ) Regular Wire of Net u_mem/bank_rdata[8][17]  ( M6 )
Bounds : ( 62.980, 244.308 ) ( 63.324, 244.436 )


SHORT: ( Metal Short ) Regular Wire of Net u_mem/FE_OFN200_mem_wdata_17 & Routing Blockage  ( M5 )
Bounds : ( 62.376, 244.648 ) ( 62.472, 244.984 )


SHORT: ( Metal Short ) Regular Wire of Net u_mem/bank_rdata[8][17] & Routing Blockage  ( M5 )
Bounds : ( 63.024, 244.264 ) ( 63.120, 244.600 )


OFFGRID: ( Off Grid or Wrong Way ) Regular Wire of Net u_mem/bank_rdata[8][18]  ( M6 )
Bounds : ( 62.244, 239.988 ) ( 62.520, 240.116 )


OFFGRID: ( Off Grid or Wrong Way ) Regular Wire of Net u_mem/FE_OFN299_n  ( M6 )
Bounds : ( 62.532, 240.372 ) ( 62.808, 240.500 )


SHORT: ( Metal Short ) Regular Wire of Net u_mem/bank_rdata[8][18] & Routing Blockage  ( M5 )
Bounds : ( 62.376, 239.944 ) ( 62.472, 240.280 )


SHORT: ( Metal Short ) Regular Wire of Net u_mem/FE_OFN299_n & Routing Blockage  ( M5 )
Bounds : ( 62.592, 240.328 ) ( 62.688, 240.664 )


OFFGRID: ( Off Grid or Wrong Way ) Regular Wire of Net u_mem/FE_OFN669_mem_wdata_19  ( M6 )
Bounds : ( 61.668, 236.052 ) ( 61.944, 236.180 )


SHORT: ( Metal Short ) Regular Wire of Net u_mem/FE_OFN669_mem_wdata_19 & Routing Blockage  ( M5 )
Bounds : ( 61.728, 236.008 ) ( 61.824, 236.344 )


OFFGRID: ( Off Grid or Wrong Way ) Regular Wire of Net u_mem/bank_rdata[8][19]  ( M6 )
Bounds : ( 62.764, 235.668 ) ( 63.040, 235.796 )


SHORT: ( Metal Short ) Regular Wire of Net u_mem/bank_rdata[8][19] & Routing Blockage  ( M5 )
Bounds : ( 62.808, 235.624 ) ( 62.904, 235.960 )


OFFGRID: ( Off Grid or Wrong Way ) Regular Wire of Net u_mem/FE_OFN871_n  ( M6 )
Bounds : ( 62.532, 231.732 ) ( 62.808, 231.860 )


OFFGRID: ( Off Grid or Wrong Way ) Regular Wire of Net u_mem/bank_rdata[8][20]  ( M6 )
Bounds : ( 62.764, 231.348 ) ( 63.040, 231.476 )


SHORT: ( Metal Short ) Regular Wire of Net u_mem/FE_OFN871_n & Routing Blockage  ( M5 )
Bounds : ( 62.592, 231.688 ) ( 62.688, 232.024 )


SHORT: ( Metal Short ) Regular Wire of Net u_mem/bank_rdata[8][20] & Routing Blockage  ( M5 )
Bounds : ( 62.808, 231.304 ) ( 62.904, 231.640 )


SHORT: ( Metal Short ) Regular Wire of Net u_mem/FE_OFN922_n & Routing Blockage  ( M5 )
Bounds : ( 62.160, 227.368 ) ( 62.256, 227.704 )


OFFGRID: ( Off Grid or Wrong Way ) Regular Wire of Net u_mem/FE_OFN922_n  ( M6 )
Bounds : ( 61.956, 227.412 ) ( 62.300, 227.540 )


OFFGRID: ( Off Grid or Wrong Way ) Regular Wire of Net u_mem/bank_rdata[8][21]  ( M6 )
Bounds : ( 62.244, 227.028 ) ( 62.520, 227.156 )


SHORT: ( Metal Short ) Regular Wire of Net u_mem/bank_rdata[8][21] & Routing Blockage  ( M5 )
Bounds : ( 62.376, 226.984 ) ( 62.472, 227.320 )


OFFGRID: ( Off Grid or Wrong Way ) Regular Wire of Net u_mem/bank_rdata[8][22]  ( M6 )
Bounds : ( 62.820, 222.708 ) ( 63.164, 222.836 )


OFFGRID: ( Off Grid or Wrong Way ) Regular Wire of Net u_mem/FE_OFN693_mem_wdata_22  ( M6 )
Bounds : ( 63.108, 223.092 ) ( 63.384, 223.220 )


SHORT: ( Metal Short ) Regular Wire of Net u_mem/bank_rdata[8][22] & Routing Blockage  ( M5 )
Bounds : ( 63.024, 222.664 ) ( 63.120, 223.000 )


SHORT: ( Metal Short ) Regular Wire of Net u_mem/FE_OFN693_mem_wdata_22 & Routing Blockage  ( M5 )
Bounds : ( 63.240, 223.048 ) ( 63.336, 223.384 )


OFFGRID: ( Off Grid or Wrong Way ) Regular Wire of Net u_mem/bank_rdata[8][23]  ( M6 )
Bounds : ( 61.956, 218.388 ) ( 62.300, 218.516 )


SHORT: ( Metal Short ) Regular Wire of Net u_mem/bank_rdata[8][23] & Routing Blockage  ( M5 )
Bounds : ( 62.160, 218.344 ) ( 62.256, 218.680 )


OFFGRID: ( Off Grid or Wrong Way ) Regular Wire of Net u_mem/FE_OFN868_n  ( M6 )
Bounds : ( 62.820, 218.772 ) ( 63.164, 218.900 )


SHORT: ( Metal Short ) Regular Wire of Net u_mem/FE_OFN868_n & Routing Blockage  ( M5 )
Bounds : ( 63.024, 218.728 ) ( 63.120, 219.064 )


OFFGRID: ( Off Grid or Wrong Way ) Regular Wire of Net u_mem/bank_rdata[8][24]  ( M6 )
Bounds : ( 62.820, 214.068 ) ( 63.164, 214.196 )


OFFGRID: ( Off Grid or Wrong Way ) Regular Wire of Net u_mem/FE_OFN734_n  ( M6 )
Bounds : ( 63.396, 214.452 ) ( 63.672, 214.580 )


SHORT: ( Metal Short ) Regular Wire of Net u_mem/bank_rdata[8][24] & Routing Blockage  ( M5 )
Bounds : ( 63.024, 214.024 ) ( 63.120, 214.360 )


SHORT: ( Metal Short ) Regular Wire of Net u_mem/FE_OFN734_n & Routing Blockage  ( M5 )
Bounds : ( 63.456, 214.408 ) ( 63.552, 214.744 )


OFFGRID: ( Off Grid or Wrong Way ) Regular Wire of Net u_mem/FE_OFN845_n  ( M6 )
Bounds : ( 61.956, 210.132 ) ( 62.300, 210.260 )


SHORT: ( Metal Short ) Regular Wire of Net u_mem/FE_OFN845_n & Routing Blockage  ( M5 )
Bounds : ( 62.160, 210.088 ) ( 62.256, 210.424 )


OFFGRID: ( Off Grid or Wrong Way ) Regular Wire of Net u_mem/bank_rdata[8][25]  ( M6 )
Bounds : ( 62.980, 209.748 ) ( 63.324, 209.876 )


SHORT: ( Metal Short ) Regular Wire of Net u_mem/bank_rdata[8][25] & Routing Blockage  ( M5 )
Bounds : ( 63.024, 209.704 ) ( 63.120, 210.040 )


WIDTH: ( WidthTable ) Pin of Cell u_mem/G_SRAM_BANK[8].u_sram  ( M3 )
Bounds : ( 61.468, 281.808 ) ( 61.612, 354.156 )


WIDTH: ( WidthTable ) Pin of Cell u_mem/G_SRAM_BANK[10].u_sram  ( M3 )
Bounds : ( 187.180, 281.808 ) ( 187.324, 354.156 )


OFFGRID: ( Off Grid or Wrong Way ) Special Wire of Net VSS  ( M7 )
Bounds : ( 519.200, 195.252 ) ( 519.328, 196.716 )


OFFGRID: ( Off Grid or Wrong Way ) Special Wire of Net VSS  ( M7 )
Bounds : ( 545.120, 195.252 ) ( 545.248, 196.716 )


OFFGRID: ( Off Grid or Wrong Way ) Special Wire of Net VSS  ( M7 )
Bounds : ( 519.200, 160.692 ) ( 519.328, 162.156 )


OFFGRID: ( Off Grid or Wrong Way ) Special Wire of Net VSS  ( M7 )
Bounds : ( 545.120, 160.692 ) ( 545.248, 162.156 )


OFFGRID: ( Off Grid or Wrong Way ) Regular Wire of Net u_mem/FE_OFN839_n  ( M6 )
Bounds : ( 440.764, 205.812 ) ( 441.180, 205.940 )


OFFGRID: ( Off Grid or Wrong Way ) Regular Wire of Net u_mem/FE_OFN162_mem_wdata_27  ( M6 )
Bounds : ( 440.964, 201.492 ) ( 441.240, 201.620 )


SHORT: ( Cut Short ) Regular Wire of Net u_mem/bank_rdata[13][27] & Blockage of Cell u_mem/G_SRAM_BANK[13].u_sram  ( V3 )
Bounds : ( 440.892, 201.124 ) ( 440.964, 201.220 )


SHORT: ( Metal Short ) Regular Wire of Net u_mem/bank_rdata[13][26] & Routing Blockage  ( M5 )
Bounds : ( 440.376, 205.384 ) ( 440.472, 205.720 )


SHORT: ( Metal Short ) Regular Wire of Net u_mem/FE_OFN839_n & Routing Blockage  ( M5 )
Bounds : ( 440.808, 205.768 ) ( 440.904, 206.104 )


SHORT: ( Metal Short ) Regular Wire of Net u_mem/FE_OFN162_mem_wdata_27 & Routing Blockage  ( M5 )
Bounds : ( 441.024, 201.448 ) ( 441.120, 201.784 )


OFFGRID: ( Off Grid or Wrong Way ) Regular Wire of Net u_mem/bank_rdata[13][26]  ( M6 )
Bounds : ( 440.332, 205.428 ) ( 440.608, 205.556 )


OFFGRID: ( Off Grid or Wrong Way ) Regular Wire of Net u_mem/FE_OFN311_n  ( M6 )
Bounds : ( 440.764, 197.172 ) ( 441.180, 197.300 )


SHORT: ( Metal Short ) Regular Wire of Net u_mem/FE_OFN311_n & Routing Blockage  ( M5 )
Bounds : ( 440.808, 197.128 ) ( 440.904, 197.464 )


OFFGRID: ( Off Grid or Wrong Way ) Regular Wire of Net u_mem/FE_OFN313_n  ( M6 )
Bounds : ( 438.820, 192.852 ) ( 439.164, 192.980 )


OFFGRID: ( Off Grid or Wrong Way ) Regular Wire of Net u_mem/bank_rdata[13][28]  ( M6 )
Bounds : ( 438.948, 196.788 ) ( 439.224, 196.916 )


OFFGRID: ( Off Grid or Wrong Way ) Regular Wire of Net u_mem/bank_rdata[13][29]  ( M6 )
Bounds : ( 439.468, 192.468 ) ( 439.744, 192.596 )


SHORT: ( Metal Short ) Regular Wire of Net u_mem/FE_OFN313_n & Routing Blockage  ( M5 )
Bounds : ( 438.864, 192.808 ) ( 438.960, 193.144 )


SHORT: ( Metal Short ) Regular Wire of Net u_mem/bank_rdata[13][28] & Routing Blockage  ( M5 )
Bounds : ( 439.080, 196.744 ) ( 439.176, 197.080 )


SHORT: ( Metal Short ) Regular Wire of Net u_mem/bank_rdata[13][29] & Routing Blockage  ( M5 )
Bounds : ( 439.512, 192.424 ) ( 439.608, 192.760 )


OFFGRID: ( Off Grid or Wrong Way ) Regular Wire of Net u_mem/FE_OFN926_n  ( M6 )
Bounds : ( 438.948, 184.212 ) ( 439.224, 184.340 )


OFFGRID: ( Off Grid or Wrong Way ) Regular Wire of Net u_mem/FE_OFN723_n  ( M6 )
Bounds : ( 440.388, 188.532 ) ( 440.732, 188.660 )


OFFGRID: ( Off Grid or Wrong Way ) Regular Wire of Net u_mem/bank_rdata[13][30]  ( M6 )
Bounds : ( 440.964, 188.148 ) ( 441.240, 188.276 )


SHORT: ( Cut Short ) Regular Wire of Net u_mem/bank_rdata[13][31] & Blockage of Cell u_mem/G_SRAM_BANK[13].u_sram  ( V3 )
Bounds : ( 440.748, 183.844 ) ( 440.820, 183.940 )


SHORT: ( Metal Short ) Regular Wire of Net u_mem/FE_OFN926_n & Routing Blockage  ( M5 )
Bounds : ( 439.008, 184.168 ) ( 439.104, 184.504 )


SHORT: ( Metal Short ) Regular Wire of Net u_mem/FE_OFN723_n & Routing Blockage  ( M5 )
Bounds : ( 440.592, 188.488 ) ( 440.688, 188.824 )


SHORT: ( Metal Short ) Regular Wire of Net u_mem/bank_rdata[13][30] & Routing Blockage  ( M5 )
Bounds : ( 441.024, 188.104 ) ( 441.120, 188.440 )


OFFGRID: ( Off Grid or Wrong Way ) Regular Wire of Net u_mem/bank_rdata[12][0]  ( M6 )
Bounds : ( 440.388, 173.136 ) ( 440.732, 173.264 )


OFFGRID: ( Off Grid or Wrong Way ) Regular Wire of Net u_mem/FE_OFN220_mem_wdata_1  ( M6 )
Bounds : ( 440.676, 169.200 ) ( 440.952, 169.328 )


SHORT: ( Cut Short ) Regular Wire of Net u_mem/bank_rdata[12][1] & Blockage of Cell u_mem/G_SRAM_BANK[12].u_sram  ( V3 )
Bounds : ( 440.748, 168.832 ) ( 440.820, 168.928 )


SHORT: ( Metal Short ) Regular Wire of Net u_mem/bank_rdata[12][0] & Routing Blockage  ( M5 )
Bounds : ( 440.592, 173.092 ) ( 440.688, 173.428 )


SHORT: ( Metal Short ) Regular Wire of Net u_mem/FE_OFN220_mem_wdata_1 & Routing Blockage  ( M5 )
Bounds : ( 440.808, 169.156 ) ( 440.904, 169.492 )


OFFGRID: ( Off Grid or Wrong Way ) Regular Wire of Net u_mem/FE_OFN218_mem_wdata_3  ( M6 )
Bounds : ( 438.948, 160.560 ) ( 439.224, 160.688 )


OFFGRID: ( Off Grid or Wrong Way ) Regular Wire of Net u_mem/bank_rdata[12][3]  ( M6 )
Bounds : ( 439.684, 160.176 ) ( 440.028, 160.304 )


SHORT: ( Cut Short ) Regular Wire of Net u_mem/bank_rdata[12][2] & Blockage of Cell u_mem/G_SRAM_BANK[12].u_sram  ( V3 )
Bounds : ( 440.460, 164.512 ) ( 440.532, 164.608 )


SHORT: ( Cut Short ) Regular Wire of Net u_mem/FE_OFN927_n & Blockage of Cell u_mem/G_SRAM_BANK[12].u_sram  ( V3 )
Bounds : ( 440.892, 164.896 ) ( 440.964, 164.992 )


SHORT: ( Metal Short ) Regular Wire of Net u_mem/FE_OFN218_mem_wdata_3 & Routing Blockage  ( M5 )
Bounds : ( 439.080, 160.516 ) ( 439.176, 160.852 )


SHORT: ( Metal Short ) Regular Wire of Net u_mem/bank_rdata[12][3] & Routing Blockage  ( M5 )
Bounds : ( 439.728, 160.132 ) ( 439.824, 160.468 )


OFFGRID: ( Off Grid or Wrong Way ) Regular Wire of Net u_mem/FE_OFN793_n  ( M6 )
Bounds : ( 440.676, 151.920 ) ( 440.952, 152.048 )


SHORT: ( Metal Short ) Regular Wire of Net u_mem/FE_OFN793_n & Routing Blockage  ( M5 )
Bounds : ( 440.736, 151.876 ) ( 440.832, 152.212 )


OFFGRID: ( Off Grid or Wrong Way ) Regular Wire of Net u_mem/FE_OFN217_mem_wdata_4  ( M6 )
Bounds : ( 438.820, 156.240 ) ( 439.164, 156.368 )


OFFGRID: ( Off Grid or Wrong Way ) Regular Wire of Net u_mem/bank_rdata[12][4]  ( M6 )
Bounds : ( 439.236, 155.856 ) ( 439.512, 155.984 )


SHORT: ( Cut Short ) Regular Wire of Net u_mem/bank_rdata[12][13] & Blockage of Cell u_mem/G_SRAM_BANK[12].u_sram  ( V3 )
Bounds : ( 436.860, 149.388 ) ( 436.932, 149.484 )


SHORT: ( Metal Short ) Regular Wire of Net u_mem/bank_rdata[12][13] & Routing Blockage  ( M4 )
Bounds : ( 436.660, 149.388 ) ( 436.996, 149.484 )


SHORT: ( Metal Short ) Regular Wire of Net u_mem/bank_rdata[12][13] & Routing Blockage  ( M5 )
Bounds : ( 436.704, 149.220 ) ( 436.800, 149.556 )


SHORT: ( Metal Short ) Regular Wire of Net u_mem/FE_OFN217_mem_wdata_4 & Routing Blockage  ( M5 )
Bounds : ( 438.864, 156.196 ) ( 438.960, 156.532 )


SHORT: ( Metal Short ) Regular Wire of Net u_mem/bank_rdata[12][4] & Routing Blockage  ( M5 )
Bounds : ( 439.296, 155.812 ) ( 439.392, 156.148 )


SHORT: ( Metal Short ) Regular Wire of Net u_mem/bank_rdata[12][5] & Routing Blockage  ( M5 )
Bounds : ( 440.160, 151.492 ) ( 440.256, 151.828 )


OFFGRID: ( Off Grid or Wrong Way ) Regular Wire of Net u_mem/bank_rdata[12][5]  ( M6 )
Bounds : ( 440.100, 151.536 ) ( 440.376, 151.664 )


OFFGRID: ( Off Grid or Wrong Way ) Regular Wire of Net u_mem/FE_OFN214_mem_wdata_7  ( M6 )
Bounds : ( 439.036, 143.280 ) ( 439.452, 143.408 )


OFFGRID: ( Off Grid or Wrong Way ) Regular Wire of Net u_mem/bank_rdata[12][6]  ( M6 )
Bounds : ( 439.236, 147.216 ) ( 439.652, 147.344 )


SHORT: ( Cut Short ) Regular Wire of Net u_mem/bank_rdata[12][11] & Blockage of Cell u_mem/G_SRAM_BANK[12].u_sram  ( V3 )
Bounds : ( 436.572, 143.628 ) ( 436.644, 143.724 )


SHORT: ( Metal Short ) Regular Wire of Net u_mem/bank_rdata[12][11] & Routing Blockage  ( M4 )
Bounds : ( 436.444, 143.628 ) ( 436.780, 143.724 )


SHORT: ( Metal Short ) Regular Wire of Net u_mem/bank_rdata[12][11] & Routing Blockage  ( M5 )
Bounds : ( 436.488, 143.460 ) ( 436.584, 143.796 )


SHORT: ( Metal Short ) Regular Wire of Net u_mem/FE_OFN214_mem_wdata_7 & Routing Blockage  ( M5 )
Bounds : ( 439.080, 143.236 ) ( 439.176, 143.572 )


SHORT: ( Metal Short ) Regular Wire of Net u_mem/bank_rdata[12][6] & Routing Blockage  ( M5 )
Bounds : ( 439.512, 147.172 ) ( 439.608, 147.508 )


SHORT: ( Metal Short ) Regular Wire of Net u_mem/bank_rdata[12][7] & Routing Blockage  ( M5 )
Bounds : ( 440.160, 142.852 ) ( 440.256, 143.188 )


SHORT: ( Metal Short ) Regular Wire of Net u_mem/FE_OFN215_mem_wdata_6 & Routing Blockage  ( M5 )
Bounds : ( 440.160, 147.556 ) ( 440.256, 147.892 )


OFFGRID: ( Off Grid or Wrong Way ) Regular Wire of Net u_mem/bank_rdata[12][7]  ( M6 )
Bounds : ( 440.100, 142.896 ) ( 440.376, 143.024 )


OFFGRID: ( Off Grid or Wrong Way ) Regular Wire of Net u_mem/FE_OFN215_mem_wdata_6  ( M6 )
Bounds : ( 440.100, 147.600 ) ( 440.376, 147.728 )


OFFGRID: ( Off Grid or Wrong Way ) Special Wire of Net VSS  ( M7 )
Bounds : ( 519.200, 126.132 ) ( 519.328, 127.596 )


OFFGRID: ( Off Grid or Wrong Way ) Special Wire of Net VSS  ( M7 )
Bounds : ( 545.120, 126.132 ) ( 545.248, 127.596 )


OFFGRID: ( Off Grid or Wrong Way ) Special Wire of Net VSS  ( M7 )
Bounds : ( 519.200, 91.572 ) ( 519.328, 93.036 )


OFFGRID: ( Off Grid or Wrong Way ) Special Wire of Net VSS  ( M7 )
Bounds : ( 545.120, 91.572 ) ( 545.248, 93.036 )


OFFGRID: ( Off Grid or Wrong Way ) Regular Wire of Net u_mem/bank_rdata[12][8]  ( M6 )
Bounds : ( 440.964, 138.576 ) ( 441.240, 138.704 )


SHORT: ( Cut Short ) Regular Wire of Net u_mem/FE_OFN212_mem_wdata_9 & Blockage of Cell u_mem/G_SRAM_BANK[12].u_sram  ( V3 )
Bounds : ( 440.604, 134.656 ) ( 440.676, 134.752 )


SHORT: ( Metal Short ) Regular Wire of Net u_mem/bank_rdata[12][8] & Routing Blockage  ( M5 )
Bounds : ( 441.024, 138.532 ) ( 441.120, 138.868 )


OFFGRID: ( Off Grid or Wrong Way ) Regular Wire of Net u_mem/bank_rdata[12][9]  ( M6 )
Bounds : ( 439.236, 134.256 ) ( 439.512, 134.384 )


OFFGRID: ( Off Grid or Wrong Way ) Regular Wire of Net u_mem/FE_OFN213_mem_wdata_8  ( M6 )
Bounds : ( 439.236, 138.960 ) ( 439.652, 139.088 )


SHORT: ( Cut Short ) Regular Wire of Net u_mem/bank_rdata[12][15] & Blockage of Cell u_mem/G_SRAM_BANK[12].u_sram  ( V3 )
Bounds : ( 437.436, 136.908 ) ( 437.508, 137.004 )


SHORT: ( Metal Short ) Regular Wire of Net u_mem/bank_rdata[12][15] & Routing Blockage  ( M4 )
Bounds : ( 437.392, 136.908 ) ( 437.728, 137.004 )


SHORT: ( Metal Short ) Regular Wire of Net u_mem/bank_rdata[12][15] & Routing Blockage  ( M5 )
Bounds : ( 437.568, 136.836 ) ( 437.664, 137.172 )


SHORT: ( Metal Short ) Regular Wire of Net u_mem/bank_rdata[12][9] & Routing Blockage  ( M5 )
Bounds : ( 439.296, 134.212 ) ( 439.392, 134.548 )


SHORT: ( Metal Short ) Regular Wire of Net u_mem/FE_OFN213_mem_wdata_8 & Routing Blockage  ( M5 )
Bounds : ( 439.512, 138.916 ) ( 439.608, 139.252 )


OFFGRID: ( Off Grid or Wrong Way ) Regular Wire of Net u_mem/bank_rdata[12][10]  ( M6 )
Bounds : ( 440.676, 129.936 ) ( 440.952, 130.064 )


SHORT: ( Metal Short ) Regular Wire of Net u_mem/bank_rdata[12][11] & Routing Blockage  ( M5 )
Bounds : ( 440.376, 125.572 ) ( 440.472, 125.908 )


SHORT: ( Metal Short ) Regular Wire of Net u_mem/bank_rdata[12][10] & Routing Blockage  ( M5 )
Bounds : ( 440.736, 129.892 ) ( 440.832, 130.228 )


OFFGRID: ( Off Grid or Wrong Way ) Regular Wire of Net u_mem/FE_OFN211_mem_wdata_10  ( M6 )
Bounds : ( 439.236, 130.320 ) ( 439.652, 130.448 )


SHORT: ( Metal Short ) Regular Wire of Net u_mem/FE_OFN211_mem_wdata_10 & Routing Blockage  ( M5 )
Bounds : ( 439.512, 130.276 ) ( 439.608, 130.612 )


OFFGRID: ( Off Grid or Wrong Way ) Regular Wire of Net u_mem/FE_OFN320_n  ( M6 )
Bounds : ( 438.820, 126.000 ) ( 439.164, 126.128 )


SHORT: ( Metal Short ) Regular Wire of Net u_mem/FE_OFN320_n & Routing Blockage  ( M5 )
Bounds : ( 438.864, 125.956 ) ( 438.960, 126.292 )


OFFGRID: ( Off Grid or Wrong Way ) Regular Wire of Net u_mem/bank_rdata[12][11]  ( M6 )
Bounds : ( 440.100, 125.616 ) ( 440.516, 125.744 )


OFFGRID: ( Off Grid or Wrong Way ) Regular Wire of Net u_mem/FE_OFN209_mem_wdata_12  ( M6 )
Bounds : ( 440.964, 121.680 ) ( 441.240, 121.808 )


SHORT: ( Metal Short ) Regular Wire of Net u_mem/FE_OFN209_mem_wdata_12 & Routing Blockage  ( M5 )
Bounds : ( 441.024, 121.636 ) ( 441.120, 121.972 )


OFFGRID: ( Off Grid or Wrong Way ) Regular Wire of Net u_mem/bank_rdata[12][13]  ( M6 )
Bounds : ( 438.820, 116.976 ) ( 439.164, 117.104 )


OFFGRID: ( Off Grid or Wrong Way ) Regular Wire of Net u_mem/bank_rdata[12][12]  ( M6 )
Bounds : ( 439.236, 121.296 ) ( 439.652, 121.424 )


SHORT: ( Metal Short ) Regular Wire of Net u_mem/bank_rdata[12][13] & Routing Blockage  ( M5 )
Bounds : ( 438.864, 116.932 ) ( 438.960, 117.268 )


SHORT: ( Metal Short ) Regular Wire of Net u_mem/bank_rdata[12][12] & Routing Blockage  ( M5 )
Bounds : ( 439.512, 121.252 ) ( 439.608, 121.588 )


SHORT: ( Metal Short ) Regular Wire of Net u_mem/FE_OFN208_mem_wdata_13 & Routing Blockage  ( M5 )
Bounds : ( 440.160, 117.316 ) ( 440.256, 117.652 )


OFFGRID: ( Off Grid or Wrong Way ) Regular Wire of Net u_mem/FE_OFN208_mem_wdata_13  ( M6 )
Bounds : ( 440.100, 117.360 ) ( 440.376, 117.488 )


OFFGRID: ( Off Grid or Wrong Way ) Regular Wire of Net u_mem/FE_OFN206_mem_wdata_15  ( M6 )
Bounds : ( 440.964, 108.720 ) ( 441.240, 108.848 )


OFFGRID: ( Off Grid or Wrong Way ) Regular Wire of Net u_mem/FE_OFN207_mem_wdata_14  ( M6 )
Bounds : ( 440.964, 113.040 ) ( 441.240, 113.168 )


SHORT: ( Metal Short ) Regular Wire of Net u_mem/FE_OFN206_mem_wdata_15 & Routing Blockage  ( M5 )
Bounds : ( 441.024, 108.676 ) ( 441.120, 109.012 )


SHORT: ( Metal Short ) Regular Wire of Net u_mem/FE_OFN207_mem_wdata_14 & Routing Blockage  ( M5 )
Bounds : ( 441.024, 112.996 ) ( 441.120, 113.332 )


OFFGRID: ( Off Grid or Wrong Way ) Regular Wire of Net u_mem/bank_rdata[12][15]  ( M6 )
Bounds : ( 439.524, 108.336 ) ( 440.084, 108.464 )


OFFGRID: ( Off Grid or Wrong Way ) Regular Wire of Net u_mem/bank_rdata[12][14]  ( M6 )
Bounds : ( 439.524, 112.656 ) ( 440.084, 112.784 )


SHORT: ( Metal Short ) Regular Wire of Net u_mem/bank_rdata[12][15] & Routing Blockage  ( M5 )
Bounds : ( 439.944, 108.292 ) ( 440.040, 108.628 )


SHORT: ( Metal Short ) Regular Wire of Net u_mem/bank_rdata[12][14] & Routing Blockage  ( M5 )
Bounds : ( 439.944, 112.612 ) ( 440.040, 112.948 )


OFFGRID: ( Off Grid or Wrong Way ) Regular Wire of Net u_mem/FE_OFN756_n  ( M6 )
Bounds : ( 439.468, 71.892 ) ( 439.744, 72.020 )


OFFGRID: ( Off Grid or Wrong Way ) Regular Wire of Net u_mem/bank_rdata[12][16]  ( M6 )
Bounds : ( 440.964, 71.508 ) ( 441.240, 71.636 )


SHORT: ( Metal Short ) Regular Wire of Net u_mem/FE_OFN756_n & Routing Blockage  ( M5 )
Bounds : ( 439.512, 71.848 ) ( 439.608, 72.184 )


SHORT: ( Metal Short ) Regular Wire of Net u_mem/bank_rdata[12][16] & Routing Blockage  ( M5 )
Bounds : ( 441.024, 71.464 ) ( 441.120, 71.800 )


WIDTH: ( WidthTable ) Pin of Cell u_mem/G_SRAM_BANK[12].u_sram  ( M3 )
Bounds : ( 438.604, 104.688 ) ( 438.748, 176.940 )


OFFGRID: ( Off Grid or Wrong Way ) Regular Wire of Net u_mem/bank_rdata[11][27]  ( M6 )
Bounds : ( 313.380, 201.108 ) ( 313.724, 201.236 )


OFFGRID: ( Off Grid or Wrong Way ) Regular Wire of Net u_mem/FE_OFN162_mem_wdata_27  ( M6 )
Bounds : ( 313.956, 201.492 ) ( 314.232, 201.620 )


OFFGRID: ( Off Grid or Wrong Way ) Regular Wire of Net u_mem/bank_rdata[11][26]  ( M6 )
Bounds : ( 313.956, 205.428 ) ( 314.232, 205.556 )


SHORT: ( Cut Short ) Regular Wire of Net u_mem/FE_OFN839_n & Blockage of Cell u_mem/G_SRAM_BANK[11].u_sram  ( V3 )
Bounds : ( 315.180, 205.828 ) ( 315.252, 205.924 )


SHORT: ( Metal Short ) Regular Wire of Net u_mem/bank_rdata[11][27] & Routing Blockage  ( M5 )
Bounds : ( 313.584, 201.064 ) ( 313.680, 201.400 )


SHORT: ( Metal Short ) Regular Wire of Net u_mem/FE_OFN162_mem_wdata_27 & Routing Blockage  ( M5 )
Bounds : ( 314.016, 201.448 ) ( 314.112, 201.784 )


SHORT: ( Metal Short ) Regular Wire of Net u_mem/bank_rdata[11][26] & Routing Blockage  ( M5 )
Bounds : ( 314.016, 205.384 ) ( 314.112, 205.720 )


OFFGRID: ( Off Grid or Wrong Way ) Regular Wire of Net u_mem/bank_rdata[11][28]  ( M6 )
Bounds : ( 313.092, 196.788 ) ( 313.368, 196.916 )


OFFGRID: ( Off Grid or Wrong Way ) Regular Wire of Net u_mem/FE_OFN311_n  ( M6 )
Bounds : ( 313.756, 197.172 ) ( 314.172, 197.300 )


SHORT: ( Metal Short ) Regular Wire of Net u_mem/bank_rdata[11][28] & Routing Blockage  ( M5 )
Bounds : ( 313.152, 196.744 ) ( 313.248, 197.080 )


SHORT: ( Metal Short ) Regular Wire of Net u_mem/FE_OFN311_n & Routing Blockage  ( M5 )
Bounds : ( 313.800, 197.128 ) ( 313.896, 197.464 )


OFFGRID: ( Off Grid or Wrong Way ) Regular Wire of Net u_mem/FE_OFN313_n  ( M6 )
Bounds : ( 313.380, 192.852 ) ( 313.724, 192.980 )


OFFGRID: ( Off Grid or Wrong Way ) Regular Wire of Net u_mem/bank_rdata[11][29]  ( M6 )
Bounds : ( 314.404, 192.468 ) ( 314.748, 192.596 )


SHORT: ( Cut Short ) Regular Wire of Net u_mem/bank_rdata[11][20] & Blockage of Cell u_mem/G_SRAM_BANK[11].u_sram  ( V3 )
Bounds : ( 311.580, 192.192 ) ( 311.652, 192.288 )


SHORT: ( Metal Short ) Regular Wire of Net u_mem/bank_rdata[11][20] & Routing Blockage  ( M4 )
Bounds : ( 311.536, 192.192 ) ( 311.872, 192.288 )


SHORT: ( Metal Short ) Regular Wire of Net u_mem/bank_rdata[11][20] & Routing Blockage  ( M5 )
Bounds : ( 311.640, 192.132 ) ( 311.736, 192.468 )


SHORT: ( Metal Short ) Regular Wire of Net u_mem/FE_OFN313_n & Routing Blockage  ( M5 )
Bounds : ( 313.584, 192.808 ) ( 313.680, 193.144 )


SHORT: ( Metal Short ) Regular Wire of Net u_mem/bank_rdata[11][29] & Routing Blockage  ( M5 )
Bounds : ( 314.448, 192.424 ) ( 314.544, 192.760 )


OFFGRID: ( Off Grid or Wrong Way ) Regular Wire of Net u_mem/FE_OFN723_n  ( M6 )
Bounds : ( 313.956, 188.532 ) ( 314.232, 188.660 )


OFFGRID: ( Off Grid or Wrong Way ) Regular Wire of Net u_mem/bank_rdata[11][30]  ( M6 )
Bounds : ( 314.404, 188.148 ) ( 314.748, 188.276 )


SHORT: ( Metal Short ) Regular Wire of Net u_mem/FE_OFN723_n & Routing Blockage  ( M5 )
Bounds : ( 314.016, 188.488 ) ( 314.112, 188.824 )


SHORT: ( Metal Short ) Regular Wire of Net u_mem/bank_rdata[11][30] & Routing Blockage  ( M5 )
Bounds : ( 314.448, 188.104 ) ( 314.544, 188.440 )


OFFGRID: ( Off Grid or Wrong Way ) Regular Wire of Net u_mem/FE_OFN926_n  ( M6 )
Bounds : ( 313.956, 184.212 ) ( 314.232, 184.340 )


SHORT: ( Cut Short ) Regular Wire of Net u_mem/bank_rdata[11][31] & Blockage of Cell u_mem/G_SRAM_BANK[11].u_sram  ( V3 )
Bounds : ( 314.892, 183.844 ) ( 314.964, 183.940 )


SHORT: ( Metal Short ) Regular Wire of Net u_mem/FE_OFN926_n & Routing Blockage  ( M5 )
Bounds : ( 314.016, 184.168 ) ( 314.112, 184.504 )


OFFGRID: ( Off Grid or Wrong Way ) Regular Wire of Net u_mem/FE_OFN220_mem_wdata_1  ( M6 )
Bounds : ( 313.380, 169.200 ) ( 313.724, 169.328 )


OFFGRID: ( Off Grid or Wrong Way ) Regular Wire of Net u_mem/bank_rdata[15][1]  ( M6 )
Bounds : ( 315.268, 168.816 ) ( 315.612, 168.944 )


SHORT: ( Cut Short ) Regular Wire of Net u_mem/bank_rdata[15][0] & Blockage of Cell u_mem/G_SRAM_BANK[15].u_sram  ( V3 )
Bounds : ( 315.180, 173.152 ) ( 315.252, 173.248 )


SHORT: ( Metal Short ) Regular Wire of Net u_mem/FE_OFN220_mem_wdata_1 & Routing Blockage  ( M5 )
Bounds : ( 313.584, 169.156 ) ( 313.680, 169.492 )


SHORT: ( Metal Short ) Regular Wire of Net u_mem/bank_rdata[15][1] & Routing Blockage  ( M5 )
Bounds : ( 315.312, 168.772 ) ( 315.408, 169.108 )


OFFGRID: ( Off Grid or Wrong Way ) Regular Wire of Net u_mem/bank_rdata[15][2]  ( M6 )
Bounds : ( 314.188, 164.496 ) ( 314.464, 164.624 )


OFFGRID: ( Off Grid or Wrong Way ) Regular Wire of Net u_mem/FE_OFN927_n  ( M6 )
Bounds : ( 314.820, 164.880 ) ( 315.096, 165.008 )


SHORT: ( Metal Short ) Regular Wire of Net u_mem/bank_rdata[15][2] & Routing Blockage  ( M5 )
Bounds : ( 314.232, 164.452 ) ( 314.328, 164.788 )


SHORT: ( Metal Short ) Regular Wire of Net u_mem/FE_OFN927_n & Routing Blockage  ( M5 )
Bounds : ( 314.880, 164.836 ) ( 314.976, 165.172 )


OFFGRID: ( Off Grid or Wrong Way ) Regular Wire of Net u_mem/FE_OFN218_mem_wdata_3  ( M6 )
Bounds : ( 314.244, 160.560 ) ( 314.588, 160.688 )


OFFGRID: ( Off Grid or Wrong Way ) Regular Wire of Net u_mem/bank_rdata[15][3]  ( M6 )
Bounds : ( 314.532, 160.176 ) ( 314.808, 160.304 )


SHORT: ( Metal Short ) Regular Wire of Net u_mem/FE_OFN218_mem_wdata_3 & Routing Blockage  ( M5 )
Bounds : ( 314.448, 160.516 ) ( 314.544, 160.852 )


SHORT: ( Metal Short ) Regular Wire of Net u_mem/bank_rdata[15][3] & Routing Blockage  ( M5 )
Bounds : ( 314.664, 160.132 ) ( 314.760, 160.468 )


OFFGRID: ( Off Grid or Wrong Way ) Regular Wire of Net u_mem/FE_OFN209_mem_wdata_12  ( M6 )
Bounds : ( 311.652, 155.856 ) ( 311.928, 155.984 )


OFFGRID: ( Off Grid or Wrong Way ) Regular Wire of Net u_mem/bank_rdata[15][4]  ( M6 )
Bounds : ( 313.092, 155.856 ) ( 313.368, 155.984 )


SHORT: ( Cut Short ) Regular Wire of Net u_mem/FE_OFN209_mem_wdata_12 & Blockage of Cell u_mem/G_SRAM_BANK[15].u_sram  ( V3 )
Bounds : ( 311.724, 155.872 ) ( 311.796, 155.968 )


SHORT: ( Cut Short ) Regular Wire of Net u_mem/FE_OFN217_mem_wdata_4 & Blockage of Cell u_mem/G_SRAM_BANK[15].u_sram  ( V3 )
Bounds : ( 315.036, 156.256 ) ( 315.108, 156.352 )


SHORT: ( Metal Short ) Regular Wire of Net u_mem/FE_OFN209_mem_wdata_12 & Routing Blockage  ( M4 )
Bounds : ( 311.668, 155.872 ) ( 312.004, 155.968 )


SHORT: ( Metal Short ) Regular Wire of Net u_mem/FE_OFN209_mem_wdata_12 & Routing Blockage  ( M5 )
Bounds : ( 311.712, 155.812 ) ( 311.808, 156.148 )


SHORT: ( Metal Short ) Regular Wire of Net u_mem/bank_rdata[15][4] & Routing Blockage  ( M5 )
Bounds : ( 313.152, 155.812 ) ( 313.248, 156.148 )


OFFGRID: ( Off Grid or Wrong Way ) Regular Wire of Net u_mem/FE_OFN793_n  ( M6 )
Bounds : ( 313.540, 151.920 ) ( 313.884, 152.048 )


SHORT: ( Cut Short ) Regular Wire of Net u_mem/bank_rdata[15][5] & Blockage of Cell u_mem/G_SRAM_BANK[15].u_sram  ( V3 )
Bounds : ( 314.748, 151.552 ) ( 314.820, 151.648 )


SHORT: ( Metal Short ) Regular Wire of Net u_mem/FE_OFN793_n & Routing Blockage  ( M5 )
Bounds : ( 313.584, 151.876 ) ( 313.680, 152.212 )


OFFGRID: ( Off Grid or Wrong Way ) Regular Wire of Net u_mem/FE_OFN215_mem_wdata_6  ( M6 )
Bounds : ( 313.092, 147.600 ) ( 313.368, 147.728 )


OFFGRID: ( Off Grid or Wrong Way ) Regular Wire of Net u_mem/bank_rdata[15][6]  ( M6 )
Bounds : ( 314.188, 147.216 ) ( 314.748, 147.344 )


SHORT: ( Metal Short ) Regular Wire of Net u_mem/FE_OFN215_mem_wdata_6 & Routing Blockage  ( M5 )
Bounds : ( 313.152, 147.556 ) ( 313.248, 147.892 )


SHORT: ( Metal Short ) Regular Wire of Net u_mem/bank_rdata[15][6] & Routing Blockage  ( M5 )
Bounds : ( 314.232, 147.172 ) ( 314.328, 147.508 )


OFFGRID: ( Off Grid or Wrong Way ) Regular Wire of Net u_mem/FE_OFN213_mem_wdata_8  ( M6 )
Bounds : ( 311.812, 146.984 ) ( 312.156, 147.112 )


SHORT: ( Cut Short ) Regular Wire of Net u_mem/FE_OFN213_mem_wdata_8 & Blockage of Cell u_mem/G_SRAM_BANK[15].u_sram  ( V3 )
Bounds : ( 311.868, 147.000 ) ( 311.940, 147.096 )


SHORT: ( Metal Short ) Regular Wire of Net u_mem/FE_OFN213_mem_wdata_8 & Routing Blockage  ( M4 )
Bounds : ( 311.812, 147.000 ) ( 312.148, 147.096 )


SHORT: ( Metal Short ) Regular Wire of Net u_mem/FE_OFN213_mem_wdata_8 & Routing Blockage  ( M5 )
Bounds : ( 311.856, 146.940 ) ( 311.952, 147.276 )


OFFGRID: ( Off Grid or Wrong Way ) Regular Wire of Net u_mem/FE_OFN214_mem_wdata_7  ( M6 )
Bounds : ( 313.956, 143.280 ) ( 314.232, 143.408 )


OFFGRID: ( Off Grid or Wrong Way ) Regular Wire of Net u_mem/bank_rdata[15][7]  ( M6 )
Bounds : ( 314.532, 142.896 ) ( 314.808, 143.024 )


SHORT: ( Metal Short ) Regular Wire of Net u_mem/FE_OFN214_mem_wdata_7 & Routing Blockage  ( M5 )
Bounds : ( 314.016, 143.236 ) ( 314.112, 143.572 )


SHORT: ( Metal Short ) Regular Wire of Net u_mem/bank_rdata[15][7] & Routing Blockage  ( M5 )
Bounds : ( 314.664, 142.852 ) ( 314.760, 143.188 )


SHORT: ( Metal Short ) Regular Wire of Net u_mem/bank_rdata[15][0] & Regular Wire of Net u_mem/FE_OFN320_n  ( M3 )
Bounds : ( 315.180, 173.132 ) ( 315.252, 175.016 )


SHORT: ( Cut Short ) Regular Wire of Net u_mem/bank_rdata[15][12] & Blockage of Cell u_mem/G_SRAM_BANK[15].u_sram  ( V3 )
Bounds : ( 319.356, 137.292 ) ( 319.428, 137.388 )


SHORT: ( Metal Short ) Regular Wire of Net u_mem/bank_rdata[15][12] & Routing Blockage  ( M5 )
Bounds : ( 319.200, 137.124 ) ( 319.296, 137.460 )


OFFGRID: ( Off Grid or Wrong Way ) Regular Wire of Net u_mem/FE_OFN212_mem_wdata_9  ( M6 )
Bounds : ( 311.940, 138.576 ) ( 312.216, 138.704 )


OFFGRID: ( Off Grid or Wrong Way ) Regular Wire of Net u_mem/bank_rdata[15][8]  ( M6 )
Bounds : ( 313.092, 138.576 ) ( 313.368, 138.704 )


OFFGRID: ( Off Grid or Wrong Way ) Regular Wire of Net u_mem/FE_OFN213_mem_wdata_8  ( M6 )
Bounds : ( 313.324, 138.960 ) ( 313.600, 139.088 )


SHORT: ( Cut Short ) Regular Wire of Net u_mem/FE_OFN212_mem_wdata_9 & Blockage of Cell u_mem/G_SRAM_BANK[15].u_sram  ( V3 )
Bounds : ( 312.012, 138.592 ) ( 312.084, 138.688 )


SHORT: ( Metal Short ) Regular Wire of Net u_mem/FE_OFN212_mem_wdata_9 & Routing Blockage  ( M4 )
Bounds : ( 311.956, 138.592 ) ( 312.292, 138.688 )


SHORT: ( Metal Short ) Regular Wire of Net u_mem/FE_OFN212_mem_wdata_9 & Routing Blockage  ( M5 )
Bounds : ( 312.000, 138.532 ) ( 312.096, 138.868 )


SHORT: ( Metal Short ) Regular Wire of Net u_mem/bank_rdata[15][8] & Routing Blockage  ( M5 )
Bounds : ( 313.152, 138.532 ) ( 313.248, 138.868 )


SHORT: ( Metal Short ) Regular Wire of Net u_mem/FE_OFN213_mem_wdata_8 & Routing Blockage  ( M5 )
Bounds : ( 313.368, 138.916 ) ( 313.464, 139.252 )


OFFGRID: ( Off Grid or Wrong Way ) Regular Wire of Net u_mem/FE_OFN212_mem_wdata_9  ( M6 )
Bounds : ( 313.956, 134.640 ) ( 314.232, 134.768 )


OFFGRID: ( Off Grid or Wrong Way ) Regular Wire of Net u_mem/bank_rdata[15][9]  ( M6 )
Bounds : ( 314.244, 134.256 ) ( 314.588, 134.384 )


SHORT: ( Metal Short ) Regular Wire of Net u_mem/FE_OFN212_mem_wdata_9 & Routing Blockage  ( M5 )
Bounds : ( 314.016, 134.596 ) ( 314.112, 134.932 )


SHORT: ( Metal Short ) Regular Wire of Net u_mem/bank_rdata[15][9] & Routing Blockage  ( M5 )
Bounds : ( 314.448, 134.212 ) ( 314.544, 134.548 )


SHORT: ( Metal Short ) Regular Wire of Net u_mem/bank_rdata[15][12] & Routing Blockage  ( M4 )
Bounds : ( 319.156, 137.292 ) ( 319.492, 137.388 )


OFFGRID: ( Off Grid or Wrong Way ) Regular Wire of Net u_mem/bank_rdata[15][10]  ( M6 )
Bounds : ( 313.668, 129.936 ) ( 313.944, 130.064 )


OFFGRID: ( Off Grid or Wrong Way ) Regular Wire of Net u_mem/FE_OFN211_mem_wdata_10  ( M6 )
Bounds : ( 315.268, 130.320 ) ( 317.036, 130.448 )


SHORT: ( Cut Short ) Regular Wire of Net u_mem/FE_OFN211_mem_wdata_10 & Blockage of Cell u_mem/G_SRAM_BANK[15].u_sram  ( V3 )
Bounds : ( 316.908, 130.336 ) ( 316.980, 130.432 )


SHORT: ( Metal Short ) Regular Wire of Net u_mem/FE_OFN211_mem_wdata_10 & Routing Blockage  ( M4 )
Bounds : ( 316.852, 130.336 ) ( 317.188, 130.432 )


SHORT: ( Metal Short ) Regular Wire of Net u_mem/bank_rdata[15][10] & Routing Blockage  ( M5 )
Bounds : ( 313.800, 129.892 ) ( 313.896, 130.228 )


SHORT: ( Metal Short ) Regular Wire of Net u_mem/FE_OFN211_mem_wdata_10 & Routing Blockage  ( M5 )
Bounds : ( 315.312, 130.276 ) ( 315.408, 130.612 )


SHORT: ( Metal Short ) Regular Wire of Net u_mem/FE_OFN211_mem_wdata_10 & Routing Blockage  ( M5 )
Bounds : ( 316.896, 130.276 ) ( 316.992, 130.612 )


SHORT: ( Cut Short ) Regular Wire of Net u_mem/bank_rdata[15][11] & Blockage of Cell u_mem/G_SRAM_BANK[15].u_sram  ( V3 )
Bounds : ( 314.892, 125.632 ) ( 314.964, 125.728 )


SHORT: ( Cut Short ) Regular Wire of Net u_mem/FE_OFN320_n & Blockage of Cell u_mem/G_SRAM_BANK[15].u_sram  ( V3 )
Bounds : ( 315.180, 126.016 ) ( 315.252, 126.112 )


OFFGRID: ( Off Grid or Wrong Way ) Regular Wire of Net u_mem/FE_OFN209_mem_wdata_12  ( M6 )
Bounds : ( 313.092, 121.680 ) ( 313.368, 121.808 )


OFFGRID: ( Off Grid or Wrong Way ) Regular Wire of Net u_mem/bank_rdata[15][12]  ( M6 )
Bounds : ( 314.820, 121.296 ) ( 315.236, 121.424 )


SHORT: ( Cut Short ) Regular Wire of Net u_mem/bank_rdata[15][15] & Blockage of Cell u_mem/G_SRAM_BANK[15].u_sram  ( V3 )
Bounds : ( 316.764, 120.588 ) ( 316.836, 120.684 )


SHORT: ( Metal Short ) Regular Wire of Net u_mem/bank_rdata[15][15] & Routing Blockage  ( M4 )
Bounds : ( 316.564, 120.588 ) ( 316.900, 120.684 )


SHORT: ( Metal Short ) Regular Wire of Net u_mem/FE_OFN209_mem_wdata_12 & Routing Blockage  ( M5 )
Bounds : ( 313.152, 121.636 ) ( 313.248, 121.972 )


SHORT: ( Metal Short ) Regular Wire of Net u_mem/bank_rdata[15][12] & Routing Blockage  ( M5 )
Bounds : ( 315.096, 121.252 ) ( 315.192, 121.588 )


SHORT: ( Metal Short ) Regular Wire of Net u_mem/bank_rdata[15][15] & Routing Blockage  ( M5 )
Bounds : ( 316.608, 120.420 ) ( 316.704, 120.756 )


SHORT: ( Cut Short ) Regular Wire of Net u_mem/FE_OFN208_mem_wdata_13 & Blockage of Cell u_mem/G_SRAM_BANK[15].u_sram  ( V3 )
Bounds : ( 316.476, 117.376 ) ( 316.548, 117.472 )


SHORT: ( Metal Short ) Regular Wire of Net u_mem/FE_OFN208_mem_wdata_13 & Routing Blockage  ( M4 )
Bounds : ( 316.432, 117.376 ) ( 316.768, 117.472 )


SHORT: ( Metal Short ) Regular Wire of Net u_mem/FE_OFN208_mem_wdata_13 & Routing Blockage  ( M5 )
Bounds : ( 315.168, 117.316 ) ( 315.264, 117.652 )


SHORT: ( Metal Short ) Regular Wire of Net u_mem/FE_OFN208_mem_wdata_13 & Routing Blockage  ( M5 )
Bounds : ( 316.608, 117.316 ) ( 316.704, 117.652 )


OFFGRID: ( Off Grid or Wrong Way ) Regular Wire of Net u_mem/bank_rdata[15][13]  ( M6 )
Bounds : ( 314.188, 116.976 ) ( 314.464, 117.104 )


SHORT: ( Metal Short ) Regular Wire of Net u_mem/bank_rdata[15][13] & Routing Blockage  ( M5 )
Bounds : ( 314.232, 116.932 ) ( 314.328, 117.268 )


OFFGRID: ( Off Grid or Wrong Way ) Regular Wire of Net u_mem/FE_OFN208_mem_wdata_13  ( M6 )
Bounds : ( 315.124, 117.360 ) ( 316.748, 117.488 )


OFFGRID: ( Off Grid or Wrong Way ) Regular Wire of Net u_mem/FE_OFN207_mem_wdata_14  ( M6 )
Bounds : ( 314.188, 113.040 ) ( 314.464, 113.168 )


OFFGRID: ( Off Grid or Wrong Way ) Regular Wire of Net u_mem/bank_rdata[15][14]  ( M6 )
Bounds : ( 314.532, 112.656 ) ( 314.808, 112.784 )


SHORT: ( Metal Short ) Regular Wire of Net u_mem/FE_OFN207_mem_wdata_14 & Routing Blockage  ( M5 )
Bounds : ( 314.232, 112.996 ) ( 314.328, 113.332 )


SHORT: ( Metal Short ) Regular Wire of Net u_mem/bank_rdata[15][14] & Routing Blockage  ( M5 )
Bounds : ( 314.664, 112.612 ) ( 314.760, 112.948 )


OFFGRID: ( Off Grid or Wrong Way ) Regular Wire of Net u_mem/bank_rdata[15][15]  ( M6 )
Bounds : ( 315.268, 108.336 ) ( 315.612, 108.464 )


SHORT: ( Metal Short ) Regular Wire of Net u_mem/bank_rdata[15][15] & Routing Blockage  ( M5 )
Bounds : ( 315.312, 108.292 ) ( 315.408, 108.628 )


OFFGRID: ( Off Grid or Wrong Way ) Regular Wire of Net u_mem/FE_OFN206_mem_wdata_15  ( M6 )
Bounds : ( 313.668, 108.720 ) ( 313.944, 108.848 )


SHORT: ( Metal Short ) Regular Wire of Net u_mem/FE_OFN206_mem_wdata_15 & Routing Blockage  ( M5 )
Bounds : ( 313.800, 108.676 ) ( 313.896, 109.012 )


OFFGRID: ( Off Grid or Wrong Way ) Regular Wire of Net u_mem/bank_rdata[15][16]  ( M6 )
Bounds : ( 313.092, 71.508 ) ( 313.368, 71.636 )


OFFGRID: ( Off Grid or Wrong Way ) Regular Wire of Net u_mem/FE_OFN756_n  ( M6 )
Bounds : ( 314.620, 71.892 ) ( 315.036, 72.020 )


SHORT: ( Metal Short ) Regular Wire of Net u_mem/bank_rdata[15][16] & Routing Blockage  ( M5 )
Bounds : ( 313.152, 71.464 ) ( 313.248, 71.800 )


SHORT: ( Metal Short ) Regular Wire of Net u_mem/FE_OFN756_n & Routing Blockage  ( M5 )
Bounds : ( 314.664, 71.848 ) ( 314.760, 72.184 )


WIDTH: ( WidthTable ) Pin of Cell u_mem/G_SRAM_BANK[15].u_sram  ( M3 )
Bounds : ( 312.892, 104.688 ) ( 313.036, 176.940 )


OFFGRID: ( Off Grid or Wrong Way ) Special Wire of Net VSS  ( M7 )
Bounds : ( 519.200, 57.012 ) ( 519.328, 58.476 )


OFFGRID: ( Off Grid or Wrong Way ) Special Wire of Net VSS  ( M7 )
Bounds : ( 545.120, 57.012 ) ( 545.248, 58.476 )


OFFGRID: ( Off Grid or Wrong Way ) Special Wire of Net VSS  ( M7 )
Bounds : ( 519.200, 22.452 ) ( 519.328, 23.916 )


OFFGRID: ( Off Grid or Wrong Way ) Special Wire of Net VSS  ( M7 )
Bounds : ( 545.120, 22.452 ) ( 545.248, 23.916 )


OFFGRID: ( Off Grid or Wrong Way ) Regular Wire of Net u_mem/bank_rdata[12][18]  ( M6 )
Bounds : ( 440.548, 62.868 ) ( 440.892, 62.996 )


OFFGRID: ( Off Grid or Wrong Way ) Regular Wire of Net u_mem/bank_rdata[12][17]  ( M6 )
Bounds : ( 440.964, 67.188 ) ( 441.240, 67.316 )


SHORT: ( Metal Short ) Regular Wire of Net u_mem/FE_OFN921_n & Routing Blockage  ( M5 )
Bounds : ( 440.376, 63.208 ) ( 440.472, 63.544 )


SHORT: ( Metal Short ) Regular Wire of Net u_mem/bank_rdata[12][18] & Routing Blockage  ( M5 )
Bounds : ( 440.592, 62.824 ) ( 440.688, 63.160 )


SHORT: ( Metal Short ) Regular Wire of Net u_mem/bank_rdata[12][17] & Routing Blockage  ( M5 )
Bounds : ( 441.024, 67.144 ) ( 441.120, 67.480 )


OFFGRID: ( Off Grid or Wrong Way ) Regular Wire of Net u_mem/FE_OFN253_n  ( M6 )
Bounds : ( 438.948, 67.572 ) ( 439.224, 67.700 )


SHORT: ( Metal Short ) Regular Wire of Net u_mem/FE_OFN253_n & Routing Blockage  ( M5 )
Bounds : ( 439.080, 67.528 ) ( 439.176, 67.864 )


OFFGRID: ( Off Grid or Wrong Way ) Regular Wire of Net u_mem/FE_OFN921_n  ( M6 )
Bounds : ( 440.332, 63.252 ) ( 440.608, 63.380 )


SHORT: ( Metal Short ) Regular Wire of Net u_mem/bank_rdata[12][20] & Routing Blockage  ( M5 )
Bounds : ( 440.376, 54.184 ) ( 440.472, 54.520 )


OFFGRID: ( Off Grid or Wrong Way ) Regular Wire of Net u_mem/FE_OFN871_n  ( M6 )
Bounds : ( 439.236, 54.612 ) ( 439.512, 54.740 )


OFFGRID: ( Off Grid or Wrong Way ) Regular Wire of Net u_mem/bank_rdata[12][19]  ( M6 )
Bounds : ( 439.236, 58.548 ) ( 439.512, 58.676 )


SHORT: ( Metal Short ) Regular Wire of Net u_mem/FE_OFN871_n & Routing Blockage  ( M5 )
Bounds : ( 439.296, 54.568 ) ( 439.392, 54.904 )


SHORT: ( Metal Short ) Regular Wire of Net u_mem/bank_rdata[12][19] & Routing Blockage  ( M5 )
Bounds : ( 439.296, 58.504 ) ( 439.392, 58.840 )


SHORT: ( Metal Short ) Regular Wire of Net u_mem/FE_OFN670_mem_wdata_19 & Routing Blockage  ( M5 )
Bounds : ( 440.160, 58.888 ) ( 440.256, 59.224 )


OFFGRID: ( Off Grid or Wrong Way ) Regular Wire of Net u_mem/bank_rdata[12][20]  ( M6 )
Bounds : ( 440.100, 54.228 ) ( 440.516, 54.356 )


OFFGRID: ( Off Grid or Wrong Way ) Regular Wire of Net u_mem/FE_OFN670_mem_wdata_19  ( M6 )
Bounds : ( 440.100, 58.932 ) ( 440.376, 59.060 )


OFFGRID: ( Off Grid or Wrong Way ) Regular Wire of Net u_mem/FE_OFN689_mem_wdata_22  ( M6 )
Bounds : ( 440.676, 45.972 ) ( 440.952, 46.100 )


OFFGRID: ( Off Grid or Wrong Way ) Regular Wire of Net u_mem/bank_rdata[12][21]  ( M6 )
Bounds : ( 440.676, 49.908 ) ( 440.952, 50.036 )


SHORT: ( Metal Short ) Regular Wire of Net u_mem/FE_OFN689_mem_wdata_22 & Routing Blockage  ( M5 )
Bounds : ( 440.808, 45.928 ) ( 440.904, 46.264 )


SHORT: ( Metal Short ) Regular Wire of Net u_mem/bank_rdata[12][21] & Routing Blockage  ( M5 )
Bounds : ( 440.808, 49.864 ) ( 440.904, 50.200 )


SHORT: ( Metal Short ) Regular Wire of Net u_mem/bank_rdata[12][22] & Routing Blockage  ( M5 )
Bounds : ( 440.160, 45.544 ) ( 440.256, 45.880 )


SHORT: ( Metal Short ) Regular Wire of Net u_mem/FE_OFN925_n & Routing Blockage  ( M5 )
Bounds : ( 440.160, 50.248 ) ( 440.256, 50.584 )


OFFGRID: ( Off Grid or Wrong Way ) Regular Wire of Net u_mem/bank_rdata[12][22]  ( M6 )
Bounds : ( 440.100, 45.588 ) ( 440.376, 45.716 )


OFFGRID: ( Off Grid or Wrong Way ) Regular Wire of Net u_mem/FE_OFN925_n  ( M6 )
Bounds : ( 440.100, 50.292 ) ( 440.376, 50.420 )


OFFGRID: ( Off Grid or Wrong Way ) Regular Wire of Net u_mem/FE_OFN732_n  ( M6 )
Bounds : ( 438.660, 37.332 ) ( 439.004, 37.460 )


OFFGRID: ( Off Grid or Wrong Way ) Regular Wire of Net u_mem/bank_rdata[12][23]  ( M6 )
Bounds : ( 440.100, 41.268 ) ( 440.376, 41.396 )


OFFGRID: ( Off Grid or Wrong Way ) Regular Wire of Net u_mem/bank_rdata[12][24]  ( M6 )
Bounds : ( 440.332, 36.948 ) ( 440.608, 37.076 )


SHORT: ( Cut Short ) Regular Wire of Net u_mem/FE_OFN878_mem_wdata_23 & Blockage of Cell u_mem/G_SRAM_BANK[12].u_sram  ( V3 )
Bounds : ( 440.460, 41.668 ) ( 440.532, 41.764 )


SHORT: ( Metal Short ) Regular Wire of Net u_mem/FE_OFN732_n & Routing Blockage  ( M5 )
Bounds : ( 438.864, 37.288 ) ( 438.960, 37.624 )


SHORT: ( Metal Short ) Regular Wire of Net u_mem/bank_rdata[12][23] & Routing Blockage  ( M5 )
Bounds : ( 440.160, 41.224 ) ( 440.256, 41.560 )


SHORT: ( Metal Short ) Regular Wire of Net u_mem/bank_rdata[12][24] & Routing Blockage  ( M5 )
Bounds : ( 440.376, 36.904 ) ( 440.472, 37.240 )


OFFGRID: ( Off Grid or Wrong Way ) Regular Wire of Net u_mem/FE_OFN842_n  ( M6 )
Bounds : ( 440.676, 33.012 ) ( 440.952, 33.140 )


SHORT: ( Metal Short ) Regular Wire of Net u_mem/FE_OFN842_n & Routing Blockage  ( M5 )
Bounds : ( 440.808, 32.968 ) ( 440.904, 33.304 )


OFFGRID: ( Off Grid or Wrong Way ) Regular Wire of Net u_mem/FE_OFN163_mem_wdata_26  ( M6 )
Bounds : ( 439.236, 28.692 ) ( 439.512, 28.820 )


OFFGRID: ( Off Grid or Wrong Way ) Regular Wire of Net u_mem/bank_rdata[12][25]  ( M6 )
Bounds : ( 439.684, 32.628 ) ( 440.028, 32.756 )


OFFGRID: ( Off Grid or Wrong Way ) Regular Wire of Net u_mem/bank_rdata[12][26]  ( M6 )
Bounds : ( 439.812, 28.308 ) ( 440.088, 28.436 )


SHORT: ( Metal Short ) Regular Wire of Net u_mem/FE_OFN163_mem_wdata_26 & Routing Blockage  ( M5 )
Bounds : ( 439.296, 28.648 ) ( 439.392, 28.984 )


SHORT: ( Metal Short ) Regular Wire of Net u_mem/bank_rdata[12][25] & Routing Blockage  ( M5 )
Bounds : ( 439.728, 32.584 ) ( 439.824, 32.920 )


SHORT: ( Metal Short ) Regular Wire of Net u_mem/bank_rdata[12][26] & Routing Blockage  ( M5 )
Bounds : ( 439.944, 28.264 ) ( 440.040, 28.600 )


OFFGRID: ( Off Grid or Wrong Way ) Regular Wire of Net u_mem/FE_OFN161_mem_wdata_27  ( M6 )
Bounds : ( 439.684, 24.372 ) ( 440.028, 24.500 )


OFFGRID: ( Off Grid or Wrong Way ) Regular Wire of Net u_mem/bank_rdata[12][28]  ( M6 )
Bounds : ( 440.964, 19.668 ) ( 441.240, 19.796 )


OFFGRID: ( Off Grid or Wrong Way ) Regular Wire of Net u_mem/bank_rdata[12][27]  ( M6 )
Bounds : ( 440.964, 23.988 ) ( 441.240, 24.116 )


SHORT: ( Cut Short ) Regular Wire of Net u_mem/FE_OFN159_mem_wdata_28 & Blockage of Cell u_mem/G_SRAM_BANK[12].u_sram  ( V3 )
Bounds : ( 440.604, 20.068 ) ( 440.676, 20.164 )


SHORT: ( Metal Short ) Regular Wire of Net u_mem/FE_OFN161_mem_wdata_27 & Routing Blockage  ( M5 )
Bounds : ( 439.728, 24.328 ) ( 439.824, 24.664 )


SHORT: ( Metal Short ) Regular Wire of Net u_mem/bank_rdata[12][28] & Routing Blockage  ( M5 )
Bounds : ( 441.024, 19.624 ) ( 441.120, 19.960 )


SHORT: ( Metal Short ) Regular Wire of Net u_mem/bank_rdata[12][27] & Routing Blockage  ( M5 )
Bounds : ( 441.024, 23.944 ) ( 441.120, 24.280 )


OFFGRID: ( Off Grid or Wrong Way ) Regular Wire of Net u_mem/bank_rdata[12][30]  ( M6 )
Bounds : ( 440.764, 11.028 ) ( 441.180, 11.156 )


OFFGRID: ( Off Grid or Wrong Way ) Regular Wire of Net u_mem/FE_OFN312_n  ( M6 )
Bounds : ( 440.964, 15.732 ) ( 441.240, 15.860 )


SHORT: ( Metal Short ) Regular Wire of Net u_mem/bank_rdata[12][30] & Routing Blockage  ( M5 )
Bounds : ( 440.808, 10.984 ) ( 440.904, 11.320 )


SHORT: ( Metal Short ) Regular Wire of Net u_mem/FE_OFN312_n & Routing Blockage  ( M5 )
Bounds : ( 441.024, 15.688 ) ( 441.120, 16.024 )


OFFGRID: ( Off Grid or Wrong Way ) Regular Wire of Net u_mem/FE_OFN727_n  ( M6 )
Bounds : ( 439.468, 11.412 ) ( 439.744, 11.540 )


OFFGRID: ( Off Grid or Wrong Way ) Regular Wire of Net u_mem/bank_rdata[12][29]  ( M6 )
Bounds : ( 439.524, 15.348 ) ( 439.868, 15.476 )


SHORT: ( Metal Short ) Regular Wire of Net u_mem/FE_OFN727_n & Routing Blockage  ( M5 )
Bounds : ( 439.512, 11.368 ) ( 439.608, 11.704 )


SHORT: ( Metal Short ) Regular Wire of Net u_mem/bank_rdata[12][29] & Routing Blockage  ( M5 )
Bounds : ( 439.728, 15.304 ) ( 439.824, 15.640 )


SHORT: ( Cut Short ) Regular Wire of Net u_mem/bank_rdata[12][31] & Blockage of Cell u_mem/G_SRAM_BANK[12].u_sram  ( V3 )
Bounds : ( 440.748, 6.724 ) ( 440.820, 6.820 )


SHORT: ( Cut Short ) Regular Wire of Net u_mem/FE_OFN926_n & Blockage of Cell u_mem/G_SRAM_BANK[12].u_sram  ( V3 )
Bounds : ( 440.892, 7.108 ) ( 440.964, 7.204 )


OFFGRID: ( Off Grid or Wrong Way ) Regular Wire of Net u_mem/bank_rdata[15][18]  ( M6 )
Bounds : ( 313.092, 62.868 ) ( 313.368, 62.996 )


OFFGRID: ( Off Grid or Wrong Way ) Regular Wire of Net u_mem/FE_OFN253_n  ( M6 )
Bounds : ( 313.092, 67.572 ) ( 313.368, 67.700 )


OFFGRID: ( Off Grid or Wrong Way ) Regular Wire of Net u_mem/bank_rdata[15][17]  ( M6 )
Bounds : ( 314.820, 67.188 ) ( 315.096, 67.316 )


SHORT: ( Cut Short ) Regular Wire of Net u_mem/FE_OFN921_n & Blockage of Cell u_mem/G_SRAM_BANK[15].u_sram  ( V3 )
Bounds : ( 315.036, 63.268 ) ( 315.108, 63.364 )


SHORT: ( Metal Short ) Regular Wire of Net u_mem/bank_rdata[15][18] & Routing Blockage  ( M5 )
Bounds : ( 313.152, 62.824 ) ( 313.248, 63.160 )


SHORT: ( Metal Short ) Regular Wire of Net u_mem/FE_OFN253_n & Routing Blockage  ( M5 )
Bounds : ( 313.152, 67.528 ) ( 313.248, 67.864 )


SHORT: ( Metal Short ) Regular Wire of Net u_mem/bank_rdata[15][17] & Routing Blockage  ( M5 )
Bounds : ( 314.880, 67.144 ) ( 314.976, 67.480 )


OFFGRID: ( Off Grid or Wrong Way ) Regular Wire of Net u_mem/FE_OFN670_mem_wdata_19  ( M6 )
Bounds : ( 313.324, 58.932 ) ( 313.600, 59.060 )


OFFGRID: ( Off Grid or Wrong Way ) Regular Wire of Net u_mem/bank_rdata[15][19]  ( M6 )
Bounds : ( 314.188, 58.548 ) ( 314.464, 58.676 )


SHORT: ( Metal Short ) Regular Wire of Net u_mem/FE_OFN670_mem_wdata_19 & Routing Blockage  ( M5 )
Bounds : ( 313.368, 58.888 ) ( 313.464, 59.224 )


SHORT: ( Metal Short ) Regular Wire of Net u_mem/bank_rdata[15][19] & Routing Blockage  ( M5 )
Bounds : ( 314.232, 58.504 ) ( 314.328, 58.840 )


OFFGRID: ( Off Grid or Wrong Way ) Regular Wire of Net u_mem/bank_rdata[15][20]  ( M6 )
Bounds : ( 313.668, 54.228 ) ( 313.944, 54.356 )


OFFGRID: ( Off Grid or Wrong Way ) Regular Wire of Net u_mem/FE_OFN871_n  ( M6 )
Bounds : ( 314.404, 54.612 ) ( 314.748, 54.740 )


SHORT: ( Metal Short ) Regular Wire of Net u_mem/bank_rdata[15][20] & Routing Blockage  ( M5 )
Bounds : ( 313.800, 54.184 ) ( 313.896, 54.520 )


SHORT: ( Metal Short ) Regular Wire of Net u_mem/FE_OFN871_n & Routing Blockage  ( M5 )
Bounds : ( 314.448, 54.568 ) ( 314.544, 54.904 )


OFFGRID: ( Off Grid or Wrong Way ) Regular Wire of Net u_mem/bank_rdata[15][21]  ( M6 )
Bounds : ( 313.092, 49.908 ) ( 313.368, 50.036 )


OFFGRID: ( Off Grid or Wrong Way ) Regular Wire of Net u_mem/FE_OFN925_n  ( M6 )
Bounds : ( 314.532, 50.292 ) ( 314.808, 50.420 )


SHORT: ( Metal Short ) Regular Wire of Net u_mem/bank_rdata[15][21] & Routing Blockage  ( M5 )
Bounds : ( 313.152, 49.864 ) ( 313.248, 50.200 )


SHORT: ( Metal Short ) Regular Wire of Net u_mem/FE_OFN925_n & Routing Blockage  ( M5 )
Bounds : ( 314.664, 50.248 ) ( 314.760, 50.584 )


OFFGRID: ( Off Grid or Wrong Way ) Regular Wire of Net u_mem/bank_rdata[15][22]  ( M6 )
Bounds : ( 314.188, 45.588 ) ( 314.464, 45.716 )


OFFGRID: ( Off Grid or Wrong Way ) Regular Wire of Net u_mem/FE_OFN689_mem_wdata_22  ( M6 )
Bounds : ( 314.532, 45.972 ) ( 314.808, 46.100 )


SHORT: ( Metal Short ) Regular Wire of Net u_mem/bank_rdata[15][22] & Routing Blockage  ( M5 )
Bounds : ( 314.232, 45.544 ) ( 314.328, 45.880 )


SHORT: ( Metal Short ) Regular Wire of Net u_mem/FE_OFN689_mem_wdata_22 & Routing Blockage  ( M5 )
Bounds : ( 314.664, 45.928 ) ( 314.760, 46.264 )


OFFGRID: ( Off Grid or Wrong Way ) Regular Wire of Net u_mem/bank_rdata[15][23]  ( M6 )
Bounds : ( 313.956, 41.268 ) ( 314.232, 41.396 )


SHORT: ( Cut Short ) Regular Wire of Net u_mem/FE_OFN858_n & Blockage of Cell u_mem/G_SRAM_BANK[15].u_sram  ( V3 )
Bounds : ( 314.748, 41.668 ) ( 314.820, 41.764 )


SHORT: ( Metal Short ) Regular Wire of Net u_mem/bank_rdata[15][23] & Routing Blockage  ( M5 )
Bounds : ( 314.016, 41.224 ) ( 314.112, 41.560 )


OFFGRID: ( Off Grid or Wrong Way ) Regular Wire of Net u_mem/bank_rdata[15][24]  ( M6 )
Bounds : ( 313.380, 36.948 ) ( 313.724, 37.076 )


OFFGRID: ( Off Grid or Wrong Way ) Regular Wire of Net u_mem/FE_OFN732_n  ( M6 )
Bounds : ( 314.820, 37.332 ) ( 315.096, 37.460 )


SHORT: ( Cut Short ) Regular Wire of Net u_mem/bank_rdata[15][16] & Blockage of Cell u_mem/G_SRAM_BANK[15].u_sram  ( V3 )
Bounds : ( 311.580, 36.672 ) ( 311.652, 36.768 )


SHORT: ( Metal Short ) Regular Wire of Net u_mem/bank_rdata[15][16] & Routing Blockage  ( M4 )
Bounds : ( 311.536, 36.672 ) ( 311.872, 36.768 )


SHORT: ( Metal Short ) Regular Wire of Net u_mem/bank_rdata[15][16] & Routing Blockage  ( M5 )
Bounds : ( 311.640, 36.612 ) ( 311.736, 36.948 )


SHORT: ( Metal Short ) Regular Wire of Net u_mem/bank_rdata[15][24] & Routing Blockage  ( M5 )
Bounds : ( 313.584, 36.904 ) ( 313.680, 37.240 )


SHORT: ( Metal Short ) Regular Wire of Net u_mem/FE_OFN732_n & Routing Blockage  ( M5 )
Bounds : ( 314.880, 37.288 ) ( 314.976, 37.624 )


OFFGRID: ( Off Grid or Wrong Way ) Regular Wire of Net u_mem/bank_rdata[15][25]  ( M6 )
Bounds : ( 313.956, 32.628 ) ( 314.232, 32.756 )


SHORT: ( Cut Short ) Regular Wire of Net u_mem/bank_rdata[15][21] & Blockage of Cell u_mem/G_SRAM_BANK[15].u_sram  ( V3 )
Bounds : ( 311.148, 32.352 ) ( 311.220, 32.448 )


SHORT: ( Cut Short ) Regular Wire of Net u_mem/FE_OFN842_n & Blockage of Cell u_mem/G_SRAM_BANK[15].u_sram  ( V3 )
Bounds : ( 315.180, 33.028 ) ( 315.252, 33.124 )


SHORT: ( Metal Short ) Regular Wire of Net u_mem/bank_rdata[15][21] & Routing Blockage  ( M4 )
Bounds : ( 311.092, 32.352 ) ( 311.428, 32.448 )


SHORT: ( Metal Short ) Regular Wire of Net u_mem/bank_rdata[15][21] & Routing Blockage  ( M5 )
Bounds : ( 311.136, 32.292 ) ( 311.232, 32.628 )


SHORT: ( Metal Short ) Regular Wire of Net u_mem/bank_rdata[15][25] & Routing Blockage  ( M5 )
Bounds : ( 314.016, 32.584 ) ( 314.112, 32.920 )


OFFGRID: ( Off Grid or Wrong Way ) Regular Wire of Net u_mem/FE_OFN163_mem_wdata_26  ( M6 )
Bounds : ( 313.092, 28.692 ) ( 313.368, 28.820 )


OFFGRID: ( Off Grid or Wrong Way ) Regular Wire of Net u_mem/bank_rdata[15][26]  ( M6 )
Bounds : ( 313.956, 28.308 ) ( 314.232, 28.436 )


SHORT: ( Metal Short ) Regular Wire of Net u_mem/FE_OFN163_mem_wdata_26 & Routing Blockage  ( M5 )
Bounds : ( 313.152, 28.648 ) ( 313.248, 28.984 )


SHORT: ( Metal Short ) Regular Wire of Net u_mem/bank_rdata[15][26] & Routing Blockage  ( M5 )
Bounds : ( 314.016, 28.264 ) ( 314.112, 28.600 )


OFFGRID: ( Off Grid or Wrong Way ) Regular Wire of Net u_mem/bank_rdata[15][27]  ( M6 )
Bounds : ( 313.380, 23.988 ) ( 313.724, 24.116 )


OFFGRID: ( Off Grid or Wrong Way ) Regular Wire of Net u_mem/FE_OFN161_mem_wdata_27  ( M6 )
Bounds : ( 313.956, 24.372 ) ( 314.232, 24.500 )


SHORT: ( Metal Short ) Regular Wire of Net u_mem/bank_rdata[15][27] & Routing Blockage  ( M5 )
Bounds : ( 313.584, 23.944 ) ( 313.680, 24.280 )


SHORT: ( Metal Short ) Regular Wire of Net u_mem/FE_OFN161_mem_wdata_27 & Routing Blockage  ( M5 )
Bounds : ( 314.016, 24.328 ) ( 314.112, 24.664 )


OFFGRID: ( Off Grid or Wrong Way ) Regular Wire of Net u_mem/bank_rdata[15][28]  ( M6 )
Bounds : ( 313.324, 19.668 ) ( 313.600, 19.796 )


SHORT: ( Cut Short ) Regular Wire of Net u_mem/bank_rdata[15][24] & Blockage of Cell u_mem/G_SRAM_BANK[15].u_sram  ( V3 )
Bounds : ( 311.292, 19.392 ) ( 311.364, 19.488 )


SHORT: ( Cut Short ) Regular Wire of Net u_mem/FE_OFN159_mem_wdata_28 & Blockage of Cell u_mem/G_SRAM_BANK[15].u_sram  ( V3 )
Bounds : ( 314.892, 20.068 ) ( 314.964, 20.164 )


SHORT: ( Metal Short ) Regular Wire of Net u_mem/bank_rdata[15][24] & Routing Blockage  ( M4 )
Bounds : ( 311.164, 19.392 ) ( 311.500, 19.488 )


SHORT: ( Metal Short ) Regular Wire of Net u_mem/bank_rdata[15][24] & Routing Blockage  ( M5 )
Bounds : ( 311.208, 19.332 ) ( 311.304, 19.668 )


SHORT: ( Metal Short ) Regular Wire of Net u_mem/bank_rdata[15][28] & Routing Blockage  ( M5 )
Bounds : ( 313.368, 19.624 ) ( 313.464, 19.960 )


OFFGRID: ( Off Grid or Wrong Way ) Regular Wire of Net u_mem/bank_rdata[15][29]  ( M6 )
Bounds : ( 313.380, 15.348 ) ( 313.724, 15.476 )


OFFGRID: ( Off Grid or Wrong Way ) Regular Wire of Net u_mem/FE_OFN312_n  ( M6 )
Bounds : ( 315.268, 15.732 ) ( 315.612, 15.860 )


SHORT: ( Metal Short ) Regular Wire of Net u_mem/bank_rdata[15][29] & Routing Blockage  ( M5 )
Bounds : ( 313.584, 15.304 ) ( 313.680, 15.640 )


SHORT: ( Metal Short ) Regular Wire of Net u_mem/FE_OFN312_n & Routing Blockage  ( M5 )
Bounds : ( 315.312, 15.688 ) ( 315.408, 16.024 )


OFFGRID: ( Off Grid or Wrong Way ) Regular Wire of Net u_mem/bank_rdata[15][30]  ( M6 )
Bounds : ( 313.956, 11.028 ) ( 314.232, 11.156 )


OFFGRID: ( Off Grid or Wrong Way ) Regular Wire of Net u_mem/FE_OFN727_n  ( M6 )
Bounds : ( 314.532, 11.412 ) ( 314.808, 11.540 )


SHORT: ( Metal Short ) Regular Wire of Net u_mem/bank_rdata[15][30] & Routing Blockage  ( M5 )
Bounds : ( 314.016, 10.984 ) ( 314.112, 11.320 )


SHORT: ( Metal Short ) Regular Wire of Net u_mem/FE_OFN727_n & Routing Blockage  ( M5 )
Bounds : ( 314.664, 11.368 ) ( 314.760, 11.704 )


OFFGRID: ( Off Grid or Wrong Way ) Regular Wire of Net u_mem/FE_OFN926_n  ( M6 )
Bounds : ( 313.092, 7.092 ) ( 313.368, 7.220 )


OFFGRID: ( Off Grid or Wrong Way ) Regular Wire of Net u_mem/bank_rdata[15][31]  ( M6 )
Bounds : ( 313.540, 6.708 ) ( 313.884, 6.836 )


SHORT: ( Cut Short ) Regular Wire of Net u_mem/bank_rdata[15][18] & Blockage of Cell u_mem/G_SRAM_BANK[15].u_sram  ( V3 )
Bounds : ( 312.012, 6.432 ) ( 312.084, 6.528 )


SHORT: ( Metal Short ) Regular Wire of Net u_mem/bank_rdata[15][18] & Routing Blockage  ( M4 )
Bounds : ( 311.956, 6.432 ) ( 312.292, 6.528 )


SHORT: ( Metal Short ) Regular Wire of Net u_mem/bank_rdata[15][18] & Routing Blockage  ( M5 )
Bounds : ( 312.000, 6.372 ) ( 312.096, 6.708 )


SHORT: ( Metal Short ) Regular Wire of Net u_mem/FE_OFN926_n & Routing Blockage  ( M5 )
Bounds : ( 313.152, 7.048 ) ( 313.248, 7.384 )


SHORT: ( Metal Short ) Regular Wire of Net u_mem/bank_rdata[15][31] & Routing Blockage  ( M5 )
Bounds : ( 313.584, 6.664 ) ( 313.680, 7.000 )


OFFGRID: ( Off Grid or Wrong Way ) Regular Wire of Net u_mem/bank_rdata[10][26]  ( M6 )
Bounds : ( 187.396, 205.428 ) ( 187.740, 205.556 )


OFFGRID: ( Off Grid or Wrong Way ) Regular Wire of Net u_mem/FE_OFN839_n  ( M6 )
Bounds : ( 188.676, 205.812 ) ( 189.092, 205.940 )


SHORT: ( Metal Short ) Regular Wire of Net u_mem/bank_rdata[10][26] & Routing Blockage  ( M5 )
Bounds : ( 187.440, 205.384 ) ( 187.536, 205.720 )


SHORT: ( Metal Short ) Regular Wire of Net u_mem/FE_OFN839_n & Routing Blockage  ( M5 )
Bounds : ( 188.952, 205.768 ) ( 189.048, 206.104 )


OFFGRID: ( Off Grid or Wrong Way ) Regular Wire of Net u_mem/bank_rdata[10][27]  ( M6 )
Bounds : ( 188.044, 201.108 ) ( 188.320, 201.236 )


SHORT: ( Cut Short ) Regular Wire of Net u_mem/FE_OFN162_mem_wdata_27 & Blockage of Cell u_mem/G_SRAM_BANK[10].u_sram  ( V3 )
Bounds : ( 189.180, 201.508 ) ( 189.252, 201.604 )


SHORT: ( Metal Short ) Regular Wire of Net u_mem/bank_rdata[10][27] & Routing Blockage  ( M5 )
Bounds : ( 188.088, 201.064 ) ( 188.184, 201.400 )


OFFGRID: ( Off Grid or Wrong Way ) Regular Wire of Net u_mem/bank_rdata[10][28]  ( M6 )
Bounds : ( 188.100, 196.788 ) ( 188.444, 196.916 )


OFFGRID: ( Off Grid or Wrong Way ) Regular Wire of Net u_mem/FE_OFN311_n  ( M6 )
Bounds : ( 188.676, 197.172 ) ( 188.952, 197.300 )


SHORT: ( Metal Short ) Regular Wire of Net u_mem/bank_rdata[10][28] & Routing Blockage  ( M5 )
Bounds : ( 188.304, 196.744 ) ( 188.400, 197.080 )


SHORT: ( Metal Short ) Regular Wire of Net u_mem/FE_OFN311_n & Routing Blockage  ( M5 )
Bounds : ( 188.736, 197.128 ) ( 188.832, 197.464 )


OFFGRID: ( Off Grid or Wrong Way ) Regular Wire of Net u_mem/bank_rdata[10][29]  ( M6 )
Bounds : ( 188.044, 192.468 ) ( 188.320, 192.596 )


OFFGRID: ( Off Grid or Wrong Way ) Regular Wire of Net u_mem/FE_OFN313_n  ( M6 )
Bounds : ( 188.676, 192.852 ) ( 188.952, 192.980 )


SHORT: ( Metal Short ) Regular Wire of Net u_mem/bank_rdata[10][29] & Routing Blockage  ( M5 )
Bounds : ( 188.088, 192.424 ) ( 188.184, 192.760 )


SHORT: ( Metal Short ) Regular Wire of Net u_mem/FE_OFN313_n & Routing Blockage  ( M5 )
Bounds : ( 188.736, 192.808 ) ( 188.832, 193.144 )


OFFGRID: ( Off Grid or Wrong Way ) Regular Wire of Net u_mem/bank_rdata[10][30]  ( M6 )
Bounds : ( 187.812, 188.148 ) ( 188.228, 188.276 )


OFFGRID: ( Off Grid or Wrong Way ) Regular Wire of Net u_mem/FE_OFN723_n  ( M6 )
Bounds : ( 189.252, 188.532 ) ( 189.528, 188.660 )


SHORT: ( Metal Short ) Regular Wire of Net u_mem/bank_rdata[10][30] & Routing Blockage  ( M5 )
Bounds : ( 188.088, 188.104 ) ( 188.184, 188.440 )


SHORT: ( Metal Short ) Regular Wire of Net u_mem/FE_OFN723_n & Routing Blockage  ( M5 )
Bounds : ( 189.384, 188.488 ) ( 189.480, 188.824 )


OFFGRID: ( Off Grid or Wrong Way ) Regular Wire of Net u_mem/bank_rdata[10][31]  ( M6 )
Bounds : ( 187.812, 183.828 ) ( 188.088, 183.956 )


OFFGRID: ( Off Grid or Wrong Way ) Regular Wire of Net u_mem/FE_OFN926_n  ( M6 )
Bounds : ( 189.124, 184.212 ) ( 189.468, 184.340 )


SHORT: ( Metal Short ) Regular Wire of Net u_mem/bank_rdata[10][31] & Routing Blockage  ( M5 )
Bounds : ( 187.872, 183.784 ) ( 187.968, 184.120 )


SHORT: ( Metal Short ) Regular Wire of Net u_mem/FE_OFN926_n & Routing Blockage  ( M5 )
Bounds : ( 189.168, 184.168 ) ( 189.264, 184.504 )


SHORT: ( Cut Short ) Regular Wire of Net u_mem/bank_rdata[10][18] & Blockage of Cell u_mem/G_SRAM_BANK[10].u_sram  ( V3 )
Bounds : ( 186.156, 183.552 ) ( 186.228, 183.648 )


SHORT: ( Metal Short ) Regular Wire of Net u_mem/bank_rdata[10][18] & Routing Blockage  ( M4 )
Bounds : ( 186.100, 183.552 ) ( 186.436, 183.648 )


SHORT: ( Metal Short ) Regular Wire of Net u_mem/bank_rdata[10][18] & Routing Blockage  ( M5 )
Bounds : ( 186.144, 183.492 ) ( 186.240, 183.828 )


OFFGRID: ( Off Grid or Wrong Way ) Regular Wire of Net u_mem/bank_rdata[14][1]  ( M6 )
Bounds : ( 189.252, 168.816 ) ( 189.528, 168.944 )


SHORT: ( Cut Short ) Regular Wire of Net u_mem/bank_rdata[14][0] & Blockage of Cell u_mem/G_SRAM_BANK[14].u_sram  ( V3 )
Bounds : ( 189.180, 173.152 ) ( 189.252, 173.248 )


SHORT: ( Cut Short ) Regular Wire of Net u_mem/FE_OFN220_mem_wdata_1 & Blockage of Cell u_mem/G_SRAM_BANK[14].u_sram  ( V3 )
Bounds : ( 189.468, 169.216 ) ( 189.540, 169.312 )


SHORT: ( Metal Short ) Regular Wire of Net u_mem/bank_rdata[14][1] & Routing Blockage  ( M5 )
Bounds : ( 189.384, 168.772 ) ( 189.480, 169.108 )


OFFGRID: ( Off Grid or Wrong Way ) Regular Wire of Net u_mem/bank_rdata[14][2]  ( M6 )
Bounds : ( 187.812, 164.496 ) ( 188.088, 164.624 )


SHORT: ( Cut Short ) Regular Wire of Net u_mem/FE_OFN927_n & Blockage of Cell u_mem/G_SRAM_BANK[14].u_sram  ( V3 )
Bounds : ( 189.180, 164.896 ) ( 189.252, 164.992 )


SHORT: ( Metal Short ) Regular Wire of Net u_mem/bank_rdata[14][2] & Routing Blockage  ( M5 )
Bounds : ( 187.872, 164.452 ) ( 187.968, 164.788 )


OFFGRID: ( Off Grid or Wrong Way ) Regular Wire of Net u_mem/bank_rdata[14][3]  ( M6 )
Bounds : ( 187.396, 160.176 ) ( 187.740, 160.304 )


OFFGRID: ( Off Grid or Wrong Way ) Regular Wire of Net u_mem/FE_OFN218_mem_wdata_3  ( M6 )
Bounds : ( 188.260, 160.560 ) ( 188.604, 160.688 )


SHORT: ( Metal Short ) Regular Wire of Net u_mem/bank_rdata[14][3] & Routing Blockage  ( M5 )
Bounds : ( 187.440, 160.132 ) ( 187.536, 160.468 )


SHORT: ( Metal Short ) Regular Wire of Net u_mem/FE_OFN218_mem_wdata_3 & Routing Blockage  ( M5 )
Bounds : ( 188.304, 160.516 ) ( 188.400, 160.852 )


OFFGRID: ( Off Grid or Wrong Way ) Regular Wire of Net u_mem/FE_OFN217_mem_wdata_4  ( M6 )
Bounds : ( 187.236, 156.240 ) ( 187.580, 156.368 )


OFFGRID: ( Off Grid or Wrong Way ) Regular Wire of Net u_mem/bank_rdata[14][4]  ( M6 )
Bounds : ( 188.044, 155.856 ) ( 188.320, 155.984 )


SHORT: ( Metal Short ) Regular Wire of Net u_mem/FE_OFN217_mem_wdata_4 & Routing Blockage  ( M5 )
Bounds : ( 187.440, 156.196 ) ( 187.536, 156.532 )


SHORT: ( Metal Short ) Regular Wire of Net u_mem/bank_rdata[14][4] & Routing Blockage  ( M5 )
Bounds : ( 188.088, 155.812 ) ( 188.184, 156.148 )


OFFGRID: ( Off Grid or Wrong Way ) Regular Wire of Net u_mem/bank_rdata[14][5]  ( M6 )
Bounds : ( 187.812, 151.536 ) ( 188.088, 151.664 )


OFFGRID: ( Off Grid or Wrong Way ) Regular Wire of Net u_mem/FE_OFN793_n  ( M6 )
Bounds : ( 189.340, 151.920 ) ( 189.756, 152.048 )


SHORT: ( Metal Short ) Regular Wire of Net u_mem/bank_rdata[14][5] & Routing Blockage  ( M5 )
Bounds : ( 187.872, 151.492 ) ( 187.968, 151.828 )


SHORT: ( Metal Short ) Regular Wire of Net u_mem/FE_OFN793_n & Routing Blockage  ( M5 )
Bounds : ( 189.384, 151.876 ) ( 189.480, 152.212 )


OFFGRID: ( Off Grid or Wrong Way ) Regular Wire of Net u_mem/bank_rdata[14][6]  ( M6 )
Bounds : ( 187.812, 147.216 ) ( 188.088, 147.344 )


OFFGRID: ( Off Grid or Wrong Way ) Regular Wire of Net u_mem/FE_OFN215_mem_wdata_6  ( M6 )
Bounds : ( 189.540, 147.600 ) ( 189.816, 147.728 )


SHORT: ( Metal Short ) Regular Wire of Net u_mem/bank_rdata[14][6] & Routing Blockage  ( M5 )
Bounds : ( 187.872, 147.172 ) ( 187.968, 147.508 )


SHORT: ( Metal Short ) Regular Wire of Net u_mem/FE_OFN215_mem_wdata_6 & Routing Blockage  ( M5 )
Bounds : ( 189.600, 147.556 ) ( 189.696, 147.892 )


OFFGRID: ( Off Grid or Wrong Way ) Regular Wire of Net u_mem/FE_OFN320_n  ( M6 )
Bounds : ( 185.508, 143.280 ) ( 185.784, 143.408 )


SHORT: ( Cut Short ) Regular Wire of Net u_mem/FE_OFN320_n & Blockage of Cell u_mem/G_SRAM_BANK[14].u_sram  ( V3 )
Bounds : ( 185.580, 143.296 ) ( 185.652, 143.392 )


SHORT: ( Metal Short ) Regular Wire of Net u_mem/FE_OFN320_n & Routing Blockage  ( M4 )
Bounds : ( 185.524, 143.296 ) ( 185.860, 143.392 )


SHORT: ( Metal Short ) Regular Wire of Net u_mem/FE_OFN320_n & Routing Blockage  ( M5 )
Bounds : ( 185.568, 143.236 ) ( 185.664, 143.572 )


OFFGRID: ( Off Grid or Wrong Way ) Regular Wire of Net u_mem/bank_rdata[14][7]  ( M6 )
Bounds : ( 187.812, 142.896 ) ( 188.088, 143.024 )


OFFGRID: ( Off Grid or Wrong Way ) Regular Wire of Net u_mem/FE_OFN214_mem_wdata_7  ( M6 )
Bounds : ( 188.908, 143.280 ) ( 189.468, 143.408 )


SHORT: ( Metal Short ) Regular Wire of Net u_mem/bank_rdata[14][7] & Routing Blockage  ( M5 )
Bounds : ( 187.872, 142.852 ) ( 187.968, 143.188 )


SHORT: ( Metal Short ) Regular Wire of Net u_mem/FE_OFN214_mem_wdata_7 & Routing Blockage  ( M5 )
Bounds : ( 188.952, 143.236 ) ( 189.048, 143.572 )


SHORT: ( Metal Short ) Regular Wire of Net u_mem/bank_rdata[14][0] & Regular Wire of Net u_mem/FE_OFN927_n  ( M3 )
Bounds : ( 189.180, 173.132 ) ( 189.252, 175.232 )


OFFGRID: ( Off Grid or Wrong Way ) Regular Wire of Net u_mem/FE_OFN213_mem_wdata_8  ( M6 )
Bounds : ( 188.388, 138.960 ) ( 188.664, 139.088 )


OFFGRID: ( Off Grid or Wrong Way ) Regular Wire of Net u_mem/bank_rdata[14][8]  ( M6 )
Bounds : ( 188.676, 138.576 ) ( 188.952, 138.704 )


SHORT: ( Metal Short ) Regular Wire of Net u_mem/FE_OFN213_mem_wdata_8 & Routing Blockage  ( M5 )
Bounds : ( 188.520, 138.916 ) ( 188.616, 139.252 )


SHORT: ( Metal Short ) Regular Wire of Net u_mem/bank_rdata[14][8] & Routing Blockage  ( M5 )
Bounds : ( 188.736, 138.532 ) ( 188.832, 138.868 )


OFFGRID: ( Off Grid or Wrong Way ) Regular Wire of Net u_mem/bank_rdata[14][9]  ( M6 )
Bounds : ( 188.676, 134.256 ) ( 188.952, 134.384 )


SHORT: ( Cut Short ) Regular Wire of Net u_mem/FE_OFN212_mem_wdata_9 & Blockage of Cell u_mem/G_SRAM_BANK[14].u_sram  ( V3 )
Bounds : ( 189.036, 134.656 ) ( 189.108, 134.752 )


SHORT: ( Metal Short ) Regular Wire of Net u_mem/bank_rdata[14][9] & Routing Blockage  ( M5 )
Bounds : ( 188.736, 134.212 ) ( 188.832, 134.548 )


OFFGRID: ( Off Grid or Wrong Way ) Regular Wire of Net u_mem/bank_rdata[14][11]  ( M6 )
Bounds : ( 188.676, 125.616 ) ( 188.952, 125.744 )


OFFGRID: ( Off Grid or Wrong Way ) Regular Wire of Net u_mem/FE_OFN211_mem_wdata_10  ( M6 )
Bounds : ( 189.124, 130.320 ) ( 189.468, 130.448 )


OFFGRID: ( Off Grid or Wrong Way ) Regular Wire of Net u_mem/FE_OFN320_n  ( M6 )
Bounds : ( 189.340, 126.000 ) ( 189.756, 126.128 )


SHORT: ( Cut Short ) Regular Wire of Net u_mem/bank_rdata[14][10] & Blockage of Cell u_mem/G_SRAM_BANK[14].u_sram  ( V3 )
Bounds : ( 189.324, 129.952 ) ( 189.396, 130.048 )


SHORT: ( Metal Short ) Regular Wire of Net u_mem/bank_rdata[14][11] & Routing Blockage  ( M5 )
Bounds : ( 188.736, 125.572 ) ( 188.832, 125.908 )


SHORT: ( Metal Short ) Regular Wire of Net u_mem/FE_OFN211_mem_wdata_10 & Routing Blockage  ( M5 )
Bounds : ( 189.168, 130.276 ) ( 189.264, 130.612 )


SHORT: ( Metal Short ) Regular Wire of Net u_mem/FE_OFN320_n & Routing Blockage  ( M5 )
Bounds : ( 189.384, 125.956 ) ( 189.480, 126.292 )


OFFGRID: ( Off Grid or Wrong Way ) Regular Wire of Net u_mem/bank_rdata[14][12]  ( M6 )
Bounds : ( 187.812, 121.296 ) ( 188.088, 121.424 )


OFFGRID: ( Off Grid or Wrong Way ) Regular Wire of Net u_mem/FE_OFN209_mem_wdata_12  ( M6 )
Bounds : ( 188.260, 121.680 ) ( 188.604, 121.808 )


SHORT: ( Metal Short ) Regular Wire of Net u_mem/bank_rdata[14][12] & Routing Blockage  ( M5 )
Bounds : ( 187.872, 121.252 ) ( 187.968, 121.588 )


SHORT: ( Metal Short ) Regular Wire of Net u_mem/FE_OFN209_mem_wdata_12 & Routing Blockage  ( M5 )
Bounds : ( 188.304, 121.636 ) ( 188.400, 121.972 )


OFFGRID: ( Off Grid or Wrong Way ) Regular Wire of Net u_mem/FE_OFN208_mem_wdata_13  ( M6 )
Bounds : ( 187.812, 117.360 ) ( 188.088, 117.488 )


OFFGRID: ( Off Grid or Wrong Way ) Regular Wire of Net u_mem/bank_rdata[14][13]  ( M6 )
Bounds : ( 188.260, 116.976 ) ( 188.604, 117.104 )


SHORT: ( Metal Short ) Regular Wire of Net u_mem/FE_OFN208_mem_wdata_13 & Routing Blockage  ( M5 )
Bounds : ( 187.872, 117.316 ) ( 187.968, 117.652 )


SHORT: ( Metal Short ) Regular Wire of Net u_mem/bank_rdata[14][13] & Routing Blockage  ( M5 )
Bounds : ( 188.304, 116.932 ) ( 188.400, 117.268 )


OFFGRID: ( Off Grid or Wrong Way ) Regular Wire of Net u_mem/bank_rdata[14][15]  ( M6 )
Bounds : ( 188.676, 108.336 ) ( 188.952, 108.464 )


OFFGRID: ( Off Grid or Wrong Way ) Regular Wire of Net u_mem/bank_rdata[14][14]  ( M6 )
Bounds : ( 188.676, 112.656 ) ( 188.952, 112.784 )


OFFGRID: ( Off Grid or Wrong Way ) Regular Wire of Net u_mem/FE_OFN206_mem_wdata_15  ( M6 )
Bounds : ( 189.252, 108.720 ) ( 189.528, 108.848 )


OFFGRID: ( Off Grid or Wrong Way ) Regular Wire of Net u_mem/FE_OFN207_mem_wdata_14  ( M6 )
Bounds : ( 189.540, 113.040 ) ( 189.816, 113.168 )


SHORT: ( Metal Short ) Regular Wire of Net u_mem/bank_rdata[14][15] & Routing Blockage  ( M5 )
Bounds : ( 188.736, 108.292 ) ( 188.832, 108.628 )


SHORT: ( Metal Short ) Regular Wire of Net u_mem/bank_rdata[14][14] & Routing Blockage  ( M5 )
Bounds : ( 188.736, 112.612 ) ( 188.832, 112.948 )


SHORT: ( Metal Short ) Regular Wire of Net u_mem/FE_OFN206_mem_wdata_15 & Routing Blockage  ( M5 )
Bounds : ( 189.384, 108.676 ) ( 189.480, 109.012 )


SHORT: ( Metal Short ) Regular Wire of Net u_mem/FE_OFN207_mem_wdata_14 & Routing Blockage  ( M5 )
Bounds : ( 189.600, 112.996 ) ( 189.696, 113.332 )


OFFGRID: ( Off Grid or Wrong Way ) Regular Wire of Net u_mem/bank_rdata[14][16]  ( M6 )
Bounds : ( 187.524, 71.508 ) ( 187.800, 71.636 )


OFFGRID: ( Off Grid or Wrong Way ) Regular Wire of Net u_mem/FE_OFN756_n  ( M6 )
Bounds : ( 188.044, 71.892 ) ( 188.320, 72.020 )


SHORT: ( Metal Short ) Regular Wire of Net u_mem/bank_rdata[14][16] & Routing Blockage  ( M5 )
Bounds : ( 187.656, 71.464 ) ( 187.752, 71.800 )


SHORT: ( Metal Short ) Regular Wire of Net u_mem/FE_OFN756_n & Routing Blockage  ( M5 )
Bounds : ( 188.088, 71.848 ) ( 188.184, 72.184 )


WIDTH: ( WidthTable ) Pin of Cell u_mem/G_SRAM_BANK[14].u_sram  ( M3 )
Bounds : ( 187.180, 104.688 ) ( 187.324, 176.940 )


OFFGRID: ( Off Grid or Wrong Way ) Regular Wire of Net u_mem/bank_rdata[8][26]  ( M6 )
Bounds : ( 61.668, 205.428 ) ( 61.944, 205.556 )


OFFGRID: ( Off Grid or Wrong Way ) Regular Wire of Net u_mem/FE_OFN840_n  ( M6 )
Bounds : ( 61.900, 205.812 ) ( 62.176, 205.940 )


SHORT: ( Metal Short ) Regular Wire of Net u_mem/bank_rdata[8][26] & Routing Blockage  ( M5 )
Bounds : ( 61.728, 205.384 ) ( 61.824, 205.720 )


SHORT: ( Metal Short ) Regular Wire of Net u_mem/FE_OFN840_n & Routing Blockage  ( M5 )
Bounds : ( 61.944, 205.768 ) ( 62.040, 206.104 )


OFFGRID: ( Off Grid or Wrong Way ) Regular Wire of Net u_mem/FE_OFN162_mem_wdata_27  ( M6 )
Bounds : ( 61.900, 201.492 ) ( 62.176, 201.620 )


SHORT: ( Metal Short ) Regular Wire of Net u_mem/FE_OFN162_mem_wdata_27 & Routing Blockage  ( M5 )
Bounds : ( 61.944, 201.448 ) ( 62.040, 201.784 )


OFFGRID: ( Off Grid or Wrong Way ) Regular Wire of Net u_mem/bank_rdata[8][27]  ( M6 )
Bounds : ( 62.764, 201.108 ) ( 63.040, 201.236 )


SHORT: ( Metal Short ) Regular Wire of Net u_mem/bank_rdata[8][27] & Routing Blockage  ( M5 )
Bounds : ( 62.808, 201.064 ) ( 62.904, 201.400 )


OFFGRID: ( Off Grid or Wrong Way ) Regular Wire of Net u_mem/FE_OFN311_n  ( M6 )
Bounds : ( 62.764, 197.172 ) ( 63.040, 197.300 )


OFFGRID: ( Off Grid or Wrong Way ) Regular Wire of Net u_mem/bank_rdata[8][28]  ( M6 )
Bounds : ( 63.108, 196.788 ) ( 63.384, 196.916 )


SHORT: ( Metal Short ) Regular Wire of Net u_mem/FE_OFN311_n & Routing Blockage  ( M5 )
Bounds : ( 62.808, 197.128 ) ( 62.904, 197.464 )


SHORT: ( Metal Short ) Regular Wire of Net u_mem/bank_rdata[8][28] & Routing Blockage  ( M5 )
Bounds : ( 63.240, 196.744 ) ( 63.336, 197.080 )


OFFGRID: ( Off Grid or Wrong Way ) Regular Wire of Net u_mem/FE_OFN313_n  ( M6 )
Bounds : ( 61.900, 192.852 ) ( 62.176, 192.980 )


SHORT: ( Metal Short ) Regular Wire of Net u_mem/FE_OFN313_n & Routing Blockage  ( M5 )
Bounds : ( 61.944, 192.808 ) ( 62.040, 193.144 )


OFFGRID: ( Off Grid or Wrong Way ) Regular Wire of Net u_mem/bank_rdata[8][29]  ( M6 )
Bounds : ( 62.764, 192.468 ) ( 63.040, 192.596 )


SHORT: ( Metal Short ) Regular Wire of Net u_mem/bank_rdata[8][29] & Routing Blockage  ( M5 )
Bounds : ( 62.808, 192.424 ) ( 62.904, 192.760 )


OFFGRID: ( Off Grid or Wrong Way ) Regular Wire of Net u_mem/FE_OFN728_n  ( M6 )
Bounds : ( 61.900, 188.532 ) ( 62.176, 188.660 )


SHORT: ( Metal Short ) Regular Wire of Net u_mem/FE_OFN728_n & Routing Blockage  ( M5 )
Bounds : ( 61.944, 188.488 ) ( 62.040, 188.824 )


OFFGRID: ( Off Grid or Wrong Way ) Regular Wire of Net u_mem/bank_rdata[8][30]  ( M6 )
Bounds : ( 62.764, 188.148 ) ( 63.040, 188.276 )


SHORT: ( Cut Short ) Regular Wire of Net u_mem/bank_rdata[8][31] & Blockage of Cell u_mem/G_SRAM_BANK[8].u_sram  ( V3 )
Bounds : ( 63.468, 183.844 ) ( 63.540, 183.940 )


SHORT: ( Cut Short ) Regular Wire of Net u_mem/FE_OFN926_n & Blockage of Cell u_mem/G_SRAM_BANK[8].u_sram  ( V3 )
Bounds : ( 63.756, 184.228 ) ( 63.828, 184.324 )


SHORT: ( Metal Short ) Regular Wire of Net u_mem/bank_rdata[8][30] & Routing Blockage  ( M5 )
Bounds : ( 62.808, 188.104 ) ( 62.904, 188.440 )


SHORT: ( Cut Short ) Regular Wire of Net u_mem/FE_OFN220_mem_wdata_1 & Blockage of Cell u_mem/G_SRAM_BANK[9].u_sram  ( V3 )
Bounds : ( 63.324, 169.216 ) ( 63.396, 169.312 )


SHORT: ( Cut Short ) Regular Wire of Net u_mem/bank_rdata[9][0] & Blockage of Cell u_mem/G_SRAM_BANK[9].u_sram  ( V3 )
Bounds : ( 63.324, 173.152 ) ( 63.396, 173.248 )


SHORT: ( Cut Short ) Regular Wire of Net u_mem/bank_rdata[9][1] & Blockage of Cell u_mem/G_SRAM_BANK[9].u_sram  ( V3 )
Bounds : ( 63.468, 168.832 ) ( 63.540, 168.928 )


OFFGRID: ( Off Grid or Wrong Way ) Regular Wire of Net u_mem/bank_rdata[9][3]  ( M6 )
Bounds : ( 62.532, 160.176 ) ( 62.948, 160.304 )


OFFGRID: ( Off Grid or Wrong Way ) Regular Wire of Net u_mem/FE_OFN218_mem_wdata_3  ( M6 )
Bounds : ( 62.820, 160.560 ) ( 63.164, 160.688 )


SHORT: ( Cut Short ) Regular Wire of Net u_mem/FE_OFN927_n & Blockage of Cell u_mem/G_SRAM_BANK[9].u_sram  ( V3 )
Bounds : ( 63.612, 164.896 ) ( 63.684, 164.992 )


SHORT: ( Cut Short ) Regular Wire of Net u_mem/bank_rdata[9][2] & Blockage of Cell u_mem/G_SRAM_BANK[9].u_sram  ( V3 )
Bounds : ( 63.756, 164.512 ) ( 63.828, 164.608 )


SHORT: ( Metal Short ) Regular Wire of Net u_mem/bank_rdata[9][3] & Routing Blockage  ( M5 )
Bounds : ( 62.808, 160.132 ) ( 62.904, 160.468 )


SHORT: ( Metal Short ) Regular Wire of Net u_mem/FE_OFN218_mem_wdata_3 & Routing Blockage  ( M5 )
Bounds : ( 63.024, 160.516 ) ( 63.120, 160.852 )


OFFGRID: ( Off Grid or Wrong Way ) Regular Wire of Net u_mem/FE_OFN207_mem_wdata_14  ( M6 )
Bounds : ( 60.516, 155.624 ) ( 60.792, 155.752 )


OFFGRID: ( Off Grid or Wrong Way ) Regular Wire of Net u_mem/bank_rdata[9][4]  ( M6 )
Bounds : ( 61.668, 155.856 ) ( 61.944, 155.984 )


SHORT: ( Cut Short ) Regular Wire of Net u_mem/FE_OFN207_mem_wdata_14 & Blockage of Cell u_mem/G_SRAM_BANK[9].u_sram  ( V3 )
Bounds : ( 60.588, 155.640 ) ( 60.660, 155.736 )


SHORT: ( Metal Short ) Regular Wire of Net u_mem/FE_OFN207_mem_wdata_14 & Routing Blockage  ( M4 )
Bounds : ( 60.532, 155.640 ) ( 60.868, 155.736 )


SHORT: ( Metal Short ) Regular Wire of Net u_mem/FE_OFN207_mem_wdata_14 & Routing Blockage  ( M5 )
Bounds : ( 60.576, 155.580 ) ( 60.672, 155.916 )


SHORT: ( Metal Short ) Regular Wire of Net u_mem/bank_rdata[9][4] & Routing Blockage  ( M5 )
Bounds : ( 61.728, 155.812 ) ( 61.824, 156.148 )


OFFGRID: ( Off Grid or Wrong Way ) Regular Wire of Net u_mem/FE_OFN217_mem_wdata_4  ( M6 )
Bounds : ( 63.844, 156.240 ) ( 64.188, 156.368 )


SHORT: ( Metal Short ) Regular Wire of Net u_mem/FE_OFN217_mem_wdata_4 & Routing Blockage  ( M5 )
Bounds : ( 63.888, 156.196 ) ( 63.984, 156.532 )


OFFGRID: ( Off Grid or Wrong Way ) Regular Wire of Net u_mem/bank_rdata[9][5]  ( M6 )
Bounds : ( 62.116, 151.536 ) ( 62.460, 151.664 )


SHORT: ( Cut Short ) Regular Wire of Net u_mem/FE_OFN209_mem_wdata_12 & Blockage of Cell u_mem/G_SRAM_BANK[9].u_sram  ( V3 )
Bounds : ( 60.444, 151.552 ) ( 60.516, 151.648 )


SHORT: ( Metal Short ) Regular Wire of Net u_mem/bank_rdata[9][5] & Routing Blockage  ( M5 )
Bounds : ( 62.160, 151.492 ) ( 62.256, 151.828 )


OFFGRID: ( Off Grid or Wrong Way ) Regular Wire of Net u_mem/FE_OFN793_n  ( M6 )
Bounds : ( 62.532, 151.920 ) ( 62.808, 152.048 )


SHORT: ( Metal Short ) Regular Wire of Net u_mem/FE_OFN793_n & Routing Blockage  ( M5 )
Bounds : ( 62.592, 151.876 ) ( 62.688, 152.212 )


OFFGRID: ( Off Grid or Wrong Way ) Regular Wire of Net u_mem/FE_OFN209_mem_wdata_12  ( M6 )
Bounds : ( 60.228, 151.536 ) ( 60.572, 151.664 )


SHORT: ( Metal Short ) Regular Wire of Net u_mem/FE_OFN209_mem_wdata_12 & Routing Blockage  ( M4 )
Bounds : ( 60.388, 151.552 ) ( 60.724, 151.648 )


SHORT: ( Metal Short ) Regular Wire of Net u_mem/FE_OFN209_mem_wdata_12 & Routing Blockage  ( M5 )
Bounds : ( 60.432, 151.492 ) ( 60.528, 151.828 )


OFFGRID: ( Off Grid or Wrong Way ) Regular Wire of Net u_mem/bank_rdata[9][6]  ( M6 )
Bounds : ( 61.668, 147.216 ) ( 61.944, 147.344 )


OFFGRID: ( Off Grid or Wrong Way ) Regular Wire of Net u_mem/FE_OFN215_mem_wdata_6  ( M6 )
Bounds : ( 61.900, 147.600 ) ( 62.176, 147.728 )


SHORT: ( Metal Short ) Regular Wire of Net u_mem/bank_rdata[9][6] & Routing Blockage  ( M5 )
Bounds : ( 61.728, 147.172 ) ( 61.824, 147.508 )


SHORT: ( Metal Short ) Regular Wire of Net u_mem/FE_OFN215_mem_wdata_6 & Routing Blockage  ( M5 )
Bounds : ( 61.944, 147.556 ) ( 62.040, 147.892 )


SHORT: ( Metal Short ) Regular Wire of Net u_mem/FE_OFN214_mem_wdata_7 & Routing Blockage  ( M5 )
Bounds : ( 62.160, 143.236 ) ( 62.256, 143.572 )


OFFGRID: ( Off Grid or Wrong Way ) Regular Wire of Net u_mem/FE_OFN214_mem_wdata_7  ( M6 )
Bounds : ( 61.956, 143.280 ) ( 62.300, 143.408 )


OFFGRID: ( Off Grid or Wrong Way ) Regular Wire of Net u_mem/bank_rdata[9][7]  ( M6 )
Bounds : ( 62.532, 142.896 ) ( 62.808, 143.024 )


SHORT: ( Metal Short ) Regular Wire of Net u_mem/bank_rdata[9][7] & Routing Blockage  ( M5 )
Bounds : ( 62.592, 142.852 ) ( 62.688, 143.188 )


SHORT: ( Metal Short ) Regular Wire of Net u_mem/bank_rdata[9][0] & Regular Wire of Net u_mem/FE_OFN220_mem_wdata_1  ( M3 )
Bounds : ( 63.324, 173.132 ) ( 63.396, 175.196 )


OFFGRID: ( Off Grid or Wrong Way ) Regular Wire of Net u_mem/bank_rdata[9][8]  ( M6 )
Bounds : ( 62.532, 138.576 ) ( 62.808, 138.704 )


OFFGRID: ( Off Grid or Wrong Way ) Regular Wire of Net u_mem/FE_OFN213_mem_wdata_8  ( M6 )
Bounds : ( 63.684, 138.960 ) ( 64.028, 139.088 )


SHORT: ( Metal Short ) Regular Wire of Net u_mem/bank_rdata[9][8] & Routing Blockage  ( M5 )
Bounds : ( 62.592, 138.532 ) ( 62.688, 138.868 )


SHORT: ( Metal Short ) Regular Wire of Net u_mem/FE_OFN213_mem_wdata_8 & Routing Blockage  ( M5 )
Bounds : ( 63.888, 138.916 ) ( 63.984, 139.252 )


SHORT: ( Metal Short ) Regular Wire of Net u_mem/bank_rdata[9][9] & Routing Blockage  ( M5 )
Bounds : ( 62.160, 134.212 ) ( 62.256, 134.548 )


OFFGRID: ( Off Grid or Wrong Way ) Regular Wire of Net u_mem/bank_rdata[9][9]  ( M6 )
Bounds : ( 61.956, 134.256 ) ( 62.300, 134.384 )


OFFGRID: ( Off Grid or Wrong Way ) Regular Wire of Net u_mem/FE_OFN212_mem_wdata_9  ( M6 )
Bounds : ( 63.396, 134.640 ) ( 63.672, 134.768 )


SHORT: ( Metal Short ) Regular Wire of Net u_mem/FE_OFN212_mem_wdata_9 & Routing Blockage  ( M5 )
Bounds : ( 63.456, 134.596 ) ( 63.552, 134.932 )


OFFGRID: ( Off Grid or Wrong Way ) Regular Wire of Net u_mem/bank_rdata[9][10]  ( M6 )
Bounds : ( 62.116, 129.936 ) ( 62.460, 130.064 )


SHORT: ( Metal Short ) Regular Wire of Net u_mem/bank_rdata[9][10] & Routing Blockage  ( M5 )
Bounds : ( 62.160, 129.892 ) ( 62.256, 130.228 )


OFFGRID: ( Off Grid or Wrong Way ) Regular Wire of Net u_mem/FE_OFN211_mem_wdata_10  ( M6 )
Bounds : ( 63.628, 130.320 ) ( 63.904, 130.448 )


SHORT: ( Metal Short ) Regular Wire of Net u_mem/FE_OFN211_mem_wdata_10 & Routing Blockage  ( M5 )
Bounds : ( 63.672, 130.276 ) ( 63.768, 130.612 )


OFFGRID: ( Off Grid or Wrong Way ) Regular Wire of Net u_mem/FE_OFN320_n  ( M6 )
Bounds : ( 61.668, 126.000 ) ( 61.944, 126.128 )


SHORT: ( Metal Short ) Regular Wire of Net u_mem/FE_OFN320_n & Routing Blockage  ( M5 )
Bounds : ( 61.728, 125.956 ) ( 61.824, 126.292 )


OFFGRID: ( Off Grid or Wrong Way ) Regular Wire of Net u_mem/bank_rdata[9][11]  ( M6 )
Bounds : ( 62.980, 125.616 ) ( 63.324, 125.744 )


SHORT: ( Metal Short ) Regular Wire of Net u_mem/bank_rdata[9][11] & Routing Blockage  ( M5 )
Bounds : ( 63.024, 125.572 ) ( 63.120, 125.908 )


OFFGRID: ( Off Grid or Wrong Way ) Regular Wire of Net u_mem/FE_OFN209_mem_wdata_12  ( M6 )
Bounds : ( 61.668, 121.680 ) ( 61.944, 121.808 )


SHORT: ( Metal Short ) Regular Wire of Net u_mem/FE_OFN209_mem_wdata_12 & Routing Blockage  ( M5 )
Bounds : ( 61.728, 121.636 ) ( 61.824, 121.972 )


OFFGRID: ( Off Grid or Wrong Way ) Regular Wire of Net u_mem/bank_rdata[9][12]  ( M6 )
Bounds : ( 62.244, 121.296 ) ( 62.520, 121.424 )


SHORT: ( Metal Short ) Regular Wire of Net u_mem/bank_rdata[9][12] & Routing Blockage  ( M5 )
Bounds : ( 62.376, 121.252 ) ( 62.472, 121.588 )


OFFGRID: ( Off Grid or Wrong Way ) Regular Wire of Net u_mem/FE_OFN208_mem_wdata_13  ( M6 )
Bounds : ( 61.956, 117.360 ) ( 62.300, 117.488 )


SHORT: ( Metal Short ) Regular Wire of Net u_mem/FE_OFN208_mem_wdata_13 & Routing Blockage  ( M5 )
Bounds : ( 62.160, 117.316 ) ( 62.256, 117.652 )


OFFGRID: ( Off Grid or Wrong Way ) Regular Wire of Net u_mem/bank_rdata[9][13]  ( M6 )
Bounds : ( 63.684, 116.976 ) ( 64.028, 117.104 )


SHORT: ( Metal Short ) Regular Wire of Net u_mem/bank_rdata[9][13] & Routing Blockage  ( M5 )
Bounds : ( 63.888, 116.932 ) ( 63.984, 117.268 )


OFFGRID: ( Off Grid or Wrong Way ) Regular Wire of Net u_mem/FE_OFN207_mem_wdata_14  ( M6 )
Bounds : ( 62.532, 113.040 ) ( 62.808, 113.168 )


OFFGRID: ( Off Grid or Wrong Way ) Regular Wire of Net u_mem/bank_rdata[9][14]  ( M6 )
Bounds : ( 62.820, 112.656 ) ( 63.164, 112.784 )


SHORT: ( Metal Short ) Regular Wire of Net u_mem/FE_OFN207_mem_wdata_14 & Routing Blockage  ( M5 )
Bounds : ( 62.592, 112.996 ) ( 62.688, 113.332 )


SHORT: ( Metal Short ) Regular Wire of Net u_mem/bank_rdata[9][14] & Routing Blockage  ( M5 )
Bounds : ( 63.024, 112.612 ) ( 63.120, 112.948 )


OFFGRID: ( Off Grid or Wrong Way ) Regular Wire of Net u_mem/FE_OFN207_mem_wdata_14  ( M6 )
Bounds : ( 60.516, 108.104 ) ( 60.792, 108.232 )


OFFGRID: ( Off Grid or Wrong Way ) Regular Wire of Net u_mem/bank_rdata[9][15]  ( M6 )
Bounds : ( 61.668, 108.336 ) ( 61.944, 108.464 )


SHORT: ( Cut Short ) Regular Wire of Net u_mem/FE_OFN207_mem_wdata_14 & Blockage of Cell u_mem/G_SRAM_BANK[9].u_sram  ( V3 )
Bounds : ( 60.588, 108.120 ) ( 60.660, 108.216 )


SHORT: ( Metal Short ) Regular Wire of Net u_mem/FE_OFN207_mem_wdata_14 & Routing Blockage  ( M4 )
Bounds : ( 60.532, 108.120 ) ( 60.868, 108.216 )


SHORT: ( Metal Short ) Regular Wire of Net u_mem/FE_OFN207_mem_wdata_14 & Routing Blockage  ( M5 )
Bounds : ( 60.576, 108.060 ) ( 60.672, 108.396 )


SHORT: ( Metal Short ) Regular Wire of Net u_mem/bank_rdata[9][15] & Routing Blockage  ( M5 )
Bounds : ( 61.728, 108.292 ) ( 61.824, 108.628 )


OFFGRID: ( Off Grid or Wrong Way ) Regular Wire of Net u_mem/FE_OFN206_mem_wdata_15  ( M6 )
Bounds : ( 62.532, 108.720 ) ( 62.808, 108.848 )


SHORT: ( Metal Short ) Regular Wire of Net u_mem/FE_OFN206_mem_wdata_15 & Routing Blockage  ( M5 )
Bounds : ( 62.592, 108.676 ) ( 62.688, 109.012 )


OFFGRID: ( Off Grid or Wrong Way ) Regular Wire of Net u_mem/FE_OFN756_n  ( M6 )
Bounds : ( 61.668, 71.892 ) ( 61.944, 72.020 )


SHORT: ( Metal Short ) Regular Wire of Net u_mem/FE_OFN756_n & Routing Blockage  ( M5 )
Bounds : ( 61.728, 71.848 ) ( 61.824, 72.184 )


OFFGRID: ( Off Grid or Wrong Way ) Regular Wire of Net u_mem/bank_rdata[9][16]  ( M6 )
Bounds : ( 63.684, 71.508 ) ( 63.960, 71.636 )


SHORT: ( Metal Short ) Regular Wire of Net u_mem/bank_rdata[9][16] & Routing Blockage  ( M5 )
Bounds : ( 63.744, 71.464 ) ( 63.840, 71.800 )


WIDTH: ( WidthTable ) Pin of Cell u_mem/G_SRAM_BANK[9].u_sram  ( M3 )
Bounds : ( 61.468, 104.688 ) ( 61.612, 176.940 )


OFFGRID: ( Off Grid or Wrong Way ) Regular Wire of Net u_mem/FE_OFN253_n  ( M6 )
Bounds : ( 188.044, 67.572 ) ( 188.320, 67.700 )


OFFGRID: ( Off Grid or Wrong Way ) Regular Wire of Net u_mem/bank_rdata[14][17]  ( M6 )
Bounds : ( 188.676, 67.188 ) ( 188.952, 67.316 )


SHORT: ( Metal Short ) Regular Wire of Net u_mem/FE_OFN253_n & Routing Blockage  ( M5 )
Bounds : ( 188.088, 67.528 ) ( 188.184, 67.864 )


SHORT: ( Metal Short ) Regular Wire of Net u_mem/bank_rdata[14][17] & Routing Blockage  ( M5 )
Bounds : ( 188.736, 67.144 ) ( 188.832, 67.480 )


OFFGRID: ( Off Grid or Wrong Way ) Regular Wire of Net u_mem/FE_OFN921_n  ( M6 )
Bounds : ( 188.044, 63.252 ) ( 188.320, 63.380 )


OFFGRID: ( Off Grid or Wrong Way ) Regular Wire of Net u_mem/bank_rdata[14][18]  ( M6 )
Bounds : ( 189.252, 62.868 ) ( 189.528, 62.996 )


SHORT: ( Metal Short ) Regular Wire of Net u_mem/FE_OFN921_n & Routing Blockage  ( M5 )
Bounds : ( 188.088, 63.208 ) ( 188.184, 63.544 )


SHORT: ( Metal Short ) Regular Wire of Net u_mem/bank_rdata[14][18] & Routing Blockage  ( M5 )
Bounds : ( 189.384, 62.824 ) ( 189.480, 63.160 )


OFFGRID: ( Off Grid or Wrong Way ) Regular Wire of Net u_mem/FE_OFN670_mem_wdata_19  ( M6 )
Bounds : ( 188.676, 58.932 ) ( 188.952, 59.060 )


OFFGRID: ( Off Grid or Wrong Way ) Regular Wire of Net u_mem/bank_rdata[14][19]  ( M6 )
Bounds : ( 189.252, 58.548 ) ( 189.528, 58.676 )


SHORT: ( Metal Short ) Regular Wire of Net u_mem/FE_OFN670_mem_wdata_19 & Routing Blockage  ( M5 )
Bounds : ( 188.736, 58.888 ) ( 188.832, 59.224 )


SHORT: ( Metal Short ) Regular Wire of Net u_mem/bank_rdata[14][19] & Routing Blockage  ( M5 )
Bounds : ( 189.384, 58.504 ) ( 189.480, 58.840 )


OFFGRID: ( Off Grid or Wrong Way ) Regular Wire of Net u_mem/FE_OFN871_n  ( M6 )
Bounds : ( 187.396, 54.612 ) ( 187.740, 54.740 )


OFFGRID: ( Off Grid or Wrong Way ) Regular Wire of Net u_mem/bank_rdata[14][20]  ( M6 )
Bounds : ( 189.540, 54.228 ) ( 189.816, 54.356 )


SHORT: ( Metal Short ) Regular Wire of Net u_mem/FE_OFN871_n & Routing Blockage  ( M5 )
Bounds : ( 187.440, 54.568 ) ( 187.536, 54.904 )


SHORT: ( Metal Short ) Regular Wire of Net u_mem/bank_rdata[14][20] & Routing Blockage  ( M5 )
Bounds : ( 189.600, 54.184 ) ( 189.696, 54.520 )


OFFGRID: ( Off Grid or Wrong Way ) Regular Wire of Net u_mem/bank_rdata[14][21]  ( M6 )
Bounds : ( 187.524, 49.908 ) ( 187.800, 50.036 )


Geometric: ( Rect Only ) Regular Wire of Net u_mem/FE_OFN925_n  ( M6 )
Bounds : ( 189.480, 50.292 ) ( 189.544, 50.384 )


Geometric: ( Rect Only ) Regular Wire of Net u_mem/FE_OFN925_n  ( M6 )
Bounds : ( 189.692, 50.256 ) ( 189.820, 50.320 )


WIDTH: ( WidthTable ) Regular Wire of Net u_mem/FE_OFN925_n  ( M6 )
Bounds : ( 189.480, 50.192 ) ( 189.756, 50.420 )


SHORT: ( Cut Short ) Regular Wire of Net u_mem/FE_OFN925_n  ( V6 )
Bounds : ( 189.584, 50.292 ) ( 189.712, 50.320 )


SHORT: ( Metal Short ) Regular Wire of Net u_mem/bank_rdata[14][21] & Routing Blockage  ( M5 )
Bounds : ( 187.656, 49.864 ) ( 187.752, 50.200 )


SHORT: ( Metal Short ) Regular Wire of Net u_mem/FE_OFN925_n & Routing Blockage  ( M5 )
Bounds : ( 189.600, 50.248 ) ( 189.696, 50.584 )


OFFGRID: ( Off Grid or Wrong Way ) Regular Wire of Net u_mem/bank_rdata[14][22]  ( M6 )
Bounds : ( 189.124, 45.588 ) ( 189.468, 45.716 )


SHORT: ( Cut Short ) Regular Wire of Net u_mem/FE_OFN689_mem_wdata_22 & Blockage of Cell u_mem/G_SRAM_BANK[14].u_sram  ( V3 )
Bounds : ( 189.324, 45.988 ) ( 189.396, 46.084 )


SHORT: ( Metal Short ) Regular Wire of Net u_mem/bank_rdata[14][22] & Routing Blockage  ( M5 )
Bounds : ( 189.168, 45.544 ) ( 189.264, 45.880 )


OFFGRID: ( Off Grid or Wrong Way ) Regular Wire of Net u_mem/bank_rdata[14][24]  ( M6 )
Bounds : ( 188.260, 36.948 ) ( 188.604, 37.076 )


OFFGRID: ( Off Grid or Wrong Way ) Regular Wire of Net u_mem/bank_rdata[14][23]  ( M6 )
Bounds : ( 188.260, 41.268 ) ( 188.604, 41.396 )


OFFGRID: ( Off Grid or Wrong Way ) Regular Wire of Net u_mem/FE_OFN732_n  ( M6 )
Bounds : ( 189.540, 37.332 ) ( 189.816, 37.460 )


OFFGRID: ( Off Grid or Wrong Way ) Regular Wire of Net u_mem/FE_OFN858_n  ( M6 )
Bounds : ( 189.540, 41.652 ) ( 189.816, 41.780 )


SHORT: ( Metal Short ) Regular Wire of Net u_mem/bank_rdata[14][24] & Routing Blockage  ( M5 )
Bounds : ( 188.304, 36.904 ) ( 188.400, 37.240 )


SHORT: ( Metal Short ) Regular Wire of Net u_mem/bank_rdata[14][23] & Routing Blockage  ( M5 )
Bounds : ( 188.304, 41.224 ) ( 188.400, 41.560 )


SHORT: ( Metal Short ) Regular Wire of Net u_mem/FE_OFN732_n & Routing Blockage  ( M5 )
Bounds : ( 189.600, 37.288 ) ( 189.696, 37.624 )


SHORT: ( Metal Short ) Regular Wire of Net u_mem/FE_OFN858_n & Routing Blockage  ( M5 )
Bounds : ( 189.600, 41.608 ) ( 189.696, 41.944 )


OFFGRID: ( Off Grid or Wrong Way ) Regular Wire of Net u_mem/bank_rdata[14][25]  ( M6 )
Bounds : ( 189.540, 32.628 ) ( 189.816, 32.756 )


SHORT: ( Cut Short ) Regular Wire of Net u_mem/FE_OFN842_n & Blockage of Cell u_mem/G_SRAM_BANK[14].u_sram  ( V3 )
Bounds : ( 189.036, 33.028 ) ( 189.108, 33.124 )


SHORT: ( Metal Short ) Regular Wire of Net u_mem/bank_rdata[14][25] & Routing Blockage  ( M5 )
Bounds : ( 189.600, 32.584 ) ( 189.696, 32.920 )


OFFGRID: ( Off Grid or Wrong Way ) Regular Wire of Net u_mem/bank_rdata[14][26]  ( M6 )
Bounds : ( 188.964, 28.308 ) ( 189.308, 28.436 )


OFFGRID: ( Off Grid or Wrong Way ) Regular Wire of Net u_mem/FE_OFN163_mem_wdata_26  ( M6 )
Bounds : ( 189.540, 28.692 ) ( 189.816, 28.820 )


SHORT: ( Metal Short ) Regular Wire of Net u_mem/bank_rdata[14][26] & Routing Blockage  ( M5 )
Bounds : ( 189.168, 28.264 ) ( 189.264, 28.600 )


SHORT: ( Metal Short ) Regular Wire of Net u_mem/FE_OFN163_mem_wdata_26 & Routing Blockage  ( M5 )
Bounds : ( 189.600, 28.648 ) ( 189.696, 28.984 )


OFFGRID: ( Off Grid or Wrong Way ) Regular Wire of Net u_mem/bank_rdata[14][28]  ( M6 )
Bounds : ( 188.676, 19.668 ) ( 188.952, 19.796 )


OFFGRID: ( Off Grid or Wrong Way ) Regular Wire of Net u_mem/FE_OFN159_mem_wdata_28  ( M6 )
Bounds : ( 188.908, 20.052 ) ( 189.184, 20.180 )


OFFGRID: ( Off Grid or Wrong Way ) Regular Wire of Net u_mem/bank_rdata[14][27]  ( M6 )
Bounds : ( 189.540, 23.988 ) ( 189.816, 24.116 )


SHORT: ( Cut Short ) Regular Wire of Net u_mem/FE_OFN161_mem_wdata_27 & Blockage of Cell u_mem/G_SRAM_BANK[14].u_sram  ( V3 )
Bounds : ( 189.468, 24.388 ) ( 189.540, 24.484 )


SHORT: ( Metal Short ) Regular Wire of Net u_mem/bank_rdata[14][28] & Routing Blockage  ( M5 )
Bounds : ( 188.736, 19.624 ) ( 188.832, 19.960 )


SHORT: ( Metal Short ) Regular Wire of Net u_mem/FE_OFN159_mem_wdata_28 & Routing Blockage  ( M5 )
Bounds : ( 188.952, 20.008 ) ( 189.048, 20.344 )


SHORT: ( Metal Short ) Regular Wire of Net u_mem/bank_rdata[14][27] & Routing Blockage  ( M5 )
Bounds : ( 189.600, 23.944 ) ( 189.696, 24.280 )


SHORT: ( Cut Short ) Regular Wire of Net u_mem/bank_rdata[14][18] & Blockage of Cell u_mem/G_SRAM_BANK[14].u_sram  ( V3 )
Bounds : ( 186.300, 15.072 ) ( 186.372, 15.168 )


SHORT: ( Metal Short ) Regular Wire of Net u_mem/bank_rdata[14][18] & Routing Blockage  ( M4 )
Bounds : ( 186.256, 15.072 ) ( 186.592, 15.168 )


SHORT: ( Metal Short ) Regular Wire of Net u_mem/bank_rdata[14][18] & Routing Blockage  ( M5 )
Bounds : ( 186.360, 15.012 ) ( 186.456, 15.348 )


OFFGRID: ( Off Grid or Wrong Way ) Regular Wire of Net u_mem/bank_rdata[14][29]  ( M6 )
Bounds : ( 187.236, 15.348 ) ( 187.580, 15.476 )


OFFGRID: ( Off Grid or Wrong Way ) Regular Wire of Net u_mem/FE_OFN312_n  ( M6 )
Bounds : ( 188.676, 15.732 ) ( 189.092, 15.860 )


SHORT: ( Metal Short ) Regular Wire of Net u_mem/bank_rdata[14][29] & Routing Blockage  ( M5 )
Bounds : ( 187.440, 15.304 ) ( 187.536, 15.640 )


SHORT: ( Metal Short ) Regular Wire of Net u_mem/FE_OFN312_n & Routing Blockage  ( M5 )
Bounds : ( 188.952, 15.688 ) ( 189.048, 16.024 )


OFFGRID: ( Off Grid or Wrong Way ) Regular Wire of Net u_mem/bank_rdata[14][30]  ( M6 )
Bounds : ( 189.340, 11.028 ) ( 189.756, 11.156 )


SHORT: ( Cut Short ) Regular Wire of Net u_mem/FE_OFN727_n & Blockage of Cell u_mem/G_SRAM_BANK[14].u_sram  ( V3 )
Bounds : ( 189.180, 11.428 ) ( 189.252, 11.524 )


SHORT: ( Metal Short ) Regular Wire of Net u_mem/bank_rdata[14][30] & Routing Blockage  ( M5 )
Bounds : ( 189.384, 10.984 ) ( 189.480, 11.320 )


SHORT: ( Cut Short ) Regular Wire of Net u_mem/bank_rdata[14][21] & Blockage of Cell u_mem/G_SRAM_BANK[14].u_sram  ( V3 )
Bounds : ( 185.868, 6.432 ) ( 185.940, 6.528 )


SHORT: ( Metal Short ) Regular Wire of Net u_mem/bank_rdata[14][21] & Routing Blockage  ( M4 )
Bounds : ( 185.812, 6.432 ) ( 186.148, 6.528 )


SHORT: ( Metal Short ) Regular Wire of Net u_mem/bank_rdata[14][21] & Routing Blockage  ( M5 )
Bounds : ( 185.856, 6.372 ) ( 185.952, 6.708 )


OFFGRID: ( Off Grid or Wrong Way ) Regular Wire of Net u_mem/FE_OFN926_n  ( M6 )
Bounds : ( 187.612, 7.092 ) ( 188.028, 7.220 )


OFFGRID: ( Off Grid or Wrong Way ) Regular Wire of Net u_mem/bank_rdata[14][31]  ( M6 )
Bounds : ( 189.540, 6.708 ) ( 189.816, 6.836 )


SHORT: ( Metal Short ) Regular Wire of Net u_mem/FE_OFN926_n & Routing Blockage  ( M5 )
Bounds : ( 187.656, 7.048 ) ( 187.752, 7.384 )


SHORT: ( Metal Short ) Regular Wire of Net u_mem/bank_rdata[14][31] & Routing Blockage  ( M5 )
Bounds : ( 189.600, 6.664 ) ( 189.696, 7.000 )


OFFGRID: ( Off Grid or Wrong Way ) Regular Wire of Net u_mem/FE_OFN253_n  ( M6 )
Bounds : ( 62.244, 67.572 ) ( 62.520, 67.700 )


OFFGRID: ( Off Grid or Wrong Way ) Regular Wire of Net u_mem/bank_rdata[9][17]  ( M6 )
Bounds : ( 62.532, 67.188 ) ( 62.808, 67.316 )


SHORT: ( Metal Short ) Regular Wire of Net u_mem/FE_OFN253_n & Routing Blockage  ( M5 )
Bounds : ( 62.376, 67.528 ) ( 62.472, 67.864 )


SHORT: ( Metal Short ) Regular Wire of Net u_mem/bank_rdata[9][17] & Routing Blockage  ( M5 )
Bounds : ( 62.592, 67.144 ) ( 62.688, 67.480 )


OFFGRID: ( Off Grid or Wrong Way ) Regular Wire of Net u_mem/FE_OFN921_n  ( M6 )
Bounds : ( 62.532, 63.252 ) ( 62.808, 63.380 )


OFFGRID: ( Off Grid or Wrong Way ) Regular Wire of Net u_mem/bank_rdata[9][18]  ( M6 )
Bounds : ( 62.820, 62.868 ) ( 63.164, 62.996 )


SHORT: ( Metal Short ) Regular Wire of Net u_mem/FE_OFN921_n & Routing Blockage  ( M5 )
Bounds : ( 62.592, 63.208 ) ( 62.688, 63.544 )


SHORT: ( Metal Short ) Regular Wire of Net u_mem/bank_rdata[9][18] & Routing Blockage  ( M5 )
Bounds : ( 63.024, 62.824 ) ( 63.120, 63.160 )


OFFGRID: ( Off Grid or Wrong Way ) Regular Wire of Net u_mem/FE_OFN670_mem_wdata_19  ( M6 )
Bounds : ( 61.668, 58.932 ) ( 61.944, 59.060 )


SHORT: ( Metal Short ) Regular Wire of Net u_mem/FE_OFN670_mem_wdata_19 & Routing Blockage  ( M5 )
Bounds : ( 61.728, 58.888 ) ( 61.824, 59.224 )


OFFGRID: ( Off Grid or Wrong Way ) Regular Wire of Net u_mem/bank_rdata[9][19]  ( M6 )
Bounds : ( 62.244, 58.548 ) ( 62.520, 58.676 )


SHORT: ( Metal Short ) Regular Wire of Net u_mem/bank_rdata[9][19] & Routing Blockage  ( M5 )
Bounds : ( 62.376, 58.504 ) ( 62.472, 58.840 )


OFFGRID: ( Off Grid or Wrong Way ) Regular Wire of Net u_mem/FE_OFN871_n  ( M6 )
Bounds : ( 61.668, 54.612 ) ( 61.944, 54.740 )


SHORT: ( Metal Short ) Regular Wire of Net u_mem/FE_OFN871_n & Routing Blockage  ( M5 )
Bounds : ( 61.728, 54.568 ) ( 61.824, 54.904 )


OFFGRID: ( Off Grid or Wrong Way ) Regular Wire of Net u_mem/bank_rdata[9][20]  ( M6 )
Bounds : ( 62.532, 54.228 ) ( 62.808, 54.356 )


SHORT: ( Metal Short ) Regular Wire of Net u_mem/bank_rdata[9][20] & Routing Blockage  ( M5 )
Bounds : ( 62.592, 54.184 ) ( 62.688, 54.520 )


OFFGRID: ( Off Grid or Wrong Way ) Regular Wire of Net u_mem/bank_rdata[9][21]  ( M6 )
Bounds : ( 62.532, 49.908 ) ( 62.808, 50.036 )


OFFGRID: ( Off Grid or Wrong Way ) Regular Wire of Net u_mem/FE_OFN925_n  ( M6 )
Bounds : ( 62.980, 50.292 ) ( 63.324, 50.420 )


SHORT: ( Metal Short ) Regular Wire of Net u_mem/bank_rdata[9][21] & Routing Blockage  ( M5 )
Bounds : ( 62.592, 49.864 ) ( 62.688, 50.200 )


SHORT: ( Metal Short ) Regular Wire of Net u_mem/FE_OFN925_n & Routing Blockage  ( M5 )
Bounds : ( 63.024, 50.248 ) ( 63.120, 50.584 )


OFFGRID: ( Off Grid or Wrong Way ) Regular Wire of Net u_mem/FE_OFN689_mem_wdata_22  ( M6 )
Bounds : ( 62.820, 45.972 ) ( 63.164, 46.100 )


OFFGRID: ( Off Grid or Wrong Way ) Regular Wire of Net u_mem/bank_rdata[9][22]  ( M6 )
Bounds : ( 63.108, 45.588 ) ( 63.384, 45.716 )


SHORT: ( Metal Short ) Regular Wire of Net u_mem/FE_OFN689_mem_wdata_22 & Routing Blockage  ( M5 )
Bounds : ( 63.024, 45.928 ) ( 63.120, 46.264 )


SHORT: ( Metal Short ) Regular Wire of Net u_mem/bank_rdata[9][22] & Routing Blockage  ( M5 )
Bounds : ( 63.240, 45.544 ) ( 63.336, 45.880 )


OFFGRID: ( Off Grid or Wrong Way ) Regular Wire of Net u_mem/bank_rdata[9][23]  ( M6 )
Bounds : ( 62.244, 41.268 ) ( 62.520, 41.396 )


OFFGRID: ( Off Grid or Wrong Way ) Regular Wire of Net u_mem/FE_OFN858_n  ( M6 )
Bounds : ( 63.396, 41.652 ) ( 63.672, 41.780 )


SHORT: ( Metal Short ) Regular Wire of Net u_mem/bank_rdata[9][23] & Routing Blockage  ( M5 )
Bounds : ( 62.376, 41.224 ) ( 62.472, 41.560 )


SHORT: ( Metal Short ) Regular Wire of Net u_mem/FE_OFN858_n & Routing Blockage  ( M5 )
Bounds : ( 63.456, 41.608 ) ( 63.552, 41.944 )


OFFGRID: ( Off Grid or Wrong Way ) Regular Wire of Net u_mem/FE_OFN732_n  ( M6 )
Bounds : ( 61.668, 37.332 ) ( 61.944, 37.460 )


SHORT: ( Metal Short ) Regular Wire of Net u_mem/FE_OFN732_n & Routing Blockage  ( M5 )
Bounds : ( 61.728, 37.288 ) ( 61.824, 37.624 )


OFFGRID: ( Off Grid or Wrong Way ) Regular Wire of Net u_mem/bank_rdata[9][24]  ( M6 )
Bounds : ( 63.396, 36.948 ) ( 63.672, 37.076 )


SHORT: ( Metal Short ) Regular Wire of Net u_mem/bank_rdata[9][24] & Routing Blockage  ( M5 )
Bounds : ( 63.456, 36.904 ) ( 63.552, 37.240 )


OFFGRID: ( Off Grid or Wrong Way ) Regular Wire of Net u_mem/FE_OFN842_n  ( M6 )
Bounds : ( 62.764, 33.012 ) ( 63.040, 33.140 )


OFFGRID: ( Off Grid or Wrong Way ) Regular Wire of Net u_mem/bank_rdata[9][25]  ( M6 )
Bounds : ( 62.980, 32.628 ) ( 63.324, 32.756 )


SHORT: ( Metal Short ) Regular Wire of Net u_mem/FE_OFN842_n & Routing Blockage  ( M5 )
Bounds : ( 62.808, 32.968 ) ( 62.904, 33.304 )


SHORT: ( Metal Short ) Regular Wire of Net u_mem/bank_rdata[9][25] & Routing Blockage  ( M5 )
Bounds : ( 63.024, 32.584 ) ( 63.120, 32.920 )


SHORT: ( Metal Short ) Regular Wire of Net u_mem/FE_OFN163_mem_wdata_26 & Routing Blockage  ( M5 )
Bounds : ( 62.160, 28.648 ) ( 62.256, 28.984 )


OFFGRID: ( Off Grid or Wrong Way ) Regular Wire of Net u_mem/FE_OFN163_mem_wdata_26  ( M6 )
Bounds : ( 61.956, 28.692 ) ( 62.300, 28.820 )


OFFGRID: ( Off Grid or Wrong Way ) Regular Wire of Net u_mem/bank_rdata[9][26]  ( M6 )
Bounds : ( 62.764, 28.308 ) ( 63.040, 28.436 )


SHORT: ( Metal Short ) Regular Wire of Net u_mem/bank_rdata[9][26] & Routing Blockage  ( M5 )
Bounds : ( 62.808, 28.264 ) ( 62.904, 28.600 )


OFFGRID: ( Off Grid or Wrong Way ) Regular Wire of Net u_mem/bank_rdata[9][27]  ( M6 )
Bounds : ( 62.244, 23.988 ) ( 62.520, 24.116 )


OFFGRID: ( Off Grid or Wrong Way ) Regular Wire of Net u_mem/FE_OFN161_mem_wdata_27  ( M6 )
Bounds : ( 63.396, 24.372 ) ( 63.672, 24.500 )


SHORT: ( Metal Short ) Regular Wire of Net u_mem/bank_rdata[9][27] & Routing Blockage  ( M5 )
Bounds : ( 62.376, 23.944 ) ( 62.472, 24.280 )


SHORT: ( Metal Short ) Regular Wire of Net u_mem/FE_OFN161_mem_wdata_27 & Routing Blockage  ( M5 )
Bounds : ( 63.456, 24.328 ) ( 63.552, 24.664 )


OFFGRID: ( Off Grid or Wrong Way ) Regular Wire of Net u_mem/bank_rdata[9][28]  ( M6 )
Bounds : ( 62.116, 19.668 ) ( 62.460, 19.796 )


SHORT: ( Metal Short ) Regular Wire of Net u_mem/bank_rdata[9][28] & Routing Blockage  ( M5 )
Bounds : ( 62.160, 19.624 ) ( 62.256, 19.960 )


OFFGRID: ( Off Grid or Wrong Way ) Regular Wire of Net u_mem/FE_OFN159_mem_wdata_28  ( M6 )
Bounds : ( 63.108, 20.052 ) ( 63.384, 20.180 )


SHORT: ( Metal Short ) Regular Wire of Net u_mem/FE_OFN159_mem_wdata_28 & Routing Blockage  ( M5 )
Bounds : ( 63.240, 20.008 ) ( 63.336, 20.344 )


OFFGRID: ( Off Grid or Wrong Way ) Regular Wire of Net u_mem/FE_OFN312_n  ( M6 )
Bounds : ( 62.244, 15.732 ) ( 62.520, 15.860 )


OFFGRID: ( Off Grid or Wrong Way ) Regular Wire of Net u_mem/bank_rdata[9][29]  ( M6 )
Bounds : ( 62.980, 15.348 ) ( 63.324, 15.476 )


SHORT: ( Cut Short ) Regular Wire of Net u_mem/FE_OFN926_n & Blockage of Cell u_mem/G_SRAM_BANK[9].u_sram  ( V3 )
Bounds : ( 63.324, 7.108 ) ( 63.396, 7.204 )


SHORT: ( Cut Short ) Regular Wire of Net u_mem/bank_rdata[9][30] & Blockage of Cell u_mem/G_SRAM_BANK[9].u_sram  ( V3 )
Bounds : ( 63.468, 11.044 ) ( 63.540, 11.140 )


SHORT: ( Cut Short ) Regular Wire of Net u_mem/FE_OFN726_n & Blockage of Cell u_mem/G_SRAM_BANK[9].u_sram  ( V3 )
Bounds : ( 63.612, 11.428 ) ( 63.684, 11.524 )


SHORT: ( Cut Short ) Regular Wire of Net u_mem/bank_rdata[9][31] & Blockage of Cell u_mem/G_SRAM_BANK[9].u_sram  ( V3 )
Bounds : ( 63.756, 6.724 ) ( 63.828, 6.820 )


SHORT: ( Metal Short ) Regular Wire of Net u_mem/FE_OFN312_n & Routing Blockage  ( M5 )
Bounds : ( 62.376, 15.688 ) ( 62.472, 16.024 )


SHORT: ( Metal Short ) Regular Wire of Net u_mem/bank_rdata[9][29] & Routing Blockage  ( M5 )
Bounds : ( 63.024, 15.304 ) ( 63.120, 15.640 )


  Total Violations : 1000 Viols.
