###############################################################
#  Generated by:      Cadence Innovus 23.14-s088_1
#  OS:                Linux x86_64(Host ID user1-EliteMini)
#  Generated on:      Sat Aug 22 13:03:51 2026
#  Design:            axi_ram
#  Command:           verify_drc -check_only special -layer_range {M1 M9} -area {{500.688 0.0 625.248 770.832} {0.0 706.32 500.688 770.832} {0.0 0.0 2.16 706.32} {2.16 0.0 500.688 2.16} {123.552 2.16 127.872 174.96} {2.16 174.96 123.552 179.28} {249.264 2.16 253.584 174.96} {127.872 174.96 249.264 179.28} {374.976 2.16 379.296 174.96} {253.584 174.96 374.976 179.28} {379.296 174.96 500.688 179.28} {374.976 179.28 379.296 352.08} {379.296 352.08 500.688 356.4} {249.264 179.28 253.584 352.08} {253.584 352.08 374.976 356.4} {123.552 179.28 127.872 352.08} {127.872 352.08 249.264 356.4} {2.16 352.08 123.552 356.4} {123.552 356.4 127.872 529.2} {2.16 529.2 123.552 533.52} {249.264 356.4 253.584 529.2} {127.872 529.2 249.264 533.52} {374.976 356.4 379.296 529.2} {253.584 529.2 374.976 533.52} {379.296 529.2 500.688 533.52} {374.976 533.52 379.296 706.32} {249.264 533.52 253.584 706.32} {123.552 533.52 127.872 706.32} {121.392 0.192 123.36 10.8} {247.104 0.192 249.072 10.8} {372.816 0.192 374.784 10.8} {498.528 0.192 500.496 10.8} {498.528 174.96 500.496 187.92} {372.816 174.96 374.784 187.92} {247.104 174.96 249.072 187.92} {121.392 174.96 123.36 187.92} {121.392 352.08 123.36 365.04} {247.104 352.08 249.072 365.04} {372.816 352.08 374.784 365.04} {498.528 352.08 500.496 365.04} {498.528 529.2 500.496 542.16} {372.816 529.2 374.784 542.16} {247.104 529.2 249.072 542.16} {121.392 529.2 123.36 542.16}} -report ./verify_rpt/pg_drc_after_postcts.rpt
###############################################################

SHORT: ( Metal Short ) Regular Wire of Net s_axi_bid[1] & Special Wire of Net VSS  ( M4 )
Bounds : ( 547.080, 715.788 ) ( 547.176, 715.884 )


SHORT: ( Metal Short ) Regular Wire of Net s_axi_bid[0] & Special Wire of Net VSS  ( M4 )
Bounds : ( 547.080, 700.620 ) ( 547.176, 700.716 )


SHORT: ( Metal Short ) Regular Wire of Net s_axi_bresp[1] & Special Wire of Net VSS  ( M4 )
Bounds : ( 547.080, 685.452 ) ( 547.176, 685.548 )


SHORT: ( Metal Short ) Regular Wire of Net s_axi_bid[1] & Special Wire of Net VSS  ( M4 )
Bounds : ( 521.160, 715.788 ) ( 521.256, 715.884 )


SHORT: ( Metal Short ) Regular Wire of Net s_axi_bid[0] & Special Wire of Net VSS  ( M4 )
Bounds : ( 521.160, 700.620 ) ( 521.256, 700.716 )


SHORT: ( Metal Short ) Regular Wire of Net s_axi_bresp[1] & Special Wire of Net VSS  ( M4 )
Bounds : ( 521.160, 685.452 ) ( 521.256, 685.548 )


SPACING: ( ParallelRunLength Spacing ) Regular Wire of Net u_mem/n_343 & Special Wire of Net VDD  ( M4 )
Bounds : ( 506.180, 708.492 ) ( 506.256, 708.588 )


EndOfLine: ( EndOfLine Spacing ) Regular Wire of Net u_mem/n_343 & Special Wire of Net VDD  ( M4 )
Bounds : ( 506.180, 708.492 ) ( 506.256, 708.588 )


CUTSPACING: ( Same Layer Cut Spacing ) Regular Wire of Net u_mem/n_343 & Special Wire of Net VDD  ( V4 )
Bounds : ( 506.136, 708.492 ) ( 506.256, 708.588 )


SHORT: ( Metal Short ) Regular Wire of Net s_axi_bresp[1] & Special Wire of Net VSS  ( M4 )
Bounds : ( 573.000, 685.452 ) ( 573.096, 685.548 )


SHORT: ( Metal Short ) Regular Wire of Net s_axi_bid[0] & Special Wire of Net VSS  ( M4 )
Bounds : ( 573.000, 700.620 ) ( 573.096, 700.716 )


SHORT: ( Metal Short ) Regular Wire of Net s_axi_bid[1] & Special Wire of Net VSS  ( M4 )
Bounds : ( 573.000, 715.788 ) ( 573.096, 715.884 )


SHORT: ( Metal Short ) Regular Wire of Net s_axi_bresp[1] & Special Wire of Net VSS  ( M4 )
Bounds : ( 598.920, 685.452 ) ( 599.016, 685.548 )


SHORT: ( Metal Short ) Regular Wire of Net s_axi_bid[0] & Special Wire of Net VSS  ( M4 )
Bounds : ( 598.920, 700.620 ) ( 599.016, 700.716 )


SHORT: ( Metal Short ) Regular Wire of Net s_axi_bid[1] & Special Wire of Net VSS  ( M4 )
Bounds : ( 598.920, 715.788 ) ( 599.016, 715.884 )


CUTSPACING: ( Same Layer Cut Spacing ) Regular Wire of Net u_mem/FE_OFN617_n & Special Wire of Net VDD  ( V3 )
Bounds : ( 506.268, 600.492 ) ( 506.340, 600.548 )


SHORT: ( Cut Short ) Regular Wire of Net u_mem/FE_OFN617_n & Special Wire of Net VDD  ( V3 )
Bounds : ( 506.268, 600.396 ) ( 506.340, 600.412 )


SHORT: ( Metal Short ) Regular Wire of Net s_axi_bvalid & Special Wire of Net VSS  ( M4 )
Bounds : ( 598.920, 655.500 ) ( 599.016, 655.596 )


SHORT: ( Metal Short ) Regular Wire of Net s_axi_rready & Special Wire of Net VSS  ( M4 )
Bounds : ( 598.920, 640.140 ) ( 599.016, 640.236 )


SHORT: ( Metal Short ) Regular Wire of Net s_axi_bvalid & Special Wire of Net VSS  ( M4 )
Bounds : ( 573.000, 655.500 ) ( 573.096, 655.596 )


SHORT: ( Metal Short ) Regular Wire of Net s_axi_rready & Special Wire of Net VSS  ( M4 )
Bounds : ( 573.000, 640.140 ) ( 573.096, 640.236 )


SHORT: ( Metal Short ) Regular Wire of Net FE_OFN10_s_axi_rvalid & Special Wire of Net VDD  ( M4 )
Bounds : ( 570.840, 643.788 ) ( 570.936, 643.884 )


SHORT: ( Metal Short ) Regular Wire of Net u_mem/FE_OFN617_n & Special Wire of Net VDD  ( M3 )
Bounds : ( 506.268, 600.300 ) ( 506.340, 600.512 )


SHORT: ( Metal Short ) Regular Wire of Net state[2] & Special Wire of Net VDD  ( M3 )
Bounds : ( 506.340, 632.700 ) ( 506.412, 633.060 )


SHORT: ( Metal Short ) Regular Wire of Net u_mem/n_298 & Special Wire of Net VDD  ( M3 )
Bounds : ( 506.556, 600.568 ) ( 506.628, 600.660 )


SHORT: ( Metal Short ) Regular Wire of Net u_mem/FE_OFN617_n & Special Wire of Net VDD  ( M4 )
Bounds : ( 506.256, 600.396 ) ( 506.352, 600.492 )


SHORT: ( Metal Short ) Regular Wire of Net u_mem/n_298 & Special Wire of Net VDD  ( M4 )
Bounds : ( 506.256, 600.588 ) ( 506.352, 600.684 )


SHORT: ( Metal Short ) Regular Wire of Net FE_OFN665_n_54 & Special Wire of Net VDD  ( M4 )
Bounds : ( 506.256, 604.812 ) ( 506.352, 604.908 )


SHORT: ( Metal Short ) Regular Wire of Net u_mem/bank_rdata[13][14] & Special Wire of Net VDD  ( M3 )
Bounds : ( 506.700, 595.980 ) ( 506.772, 596.096 )


SHORT: ( Metal Short ) Regular Wire of Net u_mem/bank_rdata[12][10] & Special Wire of Net VDD  ( M4 )
Bounds : ( 506.256, 578.700 ) ( 506.352, 578.796 )


SHORT: ( Metal Short ) Regular Wire of Net u_mem/bank_rdata[13][12] & Special Wire of Net VDD  ( M4 )
Bounds : ( 506.256, 587.340 ) ( 506.352, 587.436 )


SHORT: ( Metal Short ) Regular Wire of Net u_mem/bank_rdata[13][14] & Special Wire of Net VDD  ( M4 )
Bounds : ( 506.256, 595.980 ) ( 506.352, 596.076 )


SHORT: ( Metal Short ) Regular Wire of Net FE_OFN10_s_axi_rvalid & Special Wire of Net VDD  ( M4 )
Bounds : ( 519.000, 643.788 ) ( 519.096, 643.884 )


SHORT: ( Metal Short ) Regular Wire of Net n_406 & Special Wire of Net VSS  ( M4 )
Bounds : ( 521.160, 627.660 ) ( 521.256, 627.756 )


SHORT: ( Metal Short ) Regular Wire of Net s_axi_rready & Special Wire of Net VSS  ( M4 )
Bounds : ( 521.160, 640.140 ) ( 521.256, 640.236 )


SHORT: ( Metal Short ) Regular Wire of Net s_axi_bvalid & Special Wire of Net VSS  ( M4 )
Bounds : ( 521.160, 655.500 ) ( 521.256, 655.596 )


SHORT: ( Metal Short ) Regular Wire of Net FE_OFN10_s_axi_rvalid & Special Wire of Net VDD  ( M4 )
Bounds : ( 544.920, 643.788 ) ( 545.016, 643.884 )


SHORT: ( Metal Short ) Regular Wire of Net s_axi_rready & Special Wire of Net VSS  ( M4 )
Bounds : ( 547.080, 640.140 ) ( 547.176, 640.236 )


SHORT: ( Metal Short ) Regular Wire of Net s_axi_bvalid & Special Wire of Net VSS  ( M4 )
Bounds : ( 547.080, 655.500 ) ( 547.176, 655.596 )


SHORT: ( Metal Short ) Regular Wire of Net r_count_reg[0] & Special Wire of Net VDD  ( M3 )
Bounds : ( 414.972, 736.380 ) ( 415.044, 736.740 )


SHORT: ( Metal Short ) Regular Wire of Net s_axi_awid[3] & Special Wire of Net VDD  ( M4 )
Bounds : ( 415.320, 727.884 ) ( 415.416, 727.980 )


SHORT: ( Metal Short ) Regular Wire of Net s_axi_awid[4] & Special Wire of Net VDD  ( M4 )
Bounds : ( 415.320, 738.828 ) ( 415.416, 738.924 )


SHORT: ( Metal Short ) Regular Wire of Net FE_OFN1016_n & Special Wire of Net VSS  ( M4 )
Bounds : ( 503.920, 713.292 ) ( 503.976, 713.388 )


SHORT: ( Metal Short ) Regular Wire of Net FE_OFN1016_n & Special Wire of Net VSS  ( M4 )
Bounds : ( 503.920, 707.148 ) ( 503.976, 707.244 )


SHORT: ( Metal Short ) Regular Wire of Net FE_OFN194_n_509 & Special Wire of Net VSS  ( M4 )
Bounds : ( 503.880, 717.900 ) ( 503.976, 717.996 )


SHORT: ( Metal Short ) Regular Wire of Net n_153 & Special Wire of Net VSS  ( M4 )
Bounds : ( 503.880, 705.036 ) ( 503.976, 705.132 )


SHORT: ( Cut Short ) Regular Wire of Net FE_OFN1016_n & Special Wire of Net VSS  ( V3 )
Bounds : ( 503.964, 707.236 ) ( 503.964, 707.244 )


SHORT: ( Cut Short ) Regular Wire of Net u_mem/FE_OFN632_n & Special Wire of Net VSS  ( V3 )
Bounds : ( 503.964, 703.148 ) ( 503.964, 703.212 )


EndOfLine: ( EndOfLine Keepout ) Regular Wire of Net n_152 & Special Wire of Net VSS  ( M3 )
Bounds : ( 504.396, 713.624 ) ( 504.396, 713.700 )


EndOfLine: ( EndOfLine Keepout ) Regular Wire of Net n_152 & Special Wire of Net VSS  ( M3 )
Bounds : ( 504.396, 707.144 ) ( 504.396, 707.220 )


EndOfLine: ( EndOfLine Keepout ) Regular Wire of Net FE_OFN2_rst_n & Special Wire of Net VSS  ( M3 )
Bounds : ( 503.460, 718.380 ) ( 503.460, 718.468 )


SPACING: ( Corner Spacing ) Regular Wire of Net n_152 & Special Wire of Net VSS  ( M3 )
Bounds : ( 504.396, 713.624 ) ( 504.396, 713.700 )


SPACING: ( Corner Spacing ) Regular Wire of Net n_152 & Special Wire of Net VSS  ( M3 )
Bounds : ( 504.396, 707.144 ) ( 504.396, 707.220 )


SHORT: ( Cut Short ) Regular Wire of Net FE_OFN1016_n & Special Wire of Net VSS  ( V3 )
Bounds : ( 503.964, 718.284 ) ( 503.964, 718.364 )


CUTSPACING: ( Same Layer Cut Spacing ) Regular Wire of Net u_mem/FE_OFN632_n & Special Wire of Net VSS  ( V3 )
Bounds : ( 503.964, 703.012 ) ( 503.964, 703.116 )


CUTSPACING: ( Same Layer Cut Spacing ) Regular Wire of Net u_mem/FE_OFN632_n & Special Wire of Net VSS  ( V4 )
Bounds : ( 503.976, 703.116 ) ( 504.096, 703.212 )


CUTSPACING: ( Same Layer Cut Spacing ) Regular Wire of Net FE_OFN1016_n & Special Wire of Net VSS  ( V4 )
Bounds : ( 503.976, 707.148 ) ( 504.096, 707.244 )


CUTSPACING: ( Same Layer Cut Spacing ) Regular Wire of Net FE_OFN1016_n & Special Wire of Net VSS  ( V4 )
Bounds : ( 503.976, 713.292 ) ( 504.096, 713.388 )


CUTSPACING: ( Same Layer Cut Spacing ) Regular Wire of Net FE_OFN1016_n & Special Wire of Net VSS  ( V4 )
Bounds : ( 503.976, 718.284 ) ( 504.096, 718.380 )


SHORT: ( Metal Short ) Regular Wire of Net n_294 & Special Wire of Net VSS  ( M3 )
Bounds : ( 503.820, 713.700 ) ( 503.892, 714.060 )


SHORT: ( Metal Short ) Regular Wire of Net u_mem/FE_OFN632_n & Special Wire of Net VSS  ( M3 )
Bounds : ( 503.964, 703.096 ) ( 504.036, 703.260 )


SHORT: ( Metal Short ) Regular Wire of Net FE_OFN1016_n & Special Wire of Net VSS  ( M3 )
Bounds : ( 503.964, 707.220 ) ( 504.036, 707.264 )


SHORT: ( Metal Short ) Regular Wire of Net FE_OFN1016_n & Special Wire of Net VSS  ( M3 )
Bounds : ( 503.964, 718.264 ) ( 504.036, 718.380 )


SHORT: ( Metal Short ) Regular Wire of Net u_mem/FE_OFN626_n & Special Wire of Net VSS  ( M3 )
Bounds : ( 504.252, 703.204 ) ( 504.324, 703.260 )


SHORT: ( Metal Short ) Regular Wire of Net s_axi_awid[2] & Special Wire of Net VDD  ( M4 )
Bounds : ( 493.080, 716.940 ) ( 493.176, 717.036 )


SHORT: ( Metal Short ) Regular Wire of Net FE_OFN194_n_509 & Special Wire of Net VSS  ( M4 )
Bounds : ( 495.240, 717.900 ) ( 495.336, 717.996 )


SHORT: ( Metal Short ) Regular Wire of Net u_mem/FE_OFN619_n & Special Wire of Net VSS  ( M4 )
Bounds : ( 503.880, 703.116 ) ( 503.976, 703.212 )


SHORT: ( Metal Short ) Regular Wire of Net n_152 & Special Wire of Net VSS  ( M4 )
Bounds : ( 503.880, 713.508 ) ( 503.976, 713.604 )


SHORT: ( Metal Short ) Regular Wire of Net FE_OFN1016_n & Special Wire of Net VSS  ( M4 )
Bounds : ( 503.920, 718.284 ) ( 503.976, 718.380 )


SHORT: ( Metal Short ) Regular Wire of Net s_axi_awid[2] & Special Wire of Net VDD  ( M4 )
Bounds : ( 467.160, 716.940 ) ( 467.256, 717.036 )


SHORT: ( Metal Short ) Regular Wire of Net FE_OFN194_n_509 & Special Wire of Net VSS  ( M4 )
Bounds : ( 469.320, 717.900 ) ( 469.416, 717.996 )


SHORT: ( Metal Short ) Regular Wire of Net u_mem/FE_OFN894_n & Special Wire of Net VSS  ( M4 )
Bounds : ( 503.880, 696.396 ) ( 503.976, 696.492 )


SHORT: ( Metal Short ) Regular Wire of Net u_mem/FE_OFN649_n & Special Wire of Net VSS  ( M4 )
Bounds : ( 503.880, 692.364 ) ( 503.976, 692.460 )


SHORT: ( Metal Short ) Regular Wire of Net FE_OFN34_n_179 & Special Wire of Net VSS  ( M4 )
Bounds : ( 503.880, 677.004 ) ( 503.976, 677.100 )


SHORT: ( Metal Short ) Regular Wire of Net u_mem/n_347 & Special Wire of Net VSS  ( M3 )
Bounds : ( 442.980, 709.624 ) ( 442.980, 709.740 )


SHORT: ( Metal Short ) Regular Wire of Net s_axi_awid[2] & Special Wire of Net VDD  ( M4 )
Bounds : ( 415.320, 716.940 ) ( 415.416, 717.036 )


SHORT: ( Metal Short ) Regular Wire of Net u_mem/n_296 & Special Wire of Net VSS  ( M4 )
Bounds : ( 417.480, 709.332 ) ( 417.576, 709.428 )


SHORT: ( Metal Short ) Regular Wire of Net u_mem/n_178 & Special Wire of Net VSS  ( M4 )
Bounds : ( 417.480, 711.372 ) ( 417.576, 711.468 )


SHORT: ( Metal Short ) Regular Wire of Net u_mem/n_189 & Special Wire of Net VSS  ( M4 )
Bounds : ( 417.480, 711.564 ) ( 417.576, 711.660 )


SHORT: ( Metal Short ) Regular Wire of Net FE_OFN194_n_509 & Special Wire of Net VSS  ( M4 )
Bounds : ( 417.480, 717.900 ) ( 417.576, 717.996 )


SHORT: ( Metal Short ) Regular Wire of Net s_axi_awid[2] & Special Wire of Net VDD  ( M4 )
Bounds : ( 441.240, 716.940 ) ( 441.336, 717.036 )


SHORT: ( Metal Short ) Regular Wire of Net u_mem/n_347 & Special Wire of Net VSS  ( M4 )
Bounds : ( 443.400, 709.644 ) ( 443.496, 709.740 )


SHORT: ( Metal Short ) Regular Wire of Net u_mem/n_189 & Special Wire of Net VSS  ( M4 )
Bounds : ( 443.400, 711.564 ) ( 443.496, 711.660 )


SHORT: ( Metal Short ) Regular Wire of Net FE_OFN194_n_509 & Special Wire of Net VSS  ( M4 )
Bounds : ( 443.400, 717.900 ) ( 443.496, 717.996 )


SHORT: ( Metal Short ) Regular Wire of Net s_axi_awid[3] & Special Wire of Net VDD  ( M4 )
Bounds : ( 389.400, 727.884 ) ( 389.496, 727.980 )


SHORT: ( Metal Short ) Regular Wire of Net s_axi_awid[4] & Special Wire of Net VDD  ( M4 )
Bounds : ( 389.400, 738.828 ) ( 389.496, 738.924 )


SHORT: ( Metal Short ) Regular Wire of Net s_axi_arid[2] & Special Wire of Net VDD  ( M4 )
Bounds : ( 389.400, 742.860 ) ( 389.496, 742.956 )


SHORT: ( Metal Short ) Regular Wire of Net s_axi_arlen[3] & Special Wire of Net VSS  ( M4 )
Bounds : ( 391.560, 741.708 ) ( 391.656, 741.804 )


SHORT: ( Metal Short ) Regular Wire of Net s_axi_arlen[2] & Special Wire of Net VSS  ( M4 )
Bounds : ( 391.560, 741.900 ) ( 391.656, 741.996 )


SHORT: ( Metal Short ) Regular Wire of Net s_axi_arlen[7] & Special Wire of Net VSS  ( M4 )
Bounds : ( 391.560, 742.092 ) ( 391.656, 742.188 )


SHORT: ( Metal Short ) Regular Wire of Net s_axi_awid[3] & Special Wire of Net VDD  ( M4 )
Bounds : ( 337.560, 727.884 ) ( 337.656, 727.980 )


SHORT: ( Metal Short ) Regular Wire of Net s_axi_awid[4] & Special Wire of Net VDD  ( M4 )
Bounds : ( 337.560, 738.828 ) ( 337.656, 738.924 )


SHORT: ( Metal Short ) Regular Wire of Net s_axi_arid[2] & Special Wire of Net VDD  ( M4 )
Bounds : ( 337.560, 742.860 ) ( 337.656, 742.956 )


SHORT: ( Metal Short ) Regular Wire of Net s_axi_awid[3] & Special Wire of Net VDD  ( M4 )
Bounds : ( 363.480, 727.884 ) ( 363.576, 727.980 )


SHORT: ( Metal Short ) Regular Wire of Net s_axi_awid[4] & Special Wire of Net VDD  ( M4 )
Bounds : ( 363.480, 738.828 ) ( 363.576, 738.924 )


SHORT: ( Metal Short ) Regular Wire of Net s_axi_arid[2] & Special Wire of Net VDD  ( M4 )
Bounds : ( 363.480, 742.860 ) ( 363.576, 742.956 )


SHORT: ( Metal Short ) Regular Wire of Net s_axi_arlen[7] & Special Wire of Net VSS  ( M4 )
Bounds : ( 365.640, 742.092 ) ( 365.736, 742.188 )


SHORT: ( Metal Short ) Regular Wire of Net u_mem/n_189 & Special Wire of Net VSS  ( M4 )
Bounds : ( 391.560, 711.564 ) ( 391.656, 711.660 )


EndOfLine: ( EndOfLine Spacing ) Regular Wire of Net u_mem/n_208 & Special Wire of Net VDD  ( M4 )
Bounds : ( 363.576, 709.932 ) ( 363.652, 710.016 )


SHORT: ( Metal Short ) Regular Wire of Net FE_OFN194_n_509 & Special Wire of Net VSS  ( M4 )
Bounds : ( 365.640, 717.900 ) ( 365.736, 717.996 )


SHORT: ( Metal Short ) Regular Wire of Net u_mem/n_153 & Special Wire of Net VSS  ( M4 )
Bounds : ( 365.640, 711.948 ) ( 365.736, 712.044 )


SHORT: ( Metal Short ) Regular Wire of Net u_mem/n_320 & Special Wire of Net VSS  ( M4 )
Bounds : ( 365.640, 711.756 ) ( 365.736, 711.852 )


SHORT: ( Metal Short ) Regular Wire of Net u_mem/n_189 & Special Wire of Net VSS  ( M4 )
Bounds : ( 365.640, 711.564 ) ( 365.736, 711.660 )


SHORT: ( Metal Short ) Regular Wire of Net u_mem/n_178 & Special Wire of Net VSS  ( M4 )
Bounds : ( 365.640, 711.372 ) ( 365.736, 711.468 )


SHORT: ( Metal Short ) Regular Wire of Net u_mem/n_296 & Special Wire of Net VSS  ( M4 )
Bounds : ( 365.640, 709.332 ) ( 365.736, 709.428 )


SHORT: ( Metal Short ) Regular Wire of Net s_axi_awid[2] & Special Wire of Net VDD  ( M4 )
Bounds : ( 363.480, 716.940 ) ( 363.576, 717.036 )


EndOfLine: ( EndOfLine Keepout ) Regular Wire of Net u_mem/n_208 & Special Wire of Net VDD  ( M4 )
Bounds : ( 363.576, 709.932 ) ( 363.652, 710.016 )


SPACING: ( Corner Spacing ) Regular Wire of Net u_mem/n_208 & Special Wire of Net VDD  ( M4 )
Bounds : ( 363.576, 709.836 ) ( 363.652, 710.016 )


CUTSPACING: ( Same Layer Cut Spacing ) Regular Wire of Net u_mem/n_356 & Special Wire of Net VSS  ( V4 )
Bounds : ( 391.440, 709.332 ) ( 391.560, 709.428 )


CUTSPACING: ( Same Layer Cut Spacing ) Regular Wire of Net u_mem/n_369 & Special Wire of Net VSS  ( V4 )
Bounds : ( 391.656, 711.564 ) ( 391.776, 711.660 )


SHORT: ( Metal Short ) Regular Wire of Net u_mem/n_307 & Special Wire of Net VSS  ( M3 )
Bounds : ( 391.140, 709.380 ) ( 391.140, 709.436 )


SHORT: ( Metal Short ) Regular Wire of Net u_mem/n_320 & Special Wire of Net VSS  ( M3 )
Bounds : ( 391.140, 711.540 ) ( 391.140, 711.872 )


SHORT: ( Metal Short ) Regular Wire of Net u_mem/n_360 & Special Wire of Net VSS  ( M3 )
Bounds : ( 391.140, 711.832 ) ( 391.212, 711.900 )


SHORT: ( Metal Short ) Regular Wire of Net u_mem/n_356 & Special Wire of Net VSS  ( M3 )
Bounds : ( 391.356, 709.380 ) ( 391.428, 709.448 )


SHORT: ( Metal Short ) Regular Wire of Net u_mem/n_369 & Special Wire of Net VSS  ( M3 )
Bounds : ( 391.356, 711.540 ) ( 391.428, 711.680 )


SHORT: ( Metal Short ) Regular Wire of Net u_mem/FE_OFN257_n_64 & Special Wire of Net VSS  ( M3 )
Bounds : ( 391.500, 709.380 ) ( 391.572, 709.740 )


SHORT: ( Metal Short ) Regular Wire of Net s_axi_awid[2] & Special Wire of Net VDD  ( M4 )
Bounds : ( 389.400, 716.940 ) ( 389.496, 717.036 )


SHORT: ( Metal Short ) Regular Wire of Net u_mem/n_296 & Special Wire of Net VSS  ( M4 )
Bounds : ( 391.560, 709.332 ) ( 391.656, 709.428 )


SHORT: ( Metal Short ) Regular Wire of Net u_mem/n_178 & Special Wire of Net VSS  ( M4 )
Bounds : ( 391.560, 711.372 ) ( 391.656, 711.468 )


SHORT: ( Metal Short ) Regular Wire of Net FE_OFN194_n_509 & Special Wire of Net VSS  ( M4 )
Bounds : ( 391.560, 717.900 ) ( 391.656, 717.996 )


SHORT: ( Metal Short ) Regular Wire of Net FE_OFN194_n_509 & Special Wire of Net VSS  ( M4 )
Bounds : ( 339.720, 717.900 ) ( 339.816, 717.996 )


SHORT: ( Metal Short ) Regular Wire of Net u_mem/n_153 & Special Wire of Net VSS  ( M4 )
Bounds : ( 339.720, 711.948 ) ( 339.816, 712.044 )


SHORT: ( Metal Short ) Regular Wire of Net u_mem/n_320 & Special Wire of Net VSS  ( M4 )
Bounds : ( 339.720, 711.756 ) ( 339.816, 711.852 )


SHORT: ( Metal Short ) Regular Wire of Net u_mem/n_165 & Special Wire of Net VDD  ( M4 )
Bounds : ( 337.560, 710.796 ) ( 337.656, 710.892 )


SHORT: ( Metal Short ) Regular Wire of Net s_axi_awid[2] & Special Wire of Net VDD  ( M4 )
Bounds : ( 337.560, 716.940 ) ( 337.656, 717.036 )


SHORT: ( Metal Short ) Regular Wire of Net u_mem/n_296 & Special Wire of Net VSS  ( M4 )
Bounds : ( 339.720, 709.332 ) ( 339.816, 709.428 )


SHORT: ( Metal Short ) Regular Wire of Net u_mem/n_175 & Special Wire of Net VSS  ( M4 )
Bounds : ( 339.720, 709.692 ) ( 339.816, 709.788 )


SHORT: ( Metal Short ) Regular Wire of Net u_mem/n_178 & Special Wire of Net VSS  ( M4 )
Bounds : ( 339.720, 711.372 ) ( 339.816, 711.468 )


SHORT: ( Metal Short ) Regular Wire of Net u_mem/n_189 & Special Wire of Net VSS  ( M4 )
Bounds : ( 339.720, 711.564 ) ( 339.816, 711.660 )


SHORT: ( Cut Short ) Regular Wire of Net u_mem/FE_OFN248_n & Special Wire of Net VSS  ( V4 )
Bounds : ( 313.800, 709.188 ) ( 313.896, 709.284 )


CUTSPACING: ( Same Layer Cut Spacing ) Regular Wire of Net u_mem/FE_OFN248_n & Special Wire of Net VSS  ( V3 )
Bounds : ( 313.812, 709.284 ) ( 313.884, 709.396 )


SHORT: ( Metal Short ) Regular Wire of Net u_mem/FE_OFN844_n & Special Wire of Net VSS  ( M3 )
Bounds : ( 313.452, 709.380 ) ( 313.524, 709.740 )


SHORT: ( Metal Short ) Regular Wire of Net u_mem/FE_OFN186_mem_wdata_17 & Special Wire of Net VSS  ( M3 )
Bounds : ( 313.740, 709.380 ) ( 313.812, 709.740 )


SHORT: ( Metal Short ) Regular Wire of Net u_mem/FE_OFN930_n & Special Wire of Net VSS  ( M3 )
Bounds : ( 314.316, 709.380 ) ( 314.316, 709.448 )


SHORT: ( Metal Short ) Regular Wire of Net u_mem/FE_OFN248_n & Special Wire of Net VSS  ( M4 )
Bounds : ( 313.800, 709.188 ) ( 313.896, 709.284 )


SHORT: ( Metal Short ) Regular Wire of Net u_mem/n_296 & Special Wire of Net VSS  ( M4 )
Bounds : ( 313.800, 709.332 ) ( 313.896, 709.428 )


SHORT: ( Metal Short ) Regular Wire of Net u_mem/n_175 & Special Wire of Net VSS  ( M4 )
Bounds : ( 313.800, 709.692 ) ( 313.896, 709.788 )


SHORT: ( Metal Short ) Regular Wire of Net u_mem/n_178 & Special Wire of Net VSS  ( M4 )
Bounds : ( 313.800, 711.372 ) ( 313.896, 711.468 )


SHORT: ( Metal Short ) Regular Wire of Net u_mem/n_189 & Special Wire of Net VSS  ( M4 )
Bounds : ( 313.800, 711.564 ) ( 313.896, 711.660 )


SHORT: ( Metal Short ) Regular Wire of Net u_mem/n_320 & Special Wire of Net VSS  ( M4 )
Bounds : ( 313.800, 711.756 ) ( 313.896, 711.852 )


SHORT: ( Metal Short ) Regular Wire of Net u_mem/n_153 & Special Wire of Net VSS  ( M4 )
Bounds : ( 313.800, 711.948 ) ( 313.896, 712.044 )


SHORT: ( Metal Short ) Regular Wire of Net FE_OFN194_n_509 & Special Wire of Net VSS  ( M4 )
Bounds : ( 313.800, 717.900 ) ( 313.896, 717.996 )


SHORT: ( Metal Short ) Regular Wire of Net u_mem/FE_OFN248_n & Special Wire of Net VSS  ( M5 )
Bounds : ( 313.800, 708.936 ) ( 313.896, 709.328 )


EndOfLine: ( EndOfLine Keepout ) Regular Wire of Net u_mem/n_155 & Special Wire of Net VSS  ( M3 )
Bounds : ( 504.324, 638.024 ) ( 504.396, 638.100 )


SHORT: ( Cut Short ) Regular Wire of Net n_623 & Special Wire of Net VSS  ( V3 )
Bounds : ( 503.892, 633.804 ) ( 503.892, 633.892 )


CUTSPACING: ( Same Layer Cut Spacing ) Regular Wire of Net n_623 & Special Wire of Net VSS  ( V3 )
Bounds : ( 503.892, 633.900 ) ( 503.892, 634.028 )


SHORT: ( Metal Short ) Regular Wire of Net n_623 & Special Wire of Net VSS  ( M3 )
Bounds : ( 503.820, 633.780 ) ( 503.892, 633.920 )


SHORT: ( Metal Short ) Regular Wire of Net n_154 & Special Wire of Net VSS  ( M3 )
Bounds : ( 503.964, 642.420 ) ( 504.036, 642.476 )


SHORT: ( Metal Short ) Regular Wire of Net n_613 & Special Wire of Net VSS  ( M3 )
Bounds : ( 504.108, 633.780 ) ( 504.180, 634.140 )


SHORT: ( Metal Short ) Regular Wire of Net u_mem/bank_rdata[12][16] & Special Wire of Net VSS  ( M3 )
Bounds : ( 504.396, 635.940 ) ( 504.396, 636.224 )


SHORT: ( Metal Short ) Regular Wire of Net n_622 & Special Wire of Net VSS  ( M4 )
Bounds : ( 503.880, 629.388 ) ( 503.976, 629.484 )


SHORT: ( Metal Short ) Regular Wire of Net n_623 & Special Wire of Net VSS  ( M4 )
Bounds : ( 503.880, 633.804 ) ( 503.976, 633.900 )


SHORT: ( Metal Short ) Regular Wire of Net u_mem/FE_OFN968_n & Special Wire of Net VSS  ( M4 )
Bounds : ( 503.880, 635.532 ) ( 503.976, 635.628 )


SHORT: ( Metal Short ) Regular Wire of Net u_mem/bank_rdata[12][16] & Special Wire of Net VSS  ( M4 )
Bounds : ( 503.880, 636.108 ) ( 503.976, 636.204 )


SHORT: ( Metal Short ) Regular Wire of Net FE_OFN27_n_38 & Special Wire of Net VSS  ( M4 )
Bounds : ( 503.880, 644.940 ) ( 503.976, 645.036 )


SHORT: ( Metal Short ) Regular Wire of Net n_261 & Special Wire of Net VSS  ( M4 )
Bounds : ( 503.880, 646.668 ) ( 503.976, 646.764 )


SHORT: ( Metal Short ) Regular Wire of Net n_108 & Special Wire of Net VSS  ( M4 )
Bounds : ( 503.880, 647.052 ) ( 503.976, 647.148 )


SHORT: ( Metal Short ) Regular Wire of Net FE_OFN33_n_161 & Special Wire of Net VSS  ( M4 )
Bounds : ( 503.880, 624.972 ) ( 503.976, 625.068 )


SHORT: ( Metal Short ) Regular Wire of Net u_mem/bank_rdata[13][15] & Special Wire of Net VSS  ( M4 )
Bounds : ( 503.880, 599.052 ) ( 503.976, 599.148 )


SHORT: ( Metal Short ) Regular Wire of Net u_mem/bank_rdata[12][15] & Special Wire of Net VSS  ( M4 )
Bounds : ( 503.880, 599.244 ) ( 503.976, 599.340 )


SHORT: ( Metal Short ) Regular Wire of Net u_mem/FE_OFN643_n & Special Wire of Net VSS  ( M4 )
Bounds : ( 503.880, 599.436 ) ( 503.976, 599.532 )


SHORT: ( Metal Short ) Regular Wire of Net u_mem/n_145 & Special Wire of Net VSS  ( M4 )
Bounds : ( 503.880, 601.548 ) ( 503.976, 601.644 )


SHORT: ( Metal Short ) Regular Wire of Net mem_addr[6] & Special Wire of Net VSS  ( M4 )
Bounds : ( 503.880, 612.300 ) ( 503.976, 612.396 )


SHORT: ( Metal Short ) Regular Wire of Net FE_OFN1016_n & Special Wire of Net VSS  ( M4 )
Bounds : ( 503.880, 625.356 ) ( 503.976, 625.452 )


SHORT: ( Metal Short ) Regular Wire of Net u_mem/FE_OFN617_n & Special Wire of Net VSS  ( M3 )
Bounds : ( 503.676, 579.780 ) ( 503.748, 579.968 )


SHORT: ( Metal Short ) Regular Wire of Net u_mem/bank_rdata[14][10] & Special Wire of Net VSS  ( M4 )
Bounds : ( 503.880, 579.660 ) ( 503.976, 579.756 )


SHORT: ( Metal Short ) Regular Wire of Net u_mem/FE_OFN617_n & Special Wire of Net VSS  ( M4 )
Bounds : ( 503.880, 579.852 ) ( 503.976, 579.948 )


SHORT: ( Metal Short ) Regular Wire of Net u_mem/FE_OFN95_n_127 & Special Wire of Net VSS  ( M4 )
Bounds : ( 503.880, 580.044 ) ( 503.976, 580.140 )


SHORT: ( Metal Short ) Regular Wire of Net u_mem/bank_rdata[15][11] & Special Wire of Net VSS  ( M4 )
Bounds : ( 503.880, 581.772 ) ( 503.976, 581.868 )


SHORT: ( Metal Short ) Regular Wire of Net u_mem/bank_rdata[12][11] & Special Wire of Net VSS  ( M4 )
Bounds : ( 503.880, 581.964 ) ( 503.976, 582.060 )


SHORT: ( Metal Short ) Regular Wire of Net u_mem/FE_OFN672_n_60 & Special Wire of Net VSS  ( M4 )
Bounds : ( 503.880, 584.076 ) ( 503.976, 584.172 )


SHORT: ( Metal Short ) Regular Wire of Net u_mem/bank_rdata[12][12] & Special Wire of Net VSS  ( M4 )
Bounds : ( 503.880, 586.380 ) ( 503.976, 586.476 )


SHORT: ( Metal Short ) Regular Wire of Net u_mem/bank_rdata[12][13] & Special Wire of Net VSS  ( M4 )
Bounds : ( 503.880, 590.604 ) ( 503.976, 590.700 )


SHORT: ( Metal Short ) Regular Wire of Net u_mem/bank_rdata[13][13] & Special Wire of Net VSS  ( M4 )
Bounds : ( 503.880, 590.796 ) ( 503.976, 590.892 )


SHORT: ( Metal Short ) Regular Wire of Net u_mem/n_133 & Special Wire of Net VSS  ( M4 )
Bounds : ( 503.880, 592.716 ) ( 503.976, 592.812 )


SHORT: ( Metal Short ) Regular Wire of Net u_mem/n_290 & Special Wire of Net VSS  ( M4 )
Bounds : ( 503.880, 592.908 ) ( 503.976, 593.004 )


SHORT: ( Metal Short ) Regular Wire of Net u_mem/bank_rdata[12][14] & Special Wire of Net VSS  ( M4 )
Bounds : ( 503.880, 595.020 ) ( 503.976, 595.116 )


SHORT: ( Metal Short ) Regular Wire of Net u_mem/FE_OFN997_n_140 & Special Wire of Net VSS  ( M4 )
Bounds : ( 503.880, 596.940 ) ( 503.976, 597.036 )


SHORT: ( Metal Short ) Regular Wire of Net u_mem/n_293 & Special Wire of Net VSS  ( M4 )
Bounds : ( 503.880, 597.132 ) ( 503.976, 597.228 )


SHORT: ( Metal Short ) Regular Wire of Net u_mem/bank_rdata[12][6] & Special Wire of Net VDD  ( M4 )
Bounds : ( 506.256, 561.420 ) ( 506.352, 561.516 )


SHORT: ( Metal Short ) Regular Wire of Net s_axi_rdata[30] & Special Wire of Net VSS  ( M4 )
Bounds : ( 573.000, 534.732 ) ( 573.096, 534.828 )


SHORT: ( Metal Short ) Regular Wire of Net s_axi_rdata[30] & Special Wire of Net VSS  ( M4 )
Bounds : ( 598.920, 534.732 ) ( 599.016, 534.828 )


SHORT: ( Metal Short ) Regular Wire of Net u_mem/bank_rdata[13][0] & Special Wire of Net VDD  ( M4 )
Bounds : ( 506.256, 535.500 ) ( 506.352, 535.596 )


SHORT: ( Metal Short ) Regular Wire of Net s_axi_rdata[30] & Special Wire of Net VSS  ( M4 )
Bounds : ( 547.080, 534.732 ) ( 547.176, 534.828 )


SHORT: ( Metal Short ) Regular Wire of Net u_mem/FE_OFN689_n & Special Wire of Net VDD  ( M4 )
Bounds : ( 506.256, 546.252 ) ( 506.352, 546.348 )


SHORT: ( Metal Short ) Regular Wire of Net u_mem/bank_rdata[12][4] & Special Wire of Net VDD  ( M4 )
Bounds : ( 506.256, 552.780 ) ( 506.352, 552.876 )


SHORT: ( Metal Short ) Regular Wire of Net u_mem/bank_rdata[13][8] & Special Wire of Net VDD  ( M4 )
Bounds : ( 506.256, 570.060 ) ( 506.352, 570.156 )


SHORT: ( Metal Short ) Regular Wire of Net u_mem/bank_rdata[13][9] & Special Wire of Net VDD  ( M4 )
Bounds : ( 506.256, 574.476 ) ( 506.352, 574.572 )


SHORT: ( Metal Short ) Regular Wire of Net u_mem/bank_rdata[12][9] & Special Wire of Net VDD  ( M4 )
Bounds : ( 506.256, 574.668 ) ( 506.352, 574.764 )


SHORT: ( Metal Short ) Regular Wire of Net s_axi_rdata[29] & Special Wire of Net VSS  ( M4 )
Bounds : ( 598.920, 521.292 ) ( 599.016, 521.388 )


SHORT: ( Metal Short ) Regular Wire of Net s_axi_rdata[27] & Special Wire of Net VSS  ( M4 )
Bounds : ( 598.920, 491.148 ) ( 599.016, 491.244 )


SHORT: ( Metal Short ) Regular Wire of Net s_axi_rdata[29] & Special Wire of Net VSS  ( M4 )
Bounds : ( 573.000, 521.292 ) ( 573.096, 521.388 )


SHORT: ( Metal Short ) Regular Wire of Net s_axi_rdata[27] & Special Wire of Net VSS  ( M4 )
Bounds : ( 573.000, 491.148 ) ( 573.096, 491.244 )


SHORT: ( Metal Short ) Regular Wire of Net u_mem/bank_rdata[10][23] & Special Wire of Net VDD  ( M4 )
Bounds : ( 506.256, 490.188 ) ( 506.352, 490.284 )


SHORT: ( Metal Short ) Regular Wire of Net u_mem/bank_rdata[10][29] & Special Wire of Net VDD  ( M4 )
Bounds : ( 506.256, 516.108 ) ( 506.352, 516.204 )


SHORT: ( Metal Short ) Regular Wire of Net u_mem/bank_rdata[10][31] & Special Wire of Net VDD  ( M4 )
Bounds : ( 506.256, 524.748 ) ( 506.352, 524.844 )


EndOfLine: ( EndOfLine Spacing ) Regular Wire of Net mem_wdata[25] & Special Wire of Net VDD  ( M4 )
Bounds : ( 506.256, 498.252 ) ( 506.352, 498.336 )


SPACING: ( ParallelRunLength Spacing ) Regular Wire of Net mem_wdata[25] & Special Wire of Net VDD  ( M4 )
Bounds : ( 506.256, 498.252 ) ( 506.352, 498.336 )


SHORT: ( Cut Short ) Regular Wire of Net n_44 & Special Wire of Net VSS  ( V3 )
Bounds : ( 521.172, 504.428 ) ( 521.172, 504.492 )


CUTSPACING: ( Same Layer Cut Spacing ) Regular Wire of Net n_44 & Special Wire of Net VSS  ( V3 )
Bounds : ( 521.172, 504.292 ) ( 521.172, 504.396 )


CUTSPACING: ( Same Layer Cut Spacing ) Regular Wire of Net n_44 & Special Wire of Net VSS  ( V4 )
Bounds : ( 521.040, 504.396 ) ( 521.160, 504.492 )


CUTSPACING: ( Same Layer Cut Spacing ) Regular Wire of Net n_44 & Special Wire of Net VSS  ( V4 )
Bounds : ( 521.040, 508.812 ) ( 521.160, 508.908 )


CUTSPACING: ( Same Layer Cut Spacing ) Regular Wire of Net FE_DBTN0_n_44 & Special Wire of Net VSS  ( V4 )
Bounds : ( 521.256, 504.492 ) ( 521.376, 504.588 )


SHORT: ( Metal Short ) Regular Wire of Net n_44 & Special Wire of Net VSS  ( M3 )
Bounds : ( 521.100, 504.376 ) ( 521.172, 504.540 )


SHORT: ( Metal Short ) Regular Wire of Net FE_DBTN0_n_44 & Special Wire of Net VSS  ( M3 )
Bounds : ( 521.388, 504.472 ) ( 521.460, 504.540 )


SHORT: ( Metal Short ) Regular Wire of Net n_44 & Special Wire of Net VSS  ( M4 )
Bounds : ( 521.160, 504.396 ) ( 521.216, 504.492 )


SHORT: ( Metal Short ) Regular Wire of Net s_axi_rdata[27] & Special Wire of Net VSS  ( M4 )
Bounds : ( 547.080, 491.148 ) ( 547.176, 491.244 )


SHORT: ( Metal Short ) Regular Wire of Net s_axi_rdata[29] & Special Wire of Net VSS  ( M4 )
Bounds : ( 547.080, 521.292 ) ( 547.176, 521.388 )


EndOfLine: ( EndOfLine Spacing ) Regular Wire of Net n_44 & Special Wire of Net VSS  ( M4 )
Bounds : ( 521.084, 508.812 ) ( 521.160, 508.908 )


EndOfLine: ( EndOfLine Spacing ) Regular Wire of Net FE_DBTN0_n_44 & Special Wire of Net VSS  ( M4 )
Bounds : ( 521.256, 504.492 ) ( 521.332, 504.588 )


SPACING: ( ParallelRunLength Spacing ) Regular Wire of Net n_44 & Special Wire of Net VSS  ( M4 )
Bounds : ( 521.084, 508.812 ) ( 521.160, 508.908 )


SPACING: ( ParallelRunLength Spacing ) Regular Wire of Net FE_DBTN0_n_44 & Special Wire of Net VSS  ( M4 )
Bounds : ( 521.256, 504.492 ) ( 521.332, 504.588 )


SHORT: ( Metal Short ) Regular Wire of Net u_mem/FE_OFN841_n & Special Wire of Net VDD  ( M4 )
Bounds : ( 506.256, 464.268 ) ( 506.352, 464.364 )


SHORT: ( Metal Short ) Regular Wire of Net u_mem/n_410 & Special Wire of Net VDD  ( M4 )
Bounds : ( 506.256, 444.684 ) ( 506.352, 444.780 )


SHORT: ( Metal Short ) Regular Wire of Net s_axi_rdata[26] & Special Wire of Net VSS  ( M4 )
Bounds : ( 598.920, 475.980 ) ( 599.016, 476.076 )


SHORT: ( Metal Short ) Regular Wire of Net s_axi_rdata[25] & Special Wire of Net VSS  ( M4 )
Bounds : ( 598.920, 460.812 ) ( 599.016, 460.908 )


SHORT: ( Metal Short ) Regular Wire of Net s_axi_rdata[24] & Special Wire of Net VSS  ( M4 )
Bounds : ( 598.920, 445.836 ) ( 599.016, 445.932 )


SHORT: ( Metal Short ) Regular Wire of Net s_axi_rdata[26] & Special Wire of Net VSS  ( M4 )
Bounds : ( 573.000, 475.980 ) ( 573.096, 476.076 )


SHORT: ( Metal Short ) Regular Wire of Net s_axi_rdata[25] & Special Wire of Net VSS  ( M4 )
Bounds : ( 573.000, 460.812 ) ( 573.096, 460.908 )


SHORT: ( Metal Short ) Regular Wire of Net s_axi_rdata[24] & Special Wire of Net VSS  ( M4 )
Bounds : ( 573.000, 445.836 ) ( 573.096, 445.932 )


SHORT: ( Metal Short ) Regular Wire of Net u_mem/bank_rdata[11][21] & Special Wire of Net VDD  ( M4 )
Bounds : ( 506.256, 481.548 ) ( 506.352, 481.644 )


EndOfLine: ( EndOfLine Keepout ) Regular Wire of Net FE_OFN1032_n & Special Wire of Net VSS  ( M1 )
Bounds : ( 507.564, 452.384 ) ( 507.636, 452.484 )


SHORT: ( Metal Short ) Regular Wire of Net s_axi_rdata[24] & Special Wire of Net VSS  ( M4 )
Bounds : ( 547.080, 445.836 ) ( 547.176, 445.932 )


SHORT: ( Metal Short ) Regular Wire of Net s_axi_rdata[25] & Special Wire of Net VSS  ( M4 )
Bounds : ( 547.080, 460.812 ) ( 547.176, 460.908 )


SHORT: ( Metal Short ) Regular Wire of Net s_axi_rdata[26] & Special Wire of Net VSS  ( M4 )
Bounds : ( 547.080, 475.980 ) ( 547.176, 476.076 )


SHORT: ( Metal Short ) Regular Wire of Net u_mem/n_366 & Special Wire of Net VDD  ( M6 )
Bounds : ( 510.084, 434.096 ) ( 511.796, 434.224 )


SHORT: ( Metal Short ) Regular Wire of Net s_axi_rdata[21] & Special Wire of Net VSS  ( M4 )
Bounds : ( 547.080, 400.332 ) ( 547.176, 400.428 )


SHORT: ( Metal Short ) Regular Wire of Net u_mem/FE_OFN664_n_54 & Special Wire of Net VDD  ( M4 )
Bounds : ( 506.256, 429.516 ) ( 506.352, 429.612 )


SHORT: ( Metal Short ) Regular Wire of Net u_mem/FE_OFN258_n_616 & Special Wire of Net VDD  ( M4 )
Bounds : ( 506.256, 427.788 ) ( 506.352, 427.884 )


SHORT: ( Metal Short ) Regular Wire of Net u_mem/n_414 & Special Wire of Net VDD  ( M4 )
Bounds : ( 506.256, 427.404 ) ( 506.352, 427.500 )


SHORT: ( Metal Short ) Regular Wire of Net u_mem/bank_rdata[10][15] & Special Wire of Net VDD  ( M4 )
Bounds : ( 506.256, 423.180 ) ( 506.352, 423.276 )


SHORT: ( Metal Short ) Regular Wire of Net s_axi_rdata[23] & Special Wire of Net VSS  ( M4 )
Bounds : ( 598.920, 430.668 ) ( 599.016, 430.764 )


SHORT: ( Metal Short ) Regular Wire of Net s_axi_rdata[23] & Special Wire of Net VSS  ( M4 )
Bounds : ( 573.000, 430.668 ) ( 573.096, 430.764 )


SHORT: ( Metal Short ) Regular Wire of Net u_mem/bank_rdata[11][13] & Special Wire of Net VDD  ( M4 )
Bounds : ( 506.256, 414.540 ) ( 506.352, 414.636 )


SHORT: ( Metal Short ) Regular Wire of Net u_mem/bank_rdata[10][11] & Special Wire of Net VDD  ( M4 )
Bounds : ( 506.256, 405.900 ) ( 506.352, 405.996 )


SHORT: ( Metal Short ) Regular Wire of Net u_mem/bank_rdata[11][8] & Special Wire of Net VDD  ( M4 )
Bounds : ( 506.256, 393.036 ) ( 506.352, 393.132 )


SHORT: ( Metal Short ) Regular Wire of Net s_axi_rdata[21] & Special Wire of Net VSS  ( M4 )
Bounds : ( 573.000, 400.332 ) ( 573.096, 400.428 )


SHORT: ( Metal Short ) Regular Wire of Net s_axi_rdata[21] & Special Wire of Net VSS  ( M4 )
Bounds : ( 598.920, 400.332 ) ( 599.016, 400.428 )


SHORT: ( Metal Short ) Regular Wire of Net n_463 & Special Wire of Net VSS  ( M3 )
Bounds : ( 520.740, 400.500 ) ( 520.740, 400.860 )


SHORT: ( Metal Short ) Regular Wire of Net n_462 & Special Wire of Net VSS  ( M3 )
Bounds : ( 520.740, 402.660 ) ( 520.740, 403.020 )


SHORT: ( Metal Short ) Regular Wire of Net n_460 & Special Wire of Net VSS  ( M3 )
Bounds : ( 520.740, 411.300 ) ( 520.740, 411.660 )


SHORT: ( Metal Short ) Regular Wire of Net n_461 & Special Wire of Net VSS  ( M3 )
Bounds : ( 520.812, 406.980 ) ( 520.884, 407.340 )


SHORT: ( Metal Short ) Regular Wire of Net n_458 & Special Wire of Net VSS  ( M3 )
Bounds : ( 520.812, 417.780 ) ( 520.884, 418.140 )


SHORT: ( Metal Short ) Regular Wire of Net n_459 & Special Wire of Net VSS  ( M3 )
Bounds : ( 520.740, 424.260 ) ( 520.740, 424.620 )


SHORT: ( Metal Short ) Regular Wire of Net s_axi_rdata[23] & Special Wire of Net VSS  ( M4 )
Bounds : ( 547.080, 430.668 ) ( 547.176, 430.764 )


SHORT: ( Metal Short ) Regular Wire of Net u_mem/bank_rdata[13][10] & Special Wire of Net VSS  ( M4 )
Bounds : ( 503.880, 577.740 ) ( 503.976, 577.836 )


SHORT: ( Metal Short ) Regular Wire of Net u_mem/bank_rdata[13][5] & Special Wire of Net VSS  ( M4 )
Bounds : ( 503.880, 555.852 ) ( 503.976, 555.948 )


SHORT: ( Metal Short ) Regular Wire of Net u_mem/bank_rdata[12][5] & Special Wire of Net VSS  ( M4 )
Bounds : ( 503.880, 556.044 ) ( 503.976, 556.140 )


SHORT: ( Metal Short ) Regular Wire of Net u_mem/FE_OFN107_n_321 & Special Wire of Net VSS  ( M4 )
Bounds : ( 503.880, 556.236 ) ( 503.976, 556.332 )


SHORT: ( Metal Short ) Regular Wire of Net u_mem/bank_rdata[13][6] & Special Wire of Net VSS  ( M4 )
Bounds : ( 503.880, 560.268 ) ( 503.976, 560.364 )


SHORT: ( Metal Short ) Regular Wire of Net u_mem/FE_OFN108_n_326 & Special Wire of Net VSS  ( M4 )
Bounds : ( 503.880, 560.460 ) ( 503.976, 560.556 )


SHORT: ( Metal Short ) Regular Wire of Net u_mem/bank_rdata[13][7] & Special Wire of Net VSS  ( M4 )
Bounds : ( 503.880, 564.492 ) ( 503.976, 564.588 )


SHORT: ( Metal Short ) Regular Wire of Net u_mem/bank_rdata[12][7] & Special Wire of Net VSS  ( M4 )
Bounds : ( 503.880, 564.684 ) ( 503.976, 564.780 )


SHORT: ( Metal Short ) Regular Wire of Net u_mem/FE_OFN1013_n_331 & Special Wire of Net VSS  ( M4 )
Bounds : ( 503.880, 564.876 ) ( 503.976, 564.972 )


SHORT: ( Metal Short ) Regular Wire of Net u_mem/bank_rdata[12][8] & Special Wire of Net VSS  ( M4 )
Bounds : ( 503.880, 573.516 ) ( 503.976, 573.612 )


SHORT: ( Metal Short ) Regular Wire of Net u_mem/n_206 & Special Wire of Net VSS  ( M4 )
Bounds : ( 503.880, 575.436 ) ( 503.976, 575.532 )


SHORT: ( Metal Short ) Regular Wire of Net u_mem/FE_OFN111_n_338 & Special Wire of Net VSS  ( M4 )
Bounds : ( 503.880, 575.628 ) ( 503.976, 575.724 )


SHORT: ( Metal Short ) Regular Wire of Net u_mem/FE_OFN857_n_122 & Special Wire of Net VSS  ( M4 )
Bounds : ( 503.880, 575.820 ) ( 503.976, 575.916 )


SHORT: ( Metal Short ) Regular Wire of Net u_mem/bank_rdata[15][10] & Special Wire of Net VSS  ( M4 )
Bounds : ( 503.880, 577.548 ) ( 503.976, 577.644 )


SHORT: ( Metal Short ) Regular Wire of Net u_mem/n_166 & Special Wire of Net VSS  ( M4 )
Bounds : ( 503.880, 532.236 ) ( 503.976, 532.332 )


SHORT: ( Metal Short ) Regular Wire of Net u_mem/FE_OFN103_n_303 & Special Wire of Net VSS  ( M4 )
Bounds : ( 503.880, 532.428 ) ( 503.976, 532.524 )


SHORT: ( Metal Short ) Regular Wire of Net u_mem/n_156 & Special Wire of Net VSS  ( M4 )
Bounds : ( 503.880, 532.620 ) ( 503.976, 532.716 )


SHORT: ( Metal Short ) Regular Wire of Net u_mem/FE_OFN1000_n & Special Wire of Net VSS  ( M4 )
Bounds : ( 503.880, 534.348 ) ( 503.976, 534.444 )


SHORT: ( Metal Short ) Regular Wire of Net u_mem/bank_rdata[12][0] & Special Wire of Net VSS  ( M4 )
Bounds : ( 503.880, 534.540 ) ( 503.976, 534.636 )


SHORT: ( Metal Short ) Regular Wire of Net u_mem/bank_rdata[13][1] & Special Wire of Net VSS  ( M4 )
Bounds : ( 503.880, 538.572 ) ( 503.976, 538.668 )


SHORT: ( Metal Short ) Regular Wire of Net u_mem/bank_rdata[12][1] & Special Wire of Net VSS  ( M4 )
Bounds : ( 503.880, 538.764 ) ( 503.976, 538.860 )


SHORT: ( Metal Short ) Regular Wire of Net u_mem/FE_OFN104_n_305 & Special Wire of Net VSS  ( M4 )
Bounds : ( 503.880, 538.956 ) ( 503.976, 539.052 )


SHORT: ( Metal Short ) Regular Wire of Net u_mem/bank_rdata[12][2] & Special Wire of Net VSS  ( M4 )
Bounds : ( 503.880, 542.988 ) ( 503.976, 543.084 )


SHORT: ( Metal Short ) Regular Wire of Net u_mem/bank_rdata[13][2] & Special Wire of Net VSS  ( M4 )
Bounds : ( 503.880, 543.180 ) ( 503.976, 543.276 )


SHORT: ( Metal Short ) Regular Wire of Net u_mem/n_170 & Special Wire of Net VSS  ( M4 )
Bounds : ( 503.880, 545.100 ) ( 503.976, 545.196 )


SHORT: ( Metal Short ) Regular Wire of Net u_mem/n_315 & Special Wire of Net VSS  ( M4 )
Bounds : ( 503.880, 545.292 ) ( 503.976, 545.388 )


SHORT: ( Metal Short ) Regular Wire of Net u_mem/FE_GLN732_n_72 & Special Wire of Net VSS  ( M4 )
Bounds : ( 503.880, 545.484 ) ( 503.976, 545.580 )


SHORT: ( Metal Short ) Regular Wire of Net u_mem/bank_rdata[12][3] & Special Wire of Net VSS  ( M4 )
Bounds : ( 503.880, 547.404 ) ( 503.976, 547.500 )


SHORT: ( Metal Short ) Regular Wire of Net u_mem/bank_rdata[13][3] & Special Wire of Net VSS  ( M4 )
Bounds : ( 503.880, 547.596 ) ( 503.976, 547.692 )


SHORT: ( Metal Short ) Regular Wire of Net u_mem/bank_rdata[13][4] & Special Wire of Net VSS  ( M4 )
Bounds : ( 503.880, 551.628 ) ( 503.976, 551.724 )


SHORT: ( Metal Short ) Regular Wire of Net u_mem/FE_OFN106_n_317 & Special Wire of Net VSS  ( M4 )
Bounds : ( 503.880, 551.820 ) ( 503.976, 551.916 )


SHORT: ( Metal Short ) Regular Wire of Net u_mem/bank_rdata[11][30] & Special Wire of Net VSS  ( M4 )
Bounds : ( 503.880, 519.180 ) ( 503.976, 519.276 )


SHORT: ( Metal Short ) Regular Wire of Net u_mem/n_272 & Special Wire of Net VSS  ( M4 )
Bounds : ( 503.880, 514.956 ) ( 503.976, 515.052 )


SHORT: ( Cut Short ) Regular Wire of Net u_mem/bank_rdata[10][28] & Special Wire of Net VSS  ( V3 )
Bounds : ( 503.892, 510.972 ) ( 503.964, 511.004 )


SHORT: ( Cut Short ) Regular Wire of Net u_mem/bank_rdata[10][28] & Special Wire of Net VSS  ( V4 )
Bounds : ( 503.880, 510.972 ) ( 503.976, 511.068 )


SHORT: ( Metal Short ) Regular Wire of Net u_mem/n_66 & Special Wire of Net VSS  ( M3 )
Bounds : ( 503.460, 510.660 ) ( 503.460, 511.020 )


SHORT: ( Metal Short ) Regular Wire of Net u_mem/FE_OFN673_n_60 & Special Wire of Net VSS  ( M3 )
Bounds : ( 503.532, 510.660 ) ( 503.604, 511.020 )


SHORT: ( Metal Short ) Regular Wire of Net u_mem/bank_rdata[10][28] & Special Wire of Net VSS  ( M3 )
Bounds : ( 503.892, 510.952 ) ( 503.964, 511.020 )


SHORT: ( Metal Short ) Regular Wire of Net u_mem/n_66 & Special Wire of Net VSS  ( M4 )
Bounds : ( 503.880, 510.540 ) ( 503.976, 510.636 )


SHORT: ( Metal Short ) Regular Wire of Net u_mem/FE_OFN978_n & Special Wire of Net VSS  ( M4 )
Bounds : ( 503.880, 510.732 ) ( 503.976, 510.828 )


SHORT: ( Metal Short ) Regular Wire of Net u_mem/bank_rdata[11][29] & Special Wire of Net VSS  ( M4 )
Bounds : ( 503.880, 515.148 ) ( 503.976, 515.244 )


SHORT: ( Metal Short ) Regular Wire of Net u_mem/n_239 & Special Wire of Net VSS  ( M4 )
Bounds : ( 503.880, 519.372 ) ( 503.976, 519.468 )


SHORT: ( Metal Short ) Regular Wire of Net u_mem/bank_rdata[10][30] & Special Wire of Net VSS  ( M4 )
Bounds : ( 503.880, 519.564 ) ( 503.976, 519.660 )


SHORT: ( Metal Short ) Regular Wire of Net u_mem/n_225 & Special Wire of Net VSS  ( M4 )
Bounds : ( 503.880, 525.708 ) ( 503.976, 525.804 )


SHORT: ( Metal Short ) Regular Wire of Net u_mem/bank_rdata[11][31] & Special Wire of Net VSS  ( M4 )
Bounds : ( 503.880, 525.900 ) ( 503.976, 525.996 )


SHORT: ( Metal Short ) Regular Wire of Net u_mem/bank_rdata[10][28] & Special Wire of Net VSS  ( M5 )
Bounds : ( 503.880, 510.928 ) ( 503.976, 511.452 )


SHORT: ( Metal Short ) Regular Wire of Net u_mem/FE_OFN119_mem_wdata_28 & Special Wire of Net VSS  ( M4 )
Bounds : ( 503.880, 510.924 ) ( 503.976, 511.068 )


EndOfLine: ( EndOfLine Keepout ) Regular Wire of Net u_mem/FE_OFN1018_n & Special Wire of Net VSS  ( M4 )
Bounds : ( 503.876, 489.672 ) ( 503.880, 489.864 )


CUTSPACING: ( Same Layer Cut Spacing ) Regular Wire of Net u_mem/FE_OFN1018_n & Special Wire of Net VSS  ( V3 )
Bounds : ( 503.820, 489.372 ) ( 503.892, 489.404 )


CUTSPACING: ( Same Layer Cut Spacing ) Regular Wire of Net u_mem/FE_OFN1018_n & Special Wire of Net VSS  ( V4 )
Bounds : ( 503.832, 489.372 ) ( 503.880, 489.468 )


CUTSPACING: ( Same Layer Cut Spacing ) Regular Wire of Net u_mem/FE_OFN1018_n & Special Wire of Net VSS  ( V4 )
Bounds : ( 503.832, 489.596 ) ( 503.880, 489.692 )


SHORT: ( Metal Short ) Regular Wire of Net u_mem/FE_OFN954_n & Special Wire of Net VSS  ( M3 )
Bounds : ( 503.676, 498.004 ) ( 503.748, 498.060 )


SHORT: ( Metal Short ) Regular Wire of Net u_mem/FE_OFN1018_n & Special Wire of Net VSS  ( M3 )
Bounds : ( 503.748, 489.352 ) ( 503.820, 489.420 )


SHORT: ( Metal Short ) Regular Wire of Net u_mem/bank_rdata[11][22] & Special Wire of Net VSS  ( M4 )
Bounds : ( 503.880, 486.732 ) ( 503.976, 486.828 )


SHORT: ( Metal Short ) Regular Wire of Net u_mem/bank_rdata[10][22] & Special Wire of Net VSS  ( M4 )
Bounds : ( 503.880, 486.924 ) ( 503.976, 487.020 )


SHORT: ( Metal Short ) Regular Wire of Net u_mem/bank_rdata[11][23] & Special Wire of Net VSS  ( M4 )
Bounds : ( 503.880, 489.036 ) ( 503.976, 489.132 )


SHORT: ( Metal Short ) Regular Wire of Net u_mem/bank_rdata[11][24] & Special Wire of Net VSS  ( M4 )
Bounds : ( 503.880, 493.260 ) ( 503.976, 493.356 )


SHORT: ( Metal Short ) Regular Wire of Net u_mem/bank_rdata[10][24] & Special Wire of Net VSS  ( M4 )
Bounds : ( 503.880, 493.452 ) ( 503.976, 493.548 )


SHORT: ( Metal Short ) Regular Wire of Net u_mem/FE_OFN217_n & Special Wire of Net VSS  ( M4 )
Bounds : ( 503.880, 493.644 ) ( 503.976, 493.740 )


SHORT: ( Metal Short ) Regular Wire of Net mem_wdata[25] & Special Wire of Net VSS  ( M4 )
Bounds : ( 503.880, 498.156 ) ( 503.976, 498.252 )


SHORT: ( Metal Short ) Regular Wire of Net u_mem/bank_rdata[11][26] & Special Wire of Net VSS  ( M4 )
Bounds : ( 503.880, 501.900 ) ( 503.976, 501.996 )


SHORT: ( Metal Short ) Regular Wire of Net u_mem/n_267 & Special Wire of Net VSS  ( M4 )
Bounds : ( 503.880, 502.092 ) ( 503.976, 502.188 )


SHORT: ( Metal Short ) Regular Wire of Net u_mem/bank_rdata[10][26] & Special Wire of Net VSS  ( M4 )
Bounds : ( 503.880, 502.284 ) ( 503.976, 502.380 )


EndOfLine: ( EndOfLine Spacing ) Regular Wire of Net u_mem/FE_OFN1018_n & Special Wire of Net VSS  ( M4 )
Bounds : ( 503.876, 489.372 ) ( 503.880, 489.468 )


EndOfLine: ( EndOfLine Spacing ) Regular Wire of Net u_mem/FE_OFN1018_n & Special Wire of Net VSS  ( M4 )
Bounds : ( 503.876, 489.596 ) ( 503.880, 489.692 )


SPACING: ( ParallelRunLength Spacing ) Regular Wire of Net u_mem/FE_OFN1018_n & Special Wire of Net VSS  ( M4 )
Bounds : ( 503.876, 489.372 ) ( 503.880, 489.468 )


SPACING: ( ParallelRunLength Spacing ) Regular Wire of Net u_mem/FE_OFN1018_n & Special Wire of Net VSS  ( M4 )
Bounds : ( 503.876, 489.596 ) ( 503.880, 489.692 )


SPACING: ( ParallelRunLength Spacing ) Regular Wire of Net u_mem/FE_OFN1018_n & Special Wire of Net VSS  ( M5 )
Bounds : ( 503.832, 489.328 ) ( 503.880, 489.736 )


SHORT: ( Metal Short ) Regular Wire of Net u_mem/FE_OFN171_mem_wdata_20 & Special Wire of Net VSS  ( M4 )
Bounds : ( 503.880, 476.172 ) ( 503.976, 476.268 )


CUTSPACING: ( Same Layer Cut Spacing ) Regular Wire of Net mem_wdata[18] & Special Wire of Net VSS  ( V3 )
Bounds : ( 503.892, 467.436 ) ( 503.892, 467.476 )


CUTSPACING: ( Same Layer Cut Spacing ) Regular Wire of Net mem_wdata[18] & Special Wire of Net VSS  ( V4 )
Bounds : ( 503.760, 467.340 ) ( 503.880, 467.436 )


SHORT: ( Metal Short ) Regular Wire of Net u_mem/FE_OFN971_n & Special Wire of Net VSS  ( M3 )
Bounds : ( 503.460, 458.820 ) ( 503.460, 459.180 )


SHORT: ( Metal Short ) Regular Wire of Net u_mem/FE_OFN898_n & Special Wire of Net VSS  ( M3 )
Bounds : ( 503.460, 467.752 ) ( 503.532, 467.820 )


SHORT: ( Metal Short ) Regular Wire of Net mem_wdata[18] & Special Wire of Net VSS  ( M3 )
Bounds : ( 503.820, 467.460 ) ( 503.892, 467.516 )


SHORT: ( Metal Short ) Regular Wire of Net u_mem/FE_OFN635_n & Special Wire of Net VSS  ( M3 )
Bounds : ( 504.108, 458.820 ) ( 504.180, 459.180 )


SHORT: ( Metal Short ) Regular Wire of Net u_mem/FE_OFN181_mem_wdata_18 & Special Wire of Net VSS  ( M3 )
Bounds : ( 504.108, 467.460 ) ( 504.180, 467.820 )


SHORT: ( Metal Short ) Regular Wire of Net u_mem/FE_OFN844_n & Special Wire of Net VSS  ( M4 )
Bounds : ( 503.880, 463.116 ) ( 503.976, 463.212 )


SHORT: ( Metal Short ) Regular Wire of Net u_mem/FE_OFN185_mem_wdata_17 & Special Wire of Net VSS  ( M4 )
Bounds : ( 503.880, 467.340 ) ( 503.976, 467.436 )


SHORT: ( Metal Short ) Regular Wire of Net u_mem/FE_OFN901_n & Special Wire of Net VSS  ( M4 )
Bounds : ( 503.880, 467.724 ) ( 503.976, 467.820 )


SHORT: ( Metal Short ) Regular Wire of Net u_mem/bank_rdata[10][19] & Special Wire of Net VSS  ( M4 )
Bounds : ( 503.880, 471.756 ) ( 503.976, 471.852 )


SHORT: ( Metal Short ) Regular Wire of Net u_mem/bank_rdata[11][19] & Special Wire of Net VSS  ( M4 )
Bounds : ( 503.880, 471.948 ) ( 503.976, 472.044 )


SHORT: ( Metal Short ) Regular Wire of Net u_mem/n_261 & Special Wire of Net VSS  ( M4 )
Bounds : ( 503.880, 472.140 ) ( 503.976, 472.236 )


SHORT: ( Metal Short ) Regular Wire of Net u_mem/FE_OFN862_n & Special Wire of Net VSS  ( M4 )
Bounds : ( 503.880, 478.476 ) ( 503.976, 478.572 )


SHORT: ( Metal Short ) Regular Wire of Net u_mem/bank_rdata[10][21] & Special Wire of Net VSS  ( M4 )
Bounds : ( 503.880, 480.588 ) ( 503.976, 480.684 )


SHORT: ( Metal Short ) Regular Wire of Net u_mem/FE_OFN124_mem_wdata_27 & Special Wire of Net VSS  ( M3 )
Bounds : ( 503.676, 454.804 ) ( 503.748, 454.860 )


SHORT: ( Metal Short ) Regular Wire of Net u_mem/n_408 & Special Wire of Net VSS  ( M4 )
Bounds : ( 503.880, 445.836 ) ( 503.976, 445.932 )


SHORT: ( Metal Short ) Regular Wire of Net mem_addr[15] & Special Wire of Net VSS  ( M4 )
Bounds : ( 503.880, 446.028 ) ( 503.976, 446.124 )


SHORT: ( Metal Short ) Regular Wire of Net u_mem/n_407 & Special Wire of Net VSS  ( M4 )
Bounds : ( 503.880, 446.220 ) ( 503.976, 446.316 )


SHORT: ( Metal Short ) Regular Wire of Net mem_addr[13] & Special Wire of Net VSS  ( M4 )
Bounds : ( 503.880, 454.476 ) ( 503.976, 454.572 )


EndOfLine: ( EndOfLine Spacing ) Regular Wire of Net u_mem/FE_OFN124_mem_wdata_27 & Special Wire of Net VSS  ( M4 )
Bounds : ( 503.792, 454.860 ) ( 503.880, 454.956 )


SPACING: ( ParallelRunLength Spacing ) Regular Wire of Net u_mem/FE_OFN124_mem_wdata_27 & Special Wire of Net VSS  ( M4 )
Bounds : ( 503.792, 454.860 ) ( 503.880, 454.956 )


SHORT: ( Metal Short ) Regular Wire of Net u_mem/bank_rdata[10][9] & Special Wire of Net VSS  ( M4 )
Bounds : ( 503.880, 398.604 ) ( 503.976, 398.700 )


SHORT: ( Metal Short ) Regular Wire of Net u_mem/bank_rdata[11][9] & Special Wire of Net VSS  ( M4 )
Bounds : ( 503.880, 398.412 ) ( 503.976, 398.508 )


SHORT: ( Metal Short ) Regular Wire of Net u_mem/bank_rdata[10][8] & Special Wire of Net VSS  ( M4 )
Bounds : ( 503.880, 398.220 ) ( 503.976, 398.316 )


SHORT: ( Metal Short ) Regular Wire of Net u_mem/bank_rdata[11][7] & Special Wire of Net VSS  ( M4 )
Bounds : ( 503.880, 389.772 ) ( 503.976, 389.868 )


SHORT: ( Metal Short ) Regular Wire of Net u_mem/bank_rdata[10][7] & Special Wire of Net VSS  ( M4 )
Bounds : ( 503.880, 389.580 ) ( 503.976, 389.676 )


SHORT: ( Metal Short ) Regular Wire of Net u_mem/bank_rdata[11][6] & Special Wire of Net VSS  ( M4 )
Bounds : ( 503.880, 387.468 ) ( 503.976, 387.564 )


SHORT: ( Metal Short ) Regular Wire of Net u_mem/FE_GLN759_n_416 & Special Wire of Net VSS  ( M3 )
Bounds : ( 503.820, 387.540 ) ( 503.892, 387.900 )


SHORT: ( Metal Short ) Regular Wire of Net u_mem/FE_OFN952_n & Special Wire of Net VSS  ( M3 )
Bounds : ( 503.460, 385.672 ) ( 503.532, 385.740 )


SHORT: ( Metal Short ) Regular Wire of Net u_mem/bank_rdata[11][11] & Special Wire of Net VSS  ( M4 )
Bounds : ( 503.880, 404.748 ) ( 503.976, 404.844 )


SHORT: ( Metal Short ) Regular Wire of Net u_mem/n_417 & Special Wire of Net VSS  ( M4 )
Bounds : ( 503.880, 404.940 ) ( 503.976, 405.036 )


SHORT: ( Metal Short ) Regular Wire of Net u_mem/bank_rdata[10][12] & Special Wire of Net VSS  ( M4 )
Bounds : ( 503.880, 411.276 ) ( 503.976, 411.372 )


SHORT: ( Metal Short ) Regular Wire of Net u_mem/bank_rdata[11][12] & Special Wire of Net VSS  ( M4 )
Bounds : ( 503.880, 411.468 ) ( 503.976, 411.564 )


SHORT: ( Metal Short ) Regular Wire of Net u_mem/bank_rdata[10][13] & Special Wire of Net VSS  ( M4 )
Bounds : ( 503.880, 413.580 ) ( 503.976, 413.676 )


SHORT: ( Metal Short ) Regular Wire of Net u_mem/bank_rdata[11][14] & Special Wire of Net VSS  ( M4 )
Bounds : ( 503.880, 420.108 ) ( 503.976, 420.204 )


SHORT: ( Metal Short ) Regular Wire of Net u_mem/bank_rdata[10][14] & Special Wire of Net VSS  ( M4 )
Bounds : ( 503.880, 420.300 ) ( 503.976, 420.396 )


SHORT: ( Metal Short ) Regular Wire of Net u_mem/bank_rdata[11][15] & Special Wire of Net VSS  ( M4 )
Bounds : ( 503.880, 424.524 ) ( 503.976, 424.620 )


SHORT: ( Metal Short ) Regular Wire of Net u_mem/n_411 & Special Wire of Net VSS  ( M4 )
Bounds : ( 503.880, 430.860 ) ( 503.976, 430.956 )


SHORT: ( Metal Short ) Regular Wire of Net s_axi_arid[2] & Special Wire of Net VDD  ( M4 )
Bounds : ( 311.640, 742.860 ) ( 311.736, 742.956 )


SHORT: ( Metal Short ) Regular Wire of Net s_axi_awid[4] & Special Wire of Net VDD  ( M4 )
Bounds : ( 311.640, 738.828 ) ( 311.736, 738.924 )


SHORT: ( Metal Short ) Regular Wire of Net s_axi_araddr[2] & Special Wire of Net VDD  ( M4 )
Bounds : ( 311.640, 729.804 ) ( 311.736, 729.900 )


SHORT: ( Metal Short ) Regular Wire of Net s_axi_awid[3] & Special Wire of Net VDD  ( M4 )
Bounds : ( 311.640, 727.884 ) ( 311.736, 727.980 )


SHORT: ( Metal Short ) Regular Wire of Net s_axi_awid[4] & Special Wire of Net VDD  ( M4 )
Bounds : ( 285.720, 738.828 ) ( 285.816, 738.924 )


SHORT: ( Metal Short ) Regular Wire of Net s_axi_araddr[2] & Special Wire of Net VDD  ( M4 )
Bounds : ( 285.720, 729.804 ) ( 285.816, 729.900 )


SHORT: ( Metal Short ) Regular Wire of Net s_axi_awid[3] & Special Wire of Net VDD  ( M4 )
Bounds : ( 285.720, 727.884 ) ( 285.816, 727.980 )


SHORT: ( Metal Short ) Regular Wire of Net s_axi_araddr[4] & Special Wire of Net VDD  ( M4 )
Bounds : ( 285.720, 727.692 ) ( 285.816, 727.788 )


SHORT: ( Metal Short ) Regular Wire of Net s_axi_araddr[6] & Special Wire of Net VSS  ( M4 )
Bounds : ( 261.960, 728.844 ) ( 262.056, 728.940 )


SHORT: ( Metal Short ) Regular Wire of Net s_axi_arid[2] & Special Wire of Net VDD  ( M4 )
Bounds : ( 259.800, 742.860 ) ( 259.896, 742.956 )


SHORT: ( Metal Short ) Regular Wire of Net s_axi_awid[4] & Special Wire of Net VDD  ( M4 )
Bounds : ( 259.800, 738.828 ) ( 259.896, 738.924 )


SHORT: ( Metal Short ) Regular Wire of Net s_axi_awid[3] & Special Wire of Net VDD  ( M4 )
Bounds : ( 259.800, 727.884 ) ( 259.896, 727.980 )


SHORT: ( Metal Short ) Regular Wire of Net n_131 & Special Wire of Net VSS  ( M3 )
Bounds : ( 262.332, 728.820 ) ( 262.404, 729.180 )


SHORT: ( Metal Short ) Regular Wire of Net n_168 & Special Wire of Net VSS  ( M3 )
Bounds : ( 262.332, 726.660 ) ( 262.404, 727.020 )


SHORT: ( Metal Short ) Regular Wire of Net n_169 & Special Wire of Net VSS  ( M3 )
Bounds : ( 262.044, 729.124 ) ( 262.116, 729.180 )


SHORT: ( Metal Short ) Regular Wire of Net n_171 & Special Wire of Net VSS  ( M3 )
Bounds : ( 262.044, 728.820 ) ( 262.116, 728.876 )


SHORT: ( Metal Short ) Regular Wire of Net s_axi_arid[2] & Special Wire of Net VDD  ( M4 )
Bounds : ( 285.720, 742.860 ) ( 285.816, 742.956 )


SHORT: ( Metal Short ) Regular Wire of Net n_540 & Special Wire of Net VDD  ( M3 )
Bounds : ( 233.460, 723.420 ) ( 233.460, 723.780 )


SHORT: ( Metal Short ) Regular Wire of Net r_addr_reg[8] & Special Wire of Net VSS  ( M3 )
Bounds : ( 235.692, 724.500 ) ( 235.764, 724.556 )


SHORT: ( Metal Short ) Regular Wire of Net n_258 & Special Wire of Net VSS  ( M3 )
Bounds : ( 235.692, 724.804 ) ( 235.764, 724.860 )


SHORT: ( Metal Short ) Regular Wire of Net s_axi_awid[3] & Special Wire of Net VDD  ( M4 )
Bounds : ( 233.880, 727.884 ) ( 233.976, 727.980 )


SHORT: ( Metal Short ) Regular Wire of Net s_axi_awid[4] & Special Wire of Net VDD  ( M4 )
Bounds : ( 233.880, 738.828 ) ( 233.976, 738.924 )


SHORT: ( Metal Short ) Regular Wire of Net s_axi_arid[2] & Special Wire of Net VDD  ( M4 )
Bounds : ( 233.880, 742.860 ) ( 233.976, 742.956 )


SHORT: ( Metal Short ) Regular Wire of Net s_axi_awid[2] & Special Wire of Net VDD  ( M4 )
Bounds : ( 311.640, 716.940 ) ( 311.736, 717.036 )


SHORT: ( Metal Short ) Regular Wire of Net u_mem/FE_OFN1007_n & Special Wire of Net VDD  ( M4 )
Bounds : ( 311.640, 712.524 ) ( 311.736, 712.620 )


SHORT: ( Metal Short ) Regular Wire of Net u_mem/n_165 & Special Wire of Net VDD  ( M4 )
Bounds : ( 311.640, 710.796 ) ( 311.736, 710.892 )


SHORT: ( Metal Short ) Regular Wire of Net u_mem/FE_OFN1011_mem_wdata_16 & Special Wire of Net VDD  ( M4 )
Bounds : ( 311.640, 710.604 ) ( 311.736, 710.700 )


SHORT: ( Metal Short ) Regular Wire of Net FE_OFN194_n_509 & Special Wire of Net VSS  ( M4 )
Bounds : ( 287.880, 717.900 ) ( 287.976, 717.996 )


SHORT: ( Metal Short ) Regular Wire of Net u_mem/n_153 & Special Wire of Net VSS  ( M4 )
Bounds : ( 287.880, 711.948 ) ( 287.976, 712.044 )


SHORT: ( Metal Short ) Regular Wire of Net u_mem/n_320 & Special Wire of Net VSS  ( M4 )
Bounds : ( 287.880, 711.756 ) ( 287.976, 711.852 )


SHORT: ( Metal Short ) Regular Wire of Net u_mem/n_189 & Special Wire of Net VSS  ( M4 )
Bounds : ( 287.880, 711.564 ) ( 287.976, 711.660 )


SHORT: ( Metal Short ) Regular Wire of Net u_mem/n_178 & Special Wire of Net VSS  ( M4 )
Bounds : ( 287.880, 711.372 ) ( 287.976, 711.468 )


SHORT: ( Metal Short ) Regular Wire of Net u_mem/n_175 & Special Wire of Net VSS  ( M4 )
Bounds : ( 287.880, 709.692 ) ( 287.976, 709.788 )


SHORT: ( Metal Short ) Regular Wire of Net u_mem/n_296 & Special Wire of Net VSS  ( M4 )
Bounds : ( 287.880, 709.332 ) ( 287.976, 709.428 )


SHORT: ( Metal Short ) Regular Wire of Net s_axi_awid[2] & Special Wire of Net VDD  ( M4 )
Bounds : ( 285.720, 716.940 ) ( 285.816, 717.036 )


SHORT: ( Metal Short ) Regular Wire of Net u_mem/n_165 & Special Wire of Net VDD  ( M4 )
Bounds : ( 285.720, 710.796 ) ( 285.816, 710.892 )


SHORT: ( Metal Short ) Regular Wire of Net u_mem/FE_OFN1011_mem_wdata_16 & Special Wire of Net VDD  ( M4 )
Bounds : ( 285.720, 710.604 ) ( 285.816, 710.700 )


SHORT: ( Metal Short ) Regular Wire of Net u_mem/FE_OFN1007_n & Special Wire of Net VDD  ( M4 )
Bounds : ( 285.720, 712.524 ) ( 285.816, 712.620 )


SHORT: ( Metal Short ) Regular Wire of Net FE_OFN194_n_509 & Special Wire of Net VSS  ( M4 )
Bounds : ( 236.040, 717.900 ) ( 236.136, 717.996 )


SHORT: ( Metal Short ) Regular Wire of Net u_mem/n_153 & Special Wire of Net VSS  ( M4 )
Bounds : ( 236.040, 711.948 ) ( 236.136, 712.044 )


SHORT: ( Metal Short ) Regular Wire of Net u_mem/n_320 & Special Wire of Net VSS  ( M4 )
Bounds : ( 236.040, 711.756 ) ( 236.136, 711.852 )


SHORT: ( Metal Short ) Regular Wire of Net u_mem/n_189 & Special Wire of Net VSS  ( M4 )
Bounds : ( 236.040, 711.564 ) ( 236.136, 711.660 )


SHORT: ( Metal Short ) Regular Wire of Net u_mem/n_178 & Special Wire of Net VSS  ( M4 )
Bounds : ( 236.040, 711.372 ) ( 236.136, 711.468 )


SHORT: ( Metal Short ) Regular Wire of Net u_mem/n_175 & Special Wire of Net VSS  ( M4 )
Bounds : ( 236.040, 709.692 ) ( 236.136, 709.788 )


SHORT: ( Metal Short ) Regular Wire of Net u_mem/n_296 & Special Wire of Net VSS  ( M4 )
Bounds : ( 236.040, 709.332 ) ( 236.136, 709.428 )


SHORT: ( Metal Short ) Regular Wire of Net s_axi_awid[2] & Special Wire of Net VDD  ( M4 )
Bounds : ( 233.880, 716.940 ) ( 233.976, 717.036 )


SHORT: ( Metal Short ) Regular Wire of Net n_622 & Special Wire of Net VDD  ( M4 )
Bounds : ( 233.880, 712.716 ) ( 233.976, 712.812 )


SHORT: ( Metal Short ) Regular Wire of Net u_mem/FE_OFN1007_n & Special Wire of Net VDD  ( M4 )
Bounds : ( 233.880, 712.524 ) ( 233.976, 712.620 )


SHORT: ( Metal Short ) Regular Wire of Net u_mem/n_165 & Special Wire of Net VDD  ( M4 )
Bounds : ( 233.880, 710.796 ) ( 233.976, 710.892 )


SHORT: ( Metal Short ) Regular Wire of Net u_mem/FE_OFN1011_mem_wdata_16 & Special Wire of Net VDD  ( M4 )
Bounds : ( 233.880, 710.604 ) ( 233.976, 710.700 )


SHORT: ( Metal Short ) Regular Wire of Net u_mem/n_192 & Special Wire of Net VSS  ( M3 )
Bounds : ( 236.412, 709.380 ) ( 236.484, 709.436 )


SHORT: ( Metal Short ) Regular Wire of Net r_addr_reg[9] & Special Wire of Net VSS  ( M3 )
Bounds : ( 236.340, 718.020 ) ( 236.412, 718.380 )


SHORT: ( Metal Short ) Regular Wire of Net r_addr_reg[9] & Special Wire of Net VSS  ( M3 )
Bounds : ( 236.340, 715.860 ) ( 236.412, 716.220 )


SHORT: ( Metal Short ) Regular Wire of Net FE_OFN194_n_509 & Special Wire of Net VSS  ( M4 )
Bounds : ( 261.960, 717.900 ) ( 262.056, 717.996 )


SHORT: ( Metal Short ) Regular Wire of Net u_mem/n_153 & Special Wire of Net VSS  ( M4 )
Bounds : ( 261.960, 711.948 ) ( 262.056, 712.044 )


SHORT: ( Metal Short ) Regular Wire of Net u_mem/n_320 & Special Wire of Net VSS  ( M4 )
Bounds : ( 261.960, 711.756 ) ( 262.056, 711.852 )


SHORT: ( Metal Short ) Regular Wire of Net u_mem/n_189 & Special Wire of Net VSS  ( M4 )
Bounds : ( 261.960, 711.564 ) ( 262.056, 711.660 )


SHORT: ( Metal Short ) Regular Wire of Net u_mem/n_178 & Special Wire of Net VSS  ( M4 )
Bounds : ( 261.960, 711.372 ) ( 262.056, 711.468 )


SHORT: ( Metal Short ) Regular Wire of Net u_mem/n_175 & Special Wire of Net VSS  ( M4 )
Bounds : ( 261.960, 709.692 ) ( 262.056, 709.788 )


SHORT: ( Metal Short ) Regular Wire of Net u_mem/n_296 & Special Wire of Net VSS  ( M4 )
Bounds : ( 261.960, 709.332 ) ( 262.056, 709.428 )


SHORT: ( Metal Short ) Regular Wire of Net s_axi_awid[2] & Special Wire of Net VDD  ( M4 )
Bounds : ( 259.800, 716.940 ) ( 259.896, 717.036 )


SHORT: ( Metal Short ) Regular Wire of Net u_mem/FE_OFN1007_n & Special Wire of Net VDD  ( M4 )
Bounds : ( 259.800, 712.524 ) ( 259.896, 712.620 )


SHORT: ( Metal Short ) Regular Wire of Net u_mem/n_165 & Special Wire of Net VDD  ( M4 )
Bounds : ( 259.800, 710.796 ) ( 259.896, 710.892 )


SHORT: ( Metal Short ) Regular Wire of Net u_mem/FE_OFN1011_mem_wdata_16 & Special Wire of Net VDD  ( M4 )
Bounds : ( 259.800, 710.604 ) ( 259.896, 710.700 )


SHORT: ( Metal Short ) Regular Wire of Net n_540 & Special Wire of Net VDD  ( M3 )
Bounds : ( 233.460, 721.260 ) ( 233.460, 721.620 )


SHORT: ( Metal Short ) Regular Wire of Net r_addr_reg[9] & Special Wire of Net VSS  ( M3 )
Bounds : ( 236.340, 720.180 ) ( 236.412, 720.540 )


SHORT: ( Metal Short ) Regular Wire of Net r_addr_reg[9] & Special Wire of Net VSS  ( M3 )
Bounds : ( 236.340, 711.844 ) ( 236.412, 711.900 )


SHORT: ( Metal Short ) Regular Wire of Net r_addr_reg[9] & Special Wire of Net VSS  ( M3 )
Bounds : ( 236.340, 713.700 ) ( 236.412, 714.060 )


SHORT: ( Metal Short ) Regular Wire of Net r_addr_reg[2] & Special Wire of Net VSS  ( M3 )
Bounds : ( 262.044, 722.644 ) ( 262.116, 722.700 )


SHORT: ( Metal Short ) Regular Wire of Net s_axi_awid[3] & Special Wire of Net VDD  ( M4 )
Bounds : ( 207.960, 727.884 ) ( 208.056, 727.980 )


SHORT: ( Metal Short ) Regular Wire of Net s_axi_awid[4] & Special Wire of Net VDD  ( M4 )
Bounds : ( 207.960, 738.828 ) ( 208.056, 738.924 )


SHORT: ( Metal Short ) Regular Wire of Net s_axi_arid[2] & Special Wire of Net VDD  ( M4 )
Bounds : ( 207.960, 742.860 ) ( 208.056, 742.956 )


SHORT: ( Metal Short ) Regular Wire of Net s_axi_awid[3] & Special Wire of Net VDD  ( M4 )
Bounds : ( 130.200, 727.884 ) ( 130.296, 727.980 )


SHORT: ( Metal Short ) Regular Wire of Net s_axi_awid[4] & Special Wire of Net VDD  ( M4 )
Bounds : ( 130.200, 738.828 ) ( 130.296, 738.924 )


SHORT: ( Metal Short ) Regular Wire of Net s_axi_arid[2] & Special Wire of Net VDD  ( M4 )
Bounds : ( 130.200, 742.860 ) ( 130.296, 742.956 )


SHORT: ( Metal Short ) Regular Wire of Net s_axi_awid[3] & Special Wire of Net VDD  ( M4 )
Bounds : ( 156.120, 727.884 ) ( 156.216, 727.980 )


SHORT: ( Metal Short ) Regular Wire of Net s_axi_awid[4] & Special Wire of Net VDD  ( M4 )
Bounds : ( 156.120, 738.828 ) ( 156.216, 738.924 )


SHORT: ( Metal Short ) Regular Wire of Net s_axi_arid[2] & Special Wire of Net VDD  ( M4 )
Bounds : ( 156.120, 742.860 ) ( 156.216, 742.956 )


SHORT: ( Metal Short ) Regular Wire of Net s_axi_awid[3] & Special Wire of Net VDD  ( M4 )
Bounds : ( 182.040, 727.884 ) ( 182.136, 727.980 )


SHORT: ( Metal Short ) Regular Wire of Net s_axi_awid[4] & Special Wire of Net VDD  ( M4 )
Bounds : ( 182.040, 738.828 ) ( 182.136, 738.924 )


SHORT: ( Metal Short ) Regular Wire of Net s_axi_arid[2] & Special Wire of Net VDD  ( M4 )
Bounds : ( 182.040, 742.860 ) ( 182.136, 742.956 )


SHORT: ( Metal Short ) Regular Wire of Net u_mem/bank_rdata[8][22] & Special Wire of Net VSS  ( M4 )
Bounds : ( 210.160, 709.644 ) ( 210.216, 709.740 )


SHORT: ( Cut Short ) Regular Wire of Net u_mem/bank_rdata[8][22] & Special Wire of Net VSS  ( V3 )
Bounds : ( 210.204, 709.644 ) ( 210.204, 709.724 )


CUTSPACING: ( Same Layer Cut Spacing ) Regular Wire of Net u_mem/FE_OFN38_n_68 & Special Wire of Net VSS  ( V4 )
Bounds : ( 210.000, 711.564 ) ( 210.120, 711.660 )


CUTSPACING: ( Same Layer Cut Spacing ) Regular Wire of Net u_mem/bank_rdata[8][22] & Special Wire of Net VSS  ( V4 )
Bounds : ( 210.216, 709.644 ) ( 210.336, 709.740 )


SHORT: ( Metal Short ) Regular Wire of Net u_mem/FE_OFN40_n_72 & Special Wire of Net VSS  ( M3 )
Bounds : ( 209.772, 709.380 ) ( 209.844, 709.740 )


SHORT: ( Metal Short ) Regular Wire of Net u_mem/bank_rdata[8][22] & Special Wire of Net VSS  ( M3 )
Bounds : ( 210.204, 709.624 ) ( 210.276, 709.740 )


SHORT: ( Metal Short ) Regular Wire of Net u_mem/FE_OFN1011_mem_wdata_16 & Special Wire of Net VDD  ( M4 )
Bounds : ( 207.960, 710.604 ) ( 208.056, 710.700 )


SHORT: ( Metal Short ) Regular Wire of Net u_mem/n_165 & Special Wire of Net VDD  ( M4 )
Bounds : ( 207.960, 710.796 ) ( 208.056, 710.892 )


SHORT: ( Metal Short ) Regular Wire of Net u_mem/FE_OFN1007_n & Special Wire of Net VDD  ( M4 )
Bounds : ( 207.960, 712.524 ) ( 208.056, 712.620 )


SHORT: ( Metal Short ) Regular Wire of Net u_mem/FE_OFN862_n & Special Wire of Net VDD  ( M4 )
Bounds : ( 207.960, 712.716 ) ( 208.056, 712.812 )


SHORT: ( Metal Short ) Regular Wire of Net s_axi_awid[2] & Special Wire of Net VDD  ( M4 )
Bounds : ( 207.960, 716.940 ) ( 208.056, 717.036 )


SHORT: ( Metal Short ) Regular Wire of Net u_mem/n_296 & Special Wire of Net VSS  ( M4 )
Bounds : ( 210.120, 709.332 ) ( 210.216, 709.428 )


SHORT: ( Metal Short ) Regular Wire of Net u_mem/n_175 & Special Wire of Net VSS  ( M4 )
Bounds : ( 210.120, 709.692 ) ( 210.216, 709.788 )


SHORT: ( Metal Short ) Regular Wire of Net u_mem/n_178 & Special Wire of Net VSS  ( M4 )
Bounds : ( 210.120, 711.372 ) ( 210.216, 711.468 )


SHORT: ( Metal Short ) Regular Wire of Net u_mem/n_189 & Special Wire of Net VSS  ( M4 )
Bounds : ( 210.120, 711.564 ) ( 210.216, 711.660 )


SHORT: ( Metal Short ) Regular Wire of Net u_mem/n_320 & Special Wire of Net VSS  ( M4 )
Bounds : ( 210.120, 711.756 ) ( 210.216, 711.852 )


SHORT: ( Metal Short ) Regular Wire of Net u_mem/n_153 & Special Wire of Net VSS  ( M4 )
Bounds : ( 210.120, 711.948 ) ( 210.216, 712.044 )


SHORT: ( Metal Short ) Regular Wire of Net FE_OFN194_n_509 & Special Wire of Net VSS  ( M4 )
Bounds : ( 210.120, 717.900 ) ( 210.216, 717.996 )


EndOfLine: ( EndOfLine Spacing ) Regular Wire of Net u_mem/bank_rdata[9][25] & Special Wire of Net VSS  ( M4 )
Bounds : ( 184.296, 709.836 ) ( 184.372, 709.932 )


SPACING: ( Corner Spacing ) Regular Wire of Net u_mem/n_201 & Special Wire of Net VSS  ( M4 )
Bounds : ( 184.124, 708.780 ) ( 184.200, 708.936 )


CUTSPACING: ( Same Layer Cut Spacing ) Regular Wire of Net u_mem/bank_rdata[9][25] & Special Wire of Net VSS  ( V4 )
Bounds : ( 184.296, 709.836 ) ( 184.416, 709.932 )


SHORT: ( Metal Short ) Regular Wire of Net u_mem/bank_rdata[8][17] & Special Wire of Net VSS  ( M3 )
Bounds : ( 183.780, 709.380 ) ( 183.780, 709.436 )


SHORT: ( Metal Short ) Regular Wire of Net u_mem/n_175 & Special Wire of Net VSS  ( M3 )
Bounds : ( 184.500, 709.672 ) ( 184.572, 709.740 )


SHORT: ( Metal Short ) Regular Wire of Net u_mem/FE_OFN1011_mem_wdata_16 & Special Wire of Net VDD  ( M4 )
Bounds : ( 182.040, 710.604 ) ( 182.136, 710.700 )


SHORT: ( Metal Short ) Regular Wire of Net u_mem/FE_OFN1007_n & Special Wire of Net VDD  ( M4 )
Bounds : ( 182.040, 712.524 ) ( 182.136, 712.620 )


SHORT: ( Metal Short ) Regular Wire of Net u_mem/FE_OFN862_n & Special Wire of Net VDD  ( M4 )
Bounds : ( 182.040, 712.716 ) ( 182.136, 712.812 )


SHORT: ( Metal Short ) Regular Wire of Net s_axi_awid[2] & Special Wire of Net VDD  ( M4 )
Bounds : ( 182.040, 716.940 ) ( 182.136, 717.036 )


SHORT: ( Metal Short ) Regular Wire of Net u_mem/bank_rdata[8][25] & Special Wire of Net VSS  ( M4 )
Bounds : ( 184.200, 709.644 ) ( 184.296, 709.740 )


SHORT: ( Metal Short ) Regular Wire of Net u_mem/FE_OFN1001_n & Special Wire of Net VSS  ( M4 )
Bounds : ( 184.200, 711.564 ) ( 184.296, 711.660 )


SHORT: ( Metal Short ) Regular Wire of Net FE_OFN194_n_509 & Special Wire of Net VSS  ( M4 )
Bounds : ( 184.200, 717.900 ) ( 184.296, 717.996 )


SPACING: ( ParallelRunLength Spacing ) Regular Wire of Net u_mem/bank_rdata[9][25] & Special Wire of Net VSS  ( M4 )
Bounds : ( 184.296, 709.836 ) ( 184.372, 709.932 )


SPACING: ( Corner Spacing ) Regular Wire of Net u_mem/bank_rdata[9][5] & Special Wire of Net VSS  ( M3 )
Bounds : ( 157.860, 709.740 ) ( 157.860, 709.816 )


EndOfLine: ( EndOfLine Keepout ) Regular Wire of Net u_mem/bank_rdata[9][5] & Special Wire of Net VSS  ( M3 )
Bounds : ( 157.860, 709.740 ) ( 157.860, 709.816 )


EndOfLine: ( EndOfLine Keepout ) Regular Wire of Net n_514 & Special Wire of Net VSS  ( M3 )
Bounds : ( 158.796, 713.612 ) ( 158.796, 713.700 )


SHORT: ( Cut Short ) Regular Wire of Net s_axi_awaddr[13] & Special Wire of Net VSS  ( V3 )
Bounds : ( 158.364, 713.716 ) ( 158.364, 713.772 )


CUTSPACING: ( Same Layer Cut Spacing ) Regular Wire of Net u_mem/FE_OFN936_n_159 & Special Wire of Net VSS  ( V3 )
Bounds : ( 158.292, 709.356 ) ( 158.292, 709.396 )


CUTSPACING: ( Same Layer Cut Spacing ) Regular Wire of Net u_mem/FE_OFN936_n_159 & Special Wire of Net VSS  ( V4 )
Bounds : ( 158.376, 709.260 ) ( 158.496, 709.356 )


SHORT: ( Metal Short ) Regular Wire of Net w_addr_reg[12] & Special Wire of Net VDD  ( M3 )
Bounds : ( 156.060, 712.620 ) ( 156.132, 712.980 )


SHORT: ( Metal Short ) Regular Wire of Net u_mem/FE_OFN936_n_159 & Special Wire of Net VSS  ( M3 )
Bounds : ( 158.220, 709.380 ) ( 158.292, 709.436 )


SHORT: ( Metal Short ) Regular Wire of Net s_axi_awaddr[13] & Special Wire of Net VSS  ( M3 )
Bounds : ( 158.364, 713.700 ) ( 158.436, 713.792 )


SHORT: ( Metal Short ) Regular Wire of Net u_mem/n_182 & Special Wire of Net VSS  ( M3 )
Bounds : ( 158.652, 709.684 ) ( 158.724, 709.740 )


SHORT: ( Metal Short ) Regular Wire of Net FE_OFN667_n_131 & Special Wire of Net VSS  ( M3 )
Bounds : ( 158.652, 713.700 ) ( 158.724, 714.060 )


SHORT: ( Metal Short ) Regular Wire of Net FE_OFN724_n & Special Wire of Net VSS  ( M3 )
Bounds : ( 158.796, 715.860 ) ( 158.796, 716.220 )


SHORT: ( Metal Short ) Regular Wire of Net s_axi_awid[2] & Special Wire of Net VDD  ( M4 )
Bounds : ( 130.200, 716.940 ) ( 130.296, 717.036 )


SHORT: ( Metal Short ) Regular Wire of Net s_axi_awaddr[13] & Special Wire of Net VSS  ( M4 )
Bounds : ( 132.360, 713.676 ) ( 132.456, 713.772 )


SHORT: ( Metal Short ) Regular Wire of Net s_axi_awaddr[3] & Special Wire of Net VSS  ( M4 )
Bounds : ( 132.360, 716.172 ) ( 132.456, 716.268 )


SHORT: ( Metal Short ) Regular Wire of Net s_axi_awid[2] & Special Wire of Net VDD  ( M4 )
Bounds : ( 156.120, 716.940 ) ( 156.216, 717.036 )


SHORT: ( Metal Short ) Regular Wire of Net u_mem/FE_OFN936_n_159 & Special Wire of Net VSS  ( M4 )
Bounds : ( 158.280, 709.260 ) ( 158.376, 709.356 )


SHORT: ( Metal Short ) Regular Wire of Net s_axi_awaddr[13] & Special Wire of Net VSS  ( M4 )
Bounds : ( 158.280, 713.676 ) ( 158.376, 713.772 )


SHORT: ( Metal Short ) Regular Wire of Net s_axi_awaddr[3] & Special Wire of Net VSS  ( M4 )
Bounds : ( 158.280, 716.172 ) ( 158.376, 716.268 )


EndOfLine: ( EndOfLine Keepout ) Regular Wire of Net FE_OFN194_n_509 & Special Wire of Net VSS  ( M3 )
Bounds : ( 158.796, 720.092 ) ( 158.796, 720.180 )


SHORT: ( Metal Short ) Regular Wire of Net FE_PHN1580_rst_n & Special Wire of Net VDD  ( M3 )
Bounds : ( 156.276, 719.100 ) ( 156.348, 719.460 )


SHORT: ( Metal Short ) Regular Wire of Net n_595 & Special Wire of Net VSS  ( M3 )
Bounds : ( 158.220, 720.180 ) ( 158.292, 720.540 )


SHORT: ( Metal Short ) Regular Wire of Net s_axi_awaddr[3] & Special Wire of Net VSS  ( M4 )
Bounds : ( 106.440, 716.172 ) ( 106.536, 716.268 )


SHORT: ( Metal Short ) Regular Wire of Net s_axi_awaddr[13] & Special Wire of Net VSS  ( M4 )
Bounds : ( 106.440, 713.676 ) ( 106.536, 713.772 )


SHORT: ( Metal Short ) Regular Wire of Net s_axi_awid[2] & Special Wire of Net VDD  ( M4 )
Bounds : ( 104.280, 716.940 ) ( 104.376, 717.036 )


SHORT: ( Metal Short ) Regular Wire of Net s_axi_awaddr[3] & Special Wire of Net VSS  ( M4 )
Bounds : ( 80.520, 716.172 ) ( 80.616, 716.268 )


SHORT: ( Metal Short ) Regular Wire of Net s_axi_awaddr[13] & Special Wire of Net VSS  ( M4 )
Bounds : ( 80.520, 713.676 ) ( 80.616, 713.772 )


SHORT: ( Metal Short ) Regular Wire of Net s_axi_awid[2] & Special Wire of Net VDD  ( M4 )
Bounds : ( 78.360, 716.940 ) ( 78.456, 717.036 )


EndOfLine: ( EndOfLine Keepout ) Regular Wire of Net u_mem/CTS_17 & Special Wire of Net VSS  ( M1 )
Bounds : ( 104.508, 709.424 ) ( 104.580, 709.524 )


SHORT: ( Metal Short ) Regular Wire of Net s_axi_arid[2] & Special Wire of Net VDD  ( M4 )
Bounds : ( 104.280, 742.860 ) ( 104.376, 742.956 )


SHORT: ( Metal Short ) Regular Wire of Net s_axi_awid[4] & Special Wire of Net VDD  ( M4 )
Bounds : ( 104.280, 738.828 ) ( 104.376, 738.924 )


SHORT: ( Metal Short ) Regular Wire of Net s_axi_awid[3] & Special Wire of Net VDD  ( M4 )
Bounds : ( 104.280, 727.884 ) ( 104.376, 727.980 )


SHORT: ( Metal Short ) Regular Wire of Net s_axi_arid[2] & Special Wire of Net VDD  ( M4 )
Bounds : ( 78.360, 742.860 ) ( 78.456, 742.956 )


SHORT: ( Metal Short ) Regular Wire of Net s_axi_awid[4] & Special Wire of Net VDD  ( M4 )
Bounds : ( 78.360, 738.828 ) ( 78.456, 738.924 )


SHORT: ( Metal Short ) Regular Wire of Net s_axi_awid[3] & Special Wire of Net VDD  ( M4 )
Bounds : ( 78.360, 727.884 ) ( 78.456, 727.980 )


SHORT: ( Metal Short ) Regular Wire of Net s_axi_arid[2] & Special Wire of Net VDD  ( M4 )
Bounds : ( 52.440, 742.860 ) ( 52.536, 742.956 )


SHORT: ( Metal Short ) Regular Wire of Net s_axi_awid[4] & Special Wire of Net VDD  ( M4 )
Bounds : ( 52.440, 738.828 ) ( 52.536, 738.924 )


SHORT: ( Metal Short ) Regular Wire of Net s_axi_awid[3] & Special Wire of Net VDD  ( M4 )
Bounds : ( 52.440, 727.884 ) ( 52.536, 727.980 )


SHORT: ( Metal Short ) Regular Wire of Net s_axi_awid[4] & Special Wire of Net VDD  ( M4 )
Bounds : ( 26.520, 738.828 ) ( 26.616, 738.924 )


SHORT: ( Metal Short ) Regular Wire of Net s_axi_awid[3] & Special Wire of Net VDD  ( M4 )
Bounds : ( 26.520, 727.884 ) ( 26.616, 727.980 )


SHORT: ( Metal Short ) Regular Wire of Net s_axi_awaddr[3] & Special Wire of Net VSS  ( M4 )
Bounds : ( 54.600, 716.172 ) ( 54.696, 716.268 )


SHORT: ( Metal Short ) Regular Wire of Net s_axi_awaddr[13] & Special Wire of Net VSS  ( M4 )
Bounds : ( 54.600, 713.676 ) ( 54.696, 713.772 )


SHORT: ( Metal Short ) Regular Wire of Net s_axi_awid[2] & Special Wire of Net VDD  ( M4 )
Bounds : ( 52.440, 716.940 ) ( 52.536, 717.036 )


SHORT: ( Metal Short ) Regular Wire of Net s_axi_awaddr[3] & Special Wire of Net VSS  ( M4 )
Bounds : ( 28.680, 716.172 ) ( 28.776, 716.268 )


SHORT: ( Metal Short ) Regular Wire of Net s_axi_awaddr[13] & Special Wire of Net VSS  ( M4 )
Bounds : ( 28.680, 713.676 ) ( 28.776, 713.772 )


SHORT: ( Metal Short ) Regular Wire of Net s_axi_awid[2] & Special Wire of Net VDD  ( M4 )
Bounds : ( 26.520, 716.940 ) ( 26.616, 717.036 )


SHORT: ( Metal Short ) Regular Wire of Net s_axi_rdata[17] & Special Wire of Net VSS  ( M4 )
Bounds : ( 598.920, 340.428 ) ( 599.016, 340.524 )


SHORT: ( Metal Short ) Regular Wire of Net s_axi_rdata[17] & Special Wire of Net VSS  ( M4 )
Bounds : ( 573.000, 340.428 ) ( 573.096, 340.524 )


SHORT: ( Metal Short ) Regular Wire of Net u_mem/bank_rdata[10][6] & Special Wire of Net VDD  ( M4 )
Bounds : ( 506.256, 384.396 ) ( 506.352, 384.492 )


SHORT: ( Metal Short ) Regular Wire of Net u_mem/bank_rdata[10][4] & Special Wire of Net VDD  ( M4 )
Bounds : ( 506.256, 375.756 ) ( 506.352, 375.852 )


SHORT: ( Metal Short ) Regular Wire of Net u_mem/bank_rdata[10][2] & Special Wire of Net VDD  ( M4 )
Bounds : ( 506.256, 367.116 ) ( 506.352, 367.212 )


SHORT: ( Metal Short ) Regular Wire of Net s_axi_rdata[19] & Special Wire of Net VSS  ( M4 )
Bounds : ( 598.920, 370.380 ) ( 599.016, 370.476 )


SHORT: ( Metal Short ) Regular Wire of Net s_axi_rdata[19] & Special Wire of Net VSS  ( M4 )
Bounds : ( 573.000, 370.380 ) ( 573.096, 370.476 )


SHORT: ( Metal Short ) Regular Wire of Net s_axi_rdata[19] & Special Wire of Net VSS  ( M4 )
Bounds : ( 547.080, 370.380 ) ( 547.176, 370.476 )


SHORT: ( Metal Short ) Regular Wire of Net u_mem/bank_rdata[6][30] & Special Wire of Net VDD  ( M4 )
Bounds : ( 506.256, 343.308 ) ( 506.352, 343.404 )


SHORT: ( Metal Short ) Regular Wire of Net u_mem/bank_rdata[10][0] & Special Wire of Net VDD  ( M4 )
Bounds : ( 506.256, 358.476 ) ( 506.352, 358.572 )


CUTSPACING: ( Same Layer Cut Spacing ) Regular Wire of Net FE_OFN786_mem_rdata_31 & Special Wire of Net VSS  ( V4 )
Bounds : ( 521.040, 346.380 ) ( 521.160, 346.476 )


SHORT: ( Metal Short ) Regular Wire of Net n_501 & Special Wire of Net VSS  ( M3 )
Bounds : ( 520.740, 340.324 ) ( 520.740, 340.380 )


SHORT: ( Metal Short ) Regular Wire of Net s_axi_rdata[17] & Special Wire of Net VSS  ( M4 )
Bounds : ( 547.080, 340.428 ) ( 547.176, 340.524 )


EndOfLine: ( EndOfLine Spacing ) Regular Wire of Net FE_OFN786_mem_rdata_31 & Special Wire of Net VSS  ( M4 )
Bounds : ( 521.084, 346.380 ) ( 521.160, 346.476 )


SPACING: ( ParallelRunLength Spacing ) Regular Wire of Net FE_OFN786_mem_rdata_31 & Special Wire of Net VSS  ( M4 )
Bounds : ( 521.084, 346.380 ) ( 521.160, 346.476 )


SHORT: ( Metal Short ) Regular Wire of Net s_axi_rdata[14] & Special Wire of Net VSS  ( M4 )
Bounds : ( 573.000, 294.924 ) ( 573.096, 295.020 )


SHORT: ( Metal Short ) Regular Wire of Net s_axi_rdata[14] & Special Wire of Net VSS  ( M4 )
Bounds : ( 598.920, 294.924 ) ( 599.016, 295.020 )


SHORT: ( Metal Short ) Regular Wire of Net s_axi_rdata[16] & Special Wire of Net VSS  ( M4 )
Bounds : ( 573.000, 325.260 ) ( 573.096, 325.356 )


SHORT: ( Metal Short ) Regular Wire of Net s_axi_rdata[16] & Special Wire of Net VSS  ( M4 )
Bounds : ( 598.920, 325.260 ) ( 599.016, 325.356 )


SHORT: ( Metal Short ) Regular Wire of Net w_len_reg[1] & Special Wire of Net VSS  ( M3 )
Bounds : ( 521.244, 316.260 ) ( 521.316, 316.620 )


SHORT: ( Metal Short ) Regular Wire of Net w_len_reg[1] & Special Wire of Net VSS  ( M3 )
Bounds : ( 521.244, 314.100 ) ( 521.316, 314.460 )


SHORT: ( Metal Short ) Regular Wire of Net n_90 & Special Wire of Net VSS  ( M3 )
Bounds : ( 521.100, 316.260 ) ( 521.172, 316.620 )


SHORT: ( Metal Short ) Regular Wire of Net n_471 & Special Wire of Net VSS  ( M3 )
Bounds : ( 520.812, 320.884 ) ( 520.884, 320.940 )


EndOfLine: ( EndOfLine Spacing ) Regular Wire of Net u_mem/bank_rdata[7][24] & Special Wire of Net VDD  ( M4 )
Bounds : ( 506.352, 315.984 ) ( 506.428, 316.068 )


SPACING: ( Corner Spacing ) Regular Wire of Net u_mem/bank_rdata[7][24] & Special Wire of Net VDD  ( M4 )
Bounds : ( 506.352, 315.984 ) ( 506.428, 316.068 )


SPACING: ( Corner Spacing ) Regular Wire of Net u_mem/FE_OFN618_n & Special Wire of Net VDD  ( M4 )
Bounds : ( 506.352, 325.356 ) ( 506.428, 325.536 )


EndOfLine: ( EndOfLine Keepout ) Regular Wire of Net u_mem/bank_rdata[7][24] & Special Wire of Net VDD  ( M4 )
Bounds : ( 506.352, 315.984 ) ( 506.428, 316.068 )


EndOfLine: ( EndOfLine Keepout ) Regular Wire of Net u_mem/FE_OFN618_n & Special Wire of Net VDD  ( M4 )
Bounds : ( 506.352, 325.356 ) ( 506.428, 325.536 )


SHORT: ( Metal Short ) Regular Wire of Net u_mem/bank_rdata[4][26] & Special Wire of Net VDD  ( M3 )
Bounds : ( 506.700, 325.980 ) ( 506.772, 326.144 )


SHORT: ( Metal Short ) Regular Wire of Net u_mem/bank_rdata[5][24] & Special Wire of Net VDD  ( M4 )
Bounds : ( 506.256, 317.388 ) ( 506.352, 317.484 )


SHORT: ( Metal Short ) Regular Wire of Net u_mem/bank_rdata[4][26] & Special Wire of Net VDD  ( M4 )
Bounds : ( 506.256, 326.028 ) ( 506.352, 326.124 )


SHORT: ( Metal Short ) Regular Wire of Net u_mem/n_360 & Special Wire of Net VDD  ( M4 )
Bounds : ( 506.256, 334.668 ) ( 506.352, 334.764 )


SHORT: ( Metal Short ) Regular Wire of Net w_count_reg[5] & Special Wire of Net VDD  ( M3 )
Bounds : ( 518.652, 330.300 ) ( 518.724, 330.660 )


SHORT: ( Metal Short ) Regular Wire of Net w_len_reg[2] & Special Wire of Net VDD  ( M3 )
Bounds : ( 518.868, 319.500 ) ( 518.940, 319.860 )


SHORT: ( Metal Short ) Regular Wire of Net w_len_reg[2] & Special Wire of Net VDD  ( M3 )
Bounds : ( 518.868, 321.660 ) ( 518.940, 322.020 )


SHORT: ( Metal Short ) Regular Wire of Net w_len_reg[2] & Special Wire of Net VDD  ( M3 )
Bounds : ( 518.868, 323.820 ) ( 518.940, 324.180 )


SHORT: ( Metal Short ) Regular Wire of Net w_count_reg[1] & Special Wire of Net VDD  ( M3 )
Bounds : ( 519.372, 317.340 ) ( 519.444, 317.700 )


SHORT: ( Metal Short ) Regular Wire of Net w_count_reg[1] & Special Wire of Net VDD  ( M3 )
Bounds : ( 519.372, 319.500 ) ( 519.444, 319.860 )


SHORT: ( Metal Short ) Regular Wire of Net w_count_reg[4] & Special Wire of Net VDD  ( M3 )
Bounds : ( 519.516, 330.300 ) ( 519.516, 330.660 )


SHORT: ( Metal Short ) Regular Wire of Net n_508 & Special Wire of Net VSS  ( M3 )
Bounds : ( 520.740, 320.580 ) ( 520.740, 320.940 )


SHORT: ( Metal Short ) Regular Wire of Net n_119 & Special Wire of Net VSS  ( M3 )
Bounds : ( 520.812, 316.260 ) ( 520.884, 316.620 )


SHORT: ( Metal Short ) Regular Wire of Net w_count_reg[3] & Special Wire of Net VSS  ( M3 )
Bounds : ( 521.316, 327.060 ) ( 521.388, 327.420 )


SHORT: ( Metal Short ) Regular Wire of Net n_61 & Special Wire of Net VSS  ( M3 )
Bounds : ( 521.532, 327.060 ) ( 521.604, 327.420 )


SHORT: ( Metal Short ) Regular Wire of Net n_471 & Special Wire of Net VSS  ( M3 )
Bounds : ( 521.676, 320.580 ) ( 521.676, 320.940 )


SHORT: ( Metal Short ) Regular Wire of Net s_axi_rdata[16] & Special Wire of Net VSS  ( M4 )
Bounds : ( 547.080, 325.260 ) ( 547.176, 325.356 )


SHORT: ( Metal Short ) Regular Wire of Net s_axi_rdata[14] & Special Wire of Net VSS  ( M4 )
Bounds : ( 547.080, 294.924 ) ( 547.176, 295.020 )


SPACING: ( Corner Spacing ) Special Wire of Net VDD  ( M4 )
Bounds : ( 506.240, 300.864 ) ( 506.352, 300.876 )


EndOfLine: ( EndOfLine Keepout ) Regular Wire of Net u_mem/n_343 & Special Wire of Net VDD  ( M4 )
Bounds : ( 506.240, 300.864 ) ( 506.256, 300.876 )


CUTSPACING: ( Same Layer Cut Spacing ) Regular Wire of Net u_mem/n_343 & Special Wire of Net VDD  ( V4 )
Bounds : ( 506.136, 300.864 ) ( 506.256, 300.876 )


SHORT: ( Metal Short ) Regular Wire of Net u_mem/bank_rdata[5][20] & Special Wire of Net VDD  ( M4 )
Bounds : ( 506.256, 300.108 ) ( 506.352, 300.204 )


EndOfLine: ( EndOfLine Spacing ) Regular Wire of Net u_mem/n_343 & Special Wire of Net VDD  ( M4 )
Bounds : ( 506.240, 300.864 ) ( 506.256, 300.876 )


SPACING: ( ParallelRunLength Spacing ) Regular Wire of Net u_mem/n_343 & Special Wire of Net VDD  ( M4 )
Bounds : ( 506.240, 300.864 ) ( 506.256, 300.876 )


SHORT: ( Metal Short ) Regular Wire of Net FE_OFN720_mem_rdata_23 & Special Wire of Net VDD  ( M4 )
Bounds : ( 519.000, 312.972 ) ( 519.096, 313.068 )


SHORT: ( Metal Short ) Regular Wire of Net s_axi_rdata[13] & Special Wire of Net VSS  ( M4 )
Bounds : ( 547.080, 279.948 ) ( 547.176, 280.044 )


SHORT: ( Metal Short ) Regular Wire of Net s_axi_rdata[11] & Special Wire of Net VSS  ( M4 )
Bounds : ( 547.080, 249.612 ) ( 547.176, 249.708 )


SHORT: ( Metal Short ) Regular Wire of Net n_485 & Special Wire of Net VSS  ( M3 )
Bounds : ( 521.532, 253.620 ) ( 521.604, 253.980 )


SHORT: ( Metal Short ) Regular Wire of Net n_454 & Special Wire of Net VSS  ( M3 )
Bounds : ( 521.100, 249.300 ) ( 521.172, 249.660 )


EndOfLine: ( EndOfLine Keepout ) Regular Wire of Net u_mem/FE_OFN941_mem_addr_6 & Special Wire of Net VSS  ( M1 )
Bounds : ( 510.300, 253.664 ) ( 510.372, 253.764 )


SHORT: ( Metal Short ) Regular Wire of Net u_mem/bank_rdata[5][16] & Special Wire of Net VDD  ( M4 )
Bounds : ( 506.256, 280.908 ) ( 506.352, 281.004 )


SHORT: ( Metal Short ) Regular Wire of Net u_mem/bank_rdata[4][15] & Special Wire of Net VDD  ( M4 )
Bounds : ( 506.256, 246.348 ) ( 506.352, 246.444 )


SHORT: ( Metal Short ) Regular Wire of Net u_mem/bank_rdata[7][14] & Special Wire of Net VDD  ( M4 )
Bounds : ( 506.256, 241.740 ) ( 506.352, 241.836 )


EndOfLine: ( EndOfLine Keepout ) Regular Wire of Net u_mem/FE_OFN78_mem_addr_4 & Special Wire of Net VSS  ( M1 )
Bounds : ( 505.404, 255.824 ) ( 505.476, 255.924 )


SHORT: ( Metal Short ) Regular Wire of Net s_axi_rdata[13] & Special Wire of Net VSS  ( M4 )
Bounds : ( 598.920, 279.948 ) ( 599.016, 280.044 )


SHORT: ( Metal Short ) Regular Wire of Net s_axi_rdata[11] & Special Wire of Net VSS  ( M4 )
Bounds : ( 598.920, 249.612 ) ( 599.016, 249.708 )


SHORT: ( Metal Short ) Regular Wire of Net s_axi_rdata[13] & Special Wire of Net VSS  ( M4 )
Bounds : ( 573.000, 279.948 ) ( 573.096, 280.044 )


SHORT: ( Metal Short ) Regular Wire of Net s_axi_rdata[11] & Special Wire of Net VSS  ( M4 )
Bounds : ( 573.000, 249.612 ) ( 573.096, 249.708 )


EndOfLine: ( EndOfLine Spacing ) Regular Wire of Net mem_rdata[12] & Special Wire of Net VDD  ( M4 )
Bounds : ( 519.000, 238.224 ) ( 519.096, 238.308 )


SHORT: ( Metal Short ) Regular Wire of Net s_axi_rdata[8] & Special Wire of Net VSS  ( M4 )
Bounds : ( 573.000, 210.252 ) ( 573.096, 210.348 )


SHORT: ( Metal Short ) Regular Wire of Net s_axi_rdata[10] & Special Wire of Net VSS  ( M4 )
Bounds : ( 573.000, 236.172 ) ( 573.096, 236.268 )


SHORT: ( Metal Short ) Regular Wire of Net s_axi_rdata[8] & Special Wire of Net VSS  ( M4 )
Bounds : ( 598.920, 210.252 ) ( 599.016, 210.348 )


SHORT: ( Metal Short ) Regular Wire of Net s_axi_rdata[10] & Special Wire of Net VSS  ( M4 )
Bounds : ( 598.920, 236.172 ) ( 599.016, 236.268 )


SHORT: ( Metal Short ) Regular Wire of Net u_mem/bank_rdata[4][6] & Special Wire of Net VDD  ( M4 )
Bounds : ( 506.256, 207.180 ) ( 506.352, 207.276 )


SHORT: ( Metal Short ) Regular Wire of Net u_mem/bank_rdata[5][8] & Special Wire of Net VDD  ( M4 )
Bounds : ( 506.256, 215.820 ) ( 506.352, 215.916 )


SHORT: ( Metal Short ) Regular Wire of Net u_mem/bank_rdata[4][10] & Special Wire of Net VDD  ( M4 )
Bounds : ( 506.256, 224.460 ) ( 506.352, 224.556 )


SHORT: ( Metal Short ) Regular Wire of Net u_mem/bank_rdata[4][11] & Special Wire of Net VDD  ( M4 )
Bounds : ( 506.256, 228.876 ) ( 506.352, 228.972 )


SHORT: ( Metal Short ) Regular Wire of Net u_mem/bank_rdata[4][12] & Special Wire of Net VDD  ( M4 )
Bounds : ( 506.256, 233.100 ) ( 506.352, 233.196 )


SHORT: ( Metal Short ) Regular Wire of Net u_mem/FE_OFN15_mem_wdata_9 & Special Wire of Net VDD  ( M5 )
Bounds : ( 506.256, 221.488 ) ( 506.352, 221.724 )


SHORT: ( Metal Short ) Regular Wire of Net u_mem/FE_OFN162_mem_wdata_12 & Special Wire of Net VDD  ( M5 )
Bounds : ( 506.256, 234.088 ) ( 506.352, 234.396 )


SHORT: ( Metal Short ) Regular Wire of Net mem_rdata[12] & Special Wire of Net VSS  ( M4 )
Bounds : ( 521.160, 238.308 ) ( 521.256, 238.404 )


SHORT: ( Metal Short ) Regular Wire of Net s_axi_rdata[8] & Special Wire of Net VSS  ( M4 )
Bounds : ( 547.080, 210.252 ) ( 547.176, 210.348 )


SHORT: ( Metal Short ) Regular Wire of Net s_axi_rdata[10] & Special Wire of Net VSS  ( M4 )
Bounds : ( 547.080, 236.172 ) ( 547.176, 236.268 )


SPACING: ( ParallelRunLength Spacing ) Regular Wire of Net mem_rdata[12] & Special Wire of Net VDD  ( M4 )
Bounds : ( 519.000, 238.224 ) ( 519.096, 238.308 )


SHORT: ( Metal Short ) Regular Wire of Net u_mem/bank_rdata[11][2] & Special Wire of Net VSS  ( M4 )
Bounds : ( 503.880, 365.964 ) ( 503.976, 366.060 )


SHORT: ( Metal Short ) Regular Wire of Net u_mem/bank_rdata[10][1] & Special Wire of Net VSS  ( M4 )
Bounds : ( 503.880, 368.076 ) ( 503.976, 368.172 )


SHORT: ( Metal Short ) Regular Wire of Net u_mem/bank_rdata[11][1] & Special Wire of Net VSS  ( M4 )
Bounds : ( 503.880, 368.268 ) ( 503.976, 368.364 )


SHORT: ( Metal Short ) Regular Wire of Net u_mem/bank_rdata[11][4] & Special Wire of Net VSS  ( M4 )
Bounds : ( 503.880, 374.796 ) ( 503.976, 374.892 )


SHORT: ( Metal Short ) Regular Wire of Net u_mem/bank_rdata[11][3] & Special Wire of Net VSS  ( M4 )
Bounds : ( 503.880, 376.908 ) ( 503.976, 377.004 )


SHORT: ( Metal Short ) Regular Wire of Net u_mem/bank_rdata[10][3] & Special Wire of Net VSS  ( M4 )
Bounds : ( 503.880, 377.100 ) ( 503.976, 377.196 )


SHORT: ( Metal Short ) Regular Wire of Net s_axi_awburst[1] & Special Wire of Net VSS  ( M4 )
Bounds : ( 503.880, 378.828 ) ( 503.976, 378.924 )


SHORT: ( Metal Short ) Regular Wire of Net u_mem/bank_rdata[10][5] & Special Wire of Net VSS  ( M4 )
Bounds : ( 503.880, 380.940 ) ( 503.976, 381.036 )


SHORT: ( Metal Short ) Regular Wire of Net u_mem/bank_rdata[11][5] & Special Wire of Net VSS  ( M4 )
Bounds : ( 503.880, 381.132 ) ( 503.976, 381.228 )


SPACING: ( ParallelRunLength Spacing ) Regular Wire of Net u_mem/FE_OFN632_n & Special Wire of Net VSS  ( M4 )
Bounds : ( 503.976, 344.268 ) ( 504.052, 344.364 )


CUTSPACING: ( Same Layer Cut Spacing ) Regular Wire of Net u_mem/FE_OFN632_n & Special Wire of Net VSS  ( V4 )
Bounds : ( 503.976, 344.268 ) ( 504.096, 344.364 )


SHORT: ( Metal Short ) Regular Wire of Net u_mem/FE_OFN237_n & Special Wire of Net VSS  ( M3 )
Bounds : ( 503.460, 344.644 ) ( 503.460, 344.700 )


SHORT: ( Metal Short ) Regular Wire of Net u_mem/bank_rdata[4][29] & Special Wire of Net VSS  ( M4 )
Bounds : ( 503.880, 337.740 ) ( 503.976, 337.836 )


SHORT: ( Metal Short ) Regular Wire of Net u_mem/n_345 & Special Wire of Net VSS  ( M4 )
Bounds : ( 503.880, 337.932 ) ( 503.976, 338.028 )


SHORT: ( Metal Short ) Regular Wire of Net u_mem/bank_rdata[6][29] & Special Wire of Net VSS  ( M4 )
Bounds : ( 503.880, 338.124 ) ( 503.976, 338.220 )


SHORT: ( Metal Short ) Regular Wire of Net u_mem/bank_rdata[5][29] & Special Wire of Net VSS  ( M4 )
Bounds : ( 503.880, 339.852 ) ( 503.976, 339.948 )


SHORT: ( Metal Short ) Regular Wire of Net u_mem/n_369 & Special Wire of Net VSS  ( M4 )
Bounds : ( 503.880, 340.236 ) ( 503.976, 340.332 )


SHORT: ( Metal Short ) Regular Wire of Net u_mem/bank_rdata[5][30] & Special Wire of Net VSS  ( M4 )
Bounds : ( 503.880, 340.428 ) ( 503.976, 340.524 )


SHORT: ( Metal Short ) Regular Wire of Net u_mem/bank_rdata[4][30] & Special Wire of Net VSS  ( M4 )
Bounds : ( 503.880, 342.156 ) ( 503.976, 342.252 )


SHORT: ( Metal Short ) Regular Wire of Net u_mem/n_362 & Special Wire of Net VSS  ( M4 )
Bounds : ( 503.880, 346.380 ) ( 503.976, 346.476 )


SHORT: ( Metal Short ) Regular Wire of Net u_mem/bank_rdata[6][31] & Special Wire of Net VSS  ( M4 )
Bounds : ( 503.880, 346.764 ) ( 503.976, 346.860 )


SHORT: ( Metal Short ) Regular Wire of Net u_mem/bank_rdata[5][31] & Special Wire of Net VSS  ( M4 )
Bounds : ( 503.880, 348.492 ) ( 503.976, 348.588 )


SHORT: ( Metal Short ) Regular Wire of Net u_mem/bank_rdata[4][31] & Special Wire of Net VSS  ( M4 )
Bounds : ( 503.880, 348.684 ) ( 503.976, 348.780 )


SHORT: ( Metal Short ) Regular Wire of Net u_mem/bank_rdata[11][0] & Special Wire of Net VSS  ( M4 )
Bounds : ( 503.880, 357.324 ) ( 503.976, 357.420 )


EndOfLine: ( EndOfLine Spacing ) Regular Wire of Net u_mem/FE_OFN632_n & Special Wire of Net VSS  ( M4 )
Bounds : ( 503.976, 344.268 ) ( 504.052, 344.364 )


SHORT: ( Metal Short ) Regular Wire of Net u_mem/bank_rdata[5][28] & Special Wire of Net VSS  ( M4 )
Bounds : ( 503.880, 333.516 ) ( 503.976, 333.612 )


SHORT: ( Metal Short ) Regular Wire of Net u_mem/FE_OFN126_mem_wdata_27 & Special Wire of Net VSS  ( M3 )
Bounds : ( 504.252, 329.464 ) ( 504.324, 329.580 )


SHORT: ( Metal Short ) Regular Wire of Net u_mem/bank_rdata[7][26] & Special Wire of Net VSS  ( M4 )
Bounds : ( 503.880, 326.988 ) ( 503.976, 327.084 )


SHORT: ( Metal Short ) Regular Wire of Net u_mem/bank_rdata[6][26] & Special Wire of Net VSS  ( M4 )
Bounds : ( 503.880, 327.180 ) ( 503.976, 327.276 )


SHORT: ( Metal Short ) Regular Wire of Net s_axi_awlen[5] & Special Wire of Net VSS  ( M4 )
Bounds : ( 503.880, 327.372 ) ( 503.976, 327.468 )


SHORT: ( Metal Short ) Regular Wire of Net u_mem/bank_rdata[6][27] & Special Wire of Net VSS  ( M4 )
Bounds : ( 503.880, 329.292 ) ( 503.976, 329.388 )


SHORT: ( Metal Short ) Regular Wire of Net u_mem/FE_OFN126_mem_wdata_27 & Special Wire of Net VSS  ( M4 )
Bounds : ( 503.880, 329.484 ) ( 503.976, 329.580 )


SHORT: ( Metal Short ) Regular Wire of Net u_mem/bank_rdata[5][27] & Special Wire of Net VSS  ( M4 )
Bounds : ( 503.880, 331.212 ) ( 503.976, 331.308 )


SHORT: ( Metal Short ) Regular Wire of Net u_mem/bank_rdata[4][27] & Special Wire of Net VSS  ( M4 )
Bounds : ( 503.880, 331.404 ) ( 503.976, 331.500 )


SHORT: ( Metal Short ) Regular Wire of Net u_mem/bank_rdata[4][28] & Special Wire of Net VSS  ( M4 )
Bounds : ( 503.880, 333.708 ) ( 503.976, 333.804 )


SHORT: ( Metal Short ) Regular Wire of Net u_mem/bank_rdata[7][28] & Special Wire of Net VSS  ( M4 )
Bounds : ( 503.880, 335.628 ) ( 503.976, 335.724 )


SHORT: ( Metal Short ) Regular Wire of Net u_mem/bank_rdata[6][28] & Special Wire of Net VSS  ( M4 )
Bounds : ( 503.880, 335.820 ) ( 503.976, 335.916 )


SHORT: ( Metal Short ) Regular Wire of Net u_mem/bank_rdata[7][23] & Special Wire of Net VSS  ( M4 )
Bounds : ( 503.880, 313.932 ) ( 503.976, 314.028 )


SHORT: ( Metal Short ) Regular Wire of Net u_mem/bank_rdata[6][23] & Special Wire of Net VSS  ( M4 )
Bounds : ( 503.880, 314.124 ) ( 503.976, 314.220 )


SHORT: ( Metal Short ) Regular Wire of Net u_mem/n_356 & Special Wire of Net VSS  ( M4 )
Bounds : ( 503.880, 314.508 ) ( 503.976, 314.604 )


SHORT: ( Metal Short ) Regular Wire of Net u_mem/bank_rdata[6][24] & Special Wire of Net VSS  ( M4 )
Bounds : ( 503.880, 316.236 ) ( 503.976, 316.332 )


SHORT: ( Metal Short ) Regular Wire of Net u_mem/bank_rdata[4][24] & Special Wire of Net VSS  ( M4 )
Bounds : ( 503.880, 316.428 ) ( 503.976, 316.524 )


SHORT: ( Metal Short ) Regular Wire of Net u_mem/n_365 & Special Wire of Net VSS  ( M4 )
Bounds : ( 503.880, 318.732 ) ( 503.976, 318.828 )


SHORT: ( Metal Short ) Regular Wire of Net u_mem/bank_rdata[5][25] & Special Wire of Net VSS  ( M4 )
Bounds : ( 503.880, 320.460 ) ( 503.976, 320.556 )


SHORT: ( Metal Short ) Regular Wire of Net u_mem/bank_rdata[4][25] & Special Wire of Net VSS  ( M4 )
Bounds : ( 503.880, 320.844 ) ( 503.976, 320.940 )


SHORT: ( Metal Short ) Regular Wire of Net s_axi_awlen[4] & Special Wire of Net VSS  ( M4 )
Bounds : ( 503.880, 323.148 ) ( 503.976, 323.244 )


SHORT: ( Metal Short ) Regular Wire of Net u_mem/bank_rdata[5][26] & Special Wire of Net VSS  ( M4 )
Bounds : ( 503.880, 324.876 ) ( 503.976, 324.972 )


SHORT: ( Metal Short ) Regular Wire of Net u_mem/n_358 & Special Wire of Net VSS  ( M4 )
Bounds : ( 503.880, 325.068 ) ( 503.976, 325.164 )


SHORT: ( Metal Short ) Regular Wire of Net u_mem/bank_rdata[4][22] & Special Wire of Net VSS  ( M4 )
Bounds : ( 503.880, 309.900 ) ( 503.976, 309.996 )


SHORT: ( Metal Short ) Regular Wire of Net u_mem/FE_OFN947_n & Special Wire of Net VSS  ( M3 )
Bounds : ( 503.460, 307.620 ) ( 503.460, 307.980 )


SHORT: ( Metal Short ) Regular Wire of Net u_mem/FE_OFN56_mem_addr_9 & Special Wire of Net VSS  ( M3 )
Bounds : ( 504.396, 301.140 ) ( 504.396, 301.196 )


SHORT: ( Metal Short ) Regular Wire of Net u_mem/bank_rdata[5][21] & Special Wire of Net VSS  ( M4 )
Bounds : ( 503.880, 303.180 ) ( 503.976, 303.276 )


SHORT: ( Metal Short ) Regular Wire of Net u_mem/n_371 & Special Wire of Net VSS  ( M4 )
Bounds : ( 503.880, 303.372 ) ( 503.976, 303.468 )


SHORT: ( Metal Short ) Regular Wire of Net u_mem/bank_rdata[4][21] & Special Wire of Net VSS  ( M4 )
Bounds : ( 503.880, 303.564 ) ( 503.976, 303.660 )


SHORT: ( Metal Short ) Regular Wire of Net u_mem/bank_rdata[6][22] & Special Wire of Net VSS  ( M4 )
Bounds : ( 503.880, 305.484 ) ( 503.976, 305.580 )


SHORT: ( Metal Short ) Regular Wire of Net u_mem/FE_OFN157_mem_wdata_21 & Special Wire of Net VSS  ( M4 )
Bounds : ( 503.880, 305.676 ) ( 503.976, 305.772 )


SHORT: ( Metal Short ) Regular Wire of Net u_mem/n_347 & Special Wire of Net VSS  ( M4 )
Bounds : ( 503.880, 305.868 ) ( 503.976, 305.964 )


SHORT: ( Metal Short ) Regular Wire of Net u_mem/FE_OFN148_mem_wdata_22 & Special Wire of Net VSS  ( M4 )
Bounds : ( 503.880, 307.788 ) ( 503.976, 307.884 )


SHORT: ( Metal Short ) Regular Wire of Net u_mem/bank_rdata[5][22] & Special Wire of Net VSS  ( M4 )
Bounds : ( 503.880, 310.092 ) ( 503.976, 310.188 )


SHORT: ( Metal Short ) Regular Wire of Net u_mem/n_351 & Special Wire of Net VSS  ( M4 )
Bounds : ( 503.880, 311.820 ) ( 503.976, 311.916 )


SHORT: ( Metal Short ) Regular Wire of Net u_mem/bank_rdata[4][20] & Special Wire of Net VSS  ( M4 )
Bounds : ( 503.880, 299.148 ) ( 503.976, 299.244 )


SHORT: ( Metal Short ) Regular Wire of Net u_mem/n_367 & Special Wire of Net VSS  ( M4 )
Bounds : ( 503.880, 292.620 ) ( 503.976, 292.716 )


SHORT: ( Metal Short ) Regular Wire of Net u_mem/bank_rdata[6][18] & Special Wire of Net VSS  ( M3 )
Bounds : ( 504.108, 290.340 ) ( 504.180, 290.700 )


SHORT: ( Metal Short ) Regular Wire of Net u_mem/n_71 & Special Wire of Net VSS  ( M3 )
Bounds : ( 504.396, 290.340 ) ( 504.396, 290.396 )


SHORT: ( Metal Short ) Regular Wire of Net u_mem/bank_rdata[5][18] & Special Wire of Net VSS  ( M4 )
Bounds : ( 503.880, 290.316 ) ( 503.976, 290.412 )


SHORT: ( Metal Short ) Regular Wire of Net u_mem/bank_rdata[4][18] & Special Wire of Net VSS  ( M4 )
Bounds : ( 503.880, 290.508 ) ( 503.976, 290.604 )


SHORT: ( Metal Short ) Regular Wire of Net u_mem/n_363 & Special Wire of Net VSS  ( M4 )
Bounds : ( 503.880, 292.428 ) ( 503.976, 292.524 )


SHORT: ( Metal Short ) Regular Wire of Net s_axi_awlen[3] & Special Wire of Net VSS  ( M4 )
Bounds : ( 503.880, 292.812 ) ( 503.976, 292.908 )


SHORT: ( Metal Short ) Regular Wire of Net u_mem/bank_rdata[5][19] & Special Wire of Net VSS  ( M4 )
Bounds : ( 503.880, 294.540 ) ( 503.976, 294.636 )


SHORT: ( Metal Short ) Regular Wire of Net u_mem/bank_rdata[4][19] & Special Wire of Net VSS  ( M4 )
Bounds : ( 503.880, 294.732 ) ( 503.976, 294.828 )


SHORT: ( Metal Short ) Regular Wire of Net u_mem/bank_rdata[6][19] & Special Wire of Net VSS  ( M4 )
Bounds : ( 503.880, 294.924 ) ( 503.976, 295.020 )


SHORT: ( Metal Short ) Regular Wire of Net u_mem/bank_rdata[6][20] & Special Wire of Net VSS  ( M4 )
Bounds : ( 503.880, 298.956 ) ( 503.976, 299.052 )


SHORT: ( Metal Short ) Regular Wire of Net u_mem/FE_OFN646_n & Special Wire of Net VSS  ( M4 )
Bounds : ( 503.880, 301.068 ) ( 503.976, 301.164 )


CUTSPACING: ( Same Layer Cut Spacing ) Regular Wire of Net mem_wdata[18] & Special Wire of Net VSS  ( V4 )
Bounds : ( 503.760, 283.788 ) ( 503.880, 283.884 )


SHORT: ( Metal Short ) Regular Wire of Net u_mem/FE_OFN182_mem_wdata_18 & Special Wire of Net VSS  ( M4 )
Bounds : ( 503.880, 270.924 ) ( 503.976, 271.020 )


SHORT: ( Metal Short ) Regular Wire of Net s_axi_awlen[1] & Special Wire of Net VSS  ( M4 )
Bounds : ( 503.880, 271.308 ) ( 503.976, 271.404 )


SHORT: ( Metal Short ) Regular Wire of Net u_mem/FE_OFN168_mem_wdata_20 & Special Wire of Net VSS  ( M4 )
Bounds : ( 503.880, 273.036 ) ( 503.976, 273.132 )


SHORT: ( Metal Short ) Regular Wire of Net u_mem/FE_OFN812_n & Special Wire of Net VSS  ( M4 )
Bounds : ( 503.880, 275.148 ) ( 503.976, 275.244 )


SHORT: ( Metal Short ) Regular Wire of Net u_mem/bank_rdata[6][16] & Special Wire of Net VSS  ( M4 )
Bounds : ( 503.880, 279.564 ) ( 503.976, 279.660 )


SHORT: ( Metal Short ) Regular Wire of Net u_mem/bank_rdata[4][16] & Special Wire of Net VSS  ( M4 )
Bounds : ( 503.880, 281.868 ) ( 503.976, 281.964 )


SHORT: ( Metal Short ) Regular Wire of Net mem_wdata[18] & Special Wire of Net VSS  ( M4 )
Bounds : ( 503.880, 283.788 ) ( 503.976, 283.884 )


SHORT: ( Metal Short ) Regular Wire of Net u_mem/bank_rdata[4][17] & Special Wire of Net VSS  ( M4 )
Bounds : ( 503.880, 285.900 ) ( 503.976, 285.996 )


SHORT: ( Metal Short ) Regular Wire of Net u_mem/bank_rdata[5][17] & Special Wire of Net VSS  ( M4 )
Bounds : ( 503.880, 286.092 ) ( 503.976, 286.188 )


SHORT: ( Metal Short ) Regular Wire of Net u_mem/FE_OFN189_mem_wdata_17 & Special Wire of Net VSS  ( M4 )
Bounds : ( 503.880, 286.284 ) ( 503.976, 286.380 )


SHORT: ( Metal Short ) Regular Wire of Net u_mem/n_373 & Special Wire of Net VSS  ( M4 )
Bounds : ( 503.880, 288.204 ) ( 503.976, 288.300 )


SHORT: ( Metal Short ) Regular Wire of Net u_mem/bank_rdata[6][17] & Special Wire of Net VSS  ( M4 )
Bounds : ( 503.880, 288.396 ) ( 503.976, 288.492 )


SHORT: ( Metal Short ) Regular Wire of Net u_mem/bank_rdata[7][17] & Special Wire of Net VSS  ( M4 )
Bounds : ( 503.880, 288.588 ) ( 503.976, 288.684 )


SHORT: ( Metal Short ) Regular Wire of Net u_mem/FE_OFN92_mem_addr_2 & Special Wire of Net VSS  ( M3 )
Bounds : ( 504.324, 255.780 ) ( 504.396, 255.848 )


SHORT: ( Cut Short ) Regular Wire of Net u_mem/FE_OFN1017_n & Special Wire of Net VSS  ( V3 )
Bounds : ( 503.892, 253.932 ) ( 503.964, 253.964 )


SPACING: ( Corner Spacing ) Regular Wire of Net u_mem/FE_OFN1026_n & Special Wire of Net VSS  ( M4 )
Bounds : ( 504.008, 253.800 ) ( 504.052, 253.932 )


EndOfLine: ( EndOfLine Keepout ) Regular Wire of Net u_mem/FE_OFN92_mem_addr_2 & Special Wire of Net VSS  ( M1 )
Bounds : ( 504.252, 255.824 ) ( 504.324, 255.924 )


EndOfLine: ( EndOfLine Keepout ) Regular Wire of Net u_mem/FE_OFN51_mem_addr_10 & Special Wire of Net VSS  ( M1 )
Bounds : ( 505.116, 253.664 ) ( 505.188, 253.764 )


CUTSPACING: ( Same Layer Cut Spacing ) Regular Wire of Net u_mem/FE_OFN955_mem_addr_9 & Special Wire of Net VSS  ( V3 )
Bounds : ( 503.820, 253.932 ) ( 503.892, 253.964 )


CUTSPACING: ( Same Layer Cut Spacing ) Regular Wire of Net u_mem/FE_OFN1026_n & Special Wire of Net VSS  ( V4 )
Bounds : ( 503.976, 253.800 ) ( 504.096, 253.896 )


CUTSPACING: ( Same Layer Cut Spacing ) Regular Wire of Net u_mem/FE_OFN1019_n & Special Wire of Net VSS  ( V4 )
Bounds : ( 503.976, 253.932 ) ( 504.096, 254.028 )


SHORT: ( Metal Short ) Regular Wire of Net u_mem/FE_OFN234_n & Special Wire of Net VSS  ( M3 )
Bounds : ( 503.532, 253.620 ) ( 503.604, 253.688 )


SHORT: ( Metal Short ) Regular Wire of Net u_mem/FE_OFN226_mem_addr_8 & Special Wire of Net VSS  ( M3 )
Bounds : ( 503.676, 255.780 ) ( 503.748, 255.836 )


SHORT: ( Metal Short ) Regular Wire of Net u_mem/FE_OFN955_mem_addr_9 & Special Wire of Net VSS  ( M3 )
Bounds : ( 503.748, 253.912 ) ( 503.820, 253.980 )


SHORT: ( Metal Short ) Regular Wire of Net u_mem/FE_OFN1017_n & Special Wire of Net VSS  ( M3 )
Bounds : ( 503.892, 253.912 ) ( 503.964, 253.980 )


SHORT: ( Metal Short ) Regular Wire of Net u_mem/FE_OFN1026_n & Special Wire of Net VSS  ( M3 )
Bounds : ( 504.108, 253.780 ) ( 504.180, 253.980 )


SHORT: ( Metal Short ) Regular Wire of Net u_mem/FE_OFN935_n & Special Wire of Net VSS  ( M4 )
Bounds : ( 503.880, 253.572 ) ( 503.976, 253.668 )


SHORT: ( Metal Short ) Regular Wire of Net u_mem/FE_OFN1017_n & Special Wire of Net VSS  ( M4 )
Bounds : ( 503.880, 253.932 ) ( 503.976, 254.028 )


SHORT: ( Metal Short ) Regular Wire of Net u_mem/n_420 & Special Wire of Net VSS  ( M4 )
Bounds : ( 503.880, 259.980 ) ( 503.976, 260.076 )


EndOfLine: ( EndOfLine Spacing ) Regular Wire of Net u_mem/FE_OFN226_mem_addr_8 & Special Wire of Net VSS  ( M4 )
Bounds : ( 503.792, 255.564 ) ( 503.880, 255.660 )


EndOfLine: ( EndOfLine Spacing ) Regular Wire of Net u_mem/FE_OFN1026_n & Special Wire of Net VSS  ( M4 )
Bounds : ( 503.976, 253.800 ) ( 504.052, 253.896 )


EndOfLine: ( EndOfLine Spacing ) Regular Wire of Net u_mem/FE_OFN1025_n & Special Wire of Net VSS  ( M4 )
Bounds : ( 503.976, 253.932 ) ( 504.052, 254.028 )


SPACING: ( ParallelRunLength Spacing ) Regular Wire of Net u_mem/FE_OFN226_mem_addr_8 & Special Wire of Net VSS  ( M4 )
Bounds : ( 503.792, 255.564 ) ( 503.880, 255.660 )


SPACING: ( ParallelRunLength Spacing ) Regular Wire of Net u_mem/FE_OFN1026_n & Special Wire of Net VSS  ( M4 )
Bounds : ( 503.976, 253.800 ) ( 504.052, 253.896 )


SHORT: ( Metal Short ) Regular Wire of Net u_mem/bank_rdata[5][15] & Special Wire of Net VSS  ( M4 )
Bounds : ( 503.880, 247.308 ) ( 503.976, 247.404 )


EndOfLine: ( EndOfLine Keepout ) Regular Wire of Net u_mem/FE_OFN933_n & Special Wire of Net VSS  ( M1 )
Bounds : ( 503.676, 251.504 ) ( 503.748, 251.604 )


EndOfLine: ( EndOfLine Keepout ) Regular Wire of Net u_mem/FE_OFN86_mem_addr_3 & Special Wire of Net VSS  ( M1 )
Bounds : ( 503.892, 251.676 ) ( 503.964, 251.776 )


EndOfLine: ( EndOfLine Keepout ) Regular Wire of Net u_mem/FE_OFN227_mem_addr_7 & Special Wire of Net VSS  ( M1 )
Bounds : ( 503.964, 251.504 ) ( 504.036, 251.604 )


EndOfLine: ( EndOfLine Keepout ) Regular Wire of Net u_mem/FE_OFN1023_n & Special Wire of Net VSS  ( M1 )
Bounds : ( 504.108, 251.676 ) ( 504.180, 251.776 )


SHORT: ( Cut Short ) Regular Wire of Net u_mem/FE_OFN86_mem_addr_3 & Special Wire of Net VSS  ( V3 )
Bounds : ( 503.892, 251.724 ) ( 503.892, 251.804 )


CUTSPACING: ( Same Layer Cut Spacing ) Regular Wire of Net u_mem/FE_OFN933_n & Special Wire of Net VSS  ( V4 )
Bounds : ( 503.760, 251.412 ) ( 503.880, 251.508 )


CUTSPACING: ( Same Layer Cut Spacing ) Regular Wire of Net u_mem/FE_OFN86_mem_addr_3 & Special Wire of Net VSS  ( V4 )
Bounds : ( 503.976, 251.724 ) ( 504.096, 251.820 )


CUTSPACING: ( Same Layer Cut Spacing ) Regular Wire of Net u_mem/FE_OFN1028_n & Special Wire of Net VSS  ( V4 )
Bounds : ( 503.976, 251.772 ) ( 504.096, 251.868 )


SHORT: ( Metal Short ) Regular Wire of Net u_mem/FE_OFN933_n & Special Wire of Net VSS  ( M3 )
Bounds : ( 503.676, 251.460 ) ( 503.748, 251.528 )


SHORT: ( Metal Short ) Regular Wire of Net u_mem/FE_OFN86_mem_addr_3 & Special Wire of Net VSS  ( M3 )
Bounds : ( 503.820, 251.704 ) ( 503.892, 251.820 )


SHORT: ( Metal Short ) Regular Wire of Net u_mem/FE_OFN227_mem_addr_7 & Special Wire of Net VSS  ( M3 )
Bounds : ( 503.964, 251.460 ) ( 504.036, 251.820 )


SHORT: ( Metal Short ) Regular Wire of Net u_mem/FE_OFN1028_n & Special Wire of Net VSS  ( M3 )
Bounds : ( 504.108, 251.752 ) ( 504.180, 251.820 )


SHORT: ( Metal Short ) Regular Wire of Net u_mem/bank_rdata[5][14] & Special Wire of Net VSS  ( M4 )
Bounds : ( 503.880, 242.700 ) ( 503.976, 242.796 )


SHORT: ( Metal Short ) Regular Wire of Net u_mem/bank_rdata[4][14] & Special Wire of Net VSS  ( M4 )
Bounds : ( 503.880, 242.892 ) ( 503.976, 242.988 )


SHORT: ( Metal Short ) Regular Wire of Net u_mem/bank_rdata[6][15] & Special Wire of Net VSS  ( M4 )
Bounds : ( 503.880, 245.004 ) ( 503.976, 245.100 )


SHORT: ( Metal Short ) Regular Wire of Net u_mem/FE_OFN645_n & Special Wire of Net VSS  ( M4 )
Bounds : ( 503.880, 245.196 ) ( 503.976, 245.292 )


EndOfLine: ( EndOfLine Spacing ) Regular Wire of Net u_mem/FE_OFN933_n & Special Wire of Net VSS  ( M4 )
Bounds : ( 503.804, 251.412 ) ( 503.880, 251.508 )


SPACING: ( ParallelRunLength Spacing ) Regular Wire of Net u_mem/FE_OFN933_n & Special Wire of Net VSS  ( M4 )
Bounds : ( 503.804, 251.412 ) ( 503.880, 251.508 )


SHORT: ( Metal Short ) Regular Wire of Net u_mem/FE_OFN86_mem_addr_3 & Special Wire of Net VSS  ( M4 )
Bounds : ( 503.880, 251.724 ) ( 503.976, 251.868 )


SHORT: ( Metal Short ) Regular Wire of Net u_mem/bank_rdata[6][14] & Special Wire of Net VSS  ( M4 )
Bounds : ( 503.880, 240.780 ) ( 503.976, 240.876 )


SHORT: ( Metal Short ) Regular Wire of Net u_mem/bank_rdata[6][8] & Special Wire of Net VSS  ( M4 )
Bounds : ( 503.880, 216.972 ) ( 503.976, 217.068 )


SHORT: ( Metal Short ) Regular Wire of Net u_mem/bank_rdata[4][9] & Special Wire of Net VSS  ( M4 )
Bounds : ( 503.880, 219.084 ) ( 503.976, 219.180 )


SHORT: ( Metal Short ) Regular Wire of Net u_mem/bank_rdata[5][9] & Special Wire of Net VSS  ( M4 )
Bounds : ( 503.880, 219.276 ) ( 503.976, 219.372 )


SHORT: ( Metal Short ) Regular Wire of Net u_mem/bank_rdata[7][9] & Special Wire of Net VSS  ( M4 )
Bounds : ( 503.880, 221.196 ) ( 503.976, 221.292 )


SHORT: ( Metal Short ) Regular Wire of Net u_mem/bank_rdata[6][9] & Special Wire of Net VSS  ( M4 )
Bounds : ( 503.880, 221.388 ) ( 503.976, 221.484 )


SHORT: ( Metal Short ) Regular Wire of Net u_mem/bank_rdata[5][10] & Special Wire of Net VSS  ( M4 )
Bounds : ( 503.880, 223.308 ) ( 503.976, 223.404 )


SHORT: ( Metal Short ) Regular Wire of Net u_mem/bank_rdata[6][10] & Special Wire of Net VSS  ( M4 )
Bounds : ( 503.880, 223.500 ) ( 503.976, 223.596 )


SHORT: ( Metal Short ) Regular Wire of Net u_mem/bank_rdata[6][11] & Special Wire of Net VSS  ( M4 )
Bounds : ( 503.880, 227.724 ) ( 503.976, 227.820 )


SHORT: ( Metal Short ) Regular Wire of Net u_mem/bank_rdata[5][11] & Special Wire of Net VSS  ( M4 )
Bounds : ( 503.880, 227.916 ) ( 503.976, 228.012 )


SHORT: ( Metal Short ) Regular Wire of Net u_mem/bank_rdata[5][12] & Special Wire of Net VSS  ( M4 )
Bounds : ( 503.880, 231.948 ) ( 503.976, 232.044 )


SHORT: ( Metal Short ) Regular Wire of Net u_mem/bank_rdata[6][12] & Special Wire of Net VSS  ( M4 )
Bounds : ( 503.880, 232.140 ) ( 503.976, 232.236 )


SHORT: ( Metal Short ) Regular Wire of Net u_mem/bank_rdata[5][13] & Special Wire of Net VSS  ( M4 )
Bounds : ( 503.880, 236.172 ) ( 503.976, 236.268 )


SHORT: ( Metal Short ) Regular Wire of Net u_mem/bank_rdata[4][13] & Special Wire of Net VSS  ( M4 )
Bounds : ( 503.880, 236.364 ) ( 503.976, 236.460 )


SHORT: ( Metal Short ) Regular Wire of Net u_mem/bank_rdata[7][13] & Special Wire of Net VSS  ( M4 )
Bounds : ( 503.880, 238.476 ) ( 503.976, 238.572 )


SHORT: ( Metal Short ) Regular Wire of Net u_mem/bank_rdata[6][13] & Special Wire of Net VSS  ( M4 )
Bounds : ( 503.880, 238.668 ) ( 503.976, 238.764 )


SHORT: ( Metal Short ) Regular Wire of Net u_mem/bank_rdata[7][6] & Special Wire of Net VSS  ( M4 )
Bounds : ( 503.880, 208.140 ) ( 503.976, 208.236 )


SHORT: ( Metal Short ) Regular Wire of Net u_mem/bank_rdata[5][3] & Special Wire of Net VSS  ( M4 )
Bounds : ( 503.880, 192.972 ) ( 503.976, 193.068 )


SHORT: ( Metal Short ) Regular Wire of Net u_mem/bank_rdata[4][3] & Special Wire of Net VSS  ( M4 )
Bounds : ( 503.880, 193.164 ) ( 503.976, 193.260 )


SHORT: ( Metal Short ) Regular Wire of Net u_mem/bank_rdata[7][4] & Special Wire of Net VSS  ( M4 )
Bounds : ( 503.880, 197.388 ) ( 503.976, 197.484 )


SHORT: ( Metal Short ) Regular Wire of Net u_mem/bank_rdata[6][4] & Special Wire of Net VSS  ( M4 )
Bounds : ( 503.880, 197.580 ) ( 503.976, 197.676 )


SHORT: ( Metal Short ) Regular Wire of Net u_mem/bank_rdata[5][4] & Special Wire of Net VSS  ( M4 )
Bounds : ( 503.880, 199.500 ) ( 503.976, 199.596 )


SHORT: ( Metal Short ) Regular Wire of Net u_mem/bank_rdata[4][4] & Special Wire of Net VSS  ( M4 )
Bounds : ( 503.880, 199.692 ) ( 503.976, 199.788 )


SHORT: ( Metal Short ) Regular Wire of Net u_mem/bank_rdata[4][5] & Special Wire of Net VSS  ( M4 )
Bounds : ( 503.880, 201.804 ) ( 503.976, 201.900 )


SHORT: ( Metal Short ) Regular Wire of Net u_mem/bank_rdata[5][5] & Special Wire of Net VSS  ( M4 )
Bounds : ( 503.880, 201.996 ) ( 503.976, 202.092 )


SHORT: ( Metal Short ) Regular Wire of Net u_mem/bank_rdata[7][5] & Special Wire of Net VSS  ( M4 )
Bounds : ( 503.880, 203.916 ) ( 503.976, 204.012 )


SHORT: ( Metal Short ) Regular Wire of Net u_mem/bank_rdata[6][5] & Special Wire of Net VSS  ( M4 )
Bounds : ( 503.880, 204.108 ) ( 503.976, 204.204 )


SHORT: ( Metal Short ) Regular Wire of Net s_axi_awburst[0] & Special Wire of Net VSS  ( M4 )
Bounds : ( 503.880, 206.028 ) ( 503.976, 206.124 )


SHORT: ( Metal Short ) Regular Wire of Net u_mem/bank_rdata[5][6] & Special Wire of Net VSS  ( M4 )
Bounds : ( 503.880, 206.220 ) ( 503.976, 206.316 )


SHORT: ( Metal Short ) Regular Wire of Net u_mem/bank_rdata[6][6] & Special Wire of Net VSS  ( M4 )
Bounds : ( 503.880, 208.332 ) ( 503.976, 208.428 )


SHORT: ( Metal Short ) Regular Wire of Net u_mem/bank_rdata[4][7] & Special Wire of Net VSS  ( M4 )
Bounds : ( 503.880, 210.444 ) ( 503.976, 210.540 )


SHORT: ( Metal Short ) Regular Wire of Net u_mem/bank_rdata[5][7] & Special Wire of Net VSS  ( M4 )
Bounds : ( 503.880, 210.636 ) ( 503.976, 210.732 )


SHORT: ( Metal Short ) Regular Wire of Net u_mem/bank_rdata[7][7] & Special Wire of Net VSS  ( M4 )
Bounds : ( 503.880, 212.556 ) ( 503.976, 212.652 )


SHORT: ( Metal Short ) Regular Wire of Net u_mem/bank_rdata[6][7] & Special Wire of Net VSS  ( M4 )
Bounds : ( 503.880, 212.748 ) ( 503.976, 212.844 )


SHORT: ( Metal Short ) Regular Wire of Net u_mem/bank_rdata[4][8] & Special Wire of Net VSS  ( M4 )
Bounds : ( 503.880, 214.860 ) ( 503.976, 214.956 )


SHORT: ( Metal Short ) Regular Wire of Net u_mem/bank_rdata[7][8] & Special Wire of Net VSS  ( M4 )
Bounds : ( 503.880, 216.780 ) ( 503.976, 216.876 )


SHORT: ( Metal Short ) Regular Wire of Net s_axi_rdata[5] & Special Wire of Net VSS  ( M4 )
Bounds : ( 573.000, 160.716 ) ( 573.096, 160.812 )


CUTSPACING: ( Same Layer Cut Spacing ) Regular Wire of Net FE_OFN786_mem_rdata_31 & Special Wire of Net VSS  ( V4 )
Bounds : ( 521.040, 173.580 ) ( 521.160, 173.676 )


SHORT: ( Metal Short ) Regular Wire of Net FE_OFN786_mem_rdata_31 & Special Wire of Net VSS  ( M3 )
Bounds : ( 520.956, 173.700 ) ( 521.028, 173.756 )


SHORT: ( Metal Short ) Regular Wire of Net n_608 & Special Wire of Net VSS  ( M3 )
Bounds : ( 521.532, 173.700 ) ( 521.604, 174.060 )


SHORT: ( Metal Short ) Regular Wire of Net s_axi_rdata[4] & Special Wire of Net VSS  ( M4 )
Bounds : ( 547.080, 145.548 ) ( 547.176, 145.644 )


SHORT: ( Metal Short ) Regular Wire of Net s_axi_rdata[5] & Special Wire of Net VSS  ( M4 )
Bounds : ( 547.080, 160.716 ) ( 547.176, 160.812 )


EndOfLine: ( EndOfLine Spacing ) Regular Wire of Net FE_OFN786_mem_rdata_31 & Special Wire of Net VSS  ( M4 )
Bounds : ( 521.084, 173.580 ) ( 521.160, 173.676 )


SPACING: ( ParallelRunLength Spacing ) Regular Wire of Net FE_OFN786_mem_rdata_31 & Special Wire of Net VSS  ( M4 )
Bounds : ( 521.084, 173.580 ) ( 521.160, 173.676 )


SHORT: ( Metal Short ) Regular Wire of Net s_axi_rdata[7] & Special Wire of Net VSS  ( M4 )
Bounds : ( 573.000, 190.860 ) ( 573.096, 190.956 )


SHORT: ( Metal Short ) Regular Wire of Net s_axi_rdata[7] & Special Wire of Net VSS  ( M4 )
Bounds : ( 598.920, 190.860 ) ( 599.016, 190.956 )


SHORT: ( Metal Short ) Regular Wire of Net s_axi_rdata[4] & Special Wire of Net VSS  ( M4 )
Bounds : ( 573.000, 145.548 ) ( 573.096, 145.644 )


SHORT: ( Metal Short ) Regular Wire of Net s_axi_rdata[4] & Special Wire of Net VSS  ( M4 )
Bounds : ( 598.920, 145.548 ) ( 599.016, 145.644 )


SHORT: ( Metal Short ) Regular Wire of Net s_axi_rdata[5] & Special Wire of Net VSS  ( M4 )
Bounds : ( 598.920, 160.716 ) ( 599.016, 160.812 )


SPACING: ( Corner Spacing ) Regular Wire of Net u_mem/FE_OFN618_n & Special Wire of Net VDD  ( M5 )
Bounds : ( 506.352, 165.276 ) ( 506.472, 165.280 )


CUTSPACING: ( Same Layer Cut Spacing ) Regular Wire of Net u_mem/FE_OFN618_n & Special Wire of Net VDD  ( V4 )
Bounds : ( 506.352, 169.104 ) ( 506.472, 169.164 )


CUTSPACING: ( Same Layer Cut Spacing ) Regular Wire of Net u_mem/FE_OFN618_n & Special Wire of Net VDD  ( V4 )
Bounds : ( 506.352, 172.140 ) ( 506.472, 172.176 )


SHORT: ( Metal Short ) Regular Wire of Net mem_wdata[11] & Special Wire of Net VDD  ( M4 )
Bounds : ( 506.256, 149.004 ) ( 506.352, 149.100 )


SHORT: ( Metal Short ) Regular Wire of Net u_mem/bank_rdata[1][29] & Special Wire of Net VDD  ( M4 )
Bounds : ( 506.256, 161.868 ) ( 506.352, 161.964 )


SHORT: ( Metal Short ) Regular Wire of Net u_mem/bank_rdata[2][29] & Special Wire of Net VDD  ( M5 )
Bounds : ( 506.256, 164.968 ) ( 506.352, 165.276 )


EndOfLine: ( EndOfLine Spacing ) Regular Wire of Net u_mem/FE_OFN618_n & Special Wire of Net VDD  ( M4 )
Bounds : ( 506.256, 169.104 ) ( 506.352, 169.164 )


EndOfLine: ( EndOfLine Spacing ) Regular Wire of Net u_mem/FE_OFN618_n & Special Wire of Net VDD  ( M4 )
Bounds : ( 506.256, 172.140 ) ( 506.352, 172.176 )


SPACING: ( ParallelRunLength Spacing ) Regular Wire of Net u_mem/FE_OFN618_n & Special Wire of Net VDD  ( M4 )
Bounds : ( 506.256, 169.104 ) ( 506.352, 169.164 )


SPACING: ( ParallelRunLength Spacing ) Regular Wire of Net u_mem/FE_OFN618_n & Special Wire of Net VDD  ( M4 )
Bounds : ( 506.256, 172.140 ) ( 506.352, 172.176 )


SHORT: ( Metal Short ) Regular Wire of Net s_axi_rdata[7] & Special Wire of Net VSS  ( M4 )
Bounds : ( 547.080, 190.860 ) ( 547.176, 190.956 )


SHORT: ( Metal Short ) Regular Wire of Net s_axi_rdata[2] & Special Wire of Net VSS  ( M4 )
Bounds : ( 598.920, 115.212 ) ( 599.016, 115.308 )


SHORT: ( Metal Short ) Regular Wire of Net s_axi_rdata[1] & Special Wire of Net VSS  ( M4 )
Bounds : ( 598.920, 100.236 ) ( 599.016, 100.332 )


SHORT: ( Metal Short ) Regular Wire of Net s_axi_rdata[2] & Special Wire of Net VSS  ( M4 )
Bounds : ( 573.000, 115.212 ) ( 573.096, 115.308 )


SHORT: ( Metal Short ) Regular Wire of Net s_axi_rdata[1] & Special Wire of Net VSS  ( M4 )
Bounds : ( 573.000, 100.236 ) ( 573.096, 100.332 )


CUTSPACING: ( Same Layer Cut Spacing ) Regular Wire of Net FE_DBTN0_n_44 & Special Wire of Net VSS  ( V4 )
Bounds : ( 521.256, 143.820 ) ( 521.376, 143.916 )


EndOfLine: ( EndOfLine Keepout ) Regular Wire of Net FE_PHN1563_wdata_hold_27 & Special Wire of Net VSS  ( M1 )
Bounds : ( 526.140, 137.024 ) ( 526.212, 137.124 )


SHORT: ( Metal Short ) Regular Wire of Net wdata_hold[6] & Special Wire of Net VSS  ( M3 )
Bounds : ( 520.812, 121.860 ) ( 520.884, 122.220 )


SHORT: ( Metal Short ) Regular Wire of Net wdata_hold[6] & Special Wire of Net VSS  ( M3 )
Bounds : ( 520.812, 124.020 ) ( 520.884, 124.380 )


SHORT: ( Metal Short ) Regular Wire of Net wdata_hold[6] & Special Wire of Net VSS  ( M3 )
Bounds : ( 520.812, 126.180 ) ( 520.884, 126.540 )


SHORT: ( Metal Short ) Regular Wire of Net wdata_hold[6] & Special Wire of Net VSS  ( M3 )
Bounds : ( 520.812, 128.340 ) ( 520.884, 128.700 )


SHORT: ( Metal Short ) Regular Wire of Net wdata_hold[6] & Special Wire of Net VSS  ( M3 )
Bounds : ( 520.812, 130.500 ) ( 520.884, 130.860 )


SHORT: ( Metal Short ) Regular Wire of Net FE_OFN761_rst_n & Special Wire of Net VSS  ( M3 )
Bounds : ( 521.244, 121.860 ) ( 521.316, 122.220 )


EndOfLine: ( EndOfLine Spacing ) Regular Wire of Net FE_DBTN0_n_44 & Special Wire of Net VSS  ( M4 )
Bounds : ( 521.256, 143.820 ) ( 521.332, 143.916 )


SPACING: ( ParallelRunLength Spacing ) Regular Wire of Net FE_DBTN0_n_44 & Special Wire of Net VSS  ( M4 )
Bounds : ( 521.256, 143.820 ) ( 521.332, 143.916 )


SPACING: ( Corner Spacing ) Regular Wire of Net u_mem/bank_rdata[1][18] & Special Wire of Net VDD  ( M4 )
Bounds : ( 506.180, 121.584 ) ( 506.256, 121.740 )


EndOfLine: ( EndOfLine Keepout ) Regular Wire of Net u_mem/bank_rdata[1][18] & Special Wire of Net VDD  ( M4 )
Bounds : ( 506.180, 121.584 ) ( 506.256, 121.740 )


SHORT: ( Metal Short ) Regular Wire of Net u_mem/bank_rdata[3][21] & Special Wire of Net VDD  ( M4 )
Bounds : ( 506.256, 127.308 ) ( 506.352, 127.404 )


EndOfLine: ( EndOfLine Spacing ) Regular Wire of Net u_mem/bank_rdata[1][18] & Special Wire of Net VDD  ( M4 )
Bounds : ( 506.180, 121.584 ) ( 506.256, 121.740 )


EndOfLine: ( EndOfLine Spacing ) Regular Wire of Net u_mem/FE_OFN147_mem_wdata_22 & Special Wire of Net VDD  ( M4 )
Bounds : ( 506.256, 141.024 ) ( 506.352, 141.108 )


SPACING: ( ParallelRunLength Spacing ) Regular Wire of Net u_mem/FE_OFN147_mem_wdata_22 & Special Wire of Net VDD  ( M4 )
Bounds : ( 506.256, 141.024 ) ( 506.352, 141.108 )


SHORT: ( Metal Short ) Regular Wire of Net wdata_hold[6] & Special Wire of Net VSS  ( M3 )
Bounds : ( 520.812, 115.380 ) ( 520.884, 115.740 )


SHORT: ( Metal Short ) Regular Wire of Net n_305 & Special Wire of Net VSS  ( M3 )
Bounds : ( 520.812, 113.220 ) ( 520.884, 113.580 )


SHORT: ( Metal Short ) Regular Wire of Net wdata_hold[6] & Special Wire of Net VSS  ( M3 )
Bounds : ( 520.812, 111.060 ) ( 520.884, 111.420 )


SHORT: ( Metal Short ) Regular Wire of Net wdata_hold[6] & Special Wire of Net VSS  ( M3 )
Bounds : ( 520.812, 108.900 ) ( 520.884, 109.260 )


SHORT: ( Metal Short ) Regular Wire of Net wdata_hold[6] & Special Wire of Net VSS  ( M3 )
Bounds : ( 520.812, 119.700 ) ( 520.884, 120.060 )


SHORT: ( Metal Short ) Regular Wire of Net u_mem/bank_rdata[3][16] & Special Wire of Net VDD  ( M4 )
Bounds : ( 506.256, 103.692 ) ( 506.352, 103.788 )


SHORT: ( Metal Short ) Regular Wire of Net u_mem/bank_rdata[1][16] & Special Wire of Net VDD  ( M4 )
Bounds : ( 506.256, 103.884 ) ( 506.352, 103.980 )


SHORT: ( Metal Short ) Regular Wire of Net n_334 & Special Wire of Net VSS  ( M3 )
Bounds : ( 520.812, 98.100 ) ( 520.884, 98.460 )


SHORT: ( Metal Short ) Regular Wire of Net n_322 & Special Wire of Net VSS  ( M3 )
Bounds : ( 520.812, 100.260 ) ( 520.884, 100.620 )


SHORT: ( Metal Short ) Regular Wire of Net wdata_hold[6] & Special Wire of Net VSS  ( M3 )
Bounds : ( 520.812, 102.420 ) ( 520.884, 102.780 )


SHORT: ( Metal Short ) Regular Wire of Net wdata_hold[6] & Special Wire of Net VSS  ( M3 )
Bounds : ( 520.812, 104.580 ) ( 520.884, 104.940 )


SHORT: ( Metal Short ) Regular Wire of Net wdata_hold[6] & Special Wire of Net VSS  ( M3 )
Bounds : ( 520.812, 106.740 ) ( 520.884, 107.100 )


SHORT: ( Metal Short ) Regular Wire of Net wdata_hold[6] & Special Wire of Net VSS  ( M3 )
Bounds : ( 520.812, 117.540 ) ( 520.884, 117.900 )


SHORT: ( Metal Short ) Regular Wire of Net n_335 & Special Wire of Net VSS  ( M3 )
Bounds : ( 521.100, 102.420 ) ( 521.172, 102.780 )


SHORT: ( Metal Short ) Regular Wire of Net n_296 & Special Wire of Net VSS  ( M3 )
Bounds : ( 521.244, 115.380 ) ( 521.316, 115.740 )


SHORT: ( Metal Short ) Regular Wire of Net n_317 & Special Wire of Net VSS  ( M3 )
Bounds : ( 521.676, 104.580 ) ( 521.676, 104.940 )


SHORT: ( Metal Short ) Regular Wire of Net n_318 & Special Wire of Net VSS  ( M3 )
Bounds : ( 521.676, 108.900 ) ( 521.676, 109.260 )


SHORT: ( Metal Short ) Regular Wire of Net s_axi_rdata[1] & Special Wire of Net VSS  ( M4 )
Bounds : ( 547.080, 100.236 ) ( 547.176, 100.332 )


SHORT: ( Metal Short ) Regular Wire of Net s_axi_rdata[2] & Special Wire of Net VSS  ( M4 )
Bounds : ( 547.080, 115.212 ) ( 547.176, 115.308 )


SHORT: ( Metal Short ) Regular Wire of Net u_mem/n_421 & Special Wire of Net VDD  ( M4 )
Bounds : ( 506.256, 73.548 ) ( 506.352, 73.644 )


SHORT: ( Metal Short ) Regular Wire of Net u_mem/bank_rdata[1][12] & Special Wire of Net VDD  ( M4 )
Bounds : ( 506.256, 56.076 ) ( 506.352, 56.172 )


SHORT: ( Metal Short ) Regular Wire of Net u_mem/bank_rdata[1][11] & Special Wire of Net VDD  ( M4 )
Bounds : ( 506.256, 51.660 ) ( 506.352, 51.756 )


SHORT: ( Metal Short ) Regular Wire of Net s_axi_rdata[0] & Special Wire of Net VSS  ( M4 )
Bounds : ( 573.000, 85.260 ) ( 573.096, 85.356 )


SHORT: ( Metal Short ) Regular Wire of Net s_axi_rdata[0] & Special Wire of Net VSS  ( M4 )
Bounds : ( 598.920, 85.260 ) ( 599.016, 85.356 )


SHORT: ( Metal Short ) Regular Wire of Net u_mem/bank_rdata[2][13] & Special Wire of Net VDD  ( M4 )
Bounds : ( 506.256, 60.300 ) ( 506.352, 60.396 )


SHORT: ( Metal Short ) Regular Wire of Net u_mem/bank_rdata[0][15] & Special Wire of Net VDD  ( M4 )
Bounds : ( 506.256, 68.940 ) ( 506.352, 69.036 )


SHORT: ( Metal Short ) Regular Wire of Net u_mem/bank_rdata[1][14] & Special Wire of Net VDD  ( M4 )
Bounds : ( 506.256, 69.324 ) ( 506.352, 69.420 )


SHORT: ( Metal Short ) Regular Wire of Net s_axi_wdata[10] & Special Wire of Net VDD  ( M4 )
Bounds : ( 506.256, 73.164 ) ( 506.352, 73.260 )


SHORT: ( Metal Short ) Regular Wire of Net s_axi_wdata[15] & Special Wire of Net VDD  ( M4 )
Bounds : ( 506.256, 73.356 ) ( 506.352, 73.452 )


SHORT: ( Metal Short ) Regular Wire of Net s_axi_wdata[19] & Special Wire of Net VDD  ( M4 )
Bounds : ( 506.256, 78.348 ) ( 506.352, 78.384 )


EndOfLine: ( EndOfLine Keepout ) Regular Wire of Net s_axi_wdata[15] & Special Wire of Net VSS  ( M3 )
Bounds : ( 521.676, 72.540 ) ( 521.676, 72.628 )


SHORT: ( Metal Short ) Regular Wire of Net wdata_hold[6] & Special Wire of Net VSS  ( M3 )
Bounds : ( 520.812, 94.084 ) ( 520.884, 94.140 )


SHORT: ( Metal Short ) Regular Wire of Net wdata_hold[6] & Special Wire of Net VSS  ( M3 )
Bounds : ( 520.812, 95.940 ) ( 520.884, 96.300 )


SHORT: ( Metal Short ) Regular Wire of Net s_axi_wdata[10] & Special Wire of Net VSS  ( M3 )
Bounds : ( 521.532, 72.180 ) ( 521.604, 72.540 )


SHORT: ( Metal Short ) Regular Wire of Net s_axi_wdata[10] & Special Wire of Net VDD  ( M4 )
Bounds : ( 519.000, 73.164 ) ( 519.096, 73.260 )


SHORT: ( Metal Short ) Regular Wire of Net s_axi_wdata[15] & Special Wire of Net VDD  ( M4 )
Bounds : ( 519.000, 73.356 ) ( 519.096, 73.452 )


SHORT: ( Metal Short ) Regular Wire of Net s_axi_wstrb[3] & Special Wire of Net VDD  ( M4 )
Bounds : ( 519.000, 86.220 ) ( 519.096, 86.316 )


SHORT: ( Metal Short ) Regular Wire of Net s_axi_rdata[0] & Special Wire of Net VSS  ( M4 )
Bounds : ( 547.080, 85.260 ) ( 547.176, 85.356 )


SHORT: ( Metal Short ) Regular Wire of Net u_mem/bank_rdata[0][4] & Special Wire of Net VDD  ( M5 )
Bounds : ( 506.256, 20.608 ) ( 506.352, 20.988 )


SHORT: ( Metal Short ) Regular Wire of Net u_mem/bank_rdata[1][10] & Special Wire of Net VDD  ( M4 )
Bounds : ( 506.256, 47.436 ) ( 506.352, 47.532 )


SHORT: ( Metal Short ) Regular Wire of Net u_mem/bank_rdata[0][9] & Special Wire of Net VDD  ( M4 )
Bounds : ( 506.256, 43.020 ) ( 506.352, 43.116 )


SHORT: ( Metal Short ) Regular Wire of Net u_mem/bank_rdata[1][7] & Special Wire of Net VDD  ( M4 )
Bounds : ( 506.256, 34.380 ) ( 506.352, 34.476 )


SHORT: ( Metal Short ) Regular Wire of Net u_mem/bank_rdata[3][6] & Special Wire of Net VDD  ( M4 )
Bounds : ( 506.256, 30.156 ) ( 506.352, 30.252 )


SHORT: ( Metal Short ) Regular Wire of Net u_mem/bank_rdata[1][5] & Special Wire of Net VDD  ( M4 )
Bounds : ( 506.256, 25.740 ) ( 506.352, 25.836 )


SHORT: ( Metal Short ) Regular Wire of Net u_mem/bank_rdata[1][4] & Special Wire of Net VDD  ( M4 )
Bounds : ( 506.256, 21.516 ) ( 506.352, 21.612 )


SHORT: ( Metal Short ) Regular Wire of Net u_mem/bank_rdata[2][2] & Special Wire of Net VDD  ( M4 )
Bounds : ( 506.256, 12.876 ) ( 506.352, 12.972 )


SHORT: ( Metal Short ) Regular Wire of Net u_mem/bank_rdata[0][1] & Special Wire of Net VDD  ( M4 )
Bounds : ( 506.256, 8.460 ) ( 506.352, 8.556 )


EndOfLine: ( EndOfLine Keepout ) Regular Wire of Net u_mem/FE_OFN650_n & Special Wire of Net VDD  ( M4 )
Bounds : ( 506.352, 16.620 ) ( 506.512, 16.656 )


SHORT: ( Metal Short ) Regular Wire of Net s_axi_rlast & Special Wire of Net VSS  ( M4 )
Bounds : ( 598.920, 40.140 ) ( 599.016, 40.236 )


SHORT: ( Metal Short ) Regular Wire of Net s_axi_rvalid & Special Wire of Net VSS  ( M4 )
Bounds : ( 598.920, 24.972 ) ( 599.016, 25.068 )


SHORT: ( Metal Short ) Regular Wire of Net s_axi_rlast & Special Wire of Net VSS  ( M4 )
Bounds : ( 573.000, 40.140 ) ( 573.096, 40.236 )


SHORT: ( Metal Short ) Regular Wire of Net s_axi_rlast & Special Wire of Net VSS  ( M4 )
Bounds : ( 547.080, 40.140 ) ( 547.176, 40.236 )


SHORT: ( Metal Short ) Regular Wire of Net u_mem/FE_OFN948_n & Special Wire of Net VSS  ( M3 )
Bounds : ( 503.460, 189.124 ) ( 503.460, 189.180 )


SHORT: ( Metal Short ) Regular Wire of Net u_mem/bank_rdata[7][0] & Special Wire of Net VSS  ( M4 )
Bounds : ( 503.880, 182.220 ) ( 503.976, 182.316 )


SHORT: ( Metal Short ) Regular Wire of Net u_mem/bank_rdata[6][0] & Special Wire of Net VSS  ( M4 )
Bounds : ( 503.880, 182.412 ) ( 503.976, 182.508 )


SHORT: ( Metal Short ) Regular Wire of Net u_mem/bank_rdata[5][1] & Special Wire of Net VSS  ( M4 )
Bounds : ( 503.880, 184.332 ) ( 503.976, 184.428 )


SHORT: ( Metal Short ) Regular Wire of Net u_mem/bank_rdata[4][1] & Special Wire of Net VSS  ( M4 )
Bounds : ( 503.880, 184.524 ) ( 503.976, 184.620 )


SHORT: ( Metal Short ) Regular Wire of Net u_mem/bank_rdata[6][1] & Special Wire of Net VSS  ( M4 )
Bounds : ( 503.880, 184.716 ) ( 503.976, 184.812 )


SHORT: ( Metal Short ) Regular Wire of Net u_mem/bank_rdata[5][2] & Special Wire of Net VSS  ( M4 )
Bounds : ( 503.880, 188.748 ) ( 503.976, 188.844 )


SHORT: ( Metal Short ) Regular Wire of Net u_mem/bank_rdata[4][2] & Special Wire of Net VSS  ( M4 )
Bounds : ( 503.880, 188.940 ) ( 503.976, 189.036 )


SHORT: ( Metal Short ) Regular Wire of Net u_mem/bank_rdata[6][3] & Special Wire of Net VSS  ( M4 )
Bounds : ( 503.880, 191.052 ) ( 503.976, 191.148 )


SHORT: ( Metal Short ) Regular Wire of Net u_mem/bank_rdata[7][3] & Special Wire of Net VSS  ( M4 )
Bounds : ( 503.880, 191.244 ) ( 503.976, 191.340 )


SHORT: ( Metal Short ) Regular Wire of Net u_mem/bank_rdata[2][31] & Special Wire of Net VSS  ( M4 )
Bounds : ( 503.880, 171.852 ) ( 503.976, 171.948 )


SHORT: ( Metal Short ) Regular Wire of Net u_mem/FE_OFN23_mem_wdata_1 & Special Wire of Net VSS  ( M3 )
Bounds : ( 503.676, 175.860 ) ( 503.748, 175.928 )


SHORT: ( Metal Short ) Regular Wire of Net u_mem/FE_OFN879_n & Special Wire of Net VSS  ( M3 )
Bounds : ( 503.676, 180.180 ) ( 503.748, 180.540 )


SHORT: ( Metal Short ) Regular Wire of Net u_mem/bank_rdata[5][0] & Special Wire of Net VSS  ( M4 )
Bounds : ( 503.880, 180.108 ) ( 503.976, 180.204 )


SHORT: ( Metal Short ) Regular Wire of Net u_mem/bank_rdata[4][0] & Special Wire of Net VSS  ( M4 )
Bounds : ( 503.880, 180.300 ) ( 503.976, 180.396 )


CUTSPACING: ( Same Layer Cut Spacing ) Regular Wire of Net u_mem/FE_OFN23_mem_wdata_1 & Special Wire of Net VSS  ( V4 )
Bounds : ( 503.760, 175.812 ) ( 503.880, 175.908 )


SHORT: ( Metal Short ) Regular Wire of Net u_mem/FE_OFN12_mem_wdata_31 & Special Wire of Net VSS  ( M3 )
Bounds : ( 503.964, 171.844 ) ( 504.036, 171.900 )


SHORT: ( Metal Short ) Regular Wire of Net u_mem/FE_OFN653_n & Special Wire of Net VSS  ( M4 )
Bounds : ( 503.880, 169.356 ) ( 503.976, 169.452 )


SHORT: ( Metal Short ) Regular Wire of Net u_mem/bank_rdata[3][30] & Special Wire of Net VSS  ( M4 )
Bounds : ( 503.880, 169.548 ) ( 503.976, 169.644 )


SHORT: ( Metal Short ) Regular Wire of Net u_mem/bank_rdata[3][31] & Special Wire of Net VSS  ( M4 )
Bounds : ( 503.880, 171.660 ) ( 503.976, 171.756 )


SHORT: ( Metal Short ) Regular Wire of Net u_mem/bank_rdata[0][31] & Special Wire of Net VSS  ( M4 )
Bounds : ( 503.880, 173.580 ) ( 503.976, 173.676 )


SHORT: ( Metal Short ) Regular Wire of Net u_mem/bank_rdata[1][31] & Special Wire of Net VSS  ( M4 )
Bounds : ( 503.880, 173.772 ) ( 503.976, 173.868 )


EndOfLine: ( EndOfLine Spacing ) Regular Wire of Net u_mem/FE_OFN23_mem_wdata_1 & Special Wire of Net VSS  ( M4 )
Bounds : ( 503.804, 175.812 ) ( 503.880, 175.908 )


SPACING: ( ParallelRunLength Spacing ) Regular Wire of Net u_mem/FE_OFN23_mem_wdata_1 & Special Wire of Net VSS  ( M4 )
Bounds : ( 503.804, 175.812 ) ( 503.880, 175.908 )


SHORT: ( Metal Short ) Regular Wire of Net u_mem/bank_rdata[2][25] & Special Wire of Net VSS  ( M4 )
Bounds : ( 503.880, 147.660 ) ( 503.976, 147.756 )


SHORT: ( Metal Short ) Regular Wire of Net u_mem/bank_rdata[3][25] & Special Wire of Net VSS  ( M4 )
Bounds : ( 503.880, 147.852 ) ( 503.976, 147.948 )


SHORT: ( Metal Short ) Regular Wire of Net u_mem/FE_OFN921_FE_GLN737 & Special Wire of Net VSS  ( M4 )
Bounds : ( 503.880, 150.156 ) ( 503.976, 150.252 )


SHORT: ( Metal Short ) Regular Wire of Net u_mem/bank_rdata[2][26] & Special Wire of Net VSS  ( M4 )
Bounds : ( 503.880, 152.076 ) ( 503.976, 152.172 )


SHORT: ( Metal Short ) Regular Wire of Net u_mem/bank_rdata[3][26] & Special Wire of Net VSS  ( M4 )
Bounds : ( 503.880, 152.268 ) ( 503.976, 152.364 )


SHORT: ( Metal Short ) Regular Wire of Net mem_wdata[23] & Special Wire of Net VSS  ( M4 )
Bounds : ( 503.880, 152.412 ) ( 503.976, 152.508 )


SHORT: ( Metal Short ) Regular Wire of Net u_mem/bank_rdata[2][27] & Special Wire of Net VSS  ( M4 )
Bounds : ( 503.880, 156.300 ) ( 503.976, 156.396 )


SHORT: ( Metal Short ) Regular Wire of Net u_mem/bank_rdata[3][27] & Special Wire of Net VSS  ( M4 )
Bounds : ( 503.880, 156.492 ) ( 503.976, 156.588 )


SHORT: ( Metal Short ) Regular Wire of Net u_mem/FE_OFN116_mem_wdata_28 & Special Wire of Net VSS  ( M4 )
Bounds : ( 503.880, 158.796 ) ( 503.976, 158.892 )


SHORT: ( Metal Short ) Regular Wire of Net u_mem/bank_rdata[3][28] & Special Wire of Net VSS  ( M4 )
Bounds : ( 503.880, 160.716 ) ( 503.976, 160.812 )


SHORT: ( Metal Short ) Regular Wire of Net u_mem/FE_OFN660_mem_wdata_27 & Special Wire of Net VSS  ( M4 )
Bounds : ( 503.880, 162.828 ) ( 503.976, 162.924 )


SHORT: ( Metal Short ) Regular Wire of Net u_mem/FE_OFN113_mem_wdata_29 & Special Wire of Net VSS  ( M4 )
Bounds : ( 503.880, 164.940 ) ( 503.976, 165.036 )


SHORT: ( Metal Short ) Regular Wire of Net u_mem/bank_rdata[3][29] & Special Wire of Net VSS  ( M4 )
Bounds : ( 503.880, 165.132 ) ( 503.976, 165.228 )


SHORT: ( Metal Short ) Regular Wire of Net u_mem/bank_rdata[2][24] & Special Wire of Net VSS  ( M4 )
Bounds : ( 503.880, 143.436 ) ( 503.976, 143.532 )


SHORT: ( Metal Short ) Regular Wire of Net u_mem/bank_rdata[0][23] & Special Wire of Net VSS  ( M3 )
Bounds : ( 504.396, 139.384 ) ( 504.396, 139.500 )


SHORT: ( Metal Short ) Regular Wire of Net u_mem/FE_OFN156_mem_wdata_21 & Special Wire of Net VSS  ( M4 )
Bounds : ( 503.880, 134.796 ) ( 503.976, 134.892 )


SHORT: ( Metal Short ) Regular Wire of Net u_mem/FE_OFN838_n & Special Wire of Net VSS  ( M4 )
Bounds : ( 503.880, 136.908 ) ( 503.976, 137.004 )


SHORT: ( Metal Short ) Regular Wire of Net u_mem/bank_rdata[1][21] & Special Wire of Net VSS  ( M4 )
Bounds : ( 503.880, 137.292 ) ( 503.976, 137.388 )


SHORT: ( Metal Short ) Regular Wire of Net u_mem/FE_OFN175_mem_wdata_19 & Special Wire of Net VSS  ( M4 )
Bounds : ( 503.880, 139.212 ) ( 503.976, 139.308 )


SHORT: ( Metal Short ) Regular Wire of Net u_mem/FE_OFN138_mem_wdata_24 & Special Wire of Net VSS  ( M4 )
Bounds : ( 503.880, 139.404 ) ( 503.976, 139.500 )


SHORT: ( Metal Short ) Regular Wire of Net u_mem/bank_rdata[2][23] & Special Wire of Net VSS  ( M4 )
Bounds : ( 503.880, 141.516 ) ( 503.976, 141.612 )


SHORT: ( Metal Short ) Regular Wire of Net u_mem/bank_rdata[3][23] & Special Wire of Net VSS  ( M4 )
Bounds : ( 503.880, 141.708 ) ( 503.976, 141.804 )


SHORT: ( Metal Short ) Regular Wire of Net u_mem/bank_rdata[3][24] & Special Wire of Net VSS  ( M4 )
Bounds : ( 503.880, 143.628 ) ( 503.976, 143.724 )


SHORT: ( Metal Short ) Regular Wire of Net u_mem/bank_rdata[1][19] & Special Wire of Net VSS  ( M4 )
Bounds : ( 503.880, 123.852 ) ( 503.976, 123.948 )


SHORT: ( Metal Short ) Regular Wire of Net u_mem/bank_rdata[0][18] & Special Wire of Net VSS  ( M4 )
Bounds : ( 503.880, 121.740 ) ( 503.976, 121.836 )


SHORT: ( Metal Short ) Regular Wire of Net u_mem/bank_rdata[3][20] & Special Wire of Net VSS  ( M4 )
Bounds : ( 503.880, 121.932 ) ( 503.976, 122.028 )


SHORT: ( Metal Short ) Regular Wire of Net u_mem/FE_OFN170_mem_wdata_20 & Special Wire of Net VSS  ( M4 )
Bounds : ( 503.880, 122.124 ) ( 503.976, 122.220 )


SHORT: ( Metal Short ) Regular Wire of Net u_mem/bank_rdata[2][19] & Special Wire of Net VSS  ( M4 )
Bounds : ( 503.880, 124.236 ) ( 503.976, 124.332 )


SHORT: ( Metal Short ) Regular Wire of Net u_mem/bank_rdata[3][19] & Special Wire of Net VSS  ( M4 )
Bounds : ( 503.880, 124.428 ) ( 503.976, 124.524 )


SHORT: ( Metal Short ) Regular Wire of Net u_mem/bank_rdata[2][20] & Special Wire of Net VSS  ( M4 )
Bounds : ( 503.880, 126.156 ) ( 503.976, 126.252 )


SHORT: ( Metal Short ) Regular Wire of Net u_mem/bank_rdata[0][20] & Special Wire of Net VSS  ( M4 )
Bounds : ( 503.880, 126.348 ) ( 503.976, 126.444 )


SHORT: ( Metal Short ) Regular Wire of Net mem_wdata[1] & Special Wire of Net VSS  ( M4 )
Bounds : ( 503.880, 128.268 ) ( 503.976, 128.364 )


SHORT: ( Metal Short ) Regular Wire of Net u_mem/bank_rdata[2][21] & Special Wire of Net VSS  ( M4 )
Bounds : ( 503.880, 128.652 ) ( 503.976, 128.748 )


SHORT: ( Metal Short ) Regular Wire of Net mem_wdata[0] & Special Wire of Net VSS  ( M4 )
Bounds : ( 503.880, 130.380 ) ( 503.976, 130.476 )


SHORT: ( Metal Short ) Regular Wire of Net u_mem/bank_rdata[2][22] & Special Wire of Net VSS  ( M4 )
Bounds : ( 503.880, 130.572 ) ( 503.976, 130.668 )


SHORT: ( Metal Short ) Regular Wire of Net u_mem/bank_rdata[3][22] & Special Wire of Net VSS  ( M4 )
Bounds : ( 503.880, 130.764 ) ( 503.976, 130.860 )


SHORT: ( Metal Short ) Regular Wire of Net u_mem/bank_rdata[0][16] & Special Wire of Net VSS  ( M4 )
Bounds : ( 503.880, 104.652 ) ( 503.976, 104.748 )


SHORT: ( Metal Short ) Regular Wire of Net u_mem/bank_rdata[2][18] & Special Wire of Net VSS  ( M4 )
Bounds : ( 503.880, 113.292 ) ( 503.976, 113.388 )


SHORT: ( Metal Short ) Regular Wire of Net u_mem/FE_OFN178_mem_wdata_18 & Special Wire of Net VSS  ( M4 )
Bounds : ( 503.880, 113.484 ) ( 503.976, 113.580 )


SHORT: ( Metal Short ) Regular Wire of Net u_mem/bank_rdata[1][17] & Special Wire of Net VSS  ( M4 )
Bounds : ( 503.880, 115.212 ) ( 503.976, 115.308 )


SHORT: ( Metal Short ) Regular Wire of Net u_mem/bank_rdata[2][17] & Special Wire of Net VSS  ( M4 )
Bounds : ( 503.880, 115.404 ) ( 503.976, 115.500 )


SHORT: ( Metal Short ) Regular Wire of Net u_mem/bank_rdata[3][17] & Special Wire of Net VSS  ( M4 )
Bounds : ( 503.880, 115.596 ) ( 503.976, 115.692 )


SHORT: ( Metal Short ) Regular Wire of Net u_mem/bank_rdata[3][18] & Special Wire of Net VSS  ( M4 )
Bounds : ( 503.880, 117.516 ) ( 503.976, 117.612 )


SHORT: ( Metal Short ) Regular Wire of Net u_mem/bank_rdata[1][15] & Special Wire of Net VSS  ( M4 )
Bounds : ( 503.880, 85.452 ) ( 503.976, 85.548 )


SHORT: ( Metal Short ) Regular Wire of Net s_axi_wdata[23] & Special Wire of Net VSS  ( M4 )
Bounds : ( 503.880, 82.956 ) ( 503.976, 83.052 )


SHORT: ( Metal Short ) Regular Wire of Net u_mem/FE_OFN1012_n & Special Wire of Net VSS  ( M3 )
Bounds : ( 503.820, 78.660 ) ( 503.892, 78.716 )


EndOfLine: ( EndOfLine Keepout ) Regular Wire of Net u_mem/FE_OFN1012_n & Special Wire of Net VSS  ( M1 )
Bounds : ( 503.892, 78.704 ) ( 503.964, 78.804 )


EndOfLine: ( EndOfLine Keepout ) Regular Wire of Net u_mem/FE_OFN1022_n & Special Wire of Net VSS  ( M1 )
Bounds : ( 504.324, 78.704 ) ( 504.396, 78.804 )


SHORT: ( Metal Short ) Regular Wire of Net u_mem/FE_OFN1022_n & Special Wire of Net VSS  ( M3 )
Bounds : ( 504.324, 78.660 ) ( 504.396, 78.728 )


SHORT: ( Metal Short ) Regular Wire of Net s_axi_wdata[19] & Special Wire of Net VSS  ( M4 )
Bounds : ( 503.880, 78.348 ) ( 503.976, 78.444 )


SHORT: ( Metal Short ) Regular Wire of Net s_axi_wdata[11] & Special Wire of Net VSS  ( M4 )
Bounds : ( 503.880, 80.844 ) ( 503.976, 80.940 )


EndOfLine: ( EndOfLine Spacing ) Regular Wire of Net u_mem/FE_OFN1031_n & Special Wire of Net VSS  ( M4 )
Bounds : ( 503.976, 75.144 ) ( 504.052, 75.144 )


SPACING: ( Corner Spacing ) Regular Wire of Net u_mem/FE_OFN1031_n & Special Wire of Net VSS  ( M4 )
Bounds : ( 503.976, 75.144 ) ( 504.052, 75.144 )


EndOfLine: ( EndOfLine Keepout ) Regular Wire of Net u_mem/FE_OFN1027_n & Special Wire of Net VSS  ( M1 )
Bounds : ( 504.324, 76.716 ) ( 504.396, 76.816 )


EndOfLine: ( EndOfLine Keepout ) Regular Wire of Net u_mem/FE_OFN1031_n & Special Wire of Net VSS  ( M4 )
Bounds : ( 503.976, 75.144 ) ( 504.052, 75.144 )


EndOfLine: ( EndOfLine Keepout ) Regular Wire of Net u_mem/FE_OFN1031_n & Special Wire of Net VSS  ( M4 )
Bounds : ( 503.976, 75.144 ) ( 504.052, 75.144 )


SHORT: ( Cut Short ) Regular Wire of Net u_mem/FE_OFN880_n & Special Wire of Net VSS  ( V3 )
Bounds : ( 503.892, 74.652 ) ( 503.964, 74.684 )


SHORT: ( Cut Short ) Regular Wire of Net u_mem/FE_OFN880_n & Special Wire of Net VSS  ( V4 )
Bounds : ( 503.880, 74.652 ) ( 503.976, 74.748 )


CUTSPACING: ( Same Layer Cut Spacing ) Regular Wire of Net u_mem/FE_OFN1031_n & Special Wire of Net VSS  ( V4 )
Bounds : ( 503.976, 75.144 ) ( 504.096, 75.144 )


SHORT: ( Metal Short ) Regular Wire of Net u_mem/FE_OFN880_n & Special Wire of Net VSS  ( M3 )
Bounds : ( 503.892, 74.632 ) ( 503.964, 74.700 )


SHORT: ( Metal Short ) Regular Wire of Net u_mem/FE_OFN1031_n & Special Wire of Net VSS  ( M3 )
Bounds : ( 504.108, 74.644 ) ( 504.180, 74.700 )


SHORT: ( Metal Short ) Regular Wire of Net u_mem/FE_OFN1029_n & Special Wire of Net VSS  ( M3 )
Bounds : ( 504.324, 74.632 ) ( 504.396, 74.700 )


SHORT: ( Metal Short ) Regular Wire of Net u_mem/FE_OFN1027_n & Special Wire of Net VSS  ( M3 )
Bounds : ( 504.324, 76.792 ) ( 504.396, 76.860 )


SHORT: ( Metal Short ) Regular Wire of Net u_mem/FE_OFN880_n & Special Wire of Net VSS  ( M4 )
Bounds : ( 503.880, 74.652 ) ( 503.976, 74.748 )


SHORT: ( Metal Short ) Regular Wire of Net u_mem/FE_OFN1030_n & Special Wire of Net VSS  ( M4 )
Bounds : ( 503.880, 74.796 ) ( 503.976, 74.892 )


SHORT: ( Metal Short ) Regular Wire of Net u_mem/FE_OFN231_mem_addr_3 & Special Wire of Net VSS  ( M4 )
Bounds : ( 503.880, 77.196 ) ( 503.976, 77.292 )


SHORT: ( Metal Short ) Regular Wire of Net u_mem/FE_OFN1012_n & Special Wire of Net VSS  ( M4 )
Bounds : ( 503.880, 78.216 ) ( 503.936, 78.252 )


SHORT: ( Metal Short ) Regular Wire of Net u_mem/FE_OFN880_n & Special Wire of Net VSS  ( M5 )
Bounds : ( 503.880, 74.052 ) ( 503.976, 74.792 )


SPACING: ( ParallelRunLength Spacing ) Regular Wire of Net u_mem/FE_OFN1031_n & Special Wire of Net VSS  ( M4 )
Bounds : ( 503.976, 75.144 ) ( 504.052, 75.144 )


EndOfLine: ( EndOfLine Keepout ) Regular Wire of Net FE_OFN1033_n & Special Wire of Net VSS  ( M1 )
Bounds : ( 504.324, 59.264 ) ( 504.396, 59.364 )


SHORT: ( Metal Short ) Regular Wire of Net FE_OFN1033_n & Special Wire of Net VSS  ( M3 )
Bounds : ( 504.324, 59.220 ) ( 504.396, 59.288 )


SHORT: ( Metal Short ) Regular Wire of Net u_mem/bank_rdata[2][10] & Special Wire of Net VSS  ( M4 )
Bounds : ( 503.880, 50.508 ) ( 503.976, 50.604 )


SHORT: ( Metal Short ) Regular Wire of Net u_mem/FE_GLN749_mem_wdata_10 & Special Wire of Net VSS  ( M4 )
Bounds : ( 503.880, 52.620 ) ( 503.976, 52.716 )


SHORT: ( Metal Short ) Regular Wire of Net u_mem/bank_rdata[2][12] & Special Wire of Net VSS  ( M4 )
Bounds : ( 503.880, 54.924 ) ( 503.976, 55.020 )


SHORT: ( Metal Short ) Regular Wire of Net u_mem/bank_rdata[2][11] & Special Wire of Net VSS  ( M4 )
Bounds : ( 503.880, 57.036 ) ( 503.976, 57.132 )


SHORT: ( Metal Short ) Regular Wire of Net u_mem/bank_rdata[3][11] & Special Wire of Net VSS  ( M4 )
Bounds : ( 503.880, 57.228 ) ( 503.976, 57.324 )


SHORT: ( Metal Short ) Regular Wire of Net u_mem/bank_rdata[3][12] & Special Wire of Net VSS  ( M4 )
Bounds : ( 503.880, 59.148 ) ( 503.976, 59.244 )


SHORT: ( Metal Short ) Regular Wire of Net u_mem/FE_OFN780_mem_wdata_13 & Special Wire of Net VSS  ( M4 )
Bounds : ( 503.880, 59.340 ) ( 503.976, 59.436 )


SHORT: ( Metal Short ) Regular Wire of Net s_axi_wdata[0] & Special Wire of Net VSS  ( M4 )
Bounds : ( 503.880, 61.260 ) ( 503.976, 61.356 )


SHORT: ( Metal Short ) Regular Wire of Net s_axi_wdata[13] & Special Wire of Net VSS  ( M4 )
Bounds : ( 503.880, 61.644 ) ( 503.976, 61.740 )


SHORT: ( Metal Short ) Regular Wire of Net u_mem/bank_rdata[3][13] & Special Wire of Net VSS  ( M4 )
Bounds : ( 503.880, 63.372 ) ( 503.976, 63.468 )


SHORT: ( Metal Short ) Regular Wire of Net u_mem/bank_rdata[3][14] & Special Wire of Net VSS  ( M4 )
Bounds : ( 503.880, 63.756 ) ( 503.976, 63.852 )


SHORT: ( Metal Short ) Regular Wire of Net u_mem/bank_rdata[0][13] & Special Wire of Net VSS  ( M4 )
Bounds : ( 503.880, 65.676 ) ( 503.976, 65.772 )


SHORT: ( Metal Short ) Regular Wire of Net u_mem/bank_rdata[1][13] & Special Wire of Net VSS  ( M4 )
Bounds : ( 503.880, 65.868 ) ( 503.976, 65.964 )


SHORT: ( Metal Short ) Regular Wire of Net s_axi_wdata[18] & Special Wire of Net VSS  ( M4 )
Bounds : ( 503.880, 66.060 ) ( 503.976, 66.156 )


SHORT: ( Metal Short ) Regular Wire of Net s_axi_wdata[21] & Special Wire of Net VSS  ( M4 )
Bounds : ( 503.880, 67.788 ) ( 503.976, 67.884 )


SHORT: ( Metal Short ) Regular Wire of Net u_mem/bank_rdata[2][14] & Special Wire of Net VSS  ( M4 )
Bounds : ( 503.880, 67.980 ) ( 503.976, 68.076 )


SHORT: ( Metal Short ) Regular Wire of Net u_mem/bank_rdata[0][14] & Special Wire of Net VSS  ( M4 )
Bounds : ( 503.880, 70.284 ) ( 503.976, 70.380 )


SHORT: ( Metal Short ) Regular Wire of Net u_mem/bank_rdata[3][7] & Special Wire of Net VSS  ( M4 )
Bounds : ( 503.880, 37.452 ) ( 503.976, 37.548 )


SHORT: ( Metal Short ) Regular Wire of Net u_mem/bank_rdata[3][5] & Special Wire of Net VSS  ( M4 )
Bounds : ( 503.880, 24.588 ) ( 503.976, 24.684 )


SHORT: ( Metal Short ) Regular Wire of Net u_mem/bank_rdata[2][5] & Special Wire of Net VSS  ( M4 )
Bounds : ( 503.880, 28.812 ) ( 503.976, 28.908 )


SHORT: ( Metal Short ) Regular Wire of Net u_mem/bank_rdata[2][6] & Special Wire of Net VSS  ( M4 )
Bounds : ( 503.880, 29.004 ) ( 503.976, 29.100 )


SHORT: ( Metal Short ) Regular Wire of Net u_mem/bank_rdata[1][6] & Special Wire of Net VSS  ( M4 )
Bounds : ( 503.880, 31.308 ) ( 503.976, 31.404 )


SHORT: ( Metal Short ) Regular Wire of Net u_mem/bank_rdata[0][6] & Special Wire of Net VSS  ( M4 )
Bounds : ( 503.880, 31.500 ) ( 503.976, 31.596 )


SHORT: ( Metal Short ) Regular Wire of Net u_mem/FE_GLN747_mem_wdata_6 & Special Wire of Net VSS  ( M4 )
Bounds : ( 503.880, 33.228 ) ( 503.976, 33.324 )


SHORT: ( Metal Short ) Regular Wire of Net u_mem/bank_rdata[2][7] & Special Wire of Net VSS  ( M4 )
Bounds : ( 503.880, 37.644 ) ( 503.976, 37.740 )


SHORT: ( Metal Short ) Regular Wire of Net u_mem/bank_rdata[3][8] & Special Wire of Net VSS  ( M4 )
Bounds : ( 503.880, 39.948 ) ( 503.976, 40.044 )


SHORT: ( Metal Short ) Regular Wire of Net u_mem/bank_rdata[2][8] & Special Wire of Net VSS  ( M4 )
Bounds : ( 503.880, 40.140 ) ( 503.976, 40.236 )


SHORT: ( Metal Short ) Regular Wire of Net u_mem/FE_OFN782_mem_wdata_9 & Special Wire of Net VSS  ( M4 )
Bounds : ( 503.880, 42.060 ) ( 503.976, 42.156 )


SHORT: ( Metal Short ) Regular Wire of Net u_mem/bank_rdata[2][9] & Special Wire of Net VSS  ( M4 )
Bounds : ( 503.880, 43.980 ) ( 503.976, 44.076 )


SHORT: ( Metal Short ) Regular Wire of Net u_mem/bank_rdata[3][9] & Special Wire of Net VSS  ( M4 )
Bounds : ( 503.880, 44.172 ) ( 503.976, 44.268 )


SHORT: ( Metal Short ) Regular Wire of Net u_mem/bank_rdata[1][9] & Special Wire of Net VSS  ( M4 )
Bounds : ( 503.880, 44.364 ) ( 503.976, 44.460 )


SHORT: ( Metal Short ) Regular Wire of Net u_mem/bank_rdata[3][10] & Special Wire of Net VSS  ( M4 )
Bounds : ( 503.880, 46.284 ) ( 503.976, 46.380 )


SHORT: ( Metal Short ) Regular Wire of Net u_mem/bank_rdata[1][2] & Special Wire of Net VSS  ( M4 )
Bounds : ( 503.880, 14.028 ) ( 503.976, 14.124 )


EndOfLine: ( EndOfLine Keepout ) Regular Wire of Net FE_OFN821_s_axi_arready & Special Wire of Net VSS  ( M3 )
Bounds : ( 504.324, 9.900 ) ( 504.396, 9.976 )


SHORT: ( Metal Short ) Regular Wire of Net u_mem/bank_rdata[3][0] & Special Wire of Net VSS  ( M4 )
Bounds : ( 503.880, 2.892 ) ( 503.976, 2.988 )


SHORT: ( Metal Short ) Regular Wire of Net u_mem/bank_rdata[2][0] & Special Wire of Net VSS  ( M4 )
Bounds : ( 503.880, 3.084 ) ( 503.976, 3.180 )


SHORT: ( Metal Short ) Regular Wire of Net u_mem/bank_rdata[1][0] & Special Wire of Net VSS  ( M4 )
Bounds : ( 503.880, 3.276 ) ( 503.976, 3.372 )


SHORT: ( Metal Short ) Regular Wire of Net u_mem/bank_rdata[2][1] & Special Wire of Net VSS  ( M4 )
Bounds : ( 503.880, 7.308 ) ( 503.976, 7.404 )


SHORT: ( Metal Short ) Regular Wire of Net u_mem/bank_rdata[3][1] & Special Wire of Net VSS  ( M4 )
Bounds : ( 503.880, 9.804 ) ( 503.976, 9.900 )


SHORT: ( Metal Short ) Regular Wire of Net u_mem/bank_rdata[1][1] & Special Wire of Net VSS  ( M4 )
Bounds : ( 503.880, 11.724 ) ( 503.976, 11.820 )


SHORT: ( Metal Short ) Regular Wire of Net u_mem/FE_OFN854_mem_wdata_2 & Special Wire of Net VSS  ( M4 )
Bounds : ( 503.880, 13.836 ) ( 503.976, 13.932 )


SHORT: ( Metal Short ) Regular Wire of Net u_mem/bank_rdata[0][2] & Special Wire of Net VSS  ( M4 )
Bounds : ( 503.880, 14.220 ) ( 503.976, 14.316 )


SHORT: ( Metal Short ) Regular Wire of Net u_mem/bank_rdata[3][2] & Special Wire of Net VSS  ( M4 )
Bounds : ( 503.880, 15.948 ) ( 503.976, 16.044 )


SHORT: ( Metal Short ) Regular Wire of Net u_mem/FE_OFN791_mem_wdata_3 & Special Wire of Net VSS  ( M4 )
Bounds : ( 503.880, 16.140 ) ( 503.976, 16.236 )


SHORT: ( Metal Short ) Regular Wire of Net u_mem/bank_rdata[2][3] & Special Wire of Net VSS  ( M4 )
Bounds : ( 503.880, 18.060 ) ( 503.976, 18.156 )


SHORT: ( Metal Short ) Regular Wire of Net u_mem/bank_rdata[3][3] & Special Wire of Net VSS  ( M4 )
Bounds : ( 503.880, 18.252 ) ( 503.976, 18.348 )


SHORT: ( Metal Short ) Regular Wire of Net u_mem/bank_rdata[2][4] & Special Wire of Net VSS  ( M4 )
Bounds : ( 503.880, 22.476 ) ( 503.976, 22.572 )


SHORT: ( Metal Short ) Regular Wire of Net u_mem/bank_rdata[3][4] & Special Wire of Net VSS  ( M4 )
Bounds : ( 503.880, 22.668 ) ( 503.976, 22.764 )


SPACING: ( ParallelRunLength Spacing ) Regular Wire of Net FE_OFN1033_n & Special Wire of Net VSS  ( M3 )
Bounds : ( 504.252, 3.008 ) ( 504.324, 3.060 )


SHORT: ( Metal Short ) Regular Wire of Net s_axi_rdata[20] & Special Wire of Net VSS  ( M4 )
Bounds : ( 573.000, 385.356 ) ( 573.096, 385.452 )


SHORT: ( Metal Short ) Regular Wire of Net s_axi_rdata[20] & Special Wire of Net VSS  ( M4 )
Bounds : ( 598.920, 385.356 ) ( 599.016, 385.452 )


SHORT: ( Metal Short ) Regular Wire of Net s_axi_rdata[20] & Special Wire of Net VSS  ( M4 )
Bounds : ( 547.080, 385.356 ) ( 547.176, 385.452 )


  Total Violations : 1000 Viols.
