###############################################################
#  Generated by:      Cadence Innovus 23.14-s088_1
#  OS:                Linux x86_64(Host ID user1-EliteMini)
#  Generated on:      Thu Oct  1 14:13:54 2026
#  Design:            top_soc
#  Command:           verifyConnectivity -net {VDD VSS} -type all -error 100000 -warning 1000 -report ./verify_rpt/connectivity_postCTS_pg.rpt
###############################################################
Verify Connectivity Report is created on Thu Oct  1 14:13:54 2026




Multi-CPU acceleration using 8 CPU


Use pthread

Net VSS: dangling Wire at (529.524, 2.754) (529.524, 2.754) on layer: M1
Net VSS: dangling Wire at (465.588, 2.754) (465.588, 2.754) on layer: M1
Net VSS: dangling Wire at (430.002, 2.754) (430.002, 2.754) on layer: M1
Net VSS: dangling Wire at (303.210, 2.754) (303.210, 2.754) on layer: M1
Net VSS: dangling Wire at (137.538, 2.754) (137.538, 2.754) on layer: M1
Net VSS: dangling Wire at (102.168, 2.754) (102.168, 2.754) on layer: M1
Net VSS: dangling Wire at (33.912, 2.754) (33.912, 2.754) on layer: M1
Net VSS: dangling Wire at (36.072, 2.754) (36.072, 2.754) on layer: M1
Net VSS: dangling Wire at (529.524, 3.294) (529.524, 3.294) on layer: M1
Net VSS: dangling Wire at (465.588, 3.294) (465.588, 3.294) on layer: M1
Net VSS: dangling Wire at (430.002, 3.294) (430.002, 3.294) on layer: M1
Net VSS: dangling Wire at (303.210, 3.294) (303.210, 3.294) on layer: M1
Net VSS: dangling Wire at (137.538, 3.294) (137.538, 3.294) on layer: M1
Net VSS: dangling Wire at (102.168, 3.294) (102.168, 3.294) on layer: M1
Net VSS: dangling Wire at (33.912, 3.294) (33.912, 3.294) on layer: M1
Net VSS: dangling Wire at (36.072, 3.294) (36.072, 3.294) on layer: M1
Net VSS: dangling Wire at (529.524, 3.834) (529.524, 3.834) on layer: M1
Net VSS: dangling Wire at (465.588, 3.834) (465.588, 3.834) on layer: M1
Net VSS: dangling Wire at (430.002, 3.834) (430.002, 3.834) on layer: M1
Net VSS: dangling Wire at (303.210, 3.834) (303.210, 3.834) on layer: M1
Net VSS: dangling Wire at (137.538, 3.834) (137.538, 3.834) on layer: M1
Net VSS: dangling Wire at (102.168, 3.834) (102.168, 3.834) on layer: M1
Net VSS: dangling Wire at (36.072, 3.834) (36.072, 3.834) on layer: M1
Net VSS: dangling Wire at (529.524, 4.374) (529.524, 4.374) on layer: M1
Net VSS: dangling Wire at (465.588, 4.374) (465.588, 4.374) on layer: M1
Net VSS: dangling Wire at (430.002, 4.374) (430.002, 4.374) on layer: M1
Net VSS: dangling Wire at (303.210, 4.374) (303.210, 4.374) on layer: M1
Net VSS: dangling Wire at (137.538, 4.374) (137.538, 4.374) on layer: M1
Net VSS: dangling Wire at (102.168, 4.374) (102.168, 4.374) on layer: M1
Net VSS: dangling Wire at (33.912, 4.374) (33.912, 4.374) on layer: M1
Net VSS: dangling Wire at (36.072, 4.374) (36.072, 4.374) on layer: M1
Net VSS: dangling Wire at (529.524, 4.914) (529.524, 4.914) on layer: M1
Net VSS: dangling Wire at (465.588, 4.914) (465.588, 4.914) on layer: M1
Net VSS: dangling Wire at (430.002, 4.914) (430.002, 4.914) on layer: M1
Net VSS: dangling Wire at (303.210, 4.914) (303.210, 4.914) on layer: M1
Net VSS: dangling Wire at (137.538, 4.914) (137.538, 4.914) on layer: M1
Net VSS: dangling Wire at (102.168, 4.914) (102.168, 4.914) on layer: M1
Net VSS: dangling Wire at (36.072, 4.914) (36.072, 4.914) on layer: M1
Net VSS: dangling Wire at (529.524, 5.454) (529.524, 5.454) on layer: M1
Net VSS: dangling Wire at (465.588, 5.454) (465.588, 5.454) on layer: M1
Net VSS: dangling Wire at (430.002, 5.454) (430.002, 5.454) on layer: M1
Net VSS: dangling Wire at (303.210, 5.454) (303.210, 5.454) on layer: M1
Net VSS: dangling Wire at (137.538, 5.454) (137.538, 5.454) on layer: M1
Net VSS: dangling Wire at (102.168, 5.454) (102.168, 5.454) on layer: M1
Net VSS: dangling Wire at (33.912, 5.454) (33.912, 5.454) on layer: M1
Net VSS: dangling Wire at (36.072, 5.454) (36.072, 5.454) on layer: M1
Net VSS: dangling Wire at (529.524, 5.994) (529.524, 5.994) on layer: M1
Net VSS: dangling Wire at (465.588, 5.994) (465.588, 5.994) on layer: M1
Net VSS: dangling Wire at (430.002, 5.994) (430.002, 5.994) on layer: M1
Net VSS: dangling Wire at (303.210, 5.994) (303.210, 5.994) on layer: M1
Net VSS: dangling Wire at (137.538, 5.994) (137.538, 5.994) on layer: M1
Net VSS: dangling Wire at (102.168, 5.994) (102.168, 5.994) on layer: M1
Net VSS: dangling Wire at (33.912, 5.994) (33.912, 5.994) on layer: M1
Net VSS: dangling Wire at (36.072, 5.994) (36.072, 5.994) on layer: M1
Net VSS: dangling Wire at (529.524, 6.534) (529.524, 6.534) on layer: M1
Net VSS: dangling Wire at (465.588, 6.534) (465.588, 6.534) on layer: M1
Net VSS: dangling Wire at (430.002, 6.534) (430.002, 6.534) on layer: M1
Net VSS: dangling Wire at (303.210, 6.534) (303.210, 6.534) on layer: M1
Net VSS: dangling Wire at (137.538, 6.534) (137.538, 6.534) on layer: M1
Net VSS: dangling Wire at (102.168, 6.534) (102.168, 6.534) on layer: M1
Net VSS: dangling Wire at (33.912, 6.534) (33.912, 6.534) on layer: M1
Net VSS: dangling Wire at (36.072, 6.534) (36.072, 6.534) on layer: M1
Net VSS: dangling Wire at (529.524, 7.074) (529.524, 7.074) on layer: M1
Net VSS: dangling Wire at (465.588, 7.074) (465.588, 7.074) on layer: M1
Net VSS: dangling Wire at (430.002, 7.074) (430.002, 7.074) on layer: M1
Net VSS: dangling Wire at (303.210, 7.074) (303.210, 7.074) on layer: M1
Net VSS: dangling Wire at (137.538, 7.074) (137.538, 7.074) on layer: M1
Net VSS: dangling Wire at (102.168, 7.074) (102.168, 7.074) on layer: M1
Net VSS: dangling Wire at (33.912, 7.074) (33.912, 7.074) on layer: M1
Net VSS: dangling Wire at (36.072, 7.074) (36.072, 7.074) on layer: M1
Net VSS: dangling Wire at (529.524, 7.614) (529.524, 7.614) on layer: M1
Net VSS: dangling Wire at (465.588, 7.614) (465.588, 7.614) on layer: M1
Net VSS: dangling Wire at (430.002, 7.614) (430.002, 7.614) on layer: M1
Net VSS: dangling Wire at (303.210, 7.614) (303.210, 7.614) on layer: M1
Net VSS: dangling Wire at (137.538, 7.614) (137.538, 7.614) on layer: M1
Net VSS: dangling Wire at (102.168, 7.614) (102.168, 7.614) on layer: M1
Net VSS: dangling Wire at (33.912, 7.614) (33.912, 7.614) on layer: M1
Net VSS: dangling Wire at (36.072, 7.614) (36.072, 7.614) on layer: M1
Net VSS: dangling Wire at (529.524, 8.154) (529.524, 8.154) on layer: M1
Net VSS: dangling Wire at (465.588, 8.154) (465.588, 8.154) on layer: M1
Net VSS: dangling Wire at (430.002, 8.154) (430.002, 8.154) on layer: M1
Net VSS: dangling Wire at (303.210, 8.154) (303.210, 8.154) on layer: M1
Net VSS: dangling Wire at (137.538, 8.154) (137.538, 8.154) on layer: M1
Net VSS: dangling Wire at (102.168, 8.154) (102.168, 8.154) on layer: M1
Net VSS: dangling Wire at (33.912, 8.154) (33.912, 8.154) on layer: M1
Net VSS: dangling Wire at (36.072, 8.154) (36.072, 8.154) on layer: M1
Net VSS: dangling Wire at (529.524, 8.694) (529.524, 8.694) on layer: M1
Net VSS: dangling Wire at (465.588, 8.694) (465.588, 8.694) on layer: M1
Net VSS: dangling Wire at (430.002, 8.694) (430.002, 8.694) on layer: M1
Net VSS: dangling Wire at (303.210, 8.694) (303.210, 8.694) on layer: M1
Net VSS: dangling Wire at (137.538, 8.694) (137.538, 8.694) on layer: M1
Net VSS: dangling Wire at (102.168, 8.694) (102.168, 8.694) on layer: M1
Net VSS: dangling Wire at (33.912, 8.694) (33.912, 8.694) on layer: M1
Net VSS: dangling Wire at (36.072, 8.694) (36.072, 8.694) on layer: M1
Net VSS: dangling Wire at (529.524, 9.234) (529.524, 9.234) on layer: M1
Net VSS: dangling Wire at (465.588, 9.234) (465.588, 9.234) on layer: M1
Net VSS: dangling Wire at (430.002, 9.234) (430.002, 9.234) on layer: M1
Net VSS: dangling Wire at (303.210, 9.234) (303.210, 9.234) on layer: M1
Net VSS: dangling Wire at (137.538, 9.234) (137.538, 9.234) on layer: M1
Net VSS: dangling Wire at (102.168, 9.234) (102.168, 9.234) on layer: M1
Net VSS: dangling Wire at (33.912, 9.234) (33.912, 9.234) on layer: M1
Net VSS: dangling Wire at (36.072, 9.234) (36.072, 9.234) on layer: M1
Net VSS: dangling Wire at (529.524, 9.774) (529.524, 9.774) on layer: M1
Net VSS: dangling Wire at (465.588, 9.774) (465.588, 9.774) on layer: M1
Net VSS: dangling Wire at (430.002, 9.774) (430.002, 9.774) on layer: M1
Net VSS: dangling Wire at (303.210, 9.774) (303.210, 9.774) on layer: M1
Net VSS: dangling Wire at (137.538, 9.774) (137.538, 9.774) on layer: M1
Net VSS: dangling Wire at (102.168, 9.774) (102.168, 9.774) on layer: M1
Net VSS: dangling Wire at (33.912, 9.774) (33.912, 9.774) on layer: M1
Net VSS: dangling Wire at (36.072, 9.774) (36.072, 9.774) on layer: M1
Net VSS: dangling Wire at (529.524, 10.314) (529.524, 10.314) on layer: M1
Net VSS: dangling Wire at (465.588, 10.314) (465.588, 10.314) on layer: M1
Net VSS: dangling Wire at (430.002, 10.314) (430.002, 10.314) on layer: M1
Net VSS: dangling Wire at (303.210, 10.314) (303.210, 10.314) on layer: M1
Net VSS: dangling Wire at (137.538, 10.314) (137.538, 10.314) on layer: M1
Net VSS: dangling Wire at (102.168, 10.314) (102.168, 10.314) on layer: M1
Net VSS: dangling Wire at (33.912, 10.314) (33.912, 10.314) on layer: M1
Net VSS: dangling Wire at (36.072, 10.314) (36.072, 10.314) on layer: M1
Net VSS: dangling Wire at (529.524, 10.854) (529.524, 10.854) on layer: M1
Net VSS: dangling Wire at (465.588, 10.854) (465.588, 10.854) on layer: M1
Net VSS: dangling Wire at (430.002, 10.854) (430.002, 10.854) on layer: M1
Net VSS: dangling Wire at (303.210, 10.854) (303.210, 10.854) on layer: M1
Net VSS: dangling Wire at (137.538, 10.854) (137.538, 10.854) on layer: M1
Net VSS: dangling Wire at (102.168, 10.854) (102.168, 10.854) on layer: M1
Net VSS: dangling Wire at (33.912, 10.854) (33.912, 10.854) on layer: M1
Net VSS: dangling Wire at (36.072, 10.854) (36.072, 10.854) on layer: M1
Net VSS: dangling Wire at (529.524, 11.394) (529.524, 11.394) on layer: M1
Net VSS: dangling Wire at (465.588, 11.394) (465.588, 11.394) on layer: M1
Net VSS: dangling Wire at (430.002, 11.394) (430.002, 11.394) on layer: M1
Net VSS: dangling Wire at (303.210, 11.394) (303.210, 11.394) on layer: M1
Net VSS: dangling Wire at (137.538, 11.394) (137.538, 11.394) on layer: M1
Net VSS: dangling Wire at (102.168, 11.394) (102.168, 11.394) on layer: M1
Net VSS: dangling Wire at (33.912, 11.394) (33.912, 11.394) on layer: M1
Net VSS: dangling Wire at (36.072, 11.394) (36.072, 11.394) on layer: M1
Net VSS: dangling Wire at (529.524, 11.934) (529.524, 11.934) on layer: M1
Net VSS: dangling Wire at (465.588, 11.934) (465.588, 11.934) on layer: M1
Net VSS: dangling Wire at (430.002, 11.934) (430.002, 11.934) on layer: M1
Net VSS: dangling Wire at (303.210, 11.934) (303.210, 11.934) on layer: M1
Net VSS: dangling Wire at (137.538, 11.934) (137.538, 11.934) on layer: M1
Net VSS: dangling Wire at (102.168, 11.934) (102.168, 11.934) on layer: M1
Net VSS: dangling Wire at (33.912, 11.934) (33.912, 11.934) on layer: M1
Net VSS: dangling Wire at (36.072, 11.934) (36.072, 11.934) on layer: M1
Net VSS: dangling Wire at (529.524, 12.474) (529.524, 12.474) on layer: M1
Net VSS: dangling Wire at (465.588, 12.474) (465.588, 12.474) on layer: M1
Net VSS: dangling Wire at (430.002, 12.474) (430.002, 12.474) on layer: M1
Net VSS: dangling Wire at (303.210, 12.474) (303.210, 12.474) on layer: M1
Net VSS: dangling Wire at (137.538, 12.474) (137.538, 12.474) on layer: M1
Net VSS: dangling Wire at (102.168, 12.474) (102.168, 12.474) on layer: M1
Net VSS: dangling Wire at (36.072, 12.474) (36.072, 12.474) on layer: M1
Net VSS: dangling Wire at (529.524, 13.014) (529.524, 13.014) on layer: M1
Net VSS: dangling Wire at (465.588, 13.014) (465.588, 13.014) on layer: M1
Net VSS: dangling Wire at (430.002, 13.014) (430.002, 13.014) on layer: M1
Net VSS: dangling Wire at (303.210, 13.014) (303.210, 13.014) on layer: M1
Net VSS: dangling Wire at (137.538, 13.014) (137.538, 13.014) on layer: M1
Net VSS: dangling Wire at (102.168, 13.014) (102.168, 13.014) on layer: M1
Net VSS: dangling Wire at (33.912, 13.014) (33.912, 13.014) on layer: M1
Net VSS: dangling Wire at (36.072, 13.014) (36.072, 13.014) on layer: M1
Net VSS: dangling Wire at (529.524, 13.554) (529.524, 13.554) on layer: M1
Net VSS: dangling Wire at (465.588, 13.554) (465.588, 13.554) on layer: M1
Net VSS: dangling Wire at (430.002, 13.554) (430.002, 13.554) on layer: M1
Net VSS: dangling Wire at (303.210, 13.554) (303.210, 13.554) on layer: M1
Net VSS: dangling Wire at (137.538, 13.554) (137.538, 13.554) on layer: M1
Net VSS: dangling Wire at (102.168, 13.554) (102.168, 13.554) on layer: M1
Net VSS: dangling Wire at (36.072, 13.554) (36.072, 13.554) on layer: M1
Net VSS: dangling Wire at (529.524, 14.094) (529.524, 14.094) on layer: M1
Net VSS: dangling Wire at (465.588, 14.094) (465.588, 14.094) on layer: M1
Net VSS: dangling Wire at (430.002, 14.094) (430.002, 14.094) on layer: M1
Net VSS: dangling Wire at (303.210, 14.094) (303.210, 14.094) on layer: M1
Net VSS: dangling Wire at (137.538, 14.094) (137.538, 14.094) on layer: M1
Net VSS: dangling Wire at (102.168, 14.094) (102.168, 14.094) on layer: M1
Net VSS: dangling Wire at (33.912, 14.094) (33.912, 14.094) on layer: M1
Net VSS: dangling Wire at (36.072, 14.094) (36.072, 14.094) on layer: M1
Net VSS: dangling Wire at (529.524, 14.634) (529.524, 14.634) on layer: M1
Net VSS: dangling Wire at (465.588, 14.634) (465.588, 14.634) on layer: M1
Net VSS: dangling Wire at (430.002, 14.634) (430.002, 14.634) on layer: M1
Net VSS: dangling Wire at (303.210, 14.634) (303.210, 14.634) on layer: M1
Net VSS: dangling Wire at (137.538, 14.634) (137.538, 14.634) on layer: M1
Net VSS: dangling Wire at (102.168, 14.634) (102.168, 14.634) on layer: M1
Net VSS: dangling Wire at (33.912, 14.634) (33.912, 14.634) on layer: M1
Net VSS: dangling Wire at (36.072, 14.634) (36.072, 14.634) on layer: M1
Net VSS: dangling Wire at (529.524, 15.174) (529.524, 15.174) on layer: M1
Net VSS: dangling Wire at (465.588, 15.174) (465.588, 15.174) on layer: M1
Net VSS: dangling Wire at (430.002, 15.174) (430.002, 15.174) on layer: M1
Net VSS: dangling Wire at (303.210, 15.174) (303.210, 15.174) on layer: M1
Net VSS: dangling Wire at (137.538, 15.174) (137.538, 15.174) on layer: M1
Net VSS: dangling Wire at (102.168, 15.174) (102.168, 15.174) on layer: M1
Net VSS: dangling Wire at (33.912, 15.174) (33.912, 15.174) on layer: M1
Net VSS: dangling Wire at (36.072, 15.174) (36.072, 15.174) on layer: M1
Net VSS: dangling Wire at (529.524, 15.714) (529.524, 15.714) on layer: M1
Net VSS: dangling Wire at (465.588, 15.714) (465.588, 15.714) on layer: M1
Net VSS: dangling Wire at (430.002, 15.714) (430.002, 15.714) on layer: M1
Net VSS: dangling Wire at (303.210, 15.714) (303.210, 15.714) on layer: M1
Net VSS: dangling Wire at (137.538, 15.714) (137.538, 15.714) on layer: M1
Net VSS: dangling Wire at (102.168, 15.714) (102.168, 15.714) on layer: M1
Net VSS: dangling Wire at (33.912, 15.714) (33.912, 15.714) on layer: M1
Net VSS: dangling Wire at (36.072, 15.714) (36.072, 15.714) on layer: M1
Net VSS: dangling Wire at (529.524, 16.254) (529.524, 16.254) on layer: M1
Net VSS: dangling Wire at (465.588, 16.254) (465.588, 16.254) on layer: M1
Net VSS: dangling Wire at (430.002, 16.254) (430.002, 16.254) on layer: M1
Net VSS: dangling Wire at (303.210, 16.254) (303.210, 16.254) on layer: M1
Net VSS: dangling Wire at (137.538, 16.254) (137.538, 16.254) on layer: M1
Net VSS: dangling Wire at (102.168, 16.254) (102.168, 16.254) on layer: M1
Net VSS: dangling Wire at (33.912, 16.254) (33.912, 16.254) on layer: M1
Net VSS: dangling Wire at (36.072, 16.254) (36.072, 16.254) on layer: M1
Net VSS: dangling Wire at (529.524, 16.794) (529.524, 16.794) on layer: M1
Net VSS: dangling Wire at (465.588, 16.794) (465.588, 16.794) on layer: M1
Net VSS: dangling Wire at (430.002, 16.794) (430.002, 16.794) on layer: M1
Net VSS: dangling Wire at (303.210, 16.794) (303.210, 16.794) on layer: M1
Net VSS: dangling Wire at (137.538, 16.794) (137.538, 16.794) on layer: M1
Net VSS: dangling Wire at (102.168, 16.794) (102.168, 16.794) on layer: M1
Net VSS: dangling Wire at (33.912, 16.794) (33.912, 16.794) on layer: M1
Net VSS: dangling Wire at (36.072, 16.794) (36.072, 16.794) on layer: M1
Net VSS: dangling Wire at (529.524, 17.334) (529.524, 17.334) on layer: M1
Net VSS: dangling Wire at (465.588, 17.334) (465.588, 17.334) on layer: M1
Net VSS: dangling Wire at (430.002, 17.334) (430.002, 17.334) on layer: M1
Net VSS: dangling Wire at (303.210, 17.334) (303.210, 17.334) on layer: M1
Net VSS: dangling Wire at (137.538, 17.334) (137.538, 17.334) on layer: M1
Net VSS: dangling Wire at (102.168, 17.334) (102.168, 17.334) on layer: M1
Net VSS: dangling Wire at (33.912, 17.334) (33.912, 17.334) on layer: M1
Net VSS: dangling Wire at (36.072, 17.334) (36.072, 17.334) on layer: M1
Net VSS: dangling Wire at (529.524, 17.874) (529.524, 17.874) on layer: M1
Net VSS: dangling Wire at (465.588, 17.874) (465.588, 17.874) on layer: M1
Net VSS: dangling Wire at (430.002, 17.874) (430.002, 17.874) on layer: M1
Net VSS: dangling Wire at (303.210, 17.874) (303.210, 17.874) on layer: M1
Net VSS: dangling Wire at (137.538, 17.874) (137.538, 17.874) on layer: M1
Net VSS: dangling Wire at (102.168, 17.874) (102.168, 17.874) on layer: M1
Net VSS: dangling Wire at (33.912, 17.874) (33.912, 17.874) on layer: M1
Net VSS: dangling Wire at (36.072, 17.874) (36.072, 17.874) on layer: M1
Net VSS: dangling Wire at (529.524, 18.414) (529.524, 18.414) on layer: M1
Net VSS: dangling Wire at (465.588, 18.414) (465.588, 18.414) on layer: M1
Net VSS: dangling Wire at (430.002, 18.414) (430.002, 18.414) on layer: M1
Net VSS: dangling Wire at (303.210, 18.414) (303.210, 18.414) on layer: M1
Net VSS: dangling Wire at (137.538, 18.414) (137.538, 18.414) on layer: M1
Net VSS: dangling Wire at (102.168, 18.414) (102.168, 18.414) on layer: M1
Net VSS: dangling Wire at (33.912, 18.414) (33.912, 18.414) on layer: M1
Net VSS: dangling Wire at (36.072, 18.414) (36.072, 18.414) on layer: M1
Net VSS: dangling Wire at (529.524, 18.954) (529.524, 18.954) on layer: M1
Net VSS: dangling Wire at (465.588, 18.954) (465.588, 18.954) on layer: M1
Net VSS: dangling Wire at (430.002, 18.954) (430.002, 18.954) on layer: M1
Net VSS: dangling Wire at (303.210, 18.954) (303.210, 18.954) on layer: M1
Net VSS: dangling Wire at (137.538, 18.954) (137.538, 18.954) on layer: M1
Net VSS: dangling Wire at (102.168, 18.954) (102.168, 18.954) on layer: M1
Net VSS: dangling Wire at (33.912, 18.954) (33.912, 18.954) on layer: M1
Net VSS: dangling Wire at (36.072, 18.954) (36.072, 18.954) on layer: M1
Net VSS: dangling Wire at (529.524, 19.494) (529.524, 19.494) on layer: M1
Net VSS: dangling Wire at (465.588, 19.494) (465.588, 19.494) on layer: M1
Net VSS: dangling Wire at (430.002, 19.494) (430.002, 19.494) on layer: M1
Net VSS: dangling Wire at (303.210, 19.494) (303.210, 19.494) on layer: M1
Net VSS: dangling Wire at (137.538, 19.494) (137.538, 19.494) on layer: M1
Net VSS: dangling Wire at (102.168, 19.494) (102.168, 19.494) on layer: M1
Net VSS: dangling Wire at (33.912, 19.494) (33.912, 19.494) on layer: M1
Net VSS: dangling Wire at (36.072, 19.494) (36.072, 19.494) on layer: M1
Net VSS: dangling Wire at (529.524, 20.034) (529.524, 20.034) on layer: M1
Net VSS: dangling Wire at (465.588, 20.034) (465.588, 20.034) on layer: M1
Net VSS: dangling Wire at (430.002, 20.034) (430.002, 20.034) on layer: M1
Net VSS: dangling Wire at (303.210, 20.034) (303.210, 20.034) on layer: M1
Net VSS: dangling Wire at (137.538, 20.034) (137.538, 20.034) on layer: M1
Net VSS: dangling Wire at (102.168, 20.034) (102.168, 20.034) on layer: M1
Net VSS: dangling Wire at (33.912, 20.034) (33.912, 20.034) on layer: M1
Net VSS: dangling Wire at (36.072, 20.034) (36.072, 20.034) on layer: M1
Net VSS: dangling Wire at (529.524, 20.574) (529.524, 20.574) on layer: M1
Net VSS: dangling Wire at (465.588, 20.574) (465.588, 20.574) on layer: M1
Net VSS: dangling Wire at (430.002, 20.574) (430.002, 20.574) on layer: M1
Net VSS: dangling Wire at (303.210, 20.574) (303.210, 20.574) on layer: M1
Net VSS: dangling Wire at (137.538, 20.574) (137.538, 20.574) on layer: M1
Net VSS: dangling Wire at (102.168, 20.574) (102.168, 20.574) on layer: M1
Net VSS: dangling Wire at (33.912, 20.574) (33.912, 20.574) on layer: M1
Net VSS: dangling Wire at (36.072, 20.574) (36.072, 20.574) on layer: M1
Net VSS: dangling Wire at (465.588, 21.114) (465.588, 21.114) on layer: M1
Net VSS: dangling Wire at (430.002, 21.114) (430.002, 21.114) on layer: M1
Net VSS: dangling Wire at (303.210, 21.114) (303.210, 21.114) on layer: M1
Net VSS: dangling Wire at (137.538, 21.114) (137.538, 21.114) on layer: M1
Net VSS: dangling Wire at (102.168, 21.114) (102.168, 21.114) on layer: M1
Net VSS: dangling Wire at (529.524, 21.654) (529.524, 21.654) on layer: M1
Net VSS: dangling Wire at (465.588, 21.654) (465.588, 21.654) on layer: M1
Net VSS: dangling Wire at (430.002, 21.654) (430.002, 21.654) on layer: M1
Net VSS: dangling Wire at (303.210, 21.654) (303.210, 21.654) on layer: M1
Net VSS: dangling Wire at (137.538, 21.654) (137.538, 21.654) on layer: M1
Net VSS: dangling Wire at (102.168, 21.654) (102.168, 21.654) on layer: M1
Net VSS: dangling Wire at (529.524, 22.194) (529.524, 22.194) on layer: M1
Net VSS: dangling Wire at (465.588, 22.194) (465.588, 22.194) on layer: M1
Net VSS: dangling Wire at (430.002, 22.194) (430.002, 22.194) on layer: M1
Net VSS: dangling Wire at (303.210, 22.194) (303.210, 22.194) on layer: M1
Net VSS: dangling Wire at (137.538, 22.194) (137.538, 22.194) on layer: M1
Net VSS: dangling Wire at (102.168, 22.194) (102.168, 22.194) on layer: M1
Net VSS: dangling Wire at (33.912, 22.194) (33.912, 22.194) on layer: M1
Net VSS: dangling Wire at (529.524, 22.734) (529.524, 22.734) on layer: M1
Net VSS: dangling Wire at (465.588, 22.734) (465.588, 22.734) on layer: M1
Net VSS: dangling Wire at (430.002, 22.734) (430.002, 22.734) on layer: M1
Net VSS: dangling Wire at (303.210, 22.734) (303.210, 22.734) on layer: M1
Net VSS: dangling Wire at (137.538, 22.734) (137.538, 22.734) on layer: M1
Net VSS: dangling Wire at (102.168, 22.734) (102.168, 22.734) on layer: M1
Net VSS: dangling Wire at (33.912, 22.734) (33.912, 22.734) on layer: M1
Net VSS: dangling Wire at (36.072, 22.734) (36.072, 22.734) on layer: M1
Net VSS: dangling Wire at (529.524, 23.274) (529.524, 23.274) on layer: M1
Net VSS: dangling Wire at (465.588, 23.274) (465.588, 23.274) on layer: M1
Net VSS: dangling Wire at (430.002, 23.274) (430.002, 23.274) on layer: M1
Net VSS: dangling Wire at (303.210, 23.274) (303.210, 23.274) on layer: M1
Net VSS: dangling Wire at (137.538, 23.274) (137.538, 23.274) on layer: M1
Net VSS: dangling Wire at (102.168, 23.274) (102.168, 23.274) on layer: M1
Net VSS: dangling Wire at (33.912, 23.274) (33.912, 23.274) on layer: M1
Net VSS: dangling Wire at (36.072, 23.274) (36.072, 23.274) on layer: M1
Net VSS: dangling Wire at (529.524, 23.814) (529.524, 23.814) on layer: M1
Net VSS: dangling Wire at (465.588, 23.814) (465.588, 23.814) on layer: M1
Net VSS: dangling Wire at (430.002, 23.814) (430.002, 23.814) on layer: M1
Net VSS: dangling Wire at (303.210, 23.814) (303.210, 23.814) on layer: M1
Net VSS: dangling Wire at (137.538, 23.814) (137.538, 23.814) on layer: M1
Net VSS: dangling Wire at (102.168, 23.814) (102.168, 23.814) on layer: M1
Net VSS: dangling Wire at (33.912, 23.814) (33.912, 23.814) on layer: M1
Net VSS: dangling Wire at (36.072, 23.814) (36.072, 23.814) on layer: M1
Net VSS: dangling Wire at (529.524, 24.354) (529.524, 24.354) on layer: M1
Net VSS: dangling Wire at (465.588, 24.354) (465.588, 24.354) on layer: M1
Net VSS: dangling Wire at (430.002, 24.354) (430.002, 24.354) on layer: M1
Net VSS: dangling Wire at (303.210, 24.354) (303.210, 24.354) on layer: M1
Net VSS: dangling Wire at (137.538, 24.354) (137.538, 24.354) on layer: M1
Net VSS: dangling Wire at (102.168, 24.354) (102.168, 24.354) on layer: M1
Net VSS: dangling Wire at (33.912, 24.354) (33.912, 24.354) on layer: M1
Net VSS: dangling Wire at (36.072, 24.354) (36.072, 24.354) on layer: M1
Net VSS: dangling Wire at (529.524, 24.894) (529.524, 24.894) on layer: M1
Net VSS: dangling Wire at (465.588, 24.894) (465.588, 24.894) on layer: M1
Net VSS: dangling Wire at (430.002, 24.894) (430.002, 24.894) on layer: M1
Net VSS: dangling Wire at (303.210, 24.894) (303.210, 24.894) on layer: M1
Net VSS: dangling Wire at (137.538, 24.894) (137.538, 24.894) on layer: M1
Net VSS: dangling Wire at (102.168, 24.894) (102.168, 24.894) on layer: M1
Net VSS: dangling Wire at (33.912, 24.894) (33.912, 24.894) on layer: M1
Net VSS: dangling Wire at (36.072, 24.894) (36.072, 24.894) on layer: M1
Net VSS: dangling Wire at (529.524, 25.434) (529.524, 25.434) on layer: M1
Net VSS: dangling Wire at (465.588, 25.434) (465.588, 25.434) on layer: M1
Net VSS: dangling Wire at (430.002, 25.434) (430.002, 25.434) on layer: M1
Net VSS: dangling Wire at (303.210, 25.434) (303.210, 25.434) on layer: M1
Net VSS: dangling Wire at (137.538, 25.434) (137.538, 25.434) on layer: M1
Net VSS: dangling Wire at (102.168, 25.434) (102.168, 25.434) on layer: M1
Net VSS: dangling Wire at (33.912, 25.434) (33.912, 25.434) on layer: M1
Net VSS: dangling Wire at (36.072, 25.434) (36.072, 25.434) on layer: M1
Net VSS: dangling Wire at (529.524, 25.974) (529.524, 25.974) on layer: M1
Net VSS: dangling Wire at (465.588, 25.974) (465.588, 25.974) on layer: M1
Net VSS: dangling Wire at (430.002, 25.974) (430.002, 25.974) on layer: M1
Net VSS: dangling Wire at (303.210, 25.974) (303.210, 25.974) on layer: M1
Net VSS: dangling Wire at (137.538, 25.974) (137.538, 25.974) on layer: M1
Net VSS: dangling Wire at (102.168, 25.974) (102.168, 25.974) on layer: M1
Net VSS: dangling Wire at (33.912, 25.974) (33.912, 25.974) on layer: M1
Net VSS: dangling Wire at (36.072, 25.974) (36.072, 25.974) on layer: M1
Net VSS: dangling Wire at (529.524, 26.514) (529.524, 26.514) on layer: M1
Net VSS: dangling Wire at (465.588, 26.514) (465.588, 26.514) on layer: M1
Net VSS: dangling Wire at (430.002, 26.514) (430.002, 26.514) on layer: M1
Net VSS: dangling Wire at (303.210, 26.514) (303.210, 26.514) on layer: M1
Net VSS: dangling Wire at (137.538, 26.514) (137.538, 26.514) on layer: M1
Net VSS: dangling Wire at (102.168, 26.514) (102.168, 26.514) on layer: M1
Net VSS: dangling Wire at (33.912, 26.514) (33.912, 26.514) on layer: M1
Net VSS: dangling Wire at (36.072, 26.514) (36.072, 26.514) on layer: M1
Net VSS: dangling Wire at (529.524, 27.054) (529.524, 27.054) on layer: M1
Net VSS: dangling Wire at (465.588, 27.054) (465.588, 27.054) on layer: M1
Net VSS: dangling Wire at (430.002, 27.054) (430.002, 27.054) on layer: M1
Net VSS: dangling Wire at (303.210, 27.054) (303.210, 27.054) on layer: M1
Net VSS: dangling Wire at (137.538, 27.054) (137.538, 27.054) on layer: M1
Net VSS: dangling Wire at (102.168, 27.054) (102.168, 27.054) on layer: M1
Net VSS: dangling Wire at (33.912, 27.054) (33.912, 27.054) on layer: M1
Net VSS: dangling Wire at (36.072, 27.054) (36.072, 27.054) on layer: M1
Net VSS: dangling Wire at (529.524, 27.594) (529.524, 27.594) on layer: M1
Net VSS: dangling Wire at (465.588, 27.594) (465.588, 27.594) on layer: M1
Net VSS: dangling Wire at (430.002, 27.594) (430.002, 27.594) on layer: M1
Net VSS: dangling Wire at (303.210, 27.594) (303.210, 27.594) on layer: M1
Net VSS: dangling Wire at (137.538, 27.594) (137.538, 27.594) on layer: M1
Net VSS: dangling Wire at (102.168, 27.594) (102.168, 27.594) on layer: M1
Net VSS: dangling Wire at (36.072, 27.594) (36.072, 27.594) on layer: M1
Net VSS: dangling Wire at (529.524, 28.134) (529.524, 28.134) on layer: M1
Net VSS: dangling Wire at (465.588, 28.134) (465.588, 28.134) on layer: M1
Net VSS: dangling Wire at (430.002, 28.134) (430.002, 28.134) on layer: M1
Net VSS: dangling Wire at (303.210, 28.134) (303.210, 28.134) on layer: M1
Net VSS: dangling Wire at (137.538, 28.134) (137.538, 28.134) on layer: M1
Net VSS: dangling Wire at (102.168, 28.134) (102.168, 28.134) on layer: M1
Net VSS: dangling Wire at (36.072, 28.134) (36.072, 28.134) on layer: M1
Net VSS: dangling Wire at (529.524, 28.674) (529.524, 28.674) on layer: M1
Net VSS: dangling Wire at (465.588, 28.674) (465.588, 28.674) on layer: M1
Net VSS: dangling Wire at (430.002, 28.674) (430.002, 28.674) on layer: M1
Net VSS: dangling Wire at (303.210, 28.674) (303.210, 28.674) on layer: M1
Net VSS: dangling Wire at (137.538, 28.674) (137.538, 28.674) on layer: M1
Net VSS: dangling Wire at (102.168, 28.674) (102.168, 28.674) on layer: M1
Net VSS: dangling Wire at (33.912, 28.674) (33.912, 28.674) on layer: M1
Net VSS: dangling Wire at (36.072, 28.674) (36.072, 28.674) on layer: M1
Net VSS: dangling Wire at (529.524, 29.214) (529.524, 29.214) on layer: M1
Net VSS: dangling Wire at (465.588, 29.214) (465.588, 29.214) on layer: M1
Net VSS: dangling Wire at (430.002, 29.214) (430.002, 29.214) on layer: M1
Net VSS: dangling Wire at (303.210, 29.214) (303.210, 29.214) on layer: M1
Net VSS: dangling Wire at (137.538, 29.214) (137.538, 29.214) on layer: M1
Net VSS: dangling Wire at (102.168, 29.214) (102.168, 29.214) on layer: M1
Net VSS: dangling Wire at (33.912, 29.214) (33.912, 29.214) on layer: M1
Net VSS: dangling Wire at (36.072, 29.214) (36.072, 29.214) on layer: M1
Net VSS: dangling Wire at (529.524, 29.754) (529.524, 29.754) on layer: M1
Net VSS: dangling Wire at (465.588, 29.754) (465.588, 29.754) on layer: M1
Net VSS: dangling Wire at (430.002, 29.754) (430.002, 29.754) on layer: M1
Net VSS: dangling Wire at (303.210, 29.754) (303.210, 29.754) on layer: M1
Net VSS: dangling Wire at (137.538, 29.754) (137.538, 29.754) on layer: M1
Net VSS: dangling Wire at (102.168, 29.754) (102.168, 29.754) on layer: M1
Net VSS: dangling Wire at (33.912, 29.754) (33.912, 29.754) on layer: M1
Net VSS: dangling Wire at (36.072, 29.754) (36.072, 29.754) on layer: M1
Net VSS: dangling Wire at (529.524, 30.294) (529.524, 30.294) on layer: M1
Net VSS: dangling Wire at (465.588, 30.294) (465.588, 30.294) on layer: M1
Net VSS: dangling Wire at (430.002, 30.294) (430.002, 30.294) on layer: M1
Net VSS: dangling Wire at (303.210, 30.294) (303.210, 30.294) on layer: M1
Net VSS: dangling Wire at (137.538, 30.294) (137.538, 30.294) on layer: M1
Net VSS: dangling Wire at (102.168, 30.294) (102.168, 30.294) on layer: M1
Net VSS: dangling Wire at (33.912, 30.294) (33.912, 30.294) on layer: M1
Net VSS: dangling Wire at (36.072, 30.294) (36.072, 30.294) on layer: M1
Net VSS: dangling Wire at (529.524, 30.834) (529.524, 30.834) on layer: M1
Net VSS: dangling Wire at (465.588, 30.834) (465.588, 30.834) on layer: M1
Net VSS: dangling Wire at (430.002, 30.834) (430.002, 30.834) on layer: M1
Net VSS: dangling Wire at (303.210, 30.834) (303.210, 30.834) on layer: M1
Net VSS: dangling Wire at (137.538, 30.834) (137.538, 30.834) on layer: M1
Net VSS: dangling Wire at (102.168, 30.834) (102.168, 30.834) on layer: M1
Net VSS: dangling Wire at (33.912, 30.834) (33.912, 30.834) on layer: M1
Net VSS: dangling Wire at (36.072, 30.834) (36.072, 30.834) on layer: M1
Net VSS: dangling Wire at (529.524, 31.374) (529.524, 31.374) on layer: M1
Net VSS: dangling Wire at (465.588, 31.374) (465.588, 31.374) on layer: M1
Net VSS: dangling Wire at (430.002, 31.374) (430.002, 31.374) on layer: M1
Net VSS: dangling Wire at (303.210, 31.374) (303.210, 31.374) on layer: M1
Net VSS: dangling Wire at (137.538, 31.374) (137.538, 31.374) on layer: M1
Net VSS: dangling Wire at (102.168, 31.374) (102.168, 31.374) on layer: M1
Net VSS: dangling Wire at (33.912, 31.374) (33.912, 31.374) on layer: M1
Net VSS: dangling Wire at (36.072, 31.374) (36.072, 31.374) on layer: M1
Net VSS: dangling Wire at (529.524, 31.914) (529.524, 31.914) on layer: M1
Net VSS: dangling Wire at (465.588, 31.914) (465.588, 31.914) on layer: M1
Net VSS: dangling Wire at (430.002, 31.914) (430.002, 31.914) on layer: M1
Net VSS: dangling Wire at (303.210, 31.914) (303.210, 31.914) on layer: M1
Net VSS: dangling Wire at (137.538, 31.914) (137.538, 31.914) on layer: M1
Net VSS: dangling Wire at (102.168, 31.914) (102.168, 31.914) on layer: M1
Net VSS: dangling Wire at (33.912, 31.914) (33.912, 31.914) on layer: M1
Net VSS: dangling Wire at (36.072, 31.914) (36.072, 31.914) on layer: M1
Net VSS: dangling Wire at (529.524, 32.454) (529.524, 32.454) on layer: M1
Net VSS: dangling Wire at (465.588, 32.454) (465.588, 32.454) on layer: M1
Net VSS: dangling Wire at (430.002, 32.454) (430.002, 32.454) on layer: M1
Net VSS: dangling Wire at (303.210, 32.454) (303.210, 32.454) on layer: M1
Net VSS: dangling Wire at (137.538, 32.454) (137.538, 32.454) on layer: M1
Net VSS: dangling Wire at (102.168, 32.454) (102.168, 32.454) on layer: M1
Net VSS: dangling Wire at (33.912, 32.454) (33.912, 32.454) on layer: M1
Net VSS: dangling Wire at (36.072, 32.454) (36.072, 32.454) on layer: M1
Net VSS: dangling Wire at (529.524, 32.994) (529.524, 32.994) on layer: M1
Net VSS: dangling Wire at (465.588, 32.994) (465.588, 32.994) on layer: M1
Net VSS: dangling Wire at (430.002, 32.994) (430.002, 32.994) on layer: M1
Net VSS: dangling Wire at (303.210, 32.994) (303.210, 32.994) on layer: M1
Net VSS: dangling Wire at (137.538, 32.994) (137.538, 32.994) on layer: M1
Net VSS: dangling Wire at (102.168, 32.994) (102.168, 32.994) on layer: M1
Net VSS: dangling Wire at (33.912, 32.994) (33.912, 32.994) on layer: M1
Net VSS: dangling Wire at (36.072, 32.994) (36.072, 32.994) on layer: M1
Net VSS: dangling Wire at (529.524, 33.534) (529.524, 33.534) on layer: M1
Net VSS: dangling Wire at (465.588, 33.534) (465.588, 33.534) on layer: M1
Net VSS: dangling Wire at (430.002, 33.534) (430.002, 33.534) on layer: M1
Net VSS: dangling Wire at (303.210, 33.534) (303.210, 33.534) on layer: M1
Net VSS: dangling Wire at (137.538, 33.534) (137.538, 33.534) on layer: M1
Net VSS: dangling Wire at (102.168, 33.534) (102.168, 33.534) on layer: M1
Net VSS: dangling Wire at (33.912, 33.534) (33.912, 33.534) on layer: M1
Net VSS: dangling Wire at (36.072, 33.534) (36.072, 33.534) on layer: M1
Net VSS: dangling Wire at (529.524, 34.074) (529.524, 34.074) on layer: M1
Net VSS: dangling Wire at (465.588, 34.074) (465.588, 34.074) on layer: M1
Net VSS: dangling Wire at (430.002, 34.074) (430.002, 34.074) on layer: M1
Net VSS: dangling Wire at (303.210, 34.074) (303.210, 34.074) on layer: M1
Net VSS: dangling Wire at (137.538, 34.074) (137.538, 34.074) on layer: M1
Net VSS: dangling Wire at (102.168, 34.074) (102.168, 34.074) on layer: M1
Net VSS: dangling Wire at (36.072, 34.074) (36.072, 34.074) on layer: M1
Net VSS: dangling Wire at (529.524, 34.614) (529.524, 34.614) on layer: M1
Net VSS: dangling Wire at (465.588, 34.614) (465.588, 34.614) on layer: M1
Net VSS: dangling Wire at (430.002, 34.614) (430.002, 34.614) on layer: M1
Net VSS: dangling Wire at (303.210, 34.614) (303.210, 34.614) on layer: M1
Net VSS: dangling Wire at (137.538, 34.614) (137.538, 34.614) on layer: M1
Net VSS: dangling Wire at (102.168, 34.614) (102.168, 34.614) on layer: M1
Net VSS: dangling Wire at (33.912, 34.614) (33.912, 34.614) on layer: M1
Net VSS: dangling Wire at (36.072, 34.614) (36.072, 34.614) on layer: M1
Net VSS: dangling Wire at (529.524, 35.154) (529.524, 35.154) on layer: M1
Net VSS: dangling Wire at (465.588, 35.154) (465.588, 35.154) on layer: M1
Net VSS: dangling Wire at (430.002, 35.154) (430.002, 35.154) on layer: M1
Net VSS: dangling Wire at (303.210, 35.154) (303.210, 35.154) on layer: M1
Net VSS: dangling Wire at (137.538, 35.154) (137.538, 35.154) on layer: M1
Net VSS: dangling Wire at (102.168, 35.154) (102.168, 35.154) on layer: M1
Net VSS: dangling Wire at (33.912, 35.154) (33.912, 35.154) on layer: M1
Net VSS: dangling Wire at (36.072, 35.154) (36.072, 35.154) on layer: M1
Net VSS: dangling Wire at (529.524, 35.694) (529.524, 35.694) on layer: M1
Net VSS: dangling Wire at (465.588, 35.694) (465.588, 35.694) on layer: M1
Net VSS: dangling Wire at (430.002, 35.694) (430.002, 35.694) on layer: M1
Net VSS: dangling Wire at (303.210, 35.694) (303.210, 35.694) on layer: M1
Net VSS: dangling Wire at (137.538, 35.694) (137.538, 35.694) on layer: M1
Net VSS: dangling Wire at (102.168, 35.694) (102.168, 35.694) on layer: M1
Net VSS: dangling Wire at (33.912, 35.694) (33.912, 35.694) on layer: M1
Net VSS: dangling Wire at (36.072, 35.694) (36.072, 35.694) on layer: M1
Net VSS: dangling Wire at (529.524, 36.234) (529.524, 36.234) on layer: M1
Net VSS: dangling Wire at (465.588, 36.234) (465.588, 36.234) on layer: M1
Net VSS: dangling Wire at (430.002, 36.234) (430.002, 36.234) on layer: M1
Net VSS: dangling Wire at (303.210, 36.234) (303.210, 36.234) on layer: M1
Net VSS: dangling Wire at (137.538, 36.234) (137.538, 36.234) on layer: M1
Net VSS: dangling Wire at (33.912, 36.234) (33.912, 36.234) on layer: M1
Net VSS: dangling Wire at (36.072, 36.234) (36.072, 36.234) on layer: M1
Net VSS: dangling Wire at (529.524, 36.774) (529.524, 36.774) on layer: M1
Net VSS: dangling Wire at (465.588, 36.774) (465.588, 36.774) on layer: M1
Net VSS: dangling Wire at (430.002, 36.774) (430.002, 36.774) on layer: M1
Net VSS: dangling Wire at (303.210, 36.774) (303.210, 36.774) on layer: M1
Net VSS: dangling Wire at (137.538, 36.774) (137.538, 36.774) on layer: M1
Net VSS: dangling Wire at (102.168, 36.774) (102.168, 36.774) on layer: M1
Net VSS: dangling Wire at (33.912, 36.774) (33.912, 36.774) on layer: M1
Net VSS: dangling Wire at (36.072, 36.774) (36.072, 36.774) on layer: M1
Net VSS: dangling Wire at (529.524, 37.314) (529.524, 37.314) on layer: M1
Net VSS: dangling Wire at (465.588, 37.314) (465.588, 37.314) on layer: M1
Net VSS: dangling Wire at (430.002, 37.314) (430.002, 37.314) on layer: M1
Net VSS: dangling Wire at (303.210, 37.314) (303.210, 37.314) on layer: M1
Net VSS: dangling Wire at (137.538, 37.314) (137.538, 37.314) on layer: M1
Net VSS: dangling Wire at (102.168, 37.314) (102.168, 37.314) on layer: M1
Net VSS: dangling Wire at (33.912, 37.314) (33.912, 37.314) on layer: M1
Net VSS: dangling Wire at (36.072, 37.314) (36.072, 37.314) on layer: M1
Net VSS: dangling Wire at (529.524, 37.854) (529.524, 37.854) on layer: M1
Net VSS: dangling Wire at (465.588, 37.854) (465.588, 37.854) on layer: M1
Net VSS: dangling Wire at (430.002, 37.854) (430.002, 37.854) on layer: M1
Net VSS: dangling Wire at (303.210, 37.854) (303.210, 37.854) on layer: M1
Net VSS: dangling Wire at (137.538, 37.854) (137.538, 37.854) on layer: M1
Net VSS: dangling Wire at (102.168, 37.854) (102.168, 37.854) on layer: M1
Net VSS: dangling Wire at (33.912, 37.854) (33.912, 37.854) on layer: M1
Net VSS: dangling Wire at (36.072, 37.854) (36.072, 37.854) on layer: M1
Net VSS: dangling Wire at (529.524, 38.394) (529.524, 38.394) on layer: M1
Net VSS: dangling Wire at (465.588, 38.394) (465.588, 38.394) on layer: M1
Net VSS: dangling Wire at (430.002, 38.394) (430.002, 38.394) on layer: M1
Net VSS: dangling Wire at (303.210, 38.394) (303.210, 38.394) on layer: M1
Net VSS: dangling Wire at (137.538, 38.394) (137.538, 38.394) on layer: M1
Net VSS: dangling Wire at (102.168, 38.394) (102.168, 38.394) on layer: M1
Net VSS: dangling Wire at (33.912, 38.394) (33.912, 38.394) on layer: M1
Net VSS: dangling Wire at (36.072, 38.394) (36.072, 38.394) on layer: M1
Net VSS: dangling Wire at (529.524, 38.934) (529.524, 38.934) on layer: M1
Net VSS: dangling Wire at (465.588, 38.934) (465.588, 38.934) on layer: M1
Net VSS: dangling Wire at (430.002, 38.934) (430.002, 38.934) on layer: M1
Net VSS: dangling Wire at (303.210, 38.934) (303.210, 38.934) on layer: M1
Net VSS: dangling Wire at (137.538, 38.934) (137.538, 38.934) on layer: M1
Net VSS: dangling Wire at (102.168, 38.934) (102.168, 38.934) on layer: M1
Net VSS: dangling Wire at (33.912, 38.934) (33.912, 38.934) on layer: M1
Net VSS: dangling Wire at (36.072, 38.934) (36.072, 38.934) on layer: M1
Net VSS: dangling Wire at (529.524, 39.474) (529.524, 39.474) on layer: M1
Net VSS: dangling Wire at (465.588, 39.474) (465.588, 39.474) on layer: M1
Net VSS: dangling Wire at (430.002, 39.474) (430.002, 39.474) on layer: M1
Net VSS: dangling Wire at (303.210, 39.474) (303.210, 39.474) on layer: M1
Net VSS: dangling Wire at (137.538, 39.474) (137.538, 39.474) on layer: M1
Net VSS: dangling Wire at (102.168, 39.474) (102.168, 39.474) on layer: M1
Net VSS: dangling Wire at (33.912, 39.474) (33.912, 39.474) on layer: M1
Net VSS: dangling Wire at (36.072, 39.474) (36.072, 39.474) on layer: M1
Net VSS: dangling Wire at (529.524, 40.014) (529.524, 40.014) on layer: M1
Net VSS: dangling Wire at (465.588, 40.014) (465.588, 40.014) on layer: M1
Net VSS: dangling Wire at (430.002, 40.014) (430.002, 40.014) on layer: M1
Net VSS: dangling Wire at (303.210, 40.014) (303.210, 40.014) on layer: M1
Net VSS: dangling Wire at (137.538, 40.014) (137.538, 40.014) on layer: M1
Net VSS: dangling Wire at (102.168, 40.014) (102.168, 40.014) on layer: M1
Net VSS: dangling Wire at (33.912, 40.014) (33.912, 40.014) on layer: M1
Net VSS: dangling Wire at (36.072, 40.014) (36.072, 40.014) on layer: M1
Net VSS: dangling Wire at (529.524, 40.554) (529.524, 40.554) on layer: M1
Net VSS: dangling Wire at (465.588, 40.554) (465.588, 40.554) on layer: M1
Net VSS: dangling Wire at (430.002, 40.554) (430.002, 40.554) on layer: M1
Net VSS: dangling Wire at (303.210, 40.554) (303.210, 40.554) on layer: M1
Net VSS: dangling Wire at (137.538, 40.554) (137.538, 40.554) on layer: M1
Net VSS: dangling Wire at (102.168, 40.554) (102.168, 40.554) on layer: M1
Net VSS: dangling Wire at (33.912, 40.554) (33.912, 40.554) on layer: M1
Net VSS: dangling Wire at (36.072, 40.554) (36.072, 40.554) on layer: M1
Net VSS: dangling Wire at (529.524, 41.094) (529.524, 41.094) on layer: M1
Net VSS: dangling Wire at (465.588, 41.094) (465.588, 41.094) on layer: M1
Net VSS: dangling Wire at (430.002, 41.094) (430.002, 41.094) on layer: M1
Net VSS: dangling Wire at (303.210, 41.094) (303.210, 41.094) on layer: M1
Net VSS: dangling Wire at (137.538, 41.094) (137.538, 41.094) on layer: M1
Net VSS: dangling Wire at (102.168, 41.094) (102.168, 41.094) on layer: M1
Net VSS: dangling Wire at (33.912, 41.094) (33.912, 41.094) on layer: M1
Net VSS: dangling Wire at (36.072, 41.094) (36.072, 41.094) on layer: M1
Net VSS: dangling Wire at (529.524, 41.634) (529.524, 41.634) on layer: M1
Net VSS: dangling Wire at (465.588, 41.634) (465.588, 41.634) on layer: M1
Net VSS: dangling Wire at (430.002, 41.634) (430.002, 41.634) on layer: M1
Net VSS: dangling Wire at (303.210, 41.634) (303.210, 41.634) on layer: M1
Net VSS: dangling Wire at (137.538, 41.634) (137.538, 41.634) on layer: M1
Net VSS: dangling Wire at (102.168, 41.634) (102.168, 41.634) on layer: M1
Net VSS: dangling Wire at (33.912, 41.634) (33.912, 41.634) on layer: M1
Net VSS: dangling Wire at (36.072, 41.634) (36.072, 41.634) on layer: M1
Net VSS: dangling Wire at (529.524, 42.174) (529.524, 42.174) on layer: M1
Net VSS: dangling Wire at (465.588, 42.174) (465.588, 42.174) on layer: M1
Net VSS: dangling Wire at (430.002, 42.174) (430.002, 42.174) on layer: M1
Net VSS: dangling Wire at (303.210, 42.174) (303.210, 42.174) on layer: M1
Net VSS: dangling Wire at (137.538, 42.174) (137.538, 42.174) on layer: M1
Net VSS: dangling Wire at (102.168, 42.174) (102.168, 42.174) on layer: M1
Net VSS: dangling Wire at (33.912, 42.174) (33.912, 42.174) on layer: M1
Net VSS: dangling Wire at (36.072, 42.174) (36.072, 42.174) on layer: M1
Net VSS: dangling Wire at (529.524, 42.714) (529.524, 42.714) on layer: M1
Net VSS: dangling Wire at (465.588, 42.714) (465.588, 42.714) on layer: M1
Net VSS: dangling Wire at (430.002, 42.714) (430.002, 42.714) on layer: M1
Net VSS: dangling Wire at (303.210, 42.714) (303.210, 42.714) on layer: M1
Net VSS: dangling Wire at (137.538, 42.714) (137.538, 42.714) on layer: M1
Net VSS: dangling Wire at (102.168, 42.714) (102.168, 42.714) on layer: M1
Net VSS: dangling Wire at (33.912, 42.714) (33.912, 42.714) on layer: M1
Net VSS: dangling Wire at (36.072, 42.714) (36.072, 42.714) on layer: M1
Net VSS: dangling Wire at (529.524, 43.254) (529.524, 43.254) on layer: M1
Net VSS: dangling Wire at (465.588, 43.254) (465.588, 43.254) on layer: M1
Net VSS: dangling Wire at (430.002, 43.254) (430.002, 43.254) on layer: M1
Net VSS: dangling Wire at (303.210, 43.254) (303.210, 43.254) on layer: M1
Net VSS: dangling Wire at (137.538, 43.254) (137.538, 43.254) on layer: M1
Net VSS: dangling Wire at (102.168, 43.254) (102.168, 43.254) on layer: M1
Net VSS: dangling Wire at (36.072, 43.254) (36.072, 43.254) on layer: M1
Net VSS: dangling Wire at (529.524, 43.794) (529.524, 43.794) on layer: M1
Net VSS: dangling Wire at (465.588, 43.794) (465.588, 43.794) on layer: M1
Net VSS: dangling Wire at (430.002, 43.794) (430.002, 43.794) on layer: M1
Net VSS: dangling Wire at (303.210, 43.794) (303.210, 43.794) on layer: M1
Net VSS: dangling Wire at (137.538, 43.794) (137.538, 43.794) on layer: M1
Net VSS: dangling Wire at (102.168, 43.794) (102.168, 43.794) on layer: M1
Net VSS: dangling Wire at (33.912, 43.794) (33.912, 43.794) on layer: M1
Net VSS: dangling Wire at (36.072, 43.794) (36.072, 43.794) on layer: M1
Net VSS: dangling Wire at (529.524, 44.334) (529.524, 44.334) on layer: M1
Net VSS: dangling Wire at (465.588, 44.334) (465.588, 44.334) on layer: M1
Net VSS: dangling Wire at (430.002, 44.334) (430.002, 44.334) on layer: M1
Net VSS: dangling Wire at (303.210, 44.334) (303.210, 44.334) on layer: M1
Net VSS: dangling Wire at (137.538, 44.334) (137.538, 44.334) on layer: M1
Net VSS: dangling Wire at (102.168, 44.334) (102.168, 44.334) on layer: M1
Net VSS: dangling Wire at (33.912, 44.334) (33.912, 44.334) on layer: M1
Net VSS: dangling Wire at (36.072, 44.334) (36.072, 44.334) on layer: M1
Net VSS: dangling Wire at (529.524, 44.874) (529.524, 44.874) on layer: M1
Net VSS: dangling Wire at (465.588, 44.874) (465.588, 44.874) on layer: M1
Net VSS: dangling Wire at (430.002, 44.874) (430.002, 44.874) on layer: M1
Net VSS: dangling Wire at (303.210, 44.874) (303.210, 44.874) on layer: M1
Net VSS: dangling Wire at (137.538, 44.874) (137.538, 44.874) on layer: M1
Net VSS: dangling Wire at (102.168, 44.874) (102.168, 44.874) on layer: M1
Net VSS: dangling Wire at (33.912, 44.874) (33.912, 44.874) on layer: M1
Net VSS: dangling Wire at (36.072, 44.874) (36.072, 44.874) on layer: M1
Net VSS: dangling Wire at (529.524, 45.414) (529.524, 45.414) on layer: M1
Net VSS: dangling Wire at (465.588, 45.414) (465.588, 45.414) on layer: M1
Net VSS: dangling Wire at (430.002, 45.414) (430.002, 45.414) on layer: M1
Net VSS: dangling Wire at (303.210, 45.414) (303.210, 45.414) on layer: M1
Net VSS: dangling Wire at (137.538, 45.414) (137.538, 45.414) on layer: M1
Net VSS: dangling Wire at (102.168, 45.414) (102.168, 45.414) on layer: M1
Net VSS: dangling Wire at (33.912, 45.414) (33.912, 45.414) on layer: M1
Net VSS: dangling Wire at (36.072, 45.414) (36.072, 45.414) on layer: M1
Net VSS: dangling Wire at (529.524, 45.954) (529.524, 45.954) on layer: M1
Net VSS: dangling Wire at (465.588, 45.954) (465.588, 45.954) on layer: M1
Net VSS: dangling Wire at (430.002, 45.954) (430.002, 45.954) on layer: M1
Net VSS: dangling Wire at (303.210, 45.954) (303.210, 45.954) on layer: M1
Net VSS: dangling Wire at (137.538, 45.954) (137.538, 45.954) on layer: M1
Net VSS: dangling Wire at (102.168, 45.954) (102.168, 45.954) on layer: M1
Net VSS: dangling Wire at (33.912, 45.954) (33.912, 45.954) on layer: M1
Net VSS: dangling Wire at (36.072, 45.954) (36.072, 45.954) on layer: M1
Net VSS: dangling Wire at (529.524, 46.494) (529.524, 46.494) on layer: M1
Net VSS: dangling Wire at (465.588, 46.494) (465.588, 46.494) on layer: M1
Net VSS: dangling Wire at (430.002, 46.494) (430.002, 46.494) on layer: M1
Net VSS: dangling Wire at (303.210, 46.494) (303.210, 46.494) on layer: M1
Net VSS: dangling Wire at (137.538, 46.494) (137.538, 46.494) on layer: M1
Net VSS: dangling Wire at (102.168, 46.494) (102.168, 46.494) on layer: M1
Net VSS: dangling Wire at (33.912, 46.494) (33.912, 46.494) on layer: M1
Net VSS: dangling Wire at (36.072, 46.494) (36.072, 46.494) on layer: M1
Net VSS: dangling Wire at (529.524, 47.034) (529.524, 47.034) on layer: M1
Net VSS: dangling Wire at (465.588, 47.034) (465.588, 47.034) on layer: M1
Net VSS: dangling Wire at (430.002, 47.034) (430.002, 47.034) on layer: M1
Net VSS: dangling Wire at (303.210, 47.034) (303.210, 47.034) on layer: M1
Net VSS: dangling Wire at (137.538, 47.034) (137.538, 47.034) on layer: M1
Net VSS: dangling Wire at (102.168, 47.034) (102.168, 47.034) on layer: M1
Net VSS: dangling Wire at (33.912, 47.034) (33.912, 47.034) on layer: M1
Net VSS: dangling Wire at (36.072, 47.034) (36.072, 47.034) on layer: M1
Net VSS: dangling Wire at (529.524, 47.574) (529.524, 47.574) on layer: M1
Net VSS: dangling Wire at (465.588, 47.574) (465.588, 47.574) on layer: M1
Net VSS: dangling Wire at (430.002, 47.574) (430.002, 47.574) on layer: M1
Net VSS: dangling Wire at (303.210, 47.574) (303.210, 47.574) on layer: M1
Net VSS: dangling Wire at (137.538, 47.574) (137.538, 47.574) on layer: M1
Net VSS: dangling Wire at (102.168, 47.574) (102.168, 47.574) on layer: M1
Net VSS: dangling Wire at (33.912, 47.574) (33.912, 47.574) on layer: M1
Net VSS: dangling Wire at (36.072, 47.574) (36.072, 47.574) on layer: M1
Net VSS: dangling Wire at (529.524, 48.114) (529.524, 48.114) on layer: M1
Net VSS: dangling Wire at (465.588, 48.114) (465.588, 48.114) on layer: M1
Net VSS: dangling Wire at (430.002, 48.114) (430.002, 48.114) on layer: M1
Net VSS: dangling Wire at (303.210, 48.114) (303.210, 48.114) on layer: M1
Net VSS: dangling Wire at (137.538, 48.114) (137.538, 48.114) on layer: M1
Net VSS: dangling Wire at (102.168, 48.114) (102.168, 48.114) on layer: M1
Net VSS: dangling Wire at (33.912, 48.114) (33.912, 48.114) on layer: M1
Net VSS: dangling Wire at (36.072, 48.114) (36.072, 48.114) on layer: M1
Net VSS: dangling Wire at (529.524, 48.654) (529.524, 48.654) on layer: M1
Net VSS: dangling Wire at (465.588, 48.654) (465.588, 48.654) on layer: M1
Net VSS: dangling Wire at (430.002, 48.654) (430.002, 48.654) on layer: M1
Net VSS: dangling Wire at (303.210, 48.654) (303.210, 48.654) on layer: M1
Net VSS: dangling Wire at (137.538, 48.654) (137.538, 48.654) on layer: M1
Net VSS: dangling Wire at (102.168, 48.654) (102.168, 48.654) on layer: M1
Net VSS: dangling Wire at (33.912, 48.654) (33.912, 48.654) on layer: M1
Net VSS: dangling Wire at (36.072, 48.654) (36.072, 48.654) on layer: M1
Net VSS: dangling Wire at (529.524, 49.194) (529.524, 49.194) on layer: M1
Net VSS: dangling Wire at (465.588, 49.194) (465.588, 49.194) on layer: M1
Net VSS: dangling Wire at (430.002, 49.194) (430.002, 49.194) on layer: M1
Net VSS: dangling Wire at (303.210, 49.194) (303.210, 49.194) on layer: M1
Net VSS: dangling Wire at (137.538, 49.194) (137.538, 49.194) on layer: M1
Net VSS: dangling Wire at (102.168, 49.194) (102.168, 49.194) on layer: M1
Net VSS: dangling Wire at (33.912, 49.194) (33.912, 49.194) on layer: M1
Net VSS: dangling Wire at (36.072, 49.194) (36.072, 49.194) on layer: M1
Net VSS: dangling Wire at (529.524, 49.734) (529.524, 49.734) on layer: M1
Net VSS: dangling Wire at (465.588, 49.734) (465.588, 49.734) on layer: M1
Net VSS: dangling Wire at (430.002, 49.734) (430.002, 49.734) on layer: M1
Net VSS: dangling Wire at (303.210, 49.734) (303.210, 49.734) on layer: M1
Net VSS: dangling Wire at (137.538, 49.734) (137.538, 49.734) on layer: M1
Net VSS: dangling Wire at (102.168, 49.734) (102.168, 49.734) on layer: M1
Net VSS: dangling Wire at (33.912, 49.734) (33.912, 49.734) on layer: M1
Net VSS: dangling Wire at (36.072, 49.734) (36.072, 49.734) on layer: M1
Net VSS: dangling Wire at (529.524, 50.274) (529.524, 50.274) on layer: M1
Net VSS: dangling Wire at (465.588, 50.274) (465.588, 50.274) on layer: M1
Net VSS: dangling Wire at (430.002, 50.274) (430.002, 50.274) on layer: M1
Net VSS: dangling Wire at (303.210, 50.274) (303.210, 50.274) on layer: M1
Net VSS: dangling Wire at (137.538, 50.274) (137.538, 50.274) on layer: M1
Net VSS: dangling Wire at (102.168, 50.274) (102.168, 50.274) on layer: M1
Net VSS: dangling Wire at (33.912, 50.274) (33.912, 50.274) on layer: M1
Net VSS: dangling Wire at (36.072, 50.274) (36.072, 50.274) on layer: M1
Net VSS: dangling Wire at (529.524, 50.814) (529.524, 50.814) on layer: M1
Net VSS: dangling Wire at (465.588, 50.814) (465.588, 50.814) on layer: M1
Net VSS: dangling Wire at (430.002, 50.814) (430.002, 50.814) on layer: M1
Net VSS: dangling Wire at (303.210, 50.814) (303.210, 50.814) on layer: M1
Net VSS: dangling Wire at (137.538, 50.814) (137.538, 50.814) on layer: M1
Net VSS: dangling Wire at (102.168, 50.814) (102.168, 50.814) on layer: M1
Net VSS: dangling Wire at (33.912, 50.814) (33.912, 50.814) on layer: M1
Net VSS: dangling Wire at (36.072, 50.814) (36.072, 50.814) on layer: M1
Net VSS: dangling Wire at (529.524, 51.354) (529.524, 51.354) on layer: M1
Net VSS: dangling Wire at (465.588, 51.354) (465.588, 51.354) on layer: M1
Net VSS: dangling Wire at (430.002, 51.354) (430.002, 51.354) on layer: M1
Net VSS: dangling Wire at (303.210, 51.354) (303.210, 51.354) on layer: M1
Net VSS: dangling Wire at (137.538, 51.354) (137.538, 51.354) on layer: M1
Net VSS: dangling Wire at (102.168, 51.354) (102.168, 51.354) on layer: M1
Net VSS: dangling Wire at (33.912, 51.354) (33.912, 51.354) on layer: M1
Net VSS: dangling Wire at (36.072, 51.354) (36.072, 51.354) on layer: M1
Net VSS: dangling Wire at (529.524, 51.894) (529.524, 51.894) on layer: M1
Net VSS: dangling Wire at (465.588, 51.894) (465.588, 51.894) on layer: M1
Net VSS: dangling Wire at (430.002, 51.894) (430.002, 51.894) on layer: M1
Net VSS: dangling Wire at (303.210, 51.894) (303.210, 51.894) on layer: M1
Net VSS: dangling Wire at (137.538, 51.894) (137.538, 51.894) on layer: M1
Net VSS: dangling Wire at (102.168, 51.894) (102.168, 51.894) on layer: M1
Net VSS: dangling Wire at (33.912, 51.894) (33.912, 51.894) on layer: M1
Net VSS: dangling Wire at (36.072, 51.894) (36.072, 51.894) on layer: M1
Net VSS: dangling Wire at (529.524, 52.434) (529.524, 52.434) on layer: M1
Net VSS: dangling Wire at (465.588, 52.434) (465.588, 52.434) on layer: M1
Net VSS: dangling Wire at (430.002, 52.434) (430.002, 52.434) on layer: M1
Net VSS: dangling Wire at (303.210, 52.434) (303.210, 52.434) on layer: M1
Net VSS: dangling Wire at (137.538, 52.434) (137.538, 52.434) on layer: M1
Net VSS: dangling Wire at (102.168, 52.434) (102.168, 52.434) on layer: M1
Net VSS: dangling Wire at (33.912, 52.434) (33.912, 52.434) on layer: M1
Net VSS: dangling Wire at (36.072, 52.434) (36.072, 52.434) on layer: M1
Net VSS: dangling Wire at (529.524, 52.974) (529.524, 52.974) on layer: M1
Net VSS: dangling Wire at (465.588, 52.974) (465.588, 52.974) on layer: M1
Net VSS: dangling Wire at (430.002, 52.974) (430.002, 52.974) on layer: M1
Net VSS: dangling Wire at (303.210, 52.974) (303.210, 52.974) on layer: M1
Net VSS: dangling Wire at (137.538, 52.974) (137.538, 52.974) on layer: M1
Net VSS: dangling Wire at (102.168, 52.974) (102.168, 52.974) on layer: M1
Net VSS: dangling Wire at (33.912, 52.974) (33.912, 52.974) on layer: M1
Net VSS: dangling Wire at (36.072, 52.974) (36.072, 52.974) on layer: M1
Net VSS: dangling Wire at (529.524, 53.514) (529.524, 53.514) on layer: M1
Net VSS: dangling Wire at (465.588, 53.514) (465.588, 53.514) on layer: M1
Net VSS: dangling Wire at (430.002, 53.514) (430.002, 53.514) on layer: M1
Net VSS: dangling Wire at (303.210, 53.514) (303.210, 53.514) on layer: M1
Net VSS: dangling Wire at (137.538, 53.514) (137.538, 53.514) on layer: M1
Net VSS: dangling Wire at (102.168, 53.514) (102.168, 53.514) on layer: M1
Net VSS: dangling Wire at (33.912, 53.514) (33.912, 53.514) on layer: M1
Net VSS: dangling Wire at (36.072, 53.514) (36.072, 53.514) on layer: M1
Net VSS: dangling Wire at (529.524, 54.054) (529.524, 54.054) on layer: M1
Net VSS: dangling Wire at (465.588, 54.054) (465.588, 54.054) on layer: M1
Net VSS: dangling Wire at (430.002, 54.054) (430.002, 54.054) on layer: M1
Net VSS: dangling Wire at (303.210, 54.054) (303.210, 54.054) on layer: M1
Net VSS: dangling Wire at (137.538, 54.054) (137.538, 54.054) on layer: M1
Net VSS: dangling Wire at (102.168, 54.054) (102.168, 54.054) on layer: M1
Net VSS: dangling Wire at (33.912, 54.054) (33.912, 54.054) on layer: M1
Net VSS: dangling Wire at (36.072, 54.054) (36.072, 54.054) on layer: M1
Net VSS: dangling Wire at (529.524, 54.594) (529.524, 54.594) on layer: M1
Net VSS: dangling Wire at (465.588, 54.594) (465.588, 54.594) on layer: M1
Net VSS: dangling Wire at (430.002, 54.594) (430.002, 54.594) on layer: M1
Net VSS: dangling Wire at (303.210, 54.594) (303.210, 54.594) on layer: M1
Net VSS: dangling Wire at (137.538, 54.594) (137.538, 54.594) on layer: M1
Net VSS: dangling Wire at (102.168, 54.594) (102.168, 54.594) on layer: M1
Net VSS: dangling Wire at (33.912, 54.594) (33.912, 54.594) on layer: M1
Net VSS: dangling Wire at (36.072, 54.594) (36.072, 54.594) on layer: M1
Net VSS: dangling Wire at (529.524, 55.134) (529.524, 55.134) on layer: M1
Net VSS: dangling Wire at (465.588, 55.134) (465.588, 55.134) on layer: M1
Net VSS: dangling Wire at (430.002, 55.134) (430.002, 55.134) on layer: M1
Net VSS: dangling Wire at (303.210, 55.134) (303.210, 55.134) on layer: M1
Net VSS: dangling Wire at (137.538, 55.134) (137.538, 55.134) on layer: M1
Net VSS: dangling Wire at (102.168, 55.134) (102.168, 55.134) on layer: M1
Net VSS: dangling Wire at (33.912, 55.134) (33.912, 55.134) on layer: M1
Net VSS: dangling Wire at (36.072, 55.134) (36.072, 55.134) on layer: M1
Net VSS: dangling Wire at (529.524, 55.674) (529.524, 55.674) on layer: M1
Net VSS: dangling Wire at (465.588, 55.674) (465.588, 55.674) on layer: M1
Net VSS: dangling Wire at (430.002, 55.674) (430.002, 55.674) on layer: M1
Net VSS: dangling Wire at (303.210, 55.674) (303.210, 55.674) on layer: M1
Net VSS: dangling Wire at (137.538, 55.674) (137.538, 55.674) on layer: M1
Net VSS: dangling Wire at (102.168, 55.674) (102.168, 55.674) on layer: M1
Net VSS: dangling Wire at (33.912, 55.674) (33.912, 55.674) on layer: M1
Net VSS: dangling Wire at (36.072, 55.674) (36.072, 55.674) on layer: M1
Net VSS: dangling Wire at (529.524, 56.214) (529.524, 56.214) on layer: M1
Net VSS: dangling Wire at (465.588, 56.214) (465.588, 56.214) on layer: M1
Net VSS: dangling Wire at (430.002, 56.214) (430.002, 56.214) on layer: M1
Net VSS: dangling Wire at (303.210, 56.214) (303.210, 56.214) on layer: M1
Net VSS: dangling Wire at (137.538, 56.214) (137.538, 56.214) on layer: M1
Net VSS: dangling Wire at (102.168, 56.214) (102.168, 56.214) on layer: M1
Net VSS: dangling Wire at (33.912, 56.214) (33.912, 56.214) on layer: M1
Net VSS: dangling Wire at (36.072, 56.214) (36.072, 56.214) on layer: M1
Net VSS: dangling Wire at (529.524, 56.754) (529.524, 56.754) on layer: M1
Net VSS: dangling Wire at (465.588, 56.754) (465.588, 56.754) on layer: M1
Net VSS: dangling Wire at (430.002, 56.754) (430.002, 56.754) on layer: M1
Net VSS: dangling Wire at (137.538, 56.754) (137.538, 56.754) on layer: M1
Net VSS: dangling Wire at (102.168, 56.754) (102.168, 56.754) on layer: M1
Net VSS: dangling Wire at (33.912, 56.754) (33.912, 56.754) on layer: M1
Net VSS: dangling Wire at (36.072, 56.754) (36.072, 56.754) on layer: M1
Net VSS: dangling Wire at (529.524, 57.294) (529.524, 57.294) on layer: M1
Net VSS: dangling Wire at (465.588, 57.294) (465.588, 57.294) on layer: M1
Net VSS: dangling Wire at (430.002, 57.294) (430.002, 57.294) on layer: M1
Net VSS: dangling Wire at (303.210, 57.294) (303.210, 57.294) on layer: M1
Net VSS: dangling Wire at (137.538, 57.294) (137.538, 57.294) on layer: M1
Net VSS: dangling Wire at (102.168, 57.294) (102.168, 57.294) on layer: M1
Net VSS: dangling Wire at (33.912, 57.294) (33.912, 57.294) on layer: M1
Net VSS: dangling Wire at (36.072, 57.294) (36.072, 57.294) on layer: M1
Net VSS: dangling Wire at (529.524, 57.834) (529.524, 57.834) on layer: M1
Net VSS: dangling Wire at (465.588, 57.834) (465.588, 57.834) on layer: M1
Net VSS: dangling Wire at (430.002, 57.834) (430.002, 57.834) on layer: M1
Net VSS: dangling Wire at (303.210, 57.834) (303.210, 57.834) on layer: M1
Net VSS: dangling Wire at (137.538, 57.834) (137.538, 57.834) on layer: M1
Net VSS: dangling Wire at (102.168, 57.834) (102.168, 57.834) on layer: M1
Net VSS: dangling Wire at (36.072, 57.834) (36.072, 57.834) on layer: M1
Net VSS: dangling Wire at (529.524, 58.374) (529.524, 58.374) on layer: M1
Net VSS: dangling Wire at (465.588, 58.374) (465.588, 58.374) on layer: M1
Net VSS: dangling Wire at (430.002, 58.374) (430.002, 58.374) on layer: M1
Net VSS: dangling Wire at (303.210, 58.374) (303.210, 58.374) on layer: M1
Net VSS: dangling Wire at (137.538, 58.374) (137.538, 58.374) on layer: M1
Net VSS: dangling Wire at (102.168, 58.374) (102.168, 58.374) on layer: M1
Net VSS: dangling Wire at (33.912, 58.374) (33.912, 58.374) on layer: M1
Net VSS: dangling Wire at (36.072, 58.374) (36.072, 58.374) on layer: M1
Net VSS: dangling Wire at (529.524, 58.914) (529.524, 58.914) on layer: M1
Net VSS: dangling Wire at (465.588, 58.914) (465.588, 58.914) on layer: M1
Net VSS: dangling Wire at (430.002, 58.914) (430.002, 58.914) on layer: M1
Net VSS: dangling Wire at (303.210, 58.914) (303.210, 58.914) on layer: M1
Net VSS: dangling Wire at (137.538, 58.914) (137.538, 58.914) on layer: M1
Net VSS: dangling Wire at (102.168, 58.914) (102.168, 58.914) on layer: M1
Net VSS: dangling Wire at (33.912, 58.914) (33.912, 58.914) on layer: M1
Net VSS: dangling Wire at (36.072, 58.914) (36.072, 58.914) on layer: M1
Net VSS: dangling Wire at (529.524, 59.454) (529.524, 59.454) on layer: M1
Net VSS: dangling Wire at (465.588, 59.454) (465.588, 59.454) on layer: M1
Net VSS: dangling Wire at (430.002, 59.454) (430.002, 59.454) on layer: M1
Net VSS: dangling Wire at (303.210, 59.454) (303.210, 59.454) on layer: M1
Net VSS: dangling Wire at (137.538, 59.454) (137.538, 59.454) on layer: M1
Net VSS: dangling Wire at (102.168, 59.454) (102.168, 59.454) on layer: M1
Net VSS: dangling Wire at (33.912, 59.454) (33.912, 59.454) on layer: M1
Net VSS: dangling Wire at (36.072, 59.454) (36.072, 59.454) on layer: M1
Net VSS: dangling Wire at (529.524, 59.994) (529.524, 59.994) on layer: M1
Net VSS: dangling Wire at (465.588, 59.994) (465.588, 59.994) on layer: M1
Net VSS: dangling Wire at (430.002, 59.994) (430.002, 59.994) on layer: M1
Net VSS: dangling Wire at (303.210, 59.994) (303.210, 59.994) on layer: M1
Net VSS: dangling Wire at (137.538, 59.994) (137.538, 59.994) on layer: M1
Net VSS: dangling Wire at (102.168, 59.994) (102.168, 59.994) on layer: M1
Net VSS: dangling Wire at (33.912, 59.994) (33.912, 59.994) on layer: M1
Net VSS: dangling Wire at (529.524, 60.534) (529.524, 60.534) on layer: M1
Net VSS: dangling Wire at (465.588, 60.534) (465.588, 60.534) on layer: M1
Net VSS: dangling Wire at (430.002, 60.534) (430.002, 60.534) on layer: M1
Net VSS: dangling Wire at (303.210, 60.534) (303.210, 60.534) on layer: M1
Net VSS: dangling Wire at (137.538, 60.534) (137.538, 60.534) on layer: M1
Net VSS: dangling Wire at (102.168, 60.534) (102.168, 60.534) on layer: M1
Net VSS: dangling Wire at (33.912, 60.534) (33.912, 60.534) on layer: M1
Net VSS: dangling Wire at (36.072, 60.534) (36.072, 60.534) on layer: M1
Net VSS: dangling Wire at (529.524, 61.074) (529.524, 61.074) on layer: M1
Net VSS: dangling Wire at (465.588, 61.074) (465.588, 61.074) on layer: M1
Net VSS: dangling Wire at (430.002, 61.074) (430.002, 61.074) on layer: M1
Net VSS: dangling Wire at (303.210, 61.074) (303.210, 61.074) on layer: M1
Net VSS: dangling Wire at (137.538, 61.074) (137.538, 61.074) on layer: M1
Net VSS: dangling Wire at (102.168, 61.074) (102.168, 61.074) on layer: M1
Net VSS: dangling Wire at (33.912, 61.074) (33.912, 61.074) on layer: M1
Net VSS: dangling Wire at (36.072, 61.074) (36.072, 61.074) on layer: M1
Net VSS: dangling Wire at (529.524, 61.614) (529.524, 61.614) on layer: M1
Net VSS: dangling Wire at (465.588, 61.614) (465.588, 61.614) on layer: M1
Net VSS: dangling Wire at (430.002, 61.614) (430.002, 61.614) on layer: M1
Net VSS: dangling Wire at (303.210, 61.614) (303.210, 61.614) on layer: M1
Net VSS: dangling Wire at (137.538, 61.614) (137.538, 61.614) on layer: M1
Net VSS: dangling Wire at (102.168, 61.614) (102.168, 61.614) on layer: M1
Net VSS: dangling Wire at (33.912, 61.614) (33.912, 61.614) on layer: M1
Net VSS: dangling Wire at (36.072, 61.614) (36.072, 61.614) on layer: M1
Net VSS: dangling Wire at (529.524, 62.154) (529.524, 62.154) on layer: M1
Net VSS: dangling Wire at (465.588, 62.154) (465.588, 62.154) on layer: M1
Net VSS: dangling Wire at (430.002, 62.154) (430.002, 62.154) on layer: M1
Net VSS: dangling Wire at (303.210, 62.154) (303.210, 62.154) on layer: M1
Net VSS: dangling Wire at (137.538, 62.154) (137.538, 62.154) on layer: M1
Net VSS: dangling Wire at (102.168, 62.154) (102.168, 62.154) on layer: M1
Net VSS: dangling Wire at (33.912, 62.154) (33.912, 62.154) on layer: M1
Net VSS: dangling Wire at (36.072, 62.154) (36.072, 62.154) on layer: M1
Net VSS: dangling Wire at (529.524, 62.694) (529.524, 62.694) on layer: M1
Net VSS: dangling Wire at (465.588, 62.694) (465.588, 62.694) on layer: M1
Net VSS: dangling Wire at (430.002, 62.694) (430.002, 62.694) on layer: M1
Net VSS: dangling Wire at (303.210, 62.694) (303.210, 62.694) on layer: M1
Net VSS: dangling Wire at (137.538, 62.694) (137.538, 62.694) on layer: M1
Net VSS: dangling Wire at (102.168, 62.694) (102.168, 62.694) on layer: M1
Net VSS: dangling Wire at (33.912, 62.694) (33.912, 62.694) on layer: M1
Net VSS: dangling Wire at (36.072, 62.694) (36.072, 62.694) on layer: M1
Net VSS: dangling Wire at (529.524, 63.234) (529.524, 63.234) on layer: M1
Net VSS: dangling Wire at (430.002, 63.234) (430.002, 63.234) on layer: M1
Net VSS: dangling Wire at (303.210, 63.234) (303.210, 63.234) on layer: M1
Net VSS: dangling Wire at (137.538, 63.234) (137.538, 63.234) on layer: M1
Net VSS: dangling Wire at (102.168, 63.234) (102.168, 63.234) on layer: M1
Net VSS: dangling Wire at (33.912, 63.234) (33.912, 63.234) on layer: M1
Net VSS: dangling Wire at (36.072, 63.234) (36.072, 63.234) on layer: M1
Net VSS: dangling Wire at (529.524, 63.774) (529.524, 63.774) on layer: M1
Net VSS: dangling Wire at (465.588, 63.774) (465.588, 63.774) on layer: M1
Net VSS: dangling Wire at (430.002, 63.774) (430.002, 63.774) on layer: M1
Net VSS: dangling Wire at (303.210, 63.774) (303.210, 63.774) on layer: M1
Net VSS: dangling Wire at (137.538, 63.774) (137.538, 63.774) on layer: M1
Net VSS: dangling Wire at (102.168, 63.774) (102.168, 63.774) on layer: M1
Net VSS: dangling Wire at (33.912, 63.774) (33.912, 63.774) on layer: M1
Net VSS: dangling Wire at (36.072, 63.774) (36.072, 63.774) on layer: M1
Net VSS: dangling Wire at (529.524, 64.314) (529.524, 64.314) on layer: M1
Net VSS: dangling Wire at (465.588, 64.314) (465.588, 64.314) on layer: M1
Net VSS: dangling Wire at (430.002, 64.314) (430.002, 64.314) on layer: M1
Net VSS: dangling Wire at (303.210, 64.314) (303.210, 64.314) on layer: M1
Net VSS: dangling Wire at (137.538, 64.314) (137.538, 64.314) on layer: M1
Net VSS: dangling Wire at (102.168, 64.314) (102.168, 64.314) on layer: M1
Net VSS: dangling Wire at (33.912, 64.314) (33.912, 64.314) on layer: M1
Net VSS: dangling Wire at (36.072, 64.314) (36.072, 64.314) on layer: M1
Net VSS: dangling Wire at (465.588, 64.854) (465.588, 64.854) on layer: M1
Net VSS: dangling Wire at (430.002, 64.854) (430.002, 64.854) on layer: M1
Net VSS: dangling Wire at (303.210, 64.854) (303.210, 64.854) on layer: M1
Net VSS: dangling Wire at (137.538, 64.854) (137.538, 64.854) on layer: M1
Net VSS: dangling Wire at (33.912, 64.854) (33.912, 64.854) on layer: M1
Net VSS: dangling Wire at (36.072, 64.854) (36.072, 64.854) on layer: M1
Net VSS: dangling Wire at (465.588, 65.394) (465.588, 65.394) on layer: M1
Net VSS: dangling Wire at (430.002, 65.394) (430.002, 65.394) on layer: M1
Net VSS: dangling Wire at (303.210, 65.394) (303.210, 65.394) on layer: M1
Net VSS: dangling Wire at (237.816, 65.394) (237.816, 65.394) on layer: M1
Net VSS: dangling Wire at (137.538, 65.394) (137.538, 65.394) on layer: M1
Net VSS: dangling Wire at (33.912, 65.394) (33.912, 65.394) on layer: M1
Net VSS: dangling Wire at (36.072, 65.394) (36.072, 65.394) on layer: M1
Net VSS: dangling Wire at (465.588, 65.934) (465.588, 65.934) on layer: M1
Net VSS: dangling Wire at (430.002, 65.934) (430.002, 65.934) on layer: M1
Net VSS: dangling Wire at (303.210, 65.934) (303.210, 65.934) on layer: M1
Net VSS: dangling Wire at (237.816, 65.934) (237.816, 65.934) on layer: M1
Net VSS: dangling Wire at (137.538, 65.934) (137.538, 65.934) on layer: M1
Net VSS: dangling Wire at (102.168, 65.934) (102.168, 65.934) on layer: M1
Net VSS: dangling Wire at (33.912, 65.934) (33.912, 65.934) on layer: M1
Net VSS: dangling Wire at (36.072, 65.934) (36.072, 65.934) on layer: M1
Net VSS: dangling Wire at (529.524, 66.474) (529.524, 66.474) on layer: M1
Net VSS: dangling Wire at (465.588, 66.474) (465.588, 66.474) on layer: M1
Net VSS: dangling Wire at (430.002, 66.474) (430.002, 66.474) on layer: M1
Net VSS: dangling Wire at (303.210, 66.474) (303.210, 66.474) on layer: M1
Net VSS: dangling Wire at (237.816, 66.474) (237.816, 66.474) on layer: M1
Net VSS: dangling Wire at (137.538, 66.474) (137.538, 66.474) on layer: M1
Net VSS: dangling Wire at (102.168, 66.474) (102.168, 66.474) on layer: M1
Net VSS: dangling Wire at (33.912, 66.474) (33.912, 66.474) on layer: M1
Net VSS: dangling Wire at (36.072, 66.474) (36.072, 66.474) on layer: M1
Net VSS: dangling Wire at (529.524, 67.014) (529.524, 67.014) on layer: M1
Net VSS: dangling Wire at (465.588, 67.014) (465.588, 67.014) on layer: M1
Net VSS: dangling Wire at (430.002, 67.014) (430.002, 67.014) on layer: M1
Net VSS: dangling Wire at (303.210, 67.014) (303.210, 67.014) on layer: M1
Net VSS: dangling Wire at (237.816, 67.014) (237.816, 67.014) on layer: M1
Net VSS: dangling Wire at (137.538, 67.014) (137.538, 67.014) on layer: M1
Net VSS: dangling Wire at (102.168, 67.014) (102.168, 67.014) on layer: M1
Net VSS: dangling Wire at (33.912, 67.014) (33.912, 67.014) on layer: M1
Net VSS: dangling Wire at (36.072, 67.014) (36.072, 67.014) on layer: M1
Net VSS: dangling Wire at (529.524, 67.554) (529.524, 67.554) on layer: M1
Net VSS: dangling Wire at (465.588, 67.554) (465.588, 67.554) on layer: M1
Net VSS: dangling Wire at (430.002, 67.554) (430.002, 67.554) on layer: M1
Net VSS: dangling Wire at (303.210, 67.554) (303.210, 67.554) on layer: M1
Net VSS: dangling Wire at (237.816, 67.554) (237.816, 67.554) on layer: M1
Net VSS: dangling Wire at (137.538, 67.554) (137.538, 67.554) on layer: M1
Net VSS: dangling Wire at (102.168, 67.554) (102.168, 67.554) on layer: M1
Net VSS: dangling Wire at (33.912, 67.554) (33.912, 67.554) on layer: M1
Net VSS: dangling Wire at (36.072, 67.554) (36.072, 67.554) on layer: M1
Net VSS: dangling Wire at (529.524, 68.094) (529.524, 68.094) on layer: M1
Net VSS: dangling Wire at (465.588, 68.094) (465.588, 68.094) on layer: M1
Net VSS: dangling Wire at (430.002, 68.094) (430.002, 68.094) on layer: M1
Net VSS: dangling Wire at (303.210, 68.094) (303.210, 68.094) on layer: M1
Net VSS: dangling Wire at (237.816, 68.094) (237.816, 68.094) on layer: M1
Net VSS: dangling Wire at (137.538, 68.094) (137.538, 68.094) on layer: M1
Net VSS: dangling Wire at (102.168, 68.094) (102.168, 68.094) on layer: M1
Net VSS: dangling Wire at (33.912, 68.094) (33.912, 68.094) on layer: M1
Net VSS: dangling Wire at (36.072, 68.094) (36.072, 68.094) on layer: M1
Net VSS: dangling Wire at (529.524, 68.634) (529.524, 68.634) on layer: M1
Net VSS: dangling Wire at (465.588, 68.634) (465.588, 68.634) on layer: M1
Net VSS: dangling Wire at (430.002, 68.634) (430.002, 68.634) on layer: M1
Net VSS: dangling Wire at (303.210, 68.634) (303.210, 68.634) on layer: M1
Net VSS: dangling Wire at (237.816, 68.634) (237.816, 68.634) on layer: M1
Net VSS: dangling Wire at (137.538, 68.634) (137.538, 68.634) on layer: M1
Net VSS: dangling Wire at (102.168, 68.634) (102.168, 68.634) on layer: M1
Net VSS: dangling Wire at (33.912, 68.634) (33.912, 68.634) on layer: M1
Net VSS: dangling Wire at (36.072, 68.634) (36.072, 68.634) on layer: M1
Net VSS: dangling Wire at (529.524, 69.174) (529.524, 69.174) on layer: M1
Net VSS: dangling Wire at (465.588, 69.174) (465.588, 69.174) on layer: M1
Net VSS: dangling Wire at (430.002, 69.174) (430.002, 69.174) on layer: M1
Net VSS: dangling Wire at (303.210, 69.174) (303.210, 69.174) on layer: M1
Net VSS: dangling Wire at (237.816, 69.174) (237.816, 69.174) on layer: M1
Net VSS: dangling Wire at (137.538, 69.174) (137.538, 69.174) on layer: M1
Net VSS: dangling Wire at (102.168, 69.174) (102.168, 69.174) on layer: M1
Net VSS: dangling Wire at (33.912, 69.174) (33.912, 69.174) on layer: M1
Net VSS: dangling Wire at (36.072, 69.174) (36.072, 69.174) on layer: M1
Net VSS: dangling Wire at (529.524, 69.714) (529.524, 69.714) on layer: M1
Net VSS: dangling Wire at (465.588, 69.714) (465.588, 69.714) on layer: M1
Net VSS: dangling Wire at (430.002, 69.714) (430.002, 69.714) on layer: M1
Net VSS: dangling Wire at (303.210, 69.714) (303.210, 69.714) on layer: M1
Net VSS: dangling Wire at (237.816, 69.714) (237.816, 69.714) on layer: M1
Net VSS: dangling Wire at (137.538, 69.714) (137.538, 69.714) on layer: M1
Net VSS: dangling Wire at (102.168, 69.714) (102.168, 69.714) on layer: M1
Net VSS: dangling Wire at (33.912, 69.714) (33.912, 69.714) on layer: M1
Net VSS: dangling Wire at (36.072, 69.714) (36.072, 69.714) on layer: M1
Net VSS: dangling Wire at (529.524, 70.254) (529.524, 70.254) on layer: M1
Net VSS: dangling Wire at (465.588, 70.254) (465.588, 70.254) on layer: M1
Net VSS: dangling Wire at (430.002, 70.254) (430.002, 70.254) on layer: M1
Net VSS: dangling Wire at (303.210, 70.254) (303.210, 70.254) on layer: M1
Net VSS: dangling Wire at (237.816, 70.254) (237.816, 70.254) on layer: M1
Net VSS: dangling Wire at (137.538, 70.254) (137.538, 70.254) on layer: M1
Net VSS: dangling Wire at (102.168, 70.254) (102.168, 70.254) on layer: M1
Net VSS: dangling Wire at (33.912, 70.254) (33.912, 70.254) on layer: M1
Net VSS: dangling Wire at (36.072, 70.254) (36.072, 70.254) on layer: M1
Net VSS: dangling Wire at (529.524, 70.794) (529.524, 70.794) on layer: M1
Net VSS: dangling Wire at (465.588, 70.794) (465.588, 70.794) on layer: M1
Net VSS: dangling Wire at (430.002, 70.794) (430.002, 70.794) on layer: M1
Net VSS: dangling Wire at (303.210, 70.794) (303.210, 70.794) on layer: M1
Net VSS: dangling Wire at (237.816, 70.794) (237.816, 70.794) on layer: M1
Net VSS: dangling Wire at (137.538, 70.794) (137.538, 70.794) on layer: M1
Net VSS: dangling Wire at (102.168, 70.794) (102.168, 70.794) on layer: M1
Net VSS: dangling Wire at (33.912, 70.794) (33.912, 70.794) on layer: M1
Net VSS: dangling Wire at (36.072, 70.794) (36.072, 70.794) on layer: M1
Net VSS: dangling Wire at (529.524, 71.334) (529.524, 71.334) on layer: M1
Net VSS: dangling Wire at (465.588, 71.334) (465.588, 71.334) on layer: M1
Net VSS: dangling Wire at (430.002, 71.334) (430.002, 71.334) on layer: M1
Net VSS: dangling Wire at (303.210, 71.334) (303.210, 71.334) on layer: M1
Net VSS: dangling Wire at (237.816, 71.334) (237.816, 71.334) on layer: M1
Net VSS: dangling Wire at (137.538, 71.334) (137.538, 71.334) on layer: M1
Net VSS: dangling Wire at (102.168, 71.334) (102.168, 71.334) on layer: M1
Net VSS: dangling Wire at (33.912, 71.334) (33.912, 71.334) on layer: M1
Net VSS: dangling Wire at (36.072, 71.334) (36.072, 71.334) on layer: M1
Net VSS: dangling Wire at (529.524, 71.874) (529.524, 71.874) on layer: M1
Net VSS: dangling Wire at (465.588, 71.874) (465.588, 71.874) on layer: M1
Net VSS: dangling Wire at (430.002, 71.874) (430.002, 71.874) on layer: M1
Net VSS: dangling Wire at (303.210, 71.874) (303.210, 71.874) on layer: M1
Net VSS: dangling Wire at (237.816, 71.874) (237.816, 71.874) on layer: M1
Net VSS: dangling Wire at (137.538, 71.874) (137.538, 71.874) on layer: M1
Net VSS: dangling Wire at (102.168, 71.874) (102.168, 71.874) on layer: M1
Net VSS: dangling Wire at (33.912, 71.874) (33.912, 71.874) on layer: M1
Net VSS: dangling Wire at (36.072, 71.874) (36.072, 71.874) on layer: M1
Net VSS: dangling Wire at (465.588, 72.414) (465.588, 72.414) on layer: M1
Net VSS: dangling Wire at (430.002, 72.414) (430.002, 72.414) on layer: M1
Net VSS: dangling Wire at (303.210, 72.414) (303.210, 72.414) on layer: M1
Net VSS: dangling Wire at (237.816, 72.414) (237.816, 72.414) on layer: M1
Net VSS: dangling Wire at (137.538, 72.414) (137.538, 72.414) on layer: M1
Net VSS: dangling Wire at (102.168, 72.414) (102.168, 72.414) on layer: M1
Net VSS: dangling Wire at (33.912, 72.414) (33.912, 72.414) on layer: M1
Net VSS: dangling Wire at (36.072, 72.414) (36.072, 72.414) on layer: M1
Net VSS: dangling Wire at (529.524, 72.954) (529.524, 72.954) on layer: M1
Net VSS: dangling Wire at (465.588, 72.954) (465.588, 72.954) on layer: M1
Net VSS: dangling Wire at (430.002, 72.954) (430.002, 72.954) on layer: M1
Net VSS: dangling Wire at (303.210, 72.954) (303.210, 72.954) on layer: M1
Net VSS: dangling Wire at (237.816, 72.954) (237.816, 72.954) on layer: M1
Net VSS: dangling Wire at (137.538, 72.954) (137.538, 72.954) on layer: M1
Net VSS: dangling Wire at (102.168, 72.954) (102.168, 72.954) on layer: M1
Net VSS: dangling Wire at (33.912, 72.954) (33.912, 72.954) on layer: M1
Net VSS: dangling Wire at (36.072, 72.954) (36.072, 72.954) on layer: M1
Net VSS: dangling Wire at (529.524, 73.494) (529.524, 73.494) on layer: M1
Net VSS: dangling Wire at (465.588, 73.494) (465.588, 73.494) on layer: M1
Net VSS: dangling Wire at (430.002, 73.494) (430.002, 73.494) on layer: M1
Net VSS: dangling Wire at (303.210, 73.494) (303.210, 73.494) on layer: M1
Net VSS: dangling Wire at (237.816, 73.494) (237.816, 73.494) on layer: M1
Net VSS: dangling Wire at (137.538, 73.494) (137.538, 73.494) on layer: M1
Net VSS: dangling Wire at (102.168, 73.494) (102.168, 73.494) on layer: M1
Net VSS: dangling Wire at (33.912, 73.494) (33.912, 73.494) on layer: M1
Net VSS: dangling Wire at (36.072, 73.494) (36.072, 73.494) on layer: M1
Net VSS: dangling Wire at (529.524, 74.034) (529.524, 74.034) on layer: M1
Net VSS: dangling Wire at (465.588, 74.034) (465.588, 74.034) on layer: M1
Net VSS: dangling Wire at (430.002, 74.034) (430.002, 74.034) on layer: M1
Net VSS: dangling Wire at (303.210, 74.034) (303.210, 74.034) on layer: M1
Net VSS: dangling Wire at (237.816, 74.034) (237.816, 74.034) on layer: M1
Net VSS: dangling Wire at (137.538, 74.034) (137.538, 74.034) on layer: M1
Net VSS: dangling Wire at (102.168, 74.034) (102.168, 74.034) on layer: M1
Net VSS: dangling Wire at (33.912, 74.034) (33.912, 74.034) on layer: M1
Net VSS: dangling Wire at (36.072, 74.034) (36.072, 74.034) on layer: M1
Net VSS: dangling Wire at (529.524, 74.574) (529.524, 74.574) on layer: M1
Net VSS: dangling Wire at (465.588, 74.574) (465.588, 74.574) on layer: M1
Net VSS: dangling Wire at (430.002, 74.574) (430.002, 74.574) on layer: M1
Net VSS: dangling Wire at (303.210, 74.574) (303.210, 74.574) on layer: M1
Net VSS: dangling Wire at (237.816, 74.574) (237.816, 74.574) on layer: M1
Net VSS: dangling Wire at (137.538, 74.574) (137.538, 74.574) on layer: M1
Net VSS: dangling Wire at (102.168, 74.574) (102.168, 74.574) on layer: M1
Net VSS: dangling Wire at (33.912, 74.574) (33.912, 74.574) on layer: M1
Net VSS: dangling Wire at (36.072, 74.574) (36.072, 74.574) on layer: M1
Net VSS: dangling Wire at (529.524, 75.114) (529.524, 75.114) on layer: M1
Net VSS: dangling Wire at (465.588, 75.114) (465.588, 75.114) on layer: M1
Net VSS: dangling Wire at (430.002, 75.114) (430.002, 75.114) on layer: M1
Net VSS: dangling Wire at (303.210, 75.114) (303.210, 75.114) on layer: M1
Net VSS: dangling Wire at (237.816, 75.114) (237.816, 75.114) on layer: M1
Net VSS: dangling Wire at (137.538, 75.114) (137.538, 75.114) on layer: M1
Net VSS: dangling Wire at (102.168, 75.114) (102.168, 75.114) on layer: M1
Net VSS: dangling Wire at (33.912, 75.114) (33.912, 75.114) on layer: M1
Net VSS: dangling Wire at (36.072, 75.114) (36.072, 75.114) on layer: M1
Net VSS: dangling Wire at (529.524, 75.654) (529.524, 75.654) on layer: M1
Net VSS: dangling Wire at (465.588, 75.654) (465.588, 75.654) on layer: M1
Net VSS: dangling Wire at (430.002, 75.654) (430.002, 75.654) on layer: M1
Net VSS: dangling Wire at (303.210, 75.654) (303.210, 75.654) on layer: M1
Net VSS: dangling Wire at (237.816, 75.654) (237.816, 75.654) on layer: M1
Net VSS: dangling Wire at (137.538, 75.654) (137.538, 75.654) on layer: M1
Net VSS: dangling Wire at (102.168, 75.654) (102.168, 75.654) on layer: M1
Net VSS: dangling Wire at (33.912, 75.654) (33.912, 75.654) on layer: M1
Net VSS: dangling Wire at (36.072, 75.654) (36.072, 75.654) on layer: M1
Net VSS: dangling Wire at (529.524, 76.194) (529.524, 76.194) on layer: M1
Net VSS: dangling Wire at (465.588, 76.194) (465.588, 76.194) on layer: M1
Net VSS: dangling Wire at (430.002, 76.194) (430.002, 76.194) on layer: M1
Net VSS: dangling Wire at (303.210, 76.194) (303.210, 76.194) on layer: M1
Net VSS: dangling Wire at (237.816, 76.194) (237.816, 76.194) on layer: M1
Net VSS: dangling Wire at (137.538, 76.194) (137.538, 76.194) on layer: M1
Net VSS: dangling Wire at (102.168, 76.194) (102.168, 76.194) on layer: M1
Net VSS: dangling Wire at (33.912, 76.194) (33.912, 76.194) on layer: M1
Net VSS: dangling Wire at (36.072, 76.194) (36.072, 76.194) on layer: M1
Net VSS: dangling Wire at (529.524, 76.734) (529.524, 76.734) on layer: M1
Net VSS: dangling Wire at (465.588, 76.734) (465.588, 76.734) on layer: M1
Net VSS: dangling Wire at (430.002, 76.734) (430.002, 76.734) on layer: M1
Net VSS: dangling Wire at (303.210, 76.734) (303.210, 76.734) on layer: M1
Net VSS: dangling Wire at (237.816, 76.734) (237.816, 76.734) on layer: M1
Net VSS: dangling Wire at (137.538, 76.734) (137.538, 76.734) on layer: M1
Net VSS: dangling Wire at (102.168, 76.734) (102.168, 76.734) on layer: M1
Net VSS: dangling Wire at (33.912, 76.734) (33.912, 76.734) on layer: M1
Net VSS: dangling Wire at (36.072, 76.734) (36.072, 76.734) on layer: M1
Net VSS: dangling Wire at (529.524, 77.274) (529.524, 77.274) on layer: M1
Net VSS: dangling Wire at (465.588, 77.274) (465.588, 77.274) on layer: M1
Net VSS: dangling Wire at (430.002, 77.274) (430.002, 77.274) on layer: M1
Net VSS: dangling Wire at (303.210, 77.274) (303.210, 77.274) on layer: M1
Net VSS: dangling Wire at (237.816, 77.274) (237.816, 77.274) on layer: M1
Net VSS: dangling Wire at (137.538, 77.274) (137.538, 77.274) on layer: M1
Net VSS: dangling Wire at (102.168, 77.274) (102.168, 77.274) on layer: M1
Net VSS: dangling Wire at (33.912, 77.274) (33.912, 77.274) on layer: M1
Net VSS: dangling Wire at (36.072, 77.274) (36.072, 77.274) on layer: M1
Net VSS: dangling Wire at (529.524, 77.814) (529.524, 77.814) on layer: M1
Net VSS: dangling Wire at (465.588, 77.814) (465.588, 77.814) on layer: M1
Net VSS: dangling Wire at (430.002, 77.814) (430.002, 77.814) on layer: M1
Net VSS: dangling Wire at (303.210, 77.814) (303.210, 77.814) on layer: M1
Net VSS: dangling Wire at (237.816, 77.814) (237.816, 77.814) on layer: M1
Net VSS: dangling Wire at (137.538, 77.814) (137.538, 77.814) on layer: M1
Net VSS: dangling Wire at (102.168, 77.814) (102.168, 77.814) on layer: M1
Net VSS: dangling Wire at (33.912, 77.814) (33.912, 77.814) on layer: M1
Net VSS: dangling Wire at (36.072, 77.814) (36.072, 77.814) on layer: M1
Net VSS: dangling Wire at (529.524, 78.354) (529.524, 78.354) on layer: M1
Net VSS: dangling Wire at (465.588, 78.354) (465.588, 78.354) on layer: M1
Net VSS: dangling Wire at (430.002, 78.354) (430.002, 78.354) on layer: M1
Net VSS: dangling Wire at (303.210, 78.354) (303.210, 78.354) on layer: M1
Net VSS: dangling Wire at (237.816, 78.354) (237.816, 78.354) on layer: M1
Net VSS: dangling Wire at (137.538, 78.354) (137.538, 78.354) on layer: M1
Net VSS: dangling Wire at (102.168, 78.354) (102.168, 78.354) on layer: M1
Net VSS: dangling Wire at (33.912, 78.354) (33.912, 78.354) on layer: M1
Net VSS: dangling Wire at (36.072, 78.354) (36.072, 78.354) on layer: M1
Net VSS: dangling Wire at (529.524, 78.894) (529.524, 78.894) on layer: M1
Net VSS: dangling Wire at (465.588, 78.894) (465.588, 78.894) on layer: M1
Net VSS: dangling Wire at (430.002, 78.894) (430.002, 78.894) on layer: M1
Net VSS: dangling Wire at (303.210, 78.894) (303.210, 78.894) on layer: M1
Net VSS: dangling Wire at (237.816, 78.894) (237.816, 78.894) on layer: M1
Net VSS: dangling Wire at (137.538, 78.894) (137.538, 78.894) on layer: M1
Net VSS: dangling Wire at (102.168, 78.894) (102.168, 78.894) on layer: M1
Net VSS: dangling Wire at (33.912, 78.894) (33.912, 78.894) on layer: M1
Net VSS: dangling Wire at (36.072, 78.894) (36.072, 78.894) on layer: M1
Net VSS: dangling Wire at (529.524, 79.434) (529.524, 79.434) on layer: M1
Net VSS: dangling Wire at (465.588, 79.434) (465.588, 79.434) on layer: M1
Net VSS: dangling Wire at (430.002, 79.434) (430.002, 79.434) on layer: M1
Net VSS: dangling Wire at (303.210, 79.434) (303.210, 79.434) on layer: M1
Net VSS: dangling Wire at (237.816, 79.434) (237.816, 79.434) on layer: M1
Net VSS: dangling Wire at (137.538, 79.434) (137.538, 79.434) on layer: M1
Net VSS: dangling Wire at (102.168, 79.434) (102.168, 79.434) on layer: M1
Net VSS: dangling Wire at (33.912, 79.434) (33.912, 79.434) on layer: M1
Net VSS: dangling Wire at (36.072, 79.434) (36.072, 79.434) on layer: M1
Net VSS: dangling Wire at (529.524, 79.974) (529.524, 79.974) on layer: M1
Net VSS: dangling Wire at (465.588, 79.974) (465.588, 79.974) on layer: M1
Net VSS: dangling Wire at (430.002, 79.974) (430.002, 79.974) on layer: M1
Net VSS: dangling Wire at (303.210, 79.974) (303.210, 79.974) on layer: M1
Net VSS: dangling Wire at (237.816, 79.974) (237.816, 79.974) on layer: M1
Net VSS: dangling Wire at (137.538, 79.974) (137.538, 79.974) on layer: M1
Net VSS: dangling Wire at (102.168, 79.974) (102.168, 79.974) on layer: M1
Net VSS: dangling Wire at (33.912, 79.974) (33.912, 79.974) on layer: M1
Net VSS: dangling Wire at (36.072, 79.974) (36.072, 79.974) on layer: M1
Net VSS: dangling Wire at (529.524, 80.514) (529.524, 80.514) on layer: M1
Net VSS: dangling Wire at (465.588, 80.514) (465.588, 80.514) on layer: M1
Net VSS: dangling Wire at (430.002, 80.514) (430.002, 80.514) on layer: M1
Net VSS: dangling Wire at (303.210, 80.514) (303.210, 80.514) on layer: M1
Net VSS: dangling Wire at (237.816, 80.514) (237.816, 80.514) on layer: M1
Net VSS: dangling Wire at (137.538, 80.514) (137.538, 80.514) on layer: M1
Net VSS: dangling Wire at (102.168, 80.514) (102.168, 80.514) on layer: M1
Net VSS: dangling Wire at (33.912, 80.514) (33.912, 80.514) on layer: M1
Net VSS: dangling Wire at (36.072, 80.514) (36.072, 80.514) on layer: M1
Net VSS: dangling Wire at (529.524, 81.054) (529.524, 81.054) on layer: M1
Net VSS: dangling Wire at (465.588, 81.054) (465.588, 81.054) on layer: M1
Net VSS: dangling Wire at (430.002, 81.054) (430.002, 81.054) on layer: M1
Net VSS: dangling Wire at (303.210, 81.054) (303.210, 81.054) on layer: M1
Net VSS: dangling Wire at (237.816, 81.054) (237.816, 81.054) on layer: M1
Net VSS: dangling Wire at (137.538, 81.054) (137.538, 81.054) on layer: M1
Net VSS: dangling Wire at (102.168, 81.054) (102.168, 81.054) on layer: M1
Net VSS: dangling Wire at (33.912, 81.054) (33.912, 81.054) on layer: M1
Net VSS: dangling Wire at (36.072, 81.054) (36.072, 81.054) on layer: M1
Net VSS: dangling Wire at (529.524, 81.594) (529.524, 81.594) on layer: M1
Net VSS: dangling Wire at (465.588, 81.594) (465.588, 81.594) on layer: M1
Net VSS: dangling Wire at (430.002, 81.594) (430.002, 81.594) on layer: M1
Net VSS: dangling Wire at (303.210, 81.594) (303.210, 81.594) on layer: M1
Net VSS: dangling Wire at (237.816, 81.594) (237.816, 81.594) on layer: M1
Net VSS: dangling Wire at (137.538, 81.594) (137.538, 81.594) on layer: M1
Net VSS: dangling Wire at (102.168, 81.594) (102.168, 81.594) on layer: M1
Net VSS: dangling Wire at (33.912, 81.594) (33.912, 81.594) on layer: M1
Net VSS: dangling Wire at (36.072, 81.594) (36.072, 81.594) on layer: M1
Net VSS: dangling Wire at (529.524, 82.134) (529.524, 82.134) on layer: M1
Net VSS: dangling Wire at (465.588, 82.134) (465.588, 82.134) on layer: M1
Net VSS: dangling Wire at (430.002, 82.134) (430.002, 82.134) on layer: M1
Net VSS: dangling Wire at (303.210, 82.134) (303.210, 82.134) on layer: M1
Net VSS: dangling Wire at (237.816, 82.134) (237.816, 82.134) on layer: M1
Net VSS: dangling Wire at (137.538, 82.134) (137.538, 82.134) on layer: M1
Net VSS: dangling Wire at (102.168, 82.134) (102.168, 82.134) on layer: M1
Net VSS: dangling Wire at (33.912, 82.134) (33.912, 82.134) on layer: M1
Net VSS: dangling Wire at (36.072, 82.134) (36.072, 82.134) on layer: M1
Net VSS: dangling Wire at (529.524, 82.674) (529.524, 82.674) on layer: M1
Net VSS: dangling Wire at (465.588, 82.674) (465.588, 82.674) on layer: M1
Net VSS: dangling Wire at (430.002, 82.674) (430.002, 82.674) on layer: M1
Net VSS: dangling Wire at (303.210, 82.674) (303.210, 82.674) on layer: M1
Net VSS: dangling Wire at (237.816, 82.674) (237.816, 82.674) on layer: M1
Net VSS: dangling Wire at (137.538, 82.674) (137.538, 82.674) on layer: M1
Net VSS: dangling Wire at (102.168, 82.674) (102.168, 82.674) on layer: M1
Net VSS: dangling Wire at (33.912, 82.674) (33.912, 82.674) on layer: M1
Net VSS: dangling Wire at (36.072, 82.674) (36.072, 82.674) on layer: M1
Net VSS: dangling Wire at (529.524, 83.214) (529.524, 83.214) on layer: M1
Net VSS: dangling Wire at (465.588, 83.214) (465.588, 83.214) on layer: M1
Net VSS: dangling Wire at (430.002, 83.214) (430.002, 83.214) on layer: M1
Net VSS: dangling Wire at (303.210, 83.214) (303.210, 83.214) on layer: M1
Net VSS: dangling Wire at (237.816, 83.214) (237.816, 83.214) on layer: M1
Net VSS: dangling Wire at (137.538, 83.214) (137.538, 83.214) on layer: M1
Net VSS: dangling Wire at (102.168, 83.214) (102.168, 83.214) on layer: M1
Net VSS: dangling Wire at (33.912, 83.214) (33.912, 83.214) on layer: M1
Net VSS: dangling Wire at (36.072, 83.214) (36.072, 83.214) on layer: M1
Net VSS: dangling Wire at (529.524, 83.754) (529.524, 83.754) on layer: M1
Net VSS: dangling Wire at (465.588, 83.754) (465.588, 83.754) on layer: M1
Net VSS: dangling Wire at (430.002, 83.754) (430.002, 83.754) on layer: M1
Net VSS: dangling Wire at (303.210, 83.754) (303.210, 83.754) on layer: M1
Net VSS: dangling Wire at (237.816, 83.754) (237.816, 83.754) on layer: M1
Net VSS: dangling Wire at (137.538, 83.754) (137.538, 83.754) on layer: M1
Net VSS: dangling Wire at (102.168, 83.754) (102.168, 83.754) on layer: M1
Net VSS: dangling Wire at (33.912, 83.754) (33.912, 83.754) on layer: M1
Net VSS: dangling Wire at (36.072, 83.754) (36.072, 83.754) on layer: M1
Net VSS: dangling Wire at (529.524, 84.294) (529.524, 84.294) on layer: M1
Net VSS: dangling Wire at (465.588, 84.294) (465.588, 84.294) on layer: M1
Net VSS: dangling Wire at (430.002, 84.294) (430.002, 84.294) on layer: M1
Net VSS: dangling Wire at (303.210, 84.294) (303.210, 84.294) on layer: M1
Net VSS: dangling Wire at (237.816, 84.294) (237.816, 84.294) on layer: M1
Net VSS: dangling Wire at (137.538, 84.294) (137.538, 84.294) on layer: M1
Net VSS: dangling Wire at (102.168, 84.294) (102.168, 84.294) on layer: M1
Net VSS: dangling Wire at (33.912, 84.294) (33.912, 84.294) on layer: M1
Net VSS: dangling Wire at (36.072, 84.294) (36.072, 84.294) on layer: M1
Net VSS: dangling Wire at (529.524, 84.834) (529.524, 84.834) on layer: M1
Net VSS: dangling Wire at (465.588, 84.834) (465.588, 84.834) on layer: M1
Net VSS: dangling Wire at (430.002, 84.834) (430.002, 84.834) on layer: M1
Net VSS: dangling Wire at (303.210, 84.834) (303.210, 84.834) on layer: M1
Net VSS: dangling Wire at (237.816, 84.834) (237.816, 84.834) on layer: M1
Net VSS: dangling Wire at (137.538, 84.834) (137.538, 84.834) on layer: M1
Net VSS: dangling Wire at (102.168, 84.834) (102.168, 84.834) on layer: M1
Net VSS: dangling Wire at (33.912, 84.834) (33.912, 84.834) on layer: M1
Net VSS: dangling Wire at (36.072, 84.834) (36.072, 84.834) on layer: M1
Net VSS: dangling Wire at (529.524, 85.374) (529.524, 85.374) on layer: M1
Net VSS: dangling Wire at (465.588, 85.374) (465.588, 85.374) on layer: M1
Net VSS: dangling Wire at (430.002, 85.374) (430.002, 85.374) on layer: M1
Net VSS: dangling Wire at (303.210, 85.374) (303.210, 85.374) on layer: M1
Net VSS: dangling Wire at (237.816, 85.374) (237.816, 85.374) on layer: M1
Net VSS: dangling Wire at (137.538, 85.374) (137.538, 85.374) on layer: M1
Net VSS: dangling Wire at (102.168, 85.374) (102.168, 85.374) on layer: M1
Net VSS: dangling Wire at (33.912, 85.374) (33.912, 85.374) on layer: M1
Net VSS: dangling Wire at (36.072, 85.374) (36.072, 85.374) on layer: M1
Net VSS: dangling Wire at (529.524, 85.914) (529.524, 85.914) on layer: M1
Net VSS: dangling Wire at (465.588, 85.914) (465.588, 85.914) on layer: M1
Net VSS: dangling Wire at (430.002, 85.914) (430.002, 85.914) on layer: M1
Net VSS: dangling Wire at (303.210, 85.914) (303.210, 85.914) on layer: M1
Net VSS: dangling Wire at (237.816, 85.914) (237.816, 85.914) on layer: M1
Net VSS: dangling Wire at (137.538, 85.914) (137.538, 85.914) on layer: M1
Net VSS: dangling Wire at (102.168, 85.914) (102.168, 85.914) on layer: M1
Net VSS: dangling Wire at (33.912, 85.914) (33.912, 85.914) on layer: M1
Net VSS: dangling Wire at (36.072, 85.914) (36.072, 85.914) on layer: M1
Net VSS: dangling Wire at (529.524, 86.454) (529.524, 86.454) on layer: M1
Net VSS: dangling Wire at (465.588, 86.454) (465.588, 86.454) on layer: M1
Net VSS: dangling Wire at (430.002, 86.454) (430.002, 86.454) on layer: M1
Net VSS: dangling Wire at (303.210, 86.454) (303.210, 86.454) on layer: M1
Net VSS: dangling Wire at (237.816, 86.454) (237.816, 86.454) on layer: M1
Net VSS: dangling Wire at (137.538, 86.454) (137.538, 86.454) on layer: M1
Net VSS: dangling Wire at (102.168, 86.454) (102.168, 86.454) on layer: M1
Net VSS: dangling Wire at (33.912, 86.454) (33.912, 86.454) on layer: M1
Net VSS: dangling Wire at (36.072, 86.454) (36.072, 86.454) on layer: M1
Net VSS: dangling Wire at (529.524, 86.994) (529.524, 86.994) on layer: M1
Net VSS: dangling Wire at (465.588, 86.994) (465.588, 86.994) on layer: M1
Net VSS: dangling Wire at (430.002, 86.994) (430.002, 86.994) on layer: M1
Net VSS: dangling Wire at (303.210, 86.994) (303.210, 86.994) on layer: M1
Net VSS: dangling Wire at (237.816, 86.994) (237.816, 86.994) on layer: M1
Net VSS: dangling Wire at (137.538, 86.994) (137.538, 86.994) on layer: M1
Net VSS: dangling Wire at (102.168, 86.994) (102.168, 86.994) on layer: M1
Net VSS: dangling Wire at (33.912, 86.994) (33.912, 86.994) on layer: M1
Net VSS: dangling Wire at (36.072, 86.994) (36.072, 86.994) on layer: M1
Net VSS: dangling Wire at (529.524, 87.534) (529.524, 87.534) on layer: M1
Net VSS: dangling Wire at (465.588, 87.534) (465.588, 87.534) on layer: M1
Net VSS: dangling Wire at (430.002, 87.534) (430.002, 87.534) on layer: M1
Net VSS: dangling Wire at (303.210, 87.534) (303.210, 87.534) on layer: M1
Net VSS: dangling Wire at (237.816, 87.534) (237.816, 87.534) on layer: M1
Net VSS: dangling Wire at (137.538, 87.534) (137.538, 87.534) on layer: M1
Net VSS: dangling Wire at (102.168, 87.534) (102.168, 87.534) on layer: M1
Net VSS: dangling Wire at (33.912, 87.534) (33.912, 87.534) on layer: M1
Net VSS: dangling Wire at (36.072, 87.534) (36.072, 87.534) on layer: M1
Net VSS: dangling Wire at (529.524, 88.074) (529.524, 88.074) on layer: M1
Net VSS: dangling Wire at (465.588, 88.074) (465.588, 88.074) on layer: M1
Net VSS: dangling Wire at (430.002, 88.074) (430.002, 88.074) on layer: M1
Net VSS: dangling Wire at (303.210, 88.074) (303.210, 88.074) on layer: M1
Net VSS: dangling Wire at (237.816, 88.074) (237.816, 88.074) on layer: M1
Net VSS: dangling Wire at (137.538, 88.074) (137.538, 88.074) on layer: M1
Net VSS: dangling Wire at (102.168, 88.074) (102.168, 88.074) on layer: M1
Net VSS: dangling Wire at (33.912, 88.074) (33.912, 88.074) on layer: M1
Net VSS: dangling Wire at (36.072, 88.074) (36.072, 88.074) on layer: M1
Net VSS: dangling Wire at (529.524, 88.614) (529.524, 88.614) on layer: M1
Net VSS: dangling Wire at (465.588, 88.614) (465.588, 88.614) on layer: M1
Net VSS: dangling Wire at (430.002, 88.614) (430.002, 88.614) on layer: M1
Net VSS: dangling Wire at (303.210, 88.614) (303.210, 88.614) on layer: M1
Net VSS: dangling Wire at (237.816, 88.614) (237.816, 88.614) on layer: M1
Net VSS: dangling Wire at (137.538, 88.614) (137.538, 88.614) on layer: M1
Net VSS: dangling Wire at (102.168, 88.614) (102.168, 88.614) on layer: M1
Net VSS: dangling Wire at (33.912, 88.614) (33.912, 88.614) on layer: M1
Net VSS: dangling Wire at (36.072, 88.614) (36.072, 88.614) on layer: M1
Net VSS: dangling Wire at (529.524, 89.154) (529.524, 89.154) on layer: M1
Net VSS: dangling Wire at (465.588, 89.154) (465.588, 89.154) on layer: M1
Net VSS: dangling Wire at (430.002, 89.154) (430.002, 89.154) on layer: M1
Net VSS: dangling Wire at (303.210, 89.154) (303.210, 89.154) on layer: M1
Net VSS: dangling Wire at (237.816, 89.154) (237.816, 89.154) on layer: M1
Net VSS: dangling Wire at (137.538, 89.154) (137.538, 89.154) on layer: M1
Net VSS: dangling Wire at (102.168, 89.154) (102.168, 89.154) on layer: M1
Net VSS: dangling Wire at (33.912, 89.154) (33.912, 89.154) on layer: M1
Net VSS: dangling Wire at (36.072, 89.154) (36.072, 89.154) on layer: M1
Net VSS: dangling Wire at (529.524, 89.694) (529.524, 89.694) on layer: M1
Net VSS: dangling Wire at (465.588, 89.694) (465.588, 89.694) on layer: M1
Net VSS: dangling Wire at (430.002, 89.694) (430.002, 89.694) on layer: M1
Net VSS: dangling Wire at (303.210, 89.694) (303.210, 89.694) on layer: M1
Net VSS: dangling Wire at (237.816, 89.694) (237.816, 89.694) on layer: M1
Net VSS: dangling Wire at (137.538, 89.694) (137.538, 89.694) on layer: M1
Net VSS: dangling Wire at (102.168, 89.694) (102.168, 89.694) on layer: M1
Net VSS: dangling Wire at (33.912, 89.694) (33.912, 89.694) on layer: M1
Net VSS: dangling Wire at (36.072, 89.694) (36.072, 89.694) on layer: M1
Net VSS: dangling Wire at (529.524, 90.234) (529.524, 90.234) on layer: M1
Net VSS: dangling Wire at (465.588, 90.234) (465.588, 90.234) on layer: M1
Net VSS: dangling Wire at (430.002, 90.234) (430.002, 90.234) on layer: M1
Net VSS: dangling Wire at (303.210, 90.234) (303.210, 90.234) on layer: M1
Net VSS: dangling Wire at (237.816, 90.234) (237.816, 90.234) on layer: M1
Net VSS: dangling Wire at (137.538, 90.234) (137.538, 90.234) on layer: M1
Net VSS: dangling Wire at (102.168, 90.234) (102.168, 90.234) on layer: M1
Net VSS: dangling Wire at (33.912, 90.234) (33.912, 90.234) on layer: M1
Net VSS: dangling Wire at (36.072, 90.234) (36.072, 90.234) on layer: M1
Net VSS: dangling Wire at (529.524, 90.774) (529.524, 90.774) on layer: M1
Net VSS: dangling Wire at (465.588, 90.774) (465.588, 90.774) on layer: M1
Net VSS: dangling Wire at (430.002, 90.774) (430.002, 90.774) on layer: M1
Net VSS: dangling Wire at (303.210, 90.774) (303.210, 90.774) on layer: M1
Net VSS: dangling Wire at (237.816, 90.774) (237.816, 90.774) on layer: M1
Net VSS: dangling Wire at (137.538, 90.774) (137.538, 90.774) on layer: M1
Net VSS: dangling Wire at (102.168, 90.774) (102.168, 90.774) on layer: M1
Net VSS: dangling Wire at (33.912, 90.774) (33.912, 90.774) on layer: M1
Net VSS: dangling Wire at (36.072, 90.774) (36.072, 90.774) on layer: M1
Net VSS: dangling Wire at (529.524, 91.314) (529.524, 91.314) on layer: M1
Net VSS: dangling Wire at (465.588, 91.314) (465.588, 91.314) on layer: M1
Net VSS: dangling Wire at (102.168, 91.314) (102.168, 91.314) on layer: M1
Net VSS: dangling Wire at (36.072, 91.314) (36.072, 91.314) on layer: M1
Net VSS: dangling Wire at (529.524, 91.854) (529.524, 91.854) on layer: M1
Net VSS: dangling Wire at (465.588, 91.854) (465.588, 91.854) on layer: M1
Net VSS: dangling Wire at (102.168, 91.854) (102.168, 91.854) on layer: M1
Net VSS: dangling Wire at (33.912, 91.854) (33.912, 91.854) on layer: M1
Net VSS: dangling Wire at (36.072, 91.854) (36.072, 91.854) on layer: M1
Net VSS: dangling Wire at (529.524, 92.394) (529.524, 92.394) on layer: M1
Net VSS: dangling Wire at (465.588, 92.394) (465.588, 92.394) on layer: M1
Net VSS: dangling Wire at (102.168, 92.394) (102.168, 92.394) on layer: M1
Net VSS: dangling Wire at (36.072, 92.394) (36.072, 92.394) on layer: M1
Net VSS: dangling Wire at (529.524, 92.934) (529.524, 92.934) on layer: M1
Net VSS: dangling Wire at (465.588, 92.934) (465.588, 92.934) on layer: M1
Net VSS: dangling Wire at (102.168, 92.934) (102.168, 92.934) on layer: M1
Net VSS: dangling Wire at (33.912, 92.934) (33.912, 92.934) on layer: M1
Net VSS: dangling Wire at (36.072, 92.934) (36.072, 92.934) on layer: M1
Net VSS: dangling Wire at (529.524, 93.474) (529.524, 93.474) on layer: M1
Net VSS: dangling Wire at (465.588, 93.474) (465.588, 93.474) on layer: M1
Net VSS: dangling Wire at (102.168, 93.474) (102.168, 93.474) on layer: M1
Net VSS: dangling Wire at (36.072, 93.474) (36.072, 93.474) on layer: M1
Net VSS: dangling Wire at (529.524, 94.014) (529.524, 94.014) on layer: M1
Net VSS: dangling Wire at (465.588, 94.014) (465.588, 94.014) on layer: M1
Net VSS: dangling Wire at (33.912, 94.014) (33.912, 94.014) on layer: M1
Net VSS: dangling Wire at (36.072, 94.014) (36.072, 94.014) on layer: M1
Net VSS: dangling Wire at (529.524, 94.554) (529.524, 94.554) on layer: M1
Net VSS: dangling Wire at (465.588, 94.554) (465.588, 94.554) on layer: M1
Net VSS: dangling Wire at (102.168, 94.554) (102.168, 94.554) on layer: M1
Net VSS: dangling Wire at (36.072, 94.554) (36.072, 94.554) on layer: M1
Net VSS: dangling Wire at (529.524, 95.094) (529.524, 95.094) on layer: M1
Net VSS: dangling Wire at (465.588, 95.094) (465.588, 95.094) on layer: M1
Net VSS: dangling Wire at (102.168, 95.094) (102.168, 95.094) on layer: M1
Net VSS: dangling Wire at (36.072, 95.094) (36.072, 95.094) on layer: M1
Net VSS: dangling Wire at (529.524, 95.634) (529.524, 95.634) on layer: M1
Net VSS: dangling Wire at (465.588, 95.634) (465.588, 95.634) on layer: M1
Net VSS: dangling Wire at (102.168, 95.634) (102.168, 95.634) on layer: M1
Net VSS: dangling Wire at (33.912, 95.634) (33.912, 95.634) on layer: M1
Net VSS: dangling Wire at (36.072, 95.634) (36.072, 95.634) on layer: M1
Net VSS: dangling Wire at (529.524, 96.174) (529.524, 96.174) on layer: M1
Net VSS: dangling Wire at (465.588, 96.174) (465.588, 96.174) on layer: M1
Net VSS: dangling Wire at (102.168, 96.174) (102.168, 96.174) on layer: M1
Net VSS: dangling Wire at (33.912, 96.174) (33.912, 96.174) on layer: M1
Net VSS: dangling Wire at (36.072, 96.174) (36.072, 96.174) on layer: M1
Net VSS: dangling Wire at (529.524, 96.714) (529.524, 96.714) on layer: M1
Net VSS: dangling Wire at (465.588, 96.714) (465.588, 96.714) on layer: M1
Net VSS: dangling Wire at (102.168, 96.714) (102.168, 96.714) on layer: M1
Net VSS: dangling Wire at (33.912, 96.714) (33.912, 96.714) on layer: M1
Net VSS: dangling Wire at (36.072, 96.714) (36.072, 96.714) on layer: M1
Net VSS: dangling Wire at (529.524, 97.254) (529.524, 97.254) on layer: M1
Net VSS: dangling Wire at (465.588, 97.254) (465.588, 97.254) on layer: M1
Net VSS: dangling Wire at (102.168, 97.254) (102.168, 97.254) on layer: M1
Net VSS: dangling Wire at (33.912, 97.254) (33.912, 97.254) on layer: M1
Net VSS: dangling Wire at (36.072, 97.254) (36.072, 97.254) on layer: M1
Net VSS: dangling Wire at (529.524, 97.794) (529.524, 97.794) on layer: M1
Net VSS: dangling Wire at (465.588, 97.794) (465.588, 97.794) on layer: M1
Net VSS: dangling Wire at (102.168, 97.794) (102.168, 97.794) on layer: M1
Net VSS: dangling Wire at (33.912, 97.794) (33.912, 97.794) on layer: M1
Net VSS: dangling Wire at (36.072, 97.794) (36.072, 97.794) on layer: M1
Net VSS: dangling Wire at (529.524, 98.334) (529.524, 98.334) on layer: M1
Net VSS: dangling Wire at (465.588, 98.334) (465.588, 98.334) on layer: M1
Net VSS: dangling Wire at (102.168, 98.334) (102.168, 98.334) on layer: M1
Net VSS: dangling Wire at (33.912, 98.334) (33.912, 98.334) on layer: M1
Net VSS: dangling Wire at (36.072, 98.334) (36.072, 98.334) on layer: M1
Net VSS: dangling Wire at (529.524, 98.874) (529.524, 98.874) on layer: M1
Net VSS: dangling Wire at (465.588, 98.874) (465.588, 98.874) on layer: M1
Net VSS: dangling Wire at (102.168, 98.874) (102.168, 98.874) on layer: M1
Net VSS: dangling Wire at (33.912, 98.874) (33.912, 98.874) on layer: M1
Net VSS: dangling Wire at (36.072, 98.874) (36.072, 98.874) on layer: M1
Net VSS: dangling Wire at (529.524, 99.414) (529.524, 99.414) on layer: M1
Net VSS: dangling Wire at (465.588, 99.414) (465.588, 99.414) on layer: M1
Net VSS: dangling Wire at (102.168, 99.414) (102.168, 99.414) on layer: M1
Net VSS: dangling Wire at (33.912, 99.414) (33.912, 99.414) on layer: M1
Net VSS: dangling Wire at (529.524, 99.954) (529.524, 99.954) on layer: M1
Net VSS: dangling Wire at (465.588, 99.954) (465.588, 99.954) on layer: M1
Net VSS: dangling Wire at (102.168, 99.954) (102.168, 99.954) on layer: M1
Net VSS: dangling Wire at (33.912, 99.954) (33.912, 99.954) on layer: M1
Net VSS: dangling Wire at (36.072, 99.954) (36.072, 99.954) on layer: M1
Net VSS: dangling Wire at (529.524, 100.494) (529.524, 100.494) on layer: M1
Net VSS: dangling Wire at (465.588, 100.494) (465.588, 100.494) on layer: M1
Net VSS: dangling Wire at (102.168, 100.494) (102.168, 100.494) on layer: M1
Net VSS: dangling Wire at (33.912, 100.494) (33.912, 100.494) on layer: M1
Net VSS: dangling Wire at (36.072, 100.494) (36.072, 100.494) on layer: M1
Net VSS: dangling Wire at (529.524, 101.034) (529.524, 101.034) on layer: M1
Net VSS: dangling Wire at (465.588, 101.034) (465.588, 101.034) on layer: M1
Net VSS: dangling Wire at (102.168, 101.034) (102.168, 101.034) on layer: M1
Net VSS: dangling Wire at (36.072, 101.034) (36.072, 101.034) on layer: M1
Net VSS: dangling Wire at (529.524, 101.574) (529.524, 101.574) on layer: M1
Net VSS: dangling Wire at (465.588, 101.574) (465.588, 101.574) on layer: M1
Net VSS: dangling Wire at (102.168, 101.574) (102.168, 101.574) on layer: M1
Net VSS: dangling Wire at (33.912, 101.574) (33.912, 101.574) on layer: M1
Net VSS: dangling Wire at (36.072, 101.574) (36.072, 101.574) on layer: M1
Net VSS: dangling Wire at (529.524, 102.114) (529.524, 102.114) on layer: M1
Net VSS: dangling Wire at (465.588, 102.114) (465.588, 102.114) on layer: M1
Net VSS: dangling Wire at (102.168, 102.114) (102.168, 102.114) on layer: M1
Net VSS: dangling Wire at (36.072, 102.114) (36.072, 102.114) on layer: M1
Net VSS: dangling Wire at (465.588, 102.654) (465.588, 102.654) on layer: M1
Net VSS: dangling Wire at (102.168, 102.654) (102.168, 102.654) on layer: M1
Net VSS: dangling Wire at (33.912, 102.654) (33.912, 102.654) on layer: M1
Net VSS: dangling Wire at (36.072, 102.654) (36.072, 102.654) on layer: M1
Net VSS: dangling Wire at (529.524, 103.194) (529.524, 103.194) on layer: M1
Net VSS: dangling Wire at (465.588, 103.194) (465.588, 103.194) on layer: M1
Net VSS: dangling Wire at (102.168, 103.194) (102.168, 103.194) on layer: M1
Net VSS: dangling Wire at (33.912, 103.194) (33.912, 103.194) on layer: M1
Net VSS: dangling Wire at (36.072, 103.194) (36.072, 103.194) on layer: M1
Net VSS: dangling Wire at (529.524, 103.734) (529.524, 103.734) on layer: M1
Net VSS: dangling Wire at (465.588, 103.734) (465.588, 103.734) on layer: M1
Net VSS: dangling Wire at (102.168, 103.734) (102.168, 103.734) on layer: M1
Net VSS: dangling Wire at (33.912, 103.734) (33.912, 103.734) on layer: M1
Net VSS: dangling Wire at (36.072, 103.734) (36.072, 103.734) on layer: M1
Net VSS: dangling Wire at (529.524, 104.274) (529.524, 104.274) on layer: M1
Net VSS: dangling Wire at (465.588, 104.274) (465.588, 104.274) on layer: M1
Net VSS: dangling Wire at (102.168, 104.274) (102.168, 104.274) on layer: M1
Net VSS: dangling Wire at (33.912, 104.274) (33.912, 104.274) on layer: M1
Net VSS: dangling Wire at (36.072, 104.274) (36.072, 104.274) on layer: M1
Net VSS: dangling Wire at (529.524, 104.814) (529.524, 104.814) on layer: M1
Net VSS: dangling Wire at (465.588, 104.814) (465.588, 104.814) on layer: M1
Net VSS: dangling Wire at (102.168, 104.814) (102.168, 104.814) on layer: M1
Net VSS: dangling Wire at (33.912, 104.814) (33.912, 104.814) on layer: M1
Net VSS: dangling Wire at (36.072, 104.814) (36.072, 104.814) on layer: M1
Net VSS: dangling Wire at (529.524, 105.354) (529.524, 105.354) on layer: M1
Net VSS: dangling Wire at (465.588, 105.354) (465.588, 105.354) on layer: M1
Net VSS: dangling Wire at (102.168, 105.354) (102.168, 105.354) on layer: M1
Net VSS: dangling Wire at (33.912, 105.354) (33.912, 105.354) on layer: M1
Net VSS: dangling Wire at (36.072, 105.354) (36.072, 105.354) on layer: M1
Net VSS: dangling Wire at (529.524, 105.894) (529.524, 105.894) on layer: M1
Net VSS: dangling Wire at (465.588, 105.894) (465.588, 105.894) on layer: M1
Net VSS: dangling Wire at (102.168, 105.894) (102.168, 105.894) on layer: M1
Net VSS: dangling Wire at (33.912, 105.894) (33.912, 105.894) on layer: M1
Net VSS: dangling Wire at (36.072, 105.894) (36.072, 105.894) on layer: M1
Net VSS: dangling Wire at (529.524, 106.434) (529.524, 106.434) on layer: M1
Net VSS: dangling Wire at (465.588, 106.434) (465.588, 106.434) on layer: M1
Net VSS: dangling Wire at (102.168, 106.434) (102.168, 106.434) on layer: M1
Net VSS: dangling Wire at (36.072, 106.434) (36.072, 106.434) on layer: M1
Net VSS: dangling Wire at (529.524, 106.974) (529.524, 106.974) on layer: M1
Net VSS: dangling Wire at (465.588, 106.974) (465.588, 106.974) on layer: M1
Net VSS: dangling Wire at (102.168, 106.974) (102.168, 106.974) on layer: M1
Net VSS: dangling Wire at (33.912, 106.974) (33.912, 106.974) on layer: M1
Net VSS: dangling Wire at (36.072, 106.974) (36.072, 106.974) on layer: M1
Net VSS: dangling Wire at (529.524, 107.514) (529.524, 107.514) on layer: M1
Net VSS: dangling Wire at (465.588, 107.514) (465.588, 107.514) on layer: M1
Net VSS: dangling Wire at (102.168, 107.514) (102.168, 107.514) on layer: M1
Net VSS: dangling Wire at (33.912, 107.514) (33.912, 107.514) on layer: M1
Net VSS: dangling Wire at (36.072, 107.514) (36.072, 107.514) on layer: M1
Net VSS: dangling Wire at (529.524, 108.054) (529.524, 108.054) on layer: M1
Net VSS: dangling Wire at (465.588, 108.054) (465.588, 108.054) on layer: M1
Net VSS: dangling Wire at (102.168, 108.054) (102.168, 108.054) on layer: M1
Net VSS: dangling Wire at (33.912, 108.054) (33.912, 108.054) on layer: M1
Net VSS: dangling Wire at (36.072, 108.054) (36.072, 108.054) on layer: M1
Net VSS: dangling Wire at (529.524, 108.594) (529.524, 108.594) on layer: M1
Net VSS: dangling Wire at (465.588, 108.594) (465.588, 108.594) on layer: M1
Net VSS: dangling Wire at (102.168, 108.594) (102.168, 108.594) on layer: M1
Net VSS: dangling Wire at (33.912, 108.594) (33.912, 108.594) on layer: M1
Net VSS: dangling Wire at (36.072, 108.594) (36.072, 108.594) on layer: M1
Net VSS: dangling Wire at (465.588, 109.134) (465.588, 109.134) on layer: M1
Net VSS: dangling Wire at (102.168, 109.134) (102.168, 109.134) on layer: M1
Net VSS: dangling Wire at (33.912, 109.134) (33.912, 109.134) on layer: M1
Net VSS: dangling Wire at (36.072, 109.134) (36.072, 109.134) on layer: M1
Net VSS: dangling Wire at (465.588, 109.674) (465.588, 109.674) on layer: M1
Net VSS: dangling Wire at (102.168, 109.674) (102.168, 109.674) on layer: M1
Net VSS: dangling Wire at (33.912, 109.674) (33.912, 109.674) on layer: M1
Net VSS: dangling Wire at (36.072, 109.674) (36.072, 109.674) on layer: M1
Net VSS: dangling Wire at (529.524, 110.214) (529.524, 110.214) on layer: M1
Net VSS: dangling Wire at (465.588, 110.214) (465.588, 110.214) on layer: M1
Net VSS: dangling Wire at (102.168, 110.214) (102.168, 110.214) on layer: M1
Net VSS: dangling Wire at (33.912, 110.214) (33.912, 110.214) on layer: M1
Net VSS: dangling Wire at (36.072, 110.214) (36.072, 110.214) on layer: M1
Net VSS: dangling Wire at (529.524, 110.754) (529.524, 110.754) on layer: M1
Net VSS: dangling Wire at (465.588, 110.754) (465.588, 110.754) on layer: M1
Net VSS: dangling Wire at (102.168, 110.754) (102.168, 110.754) on layer: M1
Net VSS: dangling Wire at (33.912, 110.754) (33.912, 110.754) on layer: M1
Net VSS: dangling Wire at (36.072, 110.754) (36.072, 110.754) on layer: M1
Net VSS: dangling Wire at (529.524, 111.294) (529.524, 111.294) on layer: M1
Net VSS: dangling Wire at (465.588, 111.294) (465.588, 111.294) on layer: M1
Net VSS: dangling Wire at (102.168, 111.294) (102.168, 111.294) on layer: M1
Net VSS: dangling Wire at (33.912, 111.294) (33.912, 111.294) on layer: M1
Net VSS: dangling Wire at (36.072, 111.294) (36.072, 111.294) on layer: M1
Net VSS: dangling Wire at (529.524, 111.834) (529.524, 111.834) on layer: M1
Net VSS: dangling Wire at (465.588, 111.834) (465.588, 111.834) on layer: M1
Net VSS: dangling Wire at (102.168, 111.834) (102.168, 111.834) on layer: M1
Net VSS: dangling Wire at (33.912, 111.834) (33.912, 111.834) on layer: M1
Net VSS: dangling Wire at (36.072, 111.834) (36.072, 111.834) on layer: M1
Net VSS: dangling Wire at (529.524, 112.374) (529.524, 112.374) on layer: M1
Net VSS: dangling Wire at (465.588, 112.374) (465.588, 112.374) on layer: M1
Net VSS: dangling Wire at (102.168, 112.374) (102.168, 112.374) on layer: M1
Net VSS: dangling Wire at (33.912, 112.374) (33.912, 112.374) on layer: M1
Net VSS: dangling Wire at (36.072, 112.374) (36.072, 112.374) on layer: M1
Net VSS: dangling Wire at (529.524, 112.914) (529.524, 112.914) on layer: M1
Net VSS: dangling Wire at (465.588, 112.914) (465.588, 112.914) on layer: M1
Net VSS: dangling Wire at (102.168, 112.914) (102.168, 112.914) on layer: M1
Net VSS: dangling Wire at (33.912, 112.914) (33.912, 112.914) on layer: M1
Net VSS: dangling Wire at (36.072, 112.914) (36.072, 112.914) on layer: M1
Net VSS: dangling Wire at (529.524, 113.454) (529.524, 113.454) on layer: M1
Net VSS: dangling Wire at (465.588, 113.454) (465.588, 113.454) on layer: M1
Net VSS: dangling Wire at (102.168, 113.454) (102.168, 113.454) on layer: M1
Net VSS: dangling Wire at (33.912, 113.454) (33.912, 113.454) on layer: M1
Net VSS: dangling Wire at (36.072, 113.454) (36.072, 113.454) on layer: M1
Net VSS: dangling Wire at (529.524, 113.994) (529.524, 113.994) on layer: M1
Net VSS: dangling Wire at (465.588, 113.994) (465.588, 113.994) on layer: M1
Net VSS: dangling Wire at (102.168, 113.994) (102.168, 113.994) on layer: M1
Net VSS: dangling Wire at (33.912, 113.994) (33.912, 113.994) on layer: M1
Net VSS: dangling Wire at (36.072, 113.994) (36.072, 113.994) on layer: M1
Net VSS: dangling Wire at (529.524, 114.534) (529.524, 114.534) on layer: M1
Net VSS: dangling Wire at (465.588, 114.534) (465.588, 114.534) on layer: M1
Net VSS: dangling Wire at (102.168, 114.534) (102.168, 114.534) on layer: M1
Net VSS: dangling Wire at (33.912, 114.534) (33.912, 114.534) on layer: M1
Net VSS: dangling Wire at (36.072, 114.534) (36.072, 114.534) on layer: M1
Net VSS: dangling Wire at (529.524, 115.074) (529.524, 115.074) on layer: M1
Net VSS: dangling Wire at (465.588, 115.074) (465.588, 115.074) on layer: M1
Net VSS: dangling Wire at (102.168, 115.074) (102.168, 115.074) on layer: M1
Net VSS: dangling Wire at (33.912, 115.074) (33.912, 115.074) on layer: M1
Net VSS: dangling Wire at (36.072, 115.074) (36.072, 115.074) on layer: M1
Net VSS: dangling Wire at (529.524, 115.614) (529.524, 115.614) on layer: M1
Net VSS: dangling Wire at (465.588, 115.614) (465.588, 115.614) on layer: M1
Net VSS: dangling Wire at (102.168, 115.614) (102.168, 115.614) on layer: M1
Net VSS: dangling Wire at (33.912, 115.614) (33.912, 115.614) on layer: M1
Net VSS: dangling Wire at (36.072, 115.614) (36.072, 115.614) on layer: M1
Net VSS: dangling Wire at (529.524, 116.154) (529.524, 116.154) on layer: M1
Net VSS: dangling Wire at (465.588, 116.154) (465.588, 116.154) on layer: M1
Net VSS: dangling Wire at (102.168, 116.154) (102.168, 116.154) on layer: M1
Net VSS: dangling Wire at (33.912, 116.154) (33.912, 116.154) on layer: M1
Net VSS: dangling Wire at (36.072, 116.154) (36.072, 116.154) on layer: M1
Net VSS: dangling Wire at (529.524, 116.694) (529.524, 116.694) on layer: M1
Net VSS: dangling Wire at (465.588, 116.694) (465.588, 116.694) on layer: M1
Net VSS: dangling Wire at (33.912, 116.694) (33.912, 116.694) on layer: M1
Net VSS: dangling Wire at (36.072, 116.694) (36.072, 116.694) on layer: M1
Net VSS: dangling Wire at (529.524, 117.234) (529.524, 117.234) on layer: M1
Net VSS: dangling Wire at (465.588, 117.234) (465.588, 117.234) on layer: M1
Net VSS: dangling Wire at (102.168, 117.234) (102.168, 117.234) on layer: M1
Net VSS: dangling Wire at (36.072, 117.234) (36.072, 117.234) on layer: M1
Net VSS: dangling Wire at (529.524, 117.774) (529.524, 117.774) on layer: M1
Net VSS: dangling Wire at (465.588, 117.774) (465.588, 117.774) on layer: M1
Net VSS: dangling Wire at (102.168, 117.774) (102.168, 117.774) on layer: M1
Net VSS: dangling Wire at (33.912, 117.774) (33.912, 117.774) on layer: M1
Net VSS: dangling Wire at (36.072, 117.774) (36.072, 117.774) on layer: M1
Net VSS: dangling Wire at (529.524, 118.314) (529.524, 118.314) on layer: M1
Net VSS: dangling Wire at (465.588, 118.314) (465.588, 118.314) on layer: M1
Net VSS: dangling Wire at (102.168, 118.314) (102.168, 118.314) on layer: M1
Net VSS: dangling Wire at (33.912, 118.314) (33.912, 118.314) on layer: M1
Net VSS: dangling Wire at (36.072, 118.314) (36.072, 118.314) on layer: M1
Net VSS: dangling Wire at (529.524, 118.854) (529.524, 118.854) on layer: M1
Net VSS: dangling Wire at (465.588, 118.854) (465.588, 118.854) on layer: M1
Net VSS: dangling Wire at (102.168, 118.854) (102.168, 118.854) on layer: M1
Net VSS: dangling Wire at (33.912, 118.854) (33.912, 118.854) on layer: M1
Net VSS: dangling Wire at (36.072, 118.854) (36.072, 118.854) on layer: M1
Net VSS: dangling Wire at (529.524, 119.394) (529.524, 119.394) on layer: M1
Net VSS: dangling Wire at (465.588, 119.394) (465.588, 119.394) on layer: M1
Net VSS: dangling Wire at (102.168, 119.394) (102.168, 119.394) on layer: M1
Net VSS: dangling Wire at (33.912, 119.394) (33.912, 119.394) on layer: M1
Net VSS: dangling Wire at (36.072, 119.394) (36.072, 119.394) on layer: M1
Net VSS: dangling Wire at (529.524, 119.934) (529.524, 119.934) on layer: M1
Net VSS: dangling Wire at (102.168, 119.934) (102.168, 119.934) on layer: M1
Net VSS: dangling Wire at (33.912, 119.934) (33.912, 119.934) on layer: M1
Net VSS: dangling Wire at (36.072, 119.934) (36.072, 119.934) on layer: M1
Net VSS: dangling Wire at (529.524, 120.474) (529.524, 120.474) on layer: M1
Net VSS: dangling Wire at (465.588, 120.474) (465.588, 120.474) on layer: M1
Net VSS: dangling Wire at (102.168, 120.474) (102.168, 120.474) on layer: M1
Net VSS: dangling Wire at (33.912, 120.474) (33.912, 120.474) on layer: M1
Net VSS: dangling Wire at (36.072, 120.474) (36.072, 120.474) on layer: M1
Net VSS: dangling Wire at (529.524, 121.014) (529.524, 121.014) on layer: M1
Net VSS: dangling Wire at (465.588, 121.014) (465.588, 121.014) on layer: M1
Net VSS: dangling Wire at (102.168, 121.014) (102.168, 121.014) on layer: M1
Net VSS: dangling Wire at (33.912, 121.014) (33.912, 121.014) on layer: M1
Net VSS: dangling Wire at (36.072, 121.014) (36.072, 121.014) on layer: M1
Net VSS: dangling Wire at (529.524, 121.554) (529.524, 121.554) on layer: M1
Net VSS: dangling Wire at (465.588, 121.554) (465.588, 121.554) on layer: M1
Net VSS: dangling Wire at (102.168, 121.554) (102.168, 121.554) on layer: M1
Net VSS: dangling Wire at (33.912, 121.554) (33.912, 121.554) on layer: M1
Net VSS: dangling Wire at (36.072, 121.554) (36.072, 121.554) on layer: M1
Net VSS: dangling Wire at (529.524, 122.094) (529.524, 122.094) on layer: M1
Net VSS: dangling Wire at (465.588, 122.094) (465.588, 122.094) on layer: M1
Net VSS: dangling Wire at (102.168, 122.094) (102.168, 122.094) on layer: M1
Net VSS: dangling Wire at (36.072, 122.094) (36.072, 122.094) on layer: M1
Net VSS: dangling Wire at (529.524, 122.634) (529.524, 122.634) on layer: M1
Net VSS: dangling Wire at (465.588, 122.634) (465.588, 122.634) on layer: M1
Net VSS: dangling Wire at (102.168, 122.634) (102.168, 122.634) on layer: M1
Net VSS: dangling Wire at (33.912, 122.634) (33.912, 122.634) on layer: M1
Net VSS: dangling Wire at (36.072, 122.634) (36.072, 122.634) on layer: M1
Net VSS: dangling Wire at (529.524, 123.174) (529.524, 123.174) on layer: M1
Net VSS: dangling Wire at (465.588, 123.174) (465.588, 123.174) on layer: M1
Net VSS: dangling Wire at (102.168, 123.174) (102.168, 123.174) on layer: M1
Net VSS: dangling Wire at (33.912, 123.174) (33.912, 123.174) on layer: M1
Net VSS: dangling Wire at (36.072, 123.174) (36.072, 123.174) on layer: M1
Net VSS: dangling Wire at (529.524, 123.714) (529.524, 123.714) on layer: M1
Net VSS: dangling Wire at (465.588, 123.714) (465.588, 123.714) on layer: M1
Net VSS: dangling Wire at (102.168, 123.714) (102.168, 123.714) on layer: M1
Net VSS: dangling Wire at (36.072, 123.714) (36.072, 123.714) on layer: M1
Net VSS: dangling Wire at (529.524, 124.254) (529.524, 124.254) on layer: M1
Net VSS: dangling Wire at (465.588, 124.254) (465.588, 124.254) on layer: M1
Net VSS: dangling Wire at (102.168, 124.254) (102.168, 124.254) on layer: M1
Net VSS: dangling Wire at (33.912, 124.254) (33.912, 124.254) on layer: M1
Net VSS: dangling Wire at (36.072, 124.254) (36.072, 124.254) on layer: M1
Net VSS: dangling Wire at (529.524, 124.794) (529.524, 124.794) on layer: M1
Net VSS: dangling Wire at (465.588, 124.794) (465.588, 124.794) on layer: M1
Net VSS: dangling Wire at (102.168, 124.794) (102.168, 124.794) on layer: M1
Net VSS: dangling Wire at (33.912, 124.794) (33.912, 124.794) on layer: M1
Net VSS: dangling Wire at (36.072, 124.794) (36.072, 124.794) on layer: M1
Net VSS: dangling Wire at (529.524, 125.334) (529.524, 125.334) on layer: M1
Net VSS: dangling Wire at (465.588, 125.334) (465.588, 125.334) on layer: M1
Net VSS: dangling Wire at (102.168, 125.334) (102.168, 125.334) on layer: M1
Net VSS: dangling Wire at (33.912, 125.334) (33.912, 125.334) on layer: M1
Net VSS: dangling Wire at (36.072, 125.334) (36.072, 125.334) on layer: M1
Net VSS: dangling Wire at (529.524, 125.874) (529.524, 125.874) on layer: M1
Net VSS: dangling Wire at (465.588, 125.874) (465.588, 125.874) on layer: M1
Net VSS: dangling Wire at (102.168, 125.874) (102.168, 125.874) on layer: M1
Net VSS: dangling Wire at (33.912, 125.874) (33.912, 125.874) on layer: M1
Net VSS: dangling Wire at (36.072, 125.874) (36.072, 125.874) on layer: M1
Net VSS: dangling Wire at (529.524, 126.414) (529.524, 126.414) on layer: M1
Net VSS: dangling Wire at (465.588, 126.414) (465.588, 126.414) on layer: M1
Net VSS: dangling Wire at (102.168, 126.414) (102.168, 126.414) on layer: M1
Net VSS: dangling Wire at (33.912, 126.414) (33.912, 126.414) on layer: M1
Net VSS: dangling Wire at (36.072, 126.414) (36.072, 126.414) on layer: M1
Net VSS: dangling Wire at (529.524, 126.954) (529.524, 126.954) on layer: M1
Net VSS: dangling Wire at (465.588, 126.954) (465.588, 126.954) on layer: M1
Net VSS: dangling Wire at (102.168, 126.954) (102.168, 126.954) on layer: M1
Net VSS: dangling Wire at (33.912, 126.954) (33.912, 126.954) on layer: M1
Net VSS: dangling Wire at (36.072, 126.954) (36.072, 126.954) on layer: M1
Net VSS: dangling Wire at (529.524, 127.494) (529.524, 127.494) on layer: M1
Net VSS: dangling Wire at (465.588, 127.494) (465.588, 127.494) on layer: M1
Net VSS: dangling Wire at (33.912, 127.494) (33.912, 127.494) on layer: M1
Net VSS: dangling Wire at (36.072, 127.494) (36.072, 127.494) on layer: M1
Net VSS: dangling Wire at (529.524, 128.034) (529.524, 128.034) on layer: M1
Net VSS: dangling Wire at (465.588, 128.034) (465.588, 128.034) on layer: M1
Net VSS: dangling Wire at (102.168, 128.034) (102.168, 128.034) on layer: M1
Net VSS: dangling Wire at (33.912, 128.034) (33.912, 128.034) on layer: M1
Net VSS: dangling Wire at (36.072, 128.034) (36.072, 128.034) on layer: M1
Net VSS: dangling Wire at (529.524, 128.574) (529.524, 128.574) on layer: M1
Net VSS: dangling Wire at (465.588, 128.574) (465.588, 128.574) on layer: M1
Net VSS: dangling Wire at (33.912, 128.574) (33.912, 128.574) on layer: M1
Net VSS: dangling Wire at (36.072, 128.574) (36.072, 128.574) on layer: M1
Net VSS: dangling Wire at (529.524, 129.114) (529.524, 129.114) on layer: M1
Net VSS: dangling Wire at (465.588, 129.114) (465.588, 129.114) on layer: M1
Net VSS: dangling Wire at (102.168, 129.114) (102.168, 129.114) on layer: M1
Net VSS: dangling Wire at (33.912, 129.114) (33.912, 129.114) on layer: M1
Net VSS: dangling Wire at (36.072, 129.114) (36.072, 129.114) on layer: M1
Net VSS: dangling Wire at (529.524, 129.654) (529.524, 129.654) on layer: M1
Net VSS: dangling Wire at (33.912, 129.654) (33.912, 129.654) on layer: M1
Net VSS: dangling Wire at (36.072, 129.654) (36.072, 129.654) on layer: M1
Net VSS: dangling Wire at (529.524, 130.194) (529.524, 130.194) on layer: M1
Net VSS: dangling Wire at (465.588, 130.194) (465.588, 130.194) on layer: M1
Net VSS: dangling Wire at (102.168, 130.194) (102.168, 130.194) on layer: M1
Net VSS: dangling Wire at (33.912, 130.194) (33.912, 130.194) on layer: M1
Net VSS: dangling Wire at (36.072, 130.194) (36.072, 130.194) on layer: M1
Net VSS: dangling Wire at (529.524, 130.734) (529.524, 130.734) on layer: M1
Net VSS: dangling Wire at (465.588, 130.734) (465.588, 130.734) on layer: M1
Net VSS: dangling Wire at (33.912, 130.734) (33.912, 130.734) on layer: M1
Net VSS: dangling Wire at (36.072, 130.734) (36.072, 130.734) on layer: M1
Net VSS: dangling Wire at (529.524, 131.274) (529.524, 131.274) on layer: M1
Net VSS: dangling Wire at (102.168, 131.274) (102.168, 131.274) on layer: M1
Net VSS: dangling Wire at (33.912, 131.274) (33.912, 131.274) on layer: M1
Net VSS: dangling Wire at (36.072, 131.274) (36.072, 131.274) on layer: M1
Net VSS: dangling Wire at (529.524, 131.814) (529.524, 131.814) on layer: M1
Net VSS: dangling Wire at (465.588, 131.814) (465.588, 131.814) on layer: M1
Net VSS: dangling Wire at (102.168, 131.814) (102.168, 131.814) on layer: M1
Net VSS: dangling Wire at (33.912, 131.814) (33.912, 131.814) on layer: M1
Net VSS: dangling Wire at (36.072, 131.814) (36.072, 131.814) on layer: M1
Net VSS: dangling Wire at (529.524, 132.354) (529.524, 132.354) on layer: M1
Net VSS: dangling Wire at (465.588, 132.354) (465.588, 132.354) on layer: M1
Net VSS: dangling Wire at (102.168, 132.354) (102.168, 132.354) on layer: M1
Net VSS: dangling Wire at (33.912, 132.354) (33.912, 132.354) on layer: M1
Net VSS: dangling Wire at (36.072, 132.354) (36.072, 132.354) on layer: M1
Net VSS: dangling Wire at (529.524, 132.894) (529.524, 132.894) on layer: M1
Net VSS: dangling Wire at (465.588, 132.894) (465.588, 132.894) on layer: M1
Net VSS: dangling Wire at (33.912, 132.894) (33.912, 132.894) on layer: M1
Net VSS: dangling Wire at (36.072, 132.894) (36.072, 132.894) on layer: M1
Net VSS: dangling Wire at (529.524, 133.434) (529.524, 133.434) on layer: M1
Net VSS: dangling Wire at (465.588, 133.434) (465.588, 133.434) on layer: M1
Net VSS: dangling Wire at (102.168, 133.434) (102.168, 133.434) on layer: M1
Net VSS: dangling Wire at (33.912, 133.434) (33.912, 133.434) on layer: M1
Net VSS: dangling Wire at (36.072, 133.434) (36.072, 133.434) on layer: M1
Net VSS: dangling Wire at (529.524, 133.974) (529.524, 133.974) on layer: M1
Net VSS: dangling Wire at (465.588, 133.974) (465.588, 133.974) on layer: M1
Net VSS: dangling Wire at (102.168, 133.974) (102.168, 133.974) on layer: M1
Net VSS: dangling Wire at (33.912, 133.974) (33.912, 133.974) on layer: M1
Net VSS: dangling Wire at (36.072, 133.974) (36.072, 133.974) on layer: M1
Net VSS: dangling Wire at (529.524, 134.514) (529.524, 134.514) on layer: M1
Net VSS: dangling Wire at (465.588, 134.514) (465.588, 134.514) on layer: M1
Net VSS: dangling Wire at (102.168, 134.514) (102.168, 134.514) on layer: M1
Net VSS: dangling Wire at (33.912, 134.514) (33.912, 134.514) on layer: M1
Net VSS: dangling Wire at (36.072, 134.514) (36.072, 134.514) on layer: M1
Net VSS: dangling Wire at (529.524, 135.054) (529.524, 135.054) on layer: M1
Net VSS: dangling Wire at (465.588, 135.054) (465.588, 135.054) on layer: M1
Net VSS: dangling Wire at (102.168, 135.054) (102.168, 135.054) on layer: M1
Net VSS: dangling Wire at (33.912, 135.054) (33.912, 135.054) on layer: M1
Net VSS: dangling Wire at (36.072, 135.054) (36.072, 135.054) on layer: M1
Net VSS: dangling Wire at (529.524, 135.594) (529.524, 135.594) on layer: M1
Net VSS: dangling Wire at (465.588, 135.594) (465.588, 135.594) on layer: M1
Net VSS: dangling Wire at (102.168, 135.594) (102.168, 135.594) on layer: M1
Net VSS: dangling Wire at (33.912, 135.594) (33.912, 135.594) on layer: M1
Net VSS: dangling Wire at (36.072, 135.594) (36.072, 135.594) on layer: M1
Net VSS: dangling Wire at (529.524, 136.134) (529.524, 136.134) on layer: M1
Net VSS: dangling Wire at (465.588, 136.134) (465.588, 136.134) on layer: M1
Net VSS: dangling Wire at (102.168, 136.134) (102.168, 136.134) on layer: M1
Net VSS: dangling Wire at (33.912, 136.134) (33.912, 136.134) on layer: M1
Net VSS: dangling Wire at (36.072, 136.134) (36.072, 136.134) on layer: M1
Net VSS: dangling Wire at (529.524, 136.674) (529.524, 136.674) on layer: M1
Net VSS: dangling Wire at (465.588, 136.674) (465.588, 136.674) on layer: M1
Net VSS: dangling Wire at (102.168, 136.674) (102.168, 136.674) on layer: M1
Net VSS: dangling Wire at (33.912, 136.674) (33.912, 136.674) on layer: M1
Net VSS: dangling Wire at (36.072, 136.674) (36.072, 136.674) on layer: M1
Net VSS: dangling Wire at (529.524, 137.214) (529.524, 137.214) on layer: M1
Net VSS: dangling Wire at (465.588, 137.214) (465.588, 137.214) on layer: M1
Net VSS: dangling Wire at (102.168, 137.214) (102.168, 137.214) on layer: M1
Net VSS: dangling Wire at (33.912, 137.214) (33.912, 137.214) on layer: M1
Net VSS: dangling Wire at (36.072, 137.214) (36.072, 137.214) on layer: M1
Net VSS: dangling Wire at (529.524, 137.754) (529.524, 137.754) on layer: M1
Net VSS: dangling Wire at (465.588, 137.754) (465.588, 137.754) on layer: M1
Net VSS: dangling Wire at (102.168, 137.754) (102.168, 137.754) on layer: M1
Net VSS: dangling Wire at (33.912, 137.754) (33.912, 137.754) on layer: M1
Net VSS: dangling Wire at (36.072, 137.754) (36.072, 137.754) on layer: M1
Net VSS: dangling Wire at (529.524, 138.294) (529.524, 138.294) on layer: M1
Net VSS: dangling Wire at (465.588, 138.294) (465.588, 138.294) on layer: M1
Net VSS: dangling Wire at (102.168, 138.294) (102.168, 138.294) on layer: M1
Net VSS: dangling Wire at (33.912, 138.294) (33.912, 138.294) on layer: M1
Net VSS: dangling Wire at (36.072, 138.294) (36.072, 138.294) on layer: M1
Net VSS: dangling Wire at (529.524, 138.834) (529.524, 138.834) on layer: M1
Net VSS: dangling Wire at (465.588, 138.834) (465.588, 138.834) on layer: M1
Net VSS: dangling Wire at (102.168, 138.834) (102.168, 138.834) on layer: M1
Net VSS: dangling Wire at (33.912, 138.834) (33.912, 138.834) on layer: M1
Net VSS: dangling Wire at (36.072, 138.834) (36.072, 138.834) on layer: M1
Net VSS: dangling Wire at (465.588, 139.374) (465.588, 139.374) on layer: M1
Net VSS: dangling Wire at (102.168, 139.374) (102.168, 139.374) on layer: M1
Net VSS: dangling Wire at (33.912, 139.374) (33.912, 139.374) on layer: M1
Net VSS: dangling Wire at (36.072, 139.374) (36.072, 139.374) on layer: M1
Net VSS: dangling Wire at (529.524, 139.914) (529.524, 139.914) on layer: M1
Net VSS: dangling Wire at (465.588, 139.914) (465.588, 139.914) on layer: M1
Net VSS: dangling Wire at (102.168, 139.914) (102.168, 139.914) on layer: M1
Net VSS: dangling Wire at (33.912, 139.914) (33.912, 139.914) on layer: M1
Net VSS: dangling Wire at (36.072, 139.914) (36.072, 139.914) on layer: M1
Net VSS: dangling Wire at (529.524, 140.454) (529.524, 140.454) on layer: M1
Net VSS: dangling Wire at (465.588, 140.454) (465.588, 140.454) on layer: M1
Net VSS: dangling Wire at (102.168, 140.454) (102.168, 140.454) on layer: M1
Net VSS: dangling Wire at (33.912, 140.454) (33.912, 140.454) on layer: M1
Net VSS: dangling Wire at (36.072, 140.454) (36.072, 140.454) on layer: M1
Net VSS: dangling Wire at (529.524, 140.994) (529.524, 140.994) on layer: M1
Net VSS: dangling Wire at (465.588, 140.994) (465.588, 140.994) on layer: M1
Net VSS: dangling Wire at (102.168, 140.994) (102.168, 140.994) on layer: M1
Net VSS: dangling Wire at (33.912, 140.994) (33.912, 140.994) on layer: M1
Net VSS: dangling Wire at (36.072, 140.994) (36.072, 140.994) on layer: M1
Net VSS: dangling Wire at (529.524, 141.534) (529.524, 141.534) on layer: M1
Net VSS: dangling Wire at (465.588, 141.534) (465.588, 141.534) on layer: M1
Net VSS: dangling Wire at (102.168, 141.534) (102.168, 141.534) on layer: M1
Net VSS: dangling Wire at (33.912, 141.534) (33.912, 141.534) on layer: M1
Net VSS: dangling Wire at (36.072, 141.534) (36.072, 141.534) on layer: M1
Net VSS: dangling Wire at (529.524, 142.074) (529.524, 142.074) on layer: M1
Net VSS: dangling Wire at (465.588, 142.074) (465.588, 142.074) on layer: M1
Net VSS: dangling Wire at (102.168, 142.074) (102.168, 142.074) on layer: M1
Net VSS: dangling Wire at (33.912, 142.074) (33.912, 142.074) on layer: M1
Net VSS: dangling Wire at (36.072, 142.074) (36.072, 142.074) on layer: M1
Net VSS: dangling Wire at (529.524, 142.614) (529.524, 142.614) on layer: M1
Net VSS: dangling Wire at (465.588, 142.614) (465.588, 142.614) on layer: M1
Net VSS: dangling Wire at (102.168, 142.614) (102.168, 142.614) on layer: M1
Net VSS: dangling Wire at (33.912, 142.614) (33.912, 142.614) on layer: M1
Net VSS: dangling Wire at (36.072, 142.614) (36.072, 142.614) on layer: M1
Net VSS: dangling Wire at (529.524, 143.154) (529.524, 143.154) on layer: M1
Net VSS: dangling Wire at (102.168, 143.154) (102.168, 143.154) on layer: M1
Net VSS: dangling Wire at (33.912, 143.154) (33.912, 143.154) on layer: M1
Net VSS: dangling Wire at (36.072, 143.154) (36.072, 143.154) on layer: M1
Net VSS: dangling Wire at (529.524, 143.694) (529.524, 143.694) on layer: M1
Net VSS: dangling Wire at (465.588, 143.694) (465.588, 143.694) on layer: M1
Net VSS: dangling Wire at (102.168, 143.694) (102.168, 143.694) on layer: M1
Net VSS: dangling Wire at (33.912, 143.694) (33.912, 143.694) on layer: M1
Net VSS: dangling Wire at (36.072, 143.694) (36.072, 143.694) on layer: M1
Net VSS: dangling Wire at (529.524, 144.234) (529.524, 144.234) on layer: M1
Net VSS: dangling Wire at (465.588, 144.234) (465.588, 144.234) on layer: M1
Net VSS: dangling Wire at (102.168, 144.234) (102.168, 144.234) on layer: M1
Net VSS: dangling Wire at (33.912, 144.234) (33.912, 144.234) on layer: M1
Net VSS: dangling Wire at (36.072, 144.234) (36.072, 144.234) on layer: M1
Net VSS: dangling Wire at (529.524, 144.774) (529.524, 144.774) on layer: M1
Net VSS: dangling Wire at (465.588, 144.774) (465.588, 144.774) on layer: M1
Net VSS: dangling Wire at (102.168, 144.774) (102.168, 144.774) on layer: M1
Net VSS: dangling Wire at (33.912, 144.774) (33.912, 144.774) on layer: M1
Net VSS: dangling Wire at (36.072, 144.774) (36.072, 144.774) on layer: M1
Net VSS: dangling Wire at (529.524, 145.314) (529.524, 145.314) on layer: M1
Net VSS: dangling Wire at (465.588, 145.314) (465.588, 145.314) on layer: M1
Net VSS: dangling Wire at (102.168, 145.314) (102.168, 145.314) on layer: M1
Net VSS: dangling Wire at (33.912, 145.314) (33.912, 145.314) on layer: M1
Net VSS: dangling Wire at (36.072, 145.314) (36.072, 145.314) on layer: M1
Net VSS: dangling Wire at (529.524, 145.854) (529.524, 145.854) on layer: M1
Net VSS: dangling Wire at (465.588, 145.854) (465.588, 145.854) on layer: M1
Net VSS: dangling Wire at (102.168, 145.854) (102.168, 145.854) on layer: M1
Net VSS: dangling Wire at (33.912, 145.854) (33.912, 145.854) on layer: M1
Net VSS: dangling Wire at (36.072, 145.854) (36.072, 145.854) on layer: M1
Net VSS: dangling Wire at (529.524, 146.394) (529.524, 146.394) on layer: M1
Net VSS: dangling Wire at (102.168, 146.394) (102.168, 146.394) on layer: M1
Net VSS: dangling Wire at (33.912, 146.394) (33.912, 146.394) on layer: M1
Net VSS: dangling Wire at (36.072, 146.394) (36.072, 146.394) on layer: M1
Net VSS: dangling Wire at (529.524, 146.934) (529.524, 146.934) on layer: M1
Net VSS: dangling Wire at (465.588, 146.934) (465.588, 146.934) on layer: M1
Net VSS: dangling Wire at (102.168, 146.934) (102.168, 146.934) on layer: M1
Net VSS: dangling Wire at (36.072, 146.934) (36.072, 146.934) on layer: M1
Net VSS: dangling Wire at (529.524, 147.474) (529.524, 147.474) on layer: M1
Net VSS: dangling Wire at (465.588, 147.474) (465.588, 147.474) on layer: M1
Net VSS: dangling Wire at (102.168, 147.474) (102.168, 147.474) on layer: M1
Net VSS: dangling Wire at (33.912, 147.474) (33.912, 147.474) on layer: M1
Net VSS: dangling Wire at (36.072, 147.474) (36.072, 147.474) on layer: M1
Net VSS: dangling Wire at (529.524, 148.014) (529.524, 148.014) on layer: M1
Net VSS: dangling Wire at (465.588, 148.014) (465.588, 148.014) on layer: M1
Net VSS: dangling Wire at (102.168, 148.014) (102.168, 148.014) on layer: M1
Net VSS: dangling Wire at (33.912, 148.014) (33.912, 148.014) on layer: M1
Net VSS: dangling Wire at (36.072, 148.014) (36.072, 148.014) on layer: M1
Net VSS: dangling Wire at (529.524, 148.554) (529.524, 148.554) on layer: M1
Net VSS: dangling Wire at (465.588, 148.554) (465.588, 148.554) on layer: M1
Net VSS: dangling Wire at (102.168, 148.554) (102.168, 148.554) on layer: M1
Net VSS: dangling Wire at (33.912, 148.554) (33.912, 148.554) on layer: M1
Net VSS: dangling Wire at (36.072, 148.554) (36.072, 148.554) on layer: M1
Net VSS: dangling Wire at (529.524, 149.094) (529.524, 149.094) on layer: M1
Net VSS: dangling Wire at (465.588, 149.094) (465.588, 149.094) on layer: M1
Net VSS: dangling Wire at (102.168, 149.094) (102.168, 149.094) on layer: M1
Net VSS: dangling Wire at (33.912, 149.094) (33.912, 149.094) on layer: M1
Net VSS: dangling Wire at (36.072, 149.094) (36.072, 149.094) on layer: M1
Net VSS: dangling Wire at (529.524, 149.634) (529.524, 149.634) on layer: M1
Net VSS: dangling Wire at (465.588, 149.634) (465.588, 149.634) on layer: M1
Net VSS: dangling Wire at (33.912, 149.634) (33.912, 149.634) on layer: M1
Net VSS: dangling Wire at (36.072, 149.634) (36.072, 149.634) on layer: M1
Net VSS: dangling Wire at (529.524, 150.174) (529.524, 150.174) on layer: M1
Net VSS: dangling Wire at (465.588, 150.174) (465.588, 150.174) on layer: M1
Net VSS: dangling Wire at (102.168, 150.174) (102.168, 150.174) on layer: M1
Net VSS: dangling Wire at (33.912, 150.174) (33.912, 150.174) on layer: M1
Net VSS: dangling Wire at (36.072, 150.174) (36.072, 150.174) on layer: M1
Net VSS: dangling Wire at (529.524, 150.714) (529.524, 150.714) on layer: M1
Net VSS: dangling Wire at (465.588, 150.714) (465.588, 150.714) on layer: M1
Net VSS: dangling Wire at (102.168, 150.714) (102.168, 150.714) on layer: M1
Net VSS: dangling Wire at (33.912, 150.714) (33.912, 150.714) on layer: M1
Net VSS: dangling Wire at (36.072, 150.714) (36.072, 150.714) on layer: M1
Net VSS: dangling Wire at (529.524, 151.254) (529.524, 151.254) on layer: M1
Net VSS: dangling Wire at (465.588, 151.254) (465.588, 151.254) on layer: M1
Net VSS: dangling Wire at (33.912, 151.254) (33.912, 151.254) on layer: M1
Net VSS: dangling Wire at (36.072, 151.254) (36.072, 151.254) on layer: M1
Net VSS: dangling Wire at (529.524, 151.794) (529.524, 151.794) on layer: M1
Net VSS: dangling Wire at (102.168, 151.794) (102.168, 151.794) on layer: M1
Net VSS: dangling Wire at (33.912, 151.794) (33.912, 151.794) on layer: M1
Net VSS: dangling Wire at (36.072, 151.794) (36.072, 151.794) on layer: M1
Net VSS: dangling Wire at (529.524, 152.334) (529.524, 152.334) on layer: M1
Net VSS: dangling Wire at (465.588, 152.334) (465.588, 152.334) on layer: M1
Net VSS: dangling Wire at (102.168, 152.334) (102.168, 152.334) on layer: M1
Net VSS: dangling Wire at (33.912, 152.334) (33.912, 152.334) on layer: M1
Net VSS: dangling Wire at (36.072, 152.334) (36.072, 152.334) on layer: M1
Net VSS: dangling Wire at (529.524, 152.874) (529.524, 152.874) on layer: M1
Net VSS: dangling Wire at (465.588, 152.874) (465.588, 152.874) on layer: M1
Net VSS: dangling Wire at (102.168, 152.874) (102.168, 152.874) on layer: M1
Net VSS: dangling Wire at (33.912, 152.874) (33.912, 152.874) on layer: M1
Net VSS: dangling Wire at (36.072, 152.874) (36.072, 152.874) on layer: M1
Net VSS: dangling Wire at (529.524, 153.414) (529.524, 153.414) on layer: M1
Net VSS: dangling Wire at (465.588, 153.414) (465.588, 153.414) on layer: M1
Net VSS: dangling Wire at (102.168, 153.414) (102.168, 153.414) on layer: M1
Net VSS: dangling Wire at (33.912, 153.414) (33.912, 153.414) on layer: M1
Net VSS: dangling Wire at (36.072, 153.414) (36.072, 153.414) on layer: M1
Net VSS: dangling Wire at (465.588, 153.954) (465.588, 153.954) on layer: M1
Net VSS: dangling Wire at (33.912, 153.954) (33.912, 153.954) on layer: M1
Net VSS: dangling Wire at (36.072, 153.954) (36.072, 153.954) on layer: M1
Net VSS: dangling Wire at (465.588, 154.494) (465.588, 154.494) on layer: M1
Net VSS: dangling Wire at (102.168, 154.494) (102.168, 154.494) on layer: M1
Net VSS: dangling Wire at (33.912, 154.494) (33.912, 154.494) on layer: M1
Net VSS: dangling Wire at (36.072, 154.494) (36.072, 154.494) on layer: M1
Net VSS: dangling Wire at (529.524, 155.034) (529.524, 155.034) on layer: M1
Net VSS: dangling Wire at (465.588, 155.034) (465.588, 155.034) on layer: M1
Net VSS: dangling Wire at (102.168, 155.034) (102.168, 155.034) on layer: M1
Net VSS: dangling Wire at (33.912, 155.034) (33.912, 155.034) on layer: M1
Net VSS: dangling Wire at (36.072, 155.034) (36.072, 155.034) on layer: M1
Net VSS: dangling Wire at (529.524, 155.574) (529.524, 155.574) on layer: M1
Net VSS: dangling Wire at (465.588, 155.574) (465.588, 155.574) on layer: M1
Net VSS: dangling Wire at (102.168, 155.574) (102.168, 155.574) on layer: M1
Net VSS: dangling Wire at (33.912, 155.574) (33.912, 155.574) on layer: M1
Net VSS: dangling Wire at (36.072, 155.574) (36.072, 155.574) on layer: M1
Net VSS: dangling Wire at (465.588, 156.114) (465.588, 156.114) on layer: M1
Net VSS: dangling Wire at (102.168, 156.114) (102.168, 156.114) on layer: M1
Net VSS: dangling Wire at (33.912, 156.114) (33.912, 156.114) on layer: M1
Net VSS: dangling Wire at (36.072, 156.114) (36.072, 156.114) on layer: M1
Net VSS: dangling Wire at (529.524, 156.654) (529.524, 156.654) on layer: M1
Net VSS: dangling Wire at (465.588, 156.654) (465.588, 156.654) on layer: M1
Net VSS: dangling Wire at (102.168, 156.654) (102.168, 156.654) on layer: M1
Net VSS: dangling Wire at (33.912, 156.654) (33.912, 156.654) on layer: M1
Net VSS: dangling Wire at (36.072, 156.654) (36.072, 156.654) on layer: M1
Net VSS: dangling Wire at (529.524, 157.194) (529.524, 157.194) on layer: M1
Net VSS: dangling Wire at (465.588, 157.194) (465.588, 157.194) on layer: M1
Net VSS: dangling Wire at (102.168, 157.194) (102.168, 157.194) on layer: M1
Net VSS: dangling Wire at (33.912, 157.194) (33.912, 157.194) on layer: M1
Net VSS: dangling Wire at (36.072, 157.194) (36.072, 157.194) on layer: M1
Net VSS: dangling Wire at (529.524, 157.734) (529.524, 157.734) on layer: M1
Net VSS: dangling Wire at (465.588, 157.734) (465.588, 157.734) on layer: M1
Net VSS: dangling Wire at (102.168, 157.734) (102.168, 157.734) on layer: M1
Net VSS: dangling Wire at (33.912, 157.734) (33.912, 157.734) on layer: M1
Net VSS: dangling Wire at (36.072, 157.734) (36.072, 157.734) on layer: M1
Net VSS: dangling Wire at (529.524, 158.274) (529.524, 158.274) on layer: M1
Net VSS: dangling Wire at (465.588, 158.274) (465.588, 158.274) on layer: M1
Net VSS: dangling Wire at (102.168, 158.274) (102.168, 158.274) on layer: M1
Net VSS: dangling Wire at (33.912, 158.274) (33.912, 158.274) on layer: M1
Net VSS: dangling Wire at (36.072, 158.274) (36.072, 158.274) on layer: M1
Net VSS: dangling Wire at (529.524, 158.814) (529.524, 158.814) on layer: M1
Net VSS: dangling Wire at (465.588, 158.814) (465.588, 158.814) on layer: M1
Net VSS: dangling Wire at (102.168, 158.814) (102.168, 158.814) on layer: M1
Net VSS: dangling Wire at (33.912, 158.814) (33.912, 158.814) on layer: M1
Net VSS: dangling Wire at (36.072, 158.814) (36.072, 158.814) on layer: M1
Net VSS: dangling Wire at (529.524, 159.354) (529.524, 159.354) on layer: M1
Net VSS: dangling Wire at (465.588, 159.354) (465.588, 159.354) on layer: M1
Net VSS: dangling Wire at (102.168, 159.354) (102.168, 159.354) on layer: M1
Net VSS: dangling Wire at (33.912, 159.354) (33.912, 159.354) on layer: M1
Net VSS: dangling Wire at (36.072, 159.354) (36.072, 159.354) on layer: M1
Net VSS: dangling Wire at (529.524, 159.894) (529.524, 159.894) on layer: M1
Net VSS: dangling Wire at (465.588, 159.894) (465.588, 159.894) on layer: M1
Net VSS: dangling Wire at (102.168, 159.894) (102.168, 159.894) on layer: M1
Net VSS: dangling Wire at (33.912, 159.894) (33.912, 159.894) on layer: M1
Net VSS: dangling Wire at (36.072, 159.894) (36.072, 159.894) on layer: M1
Net VSS: dangling Wire at (529.524, 160.434) (529.524, 160.434) on layer: M1
Net VSS: dangling Wire at (465.588, 160.434) (465.588, 160.434) on layer: M1
Net VSS: dangling Wire at (102.168, 160.434) (102.168, 160.434) on layer: M1
Net VSS: dangling Wire at (33.912, 160.434) (33.912, 160.434) on layer: M1
Net VSS: dangling Wire at (36.072, 160.434) (36.072, 160.434) on layer: M1
Net VSS: dangling Wire at (529.524, 160.974) (529.524, 160.974) on layer: M1
Net VSS: dangling Wire at (465.588, 160.974) (465.588, 160.974) on layer: M1
Net VSS: dangling Wire at (102.168, 160.974) (102.168, 160.974) on layer: M1
Net VSS: dangling Wire at (33.912, 160.974) (33.912, 160.974) on layer: M1
Net VSS: dangling Wire at (36.072, 160.974) (36.072, 160.974) on layer: M1
Net VSS: dangling Wire at (529.524, 161.514) (529.524, 161.514) on layer: M1
Net VSS: dangling Wire at (465.588, 161.514) (465.588, 161.514) on layer: M1
Net VSS: dangling Wire at (102.168, 161.514) (102.168, 161.514) on layer: M1
Net VSS: dangling Wire at (33.912, 161.514) (33.912, 161.514) on layer: M1
Net VSS: dangling Wire at (36.072, 161.514) (36.072, 161.514) on layer: M1
Net VSS: dangling Wire at (529.524, 162.054) (529.524, 162.054) on layer: M1
Net VSS: dangling Wire at (465.588, 162.054) (465.588, 162.054) on layer: M1
Net VSS: dangling Wire at (102.168, 162.054) (102.168, 162.054) on layer: M1
Net VSS: dangling Wire at (33.912, 162.054) (33.912, 162.054) on layer: M1
Net VSS: dangling Wire at (36.072, 162.054) (36.072, 162.054) on layer: M1
Net VSS: dangling Wire at (529.524, 162.594) (529.524, 162.594) on layer: M1
Net VSS: dangling Wire at (465.588, 162.594) (465.588, 162.594) on layer: M1
Net VSS: dangling Wire at (102.168, 162.594) (102.168, 162.594) on layer: M1
Net VSS: dangling Wire at (33.912, 162.594) (33.912, 162.594) on layer: M1
Net VSS: dangling Wire at (36.072, 162.594) (36.072, 162.594) on layer: M1
Net VSS: dangling Wire at (529.524, 163.134) (529.524, 163.134) on layer: M1
Net VSS: dangling Wire at (102.168, 163.134) (102.168, 163.134) on layer: M1
Net VSS: dangling Wire at (33.912, 163.134) (33.912, 163.134) on layer: M1
Net VSS: dangling Wire at (36.072, 163.134) (36.072, 163.134) on layer: M1
Net VSS: dangling Wire at (529.524, 163.674) (529.524, 163.674) on layer: M1
Net VSS: dangling Wire at (465.588, 163.674) (465.588, 163.674) on layer: M1
Net VSS: dangling Wire at (102.168, 163.674) (102.168, 163.674) on layer: M1
Net VSS: dangling Wire at (33.912, 163.674) (33.912, 163.674) on layer: M1
Net VSS: dangling Wire at (36.072, 163.674) (36.072, 163.674) on layer: M1
Net VSS: dangling Wire at (529.524, 164.214) (529.524, 164.214) on layer: M1
Net VSS: dangling Wire at (102.168, 164.214) (102.168, 164.214) on layer: M1
Net VSS: dangling Wire at (33.912, 164.214) (33.912, 164.214) on layer: M1
Net VSS: dangling Wire at (36.072, 164.214) (36.072, 164.214) on layer: M1
Net VSS: dangling Wire at (529.524, 164.754) (529.524, 164.754) on layer: M1
Net VSS: dangling Wire at (465.588, 164.754) (465.588, 164.754) on layer: M1
Net VSS: dangling Wire at (102.168, 164.754) (102.168, 164.754) on layer: M1
Net VSS: dangling Wire at (33.912, 164.754) (33.912, 164.754) on layer: M1
Net VSS: dangling Wire at (36.072, 164.754) (36.072, 164.754) on layer: M1
Net VSS: dangling Wire at (529.524, 165.294) (529.524, 165.294) on layer: M1
Net VSS: dangling Wire at (102.168, 165.294) (102.168, 165.294) on layer: M1
Net VSS: dangling Wire at (33.912, 165.294) (33.912, 165.294) on layer: M1
Net VSS: dangling Wire at (36.072, 165.294) (36.072, 165.294) on layer: M1
Net VSS: dangling Wire at (529.524, 165.834) (529.524, 165.834) on layer: M1
Net VSS: dangling Wire at (465.588, 165.834) (465.588, 165.834) on layer: M1
Net VSS: dangling Wire at (102.168, 165.834) (102.168, 165.834) on layer: M1
Net VSS: dangling Wire at (33.912, 165.834) (33.912, 165.834) on layer: M1
Net VSS: dangling Wire at (36.072, 165.834) (36.072, 165.834) on layer: M1
Net VSS: dangling Wire at (529.524, 166.374) (529.524, 166.374) on layer: M1
Net VSS: dangling Wire at (465.588, 166.374) (465.588, 166.374) on layer: M1
Net VSS: dangling Wire at (102.168, 166.374) (102.168, 166.374) on layer: M1
Net VSS: dangling Wire at (33.912, 166.374) (33.912, 166.374) on layer: M1
Net VSS: dangling Wire at (36.072, 166.374) (36.072, 166.374) on layer: M1
Net VSS: dangling Wire at (529.524, 166.914) (529.524, 166.914) on layer: M1
Net VSS: dangling Wire at (465.588, 166.914) (465.588, 166.914) on layer: M1
Net VSS: dangling Wire at (102.168, 166.914) (102.168, 166.914) on layer: M1
Net VSS: dangling Wire at (33.912, 166.914) (33.912, 166.914) on layer: M1
Net VSS: dangling Wire at (36.072, 166.914) (36.072, 166.914) on layer: M1
Net VSS: dangling Wire at (529.524, 167.454) (529.524, 167.454) on layer: M1
Net VSS: dangling Wire at (465.588, 167.454) (465.588, 167.454) on layer: M1
Net VSS: dangling Wire at (102.168, 167.454) (102.168, 167.454) on layer: M1
Net VSS: dangling Wire at (33.912, 167.454) (33.912, 167.454) on layer: M1
Net VSS: dangling Wire at (36.072, 167.454) (36.072, 167.454) on layer: M1
Net VSS: dangling Wire at (529.524, 167.994) (529.524, 167.994) on layer: M1
Net VSS: dangling Wire at (465.588, 167.994) (465.588, 167.994) on layer: M1
Net VSS: dangling Wire at (102.168, 167.994) (102.168, 167.994) on layer: M1
Net VSS: dangling Wire at (33.912, 167.994) (33.912, 167.994) on layer: M1
Net VSS: dangling Wire at (36.072, 167.994) (36.072, 167.994) on layer: M1
Net VSS: dangling Wire at (529.524, 168.534) (529.524, 168.534) on layer: M1
Net VSS: dangling Wire at (102.168, 168.534) (102.168, 168.534) on layer: M1
Net VSS: dangling Wire at (33.912, 168.534) (33.912, 168.534) on layer: M1
Net VSS: dangling Wire at (36.072, 168.534) (36.072, 168.534) on layer: M1
Net VSS: dangling Wire at (529.524, 169.074) (529.524, 169.074) on layer: M1
Net VSS: dangling Wire at (465.588, 169.074) (465.588, 169.074) on layer: M1
Net VSS: dangling Wire at (102.168, 169.074) (102.168, 169.074) on layer: M1
Net VSS: dangling Wire at (33.912, 169.074) (33.912, 169.074) on layer: M1
Net VSS: dangling Wire at (36.072, 169.074) (36.072, 169.074) on layer: M1
Net VSS: dangling Wire at (529.524, 169.614) (529.524, 169.614) on layer: M1
Net VSS: dangling Wire at (465.588, 169.614) (465.588, 169.614) on layer: M1
Net VSS: dangling Wire at (33.912, 169.614) (33.912, 169.614) on layer: M1
Net VSS: dangling Wire at (36.072, 169.614) (36.072, 169.614) on layer: M1
Net VSS: dangling Wire at (529.524, 170.154) (529.524, 170.154) on layer: M1
Net VSS: dangling Wire at (465.588, 170.154) (465.588, 170.154) on layer: M1
Net VSS: dangling Wire at (102.168, 170.154) (102.168, 170.154) on layer: M1
Net VSS: dangling Wire at (33.912, 170.154) (33.912, 170.154) on layer: M1
Net VSS: dangling Wire at (36.072, 170.154) (36.072, 170.154) on layer: M1
Net VSS: dangling Wire at (529.524, 170.694) (529.524, 170.694) on layer: M1
Net VSS: dangling Wire at (465.588, 170.694) (465.588, 170.694) on layer: M1
Net VSS: dangling Wire at (102.168, 170.694) (102.168, 170.694) on layer: M1
Net VSS: dangling Wire at (33.912, 170.694) (33.912, 170.694) on layer: M1
Net VSS: dangling Wire at (36.072, 170.694) (36.072, 170.694) on layer: M1
Net VSS: dangling Wire at (529.524, 171.234) (529.524, 171.234) on layer: M1
Net VSS: dangling Wire at (465.588, 171.234) (465.588, 171.234) on layer: M1
Net VSS: dangling Wire at (102.168, 171.234) (102.168, 171.234) on layer: M1
Net VSS: dangling Wire at (33.912, 171.234) (33.912, 171.234) on layer: M1
Net VSS: dangling Wire at (36.072, 171.234) (36.072, 171.234) on layer: M1
Net VSS: dangling Wire at (529.524, 171.774) (529.524, 171.774) on layer: M1
Net VSS: dangling Wire at (465.588, 171.774) (465.588, 171.774) on layer: M1
Net VSS: dangling Wire at (102.168, 171.774) (102.168, 171.774) on layer: M1
Net VSS: dangling Wire at (33.912, 171.774) (33.912, 171.774) on layer: M1
Net VSS: dangling Wire at (36.072, 171.774) (36.072, 171.774) on layer: M1
Net VSS: dangling Wire at (529.524, 172.314) (529.524, 172.314) on layer: M1
Net VSS: dangling Wire at (465.588, 172.314) (465.588, 172.314) on layer: M1
Net VSS: dangling Wire at (102.168, 172.314) (102.168, 172.314) on layer: M1
Net VSS: dangling Wire at (33.912, 172.314) (33.912, 172.314) on layer: M1
Net VSS: dangling Wire at (36.072, 172.314) (36.072, 172.314) on layer: M1
Net VSS: dangling Wire at (529.524, 172.854) (529.524, 172.854) on layer: M1
Net VSS: dangling Wire at (465.588, 172.854) (465.588, 172.854) on layer: M1
Net VSS: dangling Wire at (33.912, 172.854) (33.912, 172.854) on layer: M1
Net VSS: dangling Wire at (36.072, 172.854) (36.072, 172.854) on layer: M1
Net VSS: dangling Wire at (529.524, 173.394) (529.524, 173.394) on layer: M1
Net VSS: dangling Wire at (465.588, 173.394) (465.588, 173.394) on layer: M1
Net VSS: dangling Wire at (102.168, 173.394) (102.168, 173.394) on layer: M1
Net VSS: dangling Wire at (33.912, 173.394) (33.912, 173.394) on layer: M1
Net VSS: dangling Wire at (36.072, 173.394) (36.072, 173.394) on layer: M1
Net VSS: dangling Wire at (529.524, 173.934) (529.524, 173.934) on layer: M1
Net VSS: dangling Wire at (102.168, 173.934) (102.168, 173.934) on layer: M1
Net VSS: dangling Wire at (33.912, 173.934) (33.912, 173.934) on layer: M1
Net VSS: dangling Wire at (36.072, 173.934) (36.072, 173.934) on layer: M1
Net VSS: dangling Wire at (529.524, 174.474) (529.524, 174.474) on layer: M1
Net VSS: dangling Wire at (465.588, 174.474) (465.588, 174.474) on layer: M1
Net VSS: dangling Wire at (102.168, 174.474) (102.168, 174.474) on layer: M1
Net VSS: dangling Wire at (33.912, 174.474) (33.912, 174.474) on layer: M1
Net VSS: dangling Wire at (36.072, 174.474) (36.072, 174.474) on layer: M1
Net VSS: dangling Wire at (529.524, 175.014) (529.524, 175.014) on layer: M1
Net VSS: dangling Wire at (465.588, 175.014) (465.588, 175.014) on layer: M1
Net VSS: dangling Wire at (102.168, 175.014) (102.168, 175.014) on layer: M1
Net VSS: dangling Wire at (33.912, 175.014) (33.912, 175.014) on layer: M1
Net VSS: dangling Wire at (36.072, 175.014) (36.072, 175.014) on layer: M1
Net VSS: dangling Wire at (529.524, 175.554) (529.524, 175.554) on layer: M1
Net VSS: dangling Wire at (465.588, 175.554) (465.588, 175.554) on layer: M1
Net VSS: dangling Wire at (33.912, 175.554) (33.912, 175.554) on layer: M1
Net VSS: dangling Wire at (36.072, 175.554) (36.072, 175.554) on layer: M1
Net VSS: dangling Wire at (529.524, 176.094) (529.524, 176.094) on layer: M1
Net VSS: dangling Wire at (465.588, 176.094) (465.588, 176.094) on layer: M1
Net VSS: dangling Wire at (33.912, 176.094) (33.912, 176.094) on layer: M1
Net VSS: dangling Wire at (36.072, 176.094) (36.072, 176.094) on layer: M1
Net VSS: dangling Wire at (529.524, 176.634) (529.524, 176.634) on layer: M1
Net VSS: dangling Wire at (465.588, 176.634) (465.588, 176.634) on layer: M1
Net VSS: dangling Wire at (102.168, 176.634) (102.168, 176.634) on layer: M1
Net VSS: dangling Wire at (33.912, 176.634) (33.912, 176.634) on layer: M1
Net VSS: dangling Wire at (36.072, 176.634) (36.072, 176.634) on layer: M1
Net VSS: dangling Wire at (529.524, 177.174) (529.524, 177.174) on layer: M1
Net VSS: dangling Wire at (102.168, 177.174) (102.168, 177.174) on layer: M1
Net VSS: dangling Wire at (33.912, 177.174) (33.912, 177.174) on layer: M1
Net VSS: dangling Wire at (36.072, 177.174) (36.072, 177.174) on layer: M1
Net VSS: dangling Wire at (529.524, 177.714) (529.524, 177.714) on layer: M1
Net VSS: dangling Wire at (465.588, 177.714) (465.588, 177.714) on layer: M1
Net VSS: dangling Wire at (102.168, 177.714) (102.168, 177.714) on layer: M1
Net VSS: dangling Wire at (33.912, 177.714) (33.912, 177.714) on layer: M1
Net VSS: dangling Wire at (36.072, 177.714) (36.072, 177.714) on layer: M1
Net VSS: dangling Wire at (529.524, 178.254) (529.524, 178.254) on layer: M1
Net VSS: dangling Wire at (465.588, 178.254) (465.588, 178.254) on layer: M1
Net VSS: dangling Wire at (102.168, 178.254) (102.168, 178.254) on layer: M1
Net VSS: dangling Wire at (33.912, 178.254) (33.912, 178.254) on layer: M1
Net VSS: dangling Wire at (36.072, 178.254) (36.072, 178.254) on layer: M1
Net VSS: dangling Wire at (529.524, 178.794) (529.524, 178.794) on layer: M1
Net VSS: dangling Wire at (465.588, 178.794) (465.588, 178.794) on layer: M1
Net VSS: dangling Wire at (102.168, 178.794) (102.168, 178.794) on layer: M1
Net VSS: dangling Wire at (33.912, 178.794) (33.912, 178.794) on layer: M1
Net VSS: dangling Wire at (36.072, 178.794) (36.072, 178.794) on layer: M1
Net VSS: dangling Wire at (529.524, 179.334) (529.524, 179.334) on layer: M1
Net VSS: dangling Wire at (465.588, 179.334) (465.588, 179.334) on layer: M1
Net VSS: dangling Wire at (102.168, 179.334) (102.168, 179.334) on layer: M1
Net VSS: dangling Wire at (33.912, 179.334) (33.912, 179.334) on layer: M1
Net VSS: dangling Wire at (36.072, 179.334) (36.072, 179.334) on layer: M1
Net VSS: dangling Wire at (529.524, 179.874) (529.524, 179.874) on layer: M1
Net VSS: dangling Wire at (465.588, 179.874) (465.588, 179.874) on layer: M1
Net VSS: dangling Wire at (102.168, 179.874) (102.168, 179.874) on layer: M1
Net VSS: dangling Wire at (33.912, 179.874) (33.912, 179.874) on layer: M1
Net VSS: dangling Wire at (36.072, 179.874) (36.072, 179.874) on layer: M1
Net VSS: dangling Wire at (529.524, 180.414) (529.524, 180.414) on layer: M1
Net VSS: dangling Wire at (465.588, 180.414) (465.588, 180.414) on layer: M1
Net VSS: dangling Wire at (102.168, 180.414) (102.168, 180.414) on layer: M1
Net VSS: dangling Wire at (33.912, 180.414) (33.912, 180.414) on layer: M1
Net VSS: dangling Wire at (36.072, 180.414) (36.072, 180.414) on layer: M1
Net VSS: dangling Wire at (529.524, 180.954) (529.524, 180.954) on layer: M1
Net VSS: dangling Wire at (465.588, 180.954) (465.588, 180.954) on layer: M1
Net VSS: dangling Wire at (102.168, 180.954) (102.168, 180.954) on layer: M1
Net VSS: dangling Wire at (33.912, 180.954) (33.912, 180.954) on layer: M1
Net VSS: dangling Wire at (36.072, 180.954) (36.072, 180.954) on layer: M1
Net VSS: dangling Wire at (529.524, 181.494) (529.524, 181.494) on layer: M1
Net VSS: dangling Wire at (465.588, 181.494) (465.588, 181.494) on layer: M1
Net VSS: dangling Wire at (102.168, 181.494) (102.168, 181.494) on layer: M1
Net VSS: dangling Wire at (33.912, 181.494) (33.912, 181.494) on layer: M1
Net VSS: dangling Wire at (36.072, 181.494) (36.072, 181.494) on layer: M1
Net VSS: dangling Wire at (529.524, 182.034) (529.524, 182.034) on layer: M1
Net VSS: dangling Wire at (465.588, 182.034) (465.588, 182.034) on layer: M1
Net VSS: dangling Wire at (102.168, 182.034) (102.168, 182.034) on layer: M1
Net VSS: dangling Wire at (33.912, 182.034) (33.912, 182.034) on layer: M1
Net VSS: dangling Wire at (36.072, 182.034) (36.072, 182.034) on layer: M1
Net VSS: dangling Wire at (529.524, 182.574) (529.524, 182.574) on layer: M1
Net VSS: dangling Wire at (465.588, 182.574) (465.588, 182.574) on layer: M1
Net VSS: dangling Wire at (102.168, 182.574) (102.168, 182.574) on layer: M1
Net VSS: dangling Wire at (33.912, 182.574) (33.912, 182.574) on layer: M1
Net VSS: dangling Wire at (36.072, 182.574) (36.072, 182.574) on layer: M1
Net VSS: dangling Wire at (529.524, 183.114) (529.524, 183.114) on layer: M1
Net VSS: dangling Wire at (465.588, 183.114) (465.588, 183.114) on layer: M1
Net VSS: dangling Wire at (102.168, 183.114) (102.168, 183.114) on layer: M1
Net VSS: dangling Wire at (33.912, 183.114) (33.912, 183.114) on layer: M1
Net VSS: dangling Wire at (36.072, 183.114) (36.072, 183.114) on layer: M1
Net VSS: dangling Wire at (529.524, 183.654) (529.524, 183.654) on layer: M1
Net VSS: dangling Wire at (465.588, 183.654) (465.588, 183.654) on layer: M1
Net VSS: dangling Wire at (102.168, 183.654) (102.168, 183.654) on layer: M1
Net VSS: dangling Wire at (33.912, 183.654) (33.912, 183.654) on layer: M1
Net VSS: dangling Wire at (36.072, 183.654) (36.072, 183.654) on layer: M1
Net VSS: dangling Wire at (465.588, 184.194) (465.588, 184.194) on layer: M1
Net VSS: dangling Wire at (102.168, 184.194) (102.168, 184.194) on layer: M1
Net VSS: dangling Wire at (33.912, 184.194) (33.912, 184.194) on layer: M1
Net VSS: dangling Wire at (36.072, 184.194) (36.072, 184.194) on layer: M1
Net VSS: dangling Wire at (529.524, 184.734) (529.524, 184.734) on layer: M1
Net VSS: dangling Wire at (465.588, 184.734) (465.588, 184.734) on layer: M1
Net VSS: dangling Wire at (102.168, 184.734) (102.168, 184.734) on layer: M1
Net VSS: dangling Wire at (33.912, 184.734) (33.912, 184.734) on layer: M1
Net VSS: dangling Wire at (36.072, 184.734) (36.072, 184.734) on layer: M1
Net VSS: dangling Wire at (529.524, 185.274) (529.524, 185.274) on layer: M1
Net VSS: dangling Wire at (465.588, 185.274) (465.588, 185.274) on layer: M1
Net VSS: dangling Wire at (33.912, 185.274) (33.912, 185.274) on layer: M1
Net VSS: dangling Wire at (36.072, 185.274) (36.072, 185.274) on layer: M1
Net VSS: dangling Wire at (529.524, 185.814) (529.524, 185.814) on layer: M1
Net VSS: dangling Wire at (465.588, 185.814) (465.588, 185.814) on layer: M1
Net VSS: dangling Wire at (102.168, 185.814) (102.168, 185.814) on layer: M1
Net VSS: dangling Wire at (33.912, 185.814) (33.912, 185.814) on layer: M1
Net VSS: dangling Wire at (36.072, 185.814) (36.072, 185.814) on layer: M1
Net VSS: dangling Wire at (529.524, 186.354) (529.524, 186.354) on layer: M1
Net VSS: dangling Wire at (465.588, 186.354) (465.588, 186.354) on layer: M1
Net VSS: dangling Wire at (33.912, 186.354) (33.912, 186.354) on layer: M1
Net VSS: dangling Wire at (36.072, 186.354) (36.072, 186.354) on layer: M1
Net VSS: dangling Wire at (529.524, 186.894) (529.524, 186.894) on layer: M1
Net VSS: dangling Wire at (465.588, 186.894) (465.588, 186.894) on layer: M1
Net VSS: dangling Wire at (102.168, 186.894) (102.168, 186.894) on layer: M1
Net VSS: dangling Wire at (33.912, 186.894) (33.912, 186.894) on layer: M1
Net VSS: dangling Wire at (36.072, 186.894) (36.072, 186.894) on layer: M1
Net VSS: dangling Wire at (529.524, 187.434) (529.524, 187.434) on layer: M1
Net VSS: dangling Wire at (465.588, 187.434) (465.588, 187.434) on layer: M1
Net VSS: dangling Wire at (33.912, 187.434) (33.912, 187.434) on layer: M1
Net VSS: dangling Wire at (36.072, 187.434) (36.072, 187.434) on layer: M1
Net VSS: dangling Wire at (529.524, 187.974) (529.524, 187.974) on layer: M1
Net VSS: dangling Wire at (465.588, 187.974) (465.588, 187.974) on layer: M1
Net VSS: dangling Wire at (102.168, 187.974) (102.168, 187.974) on layer: M1
Net VSS: dangling Wire at (33.912, 187.974) (33.912, 187.974) on layer: M1
Net VSS: dangling Wire at (36.072, 187.974) (36.072, 187.974) on layer: M1
Net VSS: dangling Wire at (529.524, 188.514) (529.524, 188.514) on layer: M1
Net VSS: dangling Wire at (465.588, 188.514) (465.588, 188.514) on layer: M1
Net VSS: dangling Wire at (102.168, 188.514) (102.168, 188.514) on layer: M1
Net VSS: dangling Wire at (33.912, 188.514) (33.912, 188.514) on layer: M1
Net VSS: dangling Wire at (36.072, 188.514) (36.072, 188.514) on layer: M1
Net VSS: dangling Wire at (529.524, 189.054) (529.524, 189.054) on layer: M1
Net VSS: dangling Wire at (465.588, 189.054) (465.588, 189.054) on layer: M1
Net VSS: dangling Wire at (102.168, 189.054) (102.168, 189.054) on layer: M1
Net VSS: dangling Wire at (33.912, 189.054) (33.912, 189.054) on layer: M1
Net VSS: dangling Wire at (36.072, 189.054) (36.072, 189.054) on layer: M1
Net VSS: dangling Wire at (529.524, 189.594) (529.524, 189.594) on layer: M1
Net VSS: dangling Wire at (465.588, 189.594) (465.588, 189.594) on layer: M1
Net VSS: dangling Wire at (102.168, 189.594) (102.168, 189.594) on layer: M1
Net VSS: dangling Wire at (33.912, 189.594) (33.912, 189.594) on layer: M1
Net VSS: dangling Wire at (36.072, 189.594) (36.072, 189.594) on layer: M1
Net VSS: dangling Wire at (529.524, 190.134) (529.524, 190.134) on layer: M1
Net VSS: dangling Wire at (465.588, 190.134) (465.588, 190.134) on layer: M1
Net VSS: dangling Wire at (33.912, 190.134) (33.912, 190.134) on layer: M1
Net VSS: dangling Wire at (36.072, 190.134) (36.072, 190.134) on layer: M1
Net VSS: dangling Wire at (529.524, 190.674) (529.524, 190.674) on layer: M1
Net VSS: dangling Wire at (465.588, 190.674) (465.588, 190.674) on layer: M1
Net VSS: dangling Wire at (102.168, 190.674) (102.168, 190.674) on layer: M1
Net VSS: dangling Wire at (33.912, 190.674) (33.912, 190.674) on layer: M1
Net VSS: dangling Wire at (36.072, 190.674) (36.072, 190.674) on layer: M1
Net VSS: dangling Wire at (529.524, 191.214) (529.524, 191.214) on layer: M1
Net VSS: dangling Wire at (465.588, 191.214) (465.588, 191.214) on layer: M1
Net VSS: dangling Wire at (33.912, 191.214) (33.912, 191.214) on layer: M1
Net VSS: dangling Wire at (36.072, 191.214) (36.072, 191.214) on layer: M1
Net VSS: dangling Wire at (529.524, 191.754) (529.524, 191.754) on layer: M1
Net VSS: dangling Wire at (465.588, 191.754) (465.588, 191.754) on layer: M1
Net VSS: dangling Wire at (102.168, 191.754) (102.168, 191.754) on layer: M1
Net VSS: dangling Wire at (33.912, 191.754) (33.912, 191.754) on layer: M1
Net VSS: dangling Wire at (36.072, 191.754) (36.072, 191.754) on layer: M1
Net VSS: dangling Wire at (529.524, 192.294) (529.524, 192.294) on layer: M1
Net VSS: dangling Wire at (465.588, 192.294) (465.588, 192.294) on layer: M1
Net VSS: dangling Wire at (102.168, 192.294) (102.168, 192.294) on layer: M1
Net VSS: dangling Wire at (33.912, 192.294) (33.912, 192.294) on layer: M1
Net VSS: dangling Wire at (36.072, 192.294) (36.072, 192.294) on layer: M1
Net VSS: dangling Wire at (529.524, 192.834) (529.524, 192.834) on layer: M1
Net VSS: dangling Wire at (465.588, 192.834) (465.588, 192.834) on layer: M1
Net VSS: dangling Wire at (102.168, 192.834) (102.168, 192.834) on layer: M1
Net VSS: dangling Wire at (33.912, 192.834) (33.912, 192.834) on layer: M1
Net VSS: dangling Wire at (36.072, 192.834) (36.072, 192.834) on layer: M1
Net VSS: dangling Wire at (529.524, 193.374) (529.524, 193.374) on layer: M1
Net VSS: dangling Wire at (465.588, 193.374) (465.588, 193.374) on layer: M1
Net VSS: dangling Wire at (33.912, 193.374) (33.912, 193.374) on layer: M1
Net VSS: dangling Wire at (36.072, 193.374) (36.072, 193.374) on layer: M1
Net VSS: dangling Wire at (529.524, 193.914) (529.524, 193.914) on layer: M1
Net VSS: dangling Wire at (465.588, 193.914) (465.588, 193.914) on layer: M1
Net VSS: dangling Wire at (102.168, 193.914) (102.168, 193.914) on layer: M1
Net VSS: dangling Wire at (33.912, 193.914) (33.912, 193.914) on layer: M1
Net VSS: dangling Wire at (36.072, 193.914) (36.072, 193.914) on layer: M1
Net VSS: dangling Wire at (529.524, 194.454) (529.524, 194.454) on layer: M1
Net VSS: dangling Wire at (465.588, 194.454) (465.588, 194.454) on layer: M1
Net VSS: dangling Wire at (102.168, 194.454) (102.168, 194.454) on layer: M1
Net VSS: dangling Wire at (33.912, 194.454) (33.912, 194.454) on layer: M1
Net VSS: dangling Wire at (36.072, 194.454) (36.072, 194.454) on layer: M1
Net VSS: dangling Wire at (529.524, 194.994) (529.524, 194.994) on layer: M1
Net VSS: dangling Wire at (465.588, 194.994) (465.588, 194.994) on layer: M1
Net VSS: dangling Wire at (102.168, 194.994) (102.168, 194.994) on layer: M1
Net VSS: dangling Wire at (33.912, 194.994) (33.912, 194.994) on layer: M1
Net VSS: dangling Wire at (36.072, 194.994) (36.072, 194.994) on layer: M1
Net VSS: dangling Wire at (529.524, 195.534) (529.524, 195.534) on layer: M1
Net VSS: dangling Wire at (465.588, 195.534) (465.588, 195.534) on layer: M1
Net VSS: dangling Wire at (102.168, 195.534) (102.168, 195.534) on layer: M1
Net VSS: dangling Wire at (33.912, 195.534) (33.912, 195.534) on layer: M1
Net VSS: dangling Wire at (36.072, 195.534) (36.072, 195.534) on layer: M1
Net VSS: dangling Wire at (529.524, 196.074) (529.524, 196.074) on layer: M1
Net VSS: dangling Wire at (465.588, 196.074) (465.588, 196.074) on layer: M1
Net VSS: dangling Wire at (102.168, 196.074) (102.168, 196.074) on layer: M1
Net VSS: dangling Wire at (33.912, 196.074) (33.912, 196.074) on layer: M1
Net VSS: dangling Wire at (36.072, 196.074) (36.072, 196.074) on layer: M1
Net VSS: dangling Wire at (529.524, 196.614) (529.524, 196.614) on layer: M1
Net VSS: dangling Wire at (102.168, 196.614) (102.168, 196.614) on layer: M1
Net VSS: dangling Wire at (33.912, 196.614) (33.912, 196.614) on layer: M1
Net VSS: dangling Wire at (36.072, 196.614) (36.072, 196.614) on layer: M1
Net VSS: dangling Wire at (529.524, 197.154) (529.524, 197.154) on layer: M1
Net VSS: dangling Wire at (465.588, 197.154) (465.588, 197.154) on layer: M1
Net VSS: dangling Wire at (102.168, 197.154) (102.168, 197.154) on layer: M1
Net VSS: dangling Wire at (33.912, 197.154) (33.912, 197.154) on layer: M1
Net VSS: dangling Wire at (36.072, 197.154) (36.072, 197.154) on layer: M1
Net VSS: dangling Wire at (465.588, 197.694) (465.588, 197.694) on layer: M1
Net VSS: dangling Wire at (33.912, 197.694) (33.912, 197.694) on layer: M1
Net VSS: dangling Wire at (36.072, 197.694) (36.072, 197.694) on layer: M1
Net VSS: dangling Wire at (465.588, 198.234) (465.588, 198.234) on layer: M1
Net VSS: dangling Wire at (33.912, 198.234) (33.912, 198.234) on layer: M1
Net VSS: dangling Wire at (36.072, 198.234) (36.072, 198.234) on layer: M1
Net VSS: dangling Wire at (529.524, 198.774) (529.524, 198.774) on layer: M1
Net VSS: dangling Wire at (465.588, 198.774) (465.588, 198.774) on layer: M1
Net VSS: dangling Wire at (33.912, 198.774) (33.912, 198.774) on layer: M1
Net VSS: dangling Wire at (36.072, 198.774) (36.072, 198.774) on layer: M1
Net VSS: dangling Wire at (529.524, 199.314) (529.524, 199.314) on layer: M1
Net VSS: dangling Wire at (465.588, 199.314) (465.588, 199.314) on layer: M1
Net VSS: dangling Wire at (102.168, 199.314) (102.168, 199.314) on layer: M1
Net VSS: dangling Wire at (33.912, 199.314) (33.912, 199.314) on layer: M1
Net VSS: dangling Wire at (36.072, 199.314) (36.072, 199.314) on layer: M1
Net VSS: dangling Wire at (529.524, 199.854) (529.524, 199.854) on layer: M1
Net VSS: dangling Wire at (465.588, 199.854) (465.588, 199.854) on layer: M1
Net VSS: dangling Wire at (102.168, 199.854) (102.168, 199.854) on layer: M1
Net VSS: dangling Wire at (33.912, 199.854) (33.912, 199.854) on layer: M1
Net VSS: dangling Wire at (36.072, 199.854) (36.072, 199.854) on layer: M1
Net VSS: dangling Wire at (529.524, 200.394) (529.524, 200.394) on layer: M1
Net VSS: dangling Wire at (465.588, 200.394) (465.588, 200.394) on layer: M1
Net VSS: dangling Wire at (102.168, 200.394) (102.168, 200.394) on layer: M1
Net VSS: dangling Wire at (33.912, 200.394) (33.912, 200.394) on layer: M1
Net VSS: dangling Wire at (36.072, 200.394) (36.072, 200.394) on layer: M1
Net VSS: dangling Wire at (529.524, 200.934) (529.524, 200.934) on layer: M1
Net VSS: dangling Wire at (465.588, 200.934) (465.588, 200.934) on layer: M1
Net VSS: dangling Wire at (102.168, 200.934) (102.168, 200.934) on layer: M1
Net VSS: dangling Wire at (33.912, 200.934) (33.912, 200.934) on layer: M1
Net VSS: dangling Wire at (36.072, 200.934) (36.072, 200.934) on layer: M1
Net VSS: dangling Wire at (529.524, 201.474) (529.524, 201.474) on layer: M1
Net VSS: dangling Wire at (465.588, 201.474) (465.588, 201.474) on layer: M1
Net VSS: dangling Wire at (102.168, 201.474) (102.168, 201.474) on layer: M1
Net VSS: dangling Wire at (33.912, 201.474) (33.912, 201.474) on layer: M1
Net VSS: dangling Wire at (36.072, 201.474) (36.072, 201.474) on layer: M1
Net VSS: dangling Wire at (529.524, 202.014) (529.524, 202.014) on layer: M1
Net VSS: dangling Wire at (465.588, 202.014) (465.588, 202.014) on layer: M1
Net VSS: dangling Wire at (102.168, 202.014) (102.168, 202.014) on layer: M1
Net VSS: dangling Wire at (33.912, 202.014) (33.912, 202.014) on layer: M1
Net VSS: dangling Wire at (36.072, 202.014) (36.072, 202.014) on layer: M1
Net VSS: dangling Wire at (529.524, 202.554) (529.524, 202.554) on layer: M1
Net VSS: dangling Wire at (465.588, 202.554) (465.588, 202.554) on layer: M1
Net VSS: dangling Wire at (102.168, 202.554) (102.168, 202.554) on layer: M1
Net VSS: dangling Wire at (33.912, 202.554) (33.912, 202.554) on layer: M1
Net VSS: dangling Wire at (36.072, 202.554) (36.072, 202.554) on layer: M1
Net VSS: dangling Wire at (529.524, 203.094) (529.524, 203.094) on layer: M1
Net VSS: dangling Wire at (465.588, 203.094) (465.588, 203.094) on layer: M1
Net VSS: dangling Wire at (102.168, 203.094) (102.168, 203.094) on layer: M1
Net VSS: dangling Wire at (33.912, 203.094) (33.912, 203.094) on layer: M1
Net VSS: dangling Wire at (36.072, 203.094) (36.072, 203.094) on layer: M1
Net VSS: dangling Wire at (529.524, 203.634) (529.524, 203.634) on layer: M1
Net VSS: dangling Wire at (465.588, 203.634) (465.588, 203.634) on layer: M1
Net VSS: dangling Wire at (102.168, 203.634) (102.168, 203.634) on layer: M1
Net VSS: dangling Wire at (33.912, 203.634) (33.912, 203.634) on layer: M1
Net VSS: dangling Wire at (36.072, 203.634) (36.072, 203.634) on layer: M1
Net VSS: dangling Wire at (529.524, 204.174) (529.524, 204.174) on layer: M1
Net VSS: dangling Wire at (465.588, 204.174) (465.588, 204.174) on layer: M1
Net VSS: dangling Wire at (102.168, 204.174) (102.168, 204.174) on layer: M1
Net VSS: dangling Wire at (33.912, 204.174) (33.912, 204.174) on layer: M1
Net VSS: dangling Wire at (36.072, 204.174) (36.072, 204.174) on layer: M1
Net VSS: dangling Wire at (529.524, 204.714) (529.524, 204.714) on layer: M1
Net VSS: dangling Wire at (465.588, 204.714) (465.588, 204.714) on layer: M1
Net VSS: dangling Wire at (102.168, 204.714) (102.168, 204.714) on layer: M1
Net VSS: dangling Wire at (33.912, 204.714) (33.912, 204.714) on layer: M1
Net VSS: dangling Wire at (36.072, 204.714) (36.072, 204.714) on layer: M1
Net VSS: dangling Wire at (529.524, 205.254) (529.524, 205.254) on layer: M1
Net VSS: dangling Wire at (465.588, 205.254) (465.588, 205.254) on layer: M1
Net VSS: dangling Wire at (102.168, 205.254) (102.168, 205.254) on layer: M1
Net VSS: dangling Wire at (36.072, 205.254) (36.072, 205.254) on layer: M1
Net VSS: dangling Wire at (529.524, 205.794) (529.524, 205.794) on layer: M1
Net VSS: dangling Wire at (465.588, 205.794) (465.588, 205.794) on layer: M1
Net VSS: dangling Wire at (102.168, 205.794) (102.168, 205.794) on layer: M1
Net VSS: dangling Wire at (33.912, 205.794) (33.912, 205.794) on layer: M1
Net VSS: dangling Wire at (36.072, 205.794) (36.072, 205.794) on layer: M1
Net VSS: dangling Wire at (529.524, 206.334) (529.524, 206.334) on layer: M1
Net VSS: dangling Wire at (465.588, 206.334) (465.588, 206.334) on layer: M1
Net VSS: dangling Wire at (102.168, 206.334) (102.168, 206.334) on layer: M1
Net VSS: dangling Wire at (33.912, 206.334) (33.912, 206.334) on layer: M1
Net VSS: dangling Wire at (36.072, 206.334) (36.072, 206.334) on layer: M1
Net VSS: dangling Wire at (529.524, 206.874) (529.524, 206.874) on layer: M1
Net VSS: dangling Wire at (465.588, 206.874) (465.588, 206.874) on layer: M1
Net VSS: dangling Wire at (102.168, 206.874) (102.168, 206.874) on layer: M1
Net VSS: dangling Wire at (33.912, 206.874) (33.912, 206.874) on layer: M1
Net VSS: dangling Wire at (36.072, 206.874) (36.072, 206.874) on layer: M1
Net VSS: dangling Wire at (529.524, 207.414) (529.524, 207.414) on layer: M1
Net VSS: dangling Wire at (465.588, 207.414) (465.588, 207.414) on layer: M1
Net VSS: dangling Wire at (33.912, 207.414) (33.912, 207.414) on layer: M1
Net VSS: dangling Wire at (36.072, 207.414) (36.072, 207.414) on layer: M1
Net VSS: dangling Wire at (529.524, 207.954) (529.524, 207.954) on layer: M1
Net VSS: dangling Wire at (465.588, 207.954) (465.588, 207.954) on layer: M1
Net VSS: dangling Wire at (102.168, 207.954) (102.168, 207.954) on layer: M1
Net VSS: dangling Wire at (33.912, 207.954) (33.912, 207.954) on layer: M1
Net VSS: dangling Wire at (36.072, 207.954) (36.072, 207.954) on layer: M1
Net VSS: dangling Wire at (529.524, 208.494) (529.524, 208.494) on layer: M1
Net VSS: dangling Wire at (465.588, 208.494) (465.588, 208.494) on layer: M1
Net VSS: dangling Wire at (102.168, 208.494) (102.168, 208.494) on layer: M1
Net VSS: dangling Wire at (33.912, 208.494) (33.912, 208.494) on layer: M1
Net VSS: dangling Wire at (36.072, 208.494) (36.072, 208.494) on layer: M1
Net VSS: dangling Wire at (529.524, 209.034) (529.524, 209.034) on layer: M1
Net VSS: dangling Wire at (465.588, 209.034) (465.588, 209.034) on layer: M1
Net VSS: dangling Wire at (102.168, 209.034) (102.168, 209.034) on layer: M1
Net VSS: dangling Wire at (33.912, 209.034) (33.912, 209.034) on layer: M1
Net VSS: dangling Wire at (36.072, 209.034) (36.072, 209.034) on layer: M1
Net VSS: dangling Wire at (529.524, 209.574) (529.524, 209.574) on layer: M1
Net VSS: dangling Wire at (465.588, 209.574) (465.588, 209.574) on layer: M1
Net VSS: dangling Wire at (33.912, 209.574) (33.912, 209.574) on layer: M1
Net VSS: dangling Wire at (36.072, 209.574) (36.072, 209.574) on layer: M1
Net VSS: dangling Wire at (529.524, 210.114) (529.524, 210.114) on layer: M1
Net VSS: dangling Wire at (465.588, 210.114) (465.588, 210.114) on layer: M1
Net VSS: dangling Wire at (102.168, 210.114) (102.168, 210.114) on layer: M1
Net VSS: dangling Wire at (33.912, 210.114) (33.912, 210.114) on layer: M1
Net VSS: dangling Wire at (36.072, 210.114) (36.072, 210.114) on layer: M1
Net VSS: dangling Wire at (529.524, 210.654) (529.524, 210.654) on layer: M1
Net VSS: dangling Wire at (465.588, 210.654) (465.588, 210.654) on layer: M1
Net VSS: dangling Wire at (33.912, 210.654) (33.912, 210.654) on layer: M1
Net VSS: dangling Wire at (36.072, 210.654) (36.072, 210.654) on layer: M1
Net VSS: dangling Wire at (529.524, 211.194) (529.524, 211.194) on layer: M1
Net VSS: dangling Wire at (465.588, 211.194) (465.588, 211.194) on layer: M1
Net VSS: dangling Wire at (102.168, 211.194) (102.168, 211.194) on layer: M1
Net VSS: dangling Wire at (33.912, 211.194) (33.912, 211.194) on layer: M1
Net VSS: dangling Wire at (36.072, 211.194) (36.072, 211.194) on layer: M1
Net VSS: dangling Wire at (529.524, 211.734) (529.524, 211.734) on layer: M1
Net VSS: dangling Wire at (33.912, 211.734) (33.912, 211.734) on layer: M1
Net VSS: dangling Wire at (36.072, 211.734) (36.072, 211.734) on layer: M1
Net VSS: dangling Wire at (529.524, 212.274) (529.524, 212.274) on layer: M1
Net VSS: dangling Wire at (465.588, 212.274) (465.588, 212.274) on layer: M1
Net VSS: dangling Wire at (102.168, 212.274) (102.168, 212.274) on layer: M1
Net VSS: dangling Wire at (33.912, 212.274) (33.912, 212.274) on layer: M1
Net VSS: dangling Wire at (36.072, 212.274) (36.072, 212.274) on layer: M1
Net VSS: dangling Wire at (529.524, 212.814) (529.524, 212.814) on layer: M1
Net VSS: dangling Wire at (465.588, 212.814) (465.588, 212.814) on layer: M1
Net VSS: dangling Wire at (33.912, 212.814) (33.912, 212.814) on layer: M1
Net VSS: dangling Wire at (36.072, 212.814) (36.072, 212.814) on layer: M1
Net VSS: dangling Wire at (529.524, 213.354) (529.524, 213.354) on layer: M1
Net VSS: dangling Wire at (465.588, 213.354) (465.588, 213.354) on layer: M1
Net VSS: dangling Wire at (102.168, 213.354) (102.168, 213.354) on layer: M1
Net VSS: dangling Wire at (33.912, 213.354) (33.912, 213.354) on layer: M1
Net VSS: dangling Wire at (36.072, 213.354) (36.072, 213.354) on layer: M1
Net VSS: dangling Wire at (529.524, 213.894) (529.524, 213.894) on layer: M1
Net VSS: dangling Wire at (465.588, 213.894) (465.588, 213.894) on layer: M1
Net VSS: dangling Wire at (102.168, 213.894) (102.168, 213.894) on layer: M1
Net VSS: dangling Wire at (33.912, 213.894) (33.912, 213.894) on layer: M1
Net VSS: dangling Wire at (36.072, 213.894) (36.072, 213.894) on layer: M1
Net VSS: dangling Wire at (529.524, 214.434) (529.524, 214.434) on layer: M1
Net VSS: dangling Wire at (465.588, 214.434) (465.588, 214.434) on layer: M1
Net VSS: dangling Wire at (102.168, 214.434) (102.168, 214.434) on layer: M1
Net VSS: dangling Wire at (33.912, 214.434) (33.912, 214.434) on layer: M1
Net VSS: dangling Wire at (36.072, 214.434) (36.072, 214.434) on layer: M1
Net VSS: dangling Wire at (529.524, 214.974) (529.524, 214.974) on layer: M1
Net VSS: dangling Wire at (465.588, 214.974) (465.588, 214.974) on layer: M1
Net VSS: dangling Wire at (102.168, 214.974) (102.168, 214.974) on layer: M1
Net VSS: dangling Wire at (33.912, 214.974) (33.912, 214.974) on layer: M1
Net VSS: dangling Wire at (36.072, 214.974) (36.072, 214.974) on layer: M1
Net VSS: dangling Wire at (529.524, 215.514) (529.524, 215.514) on layer: M1
Net VSS: dangling Wire at (465.588, 215.514) (465.588, 215.514) on layer: M1
Net VSS: dangling Wire at (102.168, 215.514) (102.168, 215.514) on layer: M1
Net VSS: dangling Wire at (33.912, 215.514) (33.912, 215.514) on layer: M1
Net VSS: dangling Wire at (36.072, 215.514) (36.072, 215.514) on layer: M1
Net VSS: dangling Wire at (529.524, 216.054) (529.524, 216.054) on layer: M1
Net VSS: dangling Wire at (465.588, 216.054) (465.588, 216.054) on layer: M1
Net VSS: dangling Wire at (102.168, 216.054) (102.168, 216.054) on layer: M1
Net VSS: dangling Wire at (36.072, 216.054) (36.072, 216.054) on layer: M1
Net VSS: dangling Wire at (529.524, 216.594) (529.524, 216.594) on layer: M1
Net VSS: dangling Wire at (465.588, 216.594) (465.588, 216.594) on layer: M1
Net VSS: dangling Wire at (102.168, 216.594) (102.168, 216.594) on layer: M1
Net VSS: dangling Wire at (33.912, 216.594) (33.912, 216.594) on layer: M1
Net VSS: dangling Wire at (36.072, 216.594) (36.072, 216.594) on layer: M1
Net VSS: dangling Wire at (529.524, 217.134) (529.524, 217.134) on layer: M1
Net VSS: dangling Wire at (465.588, 217.134) (465.588, 217.134) on layer: M1
Net VSS: dangling Wire at (102.168, 217.134) (102.168, 217.134) on layer: M1
Net VSS: dangling Wire at (33.912, 217.134) (33.912, 217.134) on layer: M1
Net VSS: dangling Wire at (36.072, 217.134) (36.072, 217.134) on layer: M1
Net VSS: dangling Wire at (529.524, 217.674) (529.524, 217.674) on layer: M1
Net VSS: dangling Wire at (465.588, 217.674) (465.588, 217.674) on layer: M1
Net VSS: dangling Wire at (102.168, 217.674) (102.168, 217.674) on layer: M1
Net VSS: dangling Wire at (33.912, 217.674) (33.912, 217.674) on layer: M1
Net VSS: dangling Wire at (36.072, 217.674) (36.072, 217.674) on layer: M1
Net VSS: dangling Wire at (529.524, 218.214) (529.524, 218.214) on layer: M1
Net VSS: dangling Wire at (465.588, 218.214) (465.588, 218.214) on layer: M1
Net VSS: dangling Wire at (102.168, 218.214) (102.168, 218.214) on layer: M1
Net VSS: dangling Wire at (36.072, 218.214) (36.072, 218.214) on layer: M1
Net VSS: dangling Wire at (529.524, 218.754) (529.524, 218.754) on layer: M1
Net VSS: dangling Wire at (465.588, 218.754) (465.588, 218.754) on layer: M1
Net VSS: dangling Wire at (102.168, 218.754) (102.168, 218.754) on layer: M1
Net VSS: dangling Wire at (33.912, 218.754) (33.912, 218.754) on layer: M1
Net VSS: dangling Wire at (36.072, 218.754) (36.072, 218.754) on layer: M1
Net VSS: dangling Wire at (529.524, 219.294) (529.524, 219.294) on layer: M1
Net VSS: dangling Wire at (465.588, 219.294) (465.588, 219.294) on layer: M1
Net VSS: dangling Wire at (102.168, 219.294) (102.168, 219.294) on layer: M1
Net VSS: dangling Wire at (36.072, 219.294) (36.072, 219.294) on layer: M1
Net VSS: dangling Wire at (529.524, 219.834) (529.524, 219.834) on layer: M1
Net VSS: dangling Wire at (465.588, 219.834) (465.588, 219.834) on layer: M1
Net VSS: dangling Wire at (102.168, 219.834) (102.168, 219.834) on layer: M1
Net VSS: dangling Wire at (36.072, 219.834) (36.072, 219.834) on layer: M1
Net VSS: dangling Wire at (529.524, 220.374) (529.524, 220.374) on layer: M1
Net VSS: dangling Wire at (465.588, 220.374) (465.588, 220.374) on layer: M1
Net VSS: dangling Wire at (102.168, 220.374) (102.168, 220.374) on layer: M1
Net VSS: dangling Wire at (36.072, 220.374) (36.072, 220.374) on layer: M1
Net VSS: dangling Wire at (529.524, 220.914) (529.524, 220.914) on layer: M1
Net VSS: dangling Wire at (465.588, 220.914) (465.588, 220.914) on layer: M1
Net VSS: dangling Wire at (102.168, 220.914) (102.168, 220.914) on layer: M1
Net VSS: dangling Wire at (33.912, 220.914) (33.912, 220.914) on layer: M1
Net VSS: dangling Wire at (36.072, 220.914) (36.072, 220.914) on layer: M1
Net VSS: dangling Wire at (529.524, 221.454) (529.524, 221.454) on layer: M1
Net VSS: dangling Wire at (465.588, 221.454) (465.588, 221.454) on layer: M1
Net VSS: dangling Wire at (102.168, 221.454) (102.168, 221.454) on layer: M1
Net VSS: dangling Wire at (36.072, 221.454) (36.072, 221.454) on layer: M1
Net VSS: dangling Wire at (529.524, 221.994) (529.524, 221.994) on layer: M1
Net VSS: dangling Wire at (465.588, 221.994) (465.588, 221.994) on layer: M1
Net VSS: dangling Wire at (102.168, 221.994) (102.168, 221.994) on layer: M1
Net VSS: dangling Wire at (33.912, 221.994) (33.912, 221.994) on layer: M1
Net VSS: dangling Wire at (36.072, 221.994) (36.072, 221.994) on layer: M1
Net VSS: dangling Wire at (529.524, 222.534) (529.524, 222.534) on layer: M1
Net VSS: dangling Wire at (465.588, 222.534) (465.588, 222.534) on layer: M1
Net VSS: dangling Wire at (102.168, 222.534) (102.168, 222.534) on layer: M1
Net VSS: dangling Wire at (33.912, 222.534) (33.912, 222.534) on layer: M1
Net VSS: dangling Wire at (36.072, 222.534) (36.072, 222.534) on layer: M1
Net VSS: dangling Wire at (529.524, 223.074) (529.524, 223.074) on layer: M1
Net VSS: dangling Wire at (465.588, 223.074) (465.588, 223.074) on layer: M1
Net VSS: dangling Wire at (102.168, 223.074) (102.168, 223.074) on layer: M1
Net VSS: dangling Wire at (33.912, 223.074) (33.912, 223.074) on layer: M1
Net VSS: dangling Wire at (36.072, 223.074) (36.072, 223.074) on layer: M1
Net VSS: dangling Wire at (529.524, 223.614) (529.524, 223.614) on layer: M1
Net VSS: dangling Wire at (465.588, 223.614) (465.588, 223.614) on layer: M1
Net VSS: dangling Wire at (102.168, 223.614) (102.168, 223.614) on layer: M1
Net VSS: dangling Wire at (33.912, 223.614) (33.912, 223.614) on layer: M1
Net VSS: dangling Wire at (36.072, 223.614) (36.072, 223.614) on layer: M1
Net VSS: dangling Wire at (529.524, 224.154) (529.524, 224.154) on layer: M1
Net VSS: dangling Wire at (465.588, 224.154) (465.588, 224.154) on layer: M1
Net VSS: dangling Wire at (102.168, 224.154) (102.168, 224.154) on layer: M1
Net VSS: dangling Wire at (33.912, 224.154) (33.912, 224.154) on layer: M1
Net VSS: dangling Wire at (36.072, 224.154) (36.072, 224.154) on layer: M1
Net VSS: dangling Wire at (529.524, 224.694) (529.524, 224.694) on layer: M1
Net VSS: dangling Wire at (465.588, 224.694) (465.588, 224.694) on layer: M1
Net VSS: dangling Wire at (102.168, 224.694) (102.168, 224.694) on layer: M1
Net VSS: dangling Wire at (33.912, 224.694) (33.912, 224.694) on layer: M1
Net VSS: dangling Wire at (36.072, 224.694) (36.072, 224.694) on layer: M1
Net VSS: dangling Wire at (529.524, 225.234) (529.524, 225.234) on layer: M1
Net VSS: dangling Wire at (465.588, 225.234) (465.588, 225.234) on layer: M1
Net VSS: dangling Wire at (102.168, 225.234) (102.168, 225.234) on layer: M1
Net VSS: dangling Wire at (33.912, 225.234) (33.912, 225.234) on layer: M1
Net VSS: dangling Wire at (36.072, 225.234) (36.072, 225.234) on layer: M1
Net VSS: dangling Wire at (529.524, 225.774) (529.524, 225.774) on layer: M1
Net VSS: dangling Wire at (465.588, 225.774) (465.588, 225.774) on layer: M1
Net VSS: dangling Wire at (102.168, 225.774) (102.168, 225.774) on layer: M1
Net VSS: dangling Wire at (33.912, 225.774) (33.912, 225.774) on layer: M1
Net VSS: dangling Wire at (36.072, 225.774) (36.072, 225.774) on layer: M1
Net VSS: dangling Wire at (529.524, 226.314) (529.524, 226.314) on layer: M1
Net VSS: dangling Wire at (465.588, 226.314) (465.588, 226.314) on layer: M1
Net VSS: dangling Wire at (102.168, 226.314) (102.168, 226.314) on layer: M1
Net VSS: dangling Wire at (33.912, 226.314) (33.912, 226.314) on layer: M1
Net VSS: dangling Wire at (36.072, 226.314) (36.072, 226.314) on layer: M1
Net VSS: dangling Wire at (529.524, 226.854) (529.524, 226.854) on layer: M1
Net VSS: dangling Wire at (465.588, 226.854) (465.588, 226.854) on layer: M1
Net VSS: dangling Wire at (102.168, 226.854) (102.168, 226.854) on layer: M1
Net VSS: dangling Wire at (33.912, 226.854) (33.912, 226.854) on layer: M1
Net VSS: dangling Wire at (36.072, 226.854) (36.072, 226.854) on layer: M1
Net VSS: dangling Wire at (529.524, 227.394) (529.524, 227.394) on layer: M1
Net VSS: dangling Wire at (465.588, 227.394) (465.588, 227.394) on layer: M1
Net VSS: dangling Wire at (102.168, 227.394) (102.168, 227.394) on layer: M1
Net VSS: dangling Wire at (33.912, 227.394) (33.912, 227.394) on layer: M1
Net VSS: dangling Wire at (36.072, 227.394) (36.072, 227.394) on layer: M1
Net VSS: dangling Wire at (529.524, 227.934) (529.524, 227.934) on layer: M1
Net VSS: dangling Wire at (465.588, 227.934) (465.588, 227.934) on layer: M1
Net VSS: dangling Wire at (102.168, 227.934) (102.168, 227.934) on layer: M1
Net VSS: dangling Wire at (33.912, 227.934) (33.912, 227.934) on layer: M1
Net VSS: dangling Wire at (36.072, 227.934) (36.072, 227.934) on layer: M1
Net VSS: dangling Wire at (529.524, 228.474) (529.524, 228.474) on layer: M1
Net VSS: dangling Wire at (465.588, 228.474) (465.588, 228.474) on layer: M1
Net VSS: dangling Wire at (102.168, 228.474) (102.168, 228.474) on layer: M1
Net VSS: dangling Wire at (33.912, 228.474) (33.912, 228.474) on layer: M1
Net VSS: dangling Wire at (36.072, 228.474) (36.072, 228.474) on layer: M1
Net VSS: dangling Wire at (529.524, 229.014) (529.524, 229.014) on layer: M1
Net VSS: dangling Wire at (465.588, 229.014) (465.588, 229.014) on layer: M1
Net VSS: dangling Wire at (102.168, 229.014) (102.168, 229.014) on layer: M1
Net VSS: dangling Wire at (33.912, 229.014) (33.912, 229.014) on layer: M1
Net VSS: dangling Wire at (36.072, 229.014) (36.072, 229.014) on layer: M1
Net VSS: dangling Wire at (529.524, 229.554) (529.524, 229.554) on layer: M1
Net VSS: dangling Wire at (465.588, 229.554) (465.588, 229.554) on layer: M1
Net VSS: dangling Wire at (102.168, 229.554) (102.168, 229.554) on layer: M1
Net VSS: dangling Wire at (36.072, 229.554) (36.072, 229.554) on layer: M1
Net VSS: dangling Wire at (529.524, 230.094) (529.524, 230.094) on layer: M1
Net VSS: dangling Wire at (465.588, 230.094) (465.588, 230.094) on layer: M1
Net VSS: dangling Wire at (102.168, 230.094) (102.168, 230.094) on layer: M1
Net VSS: dangling Wire at (33.912, 230.094) (33.912, 230.094) on layer: M1
Net VSS: dangling Wire at (36.072, 230.094) (36.072, 230.094) on layer: M1
Net VSS: dangling Wire at (529.524, 230.634) (529.524, 230.634) on layer: M1
Net VSS: dangling Wire at (465.588, 230.634) (465.588, 230.634) on layer: M1
Net VSS: dangling Wire at (102.168, 230.634) (102.168, 230.634) on layer: M1
Net VSS: dangling Wire at (33.912, 230.634) (33.912, 230.634) on layer: M1
Net VSS: dangling Wire at (36.072, 230.634) (36.072, 230.634) on layer: M1
Net VSS: dangling Wire at (529.524, 231.174) (529.524, 231.174) on layer: M1
Net VSS: dangling Wire at (465.588, 231.174) (465.588, 231.174) on layer: M1
Net VSS: dangling Wire at (102.168, 231.174) (102.168, 231.174) on layer: M1
Net VSS: dangling Wire at (33.912, 231.174) (33.912, 231.174) on layer: M1
Net VSS: dangling Wire at (36.072, 231.174) (36.072, 231.174) on layer: M1
Net VSS: dangling Wire at (529.524, 231.714) (529.524, 231.714) on layer: M1
Net VSS: dangling Wire at (465.588, 231.714) (465.588, 231.714) on layer: M1
Net VSS: dangling Wire at (102.168, 231.714) (102.168, 231.714) on layer: M1
Net VSS: dangling Wire at (36.072, 231.714) (36.072, 231.714) on layer: M1
Net VSS: dangling Wire at (529.524, 232.254) (529.524, 232.254) on layer: M1
Net VSS: dangling Wire at (465.588, 232.254) (465.588, 232.254) on layer: M1
Net VSS: dangling Wire at (102.168, 232.254) (102.168, 232.254) on layer: M1
Net VSS: dangling Wire at (33.912, 232.254) (33.912, 232.254) on layer: M1
Net VSS: dangling Wire at (36.072, 232.254) (36.072, 232.254) on layer: M1
Net VSS: dangling Wire at (529.524, 232.794) (529.524, 232.794) on layer: M1
Net VSS: dangling Wire at (465.588, 232.794) (465.588, 232.794) on layer: M1
Net VSS: dangling Wire at (102.168, 232.794) (102.168, 232.794) on layer: M1
Net VSS: dangling Wire at (33.912, 232.794) (33.912, 232.794) on layer: M1
Net VSS: dangling Wire at (36.072, 232.794) (36.072, 232.794) on layer: M1
Net VSS: dangling Wire at (529.524, 233.334) (529.524, 233.334) on layer: M1
Net VSS: dangling Wire at (465.588, 233.334) (465.588, 233.334) on layer: M1
Net VSS: dangling Wire at (102.168, 233.334) (102.168, 233.334) on layer: M1
Net VSS: dangling Wire at (33.912, 233.334) (33.912, 233.334) on layer: M1
Net VSS: dangling Wire at (36.072, 233.334) (36.072, 233.334) on layer: M1
Net VSS: dangling Wire at (529.524, 233.874) (529.524, 233.874) on layer: M1
Net VSS: dangling Wire at (465.588, 233.874) (465.588, 233.874) on layer: M1
Net VSS: dangling Wire at (102.168, 233.874) (102.168, 233.874) on layer: M1
Net VSS: dangling Wire at (33.912, 233.874) (33.912, 233.874) on layer: M1
Net VSS: dangling Wire at (36.072, 233.874) (36.072, 233.874) on layer: M1
Net VSS: dangling Wire at (529.524, 234.414) (529.524, 234.414) on layer: M1
Net VSS: dangling Wire at (465.588, 234.414) (465.588, 234.414) on layer: M1
Net VSS: dangling Wire at (102.168, 234.414) (102.168, 234.414) on layer: M1
Net VSS: dangling Wire at (33.912, 234.414) (33.912, 234.414) on layer: M1
Net VSS: dangling Wire at (36.072, 234.414) (36.072, 234.414) on layer: M1
Net VSS: dangling Wire at (529.524, 234.954) (529.524, 234.954) on layer: M1
Net VSS: dangling Wire at (465.588, 234.954) (465.588, 234.954) on layer: M1
Net VSS: dangling Wire at (102.168, 234.954) (102.168, 234.954) on layer: M1
Net VSS: dangling Wire at (36.072, 234.954) (36.072, 234.954) on layer: M1
Net VSS: dangling Wire at (529.524, 235.494) (529.524, 235.494) on layer: M1
Net VSS: dangling Wire at (465.588, 235.494) (465.588, 235.494) on layer: M1
Net VSS: dangling Wire at (102.168, 235.494) (102.168, 235.494) on layer: M1
Net VSS: dangling Wire at (33.912, 235.494) (33.912, 235.494) on layer: M1
Net VSS: dangling Wire at (36.072, 235.494) (36.072, 235.494) on layer: M1
Net VSS: dangling Wire at (529.524, 236.034) (529.524, 236.034) on layer: M1
Net VSS: dangling Wire at (465.588, 236.034) (465.588, 236.034) on layer: M1
Net VSS: dangling Wire at (102.168, 236.034) (102.168, 236.034) on layer: M1
Net VSS: dangling Wire at (33.912, 236.034) (33.912, 236.034) on layer: M1
Net VSS: dangling Wire at (36.072, 236.034) (36.072, 236.034) on layer: M1
Net VSS: dangling Wire at (529.524, 236.574) (529.524, 236.574) on layer: M1
Net VSS: dangling Wire at (465.588, 236.574) (465.588, 236.574) on layer: M1
Net VSS: dangling Wire at (102.168, 236.574) (102.168, 236.574) on layer: M1
Net VSS: dangling Wire at (33.912, 236.574) (33.912, 236.574) on layer: M1
Net VSS: dangling Wire at (36.072, 236.574) (36.072, 236.574) on layer: M1
Net VSS: dangling Wire at (529.524, 237.114) (529.524, 237.114) on layer: M1
Net VSS: dangling Wire at (465.588, 237.114) (465.588, 237.114) on layer: M1
Net VSS: dangling Wire at (102.168, 237.114) (102.168, 237.114) on layer: M1
Net VSS: dangling Wire at (33.912, 237.114) (33.912, 237.114) on layer: M1
Net VSS: dangling Wire at (36.072, 237.114) (36.072, 237.114) on layer: M1
Net VSS: dangling Wire at (529.524, 237.654) (529.524, 237.654) on layer: M1
Net VSS: dangling Wire at (465.588, 237.654) (465.588, 237.654) on layer: M1
Net VSS: dangling Wire at (102.168, 237.654) (102.168, 237.654) on layer: M1
Net VSS: dangling Wire at (33.912, 237.654) (33.912, 237.654) on layer: M1
Net VSS: dangling Wire at (36.072, 237.654) (36.072, 237.654) on layer: M1
Net VSS: dangling Wire at (529.524, 238.194) (529.524, 238.194) on layer: M1
Net VSS: dangling Wire at (465.588, 238.194) (465.588, 238.194) on layer: M1
Net VSS: dangling Wire at (102.168, 238.194) (102.168, 238.194) on layer: M1
Net VSS: dangling Wire at (33.912, 238.194) (33.912, 238.194) on layer: M1
Net VSS: dangling Wire at (36.072, 238.194) (36.072, 238.194) on layer: M1
Net VSS: dangling Wire at (529.524, 238.734) (529.524, 238.734) on layer: M1
Net VSS: dangling Wire at (465.588, 238.734) (465.588, 238.734) on layer: M1
Net VSS: dangling Wire at (102.168, 238.734) (102.168, 238.734) on layer: M1
Net VSS: dangling Wire at (33.912, 238.734) (33.912, 238.734) on layer: M1
Net VSS: dangling Wire at (36.072, 238.734) (36.072, 238.734) on layer: M1
Net VSS: dangling Wire at (529.524, 239.274) (529.524, 239.274) on layer: M1
Net VSS: dangling Wire at (465.588, 239.274) (465.588, 239.274) on layer: M1
Net VSS: dangling Wire at (102.168, 239.274) (102.168, 239.274) on layer: M1
Net VSS: dangling Wire at (33.912, 239.274) (33.912, 239.274) on layer: M1
Net VSS: dangling Wire at (36.072, 239.274) (36.072, 239.274) on layer: M1
Net VSS: dangling Wire at (529.524, 239.814) (529.524, 239.814) on layer: M1
Net VSS: dangling Wire at (465.588, 239.814) (465.588, 239.814) on layer: M1
Net VSS: dangling Wire at (102.168, 239.814) (102.168, 239.814) on layer: M1
Net VSS: dangling Wire at (33.912, 239.814) (33.912, 239.814) on layer: M1
Net VSS: dangling Wire at (36.072, 239.814) (36.072, 239.814) on layer: M1
Net VSS: dangling Wire at (529.524, 240.354) (529.524, 240.354) on layer: M1
Net VSS: dangling Wire at (465.588, 240.354) (465.588, 240.354) on layer: M1
Net VSS: dangling Wire at (102.168, 240.354) (102.168, 240.354) on layer: M1
Net VSS: dangling Wire at (33.912, 240.354) (33.912, 240.354) on layer: M1
Net VSS: dangling Wire at (36.072, 240.354) (36.072, 240.354) on layer: M1
Net VSS: dangling Wire at (529.524, 240.894) (529.524, 240.894) on layer: M1
Net VSS: dangling Wire at (465.588, 240.894) (465.588, 240.894) on layer: M1
Net VSS: dangling Wire at (102.168, 240.894) (102.168, 240.894) on layer: M1
Net VSS: dangling Wire at (33.912, 240.894) (33.912, 240.894) on layer: M1
Net VSS: dangling Wire at (36.072, 240.894) (36.072, 240.894) on layer: M1
Net VSS: dangling Wire at (529.524, 241.434) (529.524, 241.434) on layer: M1
Net VSS: dangling Wire at (465.588, 241.434) (465.588, 241.434) on layer: M1
Net VSS: dangling Wire at (102.168, 241.434) (102.168, 241.434) on layer: M1
Net VSS: dangling Wire at (36.072, 241.434) (36.072, 241.434) on layer: M1
Net VSS: dangling Wire at (465.588, 241.974) (465.588, 241.974) on layer: M1
Net VSS: dangling Wire at (36.072, 241.974) (36.072, 241.974) on layer: M1
Net VSS: dangling Wire at (465.588, 242.514) (465.588, 242.514) on layer: M1
Net VSS: dangling Wire at (102.168, 242.514) (102.168, 242.514) on layer: M1
Net VSS: dangling Wire at (36.072, 242.514) (36.072, 242.514) on layer: M1
Net VSS: dangling Wire at (529.524, 243.054) (529.524, 243.054) on layer: M1
Net VSS: dangling Wire at (465.588, 243.054) (465.588, 243.054) on layer: M1
Net VSS: dangling Wire at (102.168, 243.054) (102.168, 243.054) on layer: M1
Net VSS: dangling Wire at (33.912, 243.054) (33.912, 243.054) on layer: M1
Net VSS: dangling Wire at (36.072, 243.054) (36.072, 243.054) on layer: M1
Net VSS: dangling Wire at (529.524, 243.594) (529.524, 243.594) on layer: M1
Net VSS: dangling Wire at (465.588, 243.594) (465.588, 243.594) on layer: M1
Net VSS: dangling Wire at (102.168, 243.594) (102.168, 243.594) on layer: M1
Net VSS: dangling Wire at (33.912, 243.594) (33.912, 243.594) on layer: M1
Net VSS: dangling Wire at (36.072, 243.594) (36.072, 243.594) on layer: M1
Net VSS: dangling Wire at (529.524, 244.134) (529.524, 244.134) on layer: M1
Net VSS: dangling Wire at (465.588, 244.134) (465.588, 244.134) on layer: M1
Net VSS: dangling Wire at (102.168, 244.134) (102.168, 244.134) on layer: M1
Net VSS: dangling Wire at (33.912, 244.134) (33.912, 244.134) on layer: M1
Net VSS: dangling Wire at (36.072, 244.134) (36.072, 244.134) on layer: M1
Net VSS: dangling Wire at (529.524, 244.674) (529.524, 244.674) on layer: M1
Net VSS: dangling Wire at (465.588, 244.674) (465.588, 244.674) on layer: M1
Net VSS: dangling Wire at (102.168, 244.674) (102.168, 244.674) on layer: M1
Net VSS: dangling Wire at (33.912, 244.674) (33.912, 244.674) on layer: M1
Net VSS: dangling Wire at (36.072, 244.674) (36.072, 244.674) on layer: M1
Net VSS: dangling Wire at (529.524, 245.214) (529.524, 245.214) on layer: M1
Net VSS: dangling Wire at (465.588, 245.214) (465.588, 245.214) on layer: M1
Net VSS: dangling Wire at (102.168, 245.214) (102.168, 245.214) on layer: M1
Net VSS: dangling Wire at (33.912, 245.214) (33.912, 245.214) on layer: M1
Net VSS: dangling Wire at (36.072, 245.214) (36.072, 245.214) on layer: M1
Net VSS: dangling Wire at (529.524, 245.754) (529.524, 245.754) on layer: M1
Net VSS: dangling Wire at (465.588, 245.754) (465.588, 245.754) on layer: M1
Net VSS: dangling Wire at (102.168, 245.754) (102.168, 245.754) on layer: M1
Net VSS: dangling Wire at (33.912, 245.754) (33.912, 245.754) on layer: M1
Net VSS: dangling Wire at (36.072, 245.754) (36.072, 245.754) on layer: M1
Net VSS: dangling Wire at (529.524, 246.294) (529.524, 246.294) on layer: M1
Net VSS: dangling Wire at (465.588, 246.294) (465.588, 246.294) on layer: M1
Net VSS: dangling Wire at (102.168, 246.294) (102.168, 246.294) on layer: M1
Net VSS: dangling Wire at (33.912, 246.294) (33.912, 246.294) on layer: M1
Net VSS: dangling Wire at (36.072, 246.294) (36.072, 246.294) on layer: M1
Net VSS: dangling Wire at (529.524, 246.834) (529.524, 246.834) on layer: M1
Net VSS: dangling Wire at (465.588, 246.834) (465.588, 246.834) on layer: M1
Net VSS: dangling Wire at (102.168, 246.834) (102.168, 246.834) on layer: M1
Net VSS: dangling Wire at (33.912, 246.834) (33.912, 246.834) on layer: M1
Net VSS: dangling Wire at (36.072, 246.834) (36.072, 246.834) on layer: M1
Net VSS: dangling Wire at (529.524, 247.374) (529.524, 247.374) on layer: M1
Net VSS: dangling Wire at (465.588, 247.374) (465.588, 247.374) on layer: M1
Net VSS: dangling Wire at (102.168, 247.374) (102.168, 247.374) on layer: M1
Net VSS: dangling Wire at (33.912, 247.374) (33.912, 247.374) on layer: M1
Net VSS: dangling Wire at (36.072, 247.374) (36.072, 247.374) on layer: M1
Net VSS: dangling Wire at (529.524, 247.914) (529.524, 247.914) on layer: M1
Net VSS: dangling Wire at (465.588, 247.914) (465.588, 247.914) on layer: M1
Net VSS: dangling Wire at (102.168, 247.914) (102.168, 247.914) on layer: M1
Net VSS: dangling Wire at (33.912, 247.914) (33.912, 247.914) on layer: M1
Net VSS: dangling Wire at (36.072, 247.914) (36.072, 247.914) on layer: M1
Net VSS: dangling Wire at (529.524, 248.454) (529.524, 248.454) on layer: M1
Net VSS: dangling Wire at (465.588, 248.454) (465.588, 248.454) on layer: M1
Net VSS: dangling Wire at (102.168, 248.454) (102.168, 248.454) on layer: M1
Net VSS: dangling Wire at (33.912, 248.454) (33.912, 248.454) on layer: M1
Net VSS: dangling Wire at (36.072, 248.454) (36.072, 248.454) on layer: M1
Net VSS: dangling Wire at (529.524, 248.994) (529.524, 248.994) on layer: M1
Net VSS: dangling Wire at (465.588, 248.994) (465.588, 248.994) on layer: M1
Net VSS: dangling Wire at (102.168, 248.994) (102.168, 248.994) on layer: M1
Net VSS: dangling Wire at (33.912, 248.994) (33.912, 248.994) on layer: M1
Net VSS: dangling Wire at (36.072, 248.994) (36.072, 248.994) on layer: M1
Net VSS: dangling Wire at (529.524, 249.534) (529.524, 249.534) on layer: M1
Net VSS: dangling Wire at (465.588, 249.534) (465.588, 249.534) on layer: M1
Net VSS: dangling Wire at (102.168, 249.534) (102.168, 249.534) on layer: M1
Net VSS: dangling Wire at (33.912, 249.534) (33.912, 249.534) on layer: M1
Net VSS: dangling Wire at (36.072, 249.534) (36.072, 249.534) on layer: M1
Net VSS: dangling Wire at (529.524, 250.074) (529.524, 250.074) on layer: M1
Net VSS: dangling Wire at (465.588, 250.074) (465.588, 250.074) on layer: M1
Net VSS: dangling Wire at (102.168, 250.074) (102.168, 250.074) on layer: M1
Net VSS: dangling Wire at (33.912, 250.074) (33.912, 250.074) on layer: M1
Net VSS: dangling Wire at (36.072, 250.074) (36.072, 250.074) on layer: M1
Net VSS: dangling Wire at (529.524, 250.614) (529.524, 250.614) on layer: M1
Net VSS: dangling Wire at (465.588, 250.614) (465.588, 250.614) on layer: M1
Net VSS: dangling Wire at (102.168, 250.614) (102.168, 250.614) on layer: M1
Net VSS: dangling Wire at (33.912, 250.614) (33.912, 250.614) on layer: M1
Net VSS: dangling Wire at (36.072, 250.614) (36.072, 250.614) on layer: M1
Net VSS: dangling Wire at (529.524, 251.154) (529.524, 251.154) on layer: M1
Net VSS: dangling Wire at (465.588, 251.154) (465.588, 251.154) on layer: M1
Net VSS: dangling Wire at (102.168, 251.154) (102.168, 251.154) on layer: M1
Net VSS: dangling Wire at (33.912, 251.154) (33.912, 251.154) on layer: M1
Net VSS: dangling Wire at (36.072, 251.154) (36.072, 251.154) on layer: M1
Net VSS: dangling Wire at (529.524, 251.694) (529.524, 251.694) on layer: M1
Net VSS: dangling Wire at (465.588, 251.694) (465.588, 251.694) on layer: M1
Net VSS: dangling Wire at (102.168, 251.694) (102.168, 251.694) on layer: M1
Net VSS: dangling Wire at (33.912, 251.694) (33.912, 251.694) on layer: M1
Net VSS: dangling Wire at (36.072, 251.694) (36.072, 251.694) on layer: M1
Net VSS: dangling Wire at (529.524, 252.234) (529.524, 252.234) on layer: M1
Net VSS: dangling Wire at (465.588, 252.234) (465.588, 252.234) on layer: M1
Net VSS: dangling Wire at (102.168, 252.234) (102.168, 252.234) on layer: M1
Net VSS: dangling Wire at (33.912, 252.234) (33.912, 252.234) on layer: M1
Net VSS: dangling Wire at (36.072, 252.234) (36.072, 252.234) on layer: M1
Net VSS: dangling Wire at (529.524, 252.774) (529.524, 252.774) on layer: M1
Net VSS: dangling Wire at (465.588, 252.774) (465.588, 252.774) on layer: M1
Net VSS: dangling Wire at (102.168, 252.774) (102.168, 252.774) on layer: M1
Net VSS: dangling Wire at (33.912, 252.774) (33.912, 252.774) on layer: M1
Net VSS: dangling Wire at (36.072, 252.774) (36.072, 252.774) on layer: M1
Net VSS: dangling Wire at (529.524, 253.314) (529.524, 253.314) on layer: M1
Net VSS: dangling Wire at (465.588, 253.314) (465.588, 253.314) on layer: M1
Net VSS: dangling Wire at (102.168, 253.314) (102.168, 253.314) on layer: M1
Net VSS: dangling Wire at (33.912, 253.314) (33.912, 253.314) on layer: M1
Net VSS: dangling Wire at (36.072, 253.314) (36.072, 253.314) on layer: M1
Net VSS: dangling Wire at (529.524, 253.854) (529.524, 253.854) on layer: M1
Net VSS: dangling Wire at (465.588, 253.854) (465.588, 253.854) on layer: M1
Net VSS: dangling Wire at (102.168, 253.854) (102.168, 253.854) on layer: M1
Net VSS: dangling Wire at (33.912, 253.854) (33.912, 253.854) on layer: M1
Net VSS: dangling Wire at (36.072, 253.854) (36.072, 253.854) on layer: M1
Net VSS: dangling Wire at (529.524, 254.394) (529.524, 254.394) on layer: M1
Net VSS: dangling Wire at (465.588, 254.394) (465.588, 254.394) on layer: M1
Net VSS: dangling Wire at (102.168, 254.394) (102.168, 254.394) on layer: M1
Net VSS: dangling Wire at (33.912, 254.394) (33.912, 254.394) on layer: M1
Net VSS: dangling Wire at (36.072, 254.394) (36.072, 254.394) on layer: M1
Net VSS: dangling Wire at (529.524, 254.934) (529.524, 254.934) on layer: M1
Net VSS: dangling Wire at (465.588, 254.934) (465.588, 254.934) on layer: M1
Net VSS: dangling Wire at (102.168, 254.934) (102.168, 254.934) on layer: M1
Net VSS: dangling Wire at (33.912, 254.934) (33.912, 254.934) on layer: M1
Net VSS: dangling Wire at (36.072, 254.934) (36.072, 254.934) on layer: M1
Net VSS: dangling Wire at (529.524, 255.474) (529.524, 255.474) on layer: M1
Net VSS: dangling Wire at (465.588, 255.474) (465.588, 255.474) on layer: M1
Net VSS: dangling Wire at (102.168, 255.474) (102.168, 255.474) on layer: M1
Net VSS: dangling Wire at (33.912, 255.474) (33.912, 255.474) on layer: M1
Net VSS: dangling Wire at (36.072, 255.474) (36.072, 255.474) on layer: M1
Net VSS: dangling Wire at (529.524, 256.014) (529.524, 256.014) on layer: M1
Net VSS: dangling Wire at (465.588, 256.014) (465.588, 256.014) on layer: M1
Net VSS: dangling Wire at (102.168, 256.014) (102.168, 256.014) on layer: M1
Net VSS: dangling Wire at (36.072, 256.014) (36.072, 256.014) on layer: M1
Net VSS: dangling Wire at (529.524, 256.554) (529.524, 256.554) on layer: M1
Net VSS: dangling Wire at (465.588, 256.554) (465.588, 256.554) on layer: M1
Net VSS: dangling Wire at (102.168, 256.554) (102.168, 256.554) on layer: M1
Net VSS: dangling Wire at (33.912, 256.554) (33.912, 256.554) on layer: M1
Net VSS: dangling Wire at (36.072, 256.554) (36.072, 256.554) on layer: M1
Net VSS: dangling Wire at (529.524, 257.094) (529.524, 257.094) on layer: M1
Net VSS: dangling Wire at (465.588, 257.094) (465.588, 257.094) on layer: M1
Net VSS: dangling Wire at (102.168, 257.094) (102.168, 257.094) on layer: M1
Net VSS: dangling Wire at (33.912, 257.094) (33.912, 257.094) on layer: M1
Net VSS: dangling Wire at (36.072, 257.094) (36.072, 257.094) on layer: M1
Net VSS: dangling Wire at (529.524, 257.634) (529.524, 257.634) on layer: M1
Net VSS: dangling Wire at (465.588, 257.634) (465.588, 257.634) on layer: M1
Net VSS: dangling Wire at (102.168, 257.634) (102.168, 257.634) on layer: M1
Net VSS: dangling Wire at (33.912, 257.634) (33.912, 257.634) on layer: M1
Net VSS: dangling Wire at (36.072, 257.634) (36.072, 257.634) on layer: M1
Net VSS: dangling Wire at (529.524, 258.174) (529.524, 258.174) on layer: M1
Net VSS: dangling Wire at (465.588, 258.174) (465.588, 258.174) on layer: M1
Net VSS: dangling Wire at (102.168, 258.174) (102.168, 258.174) on layer: M1
Net VSS: dangling Wire at (33.912, 258.174) (33.912, 258.174) on layer: M1
Net VSS: dangling Wire at (36.072, 258.174) (36.072, 258.174) on layer: M1
Net VSS: dangling Wire at (529.524, 258.714) (529.524, 258.714) on layer: M1
Net VSS: dangling Wire at (465.588, 258.714) (465.588, 258.714) on layer: M1
Net VSS: dangling Wire at (102.168, 258.714) (102.168, 258.714) on layer: M1
Net VSS: dangling Wire at (33.912, 258.714) (33.912, 258.714) on layer: M1
Net VSS: dangling Wire at (36.072, 258.714) (36.072, 258.714) on layer: M1
Net VSS: dangling Wire at (529.524, 259.254) (529.524, 259.254) on layer: M1
Net VSS: dangling Wire at (465.588, 259.254) (465.588, 259.254) on layer: M1
Net VSS: dangling Wire at (102.168, 259.254) (102.168, 259.254) on layer: M1
Net VSS: dangling Wire at (33.912, 259.254) (33.912, 259.254) on layer: M1
Net VSS: dangling Wire at (36.072, 259.254) (36.072, 259.254) on layer: M1
Net VSS: dangling Wire at (529.524, 259.794) (529.524, 259.794) on layer: M1
Net VSS: dangling Wire at (465.588, 259.794) (465.588, 259.794) on layer: M1
Net VSS: dangling Wire at (102.168, 259.794) (102.168, 259.794) on layer: M1
Net VSS: dangling Wire at (33.912, 259.794) (33.912, 259.794) on layer: M1
Net VSS: dangling Wire at (36.072, 259.794) (36.072, 259.794) on layer: M1
Net VSS: dangling Wire at (529.524, 260.334) (529.524, 260.334) on layer: M1
Net VSS: dangling Wire at (465.588, 260.334) (465.588, 260.334) on layer: M1
Net VSS: dangling Wire at (102.168, 260.334) (102.168, 260.334) on layer: M1
Net VSS: dangling Wire at (33.912, 260.334) (33.912, 260.334) on layer: M1
Net VSS: dangling Wire at (36.072, 260.334) (36.072, 260.334) on layer: M1
Net VSS: dangling Wire at (529.524, 260.874) (529.524, 260.874) on layer: M1
Net VSS: dangling Wire at (465.588, 260.874) (465.588, 260.874) on layer: M1
Net VSS: dangling Wire at (102.168, 260.874) (102.168, 260.874) on layer: M1
Net VSS: dangling Wire at (33.912, 260.874) (33.912, 260.874) on layer: M1
Net VSS: dangling Wire at (36.072, 260.874) (36.072, 260.874) on layer: M1
Net VSS: dangling Wire at (529.524, 261.414) (529.524, 261.414) on layer: M1
Net VSS: dangling Wire at (465.588, 261.414) (465.588, 261.414) on layer: M1
Net VSS: dangling Wire at (102.168, 261.414) (102.168, 261.414) on layer: M1
Net VSS: dangling Wire at (33.912, 261.414) (33.912, 261.414) on layer: M1
Net VSS: dangling Wire at (36.072, 261.414) (36.072, 261.414) on layer: M1
Net VSS: dangling Wire at (529.524, 261.954) (529.524, 261.954) on layer: M1
Net VSS: dangling Wire at (465.588, 261.954) (465.588, 261.954) on layer: M1
Net VSS: dangling Wire at (102.168, 261.954) (102.168, 261.954) on layer: M1
Net VSS: dangling Wire at (33.912, 261.954) (33.912, 261.954) on layer: M1
Net VSS: dangling Wire at (36.072, 261.954) (36.072, 261.954) on layer: M1
Net VSS: dangling Wire at (529.524, 262.494) (529.524, 262.494) on layer: M1
Net VSS: dangling Wire at (465.588, 262.494) (465.588, 262.494) on layer: M1
Net VSS: dangling Wire at (102.168, 262.494) (102.168, 262.494) on layer: M1
Net VSS: dangling Wire at (33.912, 262.494) (33.912, 262.494) on layer: M1
Net VSS: dangling Wire at (36.072, 262.494) (36.072, 262.494) on layer: M1
Net VSS: dangling Wire at (529.524, 263.034) (529.524, 263.034) on layer: M1
Net VSS: dangling Wire at (465.588, 263.034) (465.588, 263.034) on layer: M1
Net VSS: dangling Wire at (102.168, 263.034) (102.168, 263.034) on layer: M1
Net VSS: dangling Wire at (33.912, 263.034) (33.912, 263.034) on layer: M1
Net VSS: dangling Wire at (36.072, 263.034) (36.072, 263.034) on layer: M1
Net VSS: dangling Wire at (529.524, 263.574) (529.524, 263.574) on layer: M1
Net VSS: dangling Wire at (465.588, 263.574) (465.588, 263.574) on layer: M1
Net VSS: dangling Wire at (102.168, 263.574) (102.168, 263.574) on layer: M1
Net VSS: dangling Wire at (33.912, 263.574) (33.912, 263.574) on layer: M1
Net VSS: dangling Wire at (36.072, 263.574) (36.072, 263.574) on layer: M1
Net VSS: dangling Wire at (465.588, 264.114) (465.588, 264.114) on layer: M1
Net VSS: dangling Wire at (102.168, 264.114) (102.168, 264.114) on layer: M1
Net VSS: dangling Wire at (33.912, 264.114) (33.912, 264.114) on layer: M1
Net VSS: dangling Wire at (36.072, 264.114) (36.072, 264.114) on layer: M1
Net VSS: dangling Wire at (529.524, 264.654) (529.524, 264.654) on layer: M1
Net VSS: dangling Wire at (102.168, 264.654) (102.168, 264.654) on layer: M1
Net VSS: dangling Wire at (33.912, 264.654) (33.912, 264.654) on layer: M1
Net VSS: dangling Wire at (36.072, 264.654) (36.072, 264.654) on layer: M1
Net VSS: dangling Wire at (529.524, 265.194) (529.524, 265.194) on layer: M1
Net VSS: dangling Wire at (465.588, 265.194) (465.588, 265.194) on layer: M1
Net VSS: dangling Wire at (102.168, 265.194) (102.168, 265.194) on layer: M1
Net VSS: dangling Wire at (33.912, 265.194) (33.912, 265.194) on layer: M1
Net VSS: dangling Wire at (36.072, 265.194) (36.072, 265.194) on layer: M1
Net VSS: dangling Wire at (529.524, 265.734) (529.524, 265.734) on layer: M1
Net VSS: dangling Wire at (465.588, 265.734) (465.588, 265.734) on layer: M1
Net VSS: dangling Wire at (102.168, 265.734) (102.168, 265.734) on layer: M1
Net VSS: dangling Wire at (33.912, 265.734) (33.912, 265.734) on layer: M1
Net VSS: dangling Wire at (36.072, 265.734) (36.072, 265.734) on layer: M1
Net VSS: dangling Wire at (529.524, 266.274) (529.524, 266.274) on layer: M1
Net VSS: dangling Wire at (465.588, 266.274) (465.588, 266.274) on layer: M1
Net VSS: dangling Wire at (102.168, 266.274) (102.168, 266.274) on layer: M1
Net VSS: dangling Wire at (33.912, 266.274) (33.912, 266.274) on layer: M1
Net VSS: dangling Wire at (36.072, 266.274) (36.072, 266.274) on layer: M1
Net VSS: dangling Wire at (529.524, 266.814) (529.524, 266.814) on layer: M1
Net VSS: dangling Wire at (465.588, 266.814) (465.588, 266.814) on layer: M1
Net VSS: dangling Wire at (102.168, 266.814) (102.168, 266.814) on layer: M1
Net VSS: dangling Wire at (33.912, 266.814) (33.912, 266.814) on layer: M1
Net VSS: dangling Wire at (36.072, 266.814) (36.072, 266.814) on layer: M1
Net VSS: dangling Wire at (529.524, 267.354) (529.524, 267.354) on layer: M1
Net VSS: dangling Wire at (465.588, 267.354) (465.588, 267.354) on layer: M1
Net VSS: dangling Wire at (102.168, 267.354) (102.168, 267.354) on layer: M1
Net VSS: dangling Wire at (33.912, 267.354) (33.912, 267.354) on layer: M1
Net VSS: dangling Wire at (36.072, 267.354) (36.072, 267.354) on layer: M1
Net VSS: dangling Wire at (529.524, 267.894) (529.524, 267.894) on layer: M1
Net VSS: dangling Wire at (465.588, 267.894) (465.588, 267.894) on layer: M1
Net VSS: dangling Wire at (102.168, 267.894) (102.168, 267.894) on layer: M1
Net VSS: dangling Wire at (33.912, 267.894) (33.912, 267.894) on layer: M1
Net VSS: dangling Wire at (36.072, 267.894) (36.072, 267.894) on layer: M1
Net VSS: dangling Wire at (529.524, 268.434) (529.524, 268.434) on layer: M1
Net VSS: dangling Wire at (465.588, 268.434) (465.588, 268.434) on layer: M1
Net VSS: dangling Wire at (102.168, 268.434) (102.168, 268.434) on layer: M1
Net VSS: dangling Wire at (33.912, 268.434) (33.912, 268.434) on layer: M1
Net VSS: dangling Wire at (36.072, 268.434) (36.072, 268.434) on layer: M1
Net VSS: dangling Wire at (529.524, 268.974) (529.524, 268.974) on layer: M1
Net VSS: dangling Wire at (465.588, 268.974) (465.588, 268.974) on layer: M1
Net VSS: dangling Wire at (102.168, 268.974) (102.168, 268.974) on layer: M1
Net VSS: dangling Wire at (33.912, 268.974) (33.912, 268.974) on layer: M1
Net VSS: dangling Wire at (36.072, 268.974) (36.072, 268.974) on layer: M1
Net VSS: dangling Wire at (529.524, 269.514) (529.524, 269.514) on layer: M1
Net VSS: dangling Wire at (465.588, 269.514) (465.588, 269.514) on layer: M1
Net VSS: dangling Wire at (102.168, 269.514) (102.168, 269.514) on layer: M1
Net VSS: dangling Wire at (33.912, 269.514) (33.912, 269.514) on layer: M1
Net VSS: dangling Wire at (36.072, 269.514) (36.072, 269.514) on layer: M1
Net VSS: dangling Wire at (529.524, 270.054) (529.524, 270.054) on layer: M1
Net VSS: dangling Wire at (465.588, 270.054) (465.588, 270.054) on layer: M1
Net VSS: dangling Wire at (102.168, 270.054) (102.168, 270.054) on layer: M1
Net VSS: dangling Wire at (33.912, 270.054) (33.912, 270.054) on layer: M1
Net VSS: dangling Wire at (36.072, 270.054) (36.072, 270.054) on layer: M1
Net VSS: dangling Wire at (529.524, 270.594) (529.524, 270.594) on layer: M1
Net VSS: dangling Wire at (465.588, 270.594) (465.588, 270.594) on layer: M1
Net VSS: dangling Wire at (102.168, 270.594) (102.168, 270.594) on layer: M1
Net VSS: dangling Wire at (33.912, 270.594) (33.912, 270.594) on layer: M1
Net VSS: dangling Wire at (36.072, 270.594) (36.072, 270.594) on layer: M1
Net VSS: dangling Wire at (529.524, 271.134) (529.524, 271.134) on layer: M1
Net VSS: dangling Wire at (465.588, 271.134) (465.588, 271.134) on layer: M1
Net VSS: dangling Wire at (102.168, 271.134) (102.168, 271.134) on layer: M1
Net VSS: dangling Wire at (33.912, 271.134) (33.912, 271.134) on layer: M1
Net VSS: dangling Wire at (36.072, 271.134) (36.072, 271.134) on layer: M1
Net VSS: dangling Wire at (529.524, 271.674) (529.524, 271.674) on layer: M1
Net VSS: dangling Wire at (465.588, 271.674) (465.588, 271.674) on layer: M1
Net VSS: dangling Wire at (102.168, 271.674) (102.168, 271.674) on layer: M1
Net VSS: dangling Wire at (33.912, 271.674) (33.912, 271.674) on layer: M1
Net VSS: dangling Wire at (36.072, 271.674) (36.072, 271.674) on layer: M1
Net VSS: dangling Wire at (529.524, 272.214) (529.524, 272.214) on layer: M1
Net VSS: dangling Wire at (465.588, 272.214) (465.588, 272.214) on layer: M1
Net VSS: dangling Wire at (102.168, 272.214) (102.168, 272.214) on layer: M1
Net VSS: dangling Wire at (33.912, 272.214) (33.912, 272.214) on layer: M1
Net VSS: dangling Wire at (36.072, 272.214) (36.072, 272.214) on layer: M1
Net VSS: dangling Wire at (529.524, 272.754) (529.524, 272.754) on layer: M1
Net VSS: dangling Wire at (465.588, 272.754) (465.588, 272.754) on layer: M1
Net VSS: dangling Wire at (102.168, 272.754) (102.168, 272.754) on layer: M1
Net VSS: dangling Wire at (33.912, 272.754) (33.912, 272.754) on layer: M1
Net VSS: dangling Wire at (36.072, 272.754) (36.072, 272.754) on layer: M1
Net VSS: dangling Wire at (529.524, 273.294) (529.524, 273.294) on layer: M1
Net VSS: dangling Wire at (465.588, 273.294) (465.588, 273.294) on layer: M1
Net VSS: dangling Wire at (102.168, 273.294) (102.168, 273.294) on layer: M1
Net VSS: dangling Wire at (33.912, 273.294) (33.912, 273.294) on layer: M1
Net VSS: dangling Wire at (36.072, 273.294) (36.072, 273.294) on layer: M1
Net VSS: dangling Wire at (529.524, 273.834) (529.524, 273.834) on layer: M1
Net VSS: dangling Wire at (465.588, 273.834) (465.588, 273.834) on layer: M1
Net VSS: dangling Wire at (102.168, 273.834) (102.168, 273.834) on layer: M1
Net VSS: dangling Wire at (33.912, 273.834) (33.912, 273.834) on layer: M1
Net VSS: dangling Wire at (36.072, 273.834) (36.072, 273.834) on layer: M1
Net VSS: dangling Wire at (529.524, 274.374) (529.524, 274.374) on layer: M1
Net VSS: dangling Wire at (465.588, 274.374) (465.588, 274.374) on layer: M1
Net VSS: dangling Wire at (102.168, 274.374) (102.168, 274.374) on layer: M1
Net VSS: dangling Wire at (33.912, 274.374) (33.912, 274.374) on layer: M1
Net VSS: dangling Wire at (36.072, 274.374) (36.072, 274.374) on layer: M1
Net VSS: dangling Wire at (529.524, 274.914) (529.524, 274.914) on layer: M1
Net VSS: dangling Wire at (465.588, 274.914) (465.588, 274.914) on layer: M1
Net VSS: dangling Wire at (102.168, 274.914) (102.168, 274.914) on layer: M1
Net VSS: dangling Wire at (33.912, 274.914) (33.912, 274.914) on layer: M1
Net VSS: dangling Wire at (36.072, 274.914) (36.072, 274.914) on layer: M1
Net VSS: dangling Wire at (529.524, 275.454) (529.524, 275.454) on layer: M1
Net VSS: dangling Wire at (465.588, 275.454) (465.588, 275.454) on layer: M1
Net VSS: dangling Wire at (102.168, 275.454) (102.168, 275.454) on layer: M1
Net VSS: dangling Wire at (33.912, 275.454) (33.912, 275.454) on layer: M1
Net VSS: dangling Wire at (36.072, 275.454) (36.072, 275.454) on layer: M1
Net VSS: dangling Wire at (529.524, 275.994) (529.524, 275.994) on layer: M1
Net VSS: dangling Wire at (465.588, 275.994) (465.588, 275.994) on layer: M1
Net VSS: dangling Wire at (102.168, 275.994) (102.168, 275.994) on layer: M1
Net VSS: dangling Wire at (33.912, 275.994) (33.912, 275.994) on layer: M1
Net VSS: dangling Wire at (36.072, 275.994) (36.072, 275.994) on layer: M1
Net VSS: dangling Wire at (529.524, 276.534) (529.524, 276.534) on layer: M1
Net VSS: dangling Wire at (465.588, 276.534) (465.588, 276.534) on layer: M1
Net VSS: dangling Wire at (102.168, 276.534) (102.168, 276.534) on layer: M1
Net VSS: dangling Wire at (33.912, 276.534) (33.912, 276.534) on layer: M1
Net VSS: dangling Wire at (36.072, 276.534) (36.072, 276.534) on layer: M1
Net VSS: dangling Wire at (529.524, 277.074) (529.524, 277.074) on layer: M1
Net VSS: dangling Wire at (465.588, 277.074) (465.588, 277.074) on layer: M1
Net VSS: dangling Wire at (102.168, 277.074) (102.168, 277.074) on layer: M1
Net VSS: dangling Wire at (33.912, 277.074) (33.912, 277.074) on layer: M1
Net VSS: dangling Wire at (36.072, 277.074) (36.072, 277.074) on layer: M1
Net VSS: dangling Wire at (529.524, 277.614) (529.524, 277.614) on layer: M1
Net VSS: dangling Wire at (465.588, 277.614) (465.588, 277.614) on layer: M1
Net VSS: dangling Wire at (102.168, 277.614) (102.168, 277.614) on layer: M1
Net VSS: dangling Wire at (33.912, 277.614) (33.912, 277.614) on layer: M1
Net VSS: dangling Wire at (36.072, 277.614) (36.072, 277.614) on layer: M1
Net VSS: dangling Wire at (529.524, 278.154) (529.524, 278.154) on layer: M1
Net VSS: dangling Wire at (465.588, 278.154) (465.588, 278.154) on layer: M1
Net VSS: dangling Wire at (102.168, 278.154) (102.168, 278.154) on layer: M1
Net VSS: dangling Wire at (33.912, 278.154) (33.912, 278.154) on layer: M1
Net VSS: dangling Wire at (36.072, 278.154) (36.072, 278.154) on layer: M1
Net VSS: dangling Wire at (529.524, 278.694) (529.524, 278.694) on layer: M1
Net VSS: dangling Wire at (465.588, 278.694) (465.588, 278.694) on layer: M1
Net VSS: dangling Wire at (102.168, 278.694) (102.168, 278.694) on layer: M1
Net VSS: dangling Wire at (33.912, 278.694) (33.912, 278.694) on layer: M1
Net VSS: dangling Wire at (36.072, 278.694) (36.072, 278.694) on layer: M1
Net VSS: dangling Wire at (529.524, 279.234) (529.524, 279.234) on layer: M1
Net VSS: dangling Wire at (102.168, 279.234) (102.168, 279.234) on layer: M1
Net VSS: dangling Wire at (33.912, 279.234) (33.912, 279.234) on layer: M1
Net VSS: dangling Wire at (36.072, 279.234) (36.072, 279.234) on layer: M1
Net VSS: dangling Wire at (529.524, 279.774) (529.524, 279.774) on layer: M1
Net VSS: dangling Wire at (465.588, 279.774) (465.588, 279.774) on layer: M1
Net VSS: dangling Wire at (102.168, 279.774) (102.168, 279.774) on layer: M1
Net VSS: dangling Wire at (33.912, 279.774) (33.912, 279.774) on layer: M1
Net VSS: dangling Wire at (36.072, 279.774) (36.072, 279.774) on layer: M1
Net VSS: dangling Wire at (529.524, 280.314) (529.524, 280.314) on layer: M1
Net VSS: dangling Wire at (465.588, 280.314) (465.588, 280.314) on layer: M1
Net VSS: dangling Wire at (33.912, 280.314) (33.912, 280.314) on layer: M1
Net VSS: dangling Wire at (36.072, 280.314) (36.072, 280.314) on layer: M1
Net VSS: dangling Wire at (529.524, 280.854) (529.524, 280.854) on layer: M1
Net VSS: dangling Wire at (465.588, 280.854) (465.588, 280.854) on layer: M1
Net VSS: dangling Wire at (102.168, 280.854) (102.168, 280.854) on layer: M1
Net VSS: dangling Wire at (33.912, 280.854) (33.912, 280.854) on layer: M1
Net VSS: dangling Wire at (36.072, 280.854) (36.072, 280.854) on layer: M1
Net VSS: dangling Wire at (529.524, 281.394) (529.524, 281.394) on layer: M1
Net VSS: dangling Wire at (465.588, 281.394) (465.588, 281.394) on layer: M1
Net VSS: dangling Wire at (102.168, 281.394) (102.168, 281.394) on layer: M1
Net VSS: dangling Wire at (33.912, 281.394) (33.912, 281.394) on layer: M1
Net VSS: dangling Wire at (36.072, 281.394) (36.072, 281.394) on layer: M1
Net VSS: dangling Wire at (529.524, 281.934) (529.524, 281.934) on layer: M1
Net VSS: dangling Wire at (465.588, 281.934) (465.588, 281.934) on layer: M1
Net VSS: dangling Wire at (102.168, 281.934) (102.168, 281.934) on layer: M1
Net VSS: dangling Wire at (33.912, 281.934) (33.912, 281.934) on layer: M1
Net VSS: dangling Wire at (36.072, 281.934) (36.072, 281.934) on layer: M1
Net VSS: dangling Wire at (529.524, 282.474) (529.524, 282.474) on layer: M1
Net VSS: dangling Wire at (465.588, 282.474) (465.588, 282.474) on layer: M1
Net VSS: dangling Wire at (102.168, 282.474) (102.168, 282.474) on layer: M1
Net VSS: dangling Wire at (33.912, 282.474) (33.912, 282.474) on layer: M1
Net VSS: dangling Wire at (36.072, 282.474) (36.072, 282.474) on layer: M1
Net VSS: dangling Wire at (529.524, 283.014) (529.524, 283.014) on layer: M1
Net VSS: dangling Wire at (465.588, 283.014) (465.588, 283.014) on layer: M1
Net VSS: dangling Wire at (102.168, 283.014) (102.168, 283.014) on layer: M1
Net VSS: dangling Wire at (33.912, 283.014) (33.912, 283.014) on layer: M1
Net VSS: dangling Wire at (36.072, 283.014) (36.072, 283.014) on layer: M1
Net VSS: dangling Wire at (529.524, 283.554) (529.524, 283.554) on layer: M1
Net VSS: dangling Wire at (465.588, 283.554) (465.588, 283.554) on layer: M1
Net VSS: dangling Wire at (33.912, 283.554) (33.912, 283.554) on layer: M1
Net VSS: dangling Wire at (36.072, 283.554) (36.072, 283.554) on layer: M1
Net VSS: dangling Wire at (529.524, 284.094) (529.524, 284.094) on layer: M1
Net VSS: dangling Wire at (465.588, 284.094) (465.588, 284.094) on layer: M1
Net VSS: dangling Wire at (102.168, 284.094) (102.168, 284.094) on layer: M1
Net VSS: dangling Wire at (33.912, 284.094) (33.912, 284.094) on layer: M1
Net VSS: dangling Wire at (36.072, 284.094) (36.072, 284.094) on layer: M1
Net VSS: dangling Wire at (529.524, 284.634) (529.524, 284.634) on layer: M1
Net VSS: dangling Wire at (465.588, 284.634) (465.588, 284.634) on layer: M1
Net VSS: dangling Wire at (102.168, 284.634) (102.168, 284.634) on layer: M1
Net VSS: dangling Wire at (33.912, 284.634) (33.912, 284.634) on layer: M1
Net VSS: dangling Wire at (36.072, 284.634) (36.072, 284.634) on layer: M1
Net VSS: dangling Wire at (529.524, 285.174) (529.524, 285.174) on layer: M1
Net VSS: dangling Wire at (465.588, 285.174) (465.588, 285.174) on layer: M1
Net VSS: dangling Wire at (102.168, 285.174) (102.168, 285.174) on layer: M1
Net VSS: dangling Wire at (33.912, 285.174) (33.912, 285.174) on layer: M1
Net VSS: dangling Wire at (36.072, 285.174) (36.072, 285.174) on layer: M1
Net VSS: dangling Wire at (529.524, 285.714) (529.524, 285.714) on layer: M1
Net VSS: dangling Wire at (465.588, 285.714) (465.588, 285.714) on layer: M1
Net VSS: dangling Wire at (102.168, 285.714) (102.168, 285.714) on layer: M1
Net VSS: dangling Wire at (33.912, 285.714) (33.912, 285.714) on layer: M1
Net VSS: dangling Wire at (36.072, 285.714) (36.072, 285.714) on layer: M1
Net VSS: dangling Wire at (465.588, 286.254) (465.588, 286.254) on layer: M1
Net VSS: dangling Wire at (33.912, 286.254) (33.912, 286.254) on layer: M1
Net VSS: dangling Wire at (36.072, 286.254) (36.072, 286.254) on layer: M1
Net VSS: dangling Wire at (465.588, 286.794) (465.588, 286.794) on layer: M1
Net VSS: dangling Wire at (102.168, 286.794) (102.168, 286.794) on layer: M1
Net VSS: dangling Wire at (33.912, 286.794) (33.912, 286.794) on layer: M1
Net VSS: dangling Wire at (36.072, 286.794) (36.072, 286.794) on layer: M1
Net VSS: dangling Wire at (465.588, 287.334) (465.588, 287.334) on layer: M1
Net VSS: dangling Wire at (102.168, 287.334) (102.168, 287.334) on layer: M1
Net VSS: dangling Wire at (33.912, 287.334) (33.912, 287.334) on layer: M1
Net VSS: dangling Wire at (36.072, 287.334) (36.072, 287.334) on layer: M1
Net VSS: dangling Wire at (529.524, 287.874) (529.524, 287.874) on layer: M1
Net VSS: dangling Wire at (465.588, 287.874) (465.588, 287.874) on layer: M1
Net VSS: dangling Wire at (102.168, 287.874) (102.168, 287.874) on layer: M1
Net VSS: dangling Wire at (33.912, 287.874) (33.912, 287.874) on layer: M1
Net VSS: dangling Wire at (36.072, 287.874) (36.072, 287.874) on layer: M1
Net VSS: dangling Wire at (529.524, 288.414) (529.524, 288.414) on layer: M1
Net VSS: dangling Wire at (465.588, 288.414) (465.588, 288.414) on layer: M1
Net VSS: dangling Wire at (102.168, 288.414) (102.168, 288.414) on layer: M1
Net VSS: dangling Wire at (33.912, 288.414) (33.912, 288.414) on layer: M1
Net VSS: dangling Wire at (36.072, 288.414) (36.072, 288.414) on layer: M1
Net VSS: dangling Wire at (529.524, 288.954) (529.524, 288.954) on layer: M1
Net VSS: dangling Wire at (465.588, 288.954) (465.588, 288.954) on layer: M1
Net VSS: dangling Wire at (102.168, 288.954) (102.168, 288.954) on layer: M1
Net VSS: dangling Wire at (33.912, 288.954) (33.912, 288.954) on layer: M1
Net VSS: dangling Wire at (36.072, 288.954) (36.072, 288.954) on layer: M1
Net VSS: dangling Wire at (529.524, 289.494) (529.524, 289.494) on layer: M1
Net VSS: dangling Wire at (465.588, 289.494) (465.588, 289.494) on layer: M1
Net VSS: dangling Wire at (102.168, 289.494) (102.168, 289.494) on layer: M1
Net VSS: dangling Wire at (33.912, 289.494) (33.912, 289.494) on layer: M1
Net VSS: dangling Wire at (36.072, 289.494) (36.072, 289.494) on layer: M1
Net VSS: dangling Wire at (529.524, 290.034) (529.524, 290.034) on layer: M1
Net VSS: dangling Wire at (465.588, 290.034) (465.588, 290.034) on layer: M1
Net VSS: dangling Wire at (102.168, 290.034) (102.168, 290.034) on layer: M1
Net VSS: dangling Wire at (33.912, 290.034) (33.912, 290.034) on layer: M1
Net VSS: dangling Wire at (36.072, 290.034) (36.072, 290.034) on layer: M1
Net VSS: dangling Wire at (529.524, 290.574) (529.524, 290.574) on layer: M1
Net VSS: dangling Wire at (465.588, 290.574) (465.588, 290.574) on layer: M1
Net VSS: dangling Wire at (102.168, 290.574) (102.168, 290.574) on layer: M1
Net VSS: dangling Wire at (33.912, 290.574) (33.912, 290.574) on layer: M1
Net VSS: dangling Wire at (36.072, 290.574) (36.072, 290.574) on layer: M1
Net VSS: dangling Wire at (529.524, 291.114) (529.524, 291.114) on layer: M1
Net VSS: dangling Wire at (465.588, 291.114) (465.588, 291.114) on layer: M1
Net VSS: dangling Wire at (102.168, 291.114) (102.168, 291.114) on layer: M1
Net VSS: dangling Wire at (33.912, 291.114) (33.912, 291.114) on layer: M1
Net VSS: dangling Wire at (36.072, 291.114) (36.072, 291.114) on layer: M1
Net VSS: dangling Wire at (529.524, 291.654) (529.524, 291.654) on layer: M1
Net VSS: dangling Wire at (465.588, 291.654) (465.588, 291.654) on layer: M1
Net VSS: dangling Wire at (102.168, 291.654) (102.168, 291.654) on layer: M1
Net VSS: dangling Wire at (33.912, 291.654) (33.912, 291.654) on layer: M1
Net VSS: dangling Wire at (36.072, 291.654) (36.072, 291.654) on layer: M1
Net VSS: dangling Wire at (529.524, 292.194) (529.524, 292.194) on layer: M1
Net VSS: dangling Wire at (465.588, 292.194) (465.588, 292.194) on layer: M1
Net VSS: dangling Wire at (102.168, 292.194) (102.168, 292.194) on layer: M1
Net VSS: dangling Wire at (33.912, 292.194) (33.912, 292.194) on layer: M1
Net VSS: dangling Wire at (36.072, 292.194) (36.072, 292.194) on layer: M1
Net VSS: dangling Wire at (529.524, 292.734) (529.524, 292.734) on layer: M1
Net VSS: dangling Wire at (465.588, 292.734) (465.588, 292.734) on layer: M1
Net VSS: dangling Wire at (102.168, 292.734) (102.168, 292.734) on layer: M1
Net VSS: dangling Wire at (36.072, 292.734) (36.072, 292.734) on layer: M1
Net VSS: dangling Wire at (529.524, 293.274) (529.524, 293.274) on layer: M1
Net VSS: dangling Wire at (465.588, 293.274) (465.588, 293.274) on layer: M1
Net VSS: dangling Wire at (102.168, 293.274) (102.168, 293.274) on layer: M1
Net VSS: dangling Wire at (33.912, 293.274) (33.912, 293.274) on layer: M1
Net VSS: dangling Wire at (36.072, 293.274) (36.072, 293.274) on layer: M1
Net VSS: dangling Wire at (529.524, 293.814) (529.524, 293.814) on layer: M1
Net VSS: dangling Wire at (465.588, 293.814) (465.588, 293.814) on layer: M1
Net VSS: dangling Wire at (36.072, 293.814) (36.072, 293.814) on layer: M1
Net VSS: dangling Wire at (529.524, 294.354) (529.524, 294.354) on layer: M1
Net VSS: dangling Wire at (465.588, 294.354) (465.588, 294.354) on layer: M1
Net VSS: dangling Wire at (102.168, 294.354) (102.168, 294.354) on layer: M1
Net VSS: dangling Wire at (33.912, 294.354) (33.912, 294.354) on layer: M1
Net VSS: dangling Wire at (36.072, 294.354) (36.072, 294.354) on layer: M1
Net VSS: dangling Wire at (529.524, 294.894) (529.524, 294.894) on layer: M1
Net VSS: dangling Wire at (465.588, 294.894) (465.588, 294.894) on layer: M1
Net VSS: dangling Wire at (102.168, 294.894) (102.168, 294.894) on layer: M1
Net VSS: dangling Wire at (36.072, 294.894) (36.072, 294.894) on layer: M1
Net VSS: dangling Wire at (529.524, 295.434) (529.524, 295.434) on layer: M1
Net VSS: dangling Wire at (465.588, 295.434) (465.588, 295.434) on layer: M1
Net VSS: dangling Wire at (102.168, 295.434) (102.168, 295.434) on layer: M1
Net VSS: dangling Wire at (36.072, 295.434) (36.072, 295.434) on layer: M1
Net VSS: dangling Wire at (529.524, 295.974) (529.524, 295.974) on layer: M1
Net VSS: dangling Wire at (465.588, 295.974) (465.588, 295.974) on layer: M1
Net VSS: dangling Wire at (102.168, 295.974) (102.168, 295.974) on layer: M1
Net VSS: dangling Wire at (33.912, 295.974) (33.912, 295.974) on layer: M1
Net VSS: dangling Wire at (36.072, 295.974) (36.072, 295.974) on layer: M1
Net VSS: dangling Wire at (529.524, 296.514) (529.524, 296.514) on layer: M1
Net VSS: dangling Wire at (465.588, 296.514) (465.588, 296.514) on layer: M1
Net VSS: dangling Wire at (102.168, 296.514) (102.168, 296.514) on layer: M1
Net VSS: dangling Wire at (33.912, 296.514) (33.912, 296.514) on layer: M1
Net VSS: dangling Wire at (36.072, 296.514) (36.072, 296.514) on layer: M1
Net VSS: dangling Wire at (529.524, 297.054) (529.524, 297.054) on layer: M1
Net VSS: dangling Wire at (465.588, 297.054) (465.588, 297.054) on layer: M1
Net VSS: dangling Wire at (102.168, 297.054) (102.168, 297.054) on layer: M1
Net VSS: dangling Wire at (33.912, 297.054) (33.912, 297.054) on layer: M1
Net VSS: dangling Wire at (36.072, 297.054) (36.072, 297.054) on layer: M1
Net VSS: dangling Wire at (529.524, 297.594) (529.524, 297.594) on layer: M1
Net VSS: dangling Wire at (465.588, 297.594) (465.588, 297.594) on layer: M1
Net VSS: dangling Wire at (102.168, 297.594) (102.168, 297.594) on layer: M1
Net VSS: dangling Wire at (33.912, 297.594) (33.912, 297.594) on layer: M1
Net VSS: dangling Wire at (36.072, 297.594) (36.072, 297.594) on layer: M1
Net VSS: dangling Wire at (529.524, 298.134) (529.524, 298.134) on layer: M1
Net VSS: dangling Wire at (465.588, 298.134) (465.588, 298.134) on layer: M1
Net VSS: dangling Wire at (102.168, 298.134) (102.168, 298.134) on layer: M1
Net VSS: dangling Wire at (36.072, 298.134) (36.072, 298.134) on layer: M1
Net VSS: dangling Wire at (529.524, 298.674) (529.524, 298.674) on layer: M1
Net VSS: dangling Wire at (465.588, 298.674) (465.588, 298.674) on layer: M1
Net VSS: dangling Wire at (102.168, 298.674) (102.168, 298.674) on layer: M1
Net VSS: dangling Wire at (33.912, 298.674) (33.912, 298.674) on layer: M1
Net VSS: dangling Wire at (36.072, 298.674) (36.072, 298.674) on layer: M1
Net VSS: dangling Wire at (529.524, 299.214) (529.524, 299.214) on layer: M1
Net VSS: dangling Wire at (465.588, 299.214) (465.588, 299.214) on layer: M1
Net VSS: dangling Wire at (102.168, 299.214) (102.168, 299.214) on layer: M1
Net VSS: dangling Wire at (33.912, 299.214) (33.912, 299.214) on layer: M1
Net VSS: dangling Wire at (36.072, 299.214) (36.072, 299.214) on layer: M1
Net VSS: dangling Wire at (529.524, 299.754) (529.524, 299.754) on layer: M1
Net VSS: dangling Wire at (465.588, 299.754) (465.588, 299.754) on layer: M1
Net VSS: dangling Wire at (102.168, 299.754) (102.168, 299.754) on layer: M1
Net VSS: dangling Wire at (36.072, 299.754) (36.072, 299.754) on layer: M1
Net VSS: dangling Wire at (529.524, 300.294) (529.524, 300.294) on layer: M1
Net VSS: dangling Wire at (465.588, 300.294) (465.588, 300.294) on layer: M1
Net VSS: dangling Wire at (102.168, 300.294) (102.168, 300.294) on layer: M1
Net VSS: dangling Wire at (36.072, 300.294) (36.072, 300.294) on layer: M1
Net VSS: dangling Wire at (529.524, 300.834) (529.524, 300.834) on layer: M1
Net VSS: dangling Wire at (465.588, 300.834) (465.588, 300.834) on layer: M1
Net VSS: dangling Wire at (102.168, 300.834) (102.168, 300.834) on layer: M1
Net VSS: dangling Wire at (33.912, 300.834) (33.912, 300.834) on layer: M1
Net VSS: dangling Wire at (36.072, 300.834) (36.072, 300.834) on layer: M1
Net VSS: dangling Wire at (529.524, 301.374) (529.524, 301.374) on layer: M1
Net VSS: dangling Wire at (465.588, 301.374) (465.588, 301.374) on layer: M1
Net VSS: dangling Wire at (102.168, 301.374) (102.168, 301.374) on layer: M1
Net VSS: dangling Wire at (33.912, 301.374) (33.912, 301.374) on layer: M1
Net VSS: dangling Wire at (36.072, 301.374) (36.072, 301.374) on layer: M1
Net VSS: dangling Wire at (529.524, 301.914) (529.524, 301.914) on layer: M1
Net VSS: dangling Wire at (465.588, 301.914) (465.588, 301.914) on layer: M1
Net VSS: dangling Wire at (102.168, 301.914) (102.168, 301.914) on layer: M1
Net VSS: dangling Wire at (33.912, 301.914) (33.912, 301.914) on layer: M1
Net VSS: dangling Wire at (36.072, 301.914) (36.072, 301.914) on layer: M1
Net VSS: dangling Wire at (529.524, 302.454) (529.524, 302.454) on layer: M1
Net VSS: dangling Wire at (465.588, 302.454) (465.588, 302.454) on layer: M1
Net VSS: dangling Wire at (102.168, 302.454) (102.168, 302.454) on layer: M1
Net VSS: dangling Wire at (33.912, 302.454) (33.912, 302.454) on layer: M1
Net VSS: dangling Wire at (36.072, 302.454) (36.072, 302.454) on layer: M1
Net VSS: dangling Wire at (529.524, 302.994) (529.524, 302.994) on layer: M1
Net VSS: dangling Wire at (465.588, 302.994) (465.588, 302.994) on layer: M1
Net VSS: dangling Wire at (102.168, 302.994) (102.168, 302.994) on layer: M1
Net VSS: dangling Wire at (33.912, 302.994) (33.912, 302.994) on layer: M1
Net VSS: dangling Wire at (36.072, 302.994) (36.072, 302.994) on layer: M1
Net VSS: dangling Wire at (529.524, 303.534) (529.524, 303.534) on layer: M1
Net VSS: dangling Wire at (465.588, 303.534) (465.588, 303.534) on layer: M1
Net VSS: dangling Wire at (33.912, 303.534) (33.912, 303.534) on layer: M1
Net VSS: dangling Wire at (36.072, 303.534) (36.072, 303.534) on layer: M1
Net VSS: dangling Wire at (529.524, 304.074) (529.524, 304.074) on layer: M1
Net VSS: dangling Wire at (465.588, 304.074) (465.588, 304.074) on layer: M1
Net VSS: dangling Wire at (102.168, 304.074) (102.168, 304.074) on layer: M1
Net VSS: dangling Wire at (36.072, 304.074) (36.072, 304.074) on layer: M1
Net VSS: dangling Wire at (529.524, 304.614) (529.524, 304.614) on layer: M1
Net VSS: dangling Wire at (465.588, 304.614) (465.588, 304.614) on layer: M1
Net VSS: dangling Wire at (102.168, 304.614) (102.168, 304.614) on layer: M1
Net VSS: dangling Wire at (33.912, 304.614) (33.912, 304.614) on layer: M1
Net VSS: dangling Wire at (36.072, 304.614) (36.072, 304.614) on layer: M1
Net VSS: dangling Wire at (529.524, 305.154) (529.524, 305.154) on layer: M1
Net VSS: dangling Wire at (465.588, 305.154) (465.588, 305.154) on layer: M1
Net VSS: dangling Wire at (102.168, 305.154) (102.168, 305.154) on layer: M1
Net VSS: dangling Wire at (33.912, 305.154) (33.912, 305.154) on layer: M1
Net VSS: dangling Wire at (36.072, 305.154) (36.072, 305.154) on layer: M1
Net VSS: dangling Wire at (529.524, 305.694) (529.524, 305.694) on layer: M1
Net VSS: dangling Wire at (465.588, 305.694) (465.588, 305.694) on layer: M1
Net VSS: dangling Wire at (102.168, 305.694) (102.168, 305.694) on layer: M1
Net VSS: dangling Wire at (33.912, 305.694) (33.912, 305.694) on layer: M1
Net VSS: dangling Wire at (36.072, 305.694) (36.072, 305.694) on layer: M1
Net VSS: dangling Wire at (529.524, 306.234) (529.524, 306.234) on layer: M1
Net VSS: dangling Wire at (465.588, 306.234) (465.588, 306.234) on layer: M1
Net VSS: dangling Wire at (102.168, 306.234) (102.168, 306.234) on layer: M1
Net VSS: dangling Wire at (33.912, 306.234) (33.912, 306.234) on layer: M1
Net VSS: dangling Wire at (36.072, 306.234) (36.072, 306.234) on layer: M1
Net VSS: dangling Wire at (529.524, 306.774) (529.524, 306.774) on layer: M1
Net VSS: dangling Wire at (465.588, 306.774) (465.588, 306.774) on layer: M1
Net VSS: dangling Wire at (102.168, 306.774) (102.168, 306.774) on layer: M1
Net VSS: dangling Wire at (33.912, 306.774) (33.912, 306.774) on layer: M1
Net VSS: dangling Wire at (36.072, 306.774) (36.072, 306.774) on layer: M1
Net VSS: dangling Wire at (529.524, 307.314) (529.524, 307.314) on layer: M1
Net VSS: dangling Wire at (465.588, 307.314) (465.588, 307.314) on layer: M1
Net VSS: dangling Wire at (102.168, 307.314) (102.168, 307.314) on layer: M1
Net VSS: dangling Wire at (33.912, 307.314) (33.912, 307.314) on layer: M1
Net VSS: dangling Wire at (36.072, 307.314) (36.072, 307.314) on layer: M1
Net VSS: dangling Wire at (529.524, 307.854) (529.524, 307.854) on layer: M1
Net VSS: dangling Wire at (465.588, 307.854) (465.588, 307.854) on layer: M1
Net VSS: dangling Wire at (102.168, 307.854) (102.168, 307.854) on layer: M1
Net VSS: dangling Wire at (33.912, 307.854) (33.912, 307.854) on layer: M1
Net VSS: dangling Wire at (36.072, 307.854) (36.072, 307.854) on layer: M1
Net VSS: dangling Wire at (529.524, 308.394) (529.524, 308.394) on layer: M1
Net VSS: dangling Wire at (465.588, 308.394) (465.588, 308.394) on layer: M1
Net VSS: dangling Wire at (102.168, 308.394) (102.168, 308.394) on layer: M1
Net VSS: dangling Wire at (36.072, 308.394) (36.072, 308.394) on layer: M1
Net VSS: dangling Wire at (529.524, 308.934) (529.524, 308.934) on layer: M1
Net VSS: dangling Wire at (465.588, 308.934) (465.588, 308.934) on layer: M1
Net VSS: dangling Wire at (102.168, 308.934) (102.168, 308.934) on layer: M1
Net VSS: dangling Wire at (33.912, 308.934) (33.912, 308.934) on layer: M1
Net VSS: dangling Wire at (36.072, 308.934) (36.072, 308.934) on layer: M1
Net VSS: dangling Wire at (529.524, 309.474) (529.524, 309.474) on layer: M1
Net VSS: dangling Wire at (465.588, 309.474) (465.588, 309.474) on layer: M1
Net VSS: dangling Wire at (102.168, 309.474) (102.168, 309.474) on layer: M1
Net VSS: dangling Wire at (33.912, 309.474) (33.912, 309.474) on layer: M1
Net VSS: dangling Wire at (36.072, 309.474) (36.072, 309.474) on layer: M1
Net VSS: dangling Wire at (529.524, 310.014) (529.524, 310.014) on layer: M1
Net VSS: dangling Wire at (465.588, 310.014) (465.588, 310.014) on layer: M1
Net VSS: dangling Wire at (102.168, 310.014) (102.168, 310.014) on layer: M1
Net VSS: dangling Wire at (33.912, 310.014) (33.912, 310.014) on layer: M1
Net VSS: dangling Wire at (36.072, 310.014) (36.072, 310.014) on layer: M1
Net VSS: dangling Wire at (529.524, 310.554) (529.524, 310.554) on layer: M1
Net VSS: dangling Wire at (465.588, 310.554) (465.588, 310.554) on layer: M1
Net VSS: dangling Wire at (102.168, 310.554) (102.168, 310.554) on layer: M1
Net VSS: dangling Wire at (33.912, 310.554) (33.912, 310.554) on layer: M1
Net VSS: dangling Wire at (36.072, 310.554) (36.072, 310.554) on layer: M1
Net VSS: dangling Wire at (529.524, 311.094) (529.524, 311.094) on layer: M1
Net VSS: dangling Wire at (465.588, 311.094) (465.588, 311.094) on layer: M1
Net VSS: dangling Wire at (102.168, 311.094) (102.168, 311.094) on layer: M1
Net VSS: dangling Wire at (33.912, 311.094) (33.912, 311.094) on layer: M1
Net VSS: dangling Wire at (36.072, 311.094) (36.072, 311.094) on layer: M1
Net VSS: dangling Wire at (529.524, 311.634) (529.524, 311.634) on layer: M1
Net VSS: dangling Wire at (465.588, 311.634) (465.588, 311.634) on layer: M1
Net VSS: dangling Wire at (102.168, 311.634) (102.168, 311.634) on layer: M1
Net VSS: dangling Wire at (33.912, 311.634) (33.912, 311.634) on layer: M1
Net VSS: dangling Wire at (36.072, 311.634) (36.072, 311.634) on layer: M1
Net VSS: dangling Wire at (529.524, 312.174) (529.524, 312.174) on layer: M1
Net VSS: dangling Wire at (465.588, 312.174) (465.588, 312.174) on layer: M1
Net VSS: dangling Wire at (102.168, 312.174) (102.168, 312.174) on layer: M1
Net VSS: dangling Wire at (33.912, 312.174) (33.912, 312.174) on layer: M1
Net VSS: dangling Wire at (36.072, 312.174) (36.072, 312.174) on layer: M1
Net VSS: dangling Wire at (529.524, 312.714) (529.524, 312.714) on layer: M1
Net VSS: dangling Wire at (465.588, 312.714) (465.588, 312.714) on layer: M1
Net VSS: dangling Wire at (102.168, 312.714) (102.168, 312.714) on layer: M1
Net VSS: dangling Wire at (33.912, 312.714) (33.912, 312.714) on layer: M1
Net VSS: dangling Wire at (36.072, 312.714) (36.072, 312.714) on layer: M1
Net VSS: dangling Wire at (529.524, 313.254) (529.524, 313.254) on layer: M1
Net VSS: dangling Wire at (465.588, 313.254) (465.588, 313.254) on layer: M1
Net VSS: dangling Wire at (102.168, 313.254) (102.168, 313.254) on layer: M1
Net VSS: dangling Wire at (33.912, 313.254) (33.912, 313.254) on layer: M1
Net VSS: dangling Wire at (36.072, 313.254) (36.072, 313.254) on layer: M1
Net VSS: dangling Wire at (529.524, 313.794) (529.524, 313.794) on layer: M1
Net VSS: dangling Wire at (465.588, 313.794) (465.588, 313.794) on layer: M1
Net VSS: dangling Wire at (102.168, 313.794) (102.168, 313.794) on layer: M1
Net VSS: dangling Wire at (33.912, 313.794) (33.912, 313.794) on layer: M1
Net VSS: dangling Wire at (36.072, 313.794) (36.072, 313.794) on layer: M1
Net VSS: dangling Wire at (529.524, 314.334) (529.524, 314.334) on layer: M1
Net VSS: dangling Wire at (465.588, 314.334) (465.588, 314.334) on layer: M1
Net VSS: dangling Wire at (102.168, 314.334) (102.168, 314.334) on layer: M1
Net VSS: dangling Wire at (33.912, 314.334) (33.912, 314.334) on layer: M1
Net VSS: dangling Wire at (36.072, 314.334) (36.072, 314.334) on layer: M1
Net VSS: dangling Wire at (529.524, 314.874) (529.524, 314.874) on layer: M1
Net VSS: dangling Wire at (465.588, 314.874) (465.588, 314.874) on layer: M1
Net VSS: dangling Wire at (102.168, 314.874) (102.168, 314.874) on layer: M1
Net VSS: dangling Wire at (33.912, 314.874) (33.912, 314.874) on layer: M1
Net VSS: dangling Wire at (36.072, 314.874) (36.072, 314.874) on layer: M1
Net VSS: dangling Wire at (529.524, 315.414) (529.524, 315.414) on layer: M1
Net VSS: dangling Wire at (465.588, 315.414) (465.588, 315.414) on layer: M1
Net VSS: dangling Wire at (102.168, 315.414) (102.168, 315.414) on layer: M1
Net VSS: dangling Wire at (33.912, 315.414) (33.912, 315.414) on layer: M1
Net VSS: dangling Wire at (36.072, 315.414) (36.072, 315.414) on layer: M1
Net VSS: dangling Wire at (529.524, 315.954) (529.524, 315.954) on layer: M1
Net VSS: dangling Wire at (465.588, 315.954) (465.588, 315.954) on layer: M1
Net VSS: dangling Wire at (102.168, 315.954) (102.168, 315.954) on layer: M1
Net VSS: dangling Wire at (33.912, 315.954) (33.912, 315.954) on layer: M1
Net VSS: dangling Wire at (36.072, 315.954) (36.072, 315.954) on layer: M1
Net VSS: dangling Wire at (529.524, 316.494) (529.524, 316.494) on layer: M1
Net VSS: dangling Wire at (465.588, 316.494) (465.588, 316.494) on layer: M1
Net VSS: dangling Wire at (102.168, 316.494) (102.168, 316.494) on layer: M1
Net VSS: dangling Wire at (33.912, 316.494) (33.912, 316.494) on layer: M1
Net VSS: dangling Wire at (36.072, 316.494) (36.072, 316.494) on layer: M1
Net VSS: dangling Wire at (529.524, 317.034) (529.524, 317.034) on layer: M1
Net VSS: dangling Wire at (465.588, 317.034) (465.588, 317.034) on layer: M1
Net VSS: dangling Wire at (102.168, 317.034) (102.168, 317.034) on layer: M1
Net VSS: dangling Wire at (33.912, 317.034) (33.912, 317.034) on layer: M1
Net VSS: dangling Wire at (36.072, 317.034) (36.072, 317.034) on layer: M1
Net VSS: dangling Wire at (529.524, 317.574) (529.524, 317.574) on layer: M1
Net VSS: dangling Wire at (465.588, 317.574) (465.588, 317.574) on layer: M1
Net VSS: dangling Wire at (102.168, 317.574) (102.168, 317.574) on layer: M1
Net VSS: dangling Wire at (33.912, 317.574) (33.912, 317.574) on layer: M1
Net VSS: dangling Wire at (36.072, 317.574) (36.072, 317.574) on layer: M1
Net VSS: dangling Wire at (529.524, 318.114) (529.524, 318.114) on layer: M1
Net VSS: dangling Wire at (465.588, 318.114) (465.588, 318.114) on layer: M1
Net VSS: dangling Wire at (102.168, 318.114) (102.168, 318.114) on layer: M1
Net VSS: dangling Wire at (33.912, 318.114) (33.912, 318.114) on layer: M1
Net VSS: dangling Wire at (36.072, 318.114) (36.072, 318.114) on layer: M1
Net VSS: dangling Wire at (529.524, 318.654) (529.524, 318.654) on layer: M1
Net VSS: dangling Wire at (465.588, 318.654) (465.588, 318.654) on layer: M1
Net VSS: dangling Wire at (102.168, 318.654) (102.168, 318.654) on layer: M1
Net VSS: dangling Wire at (33.912, 318.654) (33.912, 318.654) on layer: M1
Net VSS: dangling Wire at (36.072, 318.654) (36.072, 318.654) on layer: M1
Net VSS: dangling Wire at (529.524, 319.194) (529.524, 319.194) on layer: M1
Net VSS: dangling Wire at (102.168, 319.194) (102.168, 319.194) on layer: M1
Net VSS: dangling Wire at (33.912, 319.194) (33.912, 319.194) on layer: M1
Net VSS: dangling Wire at (36.072, 319.194) (36.072, 319.194) on layer: M1
Net VSS: dangling Wire at (529.524, 319.734) (529.524, 319.734) on layer: M1
Net VSS: dangling Wire at (465.588, 319.734) (465.588, 319.734) on layer: M1
Net VSS: dangling Wire at (102.168, 319.734) (102.168, 319.734) on layer: M1
Net VSS: dangling Wire at (33.912, 319.734) (33.912, 319.734) on layer: M1
Net VSS: dangling Wire at (36.072, 319.734) (36.072, 319.734) on layer: M1
Net VSS: dangling Wire at (529.524, 320.274) (529.524, 320.274) on layer: M1
Net VSS: dangling Wire at (465.588, 320.274) (465.588, 320.274) on layer: M1
Net VSS: dangling Wire at (102.168, 320.274) (102.168, 320.274) on layer: M1
Net VSS: dangling Wire at (36.072, 320.274) (36.072, 320.274) on layer: M1
Net VSS: dangling Wire at (529.524, 320.814) (529.524, 320.814) on layer: M1
Net VSS: dangling Wire at (465.588, 320.814) (465.588, 320.814) on layer: M1
Net VSS: dangling Wire at (102.168, 320.814) (102.168, 320.814) on layer: M1
Net VSS: dangling Wire at (33.912, 320.814) (33.912, 320.814) on layer: M1
Net VSS: dangling Wire at (36.072, 320.814) (36.072, 320.814) on layer: M1
Net VSS: dangling Wire at (529.524, 321.354) (529.524, 321.354) on layer: M1
Net VSS: dangling Wire at (465.588, 321.354) (465.588, 321.354) on layer: M1
Net VSS: dangling Wire at (102.168, 321.354) (102.168, 321.354) on layer: M1
Net VSS: dangling Wire at (36.072, 321.354) (36.072, 321.354) on layer: M1
Net VSS: dangling Wire at (529.524, 321.894) (529.524, 321.894) on layer: M1
Net VSS: dangling Wire at (465.588, 321.894) (465.588, 321.894) on layer: M1
Net VSS: dangling Wire at (102.168, 321.894) (102.168, 321.894) on layer: M1
Net VSS: dangling Wire at (33.912, 321.894) (33.912, 321.894) on layer: M1
Net VSS: dangling Wire at (36.072, 321.894) (36.072, 321.894) on layer: M1
Net VSS: dangling Wire at (529.524, 322.434) (529.524, 322.434) on layer: M1
Net VSS: dangling Wire at (465.588, 322.434) (465.588, 322.434) on layer: M1
Net VSS: dangling Wire at (102.168, 322.434) (102.168, 322.434) on layer: M1
Net VSS: dangling Wire at (36.072, 322.434) (36.072, 322.434) on layer: M1
Net VSS: dangling Wire at (529.524, 322.974) (529.524, 322.974) on layer: M1
Net VSS: dangling Wire at (465.588, 322.974) (465.588, 322.974) on layer: M1
Net VSS: dangling Wire at (102.168, 322.974) (102.168, 322.974) on layer: M1
Net VSS: dangling Wire at (33.912, 322.974) (33.912, 322.974) on layer: M1
Net VSS: dangling Wire at (36.072, 322.974) (36.072, 322.974) on layer: M1
Net VSS: dangling Wire at (529.524, 323.514) (529.524, 323.514) on layer: M1
Net VSS: dangling Wire at (465.588, 323.514) (465.588, 323.514) on layer: M1
Net VSS: dangling Wire at (102.168, 323.514) (102.168, 323.514) on layer: M1
Net VSS: dangling Wire at (36.072, 323.514) (36.072, 323.514) on layer: M1
Net VSS: dangling Wire at (529.524, 324.054) (529.524, 324.054) on layer: M1
Net VSS: dangling Wire at (465.588, 324.054) (465.588, 324.054) on layer: M1
Net VSS: dangling Wire at (102.168, 324.054) (102.168, 324.054) on layer: M1
Net VSS: dangling Wire at (33.912, 324.054) (33.912, 324.054) on layer: M1
Net VSS: dangling Wire at (36.072, 324.054) (36.072, 324.054) on layer: M1
Net VSS: dangling Wire at (529.524, 324.594) (529.524, 324.594) on layer: M1
Net VSS: dangling Wire at (465.588, 324.594) (465.588, 324.594) on layer: M1
Net VSS: dangling Wire at (102.168, 324.594) (102.168, 324.594) on layer: M1
Net VSS: dangling Wire at (33.912, 324.594) (33.912, 324.594) on layer: M1
Net VSS: dangling Wire at (36.072, 324.594) (36.072, 324.594) on layer: M1
Net VSS: dangling Wire at (529.524, 325.134) (529.524, 325.134) on layer: M1
Net VSS: dangling Wire at (465.588, 325.134) (465.588, 325.134) on layer: M1
Net VSS: dangling Wire at (102.168, 325.134) (102.168, 325.134) on layer: M1
Net VSS: dangling Wire at (33.912, 325.134) (33.912, 325.134) on layer: M1
Net VSS: dangling Wire at (36.072, 325.134) (36.072, 325.134) on layer: M1
Net VSS: dangling Wire at (529.524, 325.674) (529.524, 325.674) on layer: M1
Net VSS: dangling Wire at (465.588, 325.674) (465.588, 325.674) on layer: M1
Net VSS: dangling Wire at (102.168, 325.674) (102.168, 325.674) on layer: M1
Net VSS: dangling Wire at (33.912, 325.674) (33.912, 325.674) on layer: M1
Net VSS: dangling Wire at (36.072, 325.674) (36.072, 325.674) on layer: M1
Net VSS: dangling Wire at (529.524, 326.214) (529.524, 326.214) on layer: M1
Net VSS: dangling Wire at (465.588, 326.214) (465.588, 326.214) on layer: M1
Net VSS: dangling Wire at (102.168, 326.214) (102.168, 326.214) on layer: M1
Net VSS: dangling Wire at (33.912, 326.214) (33.912, 326.214) on layer: M1
Net VSS: dangling Wire at (36.072, 326.214) (36.072, 326.214) on layer: M1
Net VSS: dangling Wire at (529.524, 326.754) (529.524, 326.754) on layer: M1
Net VSS: dangling Wire at (465.588, 326.754) (465.588, 326.754) on layer: M1
Net VSS: dangling Wire at (102.168, 326.754) (102.168, 326.754) on layer: M1
Net VSS: dangling Wire at (33.912, 326.754) (33.912, 326.754) on layer: M1
Net VSS: dangling Wire at (36.072, 326.754) (36.072, 326.754) on layer: M1
Net VSS: dangling Wire at (529.524, 327.294) (529.524, 327.294) on layer: M1
Net VSS: dangling Wire at (465.588, 327.294) (465.588, 327.294) on layer: M1
Net VSS: dangling Wire at (102.168, 327.294) (102.168, 327.294) on layer: M1
Net VSS: dangling Wire at (33.912, 327.294) (33.912, 327.294) on layer: M1
Net VSS: dangling Wire at (36.072, 327.294) (36.072, 327.294) on layer: M1
Net VSS: dangling Wire at (529.524, 327.834) (529.524, 327.834) on layer: M1
Net VSS: dangling Wire at (465.588, 327.834) (465.588, 327.834) on layer: M1
Net VSS: dangling Wire at (102.168, 327.834) (102.168, 327.834) on layer: M1
Net VSS: dangling Wire at (33.912, 327.834) (33.912, 327.834) on layer: M1
Net VSS: dangling Wire at (36.072, 327.834) (36.072, 327.834) on layer: M1
Net VSS: dangling Wire at (529.524, 328.374) (529.524, 328.374) on layer: M1
Net VSS: dangling Wire at (465.588, 328.374) (465.588, 328.374) on layer: M1
Net VSS: dangling Wire at (102.168, 328.374) (102.168, 328.374) on layer: M1
Net VSS: dangling Wire at (33.912, 328.374) (33.912, 328.374) on layer: M1
Net VSS: dangling Wire at (529.524, 328.914) (529.524, 328.914) on layer: M1
Net VSS: dangling Wire at (465.588, 328.914) (465.588, 328.914) on layer: M1
Net VSS: dangling Wire at (102.168, 328.914) (102.168, 328.914) on layer: M1
Net VSS: dangling Wire at (33.912, 328.914) (33.912, 328.914) on layer: M1
Net VSS: dangling Wire at (36.072, 328.914) (36.072, 328.914) on layer: M1
Net VSS: dangling Wire at (529.524, 329.454) (529.524, 329.454) on layer: M1
Net VSS: dangling Wire at (465.588, 329.454) (465.588, 329.454) on layer: M1
Net VSS: dangling Wire at (102.168, 329.454) (102.168, 329.454) on layer: M1
Net VSS: dangling Wire at (33.912, 329.454) (33.912, 329.454) on layer: M1
Net VSS: dangling Wire at (36.072, 329.454) (36.072, 329.454) on layer: M1
Net VSS: dangling Wire at (529.524, 329.994) (529.524, 329.994) on layer: M1
Net VSS: dangling Wire at (102.168, 329.994) (102.168, 329.994) on layer: M1
Net VSS: dangling Wire at (33.912, 329.994) (33.912, 329.994) on layer: M1
Net VSS: dangling Wire at (36.072, 329.994) (36.072, 329.994) on layer: M1
Net VSS: dangling Wire at (529.524, 330.534) (529.524, 330.534) on layer: M1
Net VSS: dangling Wire at (465.588, 330.534) (465.588, 330.534) on layer: M1
Net VSS: dangling Wire at (102.168, 330.534) (102.168, 330.534) on layer: M1
Net VSS: dangling Wire at (33.912, 330.534) (33.912, 330.534) on layer: M1
Net VSS: dangling Wire at (36.072, 330.534) (36.072, 330.534) on layer: M1
Net VSS: dangling Wire at (465.588, 331.074) (465.588, 331.074) on layer: M1
Net VSS: dangling Wire at (102.168, 331.074) (102.168, 331.074) on layer: M1
Net VSS: dangling Wire at (36.072, 331.074) (36.072, 331.074) on layer: M1
Net VSS: dangling Wire at (529.524, 331.614) (529.524, 331.614) on layer: M1
Net VSS: dangling Wire at (465.588, 331.614) (465.588, 331.614) on layer: M1
Net VSS: dangling Wire at (102.168, 331.614) (102.168, 331.614) on layer: M1
Net VSS: dangling Wire at (36.072, 331.614) (36.072, 331.614) on layer: M1
Net VSS: dangling Wire at (529.524, 332.154) (529.524, 332.154) on layer: M1
Net VSS: dangling Wire at (465.588, 332.154) (465.588, 332.154) on layer: M1
Net VSS: dangling Wire at (102.168, 332.154) (102.168, 332.154) on layer: M1
Net VSS: dangling Wire at (33.912, 332.154) (33.912, 332.154) on layer: M1
Net VSS: dangling Wire at (36.072, 332.154) (36.072, 332.154) on layer: M1
Net VSS: dangling Wire at (529.524, 332.694) (529.524, 332.694) on layer: M1
Net VSS: dangling Wire at (465.588, 332.694) (465.588, 332.694) on layer: M1
Net VSS: dangling Wire at (102.168, 332.694) (102.168, 332.694) on layer: M1
Net VSS: dangling Wire at (33.912, 332.694) (33.912, 332.694) on layer: M1
Net VSS: dangling Wire at (36.072, 332.694) (36.072, 332.694) on layer: M1
Net VSS: dangling Wire at (529.524, 333.234) (529.524, 333.234) on layer: M1
Net VSS: dangling Wire at (465.588, 333.234) (465.588, 333.234) on layer: M1
Net VSS: dangling Wire at (102.168, 333.234) (102.168, 333.234) on layer: M1
Net VSS: dangling Wire at (33.912, 333.234) (33.912, 333.234) on layer: M1
Net VSS: dangling Wire at (36.072, 333.234) (36.072, 333.234) on layer: M1
Net VSS: dangling Wire at (529.524, 333.774) (529.524, 333.774) on layer: M1
Net VSS: dangling Wire at (465.588, 333.774) (465.588, 333.774) on layer: M1
Net VSS: dangling Wire at (102.168, 333.774) (102.168, 333.774) on layer: M1
Net VSS: dangling Wire at (33.912, 333.774) (33.912, 333.774) on layer: M1
Net VSS: dangling Wire at (36.072, 333.774) (36.072, 333.774) on layer: M1
Net VSS: dangling Wire at (529.524, 334.314) (529.524, 334.314) on layer: M1
Net VSS: dangling Wire at (465.588, 334.314) (465.588, 334.314) on layer: M1
Net VSS: dangling Wire at (102.168, 334.314) (102.168, 334.314) on layer: M1
Net VSS: dangling Wire at (33.912, 334.314) (33.912, 334.314) on layer: M1
Net VSS: dangling Wire at (36.072, 334.314) (36.072, 334.314) on layer: M1
Net VSS: dangling Wire at (529.524, 334.854) (529.524, 334.854) on layer: M1
Net VSS: dangling Wire at (465.588, 334.854) (465.588, 334.854) on layer: M1
Net VSS: dangling Wire at (102.168, 334.854) (102.168, 334.854) on layer: M1
Net VSS: dangling Wire at (33.912, 334.854) (33.912, 334.854) on layer: M1
Net VSS: dangling Wire at (36.072, 334.854) (36.072, 334.854) on layer: M1
Net VSS: dangling Wire at (529.524, 335.394) (529.524, 335.394) on layer: M1
Net VSS: dangling Wire at (465.588, 335.394) (465.588, 335.394) on layer: M1
Net VSS: dangling Wire at (102.168, 335.394) (102.168, 335.394) on layer: M1
Net VSS: dangling Wire at (33.912, 335.394) (33.912, 335.394) on layer: M1
Net VSS: dangling Wire at (36.072, 335.394) (36.072, 335.394) on layer: M1
Net VSS: dangling Wire at (529.524, 335.934) (529.524, 335.934) on layer: M1
Net VSS: dangling Wire at (465.588, 335.934) (465.588, 335.934) on layer: M1
Net VSS: dangling Wire at (102.168, 335.934) (102.168, 335.934) on layer: M1
Net VSS: dangling Wire at (33.912, 335.934) (33.912, 335.934) on layer: M1
Net VSS: dangling Wire at (36.072, 335.934) (36.072, 335.934) on layer: M1
Net VSS: dangling Wire at (529.524, 336.474) (529.524, 336.474) on layer: M1
Net VSS: dangling Wire at (465.588, 336.474) (465.588, 336.474) on layer: M1
Net VSS: dangling Wire at (102.168, 336.474) (102.168, 336.474) on layer: M1
Net VSS: dangling Wire at (33.912, 336.474) (33.912, 336.474) on layer: M1
Net VSS: dangling Wire at (36.072, 336.474) (36.072, 336.474) on layer: M1
Net VSS: dangling Wire at (529.524, 337.014) (529.524, 337.014) on layer: M1
Net VSS: dangling Wire at (465.588, 337.014) (465.588, 337.014) on layer: M1
Net VSS: dangling Wire at (102.168, 337.014) (102.168, 337.014) on layer: M1
Net VSS: dangling Wire at (33.912, 337.014) (33.912, 337.014) on layer: M1
Net VSS: dangling Wire at (36.072, 337.014) (36.072, 337.014) on layer: M1
Net VSS: dangling Wire at (529.524, 337.554) (529.524, 337.554) on layer: M1
Net VSS: dangling Wire at (465.588, 337.554) (465.588, 337.554) on layer: M1
Net VSS: dangling Wire at (102.168, 337.554) (102.168, 337.554) on layer: M1
Net VSS: dangling Wire at (33.912, 337.554) (33.912, 337.554) on layer: M1
Net VSS: dangling Wire at (36.072, 337.554) (36.072, 337.554) on layer: M1
Net VSS: dangling Wire at (529.524, 338.094) (529.524, 338.094) on layer: M1
Net VSS: dangling Wire at (465.588, 338.094) (465.588, 338.094) on layer: M1
Net VSS: dangling Wire at (102.168, 338.094) (102.168, 338.094) on layer: M1
Net VSS: dangling Wire at (33.912, 338.094) (33.912, 338.094) on layer: M1
Net VSS: dangling Wire at (36.072, 338.094) (36.072, 338.094) on layer: M1
Net VSS: dangling Wire at (529.524, 338.634) (529.524, 338.634) on layer: M1
Net VSS: dangling Wire at (465.588, 338.634) (465.588, 338.634) on layer: M1
Net VSS: dangling Wire at (102.168, 338.634) (102.168, 338.634) on layer: M1
Net VSS: dangling Wire at (33.912, 338.634) (33.912, 338.634) on layer: M1
Net VSS: dangling Wire at (36.072, 338.634) (36.072, 338.634) on layer: M1
Net VSS: dangling Wire at (529.524, 339.174) (529.524, 339.174) on layer: M1
Net VSS: dangling Wire at (465.588, 339.174) (465.588, 339.174) on layer: M1
Net VSS: dangling Wire at (102.168, 339.174) (102.168, 339.174) on layer: M1
Net VSS: dangling Wire at (33.912, 339.174) (33.912, 339.174) on layer: M1
Net VSS: dangling Wire at (36.072, 339.174) (36.072, 339.174) on layer: M1
Net VSS: dangling Wire at (529.524, 339.714) (529.524, 339.714) on layer: M1
Net VSS: dangling Wire at (465.588, 339.714) (465.588, 339.714) on layer: M1
Net VSS: dangling Wire at (102.168, 339.714) (102.168, 339.714) on layer: M1
Net VSS: dangling Wire at (33.912, 339.714) (33.912, 339.714) on layer: M1
Net VSS: dangling Wire at (36.072, 339.714) (36.072, 339.714) on layer: M1
Net VSS: dangling Wire at (529.524, 340.254) (529.524, 340.254) on layer: M1
Net VSS: dangling Wire at (465.588, 340.254) (465.588, 340.254) on layer: M1
Net VSS: dangling Wire at (102.168, 340.254) (102.168, 340.254) on layer: M1
Net VSS: dangling Wire at (33.912, 340.254) (33.912, 340.254) on layer: M1
Net VSS: dangling Wire at (36.072, 340.254) (36.072, 340.254) on layer: M1
Net VSS: dangling Wire at (529.524, 340.794) (529.524, 340.794) on layer: M1
Net VSS: dangling Wire at (465.588, 340.794) (465.588, 340.794) on layer: M1
Net VSS: dangling Wire at (102.168, 340.794) (102.168, 340.794) on layer: M1
Net VSS: dangling Wire at (33.912, 340.794) (33.912, 340.794) on layer: M1
Net VSS: dangling Wire at (36.072, 340.794) (36.072, 340.794) on layer: M1
Net VSS: dangling Wire at (529.524, 341.334) (529.524, 341.334) on layer: M1
Net VSS: dangling Wire at (465.588, 341.334) (465.588, 341.334) on layer: M1
Net VSS: dangling Wire at (102.168, 341.334) (102.168, 341.334) on layer: M1
Net VSS: dangling Wire at (33.912, 341.334) (33.912, 341.334) on layer: M1
Net VSS: dangling Wire at (36.072, 341.334) (36.072, 341.334) on layer: M1
Net VSS: dangling Wire at (529.524, 341.874) (529.524, 341.874) on layer: M1
Net VSS: dangling Wire at (465.588, 341.874) (465.588, 341.874) on layer: M1
Net VSS: dangling Wire at (102.168, 341.874) (102.168, 341.874) on layer: M1
Net VSS: dangling Wire at (33.912, 341.874) (33.912, 341.874) on layer: M1
Net VSS: dangling Wire at (36.072, 341.874) (36.072, 341.874) on layer: M1
Net VSS: dangling Wire at (529.524, 342.414) (529.524, 342.414) on layer: M1
Net VSS: dangling Wire at (465.588, 342.414) (465.588, 342.414) on layer: M1
Net VSS: dangling Wire at (102.168, 342.414) (102.168, 342.414) on layer: M1
Net VSS: dangling Wire at (33.912, 342.414) (33.912, 342.414) on layer: M1
Net VSS: dangling Wire at (36.072, 342.414) (36.072, 342.414) on layer: M1
Net VSS: dangling Wire at (529.524, 342.954) (529.524, 342.954) on layer: M1
Net VSS: dangling Wire at (465.588, 342.954) (465.588, 342.954) on layer: M1
Net VSS: dangling Wire at (102.168, 342.954) (102.168, 342.954) on layer: M1
Net VSS: dangling Wire at (33.912, 342.954) (33.912, 342.954) on layer: M1
Net VSS: dangling Wire at (36.072, 342.954) (36.072, 342.954) on layer: M1
Net VSS: dangling Wire at (529.524, 343.494) (529.524, 343.494) on layer: M1
Net VSS: dangling Wire at (465.588, 343.494) (465.588, 343.494) on layer: M1
Net VSS: dangling Wire at (102.168, 343.494) (102.168, 343.494) on layer: M1
Net VSS: dangling Wire at (33.912, 343.494) (33.912, 343.494) on layer: M1
Net VSS: dangling Wire at (36.072, 343.494) (36.072, 343.494) on layer: M1
Net VSS: dangling Wire at (529.524, 344.034) (529.524, 344.034) on layer: M1
Net VSS: dangling Wire at (465.588, 344.034) (465.588, 344.034) on layer: M1
Net VSS: dangling Wire at (102.168, 344.034) (102.168, 344.034) on layer: M1
Net VSS: dangling Wire at (33.912, 344.034) (33.912, 344.034) on layer: M1
Net VSS: dangling Wire at (36.072, 344.034) (36.072, 344.034) on layer: M1
Net VSS: dangling Wire at (529.524, 344.574) (529.524, 344.574) on layer: M1
Net VSS: dangling Wire at (465.588, 344.574) (465.588, 344.574) on layer: M1
Net VSS: dangling Wire at (102.168, 344.574) (102.168, 344.574) on layer: M1
Net VSS: dangling Wire at (33.912, 344.574) (33.912, 344.574) on layer: M1
Net VSS: dangling Wire at (36.072, 344.574) (36.072, 344.574) on layer: M1
Net VSS: dangling Wire at (529.524, 345.114) (529.524, 345.114) on layer: M1
Net VSS: dangling Wire at (465.588, 345.114) (465.588, 345.114) on layer: M1
Net VSS: dangling Wire at (102.168, 345.114) (102.168, 345.114) on layer: M1
Net VSS: dangling Wire at (33.912, 345.114) (33.912, 345.114) on layer: M1
Net VSS: dangling Wire at (36.072, 345.114) (36.072, 345.114) on layer: M1
Net VSS: dangling Wire at (529.524, 345.654) (529.524, 345.654) on layer: M1
Net VSS: dangling Wire at (465.588, 345.654) (465.588, 345.654) on layer: M1
Net VSS: dangling Wire at (102.168, 345.654) (102.168, 345.654) on layer: M1
Net VSS: dangling Wire at (33.912, 345.654) (33.912, 345.654) on layer: M1
Net VSS: dangling Wire at (36.072, 345.654) (36.072, 345.654) on layer: M1
Net VSS: dangling Wire at (529.524, 346.194) (529.524, 346.194) on layer: M1
Net VSS: dangling Wire at (465.588, 346.194) (465.588, 346.194) on layer: M1
Net VSS: dangling Wire at (102.168, 346.194) (102.168, 346.194) on layer: M1
Net VSS: dangling Wire at (33.912, 346.194) (33.912, 346.194) on layer: M1
Net VSS: dangling Wire at (36.072, 346.194) (36.072, 346.194) on layer: M1
Net VSS: dangling Wire at (529.524, 346.734) (529.524, 346.734) on layer: M1
Net VSS: dangling Wire at (465.588, 346.734) (465.588, 346.734) on layer: M1
Net VSS: dangling Wire at (102.168, 346.734) (102.168, 346.734) on layer: M1
Net VSS: dangling Wire at (33.912, 346.734) (33.912, 346.734) on layer: M1
Net VSS: dangling Wire at (36.072, 346.734) (36.072, 346.734) on layer: M1
Net VSS: dangling Wire at (529.524, 347.274) (529.524, 347.274) on layer: M1
Net VSS: dangling Wire at (465.588, 347.274) (465.588, 347.274) on layer: M1
Net VSS: dangling Wire at (102.168, 347.274) (102.168, 347.274) on layer: M1
Net VSS: dangling Wire at (33.912, 347.274) (33.912, 347.274) on layer: M1
Net VSS: dangling Wire at (36.072, 347.274) (36.072, 347.274) on layer: M1
Net VSS: dangling Wire at (529.524, 347.814) (529.524, 347.814) on layer: M1
Net VSS: dangling Wire at (465.588, 347.814) (465.588, 347.814) on layer: M1
Net VSS: dangling Wire at (102.168, 347.814) (102.168, 347.814) on layer: M1
Net VSS: dangling Wire at (33.912, 347.814) (33.912, 347.814) on layer: M1
Net VSS: dangling Wire at (36.072, 347.814) (36.072, 347.814) on layer: M1
Net VSS: dangling Wire at (529.524, 348.354) (529.524, 348.354) on layer: M1
Net VSS: dangling Wire at (465.588, 348.354) (465.588, 348.354) on layer: M1
Net VSS: dangling Wire at (102.168, 348.354) (102.168, 348.354) on layer: M1
Net VSS: dangling Wire at (33.912, 348.354) (33.912, 348.354) on layer: M1
Net VSS: dangling Wire at (36.072, 348.354) (36.072, 348.354) on layer: M1
Net VSS: dangling Wire at (529.524, 348.894) (529.524, 348.894) on layer: M1
Net VSS: dangling Wire at (465.588, 348.894) (465.588, 348.894) on layer: M1
Net VSS: dangling Wire at (102.168, 348.894) (102.168, 348.894) on layer: M1
Net VSS: dangling Wire at (33.912, 348.894) (33.912, 348.894) on layer: M1
Net VSS: dangling Wire at (36.072, 348.894) (36.072, 348.894) on layer: M1
Net VSS: dangling Wire at (529.524, 349.434) (529.524, 349.434) on layer: M1
Net VSS: dangling Wire at (465.588, 349.434) (465.588, 349.434) on layer: M1
Net VSS: dangling Wire at (102.168, 349.434) (102.168, 349.434) on layer: M1
Net VSS: dangling Wire at (33.912, 349.434) (33.912, 349.434) on layer: M1
Net VSS: dangling Wire at (36.072, 349.434) (36.072, 349.434) on layer: M1
Net VSS: dangling Wire at (529.524, 349.974) (529.524, 349.974) on layer: M1
Net VSS: dangling Wire at (465.588, 349.974) (465.588, 349.974) on layer: M1
Net VSS: dangling Wire at (102.168, 349.974) (102.168, 349.974) on layer: M1
Net VSS: dangling Wire at (33.912, 349.974) (33.912, 349.974) on layer: M1
Net VSS: dangling Wire at (36.072, 349.974) (36.072, 349.974) on layer: M1
Net VSS: dangling Wire at (529.524, 350.514) (529.524, 350.514) on layer: M1
Net VSS: dangling Wire at (465.588, 350.514) (465.588, 350.514) on layer: M1
Net VSS: dangling Wire at (102.168, 350.514) (102.168, 350.514) on layer: M1
Net VSS: dangling Wire at (33.912, 350.514) (33.912, 350.514) on layer: M1
Net VSS: dangling Wire at (36.072, 350.514) (36.072, 350.514) on layer: M1
Net VSS: dangling Wire at (529.524, 351.054) (529.524, 351.054) on layer: M1
Net VSS: dangling Wire at (465.588, 351.054) (465.588, 351.054) on layer: M1
Net VSS: dangling Wire at (102.168, 351.054) (102.168, 351.054) on layer: M1
Net VSS: dangling Wire at (33.912, 351.054) (33.912, 351.054) on layer: M1
Net VSS: dangling Wire at (36.072, 351.054) (36.072, 351.054) on layer: M1
Net VSS: dangling Wire at (529.524, 351.594) (529.524, 351.594) on layer: M1
Net VSS: dangling Wire at (465.588, 351.594) (465.588, 351.594) on layer: M1
Net VSS: dangling Wire at (102.168, 351.594) (102.168, 351.594) on layer: M1
Net VSS: dangling Wire at (33.912, 351.594) (33.912, 351.594) on layer: M1
Net VSS: dangling Wire at (36.072, 351.594) (36.072, 351.594) on layer: M1
Net VSS: dangling Wire at (529.524, 352.134) (529.524, 352.134) on layer: M1
Net VSS: dangling Wire at (465.588, 352.134) (465.588, 352.134) on layer: M1
Net VSS: dangling Wire at (102.168, 352.134) (102.168, 352.134) on layer: M1
Net VSS: dangling Wire at (33.912, 352.134) (33.912, 352.134) on layer: M1
Net VSS: dangling Wire at (36.072, 352.134) (36.072, 352.134) on layer: M1
Net VSS: dangling Wire at (529.524, 352.674) (529.524, 352.674) on layer: M1
Net VSS: dangling Wire at (465.588, 352.674) (465.588, 352.674) on layer: M1
Net VSS: dangling Wire at (102.168, 352.674) (102.168, 352.674) on layer: M1
Net VSS: dangling Wire at (33.912, 352.674) (33.912, 352.674) on layer: M1
Net VSS: dangling Wire at (36.072, 352.674) (36.072, 352.674) on layer: M1
Net VSS: dangling Wire at (529.524, 353.214) (529.524, 353.214) on layer: M1
Net VSS: dangling Wire at (465.588, 353.214) (465.588, 353.214) on layer: M1
Net VSS: dangling Wire at (102.168, 353.214) (102.168, 353.214) on layer: M1
Net VSS: dangling Wire at (33.912, 353.214) (33.912, 353.214) on layer: M1
Net VSS: dangling Wire at (36.072, 353.214) (36.072, 353.214) on layer: M1
Net VSS: dangling Wire at (529.524, 353.754) (529.524, 353.754) on layer: M1
Net VSS: dangling Wire at (465.588, 353.754) (465.588, 353.754) on layer: M1
Net VSS: dangling Wire at (102.168, 353.754) (102.168, 353.754) on layer: M1
Net VSS: dangling Wire at (33.912, 353.754) (33.912, 353.754) on layer: M1
Net VSS: dangling Wire at (36.072, 353.754) (36.072, 353.754) on layer: M1
Net VSS: dangling Wire at (529.524, 354.294) (529.524, 354.294) on layer: M1
Net VSS: dangling Wire at (465.588, 354.294) (465.588, 354.294) on layer: M1
Net VSS: dangling Wire at (102.168, 354.294) (102.168, 354.294) on layer: M1
Net VSS: dangling Wire at (33.912, 354.294) (33.912, 354.294) on layer: M1
Net VSS: dangling Wire at (36.072, 354.294) (36.072, 354.294) on layer: M1
Net VSS: dangling Wire at (529.524, 354.834) (529.524, 354.834) on layer: M1
Net VSS: dangling Wire at (465.588, 354.834) (465.588, 354.834) on layer: M1
Net VSS: dangling Wire at (102.168, 354.834) (102.168, 354.834) on layer: M1
Net VSS: dangling Wire at (33.912, 354.834) (33.912, 354.834) on layer: M1
Net VSS: dangling Wire at (36.072, 354.834) (36.072, 354.834) on layer: M1
Net VSS: dangling Wire at (529.524, 355.374) (529.524, 355.374) on layer: M1
Net VSS: dangling Wire at (465.588, 355.374) (465.588, 355.374) on layer: M1
Net VSS: dangling Wire at (102.168, 355.374) (102.168, 355.374) on layer: M1
Net VSS: dangling Wire at (33.912, 355.374) (33.912, 355.374) on layer: M1
Net VSS: dangling Wire at (36.072, 355.374) (36.072, 355.374) on layer: M1
Net VSS: dangling Wire at (529.524, 21.114) (529.524, 21.114) on layer: M1
Net VSS: dangling Wire at (102.168, 36.234) (102.168, 36.234) on layer: M1
Net VSS: dangling Wire at (465.588, 63.234) (465.588, 63.234) on layer: M1
Net VSS: dangling Wire at (102.168, 94.014) (102.168, 94.014) on layer: M1
Net VSS: dangling Wire at (465.588, 119.934) (465.588, 119.934) on layer: M1
Net VSS: dangling Wire at (102.168, 127.494) (102.168, 127.494) on layer: M1
Net VSS: dangling Wire at (102.168, 128.574) (102.168, 128.574) on layer: M1
Net VSS: dangling Wire at (102.168, 129.654) (102.168, 129.654) on layer: M1
Net VSS: dangling Wire at (102.168, 130.734) (102.168, 130.734) on layer: M1
Net VSS: dangling Wire at (465.588, 131.274) (465.588, 131.274) on layer: M1
Net VSS: dangling Wire at (465.588, 143.154) (465.588, 143.154) on layer: M1
Net VSS: dangling Wire at (465.588, 146.394) (465.588, 146.394) on layer: M1
Net VSS: dangling Wire at (102.168, 151.254) (102.168, 151.254) on layer: M1
Net VSS: dangling Wire at (465.588, 151.794) (465.588, 151.794) on layer: M1
Net VSS: dangling Wire at (529.524, 153.954) (529.524, 153.954) on layer: M1
Net VSS: dangling Wire at (465.588, 165.294) (465.588, 165.294) on layer: M1
Net VSS: dangling Wire at (465.588, 168.534) (465.588, 168.534) on layer: M1
Net VSS: dangling Wire at (102.168, 172.854) (102.168, 172.854) on layer: M1
Net VSS: dangling Wire at (465.588, 173.934) (465.588, 173.934) on layer: M1
Net VSS: dangling Wire at (102.168, 175.554) (102.168, 175.554) on layer: M1
Net VSS: dangling Wire at (102.168, 176.094) (102.168, 176.094) on layer: M1
Net VSS: dangling Wire at (465.588, 177.174) (465.588, 177.174) on layer: M1
Net VSS: dangling Wire at (102.168, 185.274) (102.168, 185.274) on layer: M1
Net VSS: dangling Wire at (102.168, 187.434) (102.168, 187.434) on layer: M1
Net VSS: dangling Wire at (102.168, 190.134) (102.168, 190.134) on layer: M1
Net VSS: dangling Wire at (102.168, 191.214) (102.168, 191.214) on layer: M1
Net VSS: dangling Wire at (465.588, 196.614) (465.588, 196.614) on layer: M1
Net VSS: dangling Wire at (102.168, 197.694) (102.168, 197.694) on layer: M1
Net VSS: dangling Wire at (102.168, 198.774) (102.168, 198.774) on layer: M1
Net VSS: dangling Wire at (102.168, 207.414) (102.168, 207.414) on layer: M1
Net VSS: dangling Wire at (102.168, 209.574) (102.168, 209.574) on layer: M1
Net VSS: dangling Wire at (102.168, 210.654) (102.168, 210.654) on layer: M1
Net VSS: dangling Wire at (465.588, 211.734) (465.588, 211.734) on layer: M1
Net VSS: dangling Wire at (102.168, 211.734) (102.168, 211.734) on layer: M1
Net VSS: dangling Wire at (102.168, 212.814) (102.168, 212.814) on layer: M1
Net VSS: dangling Wire at (529.524, 264.114) (529.524, 264.114) on layer: M1
Net VSS: dangling Wire at (465.588, 279.234) (465.588, 279.234) on layer: M1
Net VSS: dangling Wire at (102.168, 286.254) (102.168, 286.254) on layer: M1
Net VSS: dangling Wire at (529.524, 286.794) (529.524, 286.794) on layer: M1
Net VSS: dangling Wire at (102.168, 303.534) (102.168, 303.534) on layer: M1
Net VDD: dangling Wire at (529.524, 2.484) (529.524, 2.484) on layer: M1
Net VDD: dangling Wire at (465.588, 2.484) (465.588, 2.484) on layer: M1
Net VDD: dangling Wire at (430.002, 2.484) (430.002, 2.484) on layer: M1
Net VDD: dangling Wire at (303.210, 2.484) (303.210, 2.484) on layer: M1
Net VDD: dangling Wire at (137.538, 2.484) (137.538, 2.484) on layer: M1
Net VDD: dangling Wire at (102.168, 2.484) (102.168, 2.484) on layer: M1
Net VDD: dangling Wire at (33.912, 2.484) (33.912, 2.484) on layer: M1
Net VDD: dangling Wire at (36.072, 2.484) (36.072, 2.484) on layer: M1
Net VDD: dangling Wire at (529.524, 3.024) (529.524, 3.024) on layer: M1
Net VDD: dangling Wire at (465.588, 3.024) (465.588, 3.024) on layer: M1
Net VDD: dangling Wire at (430.002, 3.024) (430.002, 3.024) on layer: M1
Net VDD: dangling Wire at (303.210, 3.024) (303.210, 3.024) on layer: M1
Net VDD: dangling Wire at (137.538, 3.024) (137.538, 3.024) on layer: M1
Net VDD: dangling Wire at (102.168, 3.024) (102.168, 3.024) on layer: M1
Net VDD: dangling Wire at (33.912, 3.024) (33.912, 3.024) on layer: M1
Net VDD: dangling Wire at (36.072, 3.024) (36.072, 3.024) on layer: M1
Net VDD: dangling Wire at (529.524, 3.564) (529.524, 3.564) on layer: M1
Net VDD: dangling Wire at (465.588, 3.564) (465.588, 3.564) on layer: M1
Net VDD: dangling Wire at (430.002, 3.564) (430.002, 3.564) on layer: M1
Net VDD: dangling Wire at (303.210, 3.564) (303.210, 3.564) on layer: M1
Net VDD: dangling Wire at (137.538, 3.564) (137.538, 3.564) on layer: M1
Net VDD: dangling Wire at (102.168, 3.564) (102.168, 3.564) on layer: M1
Net VDD: dangling Wire at (33.912, 3.564) (33.912, 3.564) on layer: M1
Net VDD: dangling Wire at (36.072, 3.564) (36.072, 3.564) on layer: M1
Net VDD: dangling Wire at (529.524, 4.104) (529.524, 4.104) on layer: M1
Net VDD: dangling Wire at (465.588, 4.104) (465.588, 4.104) on layer: M1
Net VDD: dangling Wire at (430.002, 4.104) (430.002, 4.104) on layer: M1
Net VDD: dangling Wire at (303.210, 4.104) (303.210, 4.104) on layer: M1
Net VDD: dangling Wire at (137.538, 4.104) (137.538, 4.104) on layer: M1
Net VDD: dangling Wire at (102.168, 4.104) (102.168, 4.104) on layer: M1
Net VDD: dangling Wire at (36.072, 4.104) (36.072, 4.104) on layer: M1
Net VDD: dangling Wire at (529.524, 4.644) (529.524, 4.644) on layer: M1
Net VDD: dangling Wire at (465.588, 4.644) (465.588, 4.644) on layer: M1
Net VDD: dangling Wire at (430.002, 4.644) (430.002, 4.644) on layer: M1
Net VDD: dangling Wire at (303.210, 4.644) (303.210, 4.644) on layer: M1
Net VDD: dangling Wire at (137.538, 4.644) (137.538, 4.644) on layer: M1
Net VDD: dangling Wire at (102.168, 4.644) (102.168, 4.644) on layer: M1
Net VDD: dangling Wire at (33.912, 4.644) (33.912, 4.644) on layer: M1
Net VDD: dangling Wire at (36.072, 4.644) (36.072, 4.644) on layer: M1
Net VDD: dangling Wire at (529.524, 5.184) (529.524, 5.184) on layer: M1
Net VDD: dangling Wire at (465.588, 5.184) (465.588, 5.184) on layer: M1
Net VDD: dangling Wire at (430.002, 5.184) (430.002, 5.184) on layer: M1
Net VDD: dangling Wire at (303.210, 5.184) (303.210, 5.184) on layer: M1
Net VDD: dangling Wire at (137.538, 5.184) (137.538, 5.184) on layer: M1
Net VDD: dangling Wire at (102.168, 5.184) (102.168, 5.184) on layer: M1
Net VDD: dangling Wire at (36.072, 5.184) (36.072, 5.184) on layer: M1
Net VDD: dangling Wire at (529.524, 5.724) (529.524, 5.724) on layer: M1
Net VDD: dangling Wire at (465.588, 5.724) (465.588, 5.724) on layer: M1
Net VDD: dangling Wire at (430.002, 5.724) (430.002, 5.724) on layer: M1
Net VDD: dangling Wire at (303.210, 5.724) (303.210, 5.724) on layer: M1
Net VDD: dangling Wire at (137.538, 5.724) (137.538, 5.724) on layer: M1
Net VDD: dangling Wire at (102.168, 5.724) (102.168, 5.724) on layer: M1
Net VDD: dangling Wire at (33.912, 5.724) (33.912, 5.724) on layer: M1
Net VDD: dangling Wire at (36.072, 5.724) (36.072, 5.724) on layer: M1
Net VDD: dangling Wire at (529.524, 6.264) (529.524, 6.264) on layer: M1
Net VDD: dangling Wire at (465.588, 6.264) (465.588, 6.264) on layer: M1
Net VDD: dangling Wire at (430.002, 6.264) (430.002, 6.264) on layer: M1
Net VDD: dangling Wire at (303.210, 6.264) (303.210, 6.264) on layer: M1
Net VDD: dangling Wire at (137.538, 6.264) (137.538, 6.264) on layer: M1
Net VDD: dangling Wire at (102.168, 6.264) (102.168, 6.264) on layer: M1
Net VDD: dangling Wire at (33.912, 6.264) (33.912, 6.264) on layer: M1
Net VDD: dangling Wire at (36.072, 6.264) (36.072, 6.264) on layer: M1
Net VDD: dangling Wire at (529.524, 6.804) (529.524, 6.804) on layer: M1
Net VDD: dangling Wire at (465.588, 6.804) (465.588, 6.804) on layer: M1
Net VDD: dangling Wire at (430.002, 6.804) (430.002, 6.804) on layer: M1
Net VDD: dangling Wire at (303.210, 6.804) (303.210, 6.804) on layer: M1
Net VDD: dangling Wire at (137.538, 6.804) (137.538, 6.804) on layer: M1
Net VDD: dangling Wire at (102.168, 6.804) (102.168, 6.804) on layer: M1
Net VDD: dangling Wire at (33.912, 6.804) (33.912, 6.804) on layer: M1
Net VDD: dangling Wire at (36.072, 6.804) (36.072, 6.804) on layer: M1
Net VDD: dangling Wire at (529.524, 7.344) (529.524, 7.344) on layer: M1
Net VDD: dangling Wire at (465.588, 7.344) (465.588, 7.344) on layer: M1
Net VDD: dangling Wire at (430.002, 7.344) (430.002, 7.344) on layer: M1
Net VDD: dangling Wire at (303.210, 7.344) (303.210, 7.344) on layer: M1
Net VDD: dangling Wire at (137.538, 7.344) (137.538, 7.344) on layer: M1
Net VDD: dangling Wire at (102.168, 7.344) (102.168, 7.344) on layer: M1
Net VDD: dangling Wire at (33.912, 7.344) (33.912, 7.344) on layer: M1
Net VDD: dangling Wire at (36.072, 7.344) (36.072, 7.344) on layer: M1
Net VDD: dangling Wire at (529.524, 7.884) (529.524, 7.884) on layer: M1
Net VDD: dangling Wire at (465.588, 7.884) (465.588, 7.884) on layer: M1
Net VDD: dangling Wire at (430.002, 7.884) (430.002, 7.884) on layer: M1
Net VDD: dangling Wire at (303.210, 7.884) (303.210, 7.884) on layer: M1
Net VDD: dangling Wire at (137.538, 7.884) (137.538, 7.884) on layer: M1
Net VDD: dangling Wire at (102.168, 7.884) (102.168, 7.884) on layer: M1
Net VDD: dangling Wire at (33.912, 7.884) (33.912, 7.884) on layer: M1
Net VDD: dangling Wire at (36.072, 7.884) (36.072, 7.884) on layer: M1
Net VDD: dangling Wire at (529.524, 8.424) (529.524, 8.424) on layer: M1
Net VDD: dangling Wire at (465.588, 8.424) (465.588, 8.424) on layer: M1
Net VDD: dangling Wire at (430.002, 8.424) (430.002, 8.424) on layer: M1
Net VDD: dangling Wire at (303.210, 8.424) (303.210, 8.424) on layer: M1
Net VDD: dangling Wire at (137.538, 8.424) (137.538, 8.424) on layer: M1
Net VDD: dangling Wire at (102.168, 8.424) (102.168, 8.424) on layer: M1
Net VDD: dangling Wire at (33.912, 8.424) (33.912, 8.424) on layer: M1
Net VDD: dangling Wire at (36.072, 8.424) (36.072, 8.424) on layer: M1
Net VDD: dangling Wire at (529.524, 8.964) (529.524, 8.964) on layer: M1
Net VDD: dangling Wire at (465.588, 8.964) (465.588, 8.964) on layer: M1
Net VDD: dangling Wire at (430.002, 8.964) (430.002, 8.964) on layer: M1
Net VDD: dangling Wire at (303.210, 8.964) (303.210, 8.964) on layer: M1
Net VDD: dangling Wire at (137.538, 8.964) (137.538, 8.964) on layer: M1
Net VDD: dangling Wire at (102.168, 8.964) (102.168, 8.964) on layer: M1
Net VDD: dangling Wire at (33.912, 8.964) (33.912, 8.964) on layer: M1
Net VDD: dangling Wire at (36.072, 8.964) (36.072, 8.964) on layer: M1
Net VDD: dangling Wire at (529.524, 9.504) (529.524, 9.504) on layer: M1
Net VDD: dangling Wire at (465.588, 9.504) (465.588, 9.504) on layer: M1
Net VDD: dangling Wire at (430.002, 9.504) (430.002, 9.504) on layer: M1
Net VDD: dangling Wire at (303.210, 9.504) (303.210, 9.504) on layer: M1
Net VDD: dangling Wire at (137.538, 9.504) (137.538, 9.504) on layer: M1
Net VDD: dangling Wire at (102.168, 9.504) (102.168, 9.504) on layer: M1
Net VDD: dangling Wire at (33.912, 9.504) (33.912, 9.504) on layer: M1
Net VDD: dangling Wire at (36.072, 9.504) (36.072, 9.504) on layer: M1
Net VDD: dangling Wire at (529.524, 10.044) (529.524, 10.044) on layer: M1
Net VDD: dangling Wire at (465.588, 10.044) (465.588, 10.044) on layer: M1
Net VDD: dangling Wire at (430.002, 10.044) (430.002, 10.044) on layer: M1
Net VDD: dangling Wire at (303.210, 10.044) (303.210, 10.044) on layer: M1
Net VDD: dangling Wire at (137.538, 10.044) (137.538, 10.044) on layer: M1
Net VDD: dangling Wire at (102.168, 10.044) (102.168, 10.044) on layer: M1
Net VDD: dangling Wire at (33.912, 10.044) (33.912, 10.044) on layer: M1
Net VDD: dangling Wire at (36.072, 10.044) (36.072, 10.044) on layer: M1
Net VDD: dangling Wire at (529.524, 10.584) (529.524, 10.584) on layer: M1
Net VDD: dangling Wire at (465.588, 10.584) (465.588, 10.584) on layer: M1
Net VDD: dangling Wire at (430.002, 10.584) (430.002, 10.584) on layer: M1
Net VDD: dangling Wire at (303.210, 10.584) (303.210, 10.584) on layer: M1
Net VDD: dangling Wire at (137.538, 10.584) (137.538, 10.584) on layer: M1
Net VDD: dangling Wire at (102.168, 10.584) (102.168, 10.584) on layer: M1
Net VDD: dangling Wire at (33.912, 10.584) (33.912, 10.584) on layer: M1
Net VDD: dangling Wire at (36.072, 10.584) (36.072, 10.584) on layer: M1
Net VDD: dangling Wire at (529.524, 11.124) (529.524, 11.124) on layer: M1
Net VDD: dangling Wire at (465.588, 11.124) (465.588, 11.124) on layer: M1
Net VDD: dangling Wire at (430.002, 11.124) (430.002, 11.124) on layer: M1
Net VDD: dangling Wire at (303.210, 11.124) (303.210, 11.124) on layer: M1
Net VDD: dangling Wire at (137.538, 11.124) (137.538, 11.124) on layer: M1
Net VDD: dangling Wire at (102.168, 11.124) (102.168, 11.124) on layer: M1
Net VDD: dangling Wire at (33.912, 11.124) (33.912, 11.124) on layer: M1
Net VDD: dangling Wire at (36.072, 11.124) (36.072, 11.124) on layer: M1
Net VDD: dangling Wire at (529.524, 11.664) (529.524, 11.664) on layer: M1
Net VDD: dangling Wire at (465.588, 11.664) (465.588, 11.664) on layer: M1
Net VDD: dangling Wire at (430.002, 11.664) (430.002, 11.664) on layer: M1
Net VDD: dangling Wire at (303.210, 11.664) (303.210, 11.664) on layer: M1
Net VDD: dangling Wire at (137.538, 11.664) (137.538, 11.664) on layer: M1
Net VDD: dangling Wire at (102.168, 11.664) (102.168, 11.664) on layer: M1
Net VDD: dangling Wire at (33.912, 11.664) (33.912, 11.664) on layer: M1
Net VDD: dangling Wire at (36.072, 11.664) (36.072, 11.664) on layer: M1
Net VDD: dangling Wire at (529.524, 12.204) (529.524, 12.204) on layer: M1
Net VDD: dangling Wire at (465.588, 12.204) (465.588, 12.204) on layer: M1
Net VDD: dangling Wire at (430.002, 12.204) (430.002, 12.204) on layer: M1
Net VDD: dangling Wire at (303.210, 12.204) (303.210, 12.204) on layer: M1
Net VDD: dangling Wire at (137.538, 12.204) (137.538, 12.204) on layer: M1
Net VDD: dangling Wire at (102.168, 12.204) (102.168, 12.204) on layer: M1
Net VDD: dangling Wire at (33.912, 12.204) (33.912, 12.204) on layer: M1
Net VDD: dangling Wire at (36.072, 12.204) (36.072, 12.204) on layer: M1
Net VDD: dangling Wire at (529.524, 12.744) (529.524, 12.744) on layer: M1
Net VDD: dangling Wire at (465.588, 12.744) (465.588, 12.744) on layer: M1
Net VDD: dangling Wire at (430.002, 12.744) (430.002, 12.744) on layer: M1
Net VDD: dangling Wire at (303.210, 12.744) (303.210, 12.744) on layer: M1
Net VDD: dangling Wire at (137.538, 12.744) (137.538, 12.744) on layer: M1
Net VDD: dangling Wire at (102.168, 12.744) (102.168, 12.744) on layer: M1
Net VDD: dangling Wire at (36.072, 12.744) (36.072, 12.744) on layer: M1
Net VDD: dangling Wire at (529.524, 13.284) (529.524, 13.284) on layer: M1
Net VDD: dangling Wire at (465.588, 13.284) (465.588, 13.284) on layer: M1
Net VDD: dangling Wire at (430.002, 13.284) (430.002, 13.284) on layer: M1
Net VDD: dangling Wire at (303.210, 13.284) (303.210, 13.284) on layer: M1
Net VDD: dangling Wire at (137.538, 13.284) (137.538, 13.284) on layer: M1
Net VDD: dangling Wire at (102.168, 13.284) (102.168, 13.284) on layer: M1
Net VDD: dangling Wire at (33.912, 13.284) (33.912, 13.284) on layer: M1
Net VDD: dangling Wire at (36.072, 13.284) (36.072, 13.284) on layer: M1
Net VDD: dangling Wire at (529.524, 13.824) (529.524, 13.824) on layer: M1
Net VDD: dangling Wire at (465.588, 13.824) (465.588, 13.824) on layer: M1
Net VDD: dangling Wire at (430.002, 13.824) (430.002, 13.824) on layer: M1
Net VDD: dangling Wire at (303.210, 13.824) (303.210, 13.824) on layer: M1
Net VDD: dangling Wire at (137.538, 13.824) (137.538, 13.824) on layer: M1
Net VDD: dangling Wire at (102.168, 13.824) (102.168, 13.824) on layer: M1
Net VDD: dangling Wire at (36.072, 13.824) (36.072, 13.824) on layer: M1
Net VDD: dangling Wire at (529.524, 14.364) (529.524, 14.364) on layer: M1
Net VDD: dangling Wire at (465.588, 14.364) (465.588, 14.364) on layer: M1
Net VDD: dangling Wire at (430.002, 14.364) (430.002, 14.364) on layer: M1
Net VDD: dangling Wire at (303.210, 14.364) (303.210, 14.364) on layer: M1
Net VDD: dangling Wire at (137.538, 14.364) (137.538, 14.364) on layer: M1
Net VDD: dangling Wire at (102.168, 14.364) (102.168, 14.364) on layer: M1
Net VDD: dangling Wire at (33.912, 14.364) (33.912, 14.364) on layer: M1
Net VDD: dangling Wire at (36.072, 14.364) (36.072, 14.364) on layer: M1
Net VDD: dangling Wire at (529.524, 14.904) (529.524, 14.904) on layer: M1
Net VDD: dangling Wire at (465.588, 14.904) (465.588, 14.904) on layer: M1
Net VDD: dangling Wire at (430.002, 14.904) (430.002, 14.904) on layer: M1
Net VDD: dangling Wire at (303.210, 14.904) (303.210, 14.904) on layer: M1
Net VDD: dangling Wire at (137.538, 14.904) (137.538, 14.904) on layer: M1
Net VDD: dangling Wire at (102.168, 14.904) (102.168, 14.904) on layer: M1
Net VDD: dangling Wire at (33.912, 14.904) (33.912, 14.904) on layer: M1
Net VDD: dangling Wire at (36.072, 14.904) (36.072, 14.904) on layer: M1
Net VDD: dangling Wire at (529.524, 15.444) (529.524, 15.444) on layer: M1
Net VDD: dangling Wire at (465.588, 15.444) (465.588, 15.444) on layer: M1
Net VDD: dangling Wire at (430.002, 15.444) (430.002, 15.444) on layer: M1
Net VDD: dangling Wire at (303.210, 15.444) (303.210, 15.444) on layer: M1
Net VDD: dangling Wire at (137.538, 15.444) (137.538, 15.444) on layer: M1
Net VDD: dangling Wire at (102.168, 15.444) (102.168, 15.444) on layer: M1
Net VDD: dangling Wire at (33.912, 15.444) (33.912, 15.444) on layer: M1
Net VDD: dangling Wire at (36.072, 15.444) (36.072, 15.444) on layer: M1
Net VDD: dangling Wire at (529.524, 15.984) (529.524, 15.984) on layer: M1
Net VDD: dangling Wire at (465.588, 15.984) (465.588, 15.984) on layer: M1
Net VDD: dangling Wire at (430.002, 15.984) (430.002, 15.984) on layer: M1
Net VDD: dangling Wire at (303.210, 15.984) (303.210, 15.984) on layer: M1
Net VDD: dangling Wire at (137.538, 15.984) (137.538, 15.984) on layer: M1
Net VDD: dangling Wire at (102.168, 15.984) (102.168, 15.984) on layer: M1
Net VDD: dangling Wire at (33.912, 15.984) (33.912, 15.984) on layer: M1
Net VDD: dangling Wire at (36.072, 15.984) (36.072, 15.984) on layer: M1
Net VDD: dangling Wire at (529.524, 16.524) (529.524, 16.524) on layer: M1
Net VDD: dangling Wire at (465.588, 16.524) (465.588, 16.524) on layer: M1
Net VDD: dangling Wire at (430.002, 16.524) (430.002, 16.524) on layer: M1
Net VDD: dangling Wire at (303.210, 16.524) (303.210, 16.524) on layer: M1
Net VDD: dangling Wire at (137.538, 16.524) (137.538, 16.524) on layer: M1
Net VDD: dangling Wire at (102.168, 16.524) (102.168, 16.524) on layer: M1
Net VDD: dangling Wire at (33.912, 16.524) (33.912, 16.524) on layer: M1
Net VDD: dangling Wire at (36.072, 16.524) (36.072, 16.524) on layer: M1
Net VDD: dangling Wire at (529.524, 17.064) (529.524, 17.064) on layer: M1
Net VDD: dangling Wire at (465.588, 17.064) (465.588, 17.064) on layer: M1
Net VDD: dangling Wire at (430.002, 17.064) (430.002, 17.064) on layer: M1
Net VDD: dangling Wire at (303.210, 17.064) (303.210, 17.064) on layer: M1
Net VDD: dangling Wire at (137.538, 17.064) (137.538, 17.064) on layer: M1
Net VDD: dangling Wire at (102.168, 17.064) (102.168, 17.064) on layer: M1
Net VDD: dangling Wire at (33.912, 17.064) (33.912, 17.064) on layer: M1
Net VDD: dangling Wire at (36.072, 17.064) (36.072, 17.064) on layer: M1
Net VDD: dangling Wire at (529.524, 17.604) (529.524, 17.604) on layer: M1
Net VDD: dangling Wire at (465.588, 17.604) (465.588, 17.604) on layer: M1
Net VDD: dangling Wire at (430.002, 17.604) (430.002, 17.604) on layer: M1
Net VDD: dangling Wire at (303.210, 17.604) (303.210, 17.604) on layer: M1
Net VDD: dangling Wire at (137.538, 17.604) (137.538, 17.604) on layer: M1
Net VDD: dangling Wire at (102.168, 17.604) (102.168, 17.604) on layer: M1
Net VDD: dangling Wire at (33.912, 17.604) (33.912, 17.604) on layer: M1
Net VDD: dangling Wire at (36.072, 17.604) (36.072, 17.604) on layer: M1
Net VDD: dangling Wire at (529.524, 18.144) (529.524, 18.144) on layer: M1
Net VDD: dangling Wire at (465.588, 18.144) (465.588, 18.144) on layer: M1
Net VDD: dangling Wire at (430.002, 18.144) (430.002, 18.144) on layer: M1
Net VDD: dangling Wire at (303.210, 18.144) (303.210, 18.144) on layer: M1
Net VDD: dangling Wire at (137.538, 18.144) (137.538, 18.144) on layer: M1
Net VDD: dangling Wire at (102.168, 18.144) (102.168, 18.144) on layer: M1
Net VDD: dangling Wire at (33.912, 18.144) (33.912, 18.144) on layer: M1
Net VDD: dangling Wire at (36.072, 18.144) (36.072, 18.144) on layer: M1
Net VDD: dangling Wire at (529.524, 18.684) (529.524, 18.684) on layer: M1
Net VDD: dangling Wire at (465.588, 18.684) (465.588, 18.684) on layer: M1
Net VDD: dangling Wire at (430.002, 18.684) (430.002, 18.684) on layer: M1
Net VDD: dangling Wire at (303.210, 18.684) (303.210, 18.684) on layer: M1
Net VDD: dangling Wire at (137.538, 18.684) (137.538, 18.684) on layer: M1
Net VDD: dangling Wire at (102.168, 18.684) (102.168, 18.684) on layer: M1
Net VDD: dangling Wire at (33.912, 18.684) (33.912, 18.684) on layer: M1
Net VDD: dangling Wire at (36.072, 18.684) (36.072, 18.684) on layer: M1
Net VDD: dangling Wire at (529.524, 19.224) (529.524, 19.224) on layer: M1
Net VDD: dangling Wire at (465.588, 19.224) (465.588, 19.224) on layer: M1
Net VDD: dangling Wire at (430.002, 19.224) (430.002, 19.224) on layer: M1
Net VDD: dangling Wire at (303.210, 19.224) (303.210, 19.224) on layer: M1
Net VDD: dangling Wire at (137.538, 19.224) (137.538, 19.224) on layer: M1
Net VDD: dangling Wire at (102.168, 19.224) (102.168, 19.224) on layer: M1
Net VDD: dangling Wire at (33.912, 19.224) (33.912, 19.224) on layer: M1
Net VDD: dangling Wire at (36.072, 19.224) (36.072, 19.224) on layer: M1
Net VDD: dangling Wire at (529.524, 19.764) (529.524, 19.764) on layer: M1
Net VDD: dangling Wire at (465.588, 19.764) (465.588, 19.764) on layer: M1
Net VDD: dangling Wire at (430.002, 19.764) (430.002, 19.764) on layer: M1
Net VDD: dangling Wire at (303.210, 19.764) (303.210, 19.764) on layer: M1
Net VDD: dangling Wire at (137.538, 19.764) (137.538, 19.764) on layer: M1
Net VDD: dangling Wire at (102.168, 19.764) (102.168, 19.764) on layer: M1
Net VDD: dangling Wire at (33.912, 19.764) (33.912, 19.764) on layer: M1
Net VDD: dangling Wire at (36.072, 19.764) (36.072, 19.764) on layer: M1
Net VDD: dangling Wire at (529.524, 20.304) (529.524, 20.304) on layer: M1
Net VDD: dangling Wire at (465.588, 20.304) (465.588, 20.304) on layer: M1
Net VDD: dangling Wire at (430.002, 20.304) (430.002, 20.304) on layer: M1
Net VDD: dangling Wire at (303.210, 20.304) (303.210, 20.304) on layer: M1
Net VDD: dangling Wire at (137.538, 20.304) (137.538, 20.304) on layer: M1
Net VDD: dangling Wire at (102.168, 20.304) (102.168, 20.304) on layer: M1
Net VDD: dangling Wire at (33.912, 20.304) (33.912, 20.304) on layer: M1
Net VDD: dangling Wire at (36.072, 20.304) (36.072, 20.304) on layer: M1
Net VDD: dangling Wire at (529.524, 20.844) (529.524, 20.844) on layer: M1
Net VDD: dangling Wire at (465.588, 20.844) (465.588, 20.844) on layer: M1
Net VDD: dangling Wire at (430.002, 20.844) (430.002, 20.844) on layer: M1
Net VDD: dangling Wire at (303.210, 20.844) (303.210, 20.844) on layer: M1
Net VDD: dangling Wire at (137.538, 20.844) (137.538, 20.844) on layer: M1
Net VDD: dangling Wire at (102.168, 20.844) (102.168, 20.844) on layer: M1
Net VDD: dangling Wire at (33.912, 20.844) (33.912, 20.844) on layer: M1
Net VDD: dangling Wire at (465.588, 21.384) (465.588, 21.384) on layer: M1
Net VDD: dangling Wire at (430.002, 21.384) (430.002, 21.384) on layer: M1
Net VDD: dangling Wire at (303.210, 21.384) (303.210, 21.384) on layer: M1
Net VDD: dangling Wire at (137.538, 21.384) (137.538, 21.384) on layer: M1
Net VDD: dangling Wire at (102.168, 21.384) (102.168, 21.384) on layer: M1
Net VDD: dangling Wire at (36.072, 21.384) (36.072, 21.384) on layer: M1
Net VDD: dangling Wire at (529.524, 21.924) (529.524, 21.924) on layer: M1
Net VDD: dangling Wire at (465.588, 21.924) (465.588, 21.924) on layer: M1
Net VDD: dangling Wire at (430.002, 21.924) (430.002, 21.924) on layer: M1
Net VDD: dangling Wire at (303.210, 21.924) (303.210, 21.924) on layer: M1
Net VDD: dangling Wire at (137.538, 21.924) (137.538, 21.924) on layer: M1
Net VDD: dangling Wire at (102.168, 21.924) (102.168, 21.924) on layer: M1
Net VDD: dangling Wire at (529.524, 22.464) (529.524, 22.464) on layer: M1
Net VDD: dangling Wire at (465.588, 22.464) (465.588, 22.464) on layer: M1
Net VDD: dangling Wire at (430.002, 22.464) (430.002, 22.464) on layer: M1
Net VDD: dangling Wire at (303.210, 22.464) (303.210, 22.464) on layer: M1
Net VDD: dangling Wire at (137.538, 22.464) (137.538, 22.464) on layer: M1
Net VDD: dangling Wire at (102.168, 22.464) (102.168, 22.464) on layer: M1
Net VDD: dangling Wire at (33.912, 22.464) (33.912, 22.464) on layer: M1
Net VDD: dangling Wire at (36.072, 22.464) (36.072, 22.464) on layer: M1
Net VDD: dangling Wire at (529.524, 23.004) (529.524, 23.004) on layer: M1
Net VDD: dangling Wire at (465.588, 23.004) (465.588, 23.004) on layer: M1
Net VDD: dangling Wire at (430.002, 23.004) (430.002, 23.004) on layer: M1
Net VDD: dangling Wire at (303.210, 23.004) (303.210, 23.004) on layer: M1
Net VDD: dangling Wire at (137.538, 23.004) (137.538, 23.004) on layer: M1
Net VDD: dangling Wire at (102.168, 23.004) (102.168, 23.004) on layer: M1
Net VDD: dangling Wire at (33.912, 23.004) (33.912, 23.004) on layer: M1
Net VDD: dangling Wire at (36.072, 23.004) (36.072, 23.004) on layer: M1
Net VDD: dangling Wire at (529.524, 23.544) (529.524, 23.544) on layer: M1
Net VDD: dangling Wire at (465.588, 23.544) (465.588, 23.544) on layer: M1
Net VDD: dangling Wire at (430.002, 23.544) (430.002, 23.544) on layer: M1
Net VDD: dangling Wire at (303.210, 23.544) (303.210, 23.544) on layer: M1
Net VDD: dangling Wire at (137.538, 23.544) (137.538, 23.544) on layer: M1
Net VDD: dangling Wire at (102.168, 23.544) (102.168, 23.544) on layer: M1
Net VDD: dangling Wire at (33.912, 23.544) (33.912, 23.544) on layer: M1
Net VDD: dangling Wire at (36.072, 23.544) (36.072, 23.544) on layer: M1
Net VDD: dangling Wire at (529.524, 24.084) (529.524, 24.084) on layer: M1
Net VDD: dangling Wire at (465.588, 24.084) (465.588, 24.084) on layer: M1
Net VDD: dangling Wire at (430.002, 24.084) (430.002, 24.084) on layer: M1
Net VDD: dangling Wire at (303.210, 24.084) (303.210, 24.084) on layer: M1
Net VDD: dangling Wire at (137.538, 24.084) (137.538, 24.084) on layer: M1
Net VDD: dangling Wire at (102.168, 24.084) (102.168, 24.084) on layer: M1
Net VDD: dangling Wire at (33.912, 24.084) (33.912, 24.084) on layer: M1
Net VDD: dangling Wire at (36.072, 24.084) (36.072, 24.084) on layer: M1
Net VDD: dangling Wire at (529.524, 24.624) (529.524, 24.624) on layer: M1
Net VDD: dangling Wire at (465.588, 24.624) (465.588, 24.624) on layer: M1
Net VDD: dangling Wire at (430.002, 24.624) (430.002, 24.624) on layer: M1
Net VDD: dangling Wire at (303.210, 24.624) (303.210, 24.624) on layer: M1
Net VDD: dangling Wire at (137.538, 24.624) (137.538, 24.624) on layer: M1
Net VDD: dangling Wire at (102.168, 24.624) (102.168, 24.624) on layer: M1
Net VDD: dangling Wire at (33.912, 24.624) (33.912, 24.624) on layer: M1
Net VDD: dangling Wire at (36.072, 24.624) (36.072, 24.624) on layer: M1
Net VDD: dangling Wire at (529.524, 25.164) (529.524, 25.164) on layer: M1
Net VDD: dangling Wire at (465.588, 25.164) (465.588, 25.164) on layer: M1
Net VDD: dangling Wire at (430.002, 25.164) (430.002, 25.164) on layer: M1
Net VDD: dangling Wire at (303.210, 25.164) (303.210, 25.164) on layer: M1
Net VDD: dangling Wire at (137.538, 25.164) (137.538, 25.164) on layer: M1
Net VDD: dangling Wire at (102.168, 25.164) (102.168, 25.164) on layer: M1
Net VDD: dangling Wire at (33.912, 25.164) (33.912, 25.164) on layer: M1
Net VDD: dangling Wire at (36.072, 25.164) (36.072, 25.164) on layer: M1
Net VDD: dangling Wire at (529.524, 25.704) (529.524, 25.704) on layer: M1
Net VDD: dangling Wire at (465.588, 25.704) (465.588, 25.704) on layer: M1
Net VDD: dangling Wire at (430.002, 25.704) (430.002, 25.704) on layer: M1
Net VDD: dangling Wire at (303.210, 25.704) (303.210, 25.704) on layer: M1
Net VDD: dangling Wire at (137.538, 25.704) (137.538, 25.704) on layer: M1
Net VDD: dangling Wire at (102.168, 25.704) (102.168, 25.704) on layer: M1
Net VDD: dangling Wire at (33.912, 25.704) (33.912, 25.704) on layer: M1
Net VDD: dangling Wire at (36.072, 25.704) (36.072, 25.704) on layer: M1
Net VDD: dangling Wire at (529.524, 26.244) (529.524, 26.244) on layer: M1
Net VDD: dangling Wire at (465.588, 26.244) (465.588, 26.244) on layer: M1
Net VDD: dangling Wire at (430.002, 26.244) (430.002, 26.244) on layer: M1
Net VDD: dangling Wire at (303.210, 26.244) (303.210, 26.244) on layer: M1
Net VDD: dangling Wire at (137.538, 26.244) (137.538, 26.244) on layer: M1
Net VDD: dangling Wire at (102.168, 26.244) (102.168, 26.244) on layer: M1
Net VDD: dangling Wire at (33.912, 26.244) (33.912, 26.244) on layer: M1
Net VDD: dangling Wire at (36.072, 26.244) (36.072, 26.244) on layer: M1
Net VDD: dangling Wire at (529.524, 26.784) (529.524, 26.784) on layer: M1
Net VDD: dangling Wire at (465.588, 26.784) (465.588, 26.784) on layer: M1
Net VDD: dangling Wire at (430.002, 26.784) (430.002, 26.784) on layer: M1
Net VDD: dangling Wire at (303.210, 26.784) (303.210, 26.784) on layer: M1
Net VDD: dangling Wire at (137.538, 26.784) (137.538, 26.784) on layer: M1
Net VDD: dangling Wire at (102.168, 26.784) (102.168, 26.784) on layer: M1
Net VDD: dangling Wire at (33.912, 26.784) (33.912, 26.784) on layer: M1
Net VDD: dangling Wire at (36.072, 26.784) (36.072, 26.784) on layer: M1
Net VDD: dangling Wire at (529.524, 27.324) (529.524, 27.324) on layer: M1
Net VDD: dangling Wire at (465.588, 27.324) (465.588, 27.324) on layer: M1
Net VDD: dangling Wire at (430.002, 27.324) (430.002, 27.324) on layer: M1
Net VDD: dangling Wire at (303.210, 27.324) (303.210, 27.324) on layer: M1
Net VDD: dangling Wire at (137.538, 27.324) (137.538, 27.324) on layer: M1
Net VDD: dangling Wire at (102.168, 27.324) (102.168, 27.324) on layer: M1
Net VDD: dangling Wire at (36.072, 27.324) (36.072, 27.324) on layer: M1
Net VDD: dangling Wire at (529.524, 27.864) (529.524, 27.864) on layer: M1
Net VDD: dangling Wire at (465.588, 27.864) (465.588, 27.864) on layer: M1
Net VDD: dangling Wire at (430.002, 27.864) (430.002, 27.864) on layer: M1
Net VDD: dangling Wire at (303.210, 27.864) (303.210, 27.864) on layer: M1
Net VDD: dangling Wire at (137.538, 27.864) (137.538, 27.864) on layer: M1
Net VDD: dangling Wire at (102.168, 27.864) (102.168, 27.864) on layer: M1
Net VDD: dangling Wire at (36.072, 27.864) (36.072, 27.864) on layer: M1
Net VDD: dangling Wire at (529.524, 28.404) (529.524, 28.404) on layer: M1
Net VDD: dangling Wire at (465.588, 28.404) (465.588, 28.404) on layer: M1
Net VDD: dangling Wire at (430.002, 28.404) (430.002, 28.404) on layer: M1
Net VDD: dangling Wire at (303.210, 28.404) (303.210, 28.404) on layer: M1
Net VDD: dangling Wire at (137.538, 28.404) (137.538, 28.404) on layer: M1
Net VDD: dangling Wire at (102.168, 28.404) (102.168, 28.404) on layer: M1
Net VDD: dangling Wire at (36.072, 28.404) (36.072, 28.404) on layer: M1
Net VDD: dangling Wire at (529.524, 28.944) (529.524, 28.944) on layer: M1
Net VDD: dangling Wire at (465.588, 28.944) (465.588, 28.944) on layer: M1
Net VDD: dangling Wire at (430.002, 28.944) (430.002, 28.944) on layer: M1
Net VDD: dangling Wire at (303.210, 28.944) (303.210, 28.944) on layer: M1
Net VDD: dangling Wire at (137.538, 28.944) (137.538, 28.944) on layer: M1
Net VDD: dangling Wire at (102.168, 28.944) (102.168, 28.944) on layer: M1
Net VDD: dangling Wire at (33.912, 28.944) (33.912, 28.944) on layer: M1
Net VDD: dangling Wire at (36.072, 28.944) (36.072, 28.944) on layer: M1
Net VDD: dangling Wire at (529.524, 29.484) (529.524, 29.484) on layer: M1
Net VDD: dangling Wire at (465.588, 29.484) (465.588, 29.484) on layer: M1
Net VDD: dangling Wire at (430.002, 29.484) (430.002, 29.484) on layer: M1
Net VDD: dangling Wire at (303.210, 29.484) (303.210, 29.484) on layer: M1
Net VDD: dangling Wire at (137.538, 29.484) (137.538, 29.484) on layer: M1
Net VDD: dangling Wire at (102.168, 29.484) (102.168, 29.484) on layer: M1
Net VDD: dangling Wire at (33.912, 29.484) (33.912, 29.484) on layer: M1
Net VDD: dangling Wire at (36.072, 29.484) (36.072, 29.484) on layer: M1
Net VDD: dangling Wire at (529.524, 30.024) (529.524, 30.024) on layer: M1
Net VDD: dangling Wire at (465.588, 30.024) (465.588, 30.024) on layer: M1
Net VDD: dangling Wire at (430.002, 30.024) (430.002, 30.024) on layer: M1
Net VDD: dangling Wire at (303.210, 30.024) (303.210, 30.024) on layer: M1
Net VDD: dangling Wire at (137.538, 30.024) (137.538, 30.024) on layer: M1
Net VDD: dangling Wire at (102.168, 30.024) (102.168, 30.024) on layer: M1
Net VDD: dangling Wire at (33.912, 30.024) (33.912, 30.024) on layer: M1
Net VDD: dangling Wire at (36.072, 30.024) (36.072, 30.024) on layer: M1
Net VDD: dangling Wire at (529.524, 30.564) (529.524, 30.564) on layer: M1
Net VDD: dangling Wire at (465.588, 30.564) (465.588, 30.564) on layer: M1
Net VDD: dangling Wire at (430.002, 30.564) (430.002, 30.564) on layer: M1
Net VDD: dangling Wire at (303.210, 30.564) (303.210, 30.564) on layer: M1
Net VDD: dangling Wire at (137.538, 30.564) (137.538, 30.564) on layer: M1
Net VDD: dangling Wire at (102.168, 30.564) (102.168, 30.564) on layer: M1
Net VDD: dangling Wire at (33.912, 30.564) (33.912, 30.564) on layer: M1
Net VDD: dangling Wire at (36.072, 30.564) (36.072, 30.564) on layer: M1
Net VDD: dangling Wire at (529.524, 31.104) (529.524, 31.104) on layer: M1
Net VDD: dangling Wire at (465.588, 31.104) (465.588, 31.104) on layer: M1
Net VDD: dangling Wire at (430.002, 31.104) (430.002, 31.104) on layer: M1
Net VDD: dangling Wire at (303.210, 31.104) (303.210, 31.104) on layer: M1
Net VDD: dangling Wire at (137.538, 31.104) (137.538, 31.104) on layer: M1
Net VDD: dangling Wire at (102.168, 31.104) (102.168, 31.104) on layer: M1
Net VDD: dangling Wire at (33.912, 31.104) (33.912, 31.104) on layer: M1
Net VDD: dangling Wire at (36.072, 31.104) (36.072, 31.104) on layer: M1
Net VDD: dangling Wire at (529.524, 31.644) (529.524, 31.644) on layer: M1
Net VDD: dangling Wire at (465.588, 31.644) (465.588, 31.644) on layer: M1
Net VDD: dangling Wire at (430.002, 31.644) (430.002, 31.644) on layer: M1
Net VDD: dangling Wire at (303.210, 31.644) (303.210, 31.644) on layer: M1
Net VDD: dangling Wire at (137.538, 31.644) (137.538, 31.644) on layer: M1
Net VDD: dangling Wire at (102.168, 31.644) (102.168, 31.644) on layer: M1
Net VDD: dangling Wire at (33.912, 31.644) (33.912, 31.644) on layer: M1
Net VDD: dangling Wire at (36.072, 31.644) (36.072, 31.644) on layer: M1
Net VDD: dangling Wire at (529.524, 32.184) (529.524, 32.184) on layer: M1
Net VDD: dangling Wire at (465.588, 32.184) (465.588, 32.184) on layer: M1
Net VDD: dangling Wire at (430.002, 32.184) (430.002, 32.184) on layer: M1
Net VDD: dangling Wire at (303.210, 32.184) (303.210, 32.184) on layer: M1
Net VDD: dangling Wire at (137.538, 32.184) (137.538, 32.184) on layer: M1
Net VDD: dangling Wire at (102.168, 32.184) (102.168, 32.184) on layer: M1
Net VDD: dangling Wire at (33.912, 32.184) (33.912, 32.184) on layer: M1
Net VDD: dangling Wire at (36.072, 32.184) (36.072, 32.184) on layer: M1
Net VDD: dangling Wire at (529.524, 32.724) (529.524, 32.724) on layer: M1
Net VDD: dangling Wire at (465.588, 32.724) (465.588, 32.724) on layer: M1
Net VDD: dangling Wire at (430.002, 32.724) (430.002, 32.724) on layer: M1
Net VDD: dangling Wire at (303.210, 32.724) (303.210, 32.724) on layer: M1
Net VDD: dangling Wire at (137.538, 32.724) (137.538, 32.724) on layer: M1
Net VDD: dangling Wire at (102.168, 32.724) (102.168, 32.724) on layer: M1
Net VDD: dangling Wire at (33.912, 32.724) (33.912, 32.724) on layer: M1
Net VDD: dangling Wire at (36.072, 32.724) (36.072, 32.724) on layer: M1
Net VDD: dangling Wire at (529.524, 33.264) (529.524, 33.264) on layer: M1
Net VDD: dangling Wire at (465.588, 33.264) (465.588, 33.264) on layer: M1
Net VDD: dangling Wire at (430.002, 33.264) (430.002, 33.264) on layer: M1
Net VDD: dangling Wire at (303.210, 33.264) (303.210, 33.264) on layer: M1
Net VDD: dangling Wire at (137.538, 33.264) (137.538, 33.264) on layer: M1
Net VDD: dangling Wire at (102.168, 33.264) (102.168, 33.264) on layer: M1
Net VDD: dangling Wire at (33.912, 33.264) (33.912, 33.264) on layer: M1
Net VDD: dangling Wire at (36.072, 33.264) (36.072, 33.264) on layer: M1
Net VDD: dangling Wire at (529.524, 33.804) (529.524, 33.804) on layer: M1
Net VDD: dangling Wire at (465.588, 33.804) (465.588, 33.804) on layer: M1
Net VDD: dangling Wire at (430.002, 33.804) (430.002, 33.804) on layer: M1
Net VDD: dangling Wire at (303.210, 33.804) (303.210, 33.804) on layer: M1
Net VDD: dangling Wire at (137.538, 33.804) (137.538, 33.804) on layer: M1
Net VDD: dangling Wire at (102.168, 33.804) (102.168, 33.804) on layer: M1
Net VDD: dangling Wire at (36.072, 33.804) (36.072, 33.804) on layer: M1
Net VDD: dangling Wire at (529.524, 34.344) (529.524, 34.344) on layer: M1
Net VDD: dangling Wire at (465.588, 34.344) (465.588, 34.344) on layer: M1
Net VDD: dangling Wire at (430.002, 34.344) (430.002, 34.344) on layer: M1
Net VDD: dangling Wire at (303.210, 34.344) (303.210, 34.344) on layer: M1
Net VDD: dangling Wire at (137.538, 34.344) (137.538, 34.344) on layer: M1
Net VDD: dangling Wire at (102.168, 34.344) (102.168, 34.344) on layer: M1
Net VDD: dangling Wire at (33.912, 34.344) (33.912, 34.344) on layer: M1
Net VDD: dangling Wire at (36.072, 34.344) (36.072, 34.344) on layer: M1
Net VDD: dangling Wire at (529.524, 34.884) (529.524, 34.884) on layer: M1
Net VDD: dangling Wire at (465.588, 34.884) (465.588, 34.884) on layer: M1
Net VDD: dangling Wire at (430.002, 34.884) (430.002, 34.884) on layer: M1
Net VDD: dangling Wire at (303.210, 34.884) (303.210, 34.884) on layer: M1
Net VDD: dangling Wire at (137.538, 34.884) (137.538, 34.884) on layer: M1
Net VDD: dangling Wire at (102.168, 34.884) (102.168, 34.884) on layer: M1
Net VDD: dangling Wire at (33.912, 34.884) (33.912, 34.884) on layer: M1
Net VDD: dangling Wire at (36.072, 34.884) (36.072, 34.884) on layer: M1
Net VDD: dangling Wire at (529.524, 35.424) (529.524, 35.424) on layer: M1
Net VDD: dangling Wire at (465.588, 35.424) (465.588, 35.424) on layer: M1
Net VDD: dangling Wire at (430.002, 35.424) (430.002, 35.424) on layer: M1
Net VDD: dangling Wire at (303.210, 35.424) (303.210, 35.424) on layer: M1
Net VDD: dangling Wire at (137.538, 35.424) (137.538, 35.424) on layer: M1
Net VDD: dangling Wire at (102.168, 35.424) (102.168, 35.424) on layer: M1
Net VDD: dangling Wire at (33.912, 35.424) (33.912, 35.424) on layer: M1
Net VDD: dangling Wire at (36.072, 35.424) (36.072, 35.424) on layer: M1
Net VDD: dangling Wire at (529.524, 35.964) (529.524, 35.964) on layer: M1
Net VDD: dangling Wire at (465.588, 35.964) (465.588, 35.964) on layer: M1
Net VDD: dangling Wire at (430.002, 35.964) (430.002, 35.964) on layer: M1
Net VDD: dangling Wire at (303.210, 35.964) (303.210, 35.964) on layer: M1
Net VDD: dangling Wire at (137.538, 35.964) (137.538, 35.964) on layer: M1
Net VDD: dangling Wire at (33.912, 35.964) (33.912, 35.964) on layer: M1
Net VDD: dangling Wire at (36.072, 35.964) (36.072, 35.964) on layer: M1
Net VDD: dangling Wire at (529.524, 36.504) (529.524, 36.504) on layer: M1
Net VDD: dangling Wire at (465.588, 36.504) (465.588, 36.504) on layer: M1
Net VDD: dangling Wire at (430.002, 36.504) (430.002, 36.504) on layer: M1
Net VDD: dangling Wire at (303.210, 36.504) (303.210, 36.504) on layer: M1
Net VDD: dangling Wire at (137.538, 36.504) (137.538, 36.504) on layer: M1
Net VDD: dangling Wire at (102.168, 36.504) (102.168, 36.504) on layer: M1
Net VDD: dangling Wire at (33.912, 36.504) (33.912, 36.504) on layer: M1
Net VDD: dangling Wire at (36.072, 36.504) (36.072, 36.504) on layer: M1
Net VDD: dangling Wire at (529.524, 37.044) (529.524, 37.044) on layer: M1
Net VDD: dangling Wire at (465.588, 37.044) (465.588, 37.044) on layer: M1
Net VDD: dangling Wire at (430.002, 37.044) (430.002, 37.044) on layer: M1
Net VDD: dangling Wire at (303.210, 37.044) (303.210, 37.044) on layer: M1
Net VDD: dangling Wire at (137.538, 37.044) (137.538, 37.044) on layer: M1
Net VDD: dangling Wire at (102.168, 37.044) (102.168, 37.044) on layer: M1
Net VDD: dangling Wire at (33.912, 37.044) (33.912, 37.044) on layer: M1
Net VDD: dangling Wire at (36.072, 37.044) (36.072, 37.044) on layer: M1
Net VDD: dangling Wire at (529.524, 37.584) (529.524, 37.584) on layer: M1
Net VDD: dangling Wire at (465.588, 37.584) (465.588, 37.584) on layer: M1
Net VDD: dangling Wire at (430.002, 37.584) (430.002, 37.584) on layer: M1
Net VDD: dangling Wire at (303.210, 37.584) (303.210, 37.584) on layer: M1
Net VDD: dangling Wire at (137.538, 37.584) (137.538, 37.584) on layer: M1
Net VDD: dangling Wire at (102.168, 37.584) (102.168, 37.584) on layer: M1
Net VDD: dangling Wire at (33.912, 37.584) (33.912, 37.584) on layer: M1
Net VDD: dangling Wire at (36.072, 37.584) (36.072, 37.584) on layer: M1
Net VDD: dangling Wire at (529.524, 38.124) (529.524, 38.124) on layer: M1
Net VDD: dangling Wire at (465.588, 38.124) (465.588, 38.124) on layer: M1
Net VDD: dangling Wire at (430.002, 38.124) (430.002, 38.124) on layer: M1
Net VDD: dangling Wire at (303.210, 38.124) (303.210, 38.124) on layer: M1
Net VDD: dangling Wire at (137.538, 38.124) (137.538, 38.124) on layer: M1
Net VDD: dangling Wire at (102.168, 38.124) (102.168, 38.124) on layer: M1
Net VDD: dangling Wire at (33.912, 38.124) (33.912, 38.124) on layer: M1
Net VDD: dangling Wire at (36.072, 38.124) (36.072, 38.124) on layer: M1
Net VDD: dangling Wire at (529.524, 38.664) (529.524, 38.664) on layer: M1
Net VDD: dangling Wire at (465.588, 38.664) (465.588, 38.664) on layer: M1
Net VDD: dangling Wire at (430.002, 38.664) (430.002, 38.664) on layer: M1
Net VDD: dangling Wire at (303.210, 38.664) (303.210, 38.664) on layer: M1
Net VDD: dangling Wire at (137.538, 38.664) (137.538, 38.664) on layer: M1
Net VDD: dangling Wire at (102.168, 38.664) (102.168, 38.664) on layer: M1
Net VDD: dangling Wire at (33.912, 38.664) (33.912, 38.664) on layer: M1
Net VDD: dangling Wire at (36.072, 38.664) (36.072, 38.664) on layer: M1
Net VDD: dangling Wire at (529.524, 39.204) (529.524, 39.204) on layer: M1
Net VDD: dangling Wire at (465.588, 39.204) (465.588, 39.204) on layer: M1
Net VDD: dangling Wire at (430.002, 39.204) (430.002, 39.204) on layer: M1
Net VDD: dangling Wire at (303.210, 39.204) (303.210, 39.204) on layer: M1
Net VDD: dangling Wire at (137.538, 39.204) (137.538, 39.204) on layer: M1
Net VDD: dangling Wire at (102.168, 39.204) (102.168, 39.204) on layer: M1
Net VDD: dangling Wire at (33.912, 39.204) (33.912, 39.204) on layer: M1
Net VDD: dangling Wire at (36.072, 39.204) (36.072, 39.204) on layer: M1
Net VDD: dangling Wire at (529.524, 39.744) (529.524, 39.744) on layer: M1
Net VDD: dangling Wire at (465.588, 39.744) (465.588, 39.744) on layer: M1
Net VDD: dangling Wire at (430.002, 39.744) (430.002, 39.744) on layer: M1
Net VDD: dangling Wire at (303.210, 39.744) (303.210, 39.744) on layer: M1
Net VDD: dangling Wire at (137.538, 39.744) (137.538, 39.744) on layer: M1
Net VDD: dangling Wire at (102.168, 39.744) (102.168, 39.744) on layer: M1
Net VDD: dangling Wire at (33.912, 39.744) (33.912, 39.744) on layer: M1
Net VDD: dangling Wire at (36.072, 39.744) (36.072, 39.744) on layer: M1
Net VDD: dangling Wire at (529.524, 40.284) (529.524, 40.284) on layer: M1
Net VDD: dangling Wire at (465.588, 40.284) (465.588, 40.284) on layer: M1
Net VDD: dangling Wire at (430.002, 40.284) (430.002, 40.284) on layer: M1
Net VDD: dangling Wire at (303.210, 40.284) (303.210, 40.284) on layer: M1
Net VDD: dangling Wire at (137.538, 40.284) (137.538, 40.284) on layer: M1
Net VDD: dangling Wire at (102.168, 40.284) (102.168, 40.284) on layer: M1
Net VDD: dangling Wire at (33.912, 40.284) (33.912, 40.284) on layer: M1
Net VDD: dangling Wire at (36.072, 40.284) (36.072, 40.284) on layer: M1
Net VDD: dangling Wire at (529.524, 40.824) (529.524, 40.824) on layer: M1
Net VDD: dangling Wire at (465.588, 40.824) (465.588, 40.824) on layer: M1
Net VDD: dangling Wire at (430.002, 40.824) (430.002, 40.824) on layer: M1
Net VDD: dangling Wire at (303.210, 40.824) (303.210, 40.824) on layer: M1
Net VDD: dangling Wire at (137.538, 40.824) (137.538, 40.824) on layer: M1
Net VDD: dangling Wire at (102.168, 40.824) (102.168, 40.824) on layer: M1
Net VDD: dangling Wire at (33.912, 40.824) (33.912, 40.824) on layer: M1
Net VDD: dangling Wire at (36.072, 40.824) (36.072, 40.824) on layer: M1
Net VDD: dangling Wire at (529.524, 41.364) (529.524, 41.364) on layer: M1
Net VDD: dangling Wire at (465.588, 41.364) (465.588, 41.364) on layer: M1
Net VDD: dangling Wire at (430.002, 41.364) (430.002, 41.364) on layer: M1
Net VDD: dangling Wire at (303.210, 41.364) (303.210, 41.364) on layer: M1
Net VDD: dangling Wire at (137.538, 41.364) (137.538, 41.364) on layer: M1
Net VDD: dangling Wire at (102.168, 41.364) (102.168, 41.364) on layer: M1
Net VDD: dangling Wire at (33.912, 41.364) (33.912, 41.364) on layer: M1
Net VDD: dangling Wire at (36.072, 41.364) (36.072, 41.364) on layer: M1
Net VDD: dangling Wire at (529.524, 41.904) (529.524, 41.904) on layer: M1
Net VDD: dangling Wire at (465.588, 41.904) (465.588, 41.904) on layer: M1
Net VDD: dangling Wire at (430.002, 41.904) (430.002, 41.904) on layer: M1
Net VDD: dangling Wire at (303.210, 41.904) (303.210, 41.904) on layer: M1
Net VDD: dangling Wire at (137.538, 41.904) (137.538, 41.904) on layer: M1
Net VDD: dangling Wire at (102.168, 41.904) (102.168, 41.904) on layer: M1
Net VDD: dangling Wire at (33.912, 41.904) (33.912, 41.904) on layer: M1
Net VDD: dangling Wire at (36.072, 41.904) (36.072, 41.904) on layer: M1
Net VDD: dangling Wire at (529.524, 42.444) (529.524, 42.444) on layer: M1
Net VDD: dangling Wire at (465.588, 42.444) (465.588, 42.444) on layer: M1
Net VDD: dangling Wire at (430.002, 42.444) (430.002, 42.444) on layer: M1
Net VDD: dangling Wire at (303.210, 42.444) (303.210, 42.444) on layer: M1
Net VDD: dangling Wire at (137.538, 42.444) (137.538, 42.444) on layer: M1
Net VDD: dangling Wire at (102.168, 42.444) (102.168, 42.444) on layer: M1
Net VDD: dangling Wire at (33.912, 42.444) (33.912, 42.444) on layer: M1
Net VDD: dangling Wire at (36.072, 42.444) (36.072, 42.444) on layer: M1
Net VDD: dangling Wire at (529.524, 42.984) (529.524, 42.984) on layer: M1
Net VDD: dangling Wire at (465.588, 42.984) (465.588, 42.984) on layer: M1
Net VDD: dangling Wire at (430.002, 42.984) (430.002, 42.984) on layer: M1
Net VDD: dangling Wire at (303.210, 42.984) (303.210, 42.984) on layer: M1
Net VDD: dangling Wire at (137.538, 42.984) (137.538, 42.984) on layer: M1
Net VDD: dangling Wire at (102.168, 42.984) (102.168, 42.984) on layer: M1
Net VDD: dangling Wire at (33.912, 42.984) (33.912, 42.984) on layer: M1
Net VDD: dangling Wire at (36.072, 42.984) (36.072, 42.984) on layer: M1
Net VDD: dangling Wire at (529.524, 43.524) (529.524, 43.524) on layer: M1
Net VDD: dangling Wire at (465.588, 43.524) (465.588, 43.524) on layer: M1
Net VDD: dangling Wire at (430.002, 43.524) (430.002, 43.524) on layer: M1
Net VDD: dangling Wire at (303.210, 43.524) (303.210, 43.524) on layer: M1
Net VDD: dangling Wire at (137.538, 43.524) (137.538, 43.524) on layer: M1
Net VDD: dangling Wire at (102.168, 43.524) (102.168, 43.524) on layer: M1
Net VDD: dangling Wire at (36.072, 43.524) (36.072, 43.524) on layer: M1
Net VDD: dangling Wire at (529.524, 44.064) (529.524, 44.064) on layer: M1
Net VDD: dangling Wire at (465.588, 44.064) (465.588, 44.064) on layer: M1
Net VDD: dangling Wire at (430.002, 44.064) (430.002, 44.064) on layer: M1
Net VDD: dangling Wire at (303.210, 44.064) (303.210, 44.064) on layer: M1
Net VDD: dangling Wire at (137.538, 44.064) (137.538, 44.064) on layer: M1
Net VDD: dangling Wire at (102.168, 44.064) (102.168, 44.064) on layer: M1
Net VDD: dangling Wire at (33.912, 44.064) (33.912, 44.064) on layer: M1
Net VDD: dangling Wire at (36.072, 44.064) (36.072, 44.064) on layer: M1
Net VDD: dangling Wire at (529.524, 44.604) (529.524, 44.604) on layer: M1
Net VDD: dangling Wire at (465.588, 44.604) (465.588, 44.604) on layer: M1
Net VDD: dangling Wire at (430.002, 44.604) (430.002, 44.604) on layer: M1
Net VDD: dangling Wire at (303.210, 44.604) (303.210, 44.604) on layer: M1
Net VDD: dangling Wire at (137.538, 44.604) (137.538, 44.604) on layer: M1
Net VDD: dangling Wire at (102.168, 44.604) (102.168, 44.604) on layer: M1
Net VDD: dangling Wire at (33.912, 44.604) (33.912, 44.604) on layer: M1
Net VDD: dangling Wire at (36.072, 44.604) (36.072, 44.604) on layer: M1
Net VDD: dangling Wire at (529.524, 45.144) (529.524, 45.144) on layer: M1
Net VDD: dangling Wire at (465.588, 45.144) (465.588, 45.144) on layer: M1
Net VDD: dangling Wire at (430.002, 45.144) (430.002, 45.144) on layer: M1
Net VDD: dangling Wire at (303.210, 45.144) (303.210, 45.144) on layer: M1
Net VDD: dangling Wire at (137.538, 45.144) (137.538, 45.144) on layer: M1
Net VDD: dangling Wire at (102.168, 45.144) (102.168, 45.144) on layer: M1
Net VDD: dangling Wire at (33.912, 45.144) (33.912, 45.144) on layer: M1
Net VDD: dangling Wire at (36.072, 45.144) (36.072, 45.144) on layer: M1
Net VDD: dangling Wire at (529.524, 45.684) (529.524, 45.684) on layer: M1
Net VDD: dangling Wire at (465.588, 45.684) (465.588, 45.684) on layer: M1
Net VDD: dangling Wire at (430.002, 45.684) (430.002, 45.684) on layer: M1
Net VDD: dangling Wire at (303.210, 45.684) (303.210, 45.684) on layer: M1
Net VDD: dangling Wire at (137.538, 45.684) (137.538, 45.684) on layer: M1
Net VDD: dangling Wire at (102.168, 45.684) (102.168, 45.684) on layer: M1
Net VDD: dangling Wire at (33.912, 45.684) (33.912, 45.684) on layer: M1
Net VDD: dangling Wire at (36.072, 45.684) (36.072, 45.684) on layer: M1
Net VDD: dangling Wire at (529.524, 46.224) (529.524, 46.224) on layer: M1
Net VDD: dangling Wire at (465.588, 46.224) (465.588, 46.224) on layer: M1
Net VDD: dangling Wire at (430.002, 46.224) (430.002, 46.224) on layer: M1
Net VDD: dangling Wire at (303.210, 46.224) (303.210, 46.224) on layer: M1
Net VDD: dangling Wire at (137.538, 46.224) (137.538, 46.224) on layer: M1
Net VDD: dangling Wire at (102.168, 46.224) (102.168, 46.224) on layer: M1
Net VDD: dangling Wire at (33.912, 46.224) (33.912, 46.224) on layer: M1
Net VDD: dangling Wire at (36.072, 46.224) (36.072, 46.224) on layer: M1
Net VDD: dangling Wire at (529.524, 46.764) (529.524, 46.764) on layer: M1
Net VDD: dangling Wire at (465.588, 46.764) (465.588, 46.764) on layer: M1
Net VDD: dangling Wire at (430.002, 46.764) (430.002, 46.764) on layer: M1
Net VDD: dangling Wire at (303.210, 46.764) (303.210, 46.764) on layer: M1
Net VDD: dangling Wire at (137.538, 46.764) (137.538, 46.764) on layer: M1
Net VDD: dangling Wire at (102.168, 46.764) (102.168, 46.764) on layer: M1
Net VDD: dangling Wire at (33.912, 46.764) (33.912, 46.764) on layer: M1
Net VDD: dangling Wire at (36.072, 46.764) (36.072, 46.764) on layer: M1
Net VDD: dangling Wire at (529.524, 47.304) (529.524, 47.304) on layer: M1
Net VDD: dangling Wire at (465.588, 47.304) (465.588, 47.304) on layer: M1
Net VDD: dangling Wire at (430.002, 47.304) (430.002, 47.304) on layer: M1
Net VDD: dangling Wire at (303.210, 47.304) (303.210, 47.304) on layer: M1
Net VDD: dangling Wire at (137.538, 47.304) (137.538, 47.304) on layer: M1
Net VDD: dangling Wire at (102.168, 47.304) (102.168, 47.304) on layer: M1
Net VDD: dangling Wire at (33.912, 47.304) (33.912, 47.304) on layer: M1
Net VDD: dangling Wire at (36.072, 47.304) (36.072, 47.304) on layer: M1
Net VDD: dangling Wire at (529.524, 47.844) (529.524, 47.844) on layer: M1
Net VDD: dangling Wire at (465.588, 47.844) (465.588, 47.844) on layer: M1
Net VDD: dangling Wire at (430.002, 47.844) (430.002, 47.844) on layer: M1
Net VDD: dangling Wire at (303.210, 47.844) (303.210, 47.844) on layer: M1
Net VDD: dangling Wire at (137.538, 47.844) (137.538, 47.844) on layer: M1
Net VDD: dangling Wire at (102.168, 47.844) (102.168, 47.844) on layer: M1
Net VDD: dangling Wire at (33.912, 47.844) (33.912, 47.844) on layer: M1
Net VDD: dangling Wire at (36.072, 47.844) (36.072, 47.844) on layer: M1
Net VDD: dangling Wire at (529.524, 48.384) (529.524, 48.384) on layer: M1
Net VDD: dangling Wire at (465.588, 48.384) (465.588, 48.384) on layer: M1
Net VDD: dangling Wire at (430.002, 48.384) (430.002, 48.384) on layer: M1
Net VDD: dangling Wire at (303.210, 48.384) (303.210, 48.384) on layer: M1
Net VDD: dangling Wire at (137.538, 48.384) (137.538, 48.384) on layer: M1
Net VDD: dangling Wire at (102.168, 48.384) (102.168, 48.384) on layer: M1
Net VDD: dangling Wire at (33.912, 48.384) (33.912, 48.384) on layer: M1
Net VDD: dangling Wire at (36.072, 48.384) (36.072, 48.384) on layer: M1
Net VDD: dangling Wire at (529.524, 48.924) (529.524, 48.924) on layer: M1
Net VDD: dangling Wire at (465.588, 48.924) (465.588, 48.924) on layer: M1
Net VDD: dangling Wire at (430.002, 48.924) (430.002, 48.924) on layer: M1
Net VDD: dangling Wire at (303.210, 48.924) (303.210, 48.924) on layer: M1
Net VDD: dangling Wire at (137.538, 48.924) (137.538, 48.924) on layer: M1
Net VDD: dangling Wire at (102.168, 48.924) (102.168, 48.924) on layer: M1
Net VDD: dangling Wire at (33.912, 48.924) (33.912, 48.924) on layer: M1
Net VDD: dangling Wire at (36.072, 48.924) (36.072, 48.924) on layer: M1
Net VDD: dangling Wire at (529.524, 49.464) (529.524, 49.464) on layer: M1
Net VDD: dangling Wire at (465.588, 49.464) (465.588, 49.464) on layer: M1
Net VDD: dangling Wire at (430.002, 49.464) (430.002, 49.464) on layer: M1
Net VDD: dangling Wire at (303.210, 49.464) (303.210, 49.464) on layer: M1
Net VDD: dangling Wire at (137.538, 49.464) (137.538, 49.464) on layer: M1
Net VDD: dangling Wire at (102.168, 49.464) (102.168, 49.464) on layer: M1
Net VDD: dangling Wire at (33.912, 49.464) (33.912, 49.464) on layer: M1
Net VDD: dangling Wire at (36.072, 49.464) (36.072, 49.464) on layer: M1
Net VDD: dangling Wire at (529.524, 50.004) (529.524, 50.004) on layer: M1
Net VDD: dangling Wire at (465.588, 50.004) (465.588, 50.004) on layer: M1
Net VDD: dangling Wire at (430.002, 50.004) (430.002, 50.004) on layer: M1
Net VDD: dangling Wire at (303.210, 50.004) (303.210, 50.004) on layer: M1
Net VDD: dangling Wire at (137.538, 50.004) (137.538, 50.004) on layer: M1
Net VDD: dangling Wire at (102.168, 50.004) (102.168, 50.004) on layer: M1
Net VDD: dangling Wire at (33.912, 50.004) (33.912, 50.004) on layer: M1
Net VDD: dangling Wire at (36.072, 50.004) (36.072, 50.004) on layer: M1
Net VDD: dangling Wire at (529.524, 50.544) (529.524, 50.544) on layer: M1
Net VDD: dangling Wire at (465.588, 50.544) (465.588, 50.544) on layer: M1
Net VDD: dangling Wire at (430.002, 50.544) (430.002, 50.544) on layer: M1
Net VDD: dangling Wire at (303.210, 50.544) (303.210, 50.544) on layer: M1
Net VDD: dangling Wire at (137.538, 50.544) (137.538, 50.544) on layer: M1
Net VDD: dangling Wire at (102.168, 50.544) (102.168, 50.544) on layer: M1
Net VDD: dangling Wire at (33.912, 50.544) (33.912, 50.544) on layer: M1
Net VDD: dangling Wire at (36.072, 50.544) (36.072, 50.544) on layer: M1
Net VDD: dangling Wire at (529.524, 51.084) (529.524, 51.084) on layer: M1
Net VDD: dangling Wire at (465.588, 51.084) (465.588, 51.084) on layer: M1
Net VDD: dangling Wire at (430.002, 51.084) (430.002, 51.084) on layer: M1
Net VDD: dangling Wire at (303.210, 51.084) (303.210, 51.084) on layer: M1
Net VDD: dangling Wire at (137.538, 51.084) (137.538, 51.084) on layer: M1
Net VDD: dangling Wire at (102.168, 51.084) (102.168, 51.084) on layer: M1
Net VDD: dangling Wire at (33.912, 51.084) (33.912, 51.084) on layer: M1
Net VDD: dangling Wire at (36.072, 51.084) (36.072, 51.084) on layer: M1
Net VDD: dangling Wire at (529.524, 51.624) (529.524, 51.624) on layer: M1
Net VDD: dangling Wire at (465.588, 51.624) (465.588, 51.624) on layer: M1
Net VDD: dangling Wire at (430.002, 51.624) (430.002, 51.624) on layer: M1
Net VDD: dangling Wire at (303.210, 51.624) (303.210, 51.624) on layer: M1
Net VDD: dangling Wire at (137.538, 51.624) (137.538, 51.624) on layer: M1
Net VDD: dangling Wire at (102.168, 51.624) (102.168, 51.624) on layer: M1
Net VDD: dangling Wire at (33.912, 51.624) (33.912, 51.624) on layer: M1
Net VDD: dangling Wire at (36.072, 51.624) (36.072, 51.624) on layer: M1
Net VDD: dangling Wire at (529.524, 52.164) (529.524, 52.164) on layer: M1
Net VDD: dangling Wire at (465.588, 52.164) (465.588, 52.164) on layer: M1
Net VDD: dangling Wire at (430.002, 52.164) (430.002, 52.164) on layer: M1
Net VDD: dangling Wire at (303.210, 52.164) (303.210, 52.164) on layer: M1
Net VDD: dangling Wire at (137.538, 52.164) (137.538, 52.164) on layer: M1
Net VDD: dangling Wire at (102.168, 52.164) (102.168, 52.164) on layer: M1
Net VDD: dangling Wire at (33.912, 52.164) (33.912, 52.164) on layer: M1
Net VDD: dangling Wire at (36.072, 52.164) (36.072, 52.164) on layer: M1
Net VDD: dangling Wire at (529.524, 52.704) (529.524, 52.704) on layer: M1
Net VDD: dangling Wire at (465.588, 52.704) (465.588, 52.704) on layer: M1
Net VDD: dangling Wire at (430.002, 52.704) (430.002, 52.704) on layer: M1
Net VDD: dangling Wire at (303.210, 52.704) (303.210, 52.704) on layer: M1
Net VDD: dangling Wire at (137.538, 52.704) (137.538, 52.704) on layer: M1
Net VDD: dangling Wire at (102.168, 52.704) (102.168, 52.704) on layer: M1
Net VDD: dangling Wire at (33.912, 52.704) (33.912, 52.704) on layer: M1
Net VDD: dangling Wire at (36.072, 52.704) (36.072, 52.704) on layer: M1
Net VDD: dangling Wire at (529.524, 53.244) (529.524, 53.244) on layer: M1
Net VDD: dangling Wire at (465.588, 53.244) (465.588, 53.244) on layer: M1
Net VDD: dangling Wire at (430.002, 53.244) (430.002, 53.244) on layer: M1
Net VDD: dangling Wire at (303.210, 53.244) (303.210, 53.244) on layer: M1
Net VDD: dangling Wire at (137.538, 53.244) (137.538, 53.244) on layer: M1
Net VDD: dangling Wire at (102.168, 53.244) (102.168, 53.244) on layer: M1
Net VDD: dangling Wire at (33.912, 53.244) (33.912, 53.244) on layer: M1
Net VDD: dangling Wire at (36.072, 53.244) (36.072, 53.244) on layer: M1
Net VDD: dangling Wire at (529.524, 53.784) (529.524, 53.784) on layer: M1
Net VDD: dangling Wire at (465.588, 53.784) (465.588, 53.784) on layer: M1
Net VDD: dangling Wire at (430.002, 53.784) (430.002, 53.784) on layer: M1
Net VDD: dangling Wire at (303.210, 53.784) (303.210, 53.784) on layer: M1
Net VDD: dangling Wire at (137.538, 53.784) (137.538, 53.784) on layer: M1
Net VDD: dangling Wire at (102.168, 53.784) (102.168, 53.784) on layer: M1
Net VDD: dangling Wire at (33.912, 53.784) (33.912, 53.784) on layer: M1
Net VDD: dangling Wire at (36.072, 53.784) (36.072, 53.784) on layer: M1
Net VDD: dangling Wire at (529.524, 54.324) (529.524, 54.324) on layer: M1
Net VDD: dangling Wire at (465.588, 54.324) (465.588, 54.324) on layer: M1
Net VDD: dangling Wire at (430.002, 54.324) (430.002, 54.324) on layer: M1
Net VDD: dangling Wire at (303.210, 54.324) (303.210, 54.324) on layer: M1
Net VDD: dangling Wire at (137.538, 54.324) (137.538, 54.324) on layer: M1
Net VDD: dangling Wire at (102.168, 54.324) (102.168, 54.324) on layer: M1
Net VDD: dangling Wire at (33.912, 54.324) (33.912, 54.324) on layer: M1
Net VDD: dangling Wire at (36.072, 54.324) (36.072, 54.324) on layer: M1
Net VDD: dangling Wire at (529.524, 54.864) (529.524, 54.864) on layer: M1
Net VDD: dangling Wire at (465.588, 54.864) (465.588, 54.864) on layer: M1
Net VDD: dangling Wire at (430.002, 54.864) (430.002, 54.864) on layer: M1
Net VDD: dangling Wire at (303.210, 54.864) (303.210, 54.864) on layer: M1
Net VDD: dangling Wire at (137.538, 54.864) (137.538, 54.864) on layer: M1
Net VDD: dangling Wire at (102.168, 54.864) (102.168, 54.864) on layer: M1
Net VDD: dangling Wire at (33.912, 54.864) (33.912, 54.864) on layer: M1
Net VDD: dangling Wire at (36.072, 54.864) (36.072, 54.864) on layer: M1
Net VDD: dangling Wire at (529.524, 55.404) (529.524, 55.404) on layer: M1
Net VDD: dangling Wire at (465.588, 55.404) (465.588, 55.404) on layer: M1
Net VDD: dangling Wire at (430.002, 55.404) (430.002, 55.404) on layer: M1
Net VDD: dangling Wire at (303.210, 55.404) (303.210, 55.404) on layer: M1
Net VDD: dangling Wire at (137.538, 55.404) (137.538, 55.404) on layer: M1
Net VDD: dangling Wire at (102.168, 55.404) (102.168, 55.404) on layer: M1
Net VDD: dangling Wire at (33.912, 55.404) (33.912, 55.404) on layer: M1
Net VDD: dangling Wire at (36.072, 55.404) (36.072, 55.404) on layer: M1
Net VDD: dangling Wire at (529.524, 55.944) (529.524, 55.944) on layer: M1
Net VDD: dangling Wire at (465.588, 55.944) (465.588, 55.944) on layer: M1
Net VDD: dangling Wire at (430.002, 55.944) (430.002, 55.944) on layer: M1
Net VDD: dangling Wire at (303.210, 55.944) (303.210, 55.944) on layer: M1
Net VDD: dangling Wire at (137.538, 55.944) (137.538, 55.944) on layer: M1
Net VDD: dangling Wire at (102.168, 55.944) (102.168, 55.944) on layer: M1
Net VDD: dangling Wire at (33.912, 55.944) (33.912, 55.944) on layer: M1
Net VDD: dangling Wire at (36.072, 55.944) (36.072, 55.944) on layer: M1
Net VDD: dangling Wire at (529.524, 56.484) (529.524, 56.484) on layer: M1
Net VDD: dangling Wire at (465.588, 56.484) (465.588, 56.484) on layer: M1
Net VDD: dangling Wire at (430.002, 56.484) (430.002, 56.484) on layer: M1
Net VDD: dangling Wire at (137.538, 56.484) (137.538, 56.484) on layer: M1
Net VDD: dangling Wire at (102.168, 56.484) (102.168, 56.484) on layer: M1
Net VDD: dangling Wire at (33.912, 56.484) (33.912, 56.484) on layer: M1
Net VDD: dangling Wire at (36.072, 56.484) (36.072, 56.484) on layer: M1
Net VDD: dangling Wire at (529.524, 57.024) (529.524, 57.024) on layer: M1
Net VDD: dangling Wire at (465.588, 57.024) (465.588, 57.024) on layer: M1
Net VDD: dangling Wire at (430.002, 57.024) (430.002, 57.024) on layer: M1
Net VDD: dangling Wire at (303.210, 57.024) (303.210, 57.024) on layer: M1
Net VDD: dangling Wire at (137.538, 57.024) (137.538, 57.024) on layer: M1
Net VDD: dangling Wire at (102.168, 57.024) (102.168, 57.024) on layer: M1
Net VDD: dangling Wire at (33.912, 57.024) (33.912, 57.024) on layer: M1
Net VDD: dangling Wire at (36.072, 57.024) (36.072, 57.024) on layer: M1
Net VDD: dangling Wire at (529.524, 57.564) (529.524, 57.564) on layer: M1
Net VDD: dangling Wire at (465.588, 57.564) (465.588, 57.564) on layer: M1
Net VDD: dangling Wire at (430.002, 57.564) (430.002, 57.564) on layer: M1
Net VDD: dangling Wire at (303.210, 57.564) (303.210, 57.564) on layer: M1
Net VDD: dangling Wire at (137.538, 57.564) (137.538, 57.564) on layer: M1
Net VDD: dangling Wire at (102.168, 57.564) (102.168, 57.564) on layer: M1
Net VDD: dangling Wire at (36.072, 57.564) (36.072, 57.564) on layer: M1
Net VDD: dangling Wire at (529.524, 58.104) (529.524, 58.104) on layer: M1
Net VDD: dangling Wire at (465.588, 58.104) (465.588, 58.104) on layer: M1
Net VDD: dangling Wire at (430.002, 58.104) (430.002, 58.104) on layer: M1
Net VDD: dangling Wire at (303.210, 58.104) (303.210, 58.104) on layer: M1
Net VDD: dangling Wire at (137.538, 58.104) (137.538, 58.104) on layer: M1
Net VDD: dangling Wire at (102.168, 58.104) (102.168, 58.104) on layer: M1
Net VDD: dangling Wire at (33.912, 58.104) (33.912, 58.104) on layer: M1
Net VDD: dangling Wire at (36.072, 58.104) (36.072, 58.104) on layer: M1
Net VDD: dangling Wire at (529.524, 58.644) (529.524, 58.644) on layer: M1
Net VDD: dangling Wire at (465.588, 58.644) (465.588, 58.644) on layer: M1
Net VDD: dangling Wire at (430.002, 58.644) (430.002, 58.644) on layer: M1
Net VDD: dangling Wire at (303.210, 58.644) (303.210, 58.644) on layer: M1
Net VDD: dangling Wire at (137.538, 58.644) (137.538, 58.644) on layer: M1
Net VDD: dangling Wire at (102.168, 58.644) (102.168, 58.644) on layer: M1
Net VDD: dangling Wire at (33.912, 58.644) (33.912, 58.644) on layer: M1
Net VDD: dangling Wire at (36.072, 58.644) (36.072, 58.644) on layer: M1
Net VDD: dangling Wire at (529.524, 59.184) (529.524, 59.184) on layer: M1
Net VDD: dangling Wire at (465.588, 59.184) (465.588, 59.184) on layer: M1
Net VDD: dangling Wire at (430.002, 59.184) (430.002, 59.184) on layer: M1
Net VDD: dangling Wire at (303.210, 59.184) (303.210, 59.184) on layer: M1
Net VDD: dangling Wire at (137.538, 59.184) (137.538, 59.184) on layer: M1
Net VDD: dangling Wire at (102.168, 59.184) (102.168, 59.184) on layer: M1
Net VDD: dangling Wire at (33.912, 59.184) (33.912, 59.184) on layer: M1
Net VDD: dangling Wire at (36.072, 59.184) (36.072, 59.184) on layer: M1
Net VDD: dangling Wire at (529.524, 59.724) (529.524, 59.724) on layer: M1
Net VDD: dangling Wire at (465.588, 59.724) (465.588, 59.724) on layer: M1
Net VDD: dangling Wire at (430.002, 59.724) (430.002, 59.724) on layer: M1
Net VDD: dangling Wire at (303.210, 59.724) (303.210, 59.724) on layer: M1
Net VDD: dangling Wire at (137.538, 59.724) (137.538, 59.724) on layer: M1
Net VDD: dangling Wire at (102.168, 59.724) (102.168, 59.724) on layer: M1
Net VDD: dangling Wire at (33.912, 59.724) (33.912, 59.724) on layer: M1
Net VDD: dangling Wire at (36.072, 59.724) (36.072, 59.724) on layer: M1
Net VDD: dangling Wire at (529.524, 60.264) (529.524, 60.264) on layer: M1
Net VDD: dangling Wire at (465.588, 60.264) (465.588, 60.264) on layer: M1
Net VDD: dangling Wire at (430.002, 60.264) (430.002, 60.264) on layer: M1
Net VDD: dangling Wire at (303.210, 60.264) (303.210, 60.264) on layer: M1
Net VDD: dangling Wire at (137.538, 60.264) (137.538, 60.264) on layer: M1
Net VDD: dangling Wire at (102.168, 60.264) (102.168, 60.264) on layer: M1
Net VDD: dangling Wire at (33.912, 60.264) (33.912, 60.264) on layer: M1
Net VDD: dangling Wire at (529.524, 60.804) (529.524, 60.804) on layer: M1
Net VDD: dangling Wire at (465.588, 60.804) (465.588, 60.804) on layer: M1
Net VDD: dangling Wire at (430.002, 60.804) (430.002, 60.804) on layer: M1
Net VDD: dangling Wire at (303.210, 60.804) (303.210, 60.804) on layer: M1
Net VDD: dangling Wire at (137.538, 60.804) (137.538, 60.804) on layer: M1
Net VDD: dangling Wire at (102.168, 60.804) (102.168, 60.804) on layer: M1
Net VDD: dangling Wire at (33.912, 60.804) (33.912, 60.804) on layer: M1
Net VDD: dangling Wire at (36.072, 60.804) (36.072, 60.804) on layer: M1
Net VDD: dangling Wire at (529.524, 61.344) (529.524, 61.344) on layer: M1
Net VDD: dangling Wire at (465.588, 61.344) (465.588, 61.344) on layer: M1
Net VDD: dangling Wire at (430.002, 61.344) (430.002, 61.344) on layer: M1
Net VDD: dangling Wire at (303.210, 61.344) (303.210, 61.344) on layer: M1
Net VDD: dangling Wire at (137.538, 61.344) (137.538, 61.344) on layer: M1
Net VDD: dangling Wire at (102.168, 61.344) (102.168, 61.344) on layer: M1
Net VDD: dangling Wire at (33.912, 61.344) (33.912, 61.344) on layer: M1
Net VDD: dangling Wire at (36.072, 61.344) (36.072, 61.344) on layer: M1
Net VDD: dangling Wire at (529.524, 61.884) (529.524, 61.884) on layer: M1
Net VDD: dangling Wire at (465.588, 61.884) (465.588, 61.884) on layer: M1
Net VDD: dangling Wire at (430.002, 61.884) (430.002, 61.884) on layer: M1
Net VDD: dangling Wire at (303.210, 61.884) (303.210, 61.884) on layer: M1
Net VDD: dangling Wire at (137.538, 61.884) (137.538, 61.884) on layer: M1
Net VDD: dangling Wire at (102.168, 61.884) (102.168, 61.884) on layer: M1
Net VDD: dangling Wire at (33.912, 61.884) (33.912, 61.884) on layer: M1
Net VDD: dangling Wire at (36.072, 61.884) (36.072, 61.884) on layer: M1
Net VDD: dangling Wire at (529.524, 62.424) (529.524, 62.424) on layer: M1
Net VDD: dangling Wire at (465.588, 62.424) (465.588, 62.424) on layer: M1
Net VDD: dangling Wire at (430.002, 62.424) (430.002, 62.424) on layer: M1
Net VDD: dangling Wire at (303.210, 62.424) (303.210, 62.424) on layer: M1
Net VDD: dangling Wire at (137.538, 62.424) (137.538, 62.424) on layer: M1
Net VDD: dangling Wire at (102.168, 62.424) (102.168, 62.424) on layer: M1
Net VDD: dangling Wire at (33.912, 62.424) (33.912, 62.424) on layer: M1
Net VDD: dangling Wire at (36.072, 62.424) (36.072, 62.424) on layer: M1
Net VDD: dangling Wire at (529.524, 62.964) (529.524, 62.964) on layer: M1
Net VDD: dangling Wire at (465.588, 62.964) (465.588, 62.964) on layer: M1
Net VDD: dangling Wire at (430.002, 62.964) (430.002, 62.964) on layer: M1
Net VDD: dangling Wire at (303.210, 62.964) (303.210, 62.964) on layer: M1
Net VDD: dangling Wire at (137.538, 62.964) (137.538, 62.964) on layer: M1
Net VDD: dangling Wire at (102.168, 62.964) (102.168, 62.964) on layer: M1
Net VDD: dangling Wire at (33.912, 62.964) (33.912, 62.964) on layer: M1
Net VDD: dangling Wire at (36.072, 62.964) (36.072, 62.964) on layer: M1
Net VDD: dangling Wire at (529.524, 63.504) (529.524, 63.504) on layer: M1
Net VDD: dangling Wire at (430.002, 63.504) (430.002, 63.504) on layer: M1
Net VDD: dangling Wire at (303.210, 63.504) (303.210, 63.504) on layer: M1
Net VDD: dangling Wire at (137.538, 63.504) (137.538, 63.504) on layer: M1
Net VDD: dangling Wire at (102.168, 63.504) (102.168, 63.504) on layer: M1
Net VDD: dangling Wire at (33.912, 63.504) (33.912, 63.504) on layer: M1
Net VDD: dangling Wire at (36.072, 63.504) (36.072, 63.504) on layer: M1
Net VDD: dangling Wire at (529.524, 64.044) (529.524, 64.044) on layer: M1
Net VDD: dangling Wire at (465.588, 64.044) (465.588, 64.044) on layer: M1
Net VDD: dangling Wire at (430.002, 64.044) (430.002, 64.044) on layer: M1
Net VDD: dangling Wire at (303.210, 64.044) (303.210, 64.044) on layer: M1
Net VDD: dangling Wire at (137.538, 64.044) (137.538, 64.044) on layer: M1
Net VDD: dangling Wire at (102.168, 64.044) (102.168, 64.044) on layer: M1
Net VDD: dangling Wire at (33.912, 64.044) (33.912, 64.044) on layer: M1
Net VDD: dangling Wire at (36.072, 64.044) (36.072, 64.044) on layer: M1
Net VDD: dangling Wire at (529.524, 64.584) (529.524, 64.584) on layer: M1
Net VDD: dangling Wire at (465.588, 64.584) (465.588, 64.584) on layer: M1
Net VDD: dangling Wire at (430.002, 64.584) (430.002, 64.584) on layer: M1
Net VDD: dangling Wire at (303.210, 64.584) (303.210, 64.584) on layer: M1
Net VDD: dangling Wire at (137.538, 64.584) (137.538, 64.584) on layer: M1
Net VDD: dangling Wire at (33.912, 64.584) (33.912, 64.584) on layer: M1
Net VDD: dangling Wire at (36.072, 64.584) (36.072, 64.584) on layer: M1
Net VDD: dangling Wire at (465.588, 65.124) (465.588, 65.124) on layer: M1
Net VDD: dangling Wire at (430.002, 65.124) (430.002, 65.124) on layer: M1
Net VDD: dangling Wire at (303.210, 65.124) (303.210, 65.124) on layer: M1
Net VDD: dangling Wire at (237.816, 65.124) (237.816, 65.124) on layer: M1
Net VDD: dangling Wire at (137.538, 65.124) (137.538, 65.124) on layer: M1
Net VDD: dangling Wire at (33.912, 65.124) (33.912, 65.124) on layer: M1
Net VDD: dangling Wire at (36.072, 65.124) (36.072, 65.124) on layer: M1
Net VDD: dangling Wire at (465.588, 65.664) (465.588, 65.664) on layer: M1
Net VDD: dangling Wire at (430.002, 65.664) (430.002, 65.664) on layer: M1
Net VDD: dangling Wire at (303.210, 65.664) (303.210, 65.664) on layer: M1
Net VDD: dangling Wire at (237.816, 65.664) (237.816, 65.664) on layer: M1
Net VDD: dangling Wire at (137.538, 65.664) (137.538, 65.664) on layer: M1
Net VDD: dangling Wire at (33.912, 65.664) (33.912, 65.664) on layer: M1
Net VDD: dangling Wire at (36.072, 65.664) (36.072, 65.664) on layer: M1
Net VDD: dangling Wire at (529.524, 66.204) (529.524, 66.204) on layer: M1
Net VDD: dangling Wire at (465.588, 66.204) (465.588, 66.204) on layer: M1
Net VDD: dangling Wire at (430.002, 66.204) (430.002, 66.204) on layer: M1
Net VDD: dangling Wire at (303.210, 66.204) (303.210, 66.204) on layer: M1
Net VDD: dangling Wire at (237.816, 66.204) (237.816, 66.204) on layer: M1
Net VDD: dangling Wire at (137.538, 66.204) (137.538, 66.204) on layer: M1
Net VDD: dangling Wire at (102.168, 66.204) (102.168, 66.204) on layer: M1
Net VDD: dangling Wire at (33.912, 66.204) (33.912, 66.204) on layer: M1
Net VDD: dangling Wire at (36.072, 66.204) (36.072, 66.204) on layer: M1
Net VDD: dangling Wire at (529.524, 66.744) (529.524, 66.744) on layer: M1
Net VDD: dangling Wire at (465.588, 66.744) (465.588, 66.744) on layer: M1
Net VDD: dangling Wire at (430.002, 66.744) (430.002, 66.744) on layer: M1
Net VDD: dangling Wire at (303.210, 66.744) (303.210, 66.744) on layer: M1
Net VDD: dangling Wire at (237.816, 66.744) (237.816, 66.744) on layer: M1
Net VDD: dangling Wire at (137.538, 66.744) (137.538, 66.744) on layer: M1
Net VDD: dangling Wire at (102.168, 66.744) (102.168, 66.744) on layer: M1
Net VDD: dangling Wire at (33.912, 66.744) (33.912, 66.744) on layer: M1
Net VDD: dangling Wire at (36.072, 66.744) (36.072, 66.744) on layer: M1
Net VDD: dangling Wire at (529.524, 67.284) (529.524, 67.284) on layer: M1
Net VDD: dangling Wire at (465.588, 67.284) (465.588, 67.284) on layer: M1
Net VDD: dangling Wire at (430.002, 67.284) (430.002, 67.284) on layer: M1
Net VDD: dangling Wire at (303.210, 67.284) (303.210, 67.284) on layer: M1
Net VDD: dangling Wire at (237.816, 67.284) (237.816, 67.284) on layer: M1
Net VDD: dangling Wire at (137.538, 67.284) (137.538, 67.284) on layer: M1
Net VDD: dangling Wire at (102.168, 67.284) (102.168, 67.284) on layer: M1
Net VDD: dangling Wire at (33.912, 67.284) (33.912, 67.284) on layer: M1
Net VDD: dangling Wire at (36.072, 67.284) (36.072, 67.284) on layer: M1
Net VDD: dangling Wire at (529.524, 67.824) (529.524, 67.824) on layer: M1
Net VDD: dangling Wire at (465.588, 67.824) (465.588, 67.824) on layer: M1
Net VDD: dangling Wire at (430.002, 67.824) (430.002, 67.824) on layer: M1
Net VDD: dangling Wire at (303.210, 67.824) (303.210, 67.824) on layer: M1
Net VDD: dangling Wire at (237.816, 67.824) (237.816, 67.824) on layer: M1
Net VDD: dangling Wire at (137.538, 67.824) (137.538, 67.824) on layer: M1
Net VDD: dangling Wire at (102.168, 67.824) (102.168, 67.824) on layer: M1
Net VDD: dangling Wire at (33.912, 67.824) (33.912, 67.824) on layer: M1
Net VDD: dangling Wire at (36.072, 67.824) (36.072, 67.824) on layer: M1
Net VDD: dangling Wire at (529.524, 68.364) (529.524, 68.364) on layer: M1
Net VDD: dangling Wire at (465.588, 68.364) (465.588, 68.364) on layer: M1
Net VDD: dangling Wire at (430.002, 68.364) (430.002, 68.364) on layer: M1
Net VDD: dangling Wire at (303.210, 68.364) (303.210, 68.364) on layer: M1
Net VDD: dangling Wire at (237.816, 68.364) (237.816, 68.364) on layer: M1
Net VDD: dangling Wire at (137.538, 68.364) (137.538, 68.364) on layer: M1
Net VDD: dangling Wire at (102.168, 68.364) (102.168, 68.364) on layer: M1
Net VDD: dangling Wire at (33.912, 68.364) (33.912, 68.364) on layer: M1
Net VDD: dangling Wire at (36.072, 68.364) (36.072, 68.364) on layer: M1
Net VDD: dangling Wire at (529.524, 68.904) (529.524, 68.904) on layer: M1
Net VDD: dangling Wire at (465.588, 68.904) (465.588, 68.904) on layer: M1
Net VDD: dangling Wire at (430.002, 68.904) (430.002, 68.904) on layer: M1
Net VDD: dangling Wire at (303.210, 68.904) (303.210, 68.904) on layer: M1
Net VDD: dangling Wire at (237.816, 68.904) (237.816, 68.904) on layer: M1
Net VDD: dangling Wire at (137.538, 68.904) (137.538, 68.904) on layer: M1
Net VDD: dangling Wire at (102.168, 68.904) (102.168, 68.904) on layer: M1
Net VDD: dangling Wire at (33.912, 68.904) (33.912, 68.904) on layer: M1
Net VDD: dangling Wire at (36.072, 68.904) (36.072, 68.904) on layer: M1
Net VDD: dangling Wire at (529.524, 69.444) (529.524, 69.444) on layer: M1
Net VDD: dangling Wire at (465.588, 69.444) (465.588, 69.444) on layer: M1
Net VDD: dangling Wire at (430.002, 69.444) (430.002, 69.444) on layer: M1
Net VDD: dangling Wire at (303.210, 69.444) (303.210, 69.444) on layer: M1
Net VDD: dangling Wire at (237.816, 69.444) (237.816, 69.444) on layer: M1
Net VDD: dangling Wire at (137.538, 69.444) (137.538, 69.444) on layer: M1
Net VDD: dangling Wire at (102.168, 69.444) (102.168, 69.444) on layer: M1
Net VDD: dangling Wire at (33.912, 69.444) (33.912, 69.444) on layer: M1
Net VDD: dangling Wire at (36.072, 69.444) (36.072, 69.444) on layer: M1
Net VDD: dangling Wire at (529.524, 69.984) (529.524, 69.984) on layer: M1
Net VDD: dangling Wire at (465.588, 69.984) (465.588, 69.984) on layer: M1
Net VDD: dangling Wire at (430.002, 69.984) (430.002, 69.984) on layer: M1
Net VDD: dangling Wire at (303.210, 69.984) (303.210, 69.984) on layer: M1
Net VDD: dangling Wire at (237.816, 69.984) (237.816, 69.984) on layer: M1
Net VDD: dangling Wire at (137.538, 69.984) (137.538, 69.984) on layer: M1
Net VDD: dangling Wire at (102.168, 69.984) (102.168, 69.984) on layer: M1
Net VDD: dangling Wire at (33.912, 69.984) (33.912, 69.984) on layer: M1
Net VDD: dangling Wire at (36.072, 69.984) (36.072, 69.984) on layer: M1
Net VDD: dangling Wire at (529.524, 70.524) (529.524, 70.524) on layer: M1
Net VDD: dangling Wire at (465.588, 70.524) (465.588, 70.524) on layer: M1
Net VDD: dangling Wire at (430.002, 70.524) (430.002, 70.524) on layer: M1
Net VDD: dangling Wire at (303.210, 70.524) (303.210, 70.524) on layer: M1
Net VDD: dangling Wire at (237.816, 70.524) (237.816, 70.524) on layer: M1
Net VDD: dangling Wire at (137.538, 70.524) (137.538, 70.524) on layer: M1
Net VDD: dangling Wire at (102.168, 70.524) (102.168, 70.524) on layer: M1
Net VDD: dangling Wire at (33.912, 70.524) (33.912, 70.524) on layer: M1
Net VDD: dangling Wire at (36.072, 70.524) (36.072, 70.524) on layer: M1
Net VDD: dangling Wire at (529.524, 71.064) (529.524, 71.064) on layer: M1
Net VDD: dangling Wire at (465.588, 71.064) (465.588, 71.064) on layer: M1
Net VDD: dangling Wire at (430.002, 71.064) (430.002, 71.064) on layer: M1
Net VDD: dangling Wire at (303.210, 71.064) (303.210, 71.064) on layer: M1
Net VDD: dangling Wire at (237.816, 71.064) (237.816, 71.064) on layer: M1
Net VDD: dangling Wire at (137.538, 71.064) (137.538, 71.064) on layer: M1
Net VDD: dangling Wire at (102.168, 71.064) (102.168, 71.064) on layer: M1
Net VDD: dangling Wire at (33.912, 71.064) (33.912, 71.064) on layer: M1
Net VDD: dangling Wire at (36.072, 71.064) (36.072, 71.064) on layer: M1
Net VDD: dangling Wire at (529.524, 71.604) (529.524, 71.604) on layer: M1
Net VDD: dangling Wire at (465.588, 71.604) (465.588, 71.604) on layer: M1
Net VDD: dangling Wire at (430.002, 71.604) (430.002, 71.604) on layer: M1
Net VDD: dangling Wire at (303.210, 71.604) (303.210, 71.604) on layer: M1
Net VDD: dangling Wire at (237.816, 71.604) (237.816, 71.604) on layer: M1
Net VDD: dangling Wire at (137.538, 71.604) (137.538, 71.604) on layer: M1
Net VDD: dangling Wire at (102.168, 71.604) (102.168, 71.604) on layer: M1
Net VDD: dangling Wire at (33.912, 71.604) (33.912, 71.604) on layer: M1
Net VDD: dangling Wire at (36.072, 71.604) (36.072, 71.604) on layer: M1
Net VDD: dangling Wire at (529.524, 72.144) (529.524, 72.144) on layer: M1
Net VDD: dangling Wire at (465.588, 72.144) (465.588, 72.144) on layer: M1
Net VDD: dangling Wire at (430.002, 72.144) (430.002, 72.144) on layer: M1
Net VDD: dangling Wire at (303.210, 72.144) (303.210, 72.144) on layer: M1
Net VDD: dangling Wire at (237.816, 72.144) (237.816, 72.144) on layer: M1
Net VDD: dangling Wire at (137.538, 72.144) (137.538, 72.144) on layer: M1
Net VDD: dangling Wire at (102.168, 72.144) (102.168, 72.144) on layer: M1
Net VDD: dangling Wire at (33.912, 72.144) (33.912, 72.144) on layer: M1
Net VDD: dangling Wire at (36.072, 72.144) (36.072, 72.144) on layer: M1
Net VDD: dangling Wire at (465.588, 72.684) (465.588, 72.684) on layer: M1
Net VDD: dangling Wire at (430.002, 72.684) (430.002, 72.684) on layer: M1
Net VDD: dangling Wire at (303.210, 72.684) (303.210, 72.684) on layer: M1
Net VDD: dangling Wire at (237.816, 72.684) (237.816, 72.684) on layer: M1
Net VDD: dangling Wire at (137.538, 72.684) (137.538, 72.684) on layer: M1
Net VDD: dangling Wire at (102.168, 72.684) (102.168, 72.684) on layer: M1
Net VDD: dangling Wire at (33.912, 72.684) (33.912, 72.684) on layer: M1
Net VDD: dangling Wire at (36.072, 72.684) (36.072, 72.684) on layer: M1
Net VDD: dangling Wire at (529.524, 73.224) (529.524, 73.224) on layer: M1
Net VDD: dangling Wire at (465.588, 73.224) (465.588, 73.224) on layer: M1
Net VDD: dangling Wire at (430.002, 73.224) (430.002, 73.224) on layer: M1
Net VDD: dangling Wire at (303.210, 73.224) (303.210, 73.224) on layer: M1
Net VDD: dangling Wire at (237.816, 73.224) (237.816, 73.224) on layer: M1
Net VDD: dangling Wire at (137.538, 73.224) (137.538, 73.224) on layer: M1
Net VDD: dangling Wire at (102.168, 73.224) (102.168, 73.224) on layer: M1
Net VDD: dangling Wire at (33.912, 73.224) (33.912, 73.224) on layer: M1
Net VDD: dangling Wire at (36.072, 73.224) (36.072, 73.224) on layer: M1
Net VDD: dangling Wire at (529.524, 73.764) (529.524, 73.764) on layer: M1
Net VDD: dangling Wire at (465.588, 73.764) (465.588, 73.764) on layer: M1
Net VDD: dangling Wire at (430.002, 73.764) (430.002, 73.764) on layer: M1
Net VDD: dangling Wire at (303.210, 73.764) (303.210, 73.764) on layer: M1
Net VDD: dangling Wire at (237.816, 73.764) (237.816, 73.764) on layer: M1
Net VDD: dangling Wire at (137.538, 73.764) (137.538, 73.764) on layer: M1
Net VDD: dangling Wire at (102.168, 73.764) (102.168, 73.764) on layer: M1
Net VDD: dangling Wire at (33.912, 73.764) (33.912, 73.764) on layer: M1
Net VDD: dangling Wire at (36.072, 73.764) (36.072, 73.764) on layer: M1
Net VDD: dangling Wire at (529.524, 74.304) (529.524, 74.304) on layer: M1
Net VDD: dangling Wire at (465.588, 74.304) (465.588, 74.304) on layer: M1
Net VDD: dangling Wire at (430.002, 74.304) (430.002, 74.304) on layer: M1
Net VDD: dangling Wire at (303.210, 74.304) (303.210, 74.304) on layer: M1
Net VDD: dangling Wire at (237.816, 74.304) (237.816, 74.304) on layer: M1
Net VDD: dangling Wire at (137.538, 74.304) (137.538, 74.304) on layer: M1
Net VDD: dangling Wire at (102.168, 74.304) (102.168, 74.304) on layer: M1
Net VDD: dangling Wire at (33.912, 74.304) (33.912, 74.304) on layer: M1
Net VDD: dangling Wire at (36.072, 74.304) (36.072, 74.304) on layer: M1
Net VDD: dangling Wire at (529.524, 74.844) (529.524, 74.844) on layer: M1
Net VDD: dangling Wire at (465.588, 74.844) (465.588, 74.844) on layer: M1
Net VDD: dangling Wire at (430.002, 74.844) (430.002, 74.844) on layer: M1
Net VDD: dangling Wire at (303.210, 74.844) (303.210, 74.844) on layer: M1
Net VDD: dangling Wire at (237.816, 74.844) (237.816, 74.844) on layer: M1
Net VDD: dangling Wire at (137.538, 74.844) (137.538, 74.844) on layer: M1
Net VDD: dangling Wire at (102.168, 74.844) (102.168, 74.844) on layer: M1
Net VDD: dangling Wire at (33.912, 74.844) (33.912, 74.844) on layer: M1
Net VDD: dangling Wire at (36.072, 74.844) (36.072, 74.844) on layer: M1
Net VDD: dangling Wire at (529.524, 75.384) (529.524, 75.384) on layer: M1
Net VDD: dangling Wire at (465.588, 75.384) (465.588, 75.384) on layer: M1
Net VDD: dangling Wire at (430.002, 75.384) (430.002, 75.384) on layer: M1
Net VDD: dangling Wire at (303.210, 75.384) (303.210, 75.384) on layer: M1
Net VDD: dangling Wire at (237.816, 75.384) (237.816, 75.384) on layer: M1
Net VDD: dangling Wire at (137.538, 75.384) (137.538, 75.384) on layer: M1
Net VDD: dangling Wire at (102.168, 75.384) (102.168, 75.384) on layer: M1
Net VDD: dangling Wire at (33.912, 75.384) (33.912, 75.384) on layer: M1
Net VDD: dangling Wire at (36.072, 75.384) (36.072, 75.384) on layer: M1
Net VDD: dangling Wire at (529.524, 75.924) (529.524, 75.924) on layer: M1
Net VDD: dangling Wire at (465.588, 75.924) (465.588, 75.924) on layer: M1
Net VDD: dangling Wire at (430.002, 75.924) (430.002, 75.924) on layer: M1
Net VDD: dangling Wire at (303.210, 75.924) (303.210, 75.924) on layer: M1
Net VDD: dangling Wire at (237.816, 75.924) (237.816, 75.924) on layer: M1
Net VDD: dangling Wire at (137.538, 75.924) (137.538, 75.924) on layer: M1
Net VDD: dangling Wire at (102.168, 75.924) (102.168, 75.924) on layer: M1
Net VDD: dangling Wire at (33.912, 75.924) (33.912, 75.924) on layer: M1
Net VDD: dangling Wire at (36.072, 75.924) (36.072, 75.924) on layer: M1
Net VDD: dangling Wire at (529.524, 76.464) (529.524, 76.464) on layer: M1
Net VDD: dangling Wire at (465.588, 76.464) (465.588, 76.464) on layer: M1
Net VDD: dangling Wire at (430.002, 76.464) (430.002, 76.464) on layer: M1
Net VDD: dangling Wire at (303.210, 76.464) (303.210, 76.464) on layer: M1
Net VDD: dangling Wire at (237.816, 76.464) (237.816, 76.464) on layer: M1
Net VDD: dangling Wire at (137.538, 76.464) (137.538, 76.464) on layer: M1
Net VDD: dangling Wire at (102.168, 76.464) (102.168, 76.464) on layer: M1
Net VDD: dangling Wire at (33.912, 76.464) (33.912, 76.464) on layer: M1
Net VDD: dangling Wire at (36.072, 76.464) (36.072, 76.464) on layer: M1
Net VDD: dangling Wire at (529.524, 77.004) (529.524, 77.004) on layer: M1
Net VDD: dangling Wire at (465.588, 77.004) (465.588, 77.004) on layer: M1
Net VDD: dangling Wire at (430.002, 77.004) (430.002, 77.004) on layer: M1
Net VDD: dangling Wire at (303.210, 77.004) (303.210, 77.004) on layer: M1
Net VDD: dangling Wire at (237.816, 77.004) (237.816, 77.004) on layer: M1
Net VDD: dangling Wire at (137.538, 77.004) (137.538, 77.004) on layer: M1
Net VDD: dangling Wire at (102.168, 77.004) (102.168, 77.004) on layer: M1
Net VDD: dangling Wire at (33.912, 77.004) (33.912, 77.004) on layer: M1
Net VDD: dangling Wire at (36.072, 77.004) (36.072, 77.004) on layer: M1
Net VDD: dangling Wire at (529.524, 77.544) (529.524, 77.544) on layer: M1
Net VDD: dangling Wire at (465.588, 77.544) (465.588, 77.544) on layer: M1
Net VDD: dangling Wire at (430.002, 77.544) (430.002, 77.544) on layer: M1
Net VDD: dangling Wire at (303.210, 77.544) (303.210, 77.544) on layer: M1
Net VDD: dangling Wire at (237.816, 77.544) (237.816, 77.544) on layer: M1
Net VDD: dangling Wire at (137.538, 77.544) (137.538, 77.544) on layer: M1
Net VDD: dangling Wire at (102.168, 77.544) (102.168, 77.544) on layer: M1
Net VDD: dangling Wire at (33.912, 77.544) (33.912, 77.544) on layer: M1
Net VDD: dangling Wire at (36.072, 77.544) (36.072, 77.544) on layer: M1
Net VDD: dangling Wire at (529.524, 78.084) (529.524, 78.084) on layer: M1
Net VDD: dangling Wire at (465.588, 78.084) (465.588, 78.084) on layer: M1
Net VDD: dangling Wire at (430.002, 78.084) (430.002, 78.084) on layer: M1
Net VDD: dangling Wire at (303.210, 78.084) (303.210, 78.084) on layer: M1
Net VDD: dangling Wire at (237.816, 78.084) (237.816, 78.084) on layer: M1
Net VDD: dangling Wire at (137.538, 78.084) (137.538, 78.084) on layer: M1
Net VDD: dangling Wire at (102.168, 78.084) (102.168, 78.084) on layer: M1
Net VDD: dangling Wire at (33.912, 78.084) (33.912, 78.084) on layer: M1
Net VDD: dangling Wire at (36.072, 78.084) (36.072, 78.084) on layer: M1
Net VDD: dangling Wire at (529.524, 78.624) (529.524, 78.624) on layer: M1
Net VDD: dangling Wire at (465.588, 78.624) (465.588, 78.624) on layer: M1
Net VDD: dangling Wire at (430.002, 78.624) (430.002, 78.624) on layer: M1
Net VDD: dangling Wire at (303.210, 78.624) (303.210, 78.624) on layer: M1
Net VDD: dangling Wire at (237.816, 78.624) (237.816, 78.624) on layer: M1
Net VDD: dangling Wire at (137.538, 78.624) (137.538, 78.624) on layer: M1
Net VDD: dangling Wire at (102.168, 78.624) (102.168, 78.624) on layer: M1
Net VDD: dangling Wire at (33.912, 78.624) (33.912, 78.624) on layer: M1
Net VDD: dangling Wire at (36.072, 78.624) (36.072, 78.624) on layer: M1
Net VDD: dangling Wire at (529.524, 79.164) (529.524, 79.164) on layer: M1
Net VDD: dangling Wire at (465.588, 79.164) (465.588, 79.164) on layer: M1
Net VDD: dangling Wire at (430.002, 79.164) (430.002, 79.164) on layer: M1
Net VDD: dangling Wire at (303.210, 79.164) (303.210, 79.164) on layer: M1
Net VDD: dangling Wire at (237.816, 79.164) (237.816, 79.164) on layer: M1
Net VDD: dangling Wire at (137.538, 79.164) (137.538, 79.164) on layer: M1
Net VDD: dangling Wire at (102.168, 79.164) (102.168, 79.164) on layer: M1
Net VDD: dangling Wire at (33.912, 79.164) (33.912, 79.164) on layer: M1
Net VDD: dangling Wire at (36.072, 79.164) (36.072, 79.164) on layer: M1
Net VDD: dangling Wire at (529.524, 79.704) (529.524, 79.704) on layer: M1
Net VDD: dangling Wire at (465.588, 79.704) (465.588, 79.704) on layer: M1
Net VDD: dangling Wire at (430.002, 79.704) (430.002, 79.704) on layer: M1
Net VDD: dangling Wire at (303.210, 79.704) (303.210, 79.704) on layer: M1
Net VDD: dangling Wire at (237.816, 79.704) (237.816, 79.704) on layer: M1
Net VDD: dangling Wire at (137.538, 79.704) (137.538, 79.704) on layer: M1
Net VDD: dangling Wire at (102.168, 79.704) (102.168, 79.704) on layer: M1
Net VDD: dangling Wire at (33.912, 79.704) (33.912, 79.704) on layer: M1
Net VDD: dangling Wire at (36.072, 79.704) (36.072, 79.704) on layer: M1
Net VDD: dangling Wire at (529.524, 80.244) (529.524, 80.244) on layer: M1
Net VDD: dangling Wire at (465.588, 80.244) (465.588, 80.244) on layer: M1
Net VDD: dangling Wire at (430.002, 80.244) (430.002, 80.244) on layer: M1
Net VDD: dangling Wire at (303.210, 80.244) (303.210, 80.244) on layer: M1
Net VDD: dangling Wire at (237.816, 80.244) (237.816, 80.244) on layer: M1
Net VDD: dangling Wire at (137.538, 80.244) (137.538, 80.244) on layer: M1
Net VDD: dangling Wire at (102.168, 80.244) (102.168, 80.244) on layer: M1
Net VDD: dangling Wire at (33.912, 80.244) (33.912, 80.244) on layer: M1
Net VDD: dangling Wire at (36.072, 80.244) (36.072, 80.244) on layer: M1
Net VDD: dangling Wire at (529.524, 80.784) (529.524, 80.784) on layer: M1
Net VDD: dangling Wire at (465.588, 80.784) (465.588, 80.784) on layer: M1
Net VDD: dangling Wire at (430.002, 80.784) (430.002, 80.784) on layer: M1
Net VDD: dangling Wire at (303.210, 80.784) (303.210, 80.784) on layer: M1
Net VDD: dangling Wire at (237.816, 80.784) (237.816, 80.784) on layer: M1
Net VDD: dangling Wire at (137.538, 80.784) (137.538, 80.784) on layer: M1
Net VDD: dangling Wire at (102.168, 80.784) (102.168, 80.784) on layer: M1
Net VDD: dangling Wire at (33.912, 80.784) (33.912, 80.784) on layer: M1
Net VDD: dangling Wire at (36.072, 80.784) (36.072, 80.784) on layer: M1
Net VDD: dangling Wire at (529.524, 81.324) (529.524, 81.324) on layer: M1
Net VDD: dangling Wire at (465.588, 81.324) (465.588, 81.324) on layer: M1
Net VDD: dangling Wire at (430.002, 81.324) (430.002, 81.324) on layer: M1
Net VDD: dangling Wire at (303.210, 81.324) (303.210, 81.324) on layer: M1
Net VDD: dangling Wire at (237.816, 81.324) (237.816, 81.324) on layer: M1
Net VDD: dangling Wire at (137.538, 81.324) (137.538, 81.324) on layer: M1
Net VDD: dangling Wire at (102.168, 81.324) (102.168, 81.324) on layer: M1
Net VDD: dangling Wire at (33.912, 81.324) (33.912, 81.324) on layer: M1
Net VDD: dangling Wire at (36.072, 81.324) (36.072, 81.324) on layer: M1
Net VDD: dangling Wire at (529.524, 81.864) (529.524, 81.864) on layer: M1
Net VDD: dangling Wire at (465.588, 81.864) (465.588, 81.864) on layer: M1
Net VDD: dangling Wire at (430.002, 81.864) (430.002, 81.864) on layer: M1
Net VDD: dangling Wire at (303.210, 81.864) (303.210, 81.864) on layer: M1
Net VDD: dangling Wire at (237.816, 81.864) (237.816, 81.864) on layer: M1
Net VDD: dangling Wire at (137.538, 81.864) (137.538, 81.864) on layer: M1
Net VDD: dangling Wire at (102.168, 81.864) (102.168, 81.864) on layer: M1
Net VDD: dangling Wire at (33.912, 81.864) (33.912, 81.864) on layer: M1
Net VDD: dangling Wire at (36.072, 81.864) (36.072, 81.864) on layer: M1
Net VDD: dangling Wire at (529.524, 82.404) (529.524, 82.404) on layer: M1
Net VDD: dangling Wire at (465.588, 82.404) (465.588, 82.404) on layer: M1
Net VDD: dangling Wire at (430.002, 82.404) (430.002, 82.404) on layer: M1
Net VDD: dangling Wire at (303.210, 82.404) (303.210, 82.404) on layer: M1
Net VDD: dangling Wire at (237.816, 82.404) (237.816, 82.404) on layer: M1
Net VDD: dangling Wire at (137.538, 82.404) (137.538, 82.404) on layer: M1
Net VDD: dangling Wire at (102.168, 82.404) (102.168, 82.404) on layer: M1
Net VDD: dangling Wire at (33.912, 82.404) (33.912, 82.404) on layer: M1
Net VDD: dangling Wire at (36.072, 82.404) (36.072, 82.404) on layer: M1
Net VDD: dangling Wire at (529.524, 82.944) (529.524, 82.944) on layer: M1
Net VDD: dangling Wire at (465.588, 82.944) (465.588, 82.944) on layer: M1
Net VDD: dangling Wire at (430.002, 82.944) (430.002, 82.944) on layer: M1
Net VDD: dangling Wire at (303.210, 82.944) (303.210, 82.944) on layer: M1
Net VDD: dangling Wire at (237.816, 82.944) (237.816, 82.944) on layer: M1
Net VDD: dangling Wire at (137.538, 82.944) (137.538, 82.944) on layer: M1
Net VDD: dangling Wire at (102.168, 82.944) (102.168, 82.944) on layer: M1
Net VDD: dangling Wire at (33.912, 82.944) (33.912, 82.944) on layer: M1
Net VDD: dangling Wire at (36.072, 82.944) (36.072, 82.944) on layer: M1
Net VDD: dangling Wire at (529.524, 83.484) (529.524, 83.484) on layer: M1
Net VDD: dangling Wire at (465.588, 83.484) (465.588, 83.484) on layer: M1
Net VDD: dangling Wire at (430.002, 83.484) (430.002, 83.484) on layer: M1
Net VDD: dangling Wire at (303.210, 83.484) (303.210, 83.484) on layer: M1
Net VDD: dangling Wire at (237.816, 83.484) (237.816, 83.484) on layer: M1
Net VDD: dangling Wire at (137.538, 83.484) (137.538, 83.484) on layer: M1
Net VDD: dangling Wire at (102.168, 83.484) (102.168, 83.484) on layer: M1
Net VDD: dangling Wire at (33.912, 83.484) (33.912, 83.484) on layer: M1
Net VDD: dangling Wire at (36.072, 83.484) (36.072, 83.484) on layer: M1
Net VDD: dangling Wire at (529.524, 84.024) (529.524, 84.024) on layer: M1
Net VDD: dangling Wire at (465.588, 84.024) (465.588, 84.024) on layer: M1
Net VDD: dangling Wire at (430.002, 84.024) (430.002, 84.024) on layer: M1
Net VDD: dangling Wire at (303.210, 84.024) (303.210, 84.024) on layer: M1
Net VDD: dangling Wire at (237.816, 84.024) (237.816, 84.024) on layer: M1
Net VDD: dangling Wire at (137.538, 84.024) (137.538, 84.024) on layer: M1
Net VDD: dangling Wire at (102.168, 84.024) (102.168, 84.024) on layer: M1
Net VDD: dangling Wire at (33.912, 84.024) (33.912, 84.024) on layer: M1
Net VDD: dangling Wire at (36.072, 84.024) (36.072, 84.024) on layer: M1
Net VDD: dangling Wire at (529.524, 84.564) (529.524, 84.564) on layer: M1
Net VDD: dangling Wire at (465.588, 84.564) (465.588, 84.564) on layer: M1
Net VDD: dangling Wire at (430.002, 84.564) (430.002, 84.564) on layer: M1
Net VDD: dangling Wire at (303.210, 84.564) (303.210, 84.564) on layer: M1
Net VDD: dangling Wire at (237.816, 84.564) (237.816, 84.564) on layer: M1
Net VDD: dangling Wire at (137.538, 84.564) (137.538, 84.564) on layer: M1
Net VDD: dangling Wire at (102.168, 84.564) (102.168, 84.564) on layer: M1
Net VDD: dangling Wire at (33.912, 84.564) (33.912, 84.564) on layer: M1
Net VDD: dangling Wire at (36.072, 84.564) (36.072, 84.564) on layer: M1
Net VDD: dangling Wire at (529.524, 85.104) (529.524, 85.104) on layer: M1
Net VDD: dangling Wire at (465.588, 85.104) (465.588, 85.104) on layer: M1
Net VDD: dangling Wire at (430.002, 85.104) (430.002, 85.104) on layer: M1
Net VDD: dangling Wire at (303.210, 85.104) (303.210, 85.104) on layer: M1
Net VDD: dangling Wire at (237.816, 85.104) (237.816, 85.104) on layer: M1
Net VDD: dangling Wire at (137.538, 85.104) (137.538, 85.104) on layer: M1
Net VDD: dangling Wire at (102.168, 85.104) (102.168, 85.104) on layer: M1
Net VDD: dangling Wire at (33.912, 85.104) (33.912, 85.104) on layer: M1
Net VDD: dangling Wire at (36.072, 85.104) (36.072, 85.104) on layer: M1
Net VDD: dangling Wire at (529.524, 85.644) (529.524, 85.644) on layer: M1
Net VDD: dangling Wire at (465.588, 85.644) (465.588, 85.644) on layer: M1
Net VDD: dangling Wire at (430.002, 85.644) (430.002, 85.644) on layer: M1
Net VDD: dangling Wire at (303.210, 85.644) (303.210, 85.644) on layer: M1
Net VDD: dangling Wire at (237.816, 85.644) (237.816, 85.644) on layer: M1
Net VDD: dangling Wire at (137.538, 85.644) (137.538, 85.644) on layer: M1
Net VDD: dangling Wire at (102.168, 85.644) (102.168, 85.644) on layer: M1
Net VDD: dangling Wire at (33.912, 85.644) (33.912, 85.644) on layer: M1
Net VDD: dangling Wire at (36.072, 85.644) (36.072, 85.644) on layer: M1
Net VDD: dangling Wire at (529.524, 86.184) (529.524, 86.184) on layer: M1
Net VDD: dangling Wire at (465.588, 86.184) (465.588, 86.184) on layer: M1
Net VDD: dangling Wire at (430.002, 86.184) (430.002, 86.184) on layer: M1
Net VDD: dangling Wire at (303.210, 86.184) (303.210, 86.184) on layer: M1
Net VDD: dangling Wire at (237.816, 86.184) (237.816, 86.184) on layer: M1
Net VDD: dangling Wire at (137.538, 86.184) (137.538, 86.184) on layer: M1
Net VDD: dangling Wire at (102.168, 86.184) (102.168, 86.184) on layer: M1
Net VDD: dangling Wire at (33.912, 86.184) (33.912, 86.184) on layer: M1
Net VDD: dangling Wire at (36.072, 86.184) (36.072, 86.184) on layer: M1
Net VDD: dangling Wire at (529.524, 86.724) (529.524, 86.724) on layer: M1
Net VDD: dangling Wire at (465.588, 86.724) (465.588, 86.724) on layer: M1
Net VDD: dangling Wire at (430.002, 86.724) (430.002, 86.724) on layer: M1
Net VDD: dangling Wire at (303.210, 86.724) (303.210, 86.724) on layer: M1
Net VDD: dangling Wire at (237.816, 86.724) (237.816, 86.724) on layer: M1
Net VDD: dangling Wire at (137.538, 86.724) (137.538, 86.724) on layer: M1
Net VDD: dangling Wire at (102.168, 86.724) (102.168, 86.724) on layer: M1
Net VDD: dangling Wire at (33.912, 86.724) (33.912, 86.724) on layer: M1
Net VDD: dangling Wire at (36.072, 86.724) (36.072, 86.724) on layer: M1
Net VDD: dangling Wire at (529.524, 87.264) (529.524, 87.264) on layer: M1
Net VDD: dangling Wire at (465.588, 87.264) (465.588, 87.264) on layer: M1
Net VDD: dangling Wire at (430.002, 87.264) (430.002, 87.264) on layer: M1
Net VDD: dangling Wire at (303.210, 87.264) (303.210, 87.264) on layer: M1
Net VDD: dangling Wire at (237.816, 87.264) (237.816, 87.264) on layer: M1
Net VDD: dangling Wire at (137.538, 87.264) (137.538, 87.264) on layer: M1
Net VDD: dangling Wire at (102.168, 87.264) (102.168, 87.264) on layer: M1
Net VDD: dangling Wire at (33.912, 87.264) (33.912, 87.264) on layer: M1
Net VDD: dangling Wire at (36.072, 87.264) (36.072, 87.264) on layer: M1
Net VDD: dangling Wire at (529.524, 87.804) (529.524, 87.804) on layer: M1
Net VDD: dangling Wire at (465.588, 87.804) (465.588, 87.804) on layer: M1
Net VDD: dangling Wire at (430.002, 87.804) (430.002, 87.804) on layer: M1
Net VDD: dangling Wire at (303.210, 87.804) (303.210, 87.804) on layer: M1
Net VDD: dangling Wire at (237.816, 87.804) (237.816, 87.804) on layer: M1
Net VDD: dangling Wire at (137.538, 87.804) (137.538, 87.804) on layer: M1
Net VDD: dangling Wire at (102.168, 87.804) (102.168, 87.804) on layer: M1
Net VDD: dangling Wire at (33.912, 87.804) (33.912, 87.804) on layer: M1
Net VDD: dangling Wire at (36.072, 87.804) (36.072, 87.804) on layer: M1
Net VDD: dangling Wire at (529.524, 88.344) (529.524, 88.344) on layer: M1
Net VDD: dangling Wire at (465.588, 88.344) (465.588, 88.344) on layer: M1
Net VDD: dangling Wire at (430.002, 88.344) (430.002, 88.344) on layer: M1
Net VDD: dangling Wire at (303.210, 88.344) (303.210, 88.344) on layer: M1
Net VDD: dangling Wire at (237.816, 88.344) (237.816, 88.344) on layer: M1
Net VDD: dangling Wire at (137.538, 88.344) (137.538, 88.344) on layer: M1
Net VDD: dangling Wire at (102.168, 88.344) (102.168, 88.344) on layer: M1
Net VDD: dangling Wire at (33.912, 88.344) (33.912, 88.344) on layer: M1
Net VDD: dangling Wire at (36.072, 88.344) (36.072, 88.344) on layer: M1
Net VDD: dangling Wire at (529.524, 88.884) (529.524, 88.884) on layer: M1
Net VDD: dangling Wire at (465.588, 88.884) (465.588, 88.884) on layer: M1
Net VDD: dangling Wire at (430.002, 88.884) (430.002, 88.884) on layer: M1
Net VDD: dangling Wire at (303.210, 88.884) (303.210, 88.884) on layer: M1
Net VDD: dangling Wire at (237.816, 88.884) (237.816, 88.884) on layer: M1
Net VDD: dangling Wire at (137.538, 88.884) (137.538, 88.884) on layer: M1
Net VDD: dangling Wire at (102.168, 88.884) (102.168, 88.884) on layer: M1
Net VDD: dangling Wire at (33.912, 88.884) (33.912, 88.884) on layer: M1
Net VDD: dangling Wire at (36.072, 88.884) (36.072, 88.884) on layer: M1
Net VDD: dangling Wire at (529.524, 89.424) (529.524, 89.424) on layer: M1
Net VDD: dangling Wire at (465.588, 89.424) (465.588, 89.424) on layer: M1
Net VDD: dangling Wire at (430.002, 89.424) (430.002, 89.424) on layer: M1
Net VDD: dangling Wire at (303.210, 89.424) (303.210, 89.424) on layer: M1
Net VDD: dangling Wire at (237.816, 89.424) (237.816, 89.424) on layer: M1
Net VDD: dangling Wire at (137.538, 89.424) (137.538, 89.424) on layer: M1
Net VDD: dangling Wire at (102.168, 89.424) (102.168, 89.424) on layer: M1
Net VDD: dangling Wire at (33.912, 89.424) (33.912, 89.424) on layer: M1
Net VDD: dangling Wire at (36.072, 89.424) (36.072, 89.424) on layer: M1
Net VDD: dangling Wire at (529.524, 89.964) (529.524, 89.964) on layer: M1
Net VDD: dangling Wire at (465.588, 89.964) (465.588, 89.964) on layer: M1
Net VDD: dangling Wire at (430.002, 89.964) (430.002, 89.964) on layer: M1
Net VDD: dangling Wire at (303.210, 89.964) (303.210, 89.964) on layer: M1
Net VDD: dangling Wire at (237.816, 89.964) (237.816, 89.964) on layer: M1
Net VDD: dangling Wire at (137.538, 89.964) (137.538, 89.964) on layer: M1
Net VDD: dangling Wire at (102.168, 89.964) (102.168, 89.964) on layer: M1
Net VDD: dangling Wire at (33.912, 89.964) (33.912, 89.964) on layer: M1
Net VDD: dangling Wire at (36.072, 89.964) (36.072, 89.964) on layer: M1
Net VDD: dangling Wire at (529.524, 90.504) (529.524, 90.504) on layer: M1
Net VDD: dangling Wire at (465.588, 90.504) (465.588, 90.504) on layer: M1
Net VDD: dangling Wire at (430.002, 90.504) (430.002, 90.504) on layer: M1
Net VDD: dangling Wire at (303.210, 90.504) (303.210, 90.504) on layer: M1
Net VDD: dangling Wire at (237.816, 90.504) (237.816, 90.504) on layer: M1
Net VDD: dangling Wire at (137.538, 90.504) (137.538, 90.504) on layer: M1
Net VDD: dangling Wire at (102.168, 90.504) (102.168, 90.504) on layer: M1
Net VDD: dangling Wire at (33.912, 90.504) (33.912, 90.504) on layer: M1
Net VDD: dangling Wire at (36.072, 90.504) (36.072, 90.504) on layer: M1
Net VDD: dangling Wire at (529.524, 91.044) (529.524, 91.044) on layer: M1
Net VDD: dangling Wire at (465.588, 91.044) (465.588, 91.044) on layer: M1
Net VDD: dangling Wire at (102.168, 91.044) (102.168, 91.044) on layer: M1
Net VDD: dangling Wire at (33.912, 91.044) (33.912, 91.044) on layer: M1
Net VDD: dangling Wire at (36.072, 91.044) (36.072, 91.044) on layer: M1
Net VDD: dangling Wire at (529.524, 91.584) (529.524, 91.584) on layer: M1
Net VDD: dangling Wire at (465.588, 91.584) (465.588, 91.584) on layer: M1
Net VDD: dangling Wire at (102.168, 91.584) (102.168, 91.584) on layer: M1
Net VDD: dangling Wire at (36.072, 91.584) (36.072, 91.584) on layer: M1
Net VDD: dangling Wire at (529.524, 92.124) (529.524, 92.124) on layer: M1
Net VDD: dangling Wire at (465.588, 92.124) (465.588, 92.124) on layer: M1
Net VDD: dangling Wire at (102.168, 92.124) (102.168, 92.124) on layer: M1
Net VDD: dangling Wire at (33.912, 92.124) (33.912, 92.124) on layer: M1
Net VDD: dangling Wire at (36.072, 92.124) (36.072, 92.124) on layer: M1
Net VDD: dangling Wire at (529.524, 92.664) (529.524, 92.664) on layer: M1
Net VDD: dangling Wire at (465.588, 92.664) (465.588, 92.664) on layer: M1
Net VDD: dangling Wire at (102.168, 92.664) (102.168, 92.664) on layer: M1
Net VDD: dangling Wire at (36.072, 92.664) (36.072, 92.664) on layer: M1
Net VDD: dangling Wire at (529.524, 93.204) (529.524, 93.204) on layer: M1
Net VDD: dangling Wire at (465.588, 93.204) (465.588, 93.204) on layer: M1
Net VDD: dangling Wire at (102.168, 93.204) (102.168, 93.204) on layer: M1
Net VDD: dangling Wire at (33.912, 93.204) (33.912, 93.204) on layer: M1
Net VDD: dangling Wire at (36.072, 93.204) (36.072, 93.204) on layer: M1
Net VDD: dangling Wire at (529.524, 93.744) (529.524, 93.744) on layer: M1
Net VDD: dangling Wire at (465.588, 93.744) (465.588, 93.744) on layer: M1
Net VDD: dangling Wire at (102.168, 93.744) (102.168, 93.744) on layer: M1
Net VDD: dangling Wire at (36.072, 93.744) (36.072, 93.744) on layer: M1
Net VDD: dangling Wire at (529.524, 94.284) (529.524, 94.284) on layer: M1
Net VDD: dangling Wire at (465.588, 94.284) (465.588, 94.284) on layer: M1
Net VDD: dangling Wire at (33.912, 94.284) (33.912, 94.284) on layer: M1
Net VDD: dangling Wire at (36.072, 94.284) (36.072, 94.284) on layer: M1
Net VDD: dangling Wire at (529.524, 94.824) (529.524, 94.824) on layer: M1
Net VDD: dangling Wire at (465.588, 94.824) (465.588, 94.824) on layer: M1
Net VDD: dangling Wire at (102.168, 94.824) (102.168, 94.824) on layer: M1
Net VDD: dangling Wire at (36.072, 94.824) (36.072, 94.824) on layer: M1
Net VDD: dangling Wire at (529.524, 95.364) (529.524, 95.364) on layer: M1
Net VDD: dangling Wire at (465.588, 95.364) (465.588, 95.364) on layer: M1
Net VDD: dangling Wire at (102.168, 95.364) (102.168, 95.364) on layer: M1
Net VDD: dangling Wire at (33.912, 95.364) (33.912, 95.364) on layer: M1
Net VDD: dangling Wire at (36.072, 95.364) (36.072, 95.364) on layer: M1
Net VDD: dangling Wire at (529.524, 95.904) (529.524, 95.904) on layer: M1
Net VDD: dangling Wire at (465.588, 95.904) (465.588, 95.904) on layer: M1
Net VDD: dangling Wire at (102.168, 95.904) (102.168, 95.904) on layer: M1
Net VDD: dangling Wire at (33.912, 95.904) (33.912, 95.904) on layer: M1
Net VDD: dangling Wire at (36.072, 95.904) (36.072, 95.904) on layer: M1
Net VDD: dangling Wire at (529.524, 96.444) (529.524, 96.444) on layer: M1
Net VDD: dangling Wire at (465.588, 96.444) (465.588, 96.444) on layer: M1
Net VDD: dangling Wire at (102.168, 96.444) (102.168, 96.444) on layer: M1
Net VDD: dangling Wire at (33.912, 96.444) (33.912, 96.444) on layer: M1
Net VDD: dangling Wire at (36.072, 96.444) (36.072, 96.444) on layer: M1
Net VDD: dangling Wire at (529.524, 96.984) (529.524, 96.984) on layer: M1
Net VDD: dangling Wire at (465.588, 96.984) (465.588, 96.984) on layer: M1
Net VDD: dangling Wire at (102.168, 96.984) (102.168, 96.984) on layer: M1
Net VDD: dangling Wire at (33.912, 96.984) (33.912, 96.984) on layer: M1
Net VDD: dangling Wire at (36.072, 96.984) (36.072, 96.984) on layer: M1
Net VDD: dangling Wire at (529.524, 97.524) (529.524, 97.524) on layer: M1
Net VDD: dangling Wire at (465.588, 97.524) (465.588, 97.524) on layer: M1
Net VDD: dangling Wire at (102.168, 97.524) (102.168, 97.524) on layer: M1
Net VDD: dangling Wire at (33.912, 97.524) (33.912, 97.524) on layer: M1
Net VDD: dangling Wire at (36.072, 97.524) (36.072, 97.524) on layer: M1
Net VDD: dangling Wire at (529.524, 98.064) (529.524, 98.064) on layer: M1
Net VDD: dangling Wire at (465.588, 98.064) (465.588, 98.064) on layer: M1
Net VDD: dangling Wire at (102.168, 98.064) (102.168, 98.064) on layer: M1
Net VDD: dangling Wire at (33.912, 98.064) (33.912, 98.064) on layer: M1
Net VDD: dangling Wire at (36.072, 98.064) (36.072, 98.064) on layer: M1
Net VDD: dangling Wire at (529.524, 98.604) (529.524, 98.604) on layer: M1
Net VDD: dangling Wire at (465.588, 98.604) (465.588, 98.604) on layer: M1
Net VDD: dangling Wire at (102.168, 98.604) (102.168, 98.604) on layer: M1
Net VDD: dangling Wire at (33.912, 98.604) (33.912, 98.604) on layer: M1
Net VDD: dangling Wire at (36.072, 98.604) (36.072, 98.604) on layer: M1
Net VDD: dangling Wire at (529.524, 99.144) (529.524, 99.144) on layer: M1
Net VDD: dangling Wire at (465.588, 99.144) (465.588, 99.144) on layer: M1
Net VDD: dangling Wire at (102.168, 99.144) (102.168, 99.144) on layer: M1
Net VDD: dangling Wire at (33.912, 99.144) (33.912, 99.144) on layer: M1
Net VDD: dangling Wire at (529.524, 99.684) (529.524, 99.684) on layer: M1
Net VDD: dangling Wire at (465.588, 99.684) (465.588, 99.684) on layer: M1
Net VDD: dangling Wire at (102.168, 99.684) (102.168, 99.684) on layer: M1
Net VDD: dangling Wire at (33.912, 99.684) (33.912, 99.684) on layer: M1
Net VDD: dangling Wire at (36.072, 99.684) (36.072, 99.684) on layer: M1
Net VDD: dangling Wire at (529.524, 100.224) (529.524, 100.224) on layer: M1
Net VDD: dangling Wire at (465.588, 100.224) (465.588, 100.224) on layer: M1
Net VDD: dangling Wire at (102.168, 100.224) (102.168, 100.224) on layer: M1
Net VDD: dangling Wire at (33.912, 100.224) (33.912, 100.224) on layer: M1
Net VDD: dangling Wire at (36.072, 100.224) (36.072, 100.224) on layer: M1
Net VDD: dangling Wire at (529.524, 100.764) (529.524, 100.764) on layer: M1
Net VDD: dangling Wire at (465.588, 100.764) (465.588, 100.764) on layer: M1
Net VDD: dangling Wire at (102.168, 100.764) (102.168, 100.764) on layer: M1
Net VDD: dangling Wire at (33.912, 100.764) (33.912, 100.764) on layer: M1
Net VDD: dangling Wire at (36.072, 100.764) (36.072, 100.764) on layer: M1
Net VDD: dangling Wire at (529.524, 101.304) (529.524, 101.304) on layer: M1
Net VDD: dangling Wire at (465.588, 101.304) (465.588, 101.304) on layer: M1
Net VDD: dangling Wire at (102.168, 101.304) (102.168, 101.304) on layer: M1
Net VDD: dangling Wire at (36.072, 101.304) (36.072, 101.304) on layer: M1
Net VDD: dangling Wire at (529.524, 101.844) (529.524, 101.844) on layer: M1
Net VDD: dangling Wire at (465.588, 101.844) (465.588, 101.844) on layer: M1
Net VDD: dangling Wire at (102.168, 101.844) (102.168, 101.844) on layer: M1
Net VDD: dangling Wire at (33.912, 101.844) (33.912, 101.844) on layer: M1
Net VDD: dangling Wire at (36.072, 101.844) (36.072, 101.844) on layer: M1
Net VDD: dangling Wire at (465.588, 102.384) (465.588, 102.384) on layer: M1
Net VDD: dangling Wire at (102.168, 102.384) (102.168, 102.384) on layer: M1
Net VDD: dangling Wire at (36.072, 102.384) (36.072, 102.384) on layer: M1
Net VDD: dangling Wire at (529.524, 102.924) (529.524, 102.924) on layer: M1
Net VDD: dangling Wire at (465.588, 102.924) (465.588, 102.924) on layer: M1
Net VDD: dangling Wire at (102.168, 102.924) (102.168, 102.924) on layer: M1
Net VDD: dangling Wire at (33.912, 102.924) (33.912, 102.924) on layer: M1
Net VDD: dangling Wire at (36.072, 102.924) (36.072, 102.924) on layer: M1
Net VDD: dangling Wire at (529.524, 103.464) (529.524, 103.464) on layer: M1
Net VDD: dangling Wire at (465.588, 103.464) (465.588, 103.464) on layer: M1
Net VDD: dangling Wire at (102.168, 103.464) (102.168, 103.464) on layer: M1
Net VDD: dangling Wire at (33.912, 103.464) (33.912, 103.464) on layer: M1
Net VDD: dangling Wire at (36.072, 103.464) (36.072, 103.464) on layer: M1
Net VDD: dangling Wire at (529.524, 104.004) (529.524, 104.004) on layer: M1
Net VDD: dangling Wire at (465.588, 104.004) (465.588, 104.004) on layer: M1
Net VDD: dangling Wire at (102.168, 104.004) (102.168, 104.004) on layer: M1
Net VDD: dangling Wire at (33.912, 104.004) (33.912, 104.004) on layer: M1
Net VDD: dangling Wire at (36.072, 104.004) (36.072, 104.004) on layer: M1
Net VDD: dangling Wire at (529.524, 104.544) (529.524, 104.544) on layer: M1
Net VDD: dangling Wire at (465.588, 104.544) (465.588, 104.544) on layer: M1
Net VDD: dangling Wire at (102.168, 104.544) (102.168, 104.544) on layer: M1
Net VDD: dangling Wire at (33.912, 104.544) (33.912, 104.544) on layer: M1
Net VDD: dangling Wire at (36.072, 104.544) (36.072, 104.544) on layer: M1
Net VDD: dangling Wire at (529.524, 105.084) (529.524, 105.084) on layer: M1
Net VDD: dangling Wire at (465.588, 105.084) (465.588, 105.084) on layer: M1
Net VDD: dangling Wire at (102.168, 105.084) (102.168, 105.084) on layer: M1
Net VDD: dangling Wire at (33.912, 105.084) (33.912, 105.084) on layer: M1
Net VDD: dangling Wire at (36.072, 105.084) (36.072, 105.084) on layer: M1
Net VDD: dangling Wire at (529.524, 105.624) (529.524, 105.624) on layer: M1
Net VDD: dangling Wire at (465.588, 105.624) (465.588, 105.624) on layer: M1
Net VDD: dangling Wire at (102.168, 105.624) (102.168, 105.624) on layer: M1
Net VDD: dangling Wire at (33.912, 105.624) (33.912, 105.624) on layer: M1
Net VDD: dangling Wire at (36.072, 105.624) (36.072, 105.624) on layer: M1
Net VDD: dangling Wire at (529.524, 106.164) (529.524, 106.164) on layer: M1
Net VDD: dangling Wire at (465.588, 106.164) (465.588, 106.164) on layer: M1
Net VDD: dangling Wire at (102.168, 106.164) (102.168, 106.164) on layer: M1
Net VDD: dangling Wire at (33.912, 106.164) (33.912, 106.164) on layer: M1
Net VDD: dangling Wire at (36.072, 106.164) (36.072, 106.164) on layer: M1
Net VDD: dangling Wire at (529.524, 106.704) (529.524, 106.704) on layer: M1
Net VDD: dangling Wire at (465.588, 106.704) (465.588, 106.704) on layer: M1
Net VDD: dangling Wire at (102.168, 106.704) (102.168, 106.704) on layer: M1
Net VDD: dangling Wire at (36.072, 106.704) (36.072, 106.704) on layer: M1
Net VDD: dangling Wire at (529.524, 107.244) (529.524, 107.244) on layer: M1
Net VDD: dangling Wire at (465.588, 107.244) (465.588, 107.244) on layer: M1
Net VDD: dangling Wire at (102.168, 107.244) (102.168, 107.244) on layer: M1
Net VDD: dangling Wire at (33.912, 107.244) (33.912, 107.244) on layer: M1
Net VDD: dangling Wire at (36.072, 107.244) (36.072, 107.244) on layer: M1
Net VDD: dangling Wire at (529.524, 107.784) (529.524, 107.784) on layer: M1
Net VDD: dangling Wire at (465.588, 107.784) (465.588, 107.784) on layer: M1
Net VDD: dangling Wire at (102.168, 107.784) (102.168, 107.784) on layer: M1
Net VDD: dangling Wire at (33.912, 107.784) (33.912, 107.784) on layer: M1
Net VDD: dangling Wire at (36.072, 107.784) (36.072, 107.784) on layer: M1
Net VDD: dangling Wire at (529.524, 108.324) (529.524, 108.324) on layer: M1
Net VDD: dangling Wire at (465.588, 108.324) (465.588, 108.324) on layer: M1
Net VDD: dangling Wire at (102.168, 108.324) (102.168, 108.324) on layer: M1
Net VDD: dangling Wire at (33.912, 108.324) (33.912, 108.324) on layer: M1
Net VDD: dangling Wire at (36.072, 108.324) (36.072, 108.324) on layer: M1
Net VDD: dangling Wire at (465.588, 108.864) (465.588, 108.864) on layer: M1
Net VDD: dangling Wire at (102.168, 108.864) (102.168, 108.864) on layer: M1
Net VDD: dangling Wire at (33.912, 108.864) (33.912, 108.864) on layer: M1
Net VDD: dangling Wire at (36.072, 108.864) (36.072, 108.864) on layer: M1
Net VDD: dangling Wire at (465.588, 109.404) (465.588, 109.404) on layer: M1
Net VDD: dangling Wire at (102.168, 109.404) (102.168, 109.404) on layer: M1
Net VDD: dangling Wire at (33.912, 109.404) (33.912, 109.404) on layer: M1
Net VDD: dangling Wire at (36.072, 109.404) (36.072, 109.404) on layer: M1
Net VDD: dangling Wire at (465.588, 109.944) (465.588, 109.944) on layer: M1
Net VDD: dangling Wire at (102.168, 109.944) (102.168, 109.944) on layer: M1
Net VDD: dangling Wire at (33.912, 109.944) (33.912, 109.944) on layer: M1
Net VDD: dangling Wire at (36.072, 109.944) (36.072, 109.944) on layer: M1
Net VDD: dangling Wire at (529.524, 110.484) (529.524, 110.484) on layer: M1
Net VDD: dangling Wire at (465.588, 110.484) (465.588, 110.484) on layer: M1
Net VDD: dangling Wire at (102.168, 110.484) (102.168, 110.484) on layer: M1
Net VDD: dangling Wire at (33.912, 110.484) (33.912, 110.484) on layer: M1
Net VDD: dangling Wire at (36.072, 110.484) (36.072, 110.484) on layer: M1
Net VDD: dangling Wire at (529.524, 111.024) (529.524, 111.024) on layer: M1
Net VDD: dangling Wire at (465.588, 111.024) (465.588, 111.024) on layer: M1
Net VDD: dangling Wire at (102.168, 111.024) (102.168, 111.024) on layer: M1
Net VDD: dangling Wire at (33.912, 111.024) (33.912, 111.024) on layer: M1
Net VDD: dangling Wire at (36.072, 111.024) (36.072, 111.024) on layer: M1
Net VDD: dangling Wire at (529.524, 111.564) (529.524, 111.564) on layer: M1
Net VDD: dangling Wire at (465.588, 111.564) (465.588, 111.564) on layer: M1
Net VDD: dangling Wire at (102.168, 111.564) (102.168, 111.564) on layer: M1
Net VDD: dangling Wire at (33.912, 111.564) (33.912, 111.564) on layer: M1
Net VDD: dangling Wire at (36.072, 111.564) (36.072, 111.564) on layer: M1
Net VDD: dangling Wire at (529.524, 112.104) (529.524, 112.104) on layer: M1
Net VDD: dangling Wire at (465.588, 112.104) (465.588, 112.104) on layer: M1
Net VDD: dangling Wire at (102.168, 112.104) (102.168, 112.104) on layer: M1
Net VDD: dangling Wire at (33.912, 112.104) (33.912, 112.104) on layer: M1
Net VDD: dangling Wire at (36.072, 112.104) (36.072, 112.104) on layer: M1
Net VDD: dangling Wire at (529.524, 112.644) (529.524, 112.644) on layer: M1
Net VDD: dangling Wire at (465.588, 112.644) (465.588, 112.644) on layer: M1
Net VDD: dangling Wire at (102.168, 112.644) (102.168, 112.644) on layer: M1
Net VDD: dangling Wire at (33.912, 112.644) (33.912, 112.644) on layer: M1
Net VDD: dangling Wire at (36.072, 112.644) (36.072, 112.644) on layer: M1
Net VDD: dangling Wire at (529.524, 113.184) (529.524, 113.184) on layer: M1
Net VDD: dangling Wire at (465.588, 113.184) (465.588, 113.184) on layer: M1
Net VDD: dangling Wire at (102.168, 113.184) (102.168, 113.184) on layer: M1
Net VDD: dangling Wire at (33.912, 113.184) (33.912, 113.184) on layer: M1
Net VDD: dangling Wire at (36.072, 113.184) (36.072, 113.184) on layer: M1
Net VDD: dangling Wire at (529.524, 113.724) (529.524, 113.724) on layer: M1
Net VDD: dangling Wire at (465.588, 113.724) (465.588, 113.724) on layer: M1
Net VDD: dangling Wire at (102.168, 113.724) (102.168, 113.724) on layer: M1
Net VDD: dangling Wire at (33.912, 113.724) (33.912, 113.724) on layer: M1
Net VDD: dangling Wire at (36.072, 113.724) (36.072, 113.724) on layer: M1
Net VDD: dangling Wire at (529.524, 114.264) (529.524, 114.264) on layer: M1
Net VDD: dangling Wire at (465.588, 114.264) (465.588, 114.264) on layer: M1
Net VDD: dangling Wire at (102.168, 114.264) (102.168, 114.264) on layer: M1
Net VDD: dangling Wire at (33.912, 114.264) (33.912, 114.264) on layer: M1
Net VDD: dangling Wire at (36.072, 114.264) (36.072, 114.264) on layer: M1
Net VDD: dangling Wire at (529.524, 114.804) (529.524, 114.804) on layer: M1
Net VDD: dangling Wire at (465.588, 114.804) (465.588, 114.804) on layer: M1
Net VDD: dangling Wire at (102.168, 114.804) (102.168, 114.804) on layer: M1
Net VDD: dangling Wire at (33.912, 114.804) (33.912, 114.804) on layer: M1
Net VDD: dangling Wire at (36.072, 114.804) (36.072, 114.804) on layer: M1
Net VDD: dangling Wire at (529.524, 115.344) (529.524, 115.344) on layer: M1
Net VDD: dangling Wire at (465.588, 115.344) (465.588, 115.344) on layer: M1
Net VDD: dangling Wire at (102.168, 115.344) (102.168, 115.344) on layer: M1
Net VDD: dangling Wire at (33.912, 115.344) (33.912, 115.344) on layer: M1
Net VDD: dangling Wire at (36.072, 115.344) (36.072, 115.344) on layer: M1
Net VDD: dangling Wire at (529.524, 115.884) (529.524, 115.884) on layer: M1
Net VDD: dangling Wire at (465.588, 115.884) (465.588, 115.884) on layer: M1
Net VDD: dangling Wire at (102.168, 115.884) (102.168, 115.884) on layer: M1
Net VDD: dangling Wire at (33.912, 115.884) (33.912, 115.884) on layer: M1
Net VDD: dangling Wire at (36.072, 115.884) (36.072, 115.884) on layer: M1
Net VDD: dangling Wire at (529.524, 116.424) (529.524, 116.424) on layer: M1
Net VDD: dangling Wire at (465.588, 116.424) (465.588, 116.424) on layer: M1
Net VDD: dangling Wire at (102.168, 116.424) (102.168, 116.424) on layer: M1
Net VDD: dangling Wire at (33.912, 116.424) (33.912, 116.424) on layer: M1
Net VDD: dangling Wire at (36.072, 116.424) (36.072, 116.424) on layer: M1
Net VDD: dangling Wire at (529.524, 116.964) (529.524, 116.964) on layer: M1
Net VDD: dangling Wire at (465.588, 116.964) (465.588, 116.964) on layer: M1
Net VDD: dangling Wire at (36.072, 116.964) (36.072, 116.964) on layer: M1
Net VDD: dangling Wire at (529.524, 117.504) (529.524, 117.504) on layer: M1
Net VDD: dangling Wire at (465.588, 117.504) (465.588, 117.504) on layer: M1
Net VDD: dangling Wire at (102.168, 117.504) (102.168, 117.504) on layer: M1
Net VDD: dangling Wire at (33.912, 117.504) (33.912, 117.504) on layer: M1
Net VDD: dangling Wire at (36.072, 117.504) (36.072, 117.504) on layer: M1
Net VDD: dangling Wire at (529.524, 118.044) (529.524, 118.044) on layer: M1
Net VDD: dangling Wire at (465.588, 118.044) (465.588, 118.044) on layer: M1
Net VDD: dangling Wire at (102.168, 118.044) (102.168, 118.044) on layer: M1
Net VDD: dangling Wire at (33.912, 118.044) (33.912, 118.044) on layer: M1
Net VDD: dangling Wire at (36.072, 118.044) (36.072, 118.044) on layer: M1
Net VDD: dangling Wire at (529.524, 118.584) (529.524, 118.584) on layer: M1
Net VDD: dangling Wire at (465.588, 118.584) (465.588, 118.584) on layer: M1
Net VDD: dangling Wire at (102.168, 118.584) (102.168, 118.584) on layer: M1
Net VDD: dangling Wire at (33.912, 118.584) (33.912, 118.584) on layer: M1
Net VDD: dangling Wire at (36.072, 118.584) (36.072, 118.584) on layer: M1
Net VDD: dangling Wire at (529.524, 119.124) (529.524, 119.124) on layer: M1
Net VDD: dangling Wire at (465.588, 119.124) (465.588, 119.124) on layer: M1
Net VDD: dangling Wire at (102.168, 119.124) (102.168, 119.124) on layer: M1
Net VDD: dangling Wire at (33.912, 119.124) (33.912, 119.124) on layer: M1
Net VDD: dangling Wire at (36.072, 119.124) (36.072, 119.124) on layer: M1
Net VDD: dangling Wire at (529.524, 119.664) (529.524, 119.664) on layer: M1
Net VDD: dangling Wire at (465.588, 119.664) (465.588, 119.664) on layer: M1
Net VDD: dangling Wire at (102.168, 119.664) (102.168, 119.664) on layer: M1
Net VDD: dangling Wire at (33.912, 119.664) (33.912, 119.664) on layer: M1
Net VDD: dangling Wire at (36.072, 119.664) (36.072, 119.664) on layer: M1
Net VDD: dangling Wire at (529.524, 120.204) (529.524, 120.204) on layer: M1
Net VDD: dangling Wire at (102.168, 120.204) (102.168, 120.204) on layer: M1
Net VDD: dangling Wire at (33.912, 120.204) (33.912, 120.204) on layer: M1
Net VDD: dangling Wire at (36.072, 120.204) (36.072, 120.204) on layer: M1
Net VDD: dangling Wire at (529.524, 120.744) (529.524, 120.744) on layer: M1
Net VDD: dangling Wire at (465.588, 120.744) (465.588, 120.744) on layer: M1
Net VDD: dangling Wire at (102.168, 120.744) (102.168, 120.744) on layer: M1
Net VDD: dangling Wire at (33.912, 120.744) (33.912, 120.744) on layer: M1
Net VDD: dangling Wire at (36.072, 120.744) (36.072, 120.744) on layer: M1
Net VDD: dangling Wire at (529.524, 121.284) (529.524, 121.284) on layer: M1
Net VDD: dangling Wire at (465.588, 121.284) (465.588, 121.284) on layer: M1
Net VDD: dangling Wire at (102.168, 121.284) (102.168, 121.284) on layer: M1
Net VDD: dangling Wire at (33.912, 121.284) (33.912, 121.284) on layer: M1
Net VDD: dangling Wire at (36.072, 121.284) (36.072, 121.284) on layer: M1
Net VDD: dangling Wire at (529.524, 121.824) (529.524, 121.824) on layer: M1
Net VDD: dangling Wire at (465.588, 121.824) (465.588, 121.824) on layer: M1
Net VDD: dangling Wire at (102.168, 121.824) (102.168, 121.824) on layer: M1
Net VDD: dangling Wire at (33.912, 121.824) (33.912, 121.824) on layer: M1
Net VDD: dangling Wire at (36.072, 121.824) (36.072, 121.824) on layer: M1
Net VDD: dangling Wire at (529.524, 122.364) (529.524, 122.364) on layer: M1
Net VDD: dangling Wire at (465.588, 122.364) (465.588, 122.364) on layer: M1
Net VDD: dangling Wire at (102.168, 122.364) (102.168, 122.364) on layer: M1
Net VDD: dangling Wire at (36.072, 122.364) (36.072, 122.364) on layer: M1
Net VDD: dangling Wire at (529.524, 122.904) (529.524, 122.904) on layer: M1
Net VDD: dangling Wire at (465.588, 122.904) (465.588, 122.904) on layer: M1
Net VDD: dangling Wire at (102.168, 122.904) (102.168, 122.904) on layer: M1
Net VDD: dangling Wire at (33.912, 122.904) (33.912, 122.904) on layer: M1
Net VDD: dangling Wire at (36.072, 122.904) (36.072, 122.904) on layer: M1
Net VDD: dangling Wire at (529.524, 123.444) (529.524, 123.444) on layer: M1
Net VDD: dangling Wire at (465.588, 123.444) (465.588, 123.444) on layer: M1
Net VDD: dangling Wire at (102.168, 123.444) (102.168, 123.444) on layer: M1
Net VDD: dangling Wire at (33.912, 123.444) (33.912, 123.444) on layer: M1
Net VDD: dangling Wire at (36.072, 123.444) (36.072, 123.444) on layer: M1
Net VDD: dangling Wire at (529.524, 123.984) (529.524, 123.984) on layer: M1
Net VDD: dangling Wire at (465.588, 123.984) (465.588, 123.984) on layer: M1
Net VDD: dangling Wire at (102.168, 123.984) (102.168, 123.984) on layer: M1
Net VDD: dangling Wire at (36.072, 123.984) (36.072, 123.984) on layer: M1
Net VDD: dangling Wire at (529.524, 124.524) (529.524, 124.524) on layer: M1
Net VDD: dangling Wire at (465.588, 124.524) (465.588, 124.524) on layer: M1
Net VDD: dangling Wire at (102.168, 124.524) (102.168, 124.524) on layer: M1
Net VDD: dangling Wire at (33.912, 124.524) (33.912, 124.524) on layer: M1
Net VDD: dangling Wire at (36.072, 124.524) (36.072, 124.524) on layer: M1
Net VDD: dangling Wire at (529.524, 125.064) (529.524, 125.064) on layer: M1
Net VDD: dangling Wire at (465.588, 125.064) (465.588, 125.064) on layer: M1
Net VDD: dangling Wire at (102.168, 125.064) (102.168, 125.064) on layer: M1
Net VDD: dangling Wire at (33.912, 125.064) (33.912, 125.064) on layer: M1
Net VDD: dangling Wire at (36.072, 125.064) (36.072, 125.064) on layer: M1
Net VDD: dangling Wire at (529.524, 125.604) (529.524, 125.604) on layer: M1
Net VDD: dangling Wire at (465.588, 125.604) (465.588, 125.604) on layer: M1
Net VDD: dangling Wire at (102.168, 125.604) (102.168, 125.604) on layer: M1
Net VDD: dangling Wire at (33.912, 125.604) (33.912, 125.604) on layer: M1
Net VDD: dangling Wire at (36.072, 125.604) (36.072, 125.604) on layer: M1
Net VDD: dangling Wire at (529.524, 126.144) (529.524, 126.144) on layer: M1
Net VDD: dangling Wire at (465.588, 126.144) (465.588, 126.144) on layer: M1
Net VDD: dangling Wire at (102.168, 126.144) (102.168, 126.144) on layer: M1
Net VDD: dangling Wire at (33.912, 126.144) (33.912, 126.144) on layer: M1
Net VDD: dangling Wire at (36.072, 126.144) (36.072, 126.144) on layer: M1
Net VDD: dangling Wire at (529.524, 126.684) (529.524, 126.684) on layer: M1
Net VDD: dangling Wire at (465.588, 126.684) (465.588, 126.684) on layer: M1
Net VDD: dangling Wire at (102.168, 126.684) (102.168, 126.684) on layer: M1
Net VDD: dangling Wire at (33.912, 126.684) (33.912, 126.684) on layer: M1
Net VDD: dangling Wire at (36.072, 126.684) (36.072, 126.684) on layer: M1
Net VDD: dangling Wire at (529.524, 127.224) (529.524, 127.224) on layer: M1
Net VDD: dangling Wire at (465.588, 127.224) (465.588, 127.224) on layer: M1
Net VDD: dangling Wire at (102.168, 127.224) (102.168, 127.224) on layer: M1
Net VDD: dangling Wire at (33.912, 127.224) (33.912, 127.224) on layer: M1
Net VDD: dangling Wire at (36.072, 127.224) (36.072, 127.224) on layer: M1
Net VDD: dangling Wire at (529.524, 127.764) (529.524, 127.764) on layer: M1
Net VDD: dangling Wire at (465.588, 127.764) (465.588, 127.764) on layer: M1
Net VDD: dangling Wire at (33.912, 127.764) (33.912, 127.764) on layer: M1
Net VDD: dangling Wire at (36.072, 127.764) (36.072, 127.764) on layer: M1
Net VDD: dangling Wire at (529.524, 128.304) (529.524, 128.304) on layer: M1
Net VDD: dangling Wire at (465.588, 128.304) (465.588, 128.304) on layer: M1
Net VDD: dangling Wire at (33.912, 128.304) (33.912, 128.304) on layer: M1
Net VDD: dangling Wire at (36.072, 128.304) (36.072, 128.304) on layer: M1
Net VDD: dangling Wire at (529.524, 128.844) (529.524, 128.844) on layer: M1
Net VDD: dangling Wire at (465.588, 128.844) (465.588, 128.844) on layer: M1
Net VDD: dangling Wire at (33.912, 128.844) (33.912, 128.844) on layer: M1
Net VDD: dangling Wire at (36.072, 128.844) (36.072, 128.844) on layer: M1
Net VDD: dangling Wire at (529.524, 129.384) (529.524, 129.384) on layer: M1
Net VDD: dangling Wire at (465.588, 129.384) (465.588, 129.384) on layer: M1
Net VDD: dangling Wire at (102.168, 129.384) (102.168, 129.384) on layer: M1
Net VDD: dangling Wire at (33.912, 129.384) (33.912, 129.384) on layer: M1
Net VDD: dangling Wire at (36.072, 129.384) (36.072, 129.384) on layer: M1
Net VDD: dangling Wire at (529.524, 129.924) (529.524, 129.924) on layer: M1
Net VDD: dangling Wire at (33.912, 129.924) (33.912, 129.924) on layer: M1
Net VDD: dangling Wire at (36.072, 129.924) (36.072, 129.924) on layer: M1
Net VDD: dangling Wire at (529.524, 130.464) (529.524, 130.464) on layer: M1
Net VDD: dangling Wire at (465.588, 130.464) (465.588, 130.464) on layer: M1
Net VDD: dangling Wire at (102.168, 130.464) (102.168, 130.464) on layer: M1
Net VDD: dangling Wire at (33.912, 130.464) (33.912, 130.464) on layer: M1
Net VDD: dangling Wire at (36.072, 130.464) (36.072, 130.464) on layer: M1
Net VDD: dangling Wire at (529.524, 131.004) (529.524, 131.004) on layer: M1
Net VDD: dangling Wire at (465.588, 131.004) (465.588, 131.004) on layer: M1
Net VDD: dangling Wire at (33.912, 131.004) (33.912, 131.004) on layer: M1
Net VDD: dangling Wire at (36.072, 131.004) (36.072, 131.004) on layer: M1
Net VDD: dangling Wire at (529.524, 131.544) (529.524, 131.544) on layer: M1
Net VDD: dangling Wire at (102.168, 131.544) (102.168, 131.544) on layer: M1
Net VDD: dangling Wire at (33.912, 131.544) (33.912, 131.544) on layer: M1
Net VDD: dangling Wire at (36.072, 131.544) (36.072, 131.544) on layer: M1
Net VDD: dangling Wire at (529.524, 132.084) (529.524, 132.084) on layer: M1
Net VDD: dangling Wire at (465.588, 132.084) (465.588, 132.084) on layer: M1
Net VDD: dangling Wire at (102.168, 132.084) (102.168, 132.084) on layer: M1
Net VDD: dangling Wire at (33.912, 132.084) (33.912, 132.084) on layer: M1
Net VDD: dangling Wire at (36.072, 132.084) (36.072, 132.084) on layer: M1
Net VDD: dangling Wire at (529.524, 132.624) (529.524, 132.624) on layer: M1
Net VDD: dangling Wire at (465.588, 132.624) (465.588, 132.624) on layer: M1
Net VDD: dangling Wire at (102.168, 132.624) (102.168, 132.624) on layer: M1
Net VDD: dangling Wire at (33.912, 132.624) (33.912, 132.624) on layer: M1
Net VDD: dangling Wire at (36.072, 132.624) (36.072, 132.624) on layer: M1
Net VDD: dangling Wire at (529.524, 133.164) (529.524, 133.164) on layer: M1
Net VDD: dangling Wire at (465.588, 133.164) (465.588, 133.164) on layer: M1
Net VDD: dangling Wire at (33.912, 133.164) (33.912, 133.164) on layer: M1
Net VDD: dangling Wire at (36.072, 133.164) (36.072, 133.164) on layer: M1
Net VDD: dangling Wire at (529.524, 133.704) (529.524, 133.704) on layer: M1
Net VDD: dangling Wire at (465.588, 133.704) (465.588, 133.704) on layer: M1
Net VDD: dangling Wire at (102.168, 133.704) (102.168, 133.704) on layer: M1
Net VDD: dangling Wire at (33.912, 133.704) (33.912, 133.704) on layer: M1
Net VDD: dangling Wire at (36.072, 133.704) (36.072, 133.704) on layer: M1
Net VDD: dangling Wire at (529.524, 134.244) (529.524, 134.244) on layer: M1
Net VDD: dangling Wire at (465.588, 134.244) (465.588, 134.244) on layer: M1
Net VDD: dangling Wire at (102.168, 134.244) (102.168, 134.244) on layer: M1
Net VDD: dangling Wire at (33.912, 134.244) (33.912, 134.244) on layer: M1
Net VDD: dangling Wire at (36.072, 134.244) (36.072, 134.244) on layer: M1
Net VDD: dangling Wire at (529.524, 134.784) (529.524, 134.784) on layer: M1
Net VDD: dangling Wire at (465.588, 134.784) (465.588, 134.784) on layer: M1
Net VDD: dangling Wire at (102.168, 134.784) (102.168, 134.784) on layer: M1
Net VDD: dangling Wire at (33.912, 134.784) (33.912, 134.784) on layer: M1
Net VDD: dangling Wire at (36.072, 134.784) (36.072, 134.784) on layer: M1
Net VDD: dangling Wire at (529.524, 135.324) (529.524, 135.324) on layer: M1
Net VDD: dangling Wire at (465.588, 135.324) (465.588, 135.324) on layer: M1
Net VDD: dangling Wire at (102.168, 135.324) (102.168, 135.324) on layer: M1
Net VDD: dangling Wire at (33.912, 135.324) (33.912, 135.324) on layer: M1
Net VDD: dangling Wire at (36.072, 135.324) (36.072, 135.324) on layer: M1
Net VDD: dangling Wire at (529.524, 135.864) (529.524, 135.864) on layer: M1
Net VDD: dangling Wire at (465.588, 135.864) (465.588, 135.864) on layer: M1
Net VDD: dangling Wire at (102.168, 135.864) (102.168, 135.864) on layer: M1
Net VDD: dangling Wire at (33.912, 135.864) (33.912, 135.864) on layer: M1
Net VDD: dangling Wire at (36.072, 135.864) (36.072, 135.864) on layer: M1
Net VDD: dangling Wire at (529.524, 136.404) (529.524, 136.404) on layer: M1
Net VDD: dangling Wire at (465.588, 136.404) (465.588, 136.404) on layer: M1
Net VDD: dangling Wire at (102.168, 136.404) (102.168, 136.404) on layer: M1
Net VDD: dangling Wire at (33.912, 136.404) (33.912, 136.404) on layer: M1
Net VDD: dangling Wire at (36.072, 136.404) (36.072, 136.404) on layer: M1
Net VDD: dangling Wire at (529.524, 136.944) (529.524, 136.944) on layer: M1
Net VDD: dangling Wire at (465.588, 136.944) (465.588, 136.944) on layer: M1
Net VDD: dangling Wire at (102.168, 136.944) (102.168, 136.944) on layer: M1
Net VDD: dangling Wire at (33.912, 136.944) (33.912, 136.944) on layer: M1
Net VDD: dangling Wire at (36.072, 136.944) (36.072, 136.944) on layer: M1
Net VDD: dangling Wire at (529.524, 137.484) (529.524, 137.484) on layer: M1
Net VDD: dangling Wire at (465.588, 137.484) (465.588, 137.484) on layer: M1
Net VDD: dangling Wire at (102.168, 137.484) (102.168, 137.484) on layer: M1
Net VDD: dangling Wire at (33.912, 137.484) (33.912, 137.484) on layer: M1
Net VDD: dangling Wire at (36.072, 137.484) (36.072, 137.484) on layer: M1
Net VDD: dangling Wire at (529.524, 138.024) (529.524, 138.024) on layer: M1
Net VDD: dangling Wire at (465.588, 138.024) (465.588, 138.024) on layer: M1
Net VDD: dangling Wire at (102.168, 138.024) (102.168, 138.024) on layer: M1
Net VDD: dangling Wire at (33.912, 138.024) (33.912, 138.024) on layer: M1
Net VDD: dangling Wire at (36.072, 138.024) (36.072, 138.024) on layer: M1
Net VDD: dangling Wire at (529.524, 138.564) (529.524, 138.564) on layer: M1
Net VDD: dangling Wire at (465.588, 138.564) (465.588, 138.564) on layer: M1
Net VDD: dangling Wire at (102.168, 138.564) (102.168, 138.564) on layer: M1
Net VDD: dangling Wire at (33.912, 138.564) (33.912, 138.564) on layer: M1
Net VDD: dangling Wire at (36.072, 138.564) (36.072, 138.564) on layer: M1
Net VDD: dangling Wire at (465.588, 139.104) (465.588, 139.104) on layer: M1
Net VDD: dangling Wire at (102.168, 139.104) (102.168, 139.104) on layer: M1
Net VDD: dangling Wire at (33.912, 139.104) (33.912, 139.104) on layer: M1
Net VDD: dangling Wire at (36.072, 139.104) (36.072, 139.104) on layer: M1
Net VDD: dangling Wire at (529.524, 139.644) (529.524, 139.644) on layer: M1
Net VDD: dangling Wire at (465.588, 139.644) (465.588, 139.644) on layer: M1
Net VDD: dangling Wire at (102.168, 139.644) (102.168, 139.644) on layer: M1
Net VDD: dangling Wire at (33.912, 139.644) (33.912, 139.644) on layer: M1
Net VDD: dangling Wire at (36.072, 139.644) (36.072, 139.644) on layer: M1
Net VDD: dangling Wire at (529.524, 140.184) (529.524, 140.184) on layer: M1
Net VDD: dangling Wire at (465.588, 140.184) (465.588, 140.184) on layer: M1
Net VDD: dangling Wire at (102.168, 140.184) (102.168, 140.184) on layer: M1
Net VDD: dangling Wire at (33.912, 140.184) (33.912, 140.184) on layer: M1
Net VDD: dangling Wire at (36.072, 140.184) (36.072, 140.184) on layer: M1
Net VDD: dangling Wire at (529.524, 140.724) (529.524, 140.724) on layer: M1
Net VDD: dangling Wire at (465.588, 140.724) (465.588, 140.724) on layer: M1
Net VDD: dangling Wire at (102.168, 140.724) (102.168, 140.724) on layer: M1
Net VDD: dangling Wire at (33.912, 140.724) (33.912, 140.724) on layer: M1
Net VDD: dangling Wire at (36.072, 140.724) (36.072, 140.724) on layer: M1
Net VDD: dangling Wire at (529.524, 141.264) (529.524, 141.264) on layer: M1
Net VDD: dangling Wire at (465.588, 141.264) (465.588, 141.264) on layer: M1
Net VDD: dangling Wire at (102.168, 141.264) (102.168, 141.264) on layer: M1
Net VDD: dangling Wire at (33.912, 141.264) (33.912, 141.264) on layer: M1
Net VDD: dangling Wire at (36.072, 141.264) (36.072, 141.264) on layer: M1
Net VDD: dangling Wire at (529.524, 141.804) (529.524, 141.804) on layer: M1
Net VDD: dangling Wire at (465.588, 141.804) (465.588, 141.804) on layer: M1
Net VDD: dangling Wire at (102.168, 141.804) (102.168, 141.804) on layer: M1
Net VDD: dangling Wire at (33.912, 141.804) (33.912, 141.804) on layer: M1
Net VDD: dangling Wire at (36.072, 141.804) (36.072, 141.804) on layer: M1
Net VDD: dangling Wire at (529.524, 142.344) (529.524, 142.344) on layer: M1
Net VDD: dangling Wire at (465.588, 142.344) (465.588, 142.344) on layer: M1
Net VDD: dangling Wire at (102.168, 142.344) (102.168, 142.344) on layer: M1
Net VDD: dangling Wire at (33.912, 142.344) (33.912, 142.344) on layer: M1
Net VDD: dangling Wire at (36.072, 142.344) (36.072, 142.344) on layer: M1
Net VDD: dangling Wire at (529.524, 142.884) (529.524, 142.884) on layer: M1
Net VDD: dangling Wire at (465.588, 142.884) (465.588, 142.884) on layer: M1
Net VDD: dangling Wire at (102.168, 142.884) (102.168, 142.884) on layer: M1
Net VDD: dangling Wire at (33.912, 142.884) (33.912, 142.884) on layer: M1
Net VDD: dangling Wire at (36.072, 142.884) (36.072, 142.884) on layer: M1
Net VDD: dangling Wire at (529.524, 143.424) (529.524, 143.424) on layer: M1
Net VDD: dangling Wire at (102.168, 143.424) (102.168, 143.424) on layer: M1
Net VDD: dangling Wire at (33.912, 143.424) (33.912, 143.424) on layer: M1
Net VDD: dangling Wire at (36.072, 143.424) (36.072, 143.424) on layer: M1
Net VDD: dangling Wire at (529.524, 143.964) (529.524, 143.964) on layer: M1
Net VDD: dangling Wire at (465.588, 143.964) (465.588, 143.964) on layer: M1
Net VDD: dangling Wire at (102.168, 143.964) (102.168, 143.964) on layer: M1
Net VDD: dangling Wire at (33.912, 143.964) (33.912, 143.964) on layer: M1
Net VDD: dangling Wire at (36.072, 143.964) (36.072, 143.964) on layer: M1
Net VDD: dangling Wire at (529.524, 144.504) (529.524, 144.504) on layer: M1
Net VDD: dangling Wire at (465.588, 144.504) (465.588, 144.504) on layer: M1
Net VDD: dangling Wire at (102.168, 144.504) (102.168, 144.504) on layer: M1
Net VDD: dangling Wire at (33.912, 144.504) (33.912, 144.504) on layer: M1
Net VDD: dangling Wire at (36.072, 144.504) (36.072, 144.504) on layer: M1
Net VDD: dangling Wire at (529.524, 145.044) (529.524, 145.044) on layer: M1
Net VDD: dangling Wire at (465.588, 145.044) (465.588, 145.044) on layer: M1
Net VDD: dangling Wire at (102.168, 145.044) (102.168, 145.044) on layer: M1
Net VDD: dangling Wire at (33.912, 145.044) (33.912, 145.044) on layer: M1
Net VDD: dangling Wire at (36.072, 145.044) (36.072, 145.044) on layer: M1
Net VDD: dangling Wire at (529.524, 145.584) (529.524, 145.584) on layer: M1
Net VDD: dangling Wire at (465.588, 145.584) (465.588, 145.584) on layer: M1
Net VDD: dangling Wire at (102.168, 145.584) (102.168, 145.584) on layer: M1
Net VDD: dangling Wire at (33.912, 145.584) (33.912, 145.584) on layer: M1
Net VDD: dangling Wire at (36.072, 145.584) (36.072, 145.584) on layer: M1
Net VDD: dangling Wire at (529.524, 146.124) (529.524, 146.124) on layer: M1
Net VDD: dangling Wire at (465.588, 146.124) (465.588, 146.124) on layer: M1
Net VDD: dangling Wire at (102.168, 146.124) (102.168, 146.124) on layer: M1
Net VDD: dangling Wire at (33.912, 146.124) (33.912, 146.124) on layer: M1
Net VDD: dangling Wire at (36.072, 146.124) (36.072, 146.124) on layer: M1
Net VDD: dangling Wire at (529.524, 146.664) (529.524, 146.664) on layer: M1
Net VDD: dangling Wire at (102.168, 146.664) (102.168, 146.664) on layer: M1
Net VDD: dangling Wire at (33.912, 146.664) (33.912, 146.664) on layer: M1
Net VDD: dangling Wire at (36.072, 146.664) (36.072, 146.664) on layer: M1
Net VDD: dangling Wire at (529.524, 147.204) (529.524, 147.204) on layer: M1
Net VDD: dangling Wire at (465.588, 147.204) (465.588, 147.204) on layer: M1
Net VDD: dangling Wire at (102.168, 147.204) (102.168, 147.204) on layer: M1
Net VDD: dangling Wire at (36.072, 147.204) (36.072, 147.204) on layer: M1
Net VDD: dangling Wire at (529.524, 147.744) (529.524, 147.744) on layer: M1
Net VDD: dangling Wire at (465.588, 147.744) (465.588, 147.744) on layer: M1
Net VDD: dangling Wire at (102.168, 147.744) (102.168, 147.744) on layer: M1
Net VDD: dangling Wire at (33.912, 147.744) (33.912, 147.744) on layer: M1
Net VDD: dangling Wire at (36.072, 147.744) (36.072, 147.744) on layer: M1
Net VDD: dangling Wire at (529.524, 148.284) (529.524, 148.284) on layer: M1
Net VDD: dangling Wire at (465.588, 148.284) (465.588, 148.284) on layer: M1
Net VDD: dangling Wire at (102.168, 148.284) (102.168, 148.284) on layer: M1
Net VDD: dangling Wire at (33.912, 148.284) (33.912, 148.284) on layer: M1
Net VDD: dangling Wire at (36.072, 148.284) (36.072, 148.284) on layer: M1
Net VDD: dangling Wire at (529.524, 148.824) (529.524, 148.824) on layer: M1
Net VDD: dangling Wire at (465.588, 148.824) (465.588, 148.824) on layer: M1
Net VDD: dangling Wire at (102.168, 148.824) (102.168, 148.824) on layer: M1
Net VDD: dangling Wire at (33.912, 148.824) (33.912, 148.824) on layer: M1
Net VDD: dangling Wire at (36.072, 148.824) (36.072, 148.824) on layer: M1
Net VDD: dangling Wire at (529.524, 149.364) (529.524, 149.364) on layer: M1
Net VDD: dangling Wire at (465.588, 149.364) (465.588, 149.364) on layer: M1
Net VDD: dangling Wire at (102.168, 149.364) (102.168, 149.364) on layer: M1
Net VDD: dangling Wire at (33.912, 149.364) (33.912, 149.364) on layer: M1
Net VDD: dangling Wire at (36.072, 149.364) (36.072, 149.364) on layer: M1
Net VDD: dangling Wire at (529.524, 149.904) (529.524, 149.904) on layer: M1
Net VDD: dangling Wire at (465.588, 149.904) (465.588, 149.904) on layer: M1
Net VDD: dangling Wire at (33.912, 149.904) (33.912, 149.904) on layer: M1
Net VDD: dangling Wire at (36.072, 149.904) (36.072, 149.904) on layer: M1
Net VDD: dangling Wire at (529.524, 150.444) (529.524, 150.444) on layer: M1
Net VDD: dangling Wire at (465.588, 150.444) (465.588, 150.444) on layer: M1
Net VDD: dangling Wire at (102.168, 150.444) (102.168, 150.444) on layer: M1
Net VDD: dangling Wire at (33.912, 150.444) (33.912, 150.444) on layer: M1
Net VDD: dangling Wire at (36.072, 150.444) (36.072, 150.444) on layer: M1
Net VDD: dangling Wire at (529.524, 150.984) (529.524, 150.984) on layer: M1
Net VDD: dangling Wire at (465.588, 150.984) (465.588, 150.984) on layer: M1
Net VDD: dangling Wire at (33.912, 150.984) (33.912, 150.984) on layer: M1
Net VDD: dangling Wire at (36.072, 150.984) (36.072, 150.984) on layer: M1
Net VDD: dangling Wire at (529.524, 151.524) (529.524, 151.524) on layer: M1
Net VDD: dangling Wire at (465.588, 151.524) (465.588, 151.524) on layer: M1
Net VDD: dangling Wire at (102.168, 151.524) (102.168, 151.524) on layer: M1
Net VDD: dangling Wire at (33.912, 151.524) (33.912, 151.524) on layer: M1
Net VDD: dangling Wire at (36.072, 151.524) (36.072, 151.524) on layer: M1
Net VDD: dangling Wire at (529.524, 152.064) (529.524, 152.064) on layer: M1
Net VDD: dangling Wire at (102.168, 152.064) (102.168, 152.064) on layer: M1
Net VDD: dangling Wire at (33.912, 152.064) (33.912, 152.064) on layer: M1
Net VDD: dangling Wire at (36.072, 152.064) (36.072, 152.064) on layer: M1
Net VDD: dangling Wire at (529.524, 152.604) (529.524, 152.604) on layer: M1
Net VDD: dangling Wire at (465.588, 152.604) (465.588, 152.604) on layer: M1
Net VDD: dangling Wire at (102.168, 152.604) (102.168, 152.604) on layer: M1
Net VDD: dangling Wire at (33.912, 152.604) (33.912, 152.604) on layer: M1
Net VDD: dangling Wire at (36.072, 152.604) (36.072, 152.604) on layer: M1
Net VDD: dangling Wire at (529.524, 153.144) (529.524, 153.144) on layer: M1
Net VDD: dangling Wire at (465.588, 153.144) (465.588, 153.144) on layer: M1
Net VDD: dangling Wire at (102.168, 153.144) (102.168, 153.144) on layer: M1
Net VDD: dangling Wire at (33.912, 153.144) (33.912, 153.144) on layer: M1
Net VDD: dangling Wire at (36.072, 153.144) (36.072, 153.144) on layer: M1
Net VDD: dangling Wire at (529.524, 153.684) (529.524, 153.684) on layer: M1
Net VDD: dangling Wire at (465.588, 153.684) (465.588, 153.684) on layer: M1
Net VDD: dangling Wire at (102.168, 153.684) (102.168, 153.684) on layer: M1
Net VDD: dangling Wire at (33.912, 153.684) (33.912, 153.684) on layer: M1
Net VDD: dangling Wire at (36.072, 153.684) (36.072, 153.684) on layer: M1
Net VDD: dangling Wire at (465.588, 154.224) (465.588, 154.224) on layer: M1
Net VDD: dangling Wire at (33.912, 154.224) (33.912, 154.224) on layer: M1
Net VDD: dangling Wire at (36.072, 154.224) (36.072, 154.224) on layer: M1
Net VDD: dangling Wire at (529.524, 154.764) (529.524, 154.764) on layer: M1
Net VDD: dangling Wire at (465.588, 154.764) (465.588, 154.764) on layer: M1
Net VDD: dangling Wire at (102.168, 154.764) (102.168, 154.764) on layer: M1
Net VDD: dangling Wire at (33.912, 154.764) (33.912, 154.764) on layer: M1
Net VDD: dangling Wire at (36.072, 154.764) (36.072, 154.764) on layer: M1
Net VDD: dangling Wire at (529.524, 155.304) (529.524, 155.304) on layer: M1
Net VDD: dangling Wire at (465.588, 155.304) (465.588, 155.304) on layer: M1
Net VDD: dangling Wire at (102.168, 155.304) (102.168, 155.304) on layer: M1
Net VDD: dangling Wire at (33.912, 155.304) (33.912, 155.304) on layer: M1
Net VDD: dangling Wire at (36.072, 155.304) (36.072, 155.304) on layer: M1
Net VDD: dangling Wire at (465.588, 155.844) (465.588, 155.844) on layer: M1
Net VDD: dangling Wire at (102.168, 155.844) (102.168, 155.844) on layer: M1
Net VDD: dangling Wire at (33.912, 155.844) (33.912, 155.844) on layer: M1
Net VDD: dangling Wire at (36.072, 155.844) (36.072, 155.844) on layer: M1
Net VDD: dangling Wire at (529.524, 156.384) (529.524, 156.384) on layer: M1
Net VDD: dangling Wire at (465.588, 156.384) (465.588, 156.384) on layer: M1
Net VDD: dangling Wire at (102.168, 156.384) (102.168, 156.384) on layer: M1
Net VDD: dangling Wire at (33.912, 156.384) (33.912, 156.384) on layer: M1
Net VDD: dangling Wire at (36.072, 156.384) (36.072, 156.384) on layer: M1
Net VDD: dangling Wire at (529.524, 156.924) (529.524, 156.924) on layer: M1
Net VDD: dangling Wire at (465.588, 156.924) (465.588, 156.924) on layer: M1
Net VDD: dangling Wire at (102.168, 156.924) (102.168, 156.924) on layer: M1
Net VDD: dangling Wire at (33.912, 156.924) (33.912, 156.924) on layer: M1
Net VDD: dangling Wire at (36.072, 156.924) (36.072, 156.924) on layer: M1
Net VDD: dangling Wire at (529.524, 157.464) (529.524, 157.464) on layer: M1
Net VDD: dangling Wire at (465.588, 157.464) (465.588, 157.464) on layer: M1
Net VDD: dangling Wire at (102.168, 157.464) (102.168, 157.464) on layer: M1
Net VDD: dangling Wire at (33.912, 157.464) (33.912, 157.464) on layer: M1
Net VDD: dangling Wire at (36.072, 157.464) (36.072, 157.464) on layer: M1
Net VDD: dangling Wire at (529.524, 158.004) (529.524, 158.004) on layer: M1
Net VDD: dangling Wire at (465.588, 158.004) (465.588, 158.004) on layer: M1
Net VDD: dangling Wire at (102.168, 158.004) (102.168, 158.004) on layer: M1
Net VDD: dangling Wire at (33.912, 158.004) (33.912, 158.004) on layer: M1
Net VDD: dangling Wire at (36.072, 158.004) (36.072, 158.004) on layer: M1
Net VDD: dangling Wire at (529.524, 158.544) (529.524, 158.544) on layer: M1
Net VDD: dangling Wire at (465.588, 158.544) (465.588, 158.544) on layer: M1
Net VDD: dangling Wire at (102.168, 158.544) (102.168, 158.544) on layer: M1
Net VDD: dangling Wire at (33.912, 158.544) (33.912, 158.544) on layer: M1
Net VDD: dangling Wire at (36.072, 158.544) (36.072, 158.544) on layer: M1
Net VDD: dangling Wire at (529.524, 159.084) (529.524, 159.084) on layer: M1
Net VDD: dangling Wire at (465.588, 159.084) (465.588, 159.084) on layer: M1
Net VDD: dangling Wire at (102.168, 159.084) (102.168, 159.084) on layer: M1
Net VDD: dangling Wire at (33.912, 159.084) (33.912, 159.084) on layer: M1
Net VDD: dangling Wire at (36.072, 159.084) (36.072, 159.084) on layer: M1
Net VDD: dangling Wire at (529.524, 159.624) (529.524, 159.624) on layer: M1
Net VDD: dangling Wire at (465.588, 159.624) (465.588, 159.624) on layer: M1
Net VDD: dangling Wire at (102.168, 159.624) (102.168, 159.624) on layer: M1
Net VDD: dangling Wire at (33.912, 159.624) (33.912, 159.624) on layer: M1
Net VDD: dangling Wire at (36.072, 159.624) (36.072, 159.624) on layer: M1
Net VDD: dangling Wire at (529.524, 160.164) (529.524, 160.164) on layer: M1
Net VDD: dangling Wire at (465.588, 160.164) (465.588, 160.164) on layer: M1
Net VDD: dangling Wire at (102.168, 160.164) (102.168, 160.164) on layer: M1
Net VDD: dangling Wire at (33.912, 160.164) (33.912, 160.164) on layer: M1
Net VDD: dangling Wire at (36.072, 160.164) (36.072, 160.164) on layer: M1
Net VDD: dangling Wire at (529.524, 160.704) (529.524, 160.704) on layer: M1
Net VDD: dangling Wire at (465.588, 160.704) (465.588, 160.704) on layer: M1
Net VDD: dangling Wire at (102.168, 160.704) (102.168, 160.704) on layer: M1
Net VDD: dangling Wire at (33.912, 160.704) (33.912, 160.704) on layer: M1
Net VDD: dangling Wire at (36.072, 160.704) (36.072, 160.704) on layer: M1
Net VDD: dangling Wire at (529.524, 161.244) (529.524, 161.244) on layer: M1
Net VDD: dangling Wire at (465.588, 161.244) (465.588, 161.244) on layer: M1
Net VDD: dangling Wire at (102.168, 161.244) (102.168, 161.244) on layer: M1
Net VDD: dangling Wire at (33.912, 161.244) (33.912, 161.244) on layer: M1
Net VDD: dangling Wire at (36.072, 161.244) (36.072, 161.244) on layer: M1
Net VDD: dangling Wire at (529.524, 161.784) (529.524, 161.784) on layer: M1
Net VDD: dangling Wire at (465.588, 161.784) (465.588, 161.784) on layer: M1
Net VDD: dangling Wire at (102.168, 161.784) (102.168, 161.784) on layer: M1
Net VDD: dangling Wire at (33.912, 161.784) (33.912, 161.784) on layer: M1
Net VDD: dangling Wire at (36.072, 161.784) (36.072, 161.784) on layer: M1
Net VDD: dangling Wire at (529.524, 162.324) (529.524, 162.324) on layer: M1
Net VDD: dangling Wire at (465.588, 162.324) (465.588, 162.324) on layer: M1
Net VDD: dangling Wire at (102.168, 162.324) (102.168, 162.324) on layer: M1
Net VDD: dangling Wire at (33.912, 162.324) (33.912, 162.324) on layer: M1
Net VDD: dangling Wire at (36.072, 162.324) (36.072, 162.324) on layer: M1
Net VDD: dangling Wire at (529.524, 162.864) (529.524, 162.864) on layer: M1
Net VDD: dangling Wire at (465.588, 162.864) (465.588, 162.864) on layer: M1
Net VDD: dangling Wire at (102.168, 162.864) (102.168, 162.864) on layer: M1
Net VDD: dangling Wire at (33.912, 162.864) (33.912, 162.864) on layer: M1
Net VDD: dangling Wire at (36.072, 162.864) (36.072, 162.864) on layer: M1
Net VDD: dangling Wire at (529.524, 163.404) (529.524, 163.404) on layer: M1
Net VDD: dangling Wire at (102.168, 163.404) (102.168, 163.404) on layer: M1
Net VDD: dangling Wire at (33.912, 163.404) (33.912, 163.404) on layer: M1
Net VDD: dangling Wire at (36.072, 163.404) (36.072, 163.404) on layer: M1
Net VDD: dangling Wire at (529.524, 163.944) (529.524, 163.944) on layer: M1
Net VDD: dangling Wire at (102.168, 163.944) (102.168, 163.944) on layer: M1
Net VDD: dangling Wire at (33.912, 163.944) (33.912, 163.944) on layer: M1
Net VDD: dangling Wire at (36.072, 163.944) (36.072, 163.944) on layer: M1
Net VDD: dangling Wire at (529.524, 164.484) (529.524, 164.484) on layer: M1
Net VDD: dangling Wire at (102.168, 164.484) (102.168, 164.484) on layer: M1
Net VDD: dangling Wire at (33.912, 164.484) (33.912, 164.484) on layer: M1
Net VDD: dangling Wire at (36.072, 164.484) (36.072, 164.484) on layer: M1
Net VDD: dangling Wire at (529.524, 165.024) (529.524, 165.024) on layer: M1
Net VDD: dangling Wire at (465.588, 165.024) (465.588, 165.024) on layer: M1
Net VDD: dangling Wire at (102.168, 165.024) (102.168, 165.024) on layer: M1
Net VDD: dangling Wire at (33.912, 165.024) (33.912, 165.024) on layer: M1
Net VDD: dangling Wire at (36.072, 165.024) (36.072, 165.024) on layer: M1
Net VDD: dangling Wire at (529.524, 165.564) (529.524, 165.564) on layer: M1
Net VDD: dangling Wire at (102.168, 165.564) (102.168, 165.564) on layer: M1
Net VDD: dangling Wire at (33.912, 165.564) (33.912, 165.564) on layer: M1
Net VDD: dangling Wire at (36.072, 165.564) (36.072, 165.564) on layer: M1
Net VDD: dangling Wire at (529.524, 166.104) (529.524, 166.104) on layer: M1
Net VDD: dangling Wire at (465.588, 166.104) (465.588, 166.104) on layer: M1
Net VDD: dangling Wire at (102.168, 166.104) (102.168, 166.104) on layer: M1
Net VDD: dangling Wire at (33.912, 166.104) (33.912, 166.104) on layer: M1
Net VDD: dangling Wire at (36.072, 166.104) (36.072, 166.104) on layer: M1
Net VDD: dangling Wire at (529.524, 166.644) (529.524, 166.644) on layer: M1
Net VDD: dangling Wire at (465.588, 166.644) (465.588, 166.644) on layer: M1
Net VDD: dangling Wire at (102.168, 166.644) (102.168, 166.644) on layer: M1
Net VDD: dangling Wire at (33.912, 166.644) (33.912, 166.644) on layer: M1
Net VDD: dangling Wire at (36.072, 166.644) (36.072, 166.644) on layer: M1
Net VDD: dangling Wire at (529.524, 167.184) (529.524, 167.184) on layer: M1
Net VDD: dangling Wire at (465.588, 167.184) (465.588, 167.184) on layer: M1
Net VDD: dangling Wire at (102.168, 167.184) (102.168, 167.184) on layer: M1
Net VDD: dangling Wire at (33.912, 167.184) (33.912, 167.184) on layer: M1
Net VDD: dangling Wire at (36.072, 167.184) (36.072, 167.184) on layer: M1
Net VDD: dangling Wire at (529.524, 167.724) (529.524, 167.724) on layer: M1
Net VDD: dangling Wire at (465.588, 167.724) (465.588, 167.724) on layer: M1
Net VDD: dangling Wire at (102.168, 167.724) (102.168, 167.724) on layer: M1
Net VDD: dangling Wire at (33.912, 167.724) (33.912, 167.724) on layer: M1
Net VDD: dangling Wire at (36.072, 167.724) (36.072, 167.724) on layer: M1
Net VDD: dangling Wire at (529.524, 168.264) (529.524, 168.264) on layer: M1
Net VDD: dangling Wire at (465.588, 168.264) (465.588, 168.264) on layer: M1
Net VDD: dangling Wire at (102.168, 168.264) (102.168, 168.264) on layer: M1
Net VDD: dangling Wire at (33.912, 168.264) (33.912, 168.264) on layer: M1
Net VDD: dangling Wire at (36.072, 168.264) (36.072, 168.264) on layer: M1
Net VDD: dangling Wire at (529.524, 168.804) (529.524, 168.804) on layer: M1
Net VDD: dangling Wire at (102.168, 168.804) (102.168, 168.804) on layer: M1
Net VDD: dangling Wire at (33.912, 168.804) (33.912, 168.804) on layer: M1
Net VDD: dangling Wire at (36.072, 168.804) (36.072, 168.804) on layer: M1
Net VDD: dangling Wire at (529.524, 169.344) (529.524, 169.344) on layer: M1
Net VDD: dangling Wire at (465.588, 169.344) (465.588, 169.344) on layer: M1
Net VDD: dangling Wire at (102.168, 169.344) (102.168, 169.344) on layer: M1
Net VDD: dangling Wire at (33.912, 169.344) (33.912, 169.344) on layer: M1
Net VDD: dangling Wire at (36.072, 169.344) (36.072, 169.344) on layer: M1
Net VDD: dangling Wire at (529.524, 169.884) (529.524, 169.884) on layer: M1
Net VDD: dangling Wire at (465.588, 169.884) (465.588, 169.884) on layer: M1
Net VDD: dangling Wire at (33.912, 169.884) (33.912, 169.884) on layer: M1
Net VDD: dangling Wire at (36.072, 169.884) (36.072, 169.884) on layer: M1
Net VDD: dangling Wire at (529.524, 170.424) (529.524, 170.424) on layer: M1
Net VDD: dangling Wire at (465.588, 170.424) (465.588, 170.424) on layer: M1
Net VDD: dangling Wire at (102.168, 170.424) (102.168, 170.424) on layer: M1
Net VDD: dangling Wire at (33.912, 170.424) (33.912, 170.424) on layer: M1
Net VDD: dangling Wire at (36.072, 170.424) (36.072, 170.424) on layer: M1
Net VDD: dangling Wire at (529.524, 170.964) (529.524, 170.964) on layer: M1
Net VDD: dangling Wire at (465.588, 170.964) (465.588, 170.964) on layer: M1
Net VDD: dangling Wire at (102.168, 170.964) (102.168, 170.964) on layer: M1
Net VDD: dangling Wire at (33.912, 170.964) (33.912, 170.964) on layer: M1
Net VDD: dangling Wire at (36.072, 170.964) (36.072, 170.964) on layer: M1
Net VDD: dangling Wire at (529.524, 171.504) (529.524, 171.504) on layer: M1
Net VDD: dangling Wire at (465.588, 171.504) (465.588, 171.504) on layer: M1
Net VDD: dangling Wire at (102.168, 171.504) (102.168, 171.504) on layer: M1
Net VDD: dangling Wire at (33.912, 171.504) (33.912, 171.504) on layer: M1
Net VDD: dangling Wire at (36.072, 171.504) (36.072, 171.504) on layer: M1
Net VDD: dangling Wire at (529.524, 172.044) (529.524, 172.044) on layer: M1
Net VDD: dangling Wire at (465.588, 172.044) (465.588, 172.044) on layer: M1
Net VDD: dangling Wire at (102.168, 172.044) (102.168, 172.044) on layer: M1
Net VDD: dangling Wire at (33.912, 172.044) (33.912, 172.044) on layer: M1
Net VDD: dangling Wire at (36.072, 172.044) (36.072, 172.044) on layer: M1
Net VDD: dangling Wire at (529.524, 172.584) (529.524, 172.584) on layer: M1
Net VDD: dangling Wire at (465.588, 172.584) (465.588, 172.584) on layer: M1
Net VDD: dangling Wire at (102.168, 172.584) (102.168, 172.584) on layer: M1
Net VDD: dangling Wire at (33.912, 172.584) (33.912, 172.584) on layer: M1
Net VDD: dangling Wire at (36.072, 172.584) (36.072, 172.584) on layer: M1
Net VDD: dangling Wire at (529.524, 173.124) (529.524, 173.124) on layer: M1
Net VDD: dangling Wire at (465.588, 173.124) (465.588, 173.124) on layer: M1
Net VDD: dangling Wire at (33.912, 173.124) (33.912, 173.124) on layer: M1
Net VDD: dangling Wire at (36.072, 173.124) (36.072, 173.124) on layer: M1
Net VDD: dangling Wire at (529.524, 173.664) (529.524, 173.664) on layer: M1
Net VDD: dangling Wire at (465.588, 173.664) (465.588, 173.664) on layer: M1
Net VDD: dangling Wire at (102.168, 173.664) (102.168, 173.664) on layer: M1
Net VDD: dangling Wire at (33.912, 173.664) (33.912, 173.664) on layer: M1
Net VDD: dangling Wire at (36.072, 173.664) (36.072, 173.664) on layer: M1
Net VDD: dangling Wire at (529.524, 174.204) (529.524, 174.204) on layer: M1
Net VDD: dangling Wire at (102.168, 174.204) (102.168, 174.204) on layer: M1
Net VDD: dangling Wire at (33.912, 174.204) (33.912, 174.204) on layer: M1
Net VDD: dangling Wire at (36.072, 174.204) (36.072, 174.204) on layer: M1
Net VDD: dangling Wire at (529.524, 174.744) (529.524, 174.744) on layer: M1
Net VDD: dangling Wire at (465.588, 174.744) (465.588, 174.744) on layer: M1
Net VDD: dangling Wire at (102.168, 174.744) (102.168, 174.744) on layer: M1
Net VDD: dangling Wire at (33.912, 174.744) (33.912, 174.744) on layer: M1
Net VDD: dangling Wire at (36.072, 174.744) (36.072, 174.744) on layer: M1
Net VDD: dangling Wire at (529.524, 175.284) (529.524, 175.284) on layer: M1
Net VDD: dangling Wire at (465.588, 175.284) (465.588, 175.284) on layer: M1
Net VDD: dangling Wire at (102.168, 175.284) (102.168, 175.284) on layer: M1
Net VDD: dangling Wire at (33.912, 175.284) (33.912, 175.284) on layer: M1
Net VDD: dangling Wire at (36.072, 175.284) (36.072, 175.284) on layer: M1
Net VDD: dangling Wire at (529.524, 175.824) (529.524, 175.824) on layer: M1
Net VDD: dangling Wire at (465.588, 175.824) (465.588, 175.824) on layer: M1
Net VDD: dangling Wire at (33.912, 175.824) (33.912, 175.824) on layer: M1
Net VDD: dangling Wire at (36.072, 175.824) (36.072, 175.824) on layer: M1
Net VDD: dangling Wire at (529.524, 176.364) (529.524, 176.364) on layer: M1
Net VDD: dangling Wire at (465.588, 176.364) (465.588, 176.364) on layer: M1
Net VDD: dangling Wire at (33.912, 176.364) (33.912, 176.364) on layer: M1
Net VDD: dangling Wire at (36.072, 176.364) (36.072, 176.364) on layer: M1
Net VDD: dangling Wire at (529.524, 176.904) (529.524, 176.904) on layer: M1
Net VDD: dangling Wire at (465.588, 176.904) (465.588, 176.904) on layer: M1
Net VDD: dangling Wire at (102.168, 176.904) (102.168, 176.904) on layer: M1
Net VDD: dangling Wire at (33.912, 176.904) (33.912, 176.904) on layer: M1
Net VDD: dangling Wire at (36.072, 176.904) (36.072, 176.904) on layer: M1
Net VDD: dangling Wire at (529.524, 177.444) (529.524, 177.444) on layer: M1
Net VDD: dangling Wire at (102.168, 177.444) (102.168, 177.444) on layer: M1
Net VDD: dangling Wire at (33.912, 177.444) (33.912, 177.444) on layer: M1
Net VDD: dangling Wire at (36.072, 177.444) (36.072, 177.444) on layer: M1
Net VDD: dangling Wire at (529.524, 177.984) (529.524, 177.984) on layer: M1
Net VDD: dangling Wire at (465.588, 177.984) (465.588, 177.984) on layer: M1
Net VDD: dangling Wire at (102.168, 177.984) (102.168, 177.984) on layer: M1
Net VDD: dangling Wire at (33.912, 177.984) (33.912, 177.984) on layer: M1
Net VDD: dangling Wire at (36.072, 177.984) (36.072, 177.984) on layer: M1
Net VDD: dangling Wire at (529.524, 178.524) (529.524, 178.524) on layer: M1
Net VDD: dangling Wire at (465.588, 178.524) (465.588, 178.524) on layer: M1
Net VDD: dangling Wire at (102.168, 178.524) (102.168, 178.524) on layer: M1
Net VDD: dangling Wire at (33.912, 178.524) (33.912, 178.524) on layer: M1
Net VDD: dangling Wire at (36.072, 178.524) (36.072, 178.524) on layer: M1
Net VDD: dangling Wire at (529.524, 179.064) (529.524, 179.064) on layer: M1
Net VDD: dangling Wire at (465.588, 179.064) (465.588, 179.064) on layer: M1
Net VDD: dangling Wire at (102.168, 179.064) (102.168, 179.064) on layer: M1
Net VDD: dangling Wire at (33.912, 179.064) (33.912, 179.064) on layer: M1
Net VDD: dangling Wire at (36.072, 179.064) (36.072, 179.064) on layer: M1
Net VDD: dangling Wire at (529.524, 179.604) (529.524, 179.604) on layer: M1
Net VDD: dangling Wire at (465.588, 179.604) (465.588, 179.604) on layer: M1
Net VDD: dangling Wire at (102.168, 179.604) (102.168, 179.604) on layer: M1
Net VDD: dangling Wire at (33.912, 179.604) (33.912, 179.604) on layer: M1
Net VDD: dangling Wire at (36.072, 179.604) (36.072, 179.604) on layer: M1
Net VDD: dangling Wire at (529.524, 180.144) (529.524, 180.144) on layer: M1
Net VDD: dangling Wire at (465.588, 180.144) (465.588, 180.144) on layer: M1
Net VDD: dangling Wire at (102.168, 180.144) (102.168, 180.144) on layer: M1
Net VDD: dangling Wire at (33.912, 180.144) (33.912, 180.144) on layer: M1
Net VDD: dangling Wire at (36.072, 180.144) (36.072, 180.144) on layer: M1
Net VDD: dangling Wire at (529.524, 180.684) (529.524, 180.684) on layer: M1
Net VDD: dangling Wire at (465.588, 180.684) (465.588, 180.684) on layer: M1
Net VDD: dangling Wire at (102.168, 180.684) (102.168, 180.684) on layer: M1
Net VDD: dangling Wire at (33.912, 180.684) (33.912, 180.684) on layer: M1
Net VDD: dangling Wire at (36.072, 180.684) (36.072, 180.684) on layer: M1
Net VDD: dangling Wire at (529.524, 181.224) (529.524, 181.224) on layer: M1
Net VDD: dangling Wire at (465.588, 181.224) (465.588, 181.224) on layer: M1
Net VDD: dangling Wire at (102.168, 181.224) (102.168, 181.224) on layer: M1
Net VDD: dangling Wire at (33.912, 181.224) (33.912, 181.224) on layer: M1
Net VDD: dangling Wire at (36.072, 181.224) (36.072, 181.224) on layer: M1
Net VDD: dangling Wire at (529.524, 181.764) (529.524, 181.764) on layer: M1
Net VDD: dangling Wire at (465.588, 181.764) (465.588, 181.764) on layer: M1
Net VDD: dangling Wire at (102.168, 181.764) (102.168, 181.764) on layer: M1
Net VDD: dangling Wire at (33.912, 181.764) (33.912, 181.764) on layer: M1
Net VDD: dangling Wire at (36.072, 181.764) (36.072, 181.764) on layer: M1
Net VDD: dangling Wire at (529.524, 182.304) (529.524, 182.304) on layer: M1
Net VDD: dangling Wire at (465.588, 182.304) (465.588, 182.304) on layer: M1
Net VDD: dangling Wire at (102.168, 182.304) (102.168, 182.304) on layer: M1
Net VDD: dangling Wire at (33.912, 182.304) (33.912, 182.304) on layer: M1
Net VDD: dangling Wire at (36.072, 182.304) (36.072, 182.304) on layer: M1
Net VDD: dangling Wire at (529.524, 182.844) (529.524, 182.844) on layer: M1
Net VDD: dangling Wire at (465.588, 182.844) (465.588, 182.844) on layer: M1
Net VDD: dangling Wire at (102.168, 182.844) (102.168, 182.844) on layer: M1
Net VDD: dangling Wire at (33.912, 182.844) (33.912, 182.844) on layer: M1
Net VDD: dangling Wire at (36.072, 182.844) (36.072, 182.844) on layer: M1
Net VDD: dangling Wire at (529.524, 183.384) (529.524, 183.384) on layer: M1
Net VDD: dangling Wire at (465.588, 183.384) (465.588, 183.384) on layer: M1
Net VDD: dangling Wire at (102.168, 183.384) (102.168, 183.384) on layer: M1
Net VDD: dangling Wire at (33.912, 183.384) (33.912, 183.384) on layer: M1
Net VDD: dangling Wire at (36.072, 183.384) (36.072, 183.384) on layer: M1
Net VDD: dangling Wire at (465.588, 183.924) (465.588, 183.924) on layer: M1
Net VDD: dangling Wire at (102.168, 183.924) (102.168, 183.924) on layer: M1
Net VDD: dangling Wire at (33.912, 183.924) (33.912, 183.924) on layer: M1
Net VDD: dangling Wire at (36.072, 183.924) (36.072, 183.924) on layer: M1
Net VDD: dangling Wire at (529.524, 184.464) (529.524, 184.464) on layer: M1
Net VDD: dangling Wire at (465.588, 184.464) (465.588, 184.464) on layer: M1
Net VDD: dangling Wire at (102.168, 184.464) (102.168, 184.464) on layer: M1
Net VDD: dangling Wire at (33.912, 184.464) (33.912, 184.464) on layer: M1
Net VDD: dangling Wire at (36.072, 184.464) (36.072, 184.464) on layer: M1
Net VDD: dangling Wire at (529.524, 185.004) (529.524, 185.004) on layer: M1
Net VDD: dangling Wire at (465.588, 185.004) (465.588, 185.004) on layer: M1
Net VDD: dangling Wire at (102.168, 185.004) (102.168, 185.004) on layer: M1
Net VDD: dangling Wire at (33.912, 185.004) (33.912, 185.004) on layer: M1
Net VDD: dangling Wire at (36.072, 185.004) (36.072, 185.004) on layer: M1
Net VDD: dangling Wire at (529.524, 185.544) (529.524, 185.544) on layer: M1
Net VDD: dangling Wire at (465.588, 185.544) (465.588, 185.544) on layer: M1
Net VDD: dangling Wire at (33.912, 185.544) (33.912, 185.544) on layer: M1
Net VDD: dangling Wire at (36.072, 185.544) (36.072, 185.544) on layer: M1
Net VDD: dangling Wire at (529.524, 186.084) (529.524, 186.084) on layer: M1
Net VDD: dangling Wire at (465.588, 186.084) (465.588, 186.084) on layer: M1
Net VDD: dangling Wire at (102.168, 186.084) (102.168, 186.084) on layer: M1
Net VDD: dangling Wire at (33.912, 186.084) (33.912, 186.084) on layer: M1
Net VDD: dangling Wire at (36.072, 186.084) (36.072, 186.084) on layer: M1
Net VDD: dangling Wire at (529.524, 186.624) (529.524, 186.624) on layer: M1
Net VDD: dangling Wire at (465.588, 186.624) (465.588, 186.624) on layer: M1
Net VDD: dangling Wire at (33.912, 186.624) (33.912, 186.624) on layer: M1
Net VDD: dangling Wire at (36.072, 186.624) (36.072, 186.624) on layer: M1
Net VDD: dangling Wire at (529.524, 187.164) (529.524, 187.164) on layer: M1
Net VDD: dangling Wire at (465.588, 187.164) (465.588, 187.164) on layer: M1
Net VDD: dangling Wire at (102.168, 187.164) (102.168, 187.164) on layer: M1
Net VDD: dangling Wire at (33.912, 187.164) (33.912, 187.164) on layer: M1
Net VDD: dangling Wire at (36.072, 187.164) (36.072, 187.164) on layer: M1
Net VDD: dangling Wire at (529.524, 187.704) (529.524, 187.704) on layer: M1
Net VDD: dangling Wire at (465.588, 187.704) (465.588, 187.704) on layer: M1
Net VDD: dangling Wire at (33.912, 187.704) (33.912, 187.704) on layer: M1
Net VDD: dangling Wire at (36.072, 187.704) (36.072, 187.704) on layer: M1
Net VDD: dangling Wire at (529.524, 188.244) (529.524, 188.244) on layer: M1
Net VDD: dangling Wire at (465.588, 188.244) (465.588, 188.244) on layer: M1
Net VDD: dangling Wire at (102.168, 188.244) (102.168, 188.244) on layer: M1
Net VDD: dangling Wire at (33.912, 188.244) (33.912, 188.244) on layer: M1
Net VDD: dangling Wire at (36.072, 188.244) (36.072, 188.244) on layer: M1
Net VDD: dangling Wire at (529.524, 188.784) (529.524, 188.784) on layer: M1
Net VDD: dangling Wire at (465.588, 188.784) (465.588, 188.784) on layer: M1
Net VDD: dangling Wire at (102.168, 188.784) (102.168, 188.784) on layer: M1
Net VDD: dangling Wire at (33.912, 188.784) (33.912, 188.784) on layer: M1
Net VDD: dangling Wire at (36.072, 188.784) (36.072, 188.784) on layer: M1
Net VDD: dangling Wire at (529.524, 189.324) (529.524, 189.324) on layer: M1
Net VDD: dangling Wire at (465.588, 189.324) (465.588, 189.324) on layer: M1
Net VDD: dangling Wire at (102.168, 189.324) (102.168, 189.324) on layer: M1
Net VDD: dangling Wire at (33.912, 189.324) (33.912, 189.324) on layer: M1
Net VDD: dangling Wire at (36.072, 189.324) (36.072, 189.324) on layer: M1
Net VDD: dangling Wire at (529.524, 189.864) (529.524, 189.864) on layer: M1
Net VDD: dangling Wire at (465.588, 189.864) (465.588, 189.864) on layer: M1
Net VDD: dangling Wire at (102.168, 189.864) (102.168, 189.864) on layer: M1
Net VDD: dangling Wire at (33.912, 189.864) (33.912, 189.864) on layer: M1
Net VDD: dangling Wire at (36.072, 189.864) (36.072, 189.864) on layer: M1
Net VDD: dangling Wire at (529.524, 190.404) (529.524, 190.404) on layer: M1
Net VDD: dangling Wire at (465.588, 190.404) (465.588, 190.404) on layer: M1
Net VDD: dangling Wire at (33.912, 190.404) (33.912, 190.404) on layer: M1
Net VDD: dangling Wire at (36.072, 190.404) (36.072, 190.404) on layer: M1
Net VDD: dangling Wire at (529.524, 190.944) (529.524, 190.944) on layer: M1
Net VDD: dangling Wire at (465.588, 190.944) (465.588, 190.944) on layer: M1
Net VDD: dangling Wire at (33.912, 190.944) (33.912, 190.944) on layer: M1
Net VDD: dangling Wire at (36.072, 190.944) (36.072, 190.944) on layer: M1
Net VDD: dangling Wire at (529.524, 191.484) (529.524, 191.484) on layer: M1
Net VDD: dangling Wire at (465.588, 191.484) (465.588, 191.484) on layer: M1
Net VDD: dangling Wire at (102.168, 191.484) (102.168, 191.484) on layer: M1
Net VDD: dangling Wire at (33.912, 191.484) (33.912, 191.484) on layer: M1
Net VDD: dangling Wire at (36.072, 191.484) (36.072, 191.484) on layer: M1
Net VDD: dangling Wire at (529.524, 192.024) (529.524, 192.024) on layer: M1
Net VDD: dangling Wire at (465.588, 192.024) (465.588, 192.024) on layer: M1
Net VDD: dangling Wire at (102.168, 192.024) (102.168, 192.024) on layer: M1
Net VDD: dangling Wire at (33.912, 192.024) (33.912, 192.024) on layer: M1
Net VDD: dangling Wire at (36.072, 192.024) (36.072, 192.024) on layer: M1
Net VDD: dangling Wire at (529.524, 192.564) (529.524, 192.564) on layer: M1
Net VDD: dangling Wire at (465.588, 192.564) (465.588, 192.564) on layer: M1
Net VDD: dangling Wire at (102.168, 192.564) (102.168, 192.564) on layer: M1
Net VDD: dangling Wire at (33.912, 192.564) (33.912, 192.564) on layer: M1
Net VDD: dangling Wire at (36.072, 192.564) (36.072, 192.564) on layer: M1
Net VDD: dangling Wire at (529.524, 193.104) (529.524, 193.104) on layer: M1
Net VDD: dangling Wire at (465.588, 193.104) (465.588, 193.104) on layer: M1
Net VDD: dangling Wire at (33.912, 193.104) (33.912, 193.104) on layer: M1
Net VDD: dangling Wire at (36.072, 193.104) (36.072, 193.104) on layer: M1
Net VDD: dangling Wire at (529.524, 193.644) (529.524, 193.644) on layer: M1
Net VDD: dangling Wire at (465.588, 193.644) (465.588, 193.644) on layer: M1
Net VDD: dangling Wire at (102.168, 193.644) (102.168, 193.644) on layer: M1
Net VDD: dangling Wire at (33.912, 193.644) (33.912, 193.644) on layer: M1
Net VDD: dangling Wire at (36.072, 193.644) (36.072, 193.644) on layer: M1
Net VDD: dangling Wire at (529.524, 194.184) (529.524, 194.184) on layer: M1
Net VDD: dangling Wire at (465.588, 194.184) (465.588, 194.184) on layer: M1
Net VDD: dangling Wire at (102.168, 194.184) (102.168, 194.184) on layer: M1
Net VDD: dangling Wire at (33.912, 194.184) (33.912, 194.184) on layer: M1
Net VDD: dangling Wire at (36.072, 194.184) (36.072, 194.184) on layer: M1
Net VDD: dangling Wire at (529.524, 194.724) (529.524, 194.724) on layer: M1
Net VDD: dangling Wire at (465.588, 194.724) (465.588, 194.724) on layer: M1
Net VDD: dangling Wire at (102.168, 194.724) (102.168, 194.724) on layer: M1
Net VDD: dangling Wire at (33.912, 194.724) (33.912, 194.724) on layer: M1
Net VDD: dangling Wire at (36.072, 194.724) (36.072, 194.724) on layer: M1
Net VDD: dangling Wire at (529.524, 195.264) (529.524, 195.264) on layer: M1
Net VDD: dangling Wire at (465.588, 195.264) (465.588, 195.264) on layer: M1
Net VDD: dangling Wire at (102.168, 195.264) (102.168, 195.264) on layer: M1
Net VDD: dangling Wire at (33.912, 195.264) (33.912, 195.264) on layer: M1
Net VDD: dangling Wire at (36.072, 195.264) (36.072, 195.264) on layer: M1
Net VDD: dangling Wire at (529.524, 195.804) (529.524, 195.804) on layer: M1
Net VDD: dangling Wire at (465.588, 195.804) (465.588, 195.804) on layer: M1
Net VDD: dangling Wire at (102.168, 195.804) (102.168, 195.804) on layer: M1
Net VDD: dangling Wire at (33.912, 195.804) (33.912, 195.804) on layer: M1
Net VDD: dangling Wire at (36.072, 195.804) (36.072, 195.804) on layer: M1
Net VDD: dangling Wire at (529.524, 196.344) (529.524, 196.344) on layer: M1
Net VDD: dangling Wire at (465.588, 196.344) (465.588, 196.344) on layer: M1
Net VDD: dangling Wire at (102.168, 196.344) (102.168, 196.344) on layer: M1
Net VDD: dangling Wire at (33.912, 196.344) (33.912, 196.344) on layer: M1
Net VDD: dangling Wire at (36.072, 196.344) (36.072, 196.344) on layer: M1
Net VDD: dangling Wire at (529.524, 196.884) (529.524, 196.884) on layer: M1
Net VDD: dangling Wire at (102.168, 196.884) (102.168, 196.884) on layer: M1
Net VDD: dangling Wire at (33.912, 196.884) (33.912, 196.884) on layer: M1
Net VDD: dangling Wire at (36.072, 196.884) (36.072, 196.884) on layer: M1
Net VDD: dangling Wire at (529.524, 197.424) (529.524, 197.424) on layer: M1
Net VDD: dangling Wire at (465.588, 197.424) (465.588, 197.424) on layer: M1
Net VDD: dangling Wire at (102.168, 197.424) (102.168, 197.424) on layer: M1
Net VDD: dangling Wire at (33.912, 197.424) (33.912, 197.424) on layer: M1
Net VDD: dangling Wire at (36.072, 197.424) (36.072, 197.424) on layer: M1
Net VDD: dangling Wire at (465.588, 197.964) (465.588, 197.964) on layer: M1
Net VDD: dangling Wire at (33.912, 197.964) (33.912, 197.964) on layer: M1
Net VDD: dangling Wire at (36.072, 197.964) (36.072, 197.964) on layer: M1
Net VDD: dangling Wire at (465.588, 198.504) (465.588, 198.504) on layer: M1
Net VDD: dangling Wire at (33.912, 198.504) (33.912, 198.504) on layer: M1
Net VDD: dangling Wire at (36.072, 198.504) (36.072, 198.504) on layer: M1
Net VDD: dangling Wire at (529.524, 199.044) (529.524, 199.044) on layer: M1
Net VDD: dangling Wire at (465.588, 199.044) (465.588, 199.044) on layer: M1
Net VDD: dangling Wire at (33.912, 199.044) (33.912, 199.044) on layer: M1
Net VDD: dangling Wire at (36.072, 199.044) (36.072, 199.044) on layer: M1
Net VDD: dangling Wire at (529.524, 199.584) (529.524, 199.584) on layer: M1
Net VDD: dangling Wire at (465.588, 199.584) (465.588, 199.584) on layer: M1
Net VDD: dangling Wire at (102.168, 199.584) (102.168, 199.584) on layer: M1
Net VDD: dangling Wire at (33.912, 199.584) (33.912, 199.584) on layer: M1
Net VDD: dangling Wire at (36.072, 199.584) (36.072, 199.584) on layer: M1
Net VDD: dangling Wire at (529.524, 200.124) (529.524, 200.124) on layer: M1
Net VDD: dangling Wire at (465.588, 200.124) (465.588, 200.124) on layer: M1
Net VDD: dangling Wire at (102.168, 200.124) (102.168, 200.124) on layer: M1
Net VDD: dangling Wire at (33.912, 200.124) (33.912, 200.124) on layer: M1
Net VDD: dangling Wire at (36.072, 200.124) (36.072, 200.124) on layer: M1
Net VDD: dangling Wire at (529.524, 200.664) (529.524, 200.664) on layer: M1
Net VDD: dangling Wire at (465.588, 200.664) (465.588, 200.664) on layer: M1
Net VDD: dangling Wire at (102.168, 200.664) (102.168, 200.664) on layer: M1
Net VDD: dangling Wire at (33.912, 200.664) (33.912, 200.664) on layer: M1
Net VDD: dangling Wire at (36.072, 200.664) (36.072, 200.664) on layer: M1
Net VDD: dangling Wire at (529.524, 201.204) (529.524, 201.204) on layer: M1
Net VDD: dangling Wire at (465.588, 201.204) (465.588, 201.204) on layer: M1
Net VDD: dangling Wire at (102.168, 201.204) (102.168, 201.204) on layer: M1
Net VDD: dangling Wire at (33.912, 201.204) (33.912, 201.204) on layer: M1
Net VDD: dangling Wire at (36.072, 201.204) (36.072, 201.204) on layer: M1
Net VDD: dangling Wire at (529.524, 201.744) (529.524, 201.744) on layer: M1
Net VDD: dangling Wire at (465.588, 201.744) (465.588, 201.744) on layer: M1
Net VDD: dangling Wire at (102.168, 201.744) (102.168, 201.744) on layer: M1
Net VDD: dangling Wire at (33.912, 201.744) (33.912, 201.744) on layer: M1
Net VDD: dangling Wire at (36.072, 201.744) (36.072, 201.744) on layer: M1
Net VDD: dangling Wire at (529.524, 202.284) (529.524, 202.284) on layer: M1
Net VDD: dangling Wire at (465.588, 202.284) (465.588, 202.284) on layer: M1
Net VDD: dangling Wire at (102.168, 202.284) (102.168, 202.284) on layer: M1
Net VDD: dangling Wire at (33.912, 202.284) (33.912, 202.284) on layer: M1
Net VDD: dangling Wire at (36.072, 202.284) (36.072, 202.284) on layer: M1
Net VDD: dangling Wire at (529.524, 202.824) (529.524, 202.824) on layer: M1
Net VDD: dangling Wire at (465.588, 202.824) (465.588, 202.824) on layer: M1
Net VDD: dangling Wire at (102.168, 202.824) (102.168, 202.824) on layer: M1
Net VDD: dangling Wire at (33.912, 202.824) (33.912, 202.824) on layer: M1
Net VDD: dangling Wire at (36.072, 202.824) (36.072, 202.824) on layer: M1
Net VDD: dangling Wire at (529.524, 203.364) (529.524, 203.364) on layer: M1
Net VDD: dangling Wire at (465.588, 203.364) (465.588, 203.364) on layer: M1
Net VDD: dangling Wire at (102.168, 203.364) (102.168, 203.364) on layer: M1
Net VDD: dangling Wire at (33.912, 203.364) (33.912, 203.364) on layer: M1
Net VDD: dangling Wire at (36.072, 203.364) (36.072, 203.364) on layer: M1
Net VDD: dangling Wire at (529.524, 203.904) (529.524, 203.904) on layer: M1
Net VDD: dangling Wire at (465.588, 203.904) (465.588, 203.904) on layer: M1
Net VDD: dangling Wire at (102.168, 203.904) (102.168, 203.904) on layer: M1
Net VDD: dangling Wire at (33.912, 203.904) (33.912, 203.904) on layer: M1
Net VDD: dangling Wire at (36.072, 203.904) (36.072, 203.904) on layer: M1
Net VDD: dangling Wire at (529.524, 204.444) (529.524, 204.444) on layer: M1
Net VDD: dangling Wire at (465.588, 204.444) (465.588, 204.444) on layer: M1
Net VDD: dangling Wire at (102.168, 204.444) (102.168, 204.444) on layer: M1
Net VDD: dangling Wire at (33.912, 204.444) (33.912, 204.444) on layer: M1
Net VDD: dangling Wire at (36.072, 204.444) (36.072, 204.444) on layer: M1
Net VDD: dangling Wire at (529.524, 204.984) (529.524, 204.984) on layer: M1
Net VDD: dangling Wire at (465.588, 204.984) (465.588, 204.984) on layer: M1
Net VDD: dangling Wire at (102.168, 204.984) (102.168, 204.984) on layer: M1
Net VDD: dangling Wire at (36.072, 204.984) (36.072, 204.984) on layer: M1
Net VDD: dangling Wire at (529.524, 205.524) (529.524, 205.524) on layer: M1
Net VDD: dangling Wire at (465.588, 205.524) (465.588, 205.524) on layer: M1
Net VDD: dangling Wire at (102.168, 205.524) (102.168, 205.524) on layer: M1
Net VDD: dangling Wire at (33.912, 205.524) (33.912, 205.524) on layer: M1
Net VDD: dangling Wire at (36.072, 205.524) (36.072, 205.524) on layer: M1
Net VDD: dangling Wire at (529.524, 206.064) (529.524, 206.064) on layer: M1
Net VDD: dangling Wire at (465.588, 206.064) (465.588, 206.064) on layer: M1
Net VDD: dangling Wire at (102.168, 206.064) (102.168, 206.064) on layer: M1
Net VDD: dangling Wire at (33.912, 206.064) (33.912, 206.064) on layer: M1
Net VDD: dangling Wire at (36.072, 206.064) (36.072, 206.064) on layer: M1
Net VDD: dangling Wire at (529.524, 206.604) (529.524, 206.604) on layer: M1
Net VDD: dangling Wire at (465.588, 206.604) (465.588, 206.604) on layer: M1
Net VDD: dangling Wire at (102.168, 206.604) (102.168, 206.604) on layer: M1
Net VDD: dangling Wire at (33.912, 206.604) (33.912, 206.604) on layer: M1
Net VDD: dangling Wire at (36.072, 206.604) (36.072, 206.604) on layer: M1
Net VDD: dangling Wire at (529.524, 207.144) (529.524, 207.144) on layer: M1
Net VDD: dangling Wire at (465.588, 207.144) (465.588, 207.144) on layer: M1
Net VDD: dangling Wire at (102.168, 207.144) (102.168, 207.144) on layer: M1
Net VDD: dangling Wire at (33.912, 207.144) (33.912, 207.144) on layer: M1
Net VDD: dangling Wire at (36.072, 207.144) (36.072, 207.144) on layer: M1
Net VDD: dangling Wire at (529.524, 207.684) (529.524, 207.684) on layer: M1
Net VDD: dangling Wire at (465.588, 207.684) (465.588, 207.684) on layer: M1
Net VDD: dangling Wire at (33.912, 207.684) (33.912, 207.684) on layer: M1
Net VDD: dangling Wire at (36.072, 207.684) (36.072, 207.684) on layer: M1
Net VDD: dangling Wire at (529.524, 208.224) (529.524, 208.224) on layer: M1
Net VDD: dangling Wire at (465.588, 208.224) (465.588, 208.224) on layer: M1
Net VDD: dangling Wire at (102.168, 208.224) (102.168, 208.224) on layer: M1
Net VDD: dangling Wire at (33.912, 208.224) (33.912, 208.224) on layer: M1
Net VDD: dangling Wire at (36.072, 208.224) (36.072, 208.224) on layer: M1
Net VDD: dangling Wire at (529.524, 208.764) (529.524, 208.764) on layer: M1
Net VDD: dangling Wire at (465.588, 208.764) (465.588, 208.764) on layer: M1
Net VDD: dangling Wire at (102.168, 208.764) (102.168, 208.764) on layer: M1
Net VDD: dangling Wire at (33.912, 208.764) (33.912, 208.764) on layer: M1
Net VDD: dangling Wire at (36.072, 208.764) (36.072, 208.764) on layer: M1
Net VDD: dangling Wire at (529.524, 209.304) (529.524, 209.304) on layer: M1
Net VDD: dangling Wire at (465.588, 209.304) (465.588, 209.304) on layer: M1
Net VDD: dangling Wire at (102.168, 209.304) (102.168, 209.304) on layer: M1
Net VDD: dangling Wire at (33.912, 209.304) (33.912, 209.304) on layer: M1
Net VDD: dangling Wire at (36.072, 209.304) (36.072, 209.304) on layer: M1
Net VDD: dangling Wire at (529.524, 209.844) (529.524, 209.844) on layer: M1
Net VDD: dangling Wire at (465.588, 209.844) (465.588, 209.844) on layer: M1
Net VDD: dangling Wire at (33.912, 209.844) (33.912, 209.844) on layer: M1
Net VDD: dangling Wire at (36.072, 209.844) (36.072, 209.844) on layer: M1
Net VDD: dangling Wire at (529.524, 210.384) (529.524, 210.384) on layer: M1
Net VDD: dangling Wire at (465.588, 210.384) (465.588, 210.384) on layer: M1
Net VDD: dangling Wire at (102.168, 210.384) (102.168, 210.384) on layer: M1
Net VDD: dangling Wire at (33.912, 210.384) (33.912, 210.384) on layer: M1
Net VDD: dangling Wire at (36.072, 210.384) (36.072, 210.384) on layer: M1
Net VDD: dangling Wire at (529.524, 210.924) (529.524, 210.924) on layer: M1
Net VDD: dangling Wire at (465.588, 210.924) (465.588, 210.924) on layer: M1
Net VDD: dangling Wire at (33.912, 210.924) (33.912, 210.924) on layer: M1
Net VDD: dangling Wire at (36.072, 210.924) (36.072, 210.924) on layer: M1
Net VDD: dangling Wire at (529.524, 211.464) (529.524, 211.464) on layer: M1
Net VDD: dangling Wire at (465.588, 211.464) (465.588, 211.464) on layer: M1
Net VDD: dangling Wire at (102.168, 211.464) (102.168, 211.464) on layer: M1
Net VDD: dangling Wire at (33.912, 211.464) (33.912, 211.464) on layer: M1
Net VDD: dangling Wire at (36.072, 211.464) (36.072, 211.464) on layer: M1
Net VDD: dangling Wire at (529.524, 212.004) (529.524, 212.004) on layer: M1
Net VDD: dangling Wire at (33.912, 212.004) (33.912, 212.004) on layer: M1
Net VDD: dangling Wire at (36.072, 212.004) (36.072, 212.004) on layer: M1
Net VDD: dangling Wire at (529.524, 212.544) (529.524, 212.544) on layer: M1
Net VDD: dangling Wire at (465.588, 212.544) (465.588, 212.544) on layer: M1
Net VDD: dangling Wire at (102.168, 212.544) (102.168, 212.544) on layer: M1
Net VDD: dangling Wire at (33.912, 212.544) (33.912, 212.544) on layer: M1
Net VDD: dangling Wire at (36.072, 212.544) (36.072, 212.544) on layer: M1
Net VDD: dangling Wire at (529.524, 213.084) (529.524, 213.084) on layer: M1
Net VDD: dangling Wire at (465.588, 213.084) (465.588, 213.084) on layer: M1
Net VDD: dangling Wire at (33.912, 213.084) (33.912, 213.084) on layer: M1
Net VDD: dangling Wire at (36.072, 213.084) (36.072, 213.084) on layer: M1
Net VDD: dangling Wire at (529.524, 213.624) (529.524, 213.624) on layer: M1
Net VDD: dangling Wire at (465.588, 213.624) (465.588, 213.624) on layer: M1
Net VDD: dangling Wire at (102.168, 213.624) (102.168, 213.624) on layer: M1
Net VDD: dangling Wire at (33.912, 213.624) (33.912, 213.624) on layer: M1
Net VDD: dangling Wire at (36.072, 213.624) (36.072, 213.624) on layer: M1
Net VDD: dangling Wire at (529.524, 214.164) (529.524, 214.164) on layer: M1
Net VDD: dangling Wire at (465.588, 214.164) (465.588, 214.164) on layer: M1
Net VDD: dangling Wire at (102.168, 214.164) (102.168, 214.164) on layer: M1
Net VDD: dangling Wire at (33.912, 214.164) (33.912, 214.164) on layer: M1
Net VDD: dangling Wire at (36.072, 214.164) (36.072, 214.164) on layer: M1
Net VDD: dangling Wire at (529.524, 214.704) (529.524, 214.704) on layer: M1
Net VDD: dangling Wire at (465.588, 214.704) (465.588, 214.704) on layer: M1
Net VDD: dangling Wire at (102.168, 214.704) (102.168, 214.704) on layer: M1
Net VDD: dangling Wire at (33.912, 214.704) (33.912, 214.704) on layer: M1
Net VDD: dangling Wire at (36.072, 214.704) (36.072, 214.704) on layer: M1
Net VDD: dangling Wire at (529.524, 215.244) (529.524, 215.244) on layer: M1
Net VDD: dangling Wire at (465.588, 215.244) (465.588, 215.244) on layer: M1
Net VDD: dangling Wire at (102.168, 215.244) (102.168, 215.244) on layer: M1
Net VDD: dangling Wire at (33.912, 215.244) (33.912, 215.244) on layer: M1
Net VDD: dangling Wire at (36.072, 215.244) (36.072, 215.244) on layer: M1
Net VDD: dangling Wire at (529.524, 215.784) (529.524, 215.784) on layer: M1
Net VDD: dangling Wire at (465.588, 215.784) (465.588, 215.784) on layer: M1
Net VDD: dangling Wire at (102.168, 215.784) (102.168, 215.784) on layer: M1
Net VDD: dangling Wire at (33.912, 215.784) (33.912, 215.784) on layer: M1
Net VDD: dangling Wire at (36.072, 215.784) (36.072, 215.784) on layer: M1
Net VDD: dangling Wire at (529.524, 216.324) (529.524, 216.324) on layer: M1
Net VDD: dangling Wire at (465.588, 216.324) (465.588, 216.324) on layer: M1
Net VDD: dangling Wire at (102.168, 216.324) (102.168, 216.324) on layer: M1
Net VDD: dangling Wire at (36.072, 216.324) (36.072, 216.324) on layer: M1
Net VDD: dangling Wire at (529.524, 216.864) (529.524, 216.864) on layer: M1
Net VDD: dangling Wire at (465.588, 216.864) (465.588, 216.864) on layer: M1
Net VDD: dangling Wire at (102.168, 216.864) (102.168, 216.864) on layer: M1
Net VDD: dangling Wire at (33.912, 216.864) (33.912, 216.864) on layer: M1
Net VDD: dangling Wire at (36.072, 216.864) (36.072, 216.864) on layer: M1
Net VDD: dangling Wire at (529.524, 217.404) (529.524, 217.404) on layer: M1
Net VDD: dangling Wire at (465.588, 217.404) (465.588, 217.404) on layer: M1
Net VDD: dangling Wire at (102.168, 217.404) (102.168, 217.404) on layer: M1
Net VDD: dangling Wire at (33.912, 217.404) (33.912, 217.404) on layer: M1
Net VDD: dangling Wire at (36.072, 217.404) (36.072, 217.404) on layer: M1
Net VDD: dangling Wire at (529.524, 217.944) (529.524, 217.944) on layer: M1
Net VDD: dangling Wire at (465.588, 217.944) (465.588, 217.944) on layer: M1
Net VDD: dangling Wire at (102.168, 217.944) (102.168, 217.944) on layer: M1
Net VDD: dangling Wire at (33.912, 217.944) (33.912, 217.944) on layer: M1
Net VDD: dangling Wire at (36.072, 217.944) (36.072, 217.944) on layer: M1
Net VDD: dangling Wire at (529.524, 218.484) (529.524, 218.484) on layer: M1
Net VDD: dangling Wire at (465.588, 218.484) (465.588, 218.484) on layer: M1
Net VDD: dangling Wire at (102.168, 218.484) (102.168, 218.484) on layer: M1
Net VDD: dangling Wire at (36.072, 218.484) (36.072, 218.484) on layer: M1
Net VDD: dangling Wire at (529.524, 219.024) (529.524, 219.024) on layer: M1
Net VDD: dangling Wire at (465.588, 219.024) (465.588, 219.024) on layer: M1
Net VDD: dangling Wire at (102.168, 219.024) (102.168, 219.024) on layer: M1
Net VDD: dangling Wire at (33.912, 219.024) (33.912, 219.024) on layer: M1
Net VDD: dangling Wire at (36.072, 219.024) (36.072, 219.024) on layer: M1
Net VDD: dangling Wire at (529.524, 219.564) (529.524, 219.564) on layer: M1
Net VDD: dangling Wire at (465.588, 219.564) (465.588, 219.564) on layer: M1
Net VDD: dangling Wire at (102.168, 219.564) (102.168, 219.564) on layer: M1
Net VDD: dangling Wire at (36.072, 219.564) (36.072, 219.564) on layer: M1
Net VDD: dangling Wire at (529.524, 220.104) (529.524, 220.104) on layer: M1
Net VDD: dangling Wire at (465.588, 220.104) (465.588, 220.104) on layer: M1
Net VDD: dangling Wire at (102.168, 220.104) (102.168, 220.104) on layer: M1
Net VDD: dangling Wire at (36.072, 220.104) (36.072, 220.104) on layer: M1
Net VDD: dangling Wire at (529.524, 220.644) (529.524, 220.644) on layer: M1
Net VDD: dangling Wire at (465.588, 220.644) (465.588, 220.644) on layer: M1
Net VDD: dangling Wire at (102.168, 220.644) (102.168, 220.644) on layer: M1
Net VDD: dangling Wire at (36.072, 220.644) (36.072, 220.644) on layer: M1
Net VDD: dangling Wire at (529.524, 221.184) (529.524, 221.184) on layer: M1
Net VDD: dangling Wire at (465.588, 221.184) (465.588, 221.184) on layer: M1
Net VDD: dangling Wire at (102.168, 221.184) (102.168, 221.184) on layer: M1
Net VDD: dangling Wire at (33.912, 221.184) (33.912, 221.184) on layer: M1
Net VDD: dangling Wire at (36.072, 221.184) (36.072, 221.184) on layer: M1
Net VDD: dangling Wire at (529.524, 221.724) (529.524, 221.724) on layer: M1
Net VDD: dangling Wire at (465.588, 221.724) (465.588, 221.724) on layer: M1
Net VDD: dangling Wire at (102.168, 221.724) (102.168, 221.724) on layer: M1
Net VDD: dangling Wire at (36.072, 221.724) (36.072, 221.724) on layer: M1
Net VDD: dangling Wire at (529.524, 222.264) (529.524, 222.264) on layer: M1
Net VDD: dangling Wire at (465.588, 222.264) (465.588, 222.264) on layer: M1
Net VDD: dangling Wire at (102.168, 222.264) (102.168, 222.264) on layer: M1
Net VDD: dangling Wire at (33.912, 222.264) (33.912, 222.264) on layer: M1
Net VDD: dangling Wire at (36.072, 222.264) (36.072, 222.264) on layer: M1
Net VDD: dangling Wire at (529.524, 222.804) (529.524, 222.804) on layer: M1
Net VDD: dangling Wire at (465.588, 222.804) (465.588, 222.804) on layer: M1
Net VDD: dangling Wire at (102.168, 222.804) (102.168, 222.804) on layer: M1
Net VDD: dangling Wire at (33.912, 222.804) (33.912, 222.804) on layer: M1
Net VDD: dangling Wire at (36.072, 222.804) (36.072, 222.804) on layer: M1
Net VDD: dangling Wire at (529.524, 223.344) (529.524, 223.344) on layer: M1
Net VDD: dangling Wire at (465.588, 223.344) (465.588, 223.344) on layer: M1
Net VDD: dangling Wire at (102.168, 223.344) (102.168, 223.344) on layer: M1
Net VDD: dangling Wire at (33.912, 223.344) (33.912, 223.344) on layer: M1
Net VDD: dangling Wire at (36.072, 223.344) (36.072, 223.344) on layer: M1
Net VDD: dangling Wire at (529.524, 223.884) (529.524, 223.884) on layer: M1
Net VDD: dangling Wire at (465.588, 223.884) (465.588, 223.884) on layer: M1
Net VDD: dangling Wire at (102.168, 223.884) (102.168, 223.884) on layer: M1
Net VDD: dangling Wire at (33.912, 223.884) (33.912, 223.884) on layer: M1
Net VDD: dangling Wire at (36.072, 223.884) (36.072, 223.884) on layer: M1
Net VDD: dangling Wire at (529.524, 224.424) (529.524, 224.424) on layer: M1
Net VDD: dangling Wire at (465.588, 224.424) (465.588, 224.424) on layer: M1
Net VDD: dangling Wire at (102.168, 224.424) (102.168, 224.424) on layer: M1
Net VDD: dangling Wire at (33.912, 224.424) (33.912, 224.424) on layer: M1
Net VDD: dangling Wire at (36.072, 224.424) (36.072, 224.424) on layer: M1
Net VDD: dangling Wire at (529.524, 224.964) (529.524, 224.964) on layer: M1
Net VDD: dangling Wire at (465.588, 224.964) (465.588, 224.964) on layer: M1
Net VDD: dangling Wire at (102.168, 224.964) (102.168, 224.964) on layer: M1
Net VDD: dangling Wire at (33.912, 224.964) (33.912, 224.964) on layer: M1
Net VDD: dangling Wire at (36.072, 224.964) (36.072, 224.964) on layer: M1
Net VDD: dangling Wire at (529.524, 225.504) (529.524, 225.504) on layer: M1
Net VDD: dangling Wire at (465.588, 225.504) (465.588, 225.504) on layer: M1
Net VDD: dangling Wire at (102.168, 225.504) (102.168, 225.504) on layer: M1
Net VDD: dangling Wire at (33.912, 225.504) (33.912, 225.504) on layer: M1
Net VDD: dangling Wire at (36.072, 225.504) (36.072, 225.504) on layer: M1
Net VDD: dangling Wire at (529.524, 226.044) (529.524, 226.044) on layer: M1
Net VDD: dangling Wire at (465.588, 226.044) (465.588, 226.044) on layer: M1
Net VDD: dangling Wire at (102.168, 226.044) (102.168, 226.044) on layer: M1
Net VDD: dangling Wire at (33.912, 226.044) (33.912, 226.044) on layer: M1
Net VDD: dangling Wire at (36.072, 226.044) (36.072, 226.044) on layer: M1
Net VDD: dangling Wire at (529.524, 226.584) (529.524, 226.584) on layer: M1
Net VDD: dangling Wire at (465.588, 226.584) (465.588, 226.584) on layer: M1
Net VDD: dangling Wire at (102.168, 226.584) (102.168, 226.584) on layer: M1
Net VDD: dangling Wire at (33.912, 226.584) (33.912, 226.584) on layer: M1
Net VDD: dangling Wire at (36.072, 226.584) (36.072, 226.584) on layer: M1
Net VDD: dangling Wire at (529.524, 227.124) (529.524, 227.124) on layer: M1
Net VDD: dangling Wire at (465.588, 227.124) (465.588, 227.124) on layer: M1
Net VDD: dangling Wire at (102.168, 227.124) (102.168, 227.124) on layer: M1
Net VDD: dangling Wire at (33.912, 227.124) (33.912, 227.124) on layer: M1
Net VDD: dangling Wire at (36.072, 227.124) (36.072, 227.124) on layer: M1
Net VDD: dangling Wire at (529.524, 227.664) (529.524, 227.664) on layer: M1
Net VDD: dangling Wire at (465.588, 227.664) (465.588, 227.664) on layer: M1
Net VDD: dangling Wire at (102.168, 227.664) (102.168, 227.664) on layer: M1
Net VDD: dangling Wire at (33.912, 227.664) (33.912, 227.664) on layer: M1
Net VDD: dangling Wire at (36.072, 227.664) (36.072, 227.664) on layer: M1
Net VDD: dangling Wire at (529.524, 228.204) (529.524, 228.204) on layer: M1
Net VDD: dangling Wire at (465.588, 228.204) (465.588, 228.204) on layer: M1
Net VDD: dangling Wire at (102.168, 228.204) (102.168, 228.204) on layer: M1
Net VDD: dangling Wire at (33.912, 228.204) (33.912, 228.204) on layer: M1
Net VDD: dangling Wire at (36.072, 228.204) (36.072, 228.204) on layer: M1
Net VDD: dangling Wire at (529.524, 228.744) (529.524, 228.744) on layer: M1
Net VDD: dangling Wire at (465.588, 228.744) (465.588, 228.744) on layer: M1
Net VDD: dangling Wire at (102.168, 228.744) (102.168, 228.744) on layer: M1
Net VDD: dangling Wire at (33.912, 228.744) (33.912, 228.744) on layer: M1
Net VDD: dangling Wire at (36.072, 228.744) (36.072, 228.744) on layer: M1
Net VDD: dangling Wire at (529.524, 229.284) (529.524, 229.284) on layer: M1
Net VDD: dangling Wire at (465.588, 229.284) (465.588, 229.284) on layer: M1
Net VDD: dangling Wire at (102.168, 229.284) (102.168, 229.284) on layer: M1
Net VDD: dangling Wire at (33.912, 229.284) (33.912, 229.284) on layer: M1
Net VDD: dangling Wire at (36.072, 229.284) (36.072, 229.284) on layer: M1
Net VDD: dangling Wire at (529.524, 229.824) (529.524, 229.824) on layer: M1
Net VDD: dangling Wire at (465.588, 229.824) (465.588, 229.824) on layer: M1
Net VDD: dangling Wire at (102.168, 229.824) (102.168, 229.824) on layer: M1
Net VDD: dangling Wire at (36.072, 229.824) (36.072, 229.824) on layer: M1
Net VDD: dangling Wire at (529.524, 230.364) (529.524, 230.364) on layer: M1
Net VDD: dangling Wire at (465.588, 230.364) (465.588, 230.364) on layer: M1
Net VDD: dangling Wire at (102.168, 230.364) (102.168, 230.364) on layer: M1
Net VDD: dangling Wire at (33.912, 230.364) (33.912, 230.364) on layer: M1
Net VDD: dangling Wire at (36.072, 230.364) (36.072, 230.364) on layer: M1
Net VDD: dangling Wire at (529.524, 230.904) (529.524, 230.904) on layer: M1
Net VDD: dangling Wire at (465.588, 230.904) (465.588, 230.904) on layer: M1
Net VDD: dangling Wire at (102.168, 230.904) (102.168, 230.904) on layer: M1
Net VDD: dangling Wire at (33.912, 230.904) (33.912, 230.904) on layer: M1
Net VDD: dangling Wire at (36.072, 230.904) (36.072, 230.904) on layer: M1
Net VDD: dangling Wire at (529.524, 231.444) (529.524, 231.444) on layer: M1
Net VDD: dangling Wire at (465.588, 231.444) (465.588, 231.444) on layer: M1
Net VDD: dangling Wire at (102.168, 231.444) (102.168, 231.444) on layer: M1
Net VDD: dangling Wire at (33.912, 231.444) (33.912, 231.444) on layer: M1
Net VDD: dangling Wire at (36.072, 231.444) (36.072, 231.444) on layer: M1
Net VDD: dangling Wire at (529.524, 231.984) (529.524, 231.984) on layer: M1
Net VDD: dangling Wire at (465.588, 231.984) (465.588, 231.984) on layer: M1
Net VDD: dangling Wire at (102.168, 231.984) (102.168, 231.984) on layer: M1
Net VDD: dangling Wire at (36.072, 231.984) (36.072, 231.984) on layer: M1
Net VDD: dangling Wire at (529.524, 232.524) (529.524, 232.524) on layer: M1
Net VDD: dangling Wire at (465.588, 232.524) (465.588, 232.524) on layer: M1
Net VDD: dangling Wire at (102.168, 232.524) (102.168, 232.524) on layer: M1
Net VDD: dangling Wire at (33.912, 232.524) (33.912, 232.524) on layer: M1
Net VDD: dangling Wire at (36.072, 232.524) (36.072, 232.524) on layer: M1
Net VDD: dangling Wire at (529.524, 233.064) (529.524, 233.064) on layer: M1
Net VDD: dangling Wire at (465.588, 233.064) (465.588, 233.064) on layer: M1
Net VDD: dangling Wire at (102.168, 233.064) (102.168, 233.064) on layer: M1
Net VDD: dangling Wire at (33.912, 233.064) (33.912, 233.064) on layer: M1
Net VDD: dangling Wire at (36.072, 233.064) (36.072, 233.064) on layer: M1
Net VDD: dangling Wire at (529.524, 233.604) (529.524, 233.604) on layer: M1
Net VDD: dangling Wire at (465.588, 233.604) (465.588, 233.604) on layer: M1
Net VDD: dangling Wire at (102.168, 233.604) (102.168, 233.604) on layer: M1
Net VDD: dangling Wire at (33.912, 233.604) (33.912, 233.604) on layer: M1
Net VDD: dangling Wire at (36.072, 233.604) (36.072, 233.604) on layer: M1
Net VDD: dangling Wire at (529.524, 234.144) (529.524, 234.144) on layer: M1
Net VDD: dangling Wire at (465.588, 234.144) (465.588, 234.144) on layer: M1
Net VDD: dangling Wire at (102.168, 234.144) (102.168, 234.144) on layer: M1
Net VDD: dangling Wire at (33.912, 234.144) (33.912, 234.144) on layer: M1
Net VDD: dangling Wire at (36.072, 234.144) (36.072, 234.144) on layer: M1
Net VDD: dangling Wire at (529.524, 234.684) (529.524, 234.684) on layer: M1
Net VDD: dangling Wire at (465.588, 234.684) (465.588, 234.684) on layer: M1
Net VDD: dangling Wire at (102.168, 234.684) (102.168, 234.684) on layer: M1
Net VDD: dangling Wire at (33.912, 234.684) (33.912, 234.684) on layer: M1
Net VDD: dangling Wire at (36.072, 234.684) (36.072, 234.684) on layer: M1
Net VDD: dangling Wire at (529.524, 235.224) (529.524, 235.224) on layer: M1
Net VDD: dangling Wire at (465.588, 235.224) (465.588, 235.224) on layer: M1
Net VDD: dangling Wire at (102.168, 235.224) (102.168, 235.224) on layer: M1
Net VDD: dangling Wire at (36.072, 235.224) (36.072, 235.224) on layer: M1
Net VDD: dangling Wire at (529.524, 235.764) (529.524, 235.764) on layer: M1
Net VDD: dangling Wire at (465.588, 235.764) (465.588, 235.764) on layer: M1
Net VDD: dangling Wire at (102.168, 235.764) (102.168, 235.764) on layer: M1
Net VDD: dangling Wire at (33.912, 235.764) (33.912, 235.764) on layer: M1
Net VDD: dangling Wire at (36.072, 235.764) (36.072, 235.764) on layer: M1
Net VDD: dangling Wire at (529.524, 236.304) (529.524, 236.304) on layer: M1
Net VDD: dangling Wire at (465.588, 236.304) (465.588, 236.304) on layer: M1
Net VDD: dangling Wire at (102.168, 236.304) (102.168, 236.304) on layer: M1
Net VDD: dangling Wire at (33.912, 236.304) (33.912, 236.304) on layer: M1
Net VDD: dangling Wire at (36.072, 236.304) (36.072, 236.304) on layer: M1
Net VDD: dangling Wire at (529.524, 236.844) (529.524, 236.844) on layer: M1
Net VDD: dangling Wire at (465.588, 236.844) (465.588, 236.844) on layer: M1
Net VDD: dangling Wire at (102.168, 236.844) (102.168, 236.844) on layer: M1
Net VDD: dangling Wire at (33.912, 236.844) (33.912, 236.844) on layer: M1
Net VDD: dangling Wire at (36.072, 236.844) (36.072, 236.844) on layer: M1
Net VDD: dangling Wire at (529.524, 237.384) (529.524, 237.384) on layer: M1
Net VDD: dangling Wire at (465.588, 237.384) (465.588, 237.384) on layer: M1
Net VDD: dangling Wire at (102.168, 237.384) (102.168, 237.384) on layer: M1
Net VDD: dangling Wire at (33.912, 237.384) (33.912, 237.384) on layer: M1
Net VDD: dangling Wire at (36.072, 237.384) (36.072, 237.384) on layer: M1
Net VDD: dangling Wire at (529.524, 237.924) (529.524, 237.924) on layer: M1
Net VDD: dangling Wire at (465.588, 237.924) (465.588, 237.924) on layer: M1
Net VDD: dangling Wire at (102.168, 237.924) (102.168, 237.924) on layer: M1
Net VDD: dangling Wire at (33.912, 237.924) (33.912, 237.924) on layer: M1
Net VDD: dangling Wire at (36.072, 237.924) (36.072, 237.924) on layer: M1
Net VDD: dangling Wire at (529.524, 238.464) (529.524, 238.464) on layer: M1
Net VDD: dangling Wire at (465.588, 238.464) (465.588, 238.464) on layer: M1
Net VDD: dangling Wire at (102.168, 238.464) (102.168, 238.464) on layer: M1
Net VDD: dangling Wire at (33.912, 238.464) (33.912, 238.464) on layer: M1
Net VDD: dangling Wire at (36.072, 238.464) (36.072, 238.464) on layer: M1
Net VDD: dangling Wire at (529.524, 239.004) (529.524, 239.004) on layer: M1
Net VDD: dangling Wire at (465.588, 239.004) (465.588, 239.004) on layer: M1
Net VDD: dangling Wire at (102.168, 239.004) (102.168, 239.004) on layer: M1
Net VDD: dangling Wire at (33.912, 239.004) (33.912, 239.004) on layer: M1
Net VDD: dangling Wire at (36.072, 239.004) (36.072, 239.004) on layer: M1
Net VDD: dangling Wire at (529.524, 239.544) (529.524, 239.544) on layer: M1
Net VDD: dangling Wire at (465.588, 239.544) (465.588, 239.544) on layer: M1
Net VDD: dangling Wire at (102.168, 239.544) (102.168, 239.544) on layer: M1
Net VDD: dangling Wire at (33.912, 239.544) (33.912, 239.544) on layer: M1
Net VDD: dangling Wire at (36.072, 239.544) (36.072, 239.544) on layer: M1
Net VDD: dangling Wire at (529.524, 240.084) (529.524, 240.084) on layer: M1
Net VDD: dangling Wire at (465.588, 240.084) (465.588, 240.084) on layer: M1
Net VDD: dangling Wire at (102.168, 240.084) (102.168, 240.084) on layer: M1
Net VDD: dangling Wire at (33.912, 240.084) (33.912, 240.084) on layer: M1
Net VDD: dangling Wire at (36.072, 240.084) (36.072, 240.084) on layer: M1
Net VDD: dangling Wire at (529.524, 240.624) (529.524, 240.624) on layer: M1
Net VDD: dangling Wire at (465.588, 240.624) (465.588, 240.624) on layer: M1
Net VDD: dangling Wire at (102.168, 240.624) (102.168, 240.624) on layer: M1
Net VDD: dangling Wire at (33.912, 240.624) (33.912, 240.624) on layer: M1
Net VDD: dangling Wire at (36.072, 240.624) (36.072, 240.624) on layer: M1
Net VDD: dangling Wire at (529.524, 241.164) (529.524, 241.164) on layer: M1
Net VDD: dangling Wire at (465.588, 241.164) (465.588, 241.164) on layer: M1
Net VDD: dangling Wire at (102.168, 241.164) (102.168, 241.164) on layer: M1
Net VDD: dangling Wire at (36.072, 241.164) (36.072, 241.164) on layer: M1
Net VDD: dangling Wire at (529.524, 241.704) (529.524, 241.704) on layer: M1
Net VDD: dangling Wire at (465.588, 241.704) (465.588, 241.704) on layer: M1
Net VDD: dangling Wire at (102.168, 241.704) (102.168, 241.704) on layer: M1
Net VDD: dangling Wire at (36.072, 241.704) (36.072, 241.704) on layer: M1
Net VDD: dangling Wire at (465.588, 242.244) (465.588, 242.244) on layer: M1
Net VDD: dangling Wire at (36.072, 242.244) (36.072, 242.244) on layer: M1
Net VDD: dangling Wire at (465.588, 242.784) (465.588, 242.784) on layer: M1
Net VDD: dangling Wire at (102.168, 242.784) (102.168, 242.784) on layer: M1
Net VDD: dangling Wire at (36.072, 242.784) (36.072, 242.784) on layer: M1
Net VDD: dangling Wire at (529.524, 243.324) (529.524, 243.324) on layer: M1
Net VDD: dangling Wire at (465.588, 243.324) (465.588, 243.324) on layer: M1
Net VDD: dangling Wire at (102.168, 243.324) (102.168, 243.324) on layer: M1
Net VDD: dangling Wire at (33.912, 243.324) (33.912, 243.324) on layer: M1
Net VDD: dangling Wire at (36.072, 243.324) (36.072, 243.324) on layer: M1
Net VDD: dangling Wire at (529.524, 243.864) (529.524, 243.864) on layer: M1
Net VDD: dangling Wire at (465.588, 243.864) (465.588, 243.864) on layer: M1
Net VDD: dangling Wire at (102.168, 243.864) (102.168, 243.864) on layer: M1
Net VDD: dangling Wire at (33.912, 243.864) (33.912, 243.864) on layer: M1
Net VDD: dangling Wire at (36.072, 243.864) (36.072, 243.864) on layer: M1
Net VDD: dangling Wire at (529.524, 244.404) (529.524, 244.404) on layer: M1
Net VDD: dangling Wire at (465.588, 244.404) (465.588, 244.404) on layer: M1
Net VDD: dangling Wire at (102.168, 244.404) (102.168, 244.404) on layer: M1
Net VDD: dangling Wire at (33.912, 244.404) (33.912, 244.404) on layer: M1
Net VDD: dangling Wire at (36.072, 244.404) (36.072, 244.404) on layer: M1
Net VDD: dangling Wire at (529.524, 244.944) (529.524, 244.944) on layer: M1
Net VDD: dangling Wire at (465.588, 244.944) (465.588, 244.944) on layer: M1
Net VDD: dangling Wire at (102.168, 244.944) (102.168, 244.944) on layer: M1
Net VDD: dangling Wire at (33.912, 244.944) (33.912, 244.944) on layer: M1
Net VDD: dangling Wire at (36.072, 244.944) (36.072, 244.944) on layer: M1
Net VDD: dangling Wire at (529.524, 245.484) (529.524, 245.484) on layer: M1
Net VDD: dangling Wire at (465.588, 245.484) (465.588, 245.484) on layer: M1
Net VDD: dangling Wire at (102.168, 245.484) (102.168, 245.484) on layer: M1
Net VDD: dangling Wire at (33.912, 245.484) (33.912, 245.484) on layer: M1
Net VDD: dangling Wire at (36.072, 245.484) (36.072, 245.484) on layer: M1
Net VDD: dangling Wire at (529.524, 246.024) (529.524, 246.024) on layer: M1
Net VDD: dangling Wire at (465.588, 246.024) (465.588, 246.024) on layer: M1
Net VDD: dangling Wire at (102.168, 246.024) (102.168, 246.024) on layer: M1
Net VDD: dangling Wire at (33.912, 246.024) (33.912, 246.024) on layer: M1
Net VDD: dangling Wire at (36.072, 246.024) (36.072, 246.024) on layer: M1
Net VDD: dangling Wire at (529.524, 246.564) (529.524, 246.564) on layer: M1
Net VDD: dangling Wire at (465.588, 246.564) (465.588, 246.564) on layer: M1
Net VDD: dangling Wire at (102.168, 246.564) (102.168, 246.564) on layer: M1
Net VDD: dangling Wire at (33.912, 246.564) (33.912, 246.564) on layer: M1
Net VDD: dangling Wire at (36.072, 246.564) (36.072, 246.564) on layer: M1
Net VDD: dangling Wire at (529.524, 247.104) (529.524, 247.104) on layer: M1
Net VDD: dangling Wire at (465.588, 247.104) (465.588, 247.104) on layer: M1
Net VDD: dangling Wire at (102.168, 247.104) (102.168, 247.104) on layer: M1
Net VDD: dangling Wire at (33.912, 247.104) (33.912, 247.104) on layer: M1
Net VDD: dangling Wire at (36.072, 247.104) (36.072, 247.104) on layer: M1
Net VDD: dangling Wire at (529.524, 247.644) (529.524, 247.644) on layer: M1
Net VDD: dangling Wire at (465.588, 247.644) (465.588, 247.644) on layer: M1
Net VDD: dangling Wire at (102.168, 247.644) (102.168, 247.644) on layer: M1
Net VDD: dangling Wire at (33.912, 247.644) (33.912, 247.644) on layer: M1
Net VDD: dangling Wire at (36.072, 247.644) (36.072, 247.644) on layer: M1
Net VDD: dangling Wire at (529.524, 248.184) (529.524, 248.184) on layer: M1
Net VDD: dangling Wire at (465.588, 248.184) (465.588, 248.184) on layer: M1
Net VDD: dangling Wire at (102.168, 248.184) (102.168, 248.184) on layer: M1
Net VDD: dangling Wire at (33.912, 248.184) (33.912, 248.184) on layer: M1
Net VDD: dangling Wire at (36.072, 248.184) (36.072, 248.184) on layer: M1
Net VDD: dangling Wire at (529.524, 248.724) (529.524, 248.724) on layer: M1
Net VDD: dangling Wire at (465.588, 248.724) (465.588, 248.724) on layer: M1
Net VDD: dangling Wire at (102.168, 248.724) (102.168, 248.724) on layer: M1
Net VDD: dangling Wire at (33.912, 248.724) (33.912, 248.724) on layer: M1
Net VDD: dangling Wire at (36.072, 248.724) (36.072, 248.724) on layer: M1
Net VDD: dangling Wire at (529.524, 249.264) (529.524, 249.264) on layer: M1
Net VDD: dangling Wire at (465.588, 249.264) (465.588, 249.264) on layer: M1
Net VDD: dangling Wire at (102.168, 249.264) (102.168, 249.264) on layer: M1
Net VDD: dangling Wire at (33.912, 249.264) (33.912, 249.264) on layer: M1
Net VDD: dangling Wire at (36.072, 249.264) (36.072, 249.264) on layer: M1
Net VDD: dangling Wire at (529.524, 249.804) (529.524, 249.804) on layer: M1
Net VDD: dangling Wire at (465.588, 249.804) (465.588, 249.804) on layer: M1
Net VDD: dangling Wire at (102.168, 249.804) (102.168, 249.804) on layer: M1
Net VDD: dangling Wire at (33.912, 249.804) (33.912, 249.804) on layer: M1
Net VDD: dangling Wire at (36.072, 249.804) (36.072, 249.804) on layer: M1
Net VDD: dangling Wire at (529.524, 250.344) (529.524, 250.344) on layer: M1
Net VDD: dangling Wire at (465.588, 250.344) (465.588, 250.344) on layer: M1
Net VDD: dangling Wire at (102.168, 250.344) (102.168, 250.344) on layer: M1
Net VDD: dangling Wire at (33.912, 250.344) (33.912, 250.344) on layer: M1
Net VDD: dangling Wire at (36.072, 250.344) (36.072, 250.344) on layer: M1
Net VDD: dangling Wire at (529.524, 250.884) (529.524, 250.884) on layer: M1
Net VDD: dangling Wire at (465.588, 250.884) (465.588, 250.884) on layer: M1
Net VDD: dangling Wire at (102.168, 250.884) (102.168, 250.884) on layer: M1
Net VDD: dangling Wire at (33.912, 250.884) (33.912, 250.884) on layer: M1
Net VDD: dangling Wire at (36.072, 250.884) (36.072, 250.884) on layer: M1
Net VDD: dangling Wire at (529.524, 251.424) (529.524, 251.424) on layer: M1
Net VDD: dangling Wire at (465.588, 251.424) (465.588, 251.424) on layer: M1
Net VDD: dangling Wire at (102.168, 251.424) (102.168, 251.424) on layer: M1
Net VDD: dangling Wire at (33.912, 251.424) (33.912, 251.424) on layer: M1
Net VDD: dangling Wire at (36.072, 251.424) (36.072, 251.424) on layer: M1
Net VDD: dangling Wire at (529.524, 251.964) (529.524, 251.964) on layer: M1
Net VDD: dangling Wire at (465.588, 251.964) (465.588, 251.964) on layer: M1
Net VDD: dangling Wire at (102.168, 251.964) (102.168, 251.964) on layer: M1
Net VDD: dangling Wire at (33.912, 251.964) (33.912, 251.964) on layer: M1
Net VDD: dangling Wire at (36.072, 251.964) (36.072, 251.964) on layer: M1
Net VDD: dangling Wire at (529.524, 252.504) (529.524, 252.504) on layer: M1
Net VDD: dangling Wire at (465.588, 252.504) (465.588, 252.504) on layer: M1
Net VDD: dangling Wire at (102.168, 252.504) (102.168, 252.504) on layer: M1
Net VDD: dangling Wire at (33.912, 252.504) (33.912, 252.504) on layer: M1
Net VDD: dangling Wire at (36.072, 252.504) (36.072, 252.504) on layer: M1
Net VDD: dangling Wire at (529.524, 253.044) (529.524, 253.044) on layer: M1
Net VDD: dangling Wire at (465.588, 253.044) (465.588, 253.044) on layer: M1
Net VDD: dangling Wire at (102.168, 253.044) (102.168, 253.044) on layer: M1
Net VDD: dangling Wire at (33.912, 253.044) (33.912, 253.044) on layer: M1
Net VDD: dangling Wire at (36.072, 253.044) (36.072, 253.044) on layer: M1
Net VDD: dangling Wire at (529.524, 253.584) (529.524, 253.584) on layer: M1
Net VDD: dangling Wire at (465.588, 253.584) (465.588, 253.584) on layer: M1
Net VDD: dangling Wire at (102.168, 253.584) (102.168, 253.584) on layer: M1
Net VDD: dangling Wire at (33.912, 253.584) (33.912, 253.584) on layer: M1
Net VDD: dangling Wire at (36.072, 253.584) (36.072, 253.584) on layer: M1
Net VDD: dangling Wire at (529.524, 254.124) (529.524, 254.124) on layer: M1
Net VDD: dangling Wire at (465.588, 254.124) (465.588, 254.124) on layer: M1
Net VDD: dangling Wire at (102.168, 254.124) (102.168, 254.124) on layer: M1
Net VDD: dangling Wire at (33.912, 254.124) (33.912, 254.124) on layer: M1
Net VDD: dangling Wire at (36.072, 254.124) (36.072, 254.124) on layer: M1
Net VDD: dangling Wire at (529.524, 254.664) (529.524, 254.664) on layer: M1
Net VDD: dangling Wire at (465.588, 254.664) (465.588, 254.664) on layer: M1
Net VDD: dangling Wire at (102.168, 254.664) (102.168, 254.664) on layer: M1
Net VDD: dangling Wire at (33.912, 254.664) (33.912, 254.664) on layer: M1
Net VDD: dangling Wire at (36.072, 254.664) (36.072, 254.664) on layer: M1
Net VDD: dangling Wire at (529.524, 255.204) (529.524, 255.204) on layer: M1
Net VDD: dangling Wire at (465.588, 255.204) (465.588, 255.204) on layer: M1
Net VDD: dangling Wire at (102.168, 255.204) (102.168, 255.204) on layer: M1
Net VDD: dangling Wire at (33.912, 255.204) (33.912, 255.204) on layer: M1
Net VDD: dangling Wire at (36.072, 255.204) (36.072, 255.204) on layer: M1
Net VDD: dangling Wire at (529.524, 255.744) (529.524, 255.744) on layer: M1
Net VDD: dangling Wire at (465.588, 255.744) (465.588, 255.744) on layer: M1
Net VDD: dangling Wire at (102.168, 255.744) (102.168, 255.744) on layer: M1
Net VDD: dangling Wire at (33.912, 255.744) (33.912, 255.744) on layer: M1
Net VDD: dangling Wire at (36.072, 255.744) (36.072, 255.744) on layer: M1
Net VDD: dangling Wire at (529.524, 256.284) (529.524, 256.284) on layer: M1
Net VDD: dangling Wire at (465.588, 256.284) (465.588, 256.284) on layer: M1
Net VDD: dangling Wire at (102.168, 256.284) (102.168, 256.284) on layer: M1
Net VDD: dangling Wire at (36.072, 256.284) (36.072, 256.284) on layer: M1
Net VDD: dangling Wire at (529.524, 256.824) (529.524, 256.824) on layer: M1
Net VDD: dangling Wire at (465.588, 256.824) (465.588, 256.824) on layer: M1
Net VDD: dangling Wire at (102.168, 256.824) (102.168, 256.824) on layer: M1
Net VDD: dangling Wire at (33.912, 256.824) (33.912, 256.824) on layer: M1
Net VDD: dangling Wire at (36.072, 256.824) (36.072, 256.824) on layer: M1
Net VDD: dangling Wire at (529.524, 257.364) (529.524, 257.364) on layer: M1
Net VDD: dangling Wire at (465.588, 257.364) (465.588, 257.364) on layer: M1
Net VDD: dangling Wire at (102.168, 257.364) (102.168, 257.364) on layer: M1
Net VDD: dangling Wire at (33.912, 257.364) (33.912, 257.364) on layer: M1
Net VDD: dangling Wire at (36.072, 257.364) (36.072, 257.364) on layer: M1
Net VDD: dangling Wire at (529.524, 257.904) (529.524, 257.904) on layer: M1
Net VDD: dangling Wire at (465.588, 257.904) (465.588, 257.904) on layer: M1
Net VDD: dangling Wire at (102.168, 257.904) (102.168, 257.904) on layer: M1
Net VDD: dangling Wire at (33.912, 257.904) (33.912, 257.904) on layer: M1
Net VDD: dangling Wire at (36.072, 257.904) (36.072, 257.904) on layer: M1
Net VDD: dangling Wire at (529.524, 258.444) (529.524, 258.444) on layer: M1
Net VDD: dangling Wire at (465.588, 258.444) (465.588, 258.444) on layer: M1
Net VDD: dangling Wire at (102.168, 258.444) (102.168, 258.444) on layer: M1
Net VDD: dangling Wire at (33.912, 258.444) (33.912, 258.444) on layer: M1
Net VDD: dangling Wire at (36.072, 258.444) (36.072, 258.444) on layer: M1
Net VDD: dangling Wire at (529.524, 258.984) (529.524, 258.984) on layer: M1
Net VDD: dangling Wire at (465.588, 258.984) (465.588, 258.984) on layer: M1
Net VDD: dangling Wire at (102.168, 258.984) (102.168, 258.984) on layer: M1
Net VDD: dangling Wire at (33.912, 258.984) (33.912, 258.984) on layer: M1
Net VDD: dangling Wire at (36.072, 258.984) (36.072, 258.984) on layer: M1
Net VDD: dangling Wire at (529.524, 259.524) (529.524, 259.524) on layer: M1
Net VDD: dangling Wire at (465.588, 259.524) (465.588, 259.524) on layer: M1
Net VDD: dangling Wire at (102.168, 259.524) (102.168, 259.524) on layer: M1
Net VDD: dangling Wire at (33.912, 259.524) (33.912, 259.524) on layer: M1
Net VDD: dangling Wire at (36.072, 259.524) (36.072, 259.524) on layer: M1
Net VDD: dangling Wire at (529.524, 260.064) (529.524, 260.064) on layer: M1
Net VDD: dangling Wire at (465.588, 260.064) (465.588, 260.064) on layer: M1
Net VDD: dangling Wire at (102.168, 260.064) (102.168, 260.064) on layer: M1
Net VDD: dangling Wire at (33.912, 260.064) (33.912, 260.064) on layer: M1
Net VDD: dangling Wire at (36.072, 260.064) (36.072, 260.064) on layer: M1
Net VDD: dangling Wire at (529.524, 260.604) (529.524, 260.604) on layer: M1
Net VDD: dangling Wire at (465.588, 260.604) (465.588, 260.604) on layer: M1
Net VDD: dangling Wire at (102.168, 260.604) (102.168, 260.604) on layer: M1
Net VDD: dangling Wire at (33.912, 260.604) (33.912, 260.604) on layer: M1
Net VDD: dangling Wire at (36.072, 260.604) (36.072, 260.604) on layer: M1
Net VDD: dangling Wire at (529.524, 261.144) (529.524, 261.144) on layer: M1
Net VDD: dangling Wire at (465.588, 261.144) (465.588, 261.144) on layer: M1
Net VDD: dangling Wire at (102.168, 261.144) (102.168, 261.144) on layer: M1
Net VDD: dangling Wire at (33.912, 261.144) (33.912, 261.144) on layer: M1
Net VDD: dangling Wire at (36.072, 261.144) (36.072, 261.144) on layer: M1
Net VDD: dangling Wire at (529.524, 261.684) (529.524, 261.684) on layer: M1
Net VDD: dangling Wire at (465.588, 261.684) (465.588, 261.684) on layer: M1
Net VDD: dangling Wire at (102.168, 261.684) (102.168, 261.684) on layer: M1
Net VDD: dangling Wire at (33.912, 261.684) (33.912, 261.684) on layer: M1
Net VDD: dangling Wire at (36.072, 261.684) (36.072, 261.684) on layer: M1
Net VDD: dangling Wire at (529.524, 262.224) (529.524, 262.224) on layer: M1
Net VDD: dangling Wire at (465.588, 262.224) (465.588, 262.224) on layer: M1
Net VDD: dangling Wire at (102.168, 262.224) (102.168, 262.224) on layer: M1
Net VDD: dangling Wire at (33.912, 262.224) (33.912, 262.224) on layer: M1
Net VDD: dangling Wire at (36.072, 262.224) (36.072, 262.224) on layer: M1
Net VDD: dangling Wire at (529.524, 262.764) (529.524, 262.764) on layer: M1
Net VDD: dangling Wire at (465.588, 262.764) (465.588, 262.764) on layer: M1
Net VDD: dangling Wire at (102.168, 262.764) (102.168, 262.764) on layer: M1
Net VDD: dangling Wire at (33.912, 262.764) (33.912, 262.764) on layer: M1
Net VDD: dangling Wire at (36.072, 262.764) (36.072, 262.764) on layer: M1
Net VDD: dangling Wire at (529.524, 263.304) (529.524, 263.304) on layer: M1
Net VDD: dangling Wire at (465.588, 263.304) (465.588, 263.304) on layer: M1
Net VDD: dangling Wire at (102.168, 263.304) (102.168, 263.304) on layer: M1
Net VDD: dangling Wire at (33.912, 263.304) (33.912, 263.304) on layer: M1
Net VDD: dangling Wire at (36.072, 263.304) (36.072, 263.304) on layer: M1
Net VDD: dangling Wire at (529.524, 263.844) (529.524, 263.844) on layer: M1
Net VDD: dangling Wire at (465.588, 263.844) (465.588, 263.844) on layer: M1
Net VDD: dangling Wire at (102.168, 263.844) (102.168, 263.844) on layer: M1
Net VDD: dangling Wire at (33.912, 263.844) (33.912, 263.844) on layer: M1
Net VDD: dangling Wire at (36.072, 263.844) (36.072, 263.844) on layer: M1
Net VDD: dangling Wire at (465.588, 264.384) (465.588, 264.384) on layer: M1
Net VDD: dangling Wire at (102.168, 264.384) (102.168, 264.384) on layer: M1
Net VDD: dangling Wire at (33.912, 264.384) (33.912, 264.384) on layer: M1
Net VDD: dangling Wire at (36.072, 264.384) (36.072, 264.384) on layer: M1
Net VDD: dangling Wire at (529.524, 264.924) (529.524, 264.924) on layer: M1
Net VDD: dangling Wire at (102.168, 264.924) (102.168, 264.924) on layer: M1
Net VDD: dangling Wire at (33.912, 264.924) (33.912, 264.924) on layer: M1
Net VDD: dangling Wire at (36.072, 264.924) (36.072, 264.924) on layer: M1
Net VDD: dangling Wire at (529.524, 265.464) (529.524, 265.464) on layer: M1
Net VDD: dangling Wire at (465.588, 265.464) (465.588, 265.464) on layer: M1
Net VDD: dangling Wire at (102.168, 265.464) (102.168, 265.464) on layer: M1
Net VDD: dangling Wire at (33.912, 265.464) (33.912, 265.464) on layer: M1
Net VDD: dangling Wire at (36.072, 265.464) (36.072, 265.464) on layer: M1
Net VDD: dangling Wire at (529.524, 266.004) (529.524, 266.004) on layer: M1
Net VDD: dangling Wire at (465.588, 266.004) (465.588, 266.004) on layer: M1
Net VDD: dangling Wire at (102.168, 266.004) (102.168, 266.004) on layer: M1
Net VDD: dangling Wire at (33.912, 266.004) (33.912, 266.004) on layer: M1
Net VDD: dangling Wire at (36.072, 266.004) (36.072, 266.004) on layer: M1
Net VDD: dangling Wire at (529.524, 266.544) (529.524, 266.544) on layer: M1
Net VDD: dangling Wire at (465.588, 266.544) (465.588, 266.544) on layer: M1
Net VDD: dangling Wire at (102.168, 266.544) (102.168, 266.544) on layer: M1
Net VDD: dangling Wire at (33.912, 266.544) (33.912, 266.544) on layer: M1
Net VDD: dangling Wire at (36.072, 266.544) (36.072, 266.544) on layer: M1
Net VDD: dangling Wire at (529.524, 267.084) (529.524, 267.084) on layer: M1
Net VDD: dangling Wire at (465.588, 267.084) (465.588, 267.084) on layer: M1
Net VDD: dangling Wire at (102.168, 267.084) (102.168, 267.084) on layer: M1
Net VDD: dangling Wire at (33.912, 267.084) (33.912, 267.084) on layer: M1
Net VDD: dangling Wire at (36.072, 267.084) (36.072, 267.084) on layer: M1
Net VDD: dangling Wire at (529.524, 267.624) (529.524, 267.624) on layer: M1
Net VDD: dangling Wire at (465.588, 267.624) (465.588, 267.624) on layer: M1
Net VDD: dangling Wire at (102.168, 267.624) (102.168, 267.624) on layer: M1
Net VDD: dangling Wire at (33.912, 267.624) (33.912, 267.624) on layer: M1
Net VDD: dangling Wire at (36.072, 267.624) (36.072, 267.624) on layer: M1
Net VDD: dangling Wire at (529.524, 268.164) (529.524, 268.164) on layer: M1
Net VDD: dangling Wire at (465.588, 268.164) (465.588, 268.164) on layer: M1
Net VDD: dangling Wire at (102.168, 268.164) (102.168, 268.164) on layer: M1
Net VDD: dangling Wire at (33.912, 268.164) (33.912, 268.164) on layer: M1
Net VDD: dangling Wire at (36.072, 268.164) (36.072, 268.164) on layer: M1
Net VDD: dangling Wire at (529.524, 268.704) (529.524, 268.704) on layer: M1
Net VDD: dangling Wire at (465.588, 268.704) (465.588, 268.704) on layer: M1
Net VDD: dangling Wire at (102.168, 268.704) (102.168, 268.704) on layer: M1
Net VDD: dangling Wire at (33.912, 268.704) (33.912, 268.704) on layer: M1
Net VDD: dangling Wire at (36.072, 268.704) (36.072, 268.704) on layer: M1
Net VDD: dangling Wire at (529.524, 269.244) (529.524, 269.244) on layer: M1
Net VDD: dangling Wire at (465.588, 269.244) (465.588, 269.244) on layer: M1
Net VDD: dangling Wire at (102.168, 269.244) (102.168, 269.244) on layer: M1
Net VDD: dangling Wire at (33.912, 269.244) (33.912, 269.244) on layer: M1
Net VDD: dangling Wire at (36.072, 269.244) (36.072, 269.244) on layer: M1
Net VDD: dangling Wire at (529.524, 269.784) (529.524, 269.784) on layer: M1
Net VDD: dangling Wire at (465.588, 269.784) (465.588, 269.784) on layer: M1
Net VDD: dangling Wire at (102.168, 269.784) (102.168, 269.784) on layer: M1
Net VDD: dangling Wire at (33.912, 269.784) (33.912, 269.784) on layer: M1
Net VDD: dangling Wire at (36.072, 269.784) (36.072, 269.784) on layer: M1
Net VDD: dangling Wire at (529.524, 270.324) (529.524, 270.324) on layer: M1
Net VDD: dangling Wire at (465.588, 270.324) (465.588, 270.324) on layer: M1
Net VDD: dangling Wire at (102.168, 270.324) (102.168, 270.324) on layer: M1
Net VDD: dangling Wire at (33.912, 270.324) (33.912, 270.324) on layer: M1
Net VDD: dangling Wire at (36.072, 270.324) (36.072, 270.324) on layer: M1
Net VDD: dangling Wire at (529.524, 270.864) (529.524, 270.864) on layer: M1
Net VDD: dangling Wire at (465.588, 270.864) (465.588, 270.864) on layer: M1
Net VDD: dangling Wire at (102.168, 270.864) (102.168, 270.864) on layer: M1
Net VDD: dangling Wire at (33.912, 270.864) (33.912, 270.864) on layer: M1
Net VDD: dangling Wire at (36.072, 270.864) (36.072, 270.864) on layer: M1
Net VDD: dangling Wire at (529.524, 271.404) (529.524, 271.404) on layer: M1
Net VDD: dangling Wire at (465.588, 271.404) (465.588, 271.404) on layer: M1
Net VDD: dangling Wire at (102.168, 271.404) (102.168, 271.404) on layer: M1
Net VDD: dangling Wire at (33.912, 271.404) (33.912, 271.404) on layer: M1
Net VDD: dangling Wire at (36.072, 271.404) (36.072, 271.404) on layer: M1
Net VDD: dangling Wire at (529.524, 271.944) (529.524, 271.944) on layer: M1
Net VDD: dangling Wire at (465.588, 271.944) (465.588, 271.944) on layer: M1
Net VDD: dangling Wire at (102.168, 271.944) (102.168, 271.944) on layer: M1
Net VDD: dangling Wire at (33.912, 271.944) (33.912, 271.944) on layer: M1
Net VDD: dangling Wire at (36.072, 271.944) (36.072, 271.944) on layer: M1
Net VDD: dangling Wire at (529.524, 272.484) (529.524, 272.484) on layer: M1
Net VDD: dangling Wire at (465.588, 272.484) (465.588, 272.484) on layer: M1
Net VDD: dangling Wire at (102.168, 272.484) (102.168, 272.484) on layer: M1
Net VDD: dangling Wire at (33.912, 272.484) (33.912, 272.484) on layer: M1
Net VDD: dangling Wire at (36.072, 272.484) (36.072, 272.484) on layer: M1
Net VDD: dangling Wire at (529.524, 273.024) (529.524, 273.024) on layer: M1
Net VDD: dangling Wire at (465.588, 273.024) (465.588, 273.024) on layer: M1
Net VDD: dangling Wire at (102.168, 273.024) (102.168, 273.024) on layer: M1
Net VDD: dangling Wire at (33.912, 273.024) (33.912, 273.024) on layer: M1
Net VDD: dangling Wire at (36.072, 273.024) (36.072, 273.024) on layer: M1
Net VDD: dangling Wire at (529.524, 273.564) (529.524, 273.564) on layer: M1
Net VDD: dangling Wire at (465.588, 273.564) (465.588, 273.564) on layer: M1
Net VDD: dangling Wire at (102.168, 273.564) (102.168, 273.564) on layer: M1
Net VDD: dangling Wire at (33.912, 273.564) (33.912, 273.564) on layer: M1
Net VDD: dangling Wire at (36.072, 273.564) (36.072, 273.564) on layer: M1
Net VDD: dangling Wire at (529.524, 274.104) (529.524, 274.104) on layer: M1
Net VDD: dangling Wire at (465.588, 274.104) (465.588, 274.104) on layer: M1
Net VDD: dangling Wire at (102.168, 274.104) (102.168, 274.104) on layer: M1
Net VDD: dangling Wire at (33.912, 274.104) (33.912, 274.104) on layer: M1
Net VDD: dangling Wire at (36.072, 274.104) (36.072, 274.104) on layer: M1
Net VDD: dangling Wire at (529.524, 274.644) (529.524, 274.644) on layer: M1
Net VDD: dangling Wire at (465.588, 274.644) (465.588, 274.644) on layer: M1
Net VDD: dangling Wire at (102.168, 274.644) (102.168, 274.644) on layer: M1
Net VDD: dangling Wire at (33.912, 274.644) (33.912, 274.644) on layer: M1
Net VDD: dangling Wire at (36.072, 274.644) (36.072, 274.644) on layer: M1
Net VDD: dangling Wire at (529.524, 275.184) (529.524, 275.184) on layer: M1
Net VDD: dangling Wire at (465.588, 275.184) (465.588, 275.184) on layer: M1
Net VDD: dangling Wire at (102.168, 275.184) (102.168, 275.184) on layer: M1
Net VDD: dangling Wire at (33.912, 275.184) (33.912, 275.184) on layer: M1
Net VDD: dangling Wire at (36.072, 275.184) (36.072, 275.184) on layer: M1
Net VDD: dangling Wire at (529.524, 275.724) (529.524, 275.724) on layer: M1
Net VDD: dangling Wire at (465.588, 275.724) (465.588, 275.724) on layer: M1
Net VDD: dangling Wire at (102.168, 275.724) (102.168, 275.724) on layer: M1
Net VDD: dangling Wire at (33.912, 275.724) (33.912, 275.724) on layer: M1
Net VDD: dangling Wire at (36.072, 275.724) (36.072, 275.724) on layer: M1
Net VDD: dangling Wire at (529.524, 276.264) (529.524, 276.264) on layer: M1
Net VDD: dangling Wire at (465.588, 276.264) (465.588, 276.264) on layer: M1
Net VDD: dangling Wire at (102.168, 276.264) (102.168, 276.264) on layer: M1
Net VDD: dangling Wire at (33.912, 276.264) (33.912, 276.264) on layer: M1
Net VDD: dangling Wire at (36.072, 276.264) (36.072, 276.264) on layer: M1
Net VDD: dangling Wire at (529.524, 276.804) (529.524, 276.804) on layer: M1
Net VDD: dangling Wire at (465.588, 276.804) (465.588, 276.804) on layer: M1
Net VDD: dangling Wire at (102.168, 276.804) (102.168, 276.804) on layer: M1
Net VDD: dangling Wire at (33.912, 276.804) (33.912, 276.804) on layer: M1
Net VDD: dangling Wire at (36.072, 276.804) (36.072, 276.804) on layer: M1
Net VDD: dangling Wire at (529.524, 277.344) (529.524, 277.344) on layer: M1
Net VDD: dangling Wire at (465.588, 277.344) (465.588, 277.344) on layer: M1
Net VDD: dangling Wire at (102.168, 277.344) (102.168, 277.344) on layer: M1
Net VDD: dangling Wire at (33.912, 277.344) (33.912, 277.344) on layer: M1
Net VDD: dangling Wire at (36.072, 277.344) (36.072, 277.344) on layer: M1
Net VDD: dangling Wire at (529.524, 277.884) (529.524, 277.884) on layer: M1
Net VDD: dangling Wire at (465.588, 277.884) (465.588, 277.884) on layer: M1
Net VDD: dangling Wire at (102.168, 277.884) (102.168, 277.884) on layer: M1
Net VDD: dangling Wire at (33.912, 277.884) (33.912, 277.884) on layer: M1
Net VDD: dangling Wire at (36.072, 277.884) (36.072, 277.884) on layer: M1
Net VDD: dangling Wire at (529.524, 278.424) (529.524, 278.424) on layer: M1
Net VDD: dangling Wire at (465.588, 278.424) (465.588, 278.424) on layer: M1
Net VDD: dangling Wire at (102.168, 278.424) (102.168, 278.424) on layer: M1
Net VDD: dangling Wire at (33.912, 278.424) (33.912, 278.424) on layer: M1
Net VDD: dangling Wire at (36.072, 278.424) (36.072, 278.424) on layer: M1
Net VDD: dangling Wire at (529.524, 278.964) (529.524, 278.964) on layer: M1
Net VDD: dangling Wire at (465.588, 278.964) (465.588, 278.964) on layer: M1
Net VDD: dangling Wire at (102.168, 278.964) (102.168, 278.964) on layer: M1
Net VDD: dangling Wire at (33.912, 278.964) (33.912, 278.964) on layer: M1
Net VDD: dangling Wire at (36.072, 278.964) (36.072, 278.964) on layer: M1
Net VDD: dangling Wire at (529.524, 279.504) (529.524, 279.504) on layer: M1
Net VDD: dangling Wire at (102.168, 279.504) (102.168, 279.504) on layer: M1
Net VDD: dangling Wire at (33.912, 279.504) (33.912, 279.504) on layer: M1
Net VDD: dangling Wire at (36.072, 279.504) (36.072, 279.504) on layer: M1
Net VDD: dangling Wire at (529.524, 280.044) (529.524, 280.044) on layer: M1
Net VDD: dangling Wire at (465.588, 280.044) (465.588, 280.044) on layer: M1
Net VDD: dangling Wire at (33.912, 280.044) (33.912, 280.044) on layer: M1
Net VDD: dangling Wire at (36.072, 280.044) (36.072, 280.044) on layer: M1
Net VDD: dangling Wire at (529.524, 280.584) (529.524, 280.584) on layer: M1
Net VDD: dangling Wire at (465.588, 280.584) (465.588, 280.584) on layer: M1
Net VDD: dangling Wire at (102.168, 280.584) (102.168, 280.584) on layer: M1
Net VDD: dangling Wire at (33.912, 280.584) (33.912, 280.584) on layer: M1
Net VDD: dangling Wire at (36.072, 280.584) (36.072, 280.584) on layer: M1
Net VDD: dangling Wire at (529.524, 281.124) (529.524, 281.124) on layer: M1
Net VDD: dangling Wire at (465.588, 281.124) (465.588, 281.124) on layer: M1
Net VDD: dangling Wire at (102.168, 281.124) (102.168, 281.124) on layer: M1
Net VDD: dangling Wire at (33.912, 281.124) (33.912, 281.124) on layer: M1
Net VDD: dangling Wire at (36.072, 281.124) (36.072, 281.124) on layer: M1
Net VDD: dangling Wire at (529.524, 281.664) (529.524, 281.664) on layer: M1
Net VDD: dangling Wire at (465.588, 281.664) (465.588, 281.664) on layer: M1
Net VDD: dangling Wire at (102.168, 281.664) (102.168, 281.664) on layer: M1
Net VDD: dangling Wire at (33.912, 281.664) (33.912, 281.664) on layer: M1
Net VDD: dangling Wire at (36.072, 281.664) (36.072, 281.664) on layer: M1
Net VDD: dangling Wire at (529.524, 282.204) (529.524, 282.204) on layer: M1
Net VDD: dangling Wire at (465.588, 282.204) (465.588, 282.204) on layer: M1
Net VDD: dangling Wire at (102.168, 282.204) (102.168, 282.204) on layer: M1
Net VDD: dangling Wire at (33.912, 282.204) (33.912, 282.204) on layer: M1
Net VDD: dangling Wire at (36.072, 282.204) (36.072, 282.204) on layer: M1
Net VDD: dangling Wire at (529.524, 282.744) (529.524, 282.744) on layer: M1
Net VDD: dangling Wire at (465.588, 282.744) (465.588, 282.744) on layer: M1
Net VDD: dangling Wire at (102.168, 282.744) (102.168, 282.744) on layer: M1
Net VDD: dangling Wire at (33.912, 282.744) (33.912, 282.744) on layer: M1
Net VDD: dangling Wire at (36.072, 282.744) (36.072, 282.744) on layer: M1
Net VDD: dangling Wire at (529.524, 283.284) (529.524, 283.284) on layer: M1
Net VDD: dangling Wire at (465.588, 283.284) (465.588, 283.284) on layer: M1
Net VDD: dangling Wire at (102.168, 283.284) (102.168, 283.284) on layer: M1
Net VDD: dangling Wire at (33.912, 283.284) (33.912, 283.284) on layer: M1
Net VDD: dangling Wire at (36.072, 283.284) (36.072, 283.284) on layer: M1
Net VDD: dangling Wire at (529.524, 283.824) (529.524, 283.824) on layer: M1
Net VDD: dangling Wire at (465.588, 283.824) (465.588, 283.824) on layer: M1
Net VDD: dangling Wire at (33.912, 283.824) (33.912, 283.824) on layer: M1
Net VDD: dangling Wire at (36.072, 283.824) (36.072, 283.824) on layer: M1
Net VDD: dangling Wire at (529.524, 284.364) (529.524, 284.364) on layer: M1
Net VDD: dangling Wire at (465.588, 284.364) (465.588, 284.364) on layer: M1
Net VDD: dangling Wire at (102.168, 284.364) (102.168, 284.364) on layer: M1
Net VDD: dangling Wire at (33.912, 284.364) (33.912, 284.364) on layer: M1
Net VDD: dangling Wire at (36.072, 284.364) (36.072, 284.364) on layer: M1
Net VDD: dangling Wire at (529.524, 284.904) (529.524, 284.904) on layer: M1
Net VDD: dangling Wire at (465.588, 284.904) (465.588, 284.904) on layer: M1
Net VDD: dangling Wire at (102.168, 284.904) (102.168, 284.904) on layer: M1
Net VDD: dangling Wire at (33.912, 284.904) (33.912, 284.904) on layer: M1
Net VDD: dangling Wire at (36.072, 284.904) (36.072, 284.904) on layer: M1
Net VDD: dangling Wire at (529.524, 285.444) (529.524, 285.444) on layer: M1
Net VDD: dangling Wire at (465.588, 285.444) (465.588, 285.444) on layer: M1
Net VDD: dangling Wire at (102.168, 285.444) (102.168, 285.444) on layer: M1
Net VDD: dangling Wire at (33.912, 285.444) (33.912, 285.444) on layer: M1
Net VDD: dangling Wire at (36.072, 285.444) (36.072, 285.444) on layer: M1
Net VDD: dangling Wire at (529.524, 285.984) (529.524, 285.984) on layer: M1
Net VDD: dangling Wire at (465.588, 285.984) (465.588, 285.984) on layer: M1
Net VDD: dangling Wire at (102.168, 285.984) (102.168, 285.984) on layer: M1
Net VDD: dangling Wire at (33.912, 285.984) (33.912, 285.984) on layer: M1
Net VDD: dangling Wire at (36.072, 285.984) (36.072, 285.984) on layer: M1
Net VDD: dangling Wire at (465.588, 286.524) (465.588, 286.524) on layer: M1
Net VDD: dangling Wire at (33.912, 286.524) (33.912, 286.524) on layer: M1
Net VDD: dangling Wire at (36.072, 286.524) (36.072, 286.524) on layer: M1
Net VDD: dangling Wire at (465.588, 287.064) (465.588, 287.064) on layer: M1
Net VDD: dangling Wire at (102.168, 287.064) (102.168, 287.064) on layer: M1
Net VDD: dangling Wire at (33.912, 287.064) (33.912, 287.064) on layer: M1
Net VDD: dangling Wire at (36.072, 287.064) (36.072, 287.064) on layer: M1
Net VDD: dangling Wire at (529.524, 287.604) (529.524, 287.604) on layer: M1
Net VDD: dangling Wire at (465.588, 287.604) (465.588, 287.604) on layer: M1
Net VDD: dangling Wire at (102.168, 287.604) (102.168, 287.604) on layer: M1
Net VDD: dangling Wire at (33.912, 287.604) (33.912, 287.604) on layer: M1
Net VDD: dangling Wire at (36.072, 287.604) (36.072, 287.604) on layer: M1
Net VDD: dangling Wire at (529.524, 288.144) (529.524, 288.144) on layer: M1
Net VDD: dangling Wire at (465.588, 288.144) (465.588, 288.144) on layer: M1
Net VDD: dangling Wire at (102.168, 288.144) (102.168, 288.144) on layer: M1
Net VDD: dangling Wire at (33.912, 288.144) (33.912, 288.144) on layer: M1
Net VDD: dangling Wire at (36.072, 288.144) (36.072, 288.144) on layer: M1
Net VDD: dangling Wire at (529.524, 288.684) (529.524, 288.684) on layer: M1
Net VDD: dangling Wire at (465.588, 288.684) (465.588, 288.684) on layer: M1
Net VDD: dangling Wire at (102.168, 288.684) (102.168, 288.684) on layer: M1
Net VDD: dangling Wire at (33.912, 288.684) (33.912, 288.684) on layer: M1
Net VDD: dangling Wire at (36.072, 288.684) (36.072, 288.684) on layer: M1
Net VDD: dangling Wire at (529.524, 289.224) (529.524, 289.224) on layer: M1
Net VDD: dangling Wire at (465.588, 289.224) (465.588, 289.224) on layer: M1
Net VDD: dangling Wire at (102.168, 289.224) (102.168, 289.224) on layer: M1
Net VDD: dangling Wire at (33.912, 289.224) (33.912, 289.224) on layer: M1
Net VDD: dangling Wire at (36.072, 289.224) (36.072, 289.224) on layer: M1
Net VDD: dangling Wire at (529.524, 289.764) (529.524, 289.764) on layer: M1
Net VDD: dangling Wire at (465.588, 289.764) (465.588, 289.764) on layer: M1
Net VDD: dangling Wire at (102.168, 289.764) (102.168, 289.764) on layer: M1
Net VDD: dangling Wire at (33.912, 289.764) (33.912, 289.764) on layer: M1
Net VDD: dangling Wire at (36.072, 289.764) (36.072, 289.764) on layer: M1
Net VDD: dangling Wire at (529.524, 290.304) (529.524, 290.304) on layer: M1
Net VDD: dangling Wire at (465.588, 290.304) (465.588, 290.304) on layer: M1
Net VDD: dangling Wire at (102.168, 290.304) (102.168, 290.304) on layer: M1
Net VDD: dangling Wire at (33.912, 290.304) (33.912, 290.304) on layer: M1
Net VDD: dangling Wire at (36.072, 290.304) (36.072, 290.304) on layer: M1
Net VDD: dangling Wire at (529.524, 290.844) (529.524, 290.844) on layer: M1
Net VDD: dangling Wire at (465.588, 290.844) (465.588, 290.844) on layer: M1
Net VDD: dangling Wire at (102.168, 290.844) (102.168, 290.844) on layer: M1
Net VDD: dangling Wire at (33.912, 290.844) (33.912, 290.844) on layer: M1
Net VDD: dangling Wire at (36.072, 290.844) (36.072, 290.844) on layer: M1
Net VDD: dangling Wire at (529.524, 291.384) (529.524, 291.384) on layer: M1
Net VDD: dangling Wire at (465.588, 291.384) (465.588, 291.384) on layer: M1
Net VDD: dangling Wire at (102.168, 291.384) (102.168, 291.384) on layer: M1
Net VDD: dangling Wire at (33.912, 291.384) (33.912, 291.384) on layer: M1
Net VDD: dangling Wire at (36.072, 291.384) (36.072, 291.384) on layer: M1
Net VDD: dangling Wire at (529.524, 291.924) (529.524, 291.924) on layer: M1
Net VDD: dangling Wire at (465.588, 291.924) (465.588, 291.924) on layer: M1
Net VDD: dangling Wire at (102.168, 291.924) (102.168, 291.924) on layer: M1
Net VDD: dangling Wire at (33.912, 291.924) (33.912, 291.924) on layer: M1
Net VDD: dangling Wire at (36.072, 291.924) (36.072, 291.924) on layer: M1
Net VDD: dangling Wire at (529.524, 292.464) (529.524, 292.464) on layer: M1
Net VDD: dangling Wire at (465.588, 292.464) (465.588, 292.464) on layer: M1
Net VDD: dangling Wire at (102.168, 292.464) (102.168, 292.464) on layer: M1
Net VDD: dangling Wire at (33.912, 292.464) (33.912, 292.464) on layer: M1
Net VDD: dangling Wire at (36.072, 292.464) (36.072, 292.464) on layer: M1
Net VDD: dangling Wire at (529.524, 293.004) (529.524, 293.004) on layer: M1
Net VDD: dangling Wire at (465.588, 293.004) (465.588, 293.004) on layer: M1
Net VDD: dangling Wire at (102.168, 293.004) (102.168, 293.004) on layer: M1
Net VDD: dangling Wire at (36.072, 293.004) (36.072, 293.004) on layer: M1
Net VDD: dangling Wire at (529.524, 293.544) (529.524, 293.544) on layer: M1
Net VDD: dangling Wire at (465.588, 293.544) (465.588, 293.544) on layer: M1
Net VDD: dangling Wire at (102.168, 293.544) (102.168, 293.544) on layer: M1
Net VDD: dangling Wire at (36.072, 293.544) (36.072, 293.544) on layer: M1
Net VDD: dangling Wire at (529.524, 294.084) (529.524, 294.084) on layer: M1
Net VDD: dangling Wire at (465.588, 294.084) (465.588, 294.084) on layer: M1
Net VDD: dangling Wire at (33.912, 294.084) (33.912, 294.084) on layer: M1
Net VDD: dangling Wire at (36.072, 294.084) (36.072, 294.084) on layer: M1
Net VDD: dangling Wire at (529.524, 294.624) (529.524, 294.624) on layer: M1
Net VDD: dangling Wire at (465.588, 294.624) (465.588, 294.624) on layer: M1
Net VDD: dangling Wire at (102.168, 294.624) (102.168, 294.624) on layer: M1
Net VDD: dangling Wire at (36.072, 294.624) (36.072, 294.624) on layer: M1
Net VDD: dangling Wire at (529.524, 295.164) (529.524, 295.164) on layer: M1
Net VDD: dangling Wire at (465.588, 295.164) (465.588, 295.164) on layer: M1
Net VDD: dangling Wire at (102.168, 295.164) (102.168, 295.164) on layer: M1
Net VDD: dangling Wire at (33.912, 295.164) (33.912, 295.164) on layer: M1
Net VDD: dangling Wire at (36.072, 295.164) (36.072, 295.164) on layer: M1
Net VDD: dangling Wire at (529.524, 295.704) (529.524, 295.704) on layer: M1
Net VDD: dangling Wire at (465.588, 295.704) (465.588, 295.704) on layer: M1
Net VDD: dangling Wire at (102.168, 295.704) (102.168, 295.704) on layer: M1
Net VDD: dangling Wire at (36.072, 295.704) (36.072, 295.704) on layer: M1
Net VDD: dangling Wire at (529.524, 296.244) (529.524, 296.244) on layer: M1
Net VDD: dangling Wire at (465.588, 296.244) (465.588, 296.244) on layer: M1
Net VDD: dangling Wire at (102.168, 296.244) (102.168, 296.244) on layer: M1
Net VDD: dangling Wire at (33.912, 296.244) (33.912, 296.244) on layer: M1
Net VDD: dangling Wire at (36.072, 296.244) (36.072, 296.244) on layer: M1
Net VDD: dangling Wire at (529.524, 296.784) (529.524, 296.784) on layer: M1
Net VDD: dangling Wire at (465.588, 296.784) (465.588, 296.784) on layer: M1
Net VDD: dangling Wire at (102.168, 296.784) (102.168, 296.784) on layer: M1
Net VDD: dangling Wire at (33.912, 296.784) (33.912, 296.784) on layer: M1
Net VDD: dangling Wire at (36.072, 296.784) (36.072, 296.784) on layer: M1
Net VDD: dangling Wire at (529.524, 297.324) (529.524, 297.324) on layer: M1
Net VDD: dangling Wire at (465.588, 297.324) (465.588, 297.324) on layer: M1
Net VDD: dangling Wire at (102.168, 297.324) (102.168, 297.324) on layer: M1
Net VDD: dangling Wire at (33.912, 297.324) (33.912, 297.324) on layer: M1
Net VDD: dangling Wire at (36.072, 297.324) (36.072, 297.324) on layer: M1
Net VDD: dangling Wire at (529.524, 297.864) (529.524, 297.864) on layer: M1
Net VDD: dangling Wire at (465.588, 297.864) (465.588, 297.864) on layer: M1
Net VDD: dangling Wire at (102.168, 297.864) (102.168, 297.864) on layer: M1
Net VDD: dangling Wire at (33.912, 297.864) (33.912, 297.864) on layer: M1
Net VDD: dangling Wire at (36.072, 297.864) (36.072, 297.864) on layer: M1
Net VDD: dangling Wire at (529.524, 298.404) (529.524, 298.404) on layer: M1
Net VDD: dangling Wire at (465.588, 298.404) (465.588, 298.404) on layer: M1
Net VDD: dangling Wire at (102.168, 298.404) (102.168, 298.404) on layer: M1
Net VDD: dangling Wire at (36.072, 298.404) (36.072, 298.404) on layer: M1
Net VDD: dangling Wire at (529.524, 298.944) (529.524, 298.944) on layer: M1
Net VDD: dangling Wire at (465.588, 298.944) (465.588, 298.944) on layer: M1
Net VDD: dangling Wire at (102.168, 298.944) (102.168, 298.944) on layer: M1
Net VDD: dangling Wire at (33.912, 298.944) (33.912, 298.944) on layer: M1
Net VDD: dangling Wire at (36.072, 298.944) (36.072, 298.944) on layer: M1
Net VDD: dangling Wire at (529.524, 299.484) (529.524, 299.484) on layer: M1
Net VDD: dangling Wire at (465.588, 299.484) (465.588, 299.484) on layer: M1
Net VDD: dangling Wire at (102.168, 299.484) (102.168, 299.484) on layer: M1
Net VDD: dangling Wire at (36.072, 299.484) (36.072, 299.484) on layer: M1
Net VDD: dangling Wire at (529.524, 300.024) (529.524, 300.024) on layer: M1
Net VDD: dangling Wire at (465.588, 300.024) (465.588, 300.024) on layer: M1
Net VDD: dangling Wire at (102.168, 300.024) (102.168, 300.024) on layer: M1
Net VDD: dangling Wire at (36.072, 300.024) (36.072, 300.024) on layer: M1
Net VDD: dangling Wire at (529.524, 300.564) (529.524, 300.564) on layer: M1
Net VDD: dangling Wire at (465.588, 300.564) (465.588, 300.564) on layer: M1
Net VDD: dangling Wire at (102.168, 300.564) (102.168, 300.564) on layer: M1
Net VDD: dangling Wire at (36.072, 300.564) (36.072, 300.564) on layer: M1
Net VDD: dangling Wire at (529.524, 301.104) (529.524, 301.104) on layer: M1
Net VDD: dangling Wire at (465.588, 301.104) (465.588, 301.104) on layer: M1
Net VDD: dangling Wire at (102.168, 301.104) (102.168, 301.104) on layer: M1
Net VDD: dangling Wire at (33.912, 301.104) (33.912, 301.104) on layer: M1
Net VDD: dangling Wire at (36.072, 301.104) (36.072, 301.104) on layer: M1
Net VDD: dangling Wire at (529.524, 301.644) (529.524, 301.644) on layer: M1
Net VDD: dangling Wire at (465.588, 301.644) (465.588, 301.644) on layer: M1
Net VDD: dangling Wire at (102.168, 301.644) (102.168, 301.644) on layer: M1
Net VDD: dangling Wire at (33.912, 301.644) (33.912, 301.644) on layer: M1
Net VDD: dangling Wire at (36.072, 301.644) (36.072, 301.644) on layer: M1
Net VDD: dangling Wire at (529.524, 302.184) (529.524, 302.184) on layer: M1
Net VDD: dangling Wire at (465.588, 302.184) (465.588, 302.184) on layer: M1
Net VDD: dangling Wire at (102.168, 302.184) (102.168, 302.184) on layer: M1
Net VDD: dangling Wire at (33.912, 302.184) (33.912, 302.184) on layer: M1
Net VDD: dangling Wire at (36.072, 302.184) (36.072, 302.184) on layer: M1
Net VDD: dangling Wire at (529.524, 302.724) (529.524, 302.724) on layer: M1
Net VDD: dangling Wire at (465.588, 302.724) (465.588, 302.724) on layer: M1
Net VDD: dangling Wire at (102.168, 302.724) (102.168, 302.724) on layer: M1
Net VDD: dangling Wire at (33.912, 302.724) (33.912, 302.724) on layer: M1
Net VDD: dangling Wire at (36.072, 302.724) (36.072, 302.724) on layer: M1
Net VDD: dangling Wire at (529.524, 303.264) (529.524, 303.264) on layer: M1
Net VDD: dangling Wire at (465.588, 303.264) (465.588, 303.264) on layer: M1
Net VDD: dangling Wire at (102.168, 303.264) (102.168, 303.264) on layer: M1
Net VDD: dangling Wire at (33.912, 303.264) (33.912, 303.264) on layer: M1
Net VDD: dangling Wire at (36.072, 303.264) (36.072, 303.264) on layer: M1
Net VDD: dangling Wire at (529.524, 303.804) (529.524, 303.804) on layer: M1
Net VDD: dangling Wire at (465.588, 303.804) (465.588, 303.804) on layer: M1
Net VDD: dangling Wire at (36.072, 303.804) (36.072, 303.804) on layer: M1
Net VDD: dangling Wire at (529.524, 304.344) (529.524, 304.344) on layer: M1
Net VDD: dangling Wire at (465.588, 304.344) (465.588, 304.344) on layer: M1
Net VDD: dangling Wire at (102.168, 304.344) (102.168, 304.344) on layer: M1
Net VDD: dangling Wire at (33.912, 304.344) (33.912, 304.344) on layer: M1
Net VDD: dangling Wire at (36.072, 304.344) (36.072, 304.344) on layer: M1
Net VDD: dangling Wire at (529.524, 304.884) (529.524, 304.884) on layer: M1
Net VDD: dangling Wire at (465.588, 304.884) (465.588, 304.884) on layer: M1
Net VDD: dangling Wire at (102.168, 304.884) (102.168, 304.884) on layer: M1
Net VDD: dangling Wire at (33.912, 304.884) (33.912, 304.884) on layer: M1
Net VDD: dangling Wire at (36.072, 304.884) (36.072, 304.884) on layer: M1
Net VDD: dangling Wire at (529.524, 305.424) (529.524, 305.424) on layer: M1
Net VDD: dangling Wire at (465.588, 305.424) (465.588, 305.424) on layer: M1
Net VDD: dangling Wire at (102.168, 305.424) (102.168, 305.424) on layer: M1
Net VDD: dangling Wire at (33.912, 305.424) (33.912, 305.424) on layer: M1
Net VDD: dangling Wire at (36.072, 305.424) (36.072, 305.424) on layer: M1
Net VDD: dangling Wire at (529.524, 305.964) (529.524, 305.964) on layer: M1
Net VDD: dangling Wire at (465.588, 305.964) (465.588, 305.964) on layer: M1
Net VDD: dangling Wire at (102.168, 305.964) (102.168, 305.964) on layer: M1
Net VDD: dangling Wire at (33.912, 305.964) (33.912, 305.964) on layer: M1
Net VDD: dangling Wire at (36.072, 305.964) (36.072, 305.964) on layer: M1
Net VDD: dangling Wire at (529.524, 306.504) (529.524, 306.504) on layer: M1
Net VDD: dangling Wire at (465.588, 306.504) (465.588, 306.504) on layer: M1
Net VDD: dangling Wire at (102.168, 306.504) (102.168, 306.504) on layer: M1
Net VDD: dangling Wire at (33.912, 306.504) (33.912, 306.504) on layer: M1
Net VDD: dangling Wire at (36.072, 306.504) (36.072, 306.504) on layer: M1
Net VDD: dangling Wire at (529.524, 307.044) (529.524, 307.044) on layer: M1
Net VDD: dangling Wire at (465.588, 307.044) (465.588, 307.044) on layer: M1
Net VDD: dangling Wire at (102.168, 307.044) (102.168, 307.044) on layer: M1
Net VDD: dangling Wire at (33.912, 307.044) (33.912, 307.044) on layer: M1
Net VDD: dangling Wire at (36.072, 307.044) (36.072, 307.044) on layer: M1
Net VDD: dangling Wire at (529.524, 307.584) (529.524, 307.584) on layer: M1
Net VDD: dangling Wire at (465.588, 307.584) (465.588, 307.584) on layer: M1
Net VDD: dangling Wire at (102.168, 307.584) (102.168, 307.584) on layer: M1
Net VDD: dangling Wire at (33.912, 307.584) (33.912, 307.584) on layer: M1
Net VDD: dangling Wire at (36.072, 307.584) (36.072, 307.584) on layer: M1
Net VDD: dangling Wire at (529.524, 308.124) (529.524, 308.124) on layer: M1
Net VDD: dangling Wire at (465.588, 308.124) (465.588, 308.124) on layer: M1
Net VDD: dangling Wire at (102.168, 308.124) (102.168, 308.124) on layer: M1
Net VDD: dangling Wire at (33.912, 308.124) (33.912, 308.124) on layer: M1
Net VDD: dangling Wire at (36.072, 308.124) (36.072, 308.124) on layer: M1
Net VDD: dangling Wire at (529.524, 308.664) (529.524, 308.664) on layer: M1
Net VDD: dangling Wire at (465.588, 308.664) (465.588, 308.664) on layer: M1
Net VDD: dangling Wire at (102.168, 308.664) (102.168, 308.664) on layer: M1
Net VDD: dangling Wire at (36.072, 308.664) (36.072, 308.664) on layer: M1
Net VDD: dangling Wire at (529.524, 309.204) (529.524, 309.204) on layer: M1
Net VDD: dangling Wire at (465.588, 309.204) (465.588, 309.204) on layer: M1
Net VDD: dangling Wire at (102.168, 309.204) (102.168, 309.204) on layer: M1
Net VDD: dangling Wire at (33.912, 309.204) (33.912, 309.204) on layer: M1
Net VDD: dangling Wire at (36.072, 309.204) (36.072, 309.204) on layer: M1
Net VDD: dangling Wire at (529.524, 309.744) (529.524, 309.744) on layer: M1
Net VDD: dangling Wire at (465.588, 309.744) (465.588, 309.744) on layer: M1
Net VDD: dangling Wire at (102.168, 309.744) (102.168, 309.744) on layer: M1
Net VDD: dangling Wire at (33.912, 309.744) (33.912, 309.744) on layer: M1
Net VDD: dangling Wire at (36.072, 309.744) (36.072, 309.744) on layer: M1
Net VDD: dangling Wire at (529.524, 310.284) (529.524, 310.284) on layer: M1
Net VDD: dangling Wire at (465.588, 310.284) (465.588, 310.284) on layer: M1
Net VDD: dangling Wire at (102.168, 310.284) (102.168, 310.284) on layer: M1
Net VDD: dangling Wire at (33.912, 310.284) (33.912, 310.284) on layer: M1
Net VDD: dangling Wire at (36.072, 310.284) (36.072, 310.284) on layer: M1
Net VDD: dangling Wire at (529.524, 310.824) (529.524, 310.824) on layer: M1
Net VDD: dangling Wire at (465.588, 310.824) (465.588, 310.824) on layer: M1
Net VDD: dangling Wire at (102.168, 310.824) (102.168, 310.824) on layer: M1
Net VDD: dangling Wire at (33.912, 310.824) (33.912, 310.824) on layer: M1
Net VDD: dangling Wire at (36.072, 310.824) (36.072, 310.824) on layer: M1
Net VDD: dangling Wire at (529.524, 311.364) (529.524, 311.364) on layer: M1
Net VDD: dangling Wire at (465.588, 311.364) (465.588, 311.364) on layer: M1
Net VDD: dangling Wire at (102.168, 311.364) (102.168, 311.364) on layer: M1
Net VDD: dangling Wire at (33.912, 311.364) (33.912, 311.364) on layer: M1
Net VDD: dangling Wire at (36.072, 311.364) (36.072, 311.364) on layer: M1
Net VDD: dangling Wire at (529.524, 311.904) (529.524, 311.904) on layer: M1
Net VDD: dangling Wire at (465.588, 311.904) (465.588, 311.904) on layer: M1
Net VDD: dangling Wire at (102.168, 311.904) (102.168, 311.904) on layer: M1
Net VDD: dangling Wire at (33.912, 311.904) (33.912, 311.904) on layer: M1
Net VDD: dangling Wire at (36.072, 311.904) (36.072, 311.904) on layer: M1
Net VDD: dangling Wire at (529.524, 312.444) (529.524, 312.444) on layer: M1
Net VDD: dangling Wire at (465.588, 312.444) (465.588, 312.444) on layer: M1
Net VDD: dangling Wire at (102.168, 312.444) (102.168, 312.444) on layer: M1
Net VDD: dangling Wire at (33.912, 312.444) (33.912, 312.444) on layer: M1
Net VDD: dangling Wire at (36.072, 312.444) (36.072, 312.444) on layer: M1
Net VDD: dangling Wire at (529.524, 312.984) (529.524, 312.984) on layer: M1
Net VDD: dangling Wire at (465.588, 312.984) (465.588, 312.984) on layer: M1
Net VDD: dangling Wire at (102.168, 312.984) (102.168, 312.984) on layer: M1
Net VDD: dangling Wire at (33.912, 312.984) (33.912, 312.984) on layer: M1
Net VDD: dangling Wire at (36.072, 312.984) (36.072, 312.984) on layer: M1
Net VDD: dangling Wire at (529.524, 313.524) (529.524, 313.524) on layer: M1
Net VDD: dangling Wire at (465.588, 313.524) (465.588, 313.524) on layer: M1
Net VDD: dangling Wire at (102.168, 313.524) (102.168, 313.524) on layer: M1
Net VDD: dangling Wire at (33.912, 313.524) (33.912, 313.524) on layer: M1
Net VDD: dangling Wire at (36.072, 313.524) (36.072, 313.524) on layer: M1
Net VDD: dangling Wire at (529.524, 314.064) (529.524, 314.064) on layer: M1
Net VDD: dangling Wire at (465.588, 314.064) (465.588, 314.064) on layer: M1
Net VDD: dangling Wire at (102.168, 314.064) (102.168, 314.064) on layer: M1
Net VDD: dangling Wire at (33.912, 314.064) (33.912, 314.064) on layer: M1
Net VDD: dangling Wire at (36.072, 314.064) (36.072, 314.064) on layer: M1
Net VDD: dangling Wire at (529.524, 314.604) (529.524, 314.604) on layer: M1
Net VDD: dangling Wire at (465.588, 314.604) (465.588, 314.604) on layer: M1
Net VDD: dangling Wire at (102.168, 314.604) (102.168, 314.604) on layer: M1
Net VDD: dangling Wire at (33.912, 314.604) (33.912, 314.604) on layer: M1
Net VDD: dangling Wire at (36.072, 314.604) (36.072, 314.604) on layer: M1
Net VDD: dangling Wire at (529.524, 315.144) (529.524, 315.144) on layer: M1
Net VDD: dangling Wire at (465.588, 315.144) (465.588, 315.144) on layer: M1
Net VDD: dangling Wire at (102.168, 315.144) (102.168, 315.144) on layer: M1
Net VDD: dangling Wire at (33.912, 315.144) (33.912, 315.144) on layer: M1
Net VDD: dangling Wire at (36.072, 315.144) (36.072, 315.144) on layer: M1
Net VDD: dangling Wire at (529.524, 315.684) (529.524, 315.684) on layer: M1
Net VDD: dangling Wire at (465.588, 315.684) (465.588, 315.684) on layer: M1
Net VDD: dangling Wire at (102.168, 315.684) (102.168, 315.684) on layer: M1
Net VDD: dangling Wire at (33.912, 315.684) (33.912, 315.684) on layer: M1
Net VDD: dangling Wire at (36.072, 315.684) (36.072, 315.684) on layer: M1
Net VDD: dangling Wire at (529.524, 316.224) (529.524, 316.224) on layer: M1
Net VDD: dangling Wire at (465.588, 316.224) (465.588, 316.224) on layer: M1
Net VDD: dangling Wire at (102.168, 316.224) (102.168, 316.224) on layer: M1
Net VDD: dangling Wire at (33.912, 316.224) (33.912, 316.224) on layer: M1
Net VDD: dangling Wire at (36.072, 316.224) (36.072, 316.224) on layer: M1
Net VDD: dangling Wire at (529.524, 316.764) (529.524, 316.764) on layer: M1
Net VDD: dangling Wire at (465.588, 316.764) (465.588, 316.764) on layer: M1
Net VDD: dangling Wire at (102.168, 316.764) (102.168, 316.764) on layer: M1
Net VDD: dangling Wire at (33.912, 316.764) (33.912, 316.764) on layer: M1
Net VDD: dangling Wire at (36.072, 316.764) (36.072, 316.764) on layer: M1
Net VDD: dangling Wire at (529.524, 317.304) (529.524, 317.304) on layer: M1
Net VDD: dangling Wire at (465.588, 317.304) (465.588, 317.304) on layer: M1
Net VDD: dangling Wire at (102.168, 317.304) (102.168, 317.304) on layer: M1
Net VDD: dangling Wire at (33.912, 317.304) (33.912, 317.304) on layer: M1
Net VDD: dangling Wire at (36.072, 317.304) (36.072, 317.304) on layer: M1
Net VDD: dangling Wire at (529.524, 317.844) (529.524, 317.844) on layer: M1
Net VDD: dangling Wire at (465.588, 317.844) (465.588, 317.844) on layer: M1
Net VDD: dangling Wire at (102.168, 317.844) (102.168, 317.844) on layer: M1
Net VDD: dangling Wire at (33.912, 317.844) (33.912, 317.844) on layer: M1
Net VDD: dangling Wire at (36.072, 317.844) (36.072, 317.844) on layer: M1
Net VDD: dangling Wire at (529.524, 318.384) (529.524, 318.384) on layer: M1
Net VDD: dangling Wire at (465.588, 318.384) (465.588, 318.384) on layer: M1
Net VDD: dangling Wire at (102.168, 318.384) (102.168, 318.384) on layer: M1
Net VDD: dangling Wire at (33.912, 318.384) (33.912, 318.384) on layer: M1
Net VDD: dangling Wire at (36.072, 318.384) (36.072, 318.384) on layer: M1
Net VDD: dangling Wire at (529.524, 318.924) (529.524, 318.924) on layer: M1
Net VDD: dangling Wire at (102.168, 318.924) (102.168, 318.924) on layer: M1
Net VDD: dangling Wire at (33.912, 318.924) (33.912, 318.924) on layer: M1
Net VDD: dangling Wire at (36.072, 318.924) (36.072, 318.924) on layer: M1
Net VDD: dangling Wire at (529.524, 319.464) (529.524, 319.464) on layer: M1
Net VDD: dangling Wire at (465.588, 319.464) (465.588, 319.464) on layer: M1
Net VDD: dangling Wire at (102.168, 319.464) (102.168, 319.464) on layer: M1
Net VDD: dangling Wire at (33.912, 319.464) (33.912, 319.464) on layer: M1
Net VDD: dangling Wire at (36.072, 319.464) (36.072, 319.464) on layer: M1
Net VDD: dangling Wire at (529.524, 320.004) (529.524, 320.004) on layer: M1
Net VDD: dangling Wire at (465.588, 320.004) (465.588, 320.004) on layer: M1
Net VDD: dangling Wire at (102.168, 320.004) (102.168, 320.004) on layer: M1
Net VDD: dangling Wire at (33.912, 320.004) (33.912, 320.004) on layer: M1
Net VDD: dangling Wire at (36.072, 320.004) (36.072, 320.004) on layer: M1
Net VDD: dangling Wire at (529.524, 320.544) (529.524, 320.544) on layer: M1
Net VDD: dangling Wire at (465.588, 320.544) (465.588, 320.544) on layer: M1
Net VDD: dangling Wire at (102.168, 320.544) (102.168, 320.544) on layer: M1
Net VDD: dangling Wire at (36.072, 320.544) (36.072, 320.544) on layer: M1
Net VDD: dangling Wire at (529.524, 321.084) (529.524, 321.084) on layer: M1
Net VDD: dangling Wire at (465.588, 321.084) (465.588, 321.084) on layer: M1
Net VDD: dangling Wire at (102.168, 321.084) (102.168, 321.084) on layer: M1
Net VDD: dangling Wire at (33.912, 321.084) (33.912, 321.084) on layer: M1
Net VDD: dangling Wire at (36.072, 321.084) (36.072, 321.084) on layer: M1
Net VDD: dangling Wire at (529.524, 321.624) (529.524, 321.624) on layer: M1
Net VDD: dangling Wire at (465.588, 321.624) (465.588, 321.624) on layer: M1
Net VDD: dangling Wire at (102.168, 321.624) (102.168, 321.624) on layer: M1
Net VDD: dangling Wire at (36.072, 321.624) (36.072, 321.624) on layer: M1
Net VDD: dangling Wire at (529.524, 322.164) (529.524, 322.164) on layer: M1
Net VDD: dangling Wire at (465.588, 322.164) (465.588, 322.164) on layer: M1
Net VDD: dangling Wire at (102.168, 322.164) (102.168, 322.164) on layer: M1
Net VDD: dangling Wire at (33.912, 322.164) (33.912, 322.164) on layer: M1
Net VDD: dangling Wire at (36.072, 322.164) (36.072, 322.164) on layer: M1
Net VDD: dangling Wire at (529.524, 322.704) (529.524, 322.704) on layer: M1
Net VDD: dangling Wire at (465.588, 322.704) (465.588, 322.704) on layer: M1
Net VDD: dangling Wire at (102.168, 322.704) (102.168, 322.704) on layer: M1
Net VDD: dangling Wire at (36.072, 322.704) (36.072, 322.704) on layer: M1
Net VDD: dangling Wire at (529.524, 323.244) (529.524, 323.244) on layer: M1
Net VDD: dangling Wire at (465.588, 323.244) (465.588, 323.244) on layer: M1
Net VDD: dangling Wire at (102.168, 323.244) (102.168, 323.244) on layer: M1
Net VDD: dangling Wire at (33.912, 323.244) (33.912, 323.244) on layer: M1
Net VDD: dangling Wire at (36.072, 323.244) (36.072, 323.244) on layer: M1
Net VDD: dangling Wire at (529.524, 323.784) (529.524, 323.784) on layer: M1
Net VDD: dangling Wire at (465.588, 323.784) (465.588, 323.784) on layer: M1
Net VDD: dangling Wire at (102.168, 323.784) (102.168, 323.784) on layer: M1
Net VDD: dangling Wire at (36.072, 323.784) (36.072, 323.784) on layer: M1
Net VDD: dangling Wire at (529.524, 324.324) (529.524, 324.324) on layer: M1
Net VDD: dangling Wire at (465.588, 324.324) (465.588, 324.324) on layer: M1
Net VDD: dangling Wire at (102.168, 324.324) (102.168, 324.324) on layer: M1
Net VDD: dangling Wire at (33.912, 324.324) (33.912, 324.324) on layer: M1
Net VDD: dangling Wire at (36.072, 324.324) (36.072, 324.324) on layer: M1
Net VDD: dangling Wire at (529.524, 324.864) (529.524, 324.864) on layer: M1
Net VDD: dangling Wire at (465.588, 324.864) (465.588, 324.864) on layer: M1
Net VDD: dangling Wire at (102.168, 324.864) (102.168, 324.864) on layer: M1
Net VDD: dangling Wire at (33.912, 324.864) (33.912, 324.864) on layer: M1
Net VDD: dangling Wire at (36.072, 324.864) (36.072, 324.864) on layer: M1
Net VDD: dangling Wire at (529.524, 325.404) (529.524, 325.404) on layer: M1
Net VDD: dangling Wire at (465.588, 325.404) (465.588, 325.404) on layer: M1
Net VDD: dangling Wire at (102.168, 325.404) (102.168, 325.404) on layer: M1
Net VDD: dangling Wire at (33.912, 325.404) (33.912, 325.404) on layer: M1
Net VDD: dangling Wire at (36.072, 325.404) (36.072, 325.404) on layer: M1
Net VDD: dangling Wire at (529.524, 325.944) (529.524, 325.944) on layer: M1
Net VDD: dangling Wire at (465.588, 325.944) (465.588, 325.944) on layer: M1
Net VDD: dangling Wire at (102.168, 325.944) (102.168, 325.944) on layer: M1
Net VDD: dangling Wire at (33.912, 325.944) (33.912, 325.944) on layer: M1
Net VDD: dangling Wire at (36.072, 325.944) (36.072, 325.944) on layer: M1
Net VDD: dangling Wire at (529.524, 326.484) (529.524, 326.484) on layer: M1
Net VDD: dangling Wire at (465.588, 326.484) (465.588, 326.484) on layer: M1
Net VDD: dangling Wire at (102.168, 326.484) (102.168, 326.484) on layer: M1
Net VDD: dangling Wire at (33.912, 326.484) (33.912, 326.484) on layer: M1
Net VDD: dangling Wire at (36.072, 326.484) (36.072, 326.484) on layer: M1
Net VDD: dangling Wire at (529.524, 327.024) (529.524, 327.024) on layer: M1
Net VDD: dangling Wire at (465.588, 327.024) (465.588, 327.024) on layer: M1
Net VDD: dangling Wire at (102.168, 327.024) (102.168, 327.024) on layer: M1
Net VDD: dangling Wire at (33.912, 327.024) (33.912, 327.024) on layer: M1
Net VDD: dangling Wire at (36.072, 327.024) (36.072, 327.024) on layer: M1
Net VDD: dangling Wire at (529.524, 327.564) (529.524, 327.564) on layer: M1
Net VDD: dangling Wire at (465.588, 327.564) (465.588, 327.564) on layer: M1
Net VDD: dangling Wire at (102.168, 327.564) (102.168, 327.564) on layer: M1
Net VDD: dangling Wire at (33.912, 327.564) (33.912, 327.564) on layer: M1
Net VDD: dangling Wire at (36.072, 327.564) (36.072, 327.564) on layer: M1
Net VDD: dangling Wire at (529.524, 328.104) (529.524, 328.104) on layer: M1
Net VDD: dangling Wire at (465.588, 328.104) (465.588, 328.104) on layer: M1
Net VDD: dangling Wire at (102.168, 328.104) (102.168, 328.104) on layer: M1
Net VDD: dangling Wire at (33.912, 328.104) (33.912, 328.104) on layer: M1
Net VDD: dangling Wire at (36.072, 328.104) (36.072, 328.104) on layer: M1
Net VDD: dangling Wire at (529.524, 328.644) (529.524, 328.644) on layer: M1
Net VDD: dangling Wire at (465.588, 328.644) (465.588, 328.644) on layer: M1
Net VDD: dangling Wire at (102.168, 328.644) (102.168, 328.644) on layer: M1
Net VDD: dangling Wire at (33.912, 328.644) (33.912, 328.644) on layer: M1
Net VDD: dangling Wire at (529.524, 329.184) (529.524, 329.184) on layer: M1
Net VDD: dangling Wire at (465.588, 329.184) (465.588, 329.184) on layer: M1
Net VDD: dangling Wire at (102.168, 329.184) (102.168, 329.184) on layer: M1
Net VDD: dangling Wire at (33.912, 329.184) (33.912, 329.184) on layer: M1
Net VDD: dangling Wire at (36.072, 329.184) (36.072, 329.184) on layer: M1
Net VDD: dangling Wire at (529.524, 329.724) (529.524, 329.724) on layer: M1
Net VDD: dangling Wire at (465.588, 329.724) (465.588, 329.724) on layer: M1
Net VDD: dangling Wire at (102.168, 329.724) (102.168, 329.724) on layer: M1
Net VDD: dangling Wire at (33.912, 329.724) (33.912, 329.724) on layer: M1
Net VDD: dangling Wire at (36.072, 329.724) (36.072, 329.724) on layer: M1
Net VDD: dangling Wire at (529.524, 330.264) (529.524, 330.264) on layer: M1
Net VDD: dangling Wire at (102.168, 330.264) (102.168, 330.264) on layer: M1
Net VDD: dangling Wire at (33.912, 330.264) (33.912, 330.264) on layer: M1
Net VDD: dangling Wire at (36.072, 330.264) (36.072, 330.264) on layer: M1
Net VDD: dangling Wire at (529.524, 330.804) (529.524, 330.804) on layer: M1
Net VDD: dangling Wire at (465.588, 330.804) (465.588, 330.804) on layer: M1
Net VDD: dangling Wire at (102.168, 330.804) (102.168, 330.804) on layer: M1
Net VDD: dangling Wire at (33.912, 330.804) (33.912, 330.804) on layer: M1
Net VDD: dangling Wire at (36.072, 330.804) (36.072, 330.804) on layer: M1
Net VDD: dangling Wire at (465.588, 331.344) (465.588, 331.344) on layer: M1
Net VDD: dangling Wire at (102.168, 331.344) (102.168, 331.344) on layer: M1
Net VDD: dangling Wire at (36.072, 331.344) (36.072, 331.344) on layer: M1
Net VDD: dangling Wire at (529.524, 331.884) (529.524, 331.884) on layer: M1
Net VDD: dangling Wire at (465.588, 331.884) (465.588, 331.884) on layer: M1
Net VDD: dangling Wire at (102.168, 331.884) (102.168, 331.884) on layer: M1
Net VDD: dangling Wire at (33.912, 331.884) (33.912, 331.884) on layer: M1
Net VDD: dangling Wire at (36.072, 331.884) (36.072, 331.884) on layer: M1
Net VDD: dangling Wire at (529.524, 332.424) (529.524, 332.424) on layer: M1
Net VDD: dangling Wire at (465.588, 332.424) (465.588, 332.424) on layer: M1
Net VDD: dangling Wire at (102.168, 332.424) (102.168, 332.424) on layer: M1
Net VDD: dangling Wire at (33.912, 332.424) (33.912, 332.424) on layer: M1
Net VDD: dangling Wire at (36.072, 332.424) (36.072, 332.424) on layer: M1
Net VDD: dangling Wire at (529.524, 332.964) (529.524, 332.964) on layer: M1
Net VDD: dangling Wire at (465.588, 332.964) (465.588, 332.964) on layer: M1
Net VDD: dangling Wire at (102.168, 332.964) (102.168, 332.964) on layer: M1
Net VDD: dangling Wire at (33.912, 332.964) (33.912, 332.964) on layer: M1
Net VDD: dangling Wire at (36.072, 332.964) (36.072, 332.964) on layer: M1
Net VDD: dangling Wire at (529.524, 333.504) (529.524, 333.504) on layer: M1
Net VDD: dangling Wire at (465.588, 333.504) (465.588, 333.504) on layer: M1
Net VDD: dangling Wire at (102.168, 333.504) (102.168, 333.504) on layer: M1
Net VDD: dangling Wire at (33.912, 333.504) (33.912, 333.504) on layer: M1
Net VDD: dangling Wire at (36.072, 333.504) (36.072, 333.504) on layer: M1
Net VDD: dangling Wire at (529.524, 334.044) (529.524, 334.044) on layer: M1
Net VDD: dangling Wire at (465.588, 334.044) (465.588, 334.044) on layer: M1
Net VDD: dangling Wire at (102.168, 334.044) (102.168, 334.044) on layer: M1
Net VDD: dangling Wire at (33.912, 334.044) (33.912, 334.044) on layer: M1
Net VDD: dangling Wire at (36.072, 334.044) (36.072, 334.044) on layer: M1
Net VDD: dangling Wire at (529.524, 334.584) (529.524, 334.584) on layer: M1
Net VDD: dangling Wire at (465.588, 334.584) (465.588, 334.584) on layer: M1
Net VDD: dangling Wire at (102.168, 334.584) (102.168, 334.584) on layer: M1
Net VDD: dangling Wire at (33.912, 334.584) (33.912, 334.584) on layer: M1
Net VDD: dangling Wire at (36.072, 334.584) (36.072, 334.584) on layer: M1
Net VDD: dangling Wire at (529.524, 335.124) (529.524, 335.124) on layer: M1
Net VDD: dangling Wire at (465.588, 335.124) (465.588, 335.124) on layer: M1
Net VDD: dangling Wire at (102.168, 335.124) (102.168, 335.124) on layer: M1
Net VDD: dangling Wire at (33.912, 335.124) (33.912, 335.124) on layer: M1
Net VDD: dangling Wire at (36.072, 335.124) (36.072, 335.124) on layer: M1
Net VDD: dangling Wire at (529.524, 335.664) (529.524, 335.664) on layer: M1
Net VDD: dangling Wire at (465.588, 335.664) (465.588, 335.664) on layer: M1
Net VDD: dangling Wire at (102.168, 335.664) (102.168, 335.664) on layer: M1
Net VDD: dangling Wire at (33.912, 335.664) (33.912, 335.664) on layer: M1
Net VDD: dangling Wire at (36.072, 335.664) (36.072, 335.664) on layer: M1
Net VDD: dangling Wire at (529.524, 336.204) (529.524, 336.204) on layer: M1
Net VDD: dangling Wire at (465.588, 336.204) (465.588, 336.204) on layer: M1
Net VDD: dangling Wire at (102.168, 336.204) (102.168, 336.204) on layer: M1
Net VDD: dangling Wire at (33.912, 336.204) (33.912, 336.204) on layer: M1
Net VDD: dangling Wire at (36.072, 336.204) (36.072, 336.204) on layer: M1
Net VDD: dangling Wire at (529.524, 336.744) (529.524, 336.744) on layer: M1
Net VDD: dangling Wire at (465.588, 336.744) (465.588, 336.744) on layer: M1
Net VDD: dangling Wire at (102.168, 336.744) (102.168, 336.744) on layer: M1
Net VDD: dangling Wire at (33.912, 336.744) (33.912, 336.744) on layer: M1
Net VDD: dangling Wire at (36.072, 336.744) (36.072, 336.744) on layer: M1
Net VDD: dangling Wire at (529.524, 337.284) (529.524, 337.284) on layer: M1
Net VDD: dangling Wire at (465.588, 337.284) (465.588, 337.284) on layer: M1
Net VDD: dangling Wire at (102.168, 337.284) (102.168, 337.284) on layer: M1
Net VDD: dangling Wire at (33.912, 337.284) (33.912, 337.284) on layer: M1
Net VDD: dangling Wire at (36.072, 337.284) (36.072, 337.284) on layer: M1
Net VDD: dangling Wire at (529.524, 337.824) (529.524, 337.824) on layer: M1
Net VDD: dangling Wire at (465.588, 337.824) (465.588, 337.824) on layer: M1
Net VDD: dangling Wire at (102.168, 337.824) (102.168, 337.824) on layer: M1
Net VDD: dangling Wire at (33.912, 337.824) (33.912, 337.824) on layer: M1
Net VDD: dangling Wire at (36.072, 337.824) (36.072, 337.824) on layer: M1
Net VDD: dangling Wire at (529.524, 338.364) (529.524, 338.364) on layer: M1
Net VDD: dangling Wire at (465.588, 338.364) (465.588, 338.364) on layer: M1
Net VDD: dangling Wire at (102.168, 338.364) (102.168, 338.364) on layer: M1
Net VDD: dangling Wire at (33.912, 338.364) (33.912, 338.364) on layer: M1
Net VDD: dangling Wire at (36.072, 338.364) (36.072, 338.364) on layer: M1
Net VDD: dangling Wire at (529.524, 338.904) (529.524, 338.904) on layer: M1
Net VDD: dangling Wire at (465.588, 338.904) (465.588, 338.904) on layer: M1
Net VDD: dangling Wire at (102.168, 338.904) (102.168, 338.904) on layer: M1
Net VDD: dangling Wire at (33.912, 338.904) (33.912, 338.904) on layer: M1
Net VDD: dangling Wire at (36.072, 338.904) (36.072, 338.904) on layer: M1
Net VDD: dangling Wire at (529.524, 339.444) (529.524, 339.444) on layer: M1
Net VDD: dangling Wire at (465.588, 339.444) (465.588, 339.444) on layer: M1
Net VDD: dangling Wire at (102.168, 339.444) (102.168, 339.444) on layer: M1
Net VDD: dangling Wire at (33.912, 339.444) (33.912, 339.444) on layer: M1
Net VDD: dangling Wire at (36.072, 339.444) (36.072, 339.444) on layer: M1
Net VDD: dangling Wire at (529.524, 339.984) (529.524, 339.984) on layer: M1
Net VDD: dangling Wire at (465.588, 339.984) (465.588, 339.984) on layer: M1
Net VDD: dangling Wire at (102.168, 339.984) (102.168, 339.984) on layer: M1
Net VDD: dangling Wire at (33.912, 339.984) (33.912, 339.984) on layer: M1
Net VDD: dangling Wire at (36.072, 339.984) (36.072, 339.984) on layer: M1
Net VDD: dangling Wire at (529.524, 340.524) (529.524, 340.524) on layer: M1
Net VDD: dangling Wire at (465.588, 340.524) (465.588, 340.524) on layer: M1
Net VDD: dangling Wire at (102.168, 340.524) (102.168, 340.524) on layer: M1
Net VDD: dangling Wire at (33.912, 340.524) (33.912, 340.524) on layer: M1
Net VDD: dangling Wire at (36.072, 340.524) (36.072, 340.524) on layer: M1
Net VDD: dangling Wire at (529.524, 341.064) (529.524, 341.064) on layer: M1
Net VDD: dangling Wire at (465.588, 341.064) (465.588, 341.064) on layer: M1
Net VDD: dangling Wire at (102.168, 341.064) (102.168, 341.064) on layer: M1
Net VDD: dangling Wire at (33.912, 341.064) (33.912, 341.064) on layer: M1
Net VDD: dangling Wire at (36.072, 341.064) (36.072, 341.064) on layer: M1
Net VDD: dangling Wire at (529.524, 341.604) (529.524, 341.604) on layer: M1
Net VDD: dangling Wire at (465.588, 341.604) (465.588, 341.604) on layer: M1
Net VDD: dangling Wire at (102.168, 341.604) (102.168, 341.604) on layer: M1
Net VDD: dangling Wire at (33.912, 341.604) (33.912, 341.604) on layer: M1
Net VDD: dangling Wire at (36.072, 341.604) (36.072, 341.604) on layer: M1
Net VDD: dangling Wire at (529.524, 342.144) (529.524, 342.144) on layer: M1
Net VDD: dangling Wire at (465.588, 342.144) (465.588, 342.144) on layer: M1
Net VDD: dangling Wire at (102.168, 342.144) (102.168, 342.144) on layer: M1
Net VDD: dangling Wire at (33.912, 342.144) (33.912, 342.144) on layer: M1
Net VDD: dangling Wire at (36.072, 342.144) (36.072, 342.144) on layer: M1
Net VDD: dangling Wire at (529.524, 342.684) (529.524, 342.684) on layer: M1
Net VDD: dangling Wire at (465.588, 342.684) (465.588, 342.684) on layer: M1
Net VDD: dangling Wire at (102.168, 342.684) (102.168, 342.684) on layer: M1
Net VDD: dangling Wire at (33.912, 342.684) (33.912, 342.684) on layer: M1
Net VDD: dangling Wire at (36.072, 342.684) (36.072, 342.684) on layer: M1
Net VDD: dangling Wire at (529.524, 343.224) (529.524, 343.224) on layer: M1
Net VDD: dangling Wire at (465.588, 343.224) (465.588, 343.224) on layer: M1
Net VDD: dangling Wire at (102.168, 343.224) (102.168, 343.224) on layer: M1
Net VDD: dangling Wire at (33.912, 343.224) (33.912, 343.224) on layer: M1
Net VDD: dangling Wire at (36.072, 343.224) (36.072, 343.224) on layer: M1
Net VDD: dangling Wire at (529.524, 343.764) (529.524, 343.764) on layer: M1
Net VDD: dangling Wire at (465.588, 343.764) (465.588, 343.764) on layer: M1
Net VDD: dangling Wire at (102.168, 343.764) (102.168, 343.764) on layer: M1
Net VDD: dangling Wire at (33.912, 343.764) (33.912, 343.764) on layer: M1
Net VDD: dangling Wire at (36.072, 343.764) (36.072, 343.764) on layer: M1
Net VDD: dangling Wire at (529.524, 344.304) (529.524, 344.304) on layer: M1
Net VDD: dangling Wire at (465.588, 344.304) (465.588, 344.304) on layer: M1
Net VDD: dangling Wire at (102.168, 344.304) (102.168, 344.304) on layer: M1
Net VDD: dangling Wire at (33.912, 344.304) (33.912, 344.304) on layer: M1
Net VDD: dangling Wire at (36.072, 344.304) (36.072, 344.304) on layer: M1
Net VDD: dangling Wire at (529.524, 344.844) (529.524, 344.844) on layer: M1
Net VDD: dangling Wire at (465.588, 344.844) (465.588, 344.844) on layer: M1
Net VDD: dangling Wire at (102.168, 344.844) (102.168, 344.844) on layer: M1
Net VDD: dangling Wire at (33.912, 344.844) (33.912, 344.844) on layer: M1
Net VDD: dangling Wire at (36.072, 344.844) (36.072, 344.844) on layer: M1
Net VDD: dangling Wire at (529.524, 345.384) (529.524, 345.384) on layer: M1
Net VDD: dangling Wire at (465.588, 345.384) (465.588, 345.384) on layer: M1
Net VDD: dangling Wire at (102.168, 345.384) (102.168, 345.384) on layer: M1
Net VDD: dangling Wire at (33.912, 345.384) (33.912, 345.384) on layer: M1
Net VDD: dangling Wire at (36.072, 345.384) (36.072, 345.384) on layer: M1
Net VDD: dangling Wire at (529.524, 345.924) (529.524, 345.924) on layer: M1
Net VDD: dangling Wire at (465.588, 345.924) (465.588, 345.924) on layer: M1
Net VDD: dangling Wire at (102.168, 345.924) (102.168, 345.924) on layer: M1
Net VDD: dangling Wire at (33.912, 345.924) (33.912, 345.924) on layer: M1
Net VDD: dangling Wire at (36.072, 345.924) (36.072, 345.924) on layer: M1
Net VDD: dangling Wire at (529.524, 346.464) (529.524, 346.464) on layer: M1
Net VDD: dangling Wire at (465.588, 346.464) (465.588, 346.464) on layer: M1
Net VDD: dangling Wire at (102.168, 346.464) (102.168, 346.464) on layer: M1
Net VDD: dangling Wire at (33.912, 346.464) (33.912, 346.464) on layer: M1
Net VDD: dangling Wire at (36.072, 346.464) (36.072, 346.464) on layer: M1
Net VDD: dangling Wire at (529.524, 347.004) (529.524, 347.004) on layer: M1
Net VDD: dangling Wire at (465.588, 347.004) (465.588, 347.004) on layer: M1
Net VDD: dangling Wire at (102.168, 347.004) (102.168, 347.004) on layer: M1
Net VDD: dangling Wire at (33.912, 347.004) (33.912, 347.004) on layer: M1
Net VDD: dangling Wire at (36.072, 347.004) (36.072, 347.004) on layer: M1
Net VDD: dangling Wire at (529.524, 347.544) (529.524, 347.544) on layer: M1
Net VDD: dangling Wire at (465.588, 347.544) (465.588, 347.544) on layer: M1
Net VDD: dangling Wire at (102.168, 347.544) (102.168, 347.544) on layer: M1
Net VDD: dangling Wire at (33.912, 347.544) (33.912, 347.544) on layer: M1
Net VDD: dangling Wire at (36.072, 347.544) (36.072, 347.544) on layer: M1
Net VDD: dangling Wire at (529.524, 348.084) (529.524, 348.084) on layer: M1
Net VDD: dangling Wire at (465.588, 348.084) (465.588, 348.084) on layer: M1
Net VDD: dangling Wire at (102.168, 348.084) (102.168, 348.084) on layer: M1
Net VDD: dangling Wire at (33.912, 348.084) (33.912, 348.084) on layer: M1
Net VDD: dangling Wire at (36.072, 348.084) (36.072, 348.084) on layer: M1
Net VDD: dangling Wire at (529.524, 348.624) (529.524, 348.624) on layer: M1
Net VDD: dangling Wire at (465.588, 348.624) (465.588, 348.624) on layer: M1
Net VDD: dangling Wire at (102.168, 348.624) (102.168, 348.624) on layer: M1
Net VDD: dangling Wire at (33.912, 348.624) (33.912, 348.624) on layer: M1
Net VDD: dangling Wire at (36.072, 348.624) (36.072, 348.624) on layer: M1
Net VDD: dangling Wire at (529.524, 349.164) (529.524, 349.164) on layer: M1
Net VDD: dangling Wire at (465.588, 349.164) (465.588, 349.164) on layer: M1
Net VDD: dangling Wire at (102.168, 349.164) (102.168, 349.164) on layer: M1
Net VDD: dangling Wire at (33.912, 349.164) (33.912, 349.164) on layer: M1
Net VDD: dangling Wire at (36.072, 349.164) (36.072, 349.164) on layer: M1
Net VDD: dangling Wire at (529.524, 349.704) (529.524, 349.704) on layer: M1
Net VDD: dangling Wire at (465.588, 349.704) (465.588, 349.704) on layer: M1
Net VDD: dangling Wire at (102.168, 349.704) (102.168, 349.704) on layer: M1
Net VDD: dangling Wire at (33.912, 349.704) (33.912, 349.704) on layer: M1
Net VDD: dangling Wire at (36.072, 349.704) (36.072, 349.704) on layer: M1
Net VDD: dangling Wire at (529.524, 350.244) (529.524, 350.244) on layer: M1
Net VDD: dangling Wire at (465.588, 350.244) (465.588, 350.244) on layer: M1
Net VDD: dangling Wire at (102.168, 350.244) (102.168, 350.244) on layer: M1
Net VDD: dangling Wire at (33.912, 350.244) (33.912, 350.244) on layer: M1
Net VDD: dangling Wire at (36.072, 350.244) (36.072, 350.244) on layer: M1
Net VDD: dangling Wire at (529.524, 350.784) (529.524, 350.784) on layer: M1
Net VDD: dangling Wire at (465.588, 350.784) (465.588, 350.784) on layer: M1
Net VDD: dangling Wire at (102.168, 350.784) (102.168, 350.784) on layer: M1
Net VDD: dangling Wire at (33.912, 350.784) (33.912, 350.784) on layer: M1
Net VDD: dangling Wire at (36.072, 350.784) (36.072, 350.784) on layer: M1
Net VDD: dangling Wire at (529.524, 351.324) (529.524, 351.324) on layer: M1
Net VDD: dangling Wire at (465.588, 351.324) (465.588, 351.324) on layer: M1
Net VDD: dangling Wire at (102.168, 351.324) (102.168, 351.324) on layer: M1
Net VDD: dangling Wire at (33.912, 351.324) (33.912, 351.324) on layer: M1
Net VDD: dangling Wire at (36.072, 351.324) (36.072, 351.324) on layer: M1
Net VDD: dangling Wire at (529.524, 351.864) (529.524, 351.864) on layer: M1
Net VDD: dangling Wire at (465.588, 351.864) (465.588, 351.864) on layer: M1
Net VDD: dangling Wire at (102.168, 351.864) (102.168, 351.864) on layer: M1
Net VDD: dangling Wire at (33.912, 351.864) (33.912, 351.864) on layer: M1
Net VDD: dangling Wire at (36.072, 351.864) (36.072, 351.864) on layer: M1
Net VDD: dangling Wire at (529.524, 352.404) (529.524, 352.404) on layer: M1
Net VDD: dangling Wire at (465.588, 352.404) (465.588, 352.404) on layer: M1
Net VDD: dangling Wire at (102.168, 352.404) (102.168, 352.404) on layer: M1
Net VDD: dangling Wire at (33.912, 352.404) (33.912, 352.404) on layer: M1
Net VDD: dangling Wire at (36.072, 352.404) (36.072, 352.404) on layer: M1
Net VDD: dangling Wire at (529.524, 352.944) (529.524, 352.944) on layer: M1
Net VDD: dangling Wire at (465.588, 352.944) (465.588, 352.944) on layer: M1
Net VDD: dangling Wire at (102.168, 352.944) (102.168, 352.944) on layer: M1
Net VDD: dangling Wire at (33.912, 352.944) (33.912, 352.944) on layer: M1
Net VDD: dangling Wire at (36.072, 352.944) (36.072, 352.944) on layer: M1
Net VDD: dangling Wire at (529.524, 353.484) (529.524, 353.484) on layer: M1
Net VDD: dangling Wire at (465.588, 353.484) (465.588, 353.484) on layer: M1
Net VDD: dangling Wire at (102.168, 353.484) (102.168, 353.484) on layer: M1
Net VDD: dangling Wire at (33.912, 353.484) (33.912, 353.484) on layer: M1
Net VDD: dangling Wire at (36.072, 353.484) (36.072, 353.484) on layer: M1
Net VDD: dangling Wire at (529.524, 354.024) (529.524, 354.024) on layer: M1
Net VDD: dangling Wire at (465.588, 354.024) (465.588, 354.024) on layer: M1
Net VDD: dangling Wire at (102.168, 354.024) (102.168, 354.024) on layer: M1
Net VDD: dangling Wire at (33.912, 354.024) (33.912, 354.024) on layer: M1
Net VDD: dangling Wire at (36.072, 354.024) (36.072, 354.024) on layer: M1
Net VDD: dangling Wire at (529.524, 354.564) (529.524, 354.564) on layer: M1
Net VDD: dangling Wire at (465.588, 354.564) (465.588, 354.564) on layer: M1
Net VDD: dangling Wire at (102.168, 354.564) (102.168, 354.564) on layer: M1
Net VDD: dangling Wire at (33.912, 354.564) (33.912, 354.564) on layer: M1
Net VDD: dangling Wire at (36.072, 354.564) (36.072, 354.564) on layer: M1
Net VDD: dangling Wire at (529.524, 355.104) (529.524, 355.104) on layer: M1
Net VDD: dangling Wire at (465.588, 355.104) (465.588, 355.104) on layer: M1
Net VDD: dangling Wire at (102.168, 355.104) (102.168, 355.104) on layer: M1
Net VDD: dangling Wire at (33.912, 355.104) (33.912, 355.104) on layer: M1
Net VDD: dangling Wire at (36.072, 355.104) (36.072, 355.104) on layer: M1
Net VDD: dangling Wire at (529.524, 355.644) (529.524, 355.644) on layer: M1
Net VDD: dangling Wire at (465.588, 355.644) (465.588, 355.644) on layer: M1
Net VDD: dangling Wire at (102.168, 355.644) (102.168, 355.644) on layer: M1
Net VDD: dangling Wire at (33.912, 355.644) (33.912, 355.644) on layer: M1
Net VDD: dangling Wire at (36.072, 355.644) (36.072, 355.644) on layer: M1
Net VDD: dangling Wire at (529.524, 21.384) (529.524, 21.384) on layer: M1
Net VDD: dangling Wire at (102.168, 35.964) (102.168, 35.964) on layer: M1
Net VDD: dangling Wire at (465.588, 63.504) (465.588, 63.504) on layer: M1
Net VDD: dangling Wire at (102.168, 65.124) (102.168, 65.124) on layer: M1
Net VDD: dangling Wire at (102.168, 94.284) (102.168, 94.284) on layer: M1
Net VDD: dangling Wire at (465.588, 120.204) (465.588, 120.204) on layer: M1
Net VDD: dangling Wire at (102.168, 127.764) (102.168, 127.764) on layer: M1
Net VDD: dangling Wire at (102.168, 128.304) (102.168, 128.304) on layer: M1
Net VDD: dangling Wire at (102.168, 128.844) (102.168, 128.844) on layer: M1
Net VDD: dangling Wire at (102.168, 129.924) (102.168, 129.924) on layer: M1
Net VDD: dangling Wire at (102.168, 131.004) (102.168, 131.004) on layer: M1
Net VDD: dangling Wire at (465.588, 131.544) (465.588, 131.544) on layer: M1
Net VDD: dangling Wire at (465.588, 143.424) (465.588, 143.424) on layer: M1
Net VDD: dangling Wire at (465.588, 146.664) (465.588, 146.664) on layer: M1
Net VDD: dangling Wire at (102.168, 150.984) (102.168, 150.984) on layer: M1
Net VDD: dangling Wire at (465.588, 152.064) (465.588, 152.064) on layer: M1
Net VDD: dangling Wire at (465.588, 164.484) (465.588, 164.484) on layer: M1
Net VDD: dangling Wire at (465.588, 165.564) (465.588, 165.564) on layer: M1
Net VDD: dangling Wire at (465.588, 168.804) (465.588, 168.804) on layer: M1
Net VDD: dangling Wire at (102.168, 173.124) (102.168, 173.124) on layer: M1
Net VDD: dangling Wire at (465.588, 174.204) (465.588, 174.204) on layer: M1
Net VDD: dangling Wire at (102.168, 175.824) (102.168, 175.824) on layer: M1
Net VDD: dangling Wire at (102.168, 176.364) (102.168, 176.364) on layer: M1
Net VDD: dangling Wire at (465.588, 177.444) (465.588, 177.444) on layer: M1
Net VDD: dangling Wire at (102.168, 185.544) (102.168, 185.544) on layer: M1
Net VDD: dangling Wire at (102.168, 187.704) (102.168, 187.704) on layer: M1
Net VDD: dangling Wire at (102.168, 190.404) (102.168, 190.404) on layer: M1
Net VDD: dangling Wire at (102.168, 190.944) (102.168, 190.944) on layer: M1
Net VDD: dangling Wire at (465.588, 196.884) (465.588, 196.884) on layer: M1
Net VDD: dangling Wire at (102.168, 199.044) (102.168, 199.044) on layer: M1
Net VDD: dangling Wire at (102.168, 207.684) (102.168, 207.684) on layer: M1
Net VDD: dangling Wire at (102.168, 209.844) (102.168, 209.844) on layer: M1
Net VDD: dangling Wire at (102.168, 210.924) (102.168, 210.924) on layer: M1
Net VDD: dangling Wire at (465.588, 212.004) (465.588, 212.004) on layer: M1
Net VDD: dangling Wire at (102.168, 212.004) (102.168, 212.004) on layer: M1
Net VDD: dangling Wire at (102.168, 213.084) (102.168, 213.084) on layer: M1
Net VDD: dangling Wire at (529.524, 264.384) (529.524, 264.384) on layer: M1
Net VDD: dangling Wire at (465.588, 279.504) (465.588, 279.504) on layer: M1
Net VDD: dangling Wire at (102.168, 286.524) (102.168, 286.524) on layer: M1
Net VDD: dangling Wire at (102.168, 303.804) (102.168, 303.804) on layer: M1

Begin Summary
    7430 Problem(s) (IMPVFC-94): The net has dangling wire(s).
    7430 total info(s) created.
End Summary
