
Cadence Innovus(TM) Implementation System.
Copyright 2024 Cadence Design Systems, Inc. All rights reserved worldwide.

Version:	v23.14-s088_1, built Fri Feb 28 12:25:44 PST 2025
Options:	
Date:		Fri Aug 14 12:43:00 2026
Host:		user1-EliteMini (x86_64 w/Linux 7.0.0-28-generic) (6cores*12cpus*AMD Ryzen 5 7545U 1024KB)
OS:		Ubuntu 26.04 LTS

License:
		[12:43:04.206194] Configured Lic search path (23.02-s006): 5280@192.168.32.10:1700@192.168.32.10

		invs	Innovus Implementation System	23.1	checkout succeeded
		8 CPU jobs allowed with the current license(s). Use setMultiCpuUsage to set your required CPU count.
Change the soft stacksize limit to 0.2%RAM (26 mbytes). Set global soft_stack_size_limit to change the value.
Info: Process UID = 3117145 / 7925bada-ffbe-4db0-9d3d-b9b5e07d0295 / FMOvKuIPQO

**INFO:  MMMC transition support version v31-84 

<CMD> set_global _enable_mmmc_by_default_flow      $CTE::mmmc_default
<CMD> suppressMessage ENCEXT-2799
<CMD> getVersion
<CMD> getVersion
<CMD> getVersion
[INFO] Loading PVS 21.12 fill procedures
<CMD> win
<CMD> set enc_source_continue_on_error false
<CMD> set auto_file_dir /tmp/user1/innovus_master
<CMD> set init_design_uniquify 1
<CMD> setLibraryUnit -time 1ns -cap 1pf
<CMD> set init_lef_file {/home/user1/Desktop/asap7/asap7sc7p5t_28/techlef_misc/asap7_tech_4x_201209.lef /home/user1/Desktop/asap7/asap7sc7p5t_28/LEF/scaled/asap7sc7p5t_28_L_4x_220121a.lef /home/user1/Desktop/asap7/asap7sc7p5t_28/LEF/scaled/asap7sc7p5t_28_R_4x_220121a.lef /home/user1/Desktop/asap7/asap7_sram_0p0/generated/LEF/4xLEF/srambank_256x4x32_6t122.lef.4x.lef}
<CMD> set ::TimeLib::tsgMarkCellLatchConstructFlag 1
<CMD> set conf_qxconf_file NULL
<CMD> set conf_qxlib_file NULL
<CMD> set defHierChar /
<CMD> set distributed_client_message_echo 1
<CMD> set distributed_mmmc_disable_reports_auto_redirection 0
<CMD> set init_abstract_view abstract
<CMD> set init_layout_view layout
<CMD> set init_design_settop 1
<CMD> set init_top_cell axi_ram
<CMD> set init_gnd_net VSS
<CMD> set init_pwr_net VDD
<CMD> set init_mmmc_file ./tcl/viewDefinition.tcl
<CMD> set init_verilog ./outputs/axi_ram_syn.v
<CMD> get_message -id GLOBAL-100 -suppress
<CMD> get_message -id GLOBAL-100 -suppress
<CMD> set latch_time_borrow_mode max_borrow
<CMD> set pegDefaultResScaleFactor 1
<CMD> set pegDetailResScaleFactor 1
<CMD> get_message -id GLOBAL-100 -suppress
<CMD> get_message -id GLOBAL-100 -suppress
<CMD> set report_inactive_arcs_format {from to when arc_type sense reason}
<CMD> set tso_post_client_restore_command {update_timing ; write_eco_opt_db ;}
<CMD> init_design
#% Begin Load MMMC data ... (date=08/14 12:43:24, mem=1780.6M)
#% End Load MMMC data ... (date=08/14 12:43:24, total cpu=0:00:00.1, real=0:00:00.0, peak res=1782.0M, current mem=1782.0M)
rccorner

Loading LEF file /home/user1/Desktop/asap7/asap7sc7p5t_28/techlef_misc/asap7_tech_4x_201209.lef ...

Loading LEF file /home/user1/Desktop/asap7/asap7sc7p5t_28/LEF/scaled/asap7sc7p5t_28_L_4x_220121a.lef ...
Set DBUPerIGU to M1 pitch 576.

Loading LEF file /home/user1/Desktop/asap7/asap7sc7p5t_28/LEF/scaled/asap7sc7p5t_28_R_4x_220121a.lef ...

Loading LEF file /home/user1/Desktop/asap7/asap7_sram_0p0/generated/LEF/4xLEF/srambank_256x4x32_6t122.lef.4x.lef ...

##  Check design process and node:  
##  Both design process and tech node are not set.

Loading view definition file from ./tcl/viewDefinition.tcl
Reading libset timing library '/home/user1/Desktop/asap7/asap7sc7p5t_28/LIB/CCS/asap7sc7p5t_SIMPLE_RVT_TT_ccs_211120.lib' ...
**WARN: (TECHLIB-1277):	The attribute 'input_signal_level' has been defined for output pin 'CON'. 'input_signal_level' cannot be defined at this level and is being ignored. (File /home/user1/Desktop/asap7/asap7sc7p5t_28/LIB/CCS/asap7sc7p5t_SIMPLE_RVT_TT_ccs_211120.lib, Line 46726)
**WARN: (TECHLIB-1277):	The attribute 'input_signal_level' has been defined for output pin 'CON'. 'input_signal_level' cannot be defined at this level and is being ignored. (File /home/user1/Desktop/asap7/asap7sc7p5t_28/LIB/CCS/asap7sc7p5t_SIMPLE_RVT_TT_ccs_211120.lib, Line 75682)
Read 56 cells in library 'asap7sc7p5t_SIMPLE_RVT_TT_ccs_211120' 
Reading libset timing library '/home/user1/Desktop/asap7/asap7sc7p5t_28/LIB/CCS/asap7sc7p5t_INVBUF_RVT_TT_ccs_220122.lib' ...
Read 37 cells in library 'asap7sc7p5t_INVBUF_RVT_TT_ccs_211120' 
Reading libset timing library '/home/user1/Desktop/asap7/asap7sc7p5t_28/LIB/CCS/asap7sc7p5t_AO_RVT_TT_ccs_211120.lib' ...
Read 42 cells in library 'asap7sc7p5t_AO_RVT_TT_ccs_211120' 
Reading libset timing library '/home/user1/Desktop/asap7/asap7sc7p5t_28/LIB/CCS/asap7sc7p5t_OA_RVT_TT_ccs_211120.lib' ...
Read 34 cells in library 'asap7sc7p5t_OA_RVT_TT_ccs_211120' 
Reading libset timing library '/home/user1/Desktop/asap7/asap7sc7p5t_28/LIB/CCS/asap7sc7p5t_SEQ_RVT_TT_ccs_220123.lib' ...
Read 33 cells in library 'asap7sc7p5t_SEQ_RVT_TT_ccs_220123' 
Reading libset timing library '/home/user1/Desktop/asap7/asap7sc7p5t_28/LIB/CCS/asap7sc7p5t_SIMPLE_LVT_TT_ccs_211120.lib' ...
**WARN: (TECHLIB-1277):	The attribute 'input_signal_level' has been defined for output pin 'CON'. 'input_signal_level' cannot be defined at this level and is being ignored. (File /home/user1/Desktop/asap7/asap7sc7p5t_28/LIB/CCS/asap7sc7p5t_SIMPLE_LVT_TT_ccs_211120.lib, Line 46726)
**WARN: (TECHLIB-1277):	The attribute 'input_signal_level' has been defined for output pin 'CON'. 'input_signal_level' cannot be defined at this level and is being ignored. (File /home/user1/Desktop/asap7/asap7sc7p5t_28/LIB/CCS/asap7sc7p5t_SIMPLE_LVT_TT_ccs_211120.lib, Line 75682)
Read 56 cells in library 'asap7sc7p5t_SIMPLE_LVT_TT_ccs_211120' 
Reading libset timing library '/home/user1/Desktop/asap7/asap7sc7p5t_28/LIB/CCS/asap7sc7p5t_INVBUF_LVT_TT_ccs_220122.lib' ...
Read 37 cells in library 'asap7sc7p5t_INVBUF_LVT_TT_ccs_211120' 
Reading libset timing library '/home/user1/Desktop/asap7/asap7sc7p5t_28/LIB/CCS/asap7sc7p5t_AO_LVT_TT_ccs_211120.lib' ...
Read 42 cells in library 'asap7sc7p5t_AO_LVT_TT_ccs_211120' 
Reading libset timing library '/home/user1/Desktop/asap7/asap7sc7p5t_28/LIB/CCS/asap7sc7p5t_OA_LVT_TT_ccs_211120.lib' ...
Read 34 cells in library 'asap7sc7p5t_OA_LVT_TT_ccs_211120' 
Reading libset timing library '/home/user1/Desktop/asap7/asap7sc7p5t_28/LIB/CCS/asap7sc7p5t_SEQ_LVT_TT_ccs_220123.lib' ...
Read 33 cells in library 'asap7sc7p5t_SEQ_LVT_TT_ccs_220123' 
Reading libset timing library '/home/user1/Desktop/asap7/asap7_sram_0p0/generated/LIB/srambank_256x4x32_6t122.lib' ...
Read 1 cells in library 'srambank_256x4x32_6t122' 
*** End library_loading (cpu=0.22min, real=0.22min, mem=429.0M, fe_cpu=0.46min, fe_real=0.62min, fe_mem=2256.5M) ***
#% Begin Load netlist data ... (date=08/14 12:43:37, mem=1808.6M)
*** Begin netlist parsing (mem=2256.5M) ***
Created 405 new cells from 11 timing libraries.
Reading netlist ...
Backslashed names will retain backslash and a trailing blank character.
Reading verilog netlist './outputs/axi_ram_syn.v'

*** Memory Usage v#2 (Current mem = 2256.453M, initial mem = 839.699M) ***
*** End netlist parsing (cpu=0:00:00.0, real=0:00:00.0, mem=2256.5M) ***
#% End Load netlist data ... (date=08/14 12:43:37, total cpu=0:00:00.1, real=0:00:00.0, peak res=1855.1M, current mem=1855.1M)
Set top cell to axi_ram.
Hooked 405 DB cells to tlib cells.
Starting recursive module instantiation check.
No recursion found.
Building hierarchical netlist for Cell axi_ram ...
***** UseNewTieNetMode *****.
*** Netlist is unique.
Set DBUPerIGU to techSite asap7sc7p5t width 864.
** info: there are 427 modules.
** info: there are 1240 stdCell insts.
** info: there are 1240 stdCell insts with at least one signal pin.
** info: there are 16 macros.

*** Memory Usage v#2 (Current mem = 2280.465M, initial mem = 839.699M) ***
Start create_tracks
Extraction setup Started for TopCell axi_ram 
Initializing multi-corner RC extraction with 1 active RC Corners ...
Captable file(s) not specified in multi-corner setup. PreRoute extraction will use technology file. For postRoute extraction, default value for effort level would be 'medium' and effort level 'low' would not be allowed.
Generating auto layer map file.
Importing multi-corner technology file(s) for preRoute extraction...
/home/user1/Desktop/asap7/asap7sc7p5t_28/qrc/qrcTechFile_typ03_scaled4xV06
Generating auto layer map file.

Completed (cpu: 0:00:01.4 real: 0:00:02.0)
Set Shrink Factor to 1.00000
Summary of Active RC-Corners : 
 
 Analysis View: tt
    RC-Corner Name        : rccorner
    RC-Corner Index       : 0
    RC-Corner Temperature : 25 Celsius
    RC-Corner Cap Table   : ''
    RC-Corner PreRoute Res Factor         : 1
    RC-Corner PreRoute Cap Factor         : 1
    RC-Corner PostRoute Res Factor        : 1 {1 1 1}
    RC-Corner PostRoute Cap Factor        : 1 {1 1 1}
    RC-Corner PostRoute XCap Factor       : 1 {1 1 1}
    RC-Corner PreRoute Clock Res Factor   : 1	[Derived from postRoute_res (effortLevel low)]
    RC-Corner PreRoute Clock Cap Factor   : 1	[Derived from postRoute_cap (effortLevel low)]
    RC-Corner PostRoute Clock Cap Factor  : 1 {1 1 1} 	[Derived from postRoute_cap (effortLevel low)]
    RC-Corner PostRoute Clock Res Factor  : 1 {1 1 1} 	[Derived from postRoute_res (effortLevel low)]
    RC-Corner PostRoute Clock coupling capacitance Factor : 1 {1 1 1} 
    RC-Corner Technology file: '/home/user1/Desktop/asap7/asap7sc7p5t_28/qrc/qrcTechFile_typ03_scaled4xV06'
Updating RC Grid density data for preRoute extraction ...
Initializing multi-corner resistance tables ...
Default value for postRoute extraction mode's effortLevel (-effortLevel option of setExtractRCMode) changed to 'medium'.
*Info: initialize multi-corner CTS.
Reading timing constraints file './outputs/axi_ram_syn.innovus.sdc' ...
Current (total cpu=0:00:30.2, real=0:00:40.0, peak res=2308.5M, current mem=2308.5M)
axi_ram
------------------------------------------------------------------------------------
CONSTRAINT READING SUMMARY                                                          
------------------------------------------------------------------------------------
Constraint                                        | Success        | Fail           
------------------------------------------------------------------------------------
set_clock_uncertainty                             | 2              | 0              
set_clock_latency                                 | 2              | 0              
current_design                                    | 3              | 0              
get_ports                                         | 857            | 0              
create_clock                                      | 1              | 0              
set_input_transition                              | 350            | 0              
get_clocks                                        | 460            | 0              
set_input_delay                                   | 350            | 0              
set_load                                          | 52             | 0              
set_clock_gating_check                            | 1              | 0              
set_output_delay                                  | 104            | 0              
set_max_fanout                                    | 1              | 0              
set_wire_load_mode                                | 1              | 0              
set_clock_transition                              | 2              | 0              
set_max_transition                                | 1              | 0              
------------------------------------------------------------------------------------
INFO (CTE): Constraints read successfully.
Ending "Constraint file reading stats" (total cpu=0:00:00.1, real=0:00:00.0, peak res=2322.7M, current mem=2322.7M)
Current (total cpu=0:00:30.3, real=0:00:40.0, peak res=2322.7M, current mem=2322.7M)
Total number of combinational cells: 338
Total number of sequential cells: 66
Total number of tristate cells: 0
Total number of level shifter cells: 0
Total number of power gating cells: 0
Total number of isolation cells: 0
Total number of power switch cells: 0
Total number of pulse generator cells: 0
Total number of always on buffers: 0
Total number of retention cells: 0
Total number of physical cells: 0
List of usable buffers: BUFx10_ASAP7_75t_L BUFx12_ASAP7_75t_L BUFx12f_ASAP7_75t_L BUFx16f_ASAP7_75t_L BUFx24_ASAP7_75t_L BUFx2_ASAP7_75t_L BUFx3_ASAP7_75t_L BUFx4_ASAP7_75t_L BUFx5_ASAP7_75t_L BUFx4f_ASAP7_75t_L BUFx6f_ASAP7_75t_L BUFx8_ASAP7_75t_L HB1xp67_ASAP7_75t_L HB2xp67_ASAP7_75t_L BUFx10_ASAP7_75t_R BUFx12_ASAP7_75t_R BUFx12f_ASAP7_75t_R BUFx16f_ASAP7_75t_R BUFx24_ASAP7_75t_R BUFx2_ASAP7_75t_R BUFx3_ASAP7_75t_R BUFx4_ASAP7_75t_R BUFx5_ASAP7_75t_R BUFx4f_ASAP7_75t_R BUFx6f_ASAP7_75t_R BUFx8_ASAP7_75t_R HB1xp67_ASAP7_75t_R
Total number of usable buffers: 27
List of unusable buffers:
Total number of unusable buffers: 0
List of usable inverters: CKINVDCx10_ASAP7_75t_L CKINVDCx12_ASAP7_75t_L CKINVDCx11_ASAP7_75t_L CKINVDCx14_ASAP7_75t_L CKINVDCx16_ASAP7_75t_L CKINVDCx20_ASAP7_75t_L CKINVDCx8_ASAP7_75t_L CKINVDCx5p33_ASAP7_75t_L CKINVDCx6p67_ASAP7_75t_L CKINVDCx9p33_ASAP7_75t_L INVx11_ASAP7_75t_L INVx13_ASAP7_75t_L INVx1_ASAP7_75t_L INVx2_ASAP7_75t_L INVx3_ASAP7_75t_L INVx4_ASAP7_75t_L INVx5_ASAP7_75t_L INVx6_ASAP7_75t_L INVx8_ASAP7_75t_L INVxp67_ASAP7_75t_L INVxp33_ASAP7_75t_L CKINVDCx10_ASAP7_75t_R CKINVDCx12_ASAP7_75t_R CKINVDCx11_ASAP7_75t_R CKINVDCx14_ASAP7_75t_R CKINVDCx16_ASAP7_75t_R CKINVDCx20_ASAP7_75t_R CKINVDCx8_ASAP7_75t_R CKINVDCx5p33_ASAP7_75t_R CKINVDCx6p67_ASAP7_75t_R CKINVDCx9p33_ASAP7_75t_R INVx11_ASAP7_75t_R INVx13_ASAP7_75t_R INVx1_ASAP7_75t_R INVx2_ASAP7_75t_R INVx3_ASAP7_75t_R INVx4_ASAP7_75t_R INVx5_ASAP7_75t_R INVx6_ASAP7_75t_R INVx8_ASAP7_75t_R INVxp67_ASAP7_75t_R INVxp33_ASAP7_75t_R
Total number of usable inverters: 42
List of unusable inverters:
Total number of unusable inverters: 0
List of identified usable delay cells: HB3xp67_ASAP7_75t_L HB4xp67_ASAP7_75t_L HB2xp67_ASAP7_75t_R HB3xp67_ASAP7_75t_R HB4xp67_ASAP7_75t_R
Total number of identified usable delay cells: 5
List of identified unusable delay cells:
Total number of identified unusable delay cells: 0

*** Summary of all messages that are not suppressed in this session:
Severity  ID               Count  Summary                                  
WARNING   TECHLIB-1277         4  The %s '%s' has been defined for %s %s '...
*** Message Summary: 4 warning(s), 0 error(s)

<CMD> group_path -name C2C -from [list \
  [get_cells {u_mem/G_SRAM_BANK[0].u_sram}]  \
  [get_cells {u_mem/G_SRAM_BANK[1].u_sram}]  \
  [get_cells {u_mem/G_SRAM_BANK[2].u_sram}]  \
  [get_cells {u_mem/G_SRAM_BANK[3].u_sram}]  \
  [get_cells {u_mem/G_SRAM_BANK[4].u_sram}]  \
  [get_cells {u_mem/G_SRAM_BANK[5].u_sram}]  \
  [get_cells {u_mem/G_SRAM_BANK[6].u_sram}]  \
  [get_cells {u_mem/G_SRAM_BANK[7].u_sram}]  \
  [get_cells {u_mem/G_SRAM_BANK[8].u_sram}]  \
  [get_cells {u_mem/G_SRAM_BANK[9].u_sram}]  \
  [get_cells {u_mem/G_SRAM_BANK[10].u_sram}]  \
  [get_cells {u_mem/G_SRAM_BANK[11].u_sram}]  \
  [get_cells {u_mem/G_SRAM_BANK[12].u_sram}]  \
  [get_cells {u_mem/G_SRAM_BANK[13].u_sram}]  \
  [get_cells {u_mem/G_SRAM_BANK[14].u_sram}]  \
  [get_cells {u_mem/G_SRAM_BANK[15].u_sram}]  \
  [get_cells {u_mem/read_bank_q_reg[0]}]  \
  [get_cells {u_mem/read_bank_q_reg[1]}]  \
  [get_cells {u_mem/read_bank_q_reg[2]}]  \
  [get_cells {u_mem/read_bank_q_reg[3]}]  \
  [get_cells {r_addr_reg_reg[2]}]  \
  [get_cells {r_addr_reg_reg[3]}]  \
  [get_cells {r_addr_reg_reg[4]}]  \
  [get_cells {r_addr_reg_reg[5]}]  \
  [get_cells {r_addr_reg_reg[6]}]  \
  [get_cells {r_addr_reg_reg[7]}]  \
  [get_cells {r_addr_reg_reg[8]}]  \
  [get_cells {r_addr_reg_reg[9]}]  \
  [get_cells {r_addr_reg_reg[10]}]  \
  [get_cells {r_addr_reg_reg[11]}]  \
  [get_cells {r_addr_reg_reg[12]}]  \
  [get_cells {r_addr_reg_reg[13]}]  \
  [get_cells {r_addr_reg_reg[14]}]  \
  [get_cells {r_addr_reg_reg[15]}]  \
  [get_cells {r_count_reg_reg[0]}]  \
  [get_cells {r_count_reg_reg[1]}]  \
  [get_cells {r_count_reg_reg[2]}]  \
  [get_cells {r_count_reg_reg[3]}]  \
  [get_cells {r_count_reg_reg[4]}]  \
  [get_cells {r_count_reg_reg[5]}]  \
  [get_cells {r_count_reg_reg[6]}]  \
  [get_cells {r_count_reg_reg[7]}]  \
  [get_cells r_error_reg_reg]  \
  [get_cells {r_id_reg_reg[0]}]  \
  [get_cells {r_id_reg_reg[1]}]  \
  [get_cells {r_id_reg_reg[2]}]  \
  [get_cells {r_id_reg_reg[3]}]  \
  [get_cells {r_id_reg_reg[4]}]  \
  [get_cells r_incr_reg_reg]  \
  [get_cells {r_len_reg_reg[0]}]  \
  [get_cells {r_len_reg_reg[1]}]  \
  [get_cells {r_len_reg_reg[2]}]  \
  [get_cells {r_len_reg_reg[3]}]  \
  [get_cells {r_len_reg_reg[4]}]  \
  [get_cells {r_len_reg_reg[5]}]  \
  [get_cells {r_len_reg_reg[6]}]  \
  [get_cells {r_len_reg_reg[7]}]  \
  [get_cells s_axi_arready_reg]  \
  [get_cells {s_axi_bid_reg[0]}]  \
  [get_cells {s_axi_bid_reg[1]}]  \
  [get_cells {s_axi_bid_reg[2]}]  \
  [get_cells {s_axi_bid_reg[3]}]  \
  [get_cells {s_axi_bid_reg[4]}]  \
  [get_cells {s_axi_bresp_reg[1]}]  \
  [get_cells s_axi_bvalid_reg]  \
  [get_cells {s_axi_rdata_reg[0]}]  \
  [get_cells {s_axi_rdata_reg[1]}]  \
  [get_cells {s_axi_rdata_reg[2]}]  \
  [get_cells {s_axi_rdata_reg[3]}]  \
  [get_cells {s_axi_rdata_reg[4]}]  \
  [get_cells {s_axi_rdata_reg[5]}]  \
  [get_cells {s_axi_rdata_reg[6]}]  \
  [get_cells {s_axi_rdata_reg[7]}]  \
  [get_cells {s_axi_rdata_reg[8]}]  \
  [get_cells {s_axi_rdata_reg[9]}]  \
  [get_cells {s_axi_rdata_reg[10]}]  \
  [get_cells {s_axi_rdata_reg[11]}]  \
  [get_cells {s_axi_rdata_reg[12]}]  \
  [get_cells {s_axi_rdata_reg[13]}]  \
  [get_cells {s_axi_rdata_reg[14]}]  \
  [get_cells {s_axi_rdata_reg[15]}]  \
  [get_cells {s_axi_rdata_reg[16]}]  \
  [get_cells {s_axi_rdata_reg[17]}]  \
  [get_cells {s_axi_rdata_reg[18]}]  \
  [get_cells {s_axi_rdata_reg[19]}]  \
  [get_cells {s_axi_rdata_reg[20]}]  \
  [get_cells {s_axi_rdata_reg[21]}]  \
  [get_cells {s_axi_rdata_reg[22]}]  \
  [get_cells {s_axi_rdata_reg[23]}]  \
  [get_cells {s_axi_rdata_reg[24]}]  \
  [get_cells {s_axi_rdata_reg[25]}]  \
  [get_cells {s_axi_rdata_reg[26]}]  \
  [get_cells {s_axi_rdata_reg[27]}]  \
  [get_cells {s_axi_rdata_reg[28]}]  \
  [get_cells {s_axi_rdata_reg[29]}]  \
  [get_cells {s_axi_rdata_reg[30]}]  \
  [get_cells {s_axi_rdata_reg[31]}]  \
  [get_cells s_axi_rlast_reg]  \
  [get_cells {s_axi_rresp_reg[1]}]  \
  [get_cells s_axi_rvalid_reg]  \
  [get_cells s_axi_wready_reg]  \
  [get_cells {state_reg[0]}]  \
  [get_cells {state_reg[1]}]  \
  [get_cells {state_reg[2]}]  \
  [get_cells {state_reg[3]}]  \
  [get_cells {w_addr_reg_reg[2]}]  \
  [get_cells {w_addr_reg_reg[3]}]  \
  [get_cells {w_addr_reg_reg[4]}]  \
  [get_cells {w_addr_reg_reg[5]}]  \
  [get_cells {w_addr_reg_reg[6]}]  \
  [get_cells {w_addr_reg_reg[7]}]  \
  [get_cells {w_addr_reg_reg[8]}]  \
  [get_cells {w_addr_reg_reg[9]}]  \
  [get_cells {w_addr_reg_reg[10]}]  \
  [get_cells {w_addr_reg_reg[11]}]  \
  [get_cells {w_addr_reg_reg[12]}]  \
  [get_cells {w_addr_reg_reg[13]}]  \
  [get_cells {w_addr_reg_reg[14]}]  \
  [get_cells {w_addr_reg_reg[15]}]  \
  [get_cells {w_count_reg_reg[0]}]  \
  [get_cells {w_count_reg_reg[1]}]  \
  [get_cells {w_count_reg_reg[2]}]  \
  [get_cells {w_count_reg_reg[3]}]  \
  [get_cells {w_count_reg_reg[4]}]  \
  [get_cells {w_count_reg_reg[5]}]  \
  [get_cells {w_count_reg_reg[6]}]  \
  [get_cells {w_count_reg_reg[7]}]  \
  [get_cells w_drop_reg_reg]  \
  [get_cells w_error_reg_reg]  \
  [get_cells w_finish_hold_reg]  \
  [get_cells w_incr_reg_reg]  \
  [get_cells {w_len_reg_reg[0]}]  \
  [get_cells {w_len_reg_reg[1]}]  \
  [get_cells {w_len_reg_reg[2]}]  \
  [get_cells {w_len_reg_reg[3]}]  \
  [get_cells {w_len_reg_reg[4]}]  \
  [get_cells {w_len_reg_reg[5]}]  \
  [get_cells {w_len_reg_reg[6]}]  \
  [get_cells {w_len_reg_reg[7]}]  \
  [get_cells {wdata_hold_reg[0]}]  \
  [get_cells {wdata_hold_reg[1]}]  \
  [get_cells {wdata_hold_reg[2]}]  \
  [get_cells {wdata_hold_reg[3]}]  \
  [get_cells {wdata_hold_reg[4]}]  \
  [get_cells {wdata_hold_reg[5]}]  \
  [get_cells {wdata_hold_reg[6]}]  \
  [get_cells {wdata_hold_reg[7]}]  \
  [get_cells {wdata_hold_reg[8]}]  \
  [get_cells {wdata_hold_reg[9]}]  \
  [get_cells {wdata_hold_reg[10]}]  \
  [get_cells {wdata_hold_reg[11]}]  \
  [get_cells {wdata_hold_reg[12]}]  \
  [get_cells {wdata_hold_reg[13]}]  \
  [get_cells {wdata_hold_reg[14]}]  \
  [get_cells {wdata_hold_reg[15]}]  \
  [get_cells {wdata_hold_reg[16]}]  \
  [get_cells {wdata_hold_reg[17]}]  \
  [get_cells {wdata_hold_reg[18]}]  \
  [get_cells {wdata_hold_reg[19]}]  \
  [get_cells {wdata_hold_reg[20]}]  \
  [get_cells {wdata_hold_reg[21]}]  \
  [get_cells {wdata_hold_reg[22]}]  \
  [get_cells {wdata_hold_reg[23]}]  \
  [get_cells {wdata_hold_reg[24]}]  \
  [get_cells {wdata_hold_reg[25]}]  \
  [get_cells {wdata_hold_reg[26]}]  \
  [get_cells {wdata_hold_reg[27]}]  \
  [get_cells {wdata_hold_reg[28]}]  \
  [get_cells {wdata_hold_reg[29]}]  \
  [get_cells {wdata_hold_reg[30]}]  \
  [get_cells {wdata_hold_reg[31]}]  \
  [get_cells {wstrb_hold_reg[0]}]  \
  [get_cells {wstrb_hold_reg[1]}]  \
  [get_cells {wstrb_hold_reg[2]}]  \
  [get_cells {wstrb_hold_reg[3]}] ] -to [list \
  [get_cells {u_mem/G_SRAM_BANK[0].u_sram}]  \
  [get_cells {u_mem/G_SRAM_BANK[1].u_sram}]  \
  [get_cells {u_mem/G_SRAM_BANK[2].u_sram}]  \
  [get_cells {u_mem/G_SRAM_BANK[3].u_sram}]  \
  [get_cells {u_mem/G_SRAM_BANK[4].u_sram}]  \
  [get_cells {u_mem/G_SRAM_BANK[5].u_sram}]  \
  [get_cells {u_mem/G_SRAM_BANK[6].u_sram}]  \
  [get_cells {u_mem/G_SRAM_BANK[7].u_sram}]  \
  [get_cells {u_mem/G_SRAM_BANK[8].u_sram}]  \
  [get_cells {u_mem/G_SRAM_BANK[9].u_sram}]  \
  [get_cells {u_mem/G_SRAM_BANK[10].u_sram}]  \
  [get_cells {u_mem/G_SRAM_BANK[11].u_sram}]  \
  [get_cells {u_mem/G_SRAM_BANK[12].u_sram}]  \
  [get_cells {u_mem/G_SRAM_BANK[13].u_sram}]  \
  [get_cells {u_mem/G_SRAM_BANK[14].u_sram}]  \
  [get_cells {u_mem/G_SRAM_BANK[15].u_sram}]  \
  [get_cells {u_mem/read_bank_q_reg[0]}]  \
  [get_cells {u_mem/read_bank_q_reg[1]}]  \
  [get_cells {u_mem/read_bank_q_reg[2]}]  \
  [get_cells {u_mem/read_bank_q_reg[3]}]  \
  [get_cells {r_addr_reg_reg[2]}]  \
  [get_cells {r_addr_reg_reg[3]}]  \
  [get_cells {r_addr_reg_reg[4]}]  \
  [get_cells {r_addr_reg_reg[5]}]  \
  [get_cells {r_addr_reg_reg[6]}]  \
  [get_cells {r_addr_reg_reg[7]}]  \
  [get_cells {r_addr_reg_reg[8]}]  \
  [get_cells {r_addr_reg_reg[9]}]  \
  [get_cells {r_addr_reg_reg[10]}]  \
  [get_cells {r_addr_reg_reg[11]}]  \
  [get_cells {r_addr_reg_reg[12]}]  \
  [get_cells {r_addr_reg_reg[13]}]  \
  [get_cells {r_addr_reg_reg[14]}]  \
  [get_cells {r_addr_reg_reg[15]}]  \
  [get_cells {r_count_reg_reg[0]}]  \
  [get_cells {r_count_reg_reg[1]}]  \
  [get_cells {r_count_reg_reg[2]}]  \
  [get_cells {r_count_reg_reg[3]}]  \
  [get_cells {r_count_reg_reg[4]}]  \
  [get_cells {r_count_reg_reg[5]}]  \
  [get_cells {r_count_reg_reg[6]}]  \
  [get_cells {r_count_reg_reg[7]}]  \
  [get_cells r_error_reg_reg]  \
  [get_cells {r_id_reg_reg[0]}]  \
  [get_cells {r_id_reg_reg[1]}]  \
  [get_cells {r_id_reg_reg[2]}]  \
  [get_cells {r_id_reg_reg[3]}]  \
  [get_cells {r_id_reg_reg[4]}]  \
  [get_cells r_incr_reg_reg]  \
  [get_cells {r_len_reg_reg[0]}]  \
  [get_cells {r_len_reg_reg[1]}]  \
  [get_cells {r_len_reg_reg[2]}]  \
  [get_cells {r_len_reg_reg[3]}]  \
  [get_cells {r_len_reg_reg[4]}]  \
  [get_cells {r_len_reg_reg[5]}]  \
  [get_cells {r_len_reg_reg[6]}]  \
  [get_cells {r_len_reg_reg[7]}]  \
  [get_cells s_axi_arready_reg]  \
  [get_cells {s_axi_bid_reg[0]}]  \
  [get_cells {s_axi_bid_reg[1]}]  \
  [get_cells {s_axi_bid_reg[2]}]  \
  [get_cells {s_axi_bid_reg[3]}]  \
  [get_cells {s_axi_bid_reg[4]}]  \
  [get_cells {s_axi_bresp_reg[1]}]  \
  [get_cells s_axi_bvalid_reg]  \
  [get_cells {s_axi_rdata_reg[0]}]  \
  [get_cells {s_axi_rdata_reg[1]}]  \
  [get_cells {s_axi_rdata_reg[2]}]  \
  [get_cells {s_axi_rdata_reg[3]}]  \
  [get_cells {s_axi_rdata_reg[4]}]  \
  [get_cells {s_axi_rdata_reg[5]}]  \
  [get_cells {s_axi_rdata_reg[6]}]  \
  [get_cells {s_axi_rdata_reg[7]}]  \
  [get_cells {s_axi_rdata_reg[8]}]  \
  [get_cells {s_axi_rdata_reg[9]}]  \
  [get_cells {s_axi_rdata_reg[10]}]  \
  [get_cells {s_axi_rdata_reg[11]}]  \
  [get_cells {s_axi_rdata_reg[12]}]  \
  [get_cells {s_axi_rdata_reg[13]}]  \
  [get_cells {s_axi_rdata_reg[14]}]  \
  [get_cells {s_axi_rdata_reg[15]}]  \
  [get_cells {s_axi_rdata_reg[16]}]  \
  [get_cells {s_axi_rdata_reg[17]}]  \
  [get_cells {s_axi_rdata_reg[18]}]  \
  [get_cells {s_axi_rdata_reg[19]}]  \
  [get_cells {s_axi_rdata_reg[20]}]  \
  [get_cells {s_axi_rdata_reg[21]}]  \
  [get_cells {s_axi_rdata_reg[22]}]  \
  [get_cells {s_axi_rdata_reg[23]}]  \
  [get_cells {s_axi_rdata_reg[24]}]  \
  [get_cells {s_axi_rdata_reg[25]}]  \
  [get_cells {s_axi_rdata_reg[26]}]  \
  [get_cells {s_axi_rdata_reg[27]}]  \
  [get_cells {s_axi_rdata_reg[28]}]  \
  [get_cells {s_axi_rdata_reg[29]}]  \
  [get_cells {s_axi_rdata_reg[30]}]  \
  [get_cells {s_axi_rdata_reg[31]}]  \
  [get_cells s_axi_rlast_reg]  \
  [get_cells {s_axi_rresp_reg[1]}]  \
  [get_cells s_axi_rvalid_reg]  \
  [get_cells s_axi_wready_reg]  \
  [get_cells {state_reg[0]}]  \
  [get_cells {state_reg[1]}]  \
  [get_cells {state_reg[2]}]  \
  [get_cells {state_reg[3]}]  \
  [get_cells {w_addr_reg_reg[2]}]  \
  [get_cells {w_addr_reg_reg[3]}]  \
  [get_cells {w_addr_reg_reg[4]}]  \
  [get_cells {w_addr_reg_reg[5]}]  \
  [get_cells {w_addr_reg_reg[6]}]  \
  [get_cells {w_addr_reg_reg[7]}]  \
  [get_cells {w_addr_reg_reg[8]}]  \
  [get_cells {w_addr_reg_reg[9]}]  \
  [get_cells {w_addr_reg_reg[10]}]  \
  [get_cells {w_addr_reg_reg[11]}]  \
  [get_cells {w_addr_reg_reg[12]}]  \
  [get_cells {w_addr_reg_reg[13]}]  \
  [get_cells {w_addr_reg_reg[14]}]  \
  [get_cells {w_addr_reg_reg[15]}]  \
  [get_cells {w_count_reg_reg[0]}]  \
  [get_cells {w_count_reg_reg[1]}]  \
  [get_cells {w_count_reg_reg[2]}]  \
  [get_cells {w_count_reg_reg[3]}]  \
  [get_cells {w_count_reg_reg[4]}]  \
  [get_cells {w_count_reg_reg[5]}]  \
  [get_cells {w_count_reg_reg[6]}]  \
  [get_cells {w_count_reg_reg[7]}]  \
  [get_cells w_drop_reg_reg]  \
  [get_cells w_error_reg_reg]  \
  [get_cells w_finish_hold_reg]  \
  [get_cells w_incr_reg_reg]  \
  [get_cells {w_len_reg_reg[0]}]  \
  [get_cells {w_len_reg_reg[1]}]  \
  [get_cells {w_len_reg_reg[2]}]  \
  [get_cells {w_len_reg_reg[3]}]  \
  [get_cells {w_len_reg_reg[4]}]  \
  [get_cells {w_len_reg_reg[5]}]  \
  [get_cells {w_len_reg_reg[6]}]  \
  [get_cells {w_len_reg_reg[7]}]  \
  [get_cells {wdata_hold_reg[0]}]  \
  [get_cells {wdata_hold_reg[1]}]  \
  [get_cells {wdata_hold_reg[2]}]  \
  [get_cells {wdata_hold_reg[3]}]  \
  [get_cells {wdata_hold_reg[4]}]  \
  [get_cells {wdata_hold_reg[5]}]  \
  [get_cells {wdata_hold_reg[6]}]  \
  [get_cells {wdata_hold_reg[7]}]  \
  [get_cells {wdata_hold_reg[8]}]  \
  [get_cells {wdata_hold_reg[9]}]  \
  [get_cells {wdata_hold_reg[10]}]  \
  [get_cells {wdata_hold_reg[11]}]  \
  [get_cells {wdata_hold_reg[12]}]  \
  [get_cells {wdata_hold_reg[13]}]  \
  [get_cells {wdata_hold_reg[14]}]  \
  [get_cells {wdata_hold_reg[15]}]  \
  [get_cells {wdata_hold_reg[16]}]  \
  [get_cells {wdata_hold_reg[17]}]  \
  [get_cells {wdata_hold_reg[18]}]  \
  [get_cells {wdata_hold_reg[19]}]  \
  [get_cells {wdata_hold_reg[20]}]  \
  [get_cells {wdata_hold_reg[21]}]  \
  [get_cells {wdata_hold_reg[22]}]  \
  [get_cells {wdata_hold_reg[23]}]  \
  [get_cells {wdata_hold_reg[24]}]  \
  [get_cells {wdata_hold_reg[25]}]  \
  [get_cells {wdata_hold_reg[26]}]  \
  [get_cells {wdata_hold_reg[27]}]  \
  [get_cells {wdata_hold_reg[28]}]  \
  [get_cells {wdata_hold_reg[29]}]  \
  [get_cells {wdata_hold_reg[30]}]  \
  [get_cells {wdata_hold_reg[31]}]  \
  [get_cells {wstrb_hold_reg[0]}]  \
  [get_cells {wstrb_hold_reg[1]}]  \
  [get_cells {wstrb_hold_reg[2]}]  \
  [get_cells {wstrb_hold_reg[3]}] ]
<CMD> group_path -name C2O -from [list \
  [get_cells {u_mem/G_SRAM_BANK[0].u_sram}]  \
  [get_cells {u_mem/G_SRAM_BANK[1].u_sram}]  \
  [get_cells {u_mem/G_SRAM_BANK[2].u_sram}]  \
  [get_cells {u_mem/G_SRAM_BANK[3].u_sram}]  \
  [get_cells {u_mem/G_SRAM_BANK[4].u_sram}]  \
  [get_cells {u_mem/G_SRAM_BANK[5].u_sram}]  \
  [get_cells {u_mem/G_SRAM_BANK[6].u_sram}]  \
  [get_cells {u_mem/G_SRAM_BANK[7].u_sram}]  \
  [get_cells {u_mem/G_SRAM_BANK[8].u_sram}]  \
  [get_cells {u_mem/G_SRAM_BANK[9].u_sram}]  \
  [get_cells {u_mem/G_SRAM_BANK[10].u_sram}]  \
  [get_cells {u_mem/G_SRAM_BANK[11].u_sram}]  \
  [get_cells {u_mem/G_SRAM_BANK[12].u_sram}]  \
  [get_cells {u_mem/G_SRAM_BANK[13].u_sram}]  \
  [get_cells {u_mem/G_SRAM_BANK[14].u_sram}]  \
  [get_cells {u_mem/G_SRAM_BANK[15].u_sram}]  \
  [get_cells {u_mem/read_bank_q_reg[0]}]  \
  [get_cells {u_mem/read_bank_q_reg[1]}]  \
  [get_cells {u_mem/read_bank_q_reg[2]}]  \
  [get_cells {u_mem/read_bank_q_reg[3]}]  \
  [get_cells {r_addr_reg_reg[2]}]  \
  [get_cells {r_addr_reg_reg[3]}]  \
  [get_cells {r_addr_reg_reg[4]}]  \
  [get_cells {r_addr_reg_reg[5]}]  \
  [get_cells {r_addr_reg_reg[6]}]  \
  [get_cells {r_addr_reg_reg[7]}]  \
  [get_cells {r_addr_reg_reg[8]}]  \
  [get_cells {r_addr_reg_reg[9]}]  \
  [get_cells {r_addr_reg_reg[10]}]  \
  [get_cells {r_addr_reg_reg[11]}]  \
  [get_cells {r_addr_reg_reg[12]}]  \
  [get_cells {r_addr_reg_reg[13]}]  \
  [get_cells {r_addr_reg_reg[14]}]  \
  [get_cells {r_addr_reg_reg[15]}]  \
  [get_cells {r_count_reg_reg[0]}]  \
  [get_cells {r_count_reg_reg[1]}]  \
  [get_cells {r_count_reg_reg[2]}]  \
  [get_cells {r_count_reg_reg[3]}]  \
  [get_cells {r_count_reg_reg[4]}]  \
  [get_cells {r_count_reg_reg[5]}]  \
  [get_cells {r_count_reg_reg[6]}]  \
  [get_cells {r_count_reg_reg[7]}]  \
  [get_cells r_error_reg_reg]  \
  [get_cells {r_id_reg_reg[0]}]  \
  [get_cells {r_id_reg_reg[1]}]  \
  [get_cells {r_id_reg_reg[2]}]  \
  [get_cells {r_id_reg_reg[3]}]  \
  [get_cells {r_id_reg_reg[4]}]  \
  [get_cells r_incr_reg_reg]  \
  [get_cells {r_len_reg_reg[0]}]  \
  [get_cells {r_len_reg_reg[1]}]  \
  [get_cells {r_len_reg_reg[2]}]  \
  [get_cells {r_len_reg_reg[3]}]  \
  [get_cells {r_len_reg_reg[4]}]  \
  [get_cells {r_len_reg_reg[5]}]  \
  [get_cells {r_len_reg_reg[6]}]  \
  [get_cells {r_len_reg_reg[7]}]  \
  [get_cells s_axi_arready_reg]  \
  [get_cells {s_axi_bid_reg[0]}]  \
  [get_cells {s_axi_bid_reg[1]}]  \
  [get_cells {s_axi_bid_reg[2]}]  \
  [get_cells {s_axi_bid_reg[3]}]  \
  [get_cells {s_axi_bid_reg[4]}]  \
  [get_cells {s_axi_bresp_reg[1]}]  \
  [get_cells s_axi_bvalid_reg]  \
  [get_cells {s_axi_rdata_reg[0]}]  \
  [get_cells {s_axi_rdata_reg[1]}]  \
  [get_cells {s_axi_rdata_reg[2]}]  \
  [get_cells {s_axi_rdata_reg[3]}]  \
  [get_cells {s_axi_rdata_reg[4]}]  \
  [get_cells {s_axi_rdata_reg[5]}]  \
  [get_cells {s_axi_rdata_reg[6]}]  \
  [get_cells {s_axi_rdata_reg[7]}]  \
  [get_cells {s_axi_rdata_reg[8]}]  \
  [get_cells {s_axi_rdata_reg[9]}]  \
  [get_cells {s_axi_rdata_reg[10]}]  \
  [get_cells {s_axi_rdata_reg[11]}]  \
  [get_cells {s_axi_rdata_reg[12]}]  \
  [get_cells {s_axi_rdata_reg[13]}]  \
  [get_cells {s_axi_rdata_reg[14]}]  \
  [get_cells {s_axi_rdata_reg[15]}]  \
  [get_cells {s_axi_rdata_reg[16]}]  \
  [get_cells {s_axi_rdata_reg[17]}]  \
  [get_cells {s_axi_rdata_reg[18]}]  \
  [get_cells {s_axi_rdata_reg[19]}]  \
  [get_cells {s_axi_rdata_reg[20]}]  \
  [get_cells {s_axi_rdata_reg[21]}]  \
  [get_cells {s_axi_rdata_reg[22]}]  \
  [get_cells {s_axi_rdata_reg[23]}]  \
  [get_cells {s_axi_rdata_reg[24]}]  \
  [get_cells {s_axi_rdata_reg[25]}]  \
  [get_cells {s_axi_rdata_reg[26]}]  \
  [get_cells {s_axi_rdata_reg[27]}]  \
  [get_cells {s_axi_rdata_reg[28]}]  \
  [get_cells {s_axi_rdata_reg[29]}]  \
  [get_cells {s_axi_rdata_reg[30]}]  \
  [get_cells {s_axi_rdata_reg[31]}]  \
  [get_cells s_axi_rlast_reg]  \
  [get_cells {s_axi_rresp_reg[1]}]  \
  [get_cells s_axi_rvalid_reg]  \
  [get_cells s_axi_wready_reg]  \
  [get_cells {state_reg[0]}]  \
  [get_cells {state_reg[1]}]  \
  [get_cells {state_reg[2]}]  \
  [get_cells {state_reg[3]}]  \
  [get_cells {w_addr_reg_reg[2]}]  \
  [get_cells {w_addr_reg_reg[3]}]  \
  [get_cells {w_addr_reg_reg[4]}]  \
  [get_cells {w_addr_reg_reg[5]}]  \
  [get_cells {w_addr_reg_reg[6]}]  \
  [get_cells {w_addr_reg_reg[7]}]  \
  [get_cells {w_addr_reg_reg[8]}]  \
  [get_cells {w_addr_reg_reg[9]}]  \
  [get_cells {w_addr_reg_reg[10]}]  \
  [get_cells {w_addr_reg_reg[11]}]  \
  [get_cells {w_addr_reg_reg[12]}]  \
  [get_cells {w_addr_reg_reg[13]}]  \
  [get_cells {w_addr_reg_reg[14]}]  \
  [get_cells {w_addr_reg_reg[15]}]  \
  [get_cells {w_count_reg_reg[0]}]  \
  [get_cells {w_count_reg_reg[1]}]  \
  [get_cells {w_count_reg_reg[2]}]  \
  [get_cells {w_count_reg_reg[3]}]  \
  [get_cells {w_count_reg_reg[4]}]  \
  [get_cells {w_count_reg_reg[5]}]  \
  [get_cells {w_count_reg_reg[6]}]  \
  [get_cells {w_count_reg_reg[7]}]  \
  [get_cells w_drop_reg_reg]  \
  [get_cells w_error_reg_reg]  \
  [get_cells w_finish_hold_reg]  \
  [get_cells w_incr_reg_reg]  \
  [get_cells {w_len_reg_reg[0]}]  \
  [get_cells {w_len_reg_reg[1]}]  \
  [get_cells {w_len_reg_reg[2]}]  \
  [get_cells {w_len_reg_reg[3]}]  \
  [get_cells {w_len_reg_reg[4]}]  \
  [get_cells {w_len_reg_reg[5]}]  \
  [get_cells {w_len_reg_reg[6]}]  \
  [get_cells {w_len_reg_reg[7]}]  \
  [get_cells {wdata_hold_reg[0]}]  \
  [get_cells {wdata_hold_reg[1]}]  \
  [get_cells {wdata_hold_reg[2]}]  \
  [get_cells {wdata_hold_reg[3]}]  \
  [get_cells {wdata_hold_reg[4]}]  \
  [get_cells {wdata_hold_reg[5]}]  \
  [get_cells {wdata_hold_reg[6]}]  \
  [get_cells {wdata_hold_reg[7]}]  \
  [get_cells {wdata_hold_reg[8]}]  \
  [get_cells {wdata_hold_reg[9]}]  \
  [get_cells {wdata_hold_reg[10]}]  \
  [get_cells {wdata_hold_reg[11]}]  \
  [get_cells {wdata_hold_reg[12]}]  \
  [get_cells {wdata_hold_reg[13]}]  \
  [get_cells {wdata_hold_reg[14]}]  \
  [get_cells {wdata_hold_reg[15]}]  \
  [get_cells {wdata_hold_reg[16]}]  \
  [get_cells {wdata_hold_reg[17]}]  \
  [get_cells {wdata_hold_reg[18]}]  \
  [get_cells {wdata_hold_reg[19]}]  \
  [get_cells {wdata_hold_reg[20]}]  \
  [get_cells {wdata_hold_reg[21]}]  \
  [get_cells {wdata_hold_reg[22]}]  \
  [get_cells {wdata_hold_reg[23]}]  \
  [get_cells {wdata_hold_reg[24]}]  \
  [get_cells {wdata_hold_reg[25]}]  \
  [get_cells {wdata_hold_reg[26]}]  \
  [get_cells {wdata_hold_reg[27]}]  \
  [get_cells {wdata_hold_reg[28]}]  \
  [get_cells {wdata_hold_reg[29]}]  \
  [get_cells {wdata_hold_reg[30]}]  \
  [get_cells {wdata_hold_reg[31]}]  \
  [get_cells {wstrb_hold_reg[0]}]  \
  [get_cells {wstrb_hold_reg[1]}]  \
  [get_cells {wstrb_hold_reg[2]}]  \
  [get_cells {wstrb_hold_reg[3]}] ] -to [list \
  [get_ports s_axi_awready]  \
  [get_ports s_axi_wready]  \
  [get_ports {s_axi_bid[4]}]  \
  [get_ports {s_axi_bid[3]}]  \
  [get_ports {s_axi_bid[2]}]  \
  [get_ports {s_axi_bid[1]}]  \
  [get_ports {s_axi_bid[0]}]  \
  [get_ports {s_axi_bresp[1]}]  \
  [get_ports {s_axi_bresp[0]}]  \
  [get_ports s_axi_bvalid]  \
  [get_ports s_axi_arready]  \
  [get_ports {s_axi_rid[4]}]  \
  [get_ports {s_axi_rid[3]}]  \
  [get_ports {s_axi_rid[2]}]  \
  [get_ports {s_axi_rid[1]}]  \
  [get_ports {s_axi_rid[0]}]  \
  [get_ports {s_axi_rdata[31]}]  \
  [get_ports {s_axi_rdata[30]}]  \
  [get_ports {s_axi_rdata[29]}]  \
  [get_ports {s_axi_rdata[28]}]  \
  [get_ports {s_axi_rdata[27]}]  \
  [get_ports {s_axi_rdata[26]}]  \
  [get_ports {s_axi_rdata[25]}]  \
  [get_ports {s_axi_rdata[24]}]  \
  [get_ports {s_axi_rdata[23]}]  \
  [get_ports {s_axi_rdata[22]}]  \
  [get_ports {s_axi_rdata[21]}]  \
  [get_ports {s_axi_rdata[20]}]  \
  [get_ports {s_axi_rdata[19]}]  \
  [get_ports {s_axi_rdata[18]}]  \
  [get_ports {s_axi_rdata[17]}]  \
  [get_ports {s_axi_rdata[16]}]  \
  [get_ports {s_axi_rdata[15]}]  \
  [get_ports {s_axi_rdata[14]}]  \
  [get_ports {s_axi_rdata[13]}]  \
  [get_ports {s_axi_rdata[12]}]  \
  [get_ports {s_axi_rdata[11]}]  \
  [get_ports {s_axi_rdata[10]}]  \
  [get_ports {s_axi_rdata[9]}]  \
  [get_ports {s_axi_rdata[8]}]  \
  [get_ports {s_axi_rdata[7]}]  \
  [get_ports {s_axi_rdata[6]}]  \
  [get_ports {s_axi_rdata[5]}]  \
  [get_ports {s_axi_rdata[4]}]  \
  [get_ports {s_axi_rdata[3]}]  \
  [get_ports {s_axi_rdata[2]}]  \
  [get_ports {s_axi_rdata[1]}]  \
  [get_ports {s_axi_rdata[0]}]  \
  [get_ports {s_axi_rresp[1]}]  \
  [get_ports {s_axi_rresp[0]}]  \
  [get_ports s_axi_rlast]  \
  [get_ports s_axi_rvalid] ]
<CMD> group_path -name I2C -from [list \
  [get_ports {s_axi_awid[4]}]  \
  [get_ports {s_axi_awid[3]}]  \
  [get_ports {s_axi_awid[2]}]  \
  [get_ports {s_axi_awid[1]}]  \
  [get_ports {s_axi_awid[0]}]  \
  [get_ports {s_axi_awaddr[31]}]  \
  [get_ports {s_axi_awaddr[30]}]  \
  [get_ports {s_axi_awaddr[29]}]  \
  [get_ports {s_axi_awaddr[28]}]  \
  [get_ports {s_axi_awaddr[27]}]  \
  [get_ports {s_axi_awaddr[26]}]  \
  [get_ports {s_axi_awaddr[25]}]  \
  [get_ports {s_axi_awaddr[24]}]  \
  [get_ports {s_axi_awaddr[23]}]  \
  [get_ports {s_axi_awaddr[22]}]  \
  [get_ports {s_axi_awaddr[21]}]  \
  [get_ports {s_axi_awaddr[20]}]  \
  [get_ports {s_axi_awaddr[19]}]  \
  [get_ports {s_axi_awaddr[18]}]  \
  [get_ports {s_axi_awaddr[17]}]  \
  [get_ports {s_axi_awaddr[16]}]  \
  [get_ports {s_axi_awaddr[15]}]  \
  [get_ports {s_axi_awaddr[14]}]  \
  [get_ports {s_axi_awaddr[13]}]  \
  [get_ports {s_axi_awaddr[12]}]  \
  [get_ports {s_axi_awaddr[11]}]  \
  [get_ports {s_axi_awaddr[10]}]  \
  [get_ports {s_axi_awaddr[9]}]  \
  [get_ports {s_axi_awaddr[8]}]  \
  [get_ports {s_axi_awaddr[7]}]  \
  [get_ports {s_axi_awaddr[6]}]  \
  [get_ports {s_axi_awaddr[5]}]  \
  [get_ports {s_axi_awaddr[4]}]  \
  [get_ports {s_axi_awaddr[3]}]  \
  [get_ports {s_axi_awaddr[2]}]  \
  [get_ports {s_axi_awaddr[1]}]  \
  [get_ports {s_axi_awaddr[0]}]  \
  [get_ports {s_axi_awlen[7]}]  \
  [get_ports {s_axi_awlen[6]}]  \
  [get_ports {s_axi_awlen[5]}]  \
  [get_ports {s_axi_awlen[4]}]  \
  [get_ports {s_axi_awlen[3]}]  \
  [get_ports {s_axi_awlen[2]}]  \
  [get_ports {s_axi_awlen[1]}]  \
  [get_ports {s_axi_awlen[0]}]  \
  [get_ports {s_axi_awsize[2]}]  \
  [get_ports {s_axi_awsize[1]}]  \
  [get_ports {s_axi_awsize[0]}]  \
  [get_ports {s_axi_awburst[1]}]  \
  [get_ports {s_axi_awburst[0]}]  \
  [get_ports s_axi_awlock]  \
  [get_ports {s_axi_awcache[3]}]  \
  [get_ports {s_axi_awcache[2]}]  \
  [get_ports {s_axi_awcache[1]}]  \
  [get_ports {s_axi_awcache[0]}]  \
  [get_ports {s_axi_awprot[2]}]  \
  [get_ports {s_axi_awprot[1]}]  \
  [get_ports {s_axi_awprot[0]}]  \
  [get_ports {s_axi_awqos[3]}]  \
  [get_ports {s_axi_awqos[2]}]  \
  [get_ports {s_axi_awqos[1]}]  \
  [get_ports {s_axi_awqos[0]}]  \
  [get_ports {s_axi_awregion[3]}]  \
  [get_ports {s_axi_awregion[2]}]  \
  [get_ports {s_axi_awregion[1]}]  \
  [get_ports {s_axi_awregion[0]}]  \
  [get_ports s_axi_awvalid]  \
  [get_ports {s_axi_wdata[31]}]  \
  [get_ports {s_axi_wdata[30]}]  \
  [get_ports {s_axi_wdata[29]}]  \
  [get_ports {s_axi_wdata[28]}]  \
  [get_ports {s_axi_wdata[27]}]  \
  [get_ports {s_axi_wdata[26]}]  \
  [get_ports {s_axi_wdata[25]}]  \
  [get_ports {s_axi_wdata[24]}]  \
  [get_ports {s_axi_wdata[23]}]  \
  [get_ports {s_axi_wdata[22]}]  \
  [get_ports {s_axi_wdata[21]}]  \
  [get_ports {s_axi_wdata[20]}]  \
  [get_ports {s_axi_wdata[19]}]  \
  [get_ports {s_axi_wdata[18]}]  \
  [get_ports {s_axi_wdata[17]}]  \
  [get_ports {s_axi_wdata[16]}]  \
  [get_ports {s_axi_wdata[15]}]  \
  [get_ports {s_axi_wdata[14]}]  \
  [get_ports {s_axi_wdata[13]}]  \
  [get_ports {s_axi_wdata[12]}]  \
  [get_ports {s_axi_wdata[11]}]  \
  [get_ports {s_axi_wdata[10]}]  \
  [get_ports {s_axi_wdata[9]}]  \
  [get_ports {s_axi_wdata[8]}]  \
  [get_ports {s_axi_wdata[7]}]  \
  [get_ports {s_axi_wdata[6]}]  \
  [get_ports {s_axi_wdata[5]}]  \
  [get_ports {s_axi_wdata[4]}]  \
  [get_ports {s_axi_wdata[3]}]  \
  [get_ports {s_axi_wdata[2]}]  \
  [get_ports {s_axi_wdata[1]}]  \
  [get_ports {s_axi_wdata[0]}]  \
  [get_ports {s_axi_wstrb[3]}]  \
  [get_ports {s_axi_wstrb[2]}]  \
  [get_ports {s_axi_wstrb[1]}]  \
  [get_ports {s_axi_wstrb[0]}]  \
  [get_ports s_axi_wlast]  \
  [get_ports s_axi_wvalid]  \
  [get_ports s_axi_bready]  \
  [get_ports {s_axi_arid[4]}]  \
  [get_ports {s_axi_arid[3]}]  \
  [get_ports {s_axi_arid[2]}]  \
  [get_ports {s_axi_arid[1]}]  \
  [get_ports {s_axi_arid[0]}]  \
  [get_ports {s_axi_araddr[31]}]  \
  [get_ports {s_axi_araddr[30]}]  \
  [get_ports {s_axi_araddr[29]}]  \
  [get_ports {s_axi_araddr[28]}]  \
  [get_ports {s_axi_araddr[27]}]  \
  [get_ports {s_axi_araddr[26]}]  \
  [get_ports {s_axi_araddr[25]}]  \
  [get_ports {s_axi_araddr[24]}]  \
  [get_ports {s_axi_araddr[23]}]  \
  [get_ports {s_axi_araddr[22]}]  \
  [get_ports {s_axi_araddr[21]}]  \
  [get_ports {s_axi_araddr[20]}]  \
  [get_ports {s_axi_araddr[19]}]  \
  [get_ports {s_axi_araddr[18]}]  \
  [get_ports {s_axi_araddr[17]}]  \
  [get_ports {s_axi_araddr[16]}]  \
  [get_ports {s_axi_araddr[15]}]  \
  [get_ports {s_axi_araddr[14]}]  \
  [get_ports {s_axi_araddr[13]}]  \
  [get_ports {s_axi_araddr[12]}]  \
  [get_ports {s_axi_araddr[11]}]  \
  [get_ports {s_axi_araddr[10]}]  \
  [get_ports {s_axi_araddr[9]}]  \
  [get_ports {s_axi_araddr[8]}]  \
  [get_ports {s_axi_araddr[7]}]  \
  [get_ports {s_axi_araddr[6]}]  \
  [get_ports {s_axi_araddr[5]}]  \
  [get_ports {s_axi_araddr[4]}]  \
  [get_ports {s_axi_araddr[3]}]  \
  [get_ports {s_axi_araddr[2]}]  \
  [get_ports {s_axi_araddr[1]}]  \
  [get_ports {s_axi_araddr[0]}]  \
  [get_ports {s_axi_arlen[7]}]  \
  [get_ports {s_axi_arlen[6]}]  \
  [get_ports {s_axi_arlen[5]}]  \
  [get_ports {s_axi_arlen[4]}]  \
  [get_ports {s_axi_arlen[3]}]  \
  [get_ports {s_axi_arlen[2]}]  \
  [get_ports {s_axi_arlen[1]}]  \
  [get_ports {s_axi_arlen[0]}]  \
  [get_ports {s_axi_arsize[2]}]  \
  [get_ports {s_axi_arsize[1]}]  \
  [get_ports {s_axi_arsize[0]}]  \
  [get_ports {s_axi_arburst[1]}]  \
  [get_ports {s_axi_arburst[0]}]  \
  [get_ports s_axi_arlock]  \
  [get_ports {s_axi_arcache[3]}]  \
  [get_ports {s_axi_arcache[2]}]  \
  [get_ports {s_axi_arcache[1]}]  \
  [get_ports {s_axi_arcache[0]}]  \
  [get_ports {s_axi_arprot[2]}]  \
  [get_ports {s_axi_arprot[1]}]  \
  [get_ports {s_axi_arprot[0]}]  \
  [get_ports {s_axi_arqos[3]}]  \
  [get_ports {s_axi_arqos[2]}]  \
  [get_ports {s_axi_arqos[1]}]  \
  [get_ports {s_axi_arqos[0]}]  \
  [get_ports {s_axi_arregion[3]}]  \
  [get_ports {s_axi_arregion[2]}]  \
  [get_ports {s_axi_arregion[1]}]  \
  [get_ports {s_axi_arregion[0]}]  \
  [get_ports s_axi_arvalid]  \
  [get_ports s_axi_rready] ] -to [list \
  [get_cells {u_mem/G_SRAM_BANK[0].u_sram}]  \
  [get_cells {u_mem/G_SRAM_BANK[1].u_sram}]  \
  [get_cells {u_mem/G_SRAM_BANK[2].u_sram}]  \
  [get_cells {u_mem/G_SRAM_BANK[3].u_sram}]  \
  [get_cells {u_mem/G_SRAM_BANK[4].u_sram}]  \
  [get_cells {u_mem/G_SRAM_BANK[5].u_sram}]  \
  [get_cells {u_mem/G_SRAM_BANK[6].u_sram}]  \
  [get_cells {u_mem/G_SRAM_BANK[7].u_sram}]  \
  [get_cells {u_mem/G_SRAM_BANK[8].u_sram}]  \
  [get_cells {u_mem/G_SRAM_BANK[9].u_sram}]  \
  [get_cells {u_mem/G_SRAM_BANK[10].u_sram}]  \
  [get_cells {u_mem/G_SRAM_BANK[11].u_sram}]  \
  [get_cells {u_mem/G_SRAM_BANK[12].u_sram}]  \
  [get_cells {u_mem/G_SRAM_BANK[13].u_sram}]  \
  [get_cells {u_mem/G_SRAM_BANK[14].u_sram}]  \
  [get_cells {u_mem/G_SRAM_BANK[15].u_sram}]  \
  [get_cells {u_mem/read_bank_q_reg[0]}]  \
  [get_cells {u_mem/read_bank_q_reg[1]}]  \
  [get_cells {u_mem/read_bank_q_reg[2]}]  \
  [get_cells {u_mem/read_bank_q_reg[3]}]  \
  [get_cells {r_addr_reg_reg[2]}]  \
  [get_cells {r_addr_reg_reg[3]}]  \
  [get_cells {r_addr_reg_reg[4]}]  \
  [get_cells {r_addr_reg_reg[5]}]  \
  [get_cells {r_addr_reg_reg[6]}]  \
  [get_cells {r_addr_reg_reg[7]}]  \
  [get_cells {r_addr_reg_reg[8]}]  \
  [get_cells {r_addr_reg_reg[9]}]  \
  [get_cells {r_addr_reg_reg[10]}]  \
  [get_cells {r_addr_reg_reg[11]}]  \
  [get_cells {r_addr_reg_reg[12]}]  \
  [get_cells {r_addr_reg_reg[13]}]  \
  [get_cells {r_addr_reg_reg[14]}]  \
  [get_cells {r_addr_reg_reg[15]}]  \
  [get_cells {r_count_reg_reg[0]}]  \
  [get_cells {r_count_reg_reg[1]}]  \
  [get_cells {r_count_reg_reg[2]}]  \
  [get_cells {r_count_reg_reg[3]}]  \
  [get_cells {r_count_reg_reg[4]}]  \
  [get_cells {r_count_reg_reg[5]}]  \
  [get_cells {r_count_reg_reg[6]}]  \
  [get_cells {r_count_reg_reg[7]}]  \
  [get_cells r_error_reg_reg]  \
  [get_cells {r_id_reg_reg[0]}]  \
  [get_cells {r_id_reg_reg[1]}]  \
  [get_cells {r_id_reg_reg[2]}]  \
  [get_cells {r_id_reg_reg[3]}]  \
  [get_cells {r_id_reg_reg[4]}]  \
  [get_cells r_incr_reg_reg]  \
  [get_cells {r_len_reg_reg[0]}]  \
  [get_cells {r_len_reg_reg[1]}]  \
  [get_cells {r_len_reg_reg[2]}]  \
  [get_cells {r_len_reg_reg[3]}]  \
  [get_cells {r_len_reg_reg[4]}]  \
  [get_cells {r_len_reg_reg[5]}]  \
  [get_cells {r_len_reg_reg[6]}]  \
  [get_cells {r_len_reg_reg[7]}]  \
  [get_cells s_axi_arready_reg]  \
  [get_cells {s_axi_bid_reg[0]}]  \
  [get_cells {s_axi_bid_reg[1]}]  \
  [get_cells {s_axi_bid_reg[2]}]  \
  [get_cells {s_axi_bid_reg[3]}]  \
  [get_cells {s_axi_bid_reg[4]}]  \
  [get_cells {s_axi_bresp_reg[1]}]  \
  [get_cells s_axi_bvalid_reg]  \
  [get_cells {s_axi_rdata_reg[0]}]  \
  [get_cells {s_axi_rdata_reg[1]}]  \
  [get_cells {s_axi_rdata_reg[2]}]  \
  [get_cells {s_axi_rdata_reg[3]}]  \
  [get_cells {s_axi_rdata_reg[4]}]  \
  [get_cells {s_axi_rdata_reg[5]}]  \
  [get_cells {s_axi_rdata_reg[6]}]  \
  [get_cells {s_axi_rdata_reg[7]}]  \
  [get_cells {s_axi_rdata_reg[8]}]  \
  [get_cells {s_axi_rdata_reg[9]}]  \
  [get_cells {s_axi_rdata_reg[10]}]  \
  [get_cells {s_axi_rdata_reg[11]}]  \
  [get_cells {s_axi_rdata_reg[12]}]  \
  [get_cells {s_axi_rdata_reg[13]}]  \
  [get_cells {s_axi_rdata_reg[14]}]  \
  [get_cells {s_axi_rdata_reg[15]}]  \
  [get_cells {s_axi_rdata_reg[16]}]  \
  [get_cells {s_axi_rdata_reg[17]}]  \
  [get_cells {s_axi_rdata_reg[18]}]  \
  [get_cells {s_axi_rdata_reg[19]}]  \
  [get_cells {s_axi_rdata_reg[20]}]  \
  [get_cells {s_axi_rdata_reg[21]}]  \
  [get_cells {s_axi_rdata_reg[22]}]  \
  [get_cells {s_axi_rdata_reg[23]}]  \
  [get_cells {s_axi_rdata_reg[24]}]  \
  [get_cells {s_axi_rdata_reg[25]}]  \
  [get_cells {s_axi_rdata_reg[26]}]  \
  [get_cells {s_axi_rdata_reg[27]}]  \
  [get_cells {s_axi_rdata_reg[28]}]  \
  [get_cells {s_axi_rdata_reg[29]}]  \
  [get_cells {s_axi_rdata_reg[30]}]  \
  [get_cells {s_axi_rdata_reg[31]}]  \
  [get_cells s_axi_rlast_reg]  \
  [get_cells {s_axi_rresp_reg[1]}]  \
  [get_cells s_axi_rvalid_reg]  \
  [get_cells s_axi_wready_reg]  \
  [get_cells {state_reg[0]}]  \
  [get_cells {state_reg[1]}]  \
  [get_cells {state_reg[2]}]  \
  [get_cells {state_reg[3]}]  \
  [get_cells {w_addr_reg_reg[2]}]  \
  [get_cells {w_addr_reg_reg[3]}]  \
  [get_cells {w_addr_reg_reg[4]}]  \
  [get_cells {w_addr_reg_reg[5]}]  \
  [get_cells {w_addr_reg_reg[6]}]  \
  [get_cells {w_addr_reg_reg[7]}]  \
  [get_cells {w_addr_reg_reg[8]}]  \
  [get_cells {w_addr_reg_reg[9]}]  \
  [get_cells {w_addr_reg_reg[10]}]  \
  [get_cells {w_addr_reg_reg[11]}]  \
  [get_cells {w_addr_reg_reg[12]}]  \
  [get_cells {w_addr_reg_reg[13]}]  \
  [get_cells {w_addr_reg_reg[14]}]  \
  [get_cells {w_addr_reg_reg[15]}]  \
  [get_cells {w_count_reg_reg[0]}]  \
  [get_cells {w_count_reg_reg[1]}]  \
  [get_cells {w_count_reg_reg[2]}]  \
  [get_cells {w_count_reg_reg[3]}]  \
  [get_cells {w_count_reg_reg[4]}]  \
  [get_cells {w_count_reg_reg[5]}]  \
  [get_cells {w_count_reg_reg[6]}]  \
  [get_cells {w_count_reg_reg[7]}]  \
  [get_cells w_drop_reg_reg]  \
  [get_cells w_error_reg_reg]  \
  [get_cells w_finish_hold_reg]  \
  [get_cells w_incr_reg_reg]  \
  [get_cells {w_len_reg_reg[0]}]  \
  [get_cells {w_len_reg_reg[1]}]  \
  [get_cells {w_len_reg_reg[2]}]  \
  [get_cells {w_len_reg_reg[3]}]  \
  [get_cells {w_len_reg_reg[4]}]  \
  [get_cells {w_len_reg_reg[5]}]  \
  [get_cells {w_len_reg_reg[6]}]  \
  [get_cells {w_len_reg_reg[7]}]  \
  [get_cells {wdata_hold_reg[0]}]  \
  [get_cells {wdata_hold_reg[1]}]  \
  [get_cells {wdata_hold_reg[2]}]  \
  [get_cells {wdata_hold_reg[3]}]  \
  [get_cells {wdata_hold_reg[4]}]  \
  [get_cells {wdata_hold_reg[5]}]  \
  [get_cells {wdata_hold_reg[6]}]  \
  [get_cells {wdata_hold_reg[7]}]  \
  [get_cells {wdata_hold_reg[8]}]  \
  [get_cells {wdata_hold_reg[9]}]  \
  [get_cells {wdata_hold_reg[10]}]  \
  [get_cells {wdata_hold_reg[11]}]  \
  [get_cells {wdata_hold_reg[12]}]  \
  [get_cells {wdata_hold_reg[13]}]  \
  [get_cells {wdata_hold_reg[14]}]  \
  [get_cells {wdata_hold_reg[15]}]  \
  [get_cells {wdata_hold_reg[16]}]  \
  [get_cells {wdata_hold_reg[17]}]  \
  [get_cells {wdata_hold_reg[18]}]  \
  [get_cells {wdata_hold_reg[19]}]  \
  [get_cells {wdata_hold_reg[20]}]  \
  [get_cells {wdata_hold_reg[21]}]  \
  [get_cells {wdata_hold_reg[22]}]  \
  [get_cells {wdata_hold_reg[23]}]  \
  [get_cells {wdata_hold_reg[24]}]  \
  [get_cells {wdata_hold_reg[25]}]  \
  [get_cells {wdata_hold_reg[26]}]  \
  [get_cells {wdata_hold_reg[27]}]  \
  [get_cells {wdata_hold_reg[28]}]  \
  [get_cells {wdata_hold_reg[29]}]  \
  [get_cells {wdata_hold_reg[30]}]  \
  [get_cells {wdata_hold_reg[31]}]  \
  [get_cells {wstrb_hold_reg[0]}]  \
  [get_cells {wstrb_hold_reg[1]}]  \
  [get_cells {wstrb_hold_reg[2]}]  \
  [get_cells {wstrb_hold_reg[3]}] ]
<CMD> setDesignMode -process 7
##  Process: 7             (User Set)               
##     Node: (not set)                           

##  Check design process and node:  
##  Design tech node is not set.

Applying the recommended capacitance filtering threshold values for 7nm process node: total_c_th=0, relative_c_th=1 and coupling_c_th=0.1.
	These values will be used by all post-route extraction engines, including TQuantus, IQuantus and Quantus QRC extraction.
	Capacitance filtering mode(-capFilterMode option of the setExtractRCMode) is 'relAndCoup' for all engines.
	The accuracy mode for postRoute effortLevel low extraction will be set to 'high'.
	Default value for EffortLevel(-effortLevel option of the setExtractRCMode) in postRoute extraction mode is 'medium'.
<CMD> setDesignMode -bottomRoutingLayer 2 -topRoutingLayer 7
<CMD> setMultiCpuUsage -acquireLicense 12
Total CPU(s) requested: 12
Total CPU(s) enabled with current License(s): 8
Current free CPU(s): 8
Additional license(s) checked out: 1 Innovus_CPU_Opt license(s) for 8 CPU(s)
[12:43:41.214562] Periodic Lic check successful
[12:43:41.214568] Feature usage summary:
[12:43:41.214569] Innovus_Impl_System
[12:43:41.214569] Innovus_CPU_Opt

Total CPU(s) now enabled: 16
<CMD> setMultiCpuUsage -localCpu 12
<CMD> setDistributeHost -local
The timeout for a remote job to respond is 3600 seconds.
Submit command for task runs will be: local
<CMD> floorPlan -s 620.928 766.464 2.16 2.16 2.16 2.16
The core height changes from 766.464000 to 766.512000 when snapping to grid "PlacementGrid".
Start create_tracks
**WARN: (IMPFP-325):	Floorplan of the design is resized. All current floorplan objects are automatically derived based on specified new floorplan. This may change blocks, fixed standard cells, existing routes and blockages.
<CMD> checkFPlan -reportUtil -outFile ./verify_rpt/reportUtil_hierFP_proto.rpt
Checking routing tracks.....
Checking other grids.....
Checking FINFET Grid is on Manufacture Grid.....
Checking core/die box is on Grid.....
Checking snap rule ......
Checking Row is on grid......
Checking AreaIO row.....
Checking row out of die ...
Checking routing blockage.....
Checking placement blockage.....
placeBlkGrid grid_type = 1 
Checking components.....
Checking IO Pads out of die...
Checking constraints (guide/region/fence).....

Checking Preroutes.....
No. of regular pre-routes not on tracks : 0 

Reporting Utilizations.....

Core utilization  = 70.971611
Effective Utilizations
Extracting standard cell pins and blockage ...... 
Pin and blockage extraction finished
Extracting macro/IO cell pins and blockage ...... 
Pin and blockage extraction finished
Multithreaded Timing Analysis is initialized with 12 threads

Average macro density = 0.706.
Average macro with halo density = 0.706.
Average module density = 0.711.
Pure std cell Density 0.015487
 Density for the design = 0.711.
       = (stdcell_area 9276 sites (2164 um^2) + block_area 1438720 sites (335625 um^2)) / alloc_area 2037666 sites (475347 um^2).
Density for the design with macro halo = 0.711.
       = (stdcell_area 9276 sites (2164 um^2) + block_area with halo 1438720 sites (335625 um^2)) / alloc_area 2037666 sites (475347 um^2).
Pin Density = 0.003074.
            = total # of pins 6263 / total area 2037666.
*** Message Summary: 0 warning(s), 0 error(s)

<CMD> checkFPlan -reportUtil -outFile ./verify_rpt/reportUtil_hierFP_final.rpt
Checking routing tracks.....
Checking other grids.....
Checking FINFET Grid is on Manufacture Grid.....
Checking core/die box is on Grid.....
Checking snap rule ......
Checking Row is on grid......
Checking AreaIO row.....
Checking row out of die ...
Checking routing blockage.....
Checking placement blockage.....
placeBlkGrid grid_type = 1 
Checking components.....
Checking IO Pads out of die...
Checking constraints (guide/region/fence).....

Checking Preroutes.....
No. of regular pre-routes not on tracks : 0 

Reporting Utilizations.....

Core utilization  = 70.971611
Effective Utilizations
Average macro density = 0.706.
Average macro with halo density = 0.706.
Average module density = 0.711.
Pure std cell Density 0.015487
 Density for the design = 0.711.
       = (stdcell_area 9276 sites (2164 um^2) + block_area 1438720 sites (335625 um^2)) / alloc_area 2037666 sites (475347 um^2).
Density for the design with macro halo = 0.711.
       = (stdcell_area 9276 sites (2164 um^2) + block_area with halo 1438720 sites (335625 um^2)) / alloc_area 2037666 sites (475347 um^2).
Pin Density = 0.003074.
            = total # of pins 6263 / total area 2037666.
*** Message Summary: 0 warning(s), 0 error(s)

<CMD> saveFPlan ./outputs/FloorPlan.fp
<CMD> saveDesign ./saved/axi_ram_hierFP.enc
#% Begin save design ... (date=08/14 12:43:41, mem=2415.4M)
% Begin Save ccopt configuration ... (date=08/14 12:43:41, mem=2415.5M)
% End Save ccopt configuration ... (date=08/14 12:43:41, total cpu=0:00:00.1, real=0:00:00.0, peak res=2417.0M, current mem=2417.0M)
% Begin Save netlist data ... (date=08/14 12:43:41, mem=2417.0M)
Writing Binary DB to /home/user1/Desktop/Script_Backend/Asap7/run_workspace/sram_axi/innovus/saved/axi_ram_hierFP.enc.dat/vbin/axi_ram.v.bin in multi-threaded mode...
% End Save netlist data ... (date=08/14 12:43:41, total cpu=0:00:00.1, real=0:00:00.0, peak res=2424.8M, current mem=2420.2M)
Saving symbol-table file in separate thread ...
Saving congestion map file in separate thread ...
Saving congestion map file /home/user1/Desktop/Script_Backend/Asap7/run_workspace/sram_axi/innovus/saved/axi_ram_hierFP.enc.dat/axi_ram.route.congmap.gz ...
% Begin Save AAE data ... (date=08/14 12:43:41, mem=2421.6M)
Saving AAE Data ...
% End Save AAE data ... (date=08/14 12:43:41, total cpu=0:00:00.1, real=0:00:00.0, peak res=2429.7M, current mem=2421.8M)
Saving preference file /home/user1/Desktop/Script_Backend/Asap7/run_workspace/sram_axi/innovus/saved/axi_ram_hierFP.enc.dat/gui.pref.tcl ...
Saving mode setting ...
**WARN: (IMPMF-5054):	fill_setting_save command is obsolete and should not be used any more. It still works in this release but will be removed in future release. Recommend to use Pegasus metal fill flow which is the replacement.
Saving global file ...
*info - save blackBox cells to lef file /home/user1/Desktop/Script_Backend/Asap7/run_workspace/sram_axi/innovus/saved/axi_ram_hierFP.enc.dat/axi_ram.bbox.lef
Saving Drc markers ...
... No Drc file written since there is no markers found.
Saving special route data file in separate thread ...
Saving PG Conn data in separate thread ...
Saving placement file in separate thread ...
Saving route file in separate thread ...
Saving property file in separate thread ...
** Saving stdCellPlacement_binary (version# 2) ...
TAT_INFO: ::saveSpecialRoute REAL = 0 : CPU = 0 : MEM = 0.
Save Adaptive View Pruning View Names to Binary file
TAT_INFO: savePGConnFile REAL = 0 : CPU = 0 : MEM = 0.
Saving property file /home/user1/Desktop/Script_Backend/Asap7/run_workspace/sram_axi/innovus/saved/axi_ram_hierFP.enc.dat/axi_ram.prop
TAT_INFO: ::savePlace REAL = 0 : CPU = 0 : MEM = 0.
*** Completed saveProperty (cpu=0:00:00.0 real=0:00:00.0 mem=2952.2M) ***
*** Completed saveRoute (cpu=0:00:00.0 real=0:00:00.0 mem=2952.2M) ***
TAT_INFO: ::saveRoute REAL = 0 : CPU = 0 : MEM = 0.
TAT_INFO: ::db::saveAnnotationAndProp REAL = 0 : CPU = 0 : MEM = 0.
Saving preRoute extracted patterns in file '/home/user1/Desktop/Script_Backend/Asap7/run_workspace/sram_axi/innovus/saved/axi_ram_hierFP.enc.dat/axi_ram.techData.gz' ...
Saving preRoute extraction data in directory '/home/user1/Desktop/Script_Backend/Asap7/run_workspace/sram_axi/innovus/saved/axi_ram_hierFP.enc.dat/extraction/' ...
TAT_INFO: ::db::saveSymbolTable REAL = 0 : CPU = 0 : MEM = 0.
TAT_INFO: ::saveCongMap REAL = 0 : CPU = 0 : MEM = 0.
% Begin Save power constraints data ... (date=08/14 12:43:42, mem=2430.3M)
% End Save power constraints data ... (date=08/14 12:43:42, total cpu=0:00:00.1, real=0:00:00.0, peak res=2430.6M, current mem=2430.6M)
rccorner
rccorner
rccorner
Generated self-contained design axi_ram_hierFP.enc.dat
libset
rccorner
mode_normal
./outputs/axi_ram_syn.innovus.sdc
#% End save design ... (date=08/14 12:43:42, total cpu=0:00:01.1, real=0:00:01.0, peak res=2464.5M, current mem=2432.1M)

*** Summary of all messages that are not suppressed in this session:
Severity  ID               Count  Summary                                  
WARNING   IMPMF-5054           1  fill_setting_save command is obsolete an...
*** Message Summary: 1 warning(s), 0 error(s)

<CMD> placeInstance {u_mem/G_SRAM_BANK[0].u_sram} 2.160000 2.160000 R180
<CMD> placeInstance {u_mem/G_SRAM_BANK[1].u_sram} 127.872000 2.160000 R180
<CMD> placeInstance {u_mem/G_SRAM_BANK[2].u_sram} 253.584000 2.160000 R180
<CMD> placeInstance {u_mem/G_SRAM_BANK[3].u_sram} 379.296000 2.160000 R180
<CMD> placeInstance {u_mem/G_SRAM_BANK[4].u_sram} 379.296000 179.280000 R180
<CMD> placeInstance {u_mem/G_SRAM_BANK[5].u_sram} 253.584000 179.280000 R180
<CMD> placeInstance {u_mem/G_SRAM_BANK[6].u_sram} 127.872000 179.280000 R180
<CMD> placeInstance {u_mem/G_SRAM_BANK[7].u_sram} 2.160000 179.280000 R180
<CMD> placeInstance {u_mem/G_SRAM_BANK[8].u_sram} 2.160000 356.400000 R180
<CMD> placeInstance {u_mem/G_SRAM_BANK[9].u_sram} 127.872000 356.400000 R180
<CMD> placeInstance {u_mem/G_SRAM_BANK[10].u_sram} 253.584000 356.400000 R180
<CMD> placeInstance {u_mem/G_SRAM_BANK[11].u_sram} 379.296000 356.400000 R180
<CMD> placeInstance {u_mem/G_SRAM_BANK[12].u_sram} 379.296000 533.520000 R180
<CMD> placeInstance {u_mem/G_SRAM_BANK[13].u_sram} 253.584000 533.520000 R180
<CMD> placeInstance {u_mem/G_SRAM_BANK[14].u_sram} 127.872000 533.520000 R180
<CMD> placeInstance {u_mem/G_SRAM_BANK[15].u_sram} 2.160000 533.520000 R180
<CMD> createInstGroup SRAM_ISLAND_GROUP -fence 2.16 2.16 505.008 710.64
<CMD> addInstToInstGroup SRAM_ISLAND_GROUP {u_mem/G_SRAM_BANK[0].u_sram}
<CMD> addInstToInstGroup SRAM_ISLAND_GROUP {u_mem/G_SRAM_BANK[1].u_sram}
<CMD> addInstToInstGroup SRAM_ISLAND_GROUP {u_mem/G_SRAM_BANK[2].u_sram}
<CMD> addInstToInstGroup SRAM_ISLAND_GROUP {u_mem/G_SRAM_BANK[3].u_sram}
<CMD> addInstToInstGroup SRAM_ISLAND_GROUP {u_mem/G_SRAM_BANK[4].u_sram}
<CMD> addInstToInstGroup SRAM_ISLAND_GROUP {u_mem/G_SRAM_BANK[5].u_sram}
<CMD> addInstToInstGroup SRAM_ISLAND_GROUP {u_mem/G_SRAM_BANK[6].u_sram}
<CMD> addInstToInstGroup SRAM_ISLAND_GROUP {u_mem/G_SRAM_BANK[7].u_sram}
<CMD> addInstToInstGroup SRAM_ISLAND_GROUP {u_mem/G_SRAM_BANK[8].u_sram}
<CMD> addInstToInstGroup SRAM_ISLAND_GROUP {u_mem/G_SRAM_BANK[9].u_sram}
<CMD> addInstToInstGroup SRAM_ISLAND_GROUP {u_mem/G_SRAM_BANK[10].u_sram}
<CMD> addInstToInstGroup SRAM_ISLAND_GROUP {u_mem/G_SRAM_BANK[11].u_sram}
<CMD> addInstToInstGroup SRAM_ISLAND_GROUP {u_mem/G_SRAM_BANK[12].u_sram}
<CMD> addInstToInstGroup SRAM_ISLAND_GROUP {u_mem/G_SRAM_BANK[13].u_sram}
<CMD> addInstToInstGroup SRAM_ISLAND_GROUP {u_mem/G_SRAM_BANK[14].u_sram}
<CMD> addInstToInstGroup SRAM_ISLAND_GROUP {u_mem/G_SRAM_BANK[15].u_sram}
<CMD> addHaloToBlock -allBlock 2.16 2.16 2.16 2.16
<CMD> placeInstance {u_mem/G_SRAM_BANK[0].u_sram} 2.160000 2.160000 R180
<CMD> placeInstance {u_mem/G_SRAM_BANK[1].u_sram} 127.872000 2.160000 R180
<CMD> placeInstance {u_mem/G_SRAM_BANK[2].u_sram} 253.584000 2.160000 R180
<CMD> placeInstance {u_mem/G_SRAM_BANK[3].u_sram} 379.296000 2.160000 R180
<CMD> placeInstance {u_mem/G_SRAM_BANK[7].u_sram} 2.160000 179.280000 R180
<CMD> placeInstance {u_mem/G_SRAM_BANK[6].u_sram} 127.872000 179.280000 R180
<CMD> placeInstance {u_mem/G_SRAM_BANK[5].u_sram} 253.584000 179.280000 R180
<CMD> placeInstance {u_mem/G_SRAM_BANK[4].u_sram} 379.296000 179.280000 R180
<CMD> placeInstance {u_mem/G_SRAM_BANK[8].u_sram} 2.160000 356.400000 R180
<CMD> placeInstance {u_mem/G_SRAM_BANK[9].u_sram} 127.872000 356.400000 R180
<CMD> placeInstance {u_mem/G_SRAM_BANK[10].u_sram} 253.584000 356.400000 R180
<CMD> placeInstance {u_mem/G_SRAM_BANK[11].u_sram} 379.296000 356.400000 R180
<CMD> placeInstance {u_mem/G_SRAM_BANK[15].u_sram} 2.160000 533.520000 R180
<CMD> placeInstance {u_mem/G_SRAM_BANK[14].u_sram} 127.872000 533.520000 R180
<CMD> placeInstance {u_mem/G_SRAM_BANK[13].u_sram} 253.584000 533.520000 R180
<CMD> placeInstance {u_mem/G_SRAM_BANK[12].u_sram} 379.296000 533.520000 R180
<CMD> addHaloToBlock -allBlock 2.16 2.16 2.16 2.16
<CMD> addHaloToBlock -allBlock 2.16 2.16 2.16 2.16
<CMD> snapFPlan -block
<CMD> cutRow -area {2.16 2.16 502.848 708.48}
<CMD> createPlaceBlockage -name SRAM_ISLAND_GROUP_BLOCKAGE -type hard -noCutByCore -box {2.16 2.16 502.848 708.48}
<CMD> checkFPlan -reportUtil -outFile ./verify_rpt/reportUtil_after_macroFP.rpt
Checking routing tracks.....
Checking other grids.....
Checking FINFET Grid is on Manufacture Grid.....
Checking core/die box is on Grid.....
Checking snap rule ......
Checking Row is on grid......
Checking AreaIO row.....
Checking row out of die ...
Checking routing blockage.....
Checking placement blockage.....
placeBlkGrid grid_type = 1 
Checking components.....
Checking IO Pads out of die...
Checking constraints (guide/region/fence).....

Checking Preroutes.....
No. of regular pre-routes not on tracks : 0 

Reporting Utilizations.....

Core utilization  = 75.306773
TU for group SRAM_ISLAND_GROUP = 94.208365
Effective Utilizations

Average macro density = 0.000.
Average module density = 0.018.
Density for module 'SRAM_ISLAND_GROUP' = 0.000.
       = stdcell_area 0 sites (0 um^2) / alloc_area 0 sites (0 um^2).
Pure std cell Density 0.017781
 Density for the rest of the design = 0.018.
       = stdcell_area 9276 sites (2164 um^2) / alloc_area 521694 sites (121701 um^2).
Density for the design = 0.018.
       = stdcell_area 9276 sites (2164 um^2) / alloc_area 521694 sites (121701 um^2).
Pin Density = 0.003074.
            = total # of pins 6263 / total area 2037666.
*** Message Summary: 0 warning(s), 0 error(s)

<CMD> saveFPlan ./outputs/FloorPlan_withMacro.fp
<CMD> saveDesign ./saved/axi_ram_macroFP.enc
#% Begin save design ... (date=08/14 12:43:42, mem=2434.2M)
% Begin Save ccopt configuration ... (date=08/14 12:43:42, mem=2434.2M)
% End Save ccopt configuration ... (date=08/14 12:43:42, total cpu=0:00:00.1, real=0:00:01.0, peak res=2434.5M, current mem=2434.5M)
% Begin Save netlist data ... (date=08/14 12:43:43, mem=2434.5M)
Writing Binary DB to /home/user1/Desktop/Script_Backend/Asap7/run_workspace/sram_axi/innovus/saved/axi_ram_macroFP.enc.dat/vbin/axi_ram.v.bin in multi-threaded mode...
% End Save netlist data ... (date=08/14 12:43:43, total cpu=0:00:00.1, real=0:00:00.0, peak res=2434.5M, current mem=2434.5M)
Saving symbol-table file in separate thread ...
Saving congestion map file in separate thread ...
Saving congestion map file /home/user1/Desktop/Script_Backend/Asap7/run_workspace/sram_axi/innovus/saved/axi_ram_macroFP.enc.dat/axi_ram.route.congmap.gz ...
% Begin Save AAE data ... (date=08/14 12:43:43, mem=2434.8M)
Saving AAE Data ...
% End Save AAE data ... (date=08/14 12:43:43, total cpu=0:00:00.1, real=0:00:00.0, peak res=2434.8M, current mem=2434.0M)
Saving preference file /home/user1/Desktop/Script_Backend/Asap7/run_workspace/sram_axi/innovus/saved/axi_ram_macroFP.enc.dat/gui.pref.tcl ...
Saving mode setting ...
**WARN: (IMPMF-5054):	fill_setting_save command is obsolete and should not be used any more. It still works in this release but will be removed in future release. Recommend to use Pegasus metal fill flow which is the replacement.
Saving global file ...
*info - save blackBox cells to lef file /home/user1/Desktop/Script_Backend/Asap7/run_workspace/sram_axi/innovus/saved/axi_ram_macroFP.enc.dat/axi_ram.bbox.lef
Saving Drc markers ...
... No Drc file written since there is no markers found.
Saving special route data file in separate thread ...
Saving PG Conn data in separate thread ...
Saving placement file in separate thread ...
Saving route file in separate thread ...
Saving property file in separate thread ...
** Saving stdCellPlacement_binary (version# 2) ...
Save Adaptive View Pruning View Names to Binary file
TAT_INFO: ::saveSpecialRoute REAL = 0 : CPU = 0 : MEM = 0.
TAT_INFO: savePGConnFile REAL = 0 : CPU = 0 : MEM = 0.
Saving property file /home/user1/Desktop/Script_Backend/Asap7/run_workspace/sram_axi/innovus/saved/axi_ram_macroFP.enc.dat/axi_ram.prop
TAT_INFO: ::savePlace REAL = 0 : CPU = 0 : MEM = 0.
*** Completed saveProperty (cpu=0:00:00.0 real=0:00:00.0 mem=2995.7M) ***
*** Completed saveRoute (cpu=0:00:00.0 real=0:00:00.0 mem=2995.7M) ***
TAT_INFO: ::saveRoute REAL = 0 : CPU = 0 : MEM = 0.
TAT_INFO: ::db::saveAnnotationAndProp REAL = 0 : CPU = 0 : MEM = 0.
Saving preRoute extracted patterns in file '/home/user1/Desktop/Script_Backend/Asap7/run_workspace/sram_axi/innovus/saved/axi_ram_macroFP.enc.dat/axi_ram.techData.gz' ...
Saving preRoute extraction data in directory '/home/user1/Desktop/Script_Backend/Asap7/run_workspace/sram_axi/innovus/saved/axi_ram_macroFP.enc.dat/extraction/' ...
TAT_INFO: ::db::saveSymbolTable REAL = 0 : CPU = 0 : MEM = 0.
TAT_INFO: ::saveCongMap REAL = 0 : CPU = 0 : MEM = 0.
% Begin Save power constraints data ... (date=08/14 12:43:43, mem=2437.5M)
% End Save power constraints data ... (date=08/14 12:43:43, total cpu=0:00:00.1, real=0:00:00.0, peak res=2437.5M, current mem=2437.5M)
rccorner
rccorner
rccorner
Generated self-contained design axi_ram_macroFP.enc.dat
libset
rccorner
mode_normal
./outputs/axi_ram_syn.innovus.sdc
#% End save design ... (date=08/14 12:43:44, total cpu=0:00:01.1, real=0:00:02.0, peak res=2471.4M, current mem=2437.9M)

*** Summary of all messages that are not suppressed in this session:
Severity  ID               Count  Summary                                  
WARNING   IMPMF-5054           1  fill_setting_save command is obsolete an...
*** Message Summary: 1 warning(s), 0 error(s)

<CMD> deleteRouteBlk -name SRAM_BODY_SIGNAL_GUARD_* -type routes
**WARN: (IMPFP-6001):	NO matching routing blockage found. Nothing deleted. 
<CMD> createRouteBlk -name SRAM_BODY_SIGNAL_GUARD_00 -box {2.16 2.16 123.552 174.96} -layer {M6 M7} -exceptpgnet
<CMD> createRouteBlk -name SRAM_BODY_SIGNAL_GUARD_01 -box {127.872 2.16 249.264 174.96} -layer {M6 M7} -exceptpgnet
<CMD> createRouteBlk -name SRAM_BODY_SIGNAL_GUARD_02 -box {253.584 2.16 374.976 174.96} -layer {M6 M7} -exceptpgnet
<CMD> createRouteBlk -name SRAM_BODY_SIGNAL_GUARD_03 -box {379.296 2.16 500.688 174.96} -layer {M6 M7} -exceptpgnet
<CMD> createRouteBlk -name SRAM_BODY_SIGNAL_GUARD_04 -box {379.296 179.28 500.688 352.08} -layer {M6 M7} -exceptpgnet
<CMD> createRouteBlk -name SRAM_BODY_SIGNAL_GUARD_05 -box {253.584 179.28 374.976 352.08} -layer {M6 M7} -exceptpgnet
<CMD> createRouteBlk -name SRAM_BODY_SIGNAL_GUARD_06 -box {127.872 179.28 249.264 352.08} -layer {M6 M7} -exceptpgnet
<CMD> createRouteBlk -name SRAM_BODY_SIGNAL_GUARD_07 -box {2.16 179.28 123.552 352.08} -layer {M6 M7} -exceptpgnet
<CMD> createRouteBlk -name SRAM_BODY_SIGNAL_GUARD_08 -box {2.16 356.4 123.552 529.2} -layer {M6 M7} -exceptpgnet
<CMD> createRouteBlk -name SRAM_BODY_SIGNAL_GUARD_09 -box {127.872 356.4 249.264 529.2} -layer {M6 M7} -exceptpgnet
<CMD> createRouteBlk -name SRAM_BODY_SIGNAL_GUARD_10 -box {253.584 356.4 374.976 529.2} -layer {M6 M7} -exceptpgnet
<CMD> createRouteBlk -name SRAM_BODY_SIGNAL_GUARD_11 -box {379.296 356.4 500.688 529.2} -layer {M6 M7} -exceptpgnet
<CMD> createRouteBlk -name SRAM_BODY_SIGNAL_GUARD_12 -box {379.296 533.52 500.688 706.32} -layer {M6 M7} -exceptpgnet
<CMD> createRouteBlk -name SRAM_BODY_SIGNAL_GUARD_13 -box {253.584 533.52 374.976 706.32} -layer {M6 M7} -exceptpgnet
<CMD> createRouteBlk -name SRAM_BODY_SIGNAL_GUARD_14 -box {127.872 533.52 249.264 706.32} -layer {M6 M7} -exceptpgnet
<CMD> createRouteBlk -name SRAM_BODY_SIGNAL_GUARD_15 -box {2.16 533.52 123.552 706.32} -layer {M6 M7} -exceptpgnet
<CMD> setRouteMode -earlyGlobalReverseDirection {(2.160000 2.160000 123.552000 174.960000) M5:M5 (127.872000 2.160000 249.264000 174.960000) M5:M5 (253.584000 2.160000 374.976000 174.960000) M5:M5 (379.296000 2.160000 500.688000 174.960000) M5:M5 (379.296000 179.280000 500.688000 352.080000) M5:M5 (253.584000 179.280000 374.976000 352.080000) M5:M5 (127.872000 179.280000 249.264000 352.080000) M5:M5 (2.160000 179.280000 123.552000 352.080000) M5:M5 (2.160000 356.400000 123.552000 529.200000) M5:M5 (127.872000 356.400000 249.264000 529.200000) M5:M5 (253.584000 356.400000 374.976000 529.200000) M5:M5 (379.296000 356.400000 500.688000 529.200000) M5:M5 (379.296000 533.520000 500.688000 706.320000) M5:M5 (253.584000 533.520000 374.976000 706.320000) M5:M5 (127.872000 533.520000 249.264000 706.320000) M5:M5 (2.160000 533.520000 123.552000 706.320000) M5:M5}
<CMD> checkFPlan -reportUtil -outFile ./verify_rpt/reportUtil_before_pnr.rpt
Checking routing tracks.....
Checking other grids.....
Checking FINFET Grid is on Manufacture Grid.....
Checking core/die box is on Grid.....
Checking snap rule ......
Checking Row is on grid......
Checking AreaIO row.....
Checking row out of die ...
Checking routing blockage.....
Checking placement blockage.....
placeBlkGrid grid_type = 1 
Checking components.....
Checking IO Pads out of die...
Checking constraints (guide/region/fence).....

Checking Preroutes.....
No. of regular pre-routes not on tracks : 0 

Reporting Utilizations.....

Core utilization  = 75.306773
TU for group SRAM_ISLAND_GROUP = 94.208365
Effective Utilizations

Average macro density = 0.000.
Average module density = 0.018.
Density for module 'SRAM_ISLAND_GROUP' = 0.000.
       = stdcell_area 0 sites (0 um^2) / alloc_area 0 sites (0 um^2).
Pure std cell Density 0.017781
 Density for the rest of the design = 0.018.
       = stdcell_area 9276 sites (2164 um^2) / alloc_area 521694 sites (121701 um^2).
Density for the design = 0.018.
       = stdcell_area 9276 sites (2164 um^2) / alloc_area 521694 sites (121701 um^2).
Pin Density = 0.003074.
            = total # of pins 6263 / total area 2037666.
*** Message Summary: 0 warning(s), 0 error(s)

<CMD> setAddStripeMode -reset
<CMD> setAddStripeMode -allow_jog none
addStripe will not allow jog to connect padcore ring and block ring.

<CMD> clearGlobalNets
<CMD> deletePGPin -net VDD
<CMD> deletePGPin -net VSS
<CMD> deleteAllPowerPreroutes
<CMD> globalNetConnect VDD -type pgpin -pin VDD -inst * -module {} -override
<CMD> globalNetConnect VSS -type pgpin -pin VSS -inst * -module {} -override
<CMD> globalNetConnect VDD -type tiehi -inst * -module {} -override
<CMD> globalNetConnect VSS -type tielo -inst * -module {} -override
<CMD> applyGlobalNets
*** Checked 4 GNC rules.
*** Applying global-net connections...
*** Applied 4 GNC rules (cpu = 0:00:00.0)
<CMD> addRing -nets VDD -type core_rings -follow core -layer {top M8 bottom M8 left M9 right M9} -width 0.480 -spacing 0.480 -offset 0.192 -snap_wire_center_to_grid Grid
#% Begin addRing (date=08/14 12:43:44, mem=2437.6M)

viaInitial starts at Fri Aug 14 12:43:44 2026
viaInitial ends at Fri Aug 14 12:43:44 2026
setAddStripeMode -use_exact_spacing true is set by default for this design under 20nm node. 
Setting -use_cce to 1. ViaGen will call CCE to colorize via and may re-colorize surrounding vias to resolve color conflict within the local range.
Setting -optimize_cross_via to 1. ViaGen will try to generate vias with the minimum enclosure.
setViaGenMode -optimize_cross_via true is set by default for this design of 12nm node or under. 
Setting -disable_via_merging to 1. ViaGen disables via merging with the via created earlier.
setViaGenMode -disable_via_merging true is set by default for this design of 12nm node or under. 
Setting -keep_existing_via to 1. ViaGen will keep the existing vias.
setViaGenMode -keep_existing_via 1 is set by default for this design of 12nm node or under. 

Loading cell geometries (cpu: 0:00:00.0, real: 0:00:00.0, peak mem: 3147.6M)
The power planner has cut rows, and such rows will be considered to be placement objects.
Ring generation is complete.
vias are now being generated.
addRing created 4 wires.
ViaGen created 4 vias, deleted 0 via to avoid violation.
+--------+----------------+----------------+
|  Layer |     Created    |     Deleted    |
+--------+----------------+----------------+
|   M8   |        2       |       NA       |
|   V8   |        4       |        0       |
|   M9   |        2       |       NA       |
+--------+----------------+----------------+
setAddStripeMode -use_exact_spacing is reset to default value: false.
setViaGenMode -disable_via_merging is reset to default value: false.
setViaGenMode -keep_existing_via is reset to default value: 0.
setViaGenMode -optimize_cross_via is reset to default value: false.
#% End addRing (date=08/14 12:43:44, total cpu=0:00:00.1, real=0:00:00.0, peak res=2460.6M, current mem=2460.6M)
<CMD> addRing -nets VSS -type core_rings -follow core -layer {top M8 bottom M8 left M9 right M9} -width 0.480 -spacing 0.480 -offset 1.152 -snap_wire_center_to_grid Grid
#% Begin addRing (date=08/14 12:43:44, mem=2460.6M)
setAddStripeMode -use_exact_spacing true is set by default for this design under 20nm node. 
Setting -use_cce to 1. ViaGen will call CCE to colorize via and may re-colorize surrounding vias to resolve color conflict within the local range.
Setting -optimize_cross_via to 1. ViaGen will try to generate vias with the minimum enclosure.
setViaGenMode -optimize_cross_via true is set by default for this design of 12nm node or under. 
Setting -disable_via_merging to 1. ViaGen disables via merging with the via created earlier.
setViaGenMode -disable_via_merging true is set by default for this design of 12nm node or under. 
Setting -keep_existing_via to 1. ViaGen will keep the existing vias.
setViaGenMode -keep_existing_via 1 is set by default for this design of 12nm node or under. 

Loading cell geometries (cpu: 0:00:00.0, real: 0:00:00.0, peak mem: 3147.6M)
The power planner has cut rows, and such rows will be considered to be placement objects.
Ring generation is complete.
vias are now being generated.
addRing created 4 wires.
ViaGen created 4 vias, deleted 0 via to avoid violation.
+--------+----------------+----------------+
|  Layer |     Created    |     Deleted    |
+--------+----------------+----------------+
|   M8   |        2       |       NA       |
|   V8   |        4       |        0       |
|   M9   |        2       |       NA       |
+--------+----------------+----------------+
setAddStripeMode -use_exact_spacing is reset to default value: false.
setViaGenMode -disable_via_merging is reset to default value: false.
setViaGenMode -keep_existing_via is reset to default value: 0.
setViaGenMode -optimize_cross_via is reset to default value: false.
#% End addRing (date=08/14 12:43:44, total cpu=0:00:00.1, real=0:00:00.0, peak res=2460.6M, current mem=2460.6M)
<CMD> deselectAll
<CMD> setAddStripeMode -allow_jog none -allow_nonpreferred_dir none -break_at none -extend_to_closest_target area_boundary -stacked_via_bottom_layer M4 -stacked_via_top_layer M8
addStripe will not allow jog to connect padcore ring and block ring.

Stripes will use preferred direction when jogging to make connections.
<CMD> addStripe -nets {VSS VDD} -layer M5 -direction vertical -width 0.096 -spacing 0.288 -start_from left -start_offset 0.720000 -number_of_sets 1 -create_pins 0 -area {0.192 0.192 2.16 708.48} -snap_wire_center_to_grid Grid -allow_snapping_override_custom_spacing 1
setAddStripeMode -use_exact_spacing true is set by default for this design under 20nm node. 
Setting -use_cce to 1. ViaGen will call CCE to colorize via and may re-colorize surrounding vias to resolve color conflict within the local range.
Setting -optimize_cross_via to 1. ViaGen will try to generate vias with the minimum enclosure.
setViaGenMode -optimize_cross_via true is set by default for this design of 12nm node or under. 
Setting -disable_via_merging to 1. ViaGen disables via merging with the via created earlier.
setViaGenMode -disable_via_merging true is set by default for this design of 12nm node or under. 
Setting -keep_existing_via to 1. ViaGen will keep the existing vias.
setViaGenMode -keep_existing_via 1 is set by default for this design of 12nm node or under. 

Initialize fgc environment(mem: 3147.6M) ...  done(cpu: 0:00:00.0, real: 0:00:00.0, peak mem: 3147.6M)
**WARN: (IMPPP-133):	The block boundary of the 'u_mem/G_SRAM_BANK[15].u_sram' instance was increased to (2.140000 533.520020) (123.552002 706.320007) because the  obs (2.140000 538.564026) (123.531998 538.864014) on layer V3 was outside the original block boundary.
Type 'man IMPPP-133' for more detail.
**WARN: (IMPPP-133):	The block boundary of the 'u_mem/G_SRAM_BANK[8].u_sram' instance was increased to (2.140000 356.399994) (123.552002 529.200012) because the  obs (2.140000 361.444000) (123.531998 361.743988) on layer V3 was outside the original block boundary.
Type 'man IMPPP-133' for more detail.
**WARN: (IMPPP-133):	The block boundary of the 'u_mem/G_SRAM_BANK[7].u_sram' instance was increased to (2.140000 179.279999) (123.552002 352.079987) because the  obs (2.140000 184.324005) (123.531998 184.623993) on layer V3 was outside the original block boundary.
Type 'man IMPPP-133' for more detail.
**WARN: (IMPPP-133):	The block boundary of the 'u_mem/G_SRAM_BANK[0].u_sram' instance was increased to (2.140000 2.160000) (123.552002 174.960007) because the  obs (2.140000 7.204000) (123.531998 7.504000) on layer V3 was outside the original block boundary.
Type 'man IMPPP-133' for more detail.
Loading cell geometries (cpu: 0:00:00.0, real: 0:00:00.0, peak mem: 3147.6M)
Loading wires (cpu: 0:00:00.0, real: 0:00:00.0, peak mem: 3147.6M)
Loading via instances (cpu: 0:00:00.0, real: 0:00:00.0, peak mem: 3147.6M)
Starting stripe generation ...
Non-Default Mode Option Settings :
  -use_exact_spacing  1
  -extend_to_area_boundary  1
  -allow_nonpreferred_dir { none }
*** Stripes and vias are being generated (current mem: 3147.637)***
Start to generate stripes.
Stripe generate is completed (cpu time: 0:00:00.0, peak mem: 3147.637M)
Start to generate vias.
    Completing 100% (cpu time: 0:00:00.0, peak mem: 3147.637M)
  stripes and vias are completed(total cpu time: 0:00:00.0, peak mem: 3147.637M)
Stripe generation is complete.
addStripe created 2 wires.
ViaGen created 3 vias, deleted 0 via to avoid violation.
+--------+----------------+----------------+
|  Layer |     Created    |     Deleted    |
+--------+----------------+----------------+
|   M5   |        2       |       NA       |
|   V5   |        1       |        0       |
|   V6   |        1       |        0       |
|   V7   |        1       |        0       |
+--------+----------------+----------------+
setAddStripeMode -use_exact_spacing is reset to default value: false.
setViaGenMode -disable_via_merging is reset to default value: false.
setViaGenMode -keep_existing_via is reset to default value: 0.
setViaGenMode -optimize_cross_via is reset to default value: false.
<CMD> setAddStripeMode -allow_jog none -allow_nonpreferred_dir none -break_at none -extend_to_closest_target area_boundary -stacked_via_bottom_layer M4 -stacked_via_top_layer M5
addStripe will not allow jog to connect padcore ring and block ring.

Stripes will use preferred direction when jogging to make connections.
<CMD> addStripe -nets {VSS VDD} -layer M4 -direction horizontal -width 0.096 -spacing 0.288 -start_from bottom -start_offset 0.780000 -number_of_sets 1 -create_pins 0 -area {0.192 706.32 502.848 708.48} -snap_wire_center_to_grid Grid -allow_snapping_override_custom_spacing 1
setAddStripeMode -use_exact_spacing true is set by default for this design under 20nm node. 
Setting -use_cce to 1. ViaGen will call CCE to colorize via and may re-colorize surrounding vias to resolve color conflict within the local range.
Setting -optimize_cross_via to 1. ViaGen will try to generate vias with the minimum enclosure.
setViaGenMode -optimize_cross_via true is set by default for this design of 12nm node or under. 
Setting -disable_via_merging to 1. ViaGen disables via merging with the via created earlier.
setViaGenMode -disable_via_merging true is set by default for this design of 12nm node or under. 
Setting -keep_existing_via to 1. ViaGen will keep the existing vias.
setViaGenMode -keep_existing_via 1 is set by default for this design of 12nm node or under. 

Initialize fgc environment(mem: 3147.6M) ...  done(cpu: 0:00:00.0, real: 0:00:00.0, peak mem: 3147.6M)
**WARN: (IMPPP-133):	The block boundary of the 'u_mem/G_SRAM_BANK[15].u_sram' instance was increased to (2.140000 533.520020) (123.552002 706.320007) because the  obs (2.140000 538.564026) (123.531998 538.864014) on layer V3 was outside the original block boundary.
Type 'man IMPPP-133' for more detail.
**WARN: (IMPPP-133):	The block boundary of the 'u_mem/G_SRAM_BANK[14].u_sram' instance was increased to (127.851997 533.520020) (249.264008 706.320007) because the  obs (127.851997 538.564026) (249.244003 538.864014) on layer V3 was outside the original block boundary.
Type 'man IMPPP-133' for more detail.
**WARN: (IMPPP-133):	The block boundary of the 'u_mem/G_SRAM_BANK[13].u_sram' instance was increased to (253.563995 533.520020) (374.976013 706.320007) because the  obs (253.563995 538.564026) (374.955994 538.864014) on layer V3 was outside the original block boundary.
Type 'man IMPPP-133' for more detail.
**WARN: (IMPPP-133):	The block boundary of the 'u_mem/G_SRAM_BANK[12].u_sram' instance was increased to (379.276001 533.520020) (500.687988 706.320007) because the  obs (379.276001 538.564026) (500.667999 538.864014) on layer V3 was outside the original block boundary.
Type 'man IMPPP-133' for more detail.
Loading cell geometries (cpu: 0:00:00.0, real: 0:00:00.0, peak mem: 3147.6M)
Loading wires (cpu: 0:00:00.0, real: 0:00:00.0, peak mem: 3147.6M)
Loading via instances (cpu: 0:00:00.0, real: 0:00:00.0, peak mem: 3147.6M)
Starting stripe generation ...
Non-Default Mode Option Settings :
  -use_exact_spacing  1
  -extend_to_area_boundary  1
  -allow_nonpreferred_dir { none }
*** Stripes and vias are being generated (current mem: 3147.637)***
Start to generate stripes.
Stripe generate is completed (cpu time: 0:00:00.0, peak mem: 3147.637M)
Start to generate vias.
    Completing 100% (cpu time: 0:00:00.0, peak mem: 3147.637M)
  stripes and vias are completed(total cpu time: 0:00:00.0, peak mem: 3147.637M)
Stripe generation is complete.
addStripe created 2 wires.
ViaGen created 2 vias, deleted 0 via to avoid violation.
+--------+----------------+----------------+
|  Layer |     Created    |     Deleted    |
+--------+----------------+----------------+
|   M4   |        2       |       NA       |
|   V4   |        2       |        0       |
+--------+----------------+----------------+
setAddStripeMode -use_exact_spacing is reset to default value: false.
setViaGenMode -disable_via_merging is reset to default value: false.
setViaGenMode -keep_existing_via is reset to default value: 0.
setViaGenMode -optimize_cross_via is reset to default value: false.
<CMD> addStripe -nets {VSS VDD} -layer M4 -direction horizontal -width 0.096 -spacing 0.288 -start_from bottom -start_offset 1.836000 -number_of_sets 1 -create_pins 0 -area {0.192 174.96 502.848 179.28} -snap_wire_center_to_grid Grid -allow_snapping_override_custom_spacing 1
setAddStripeMode -use_exact_spacing true is set by default for this design under 20nm node. 
Setting -use_cce to 1. ViaGen will call CCE to colorize via and may re-colorize surrounding vias to resolve color conflict within the local range.
Setting -optimize_cross_via to 1. ViaGen will try to generate vias with the minimum enclosure.
setViaGenMode -optimize_cross_via true is set by default for this design of 12nm node or under. 
Setting -disable_via_merging to 1. ViaGen disables via merging with the via created earlier.
setViaGenMode -disable_via_merging true is set by default for this design of 12nm node or under. 
Setting -keep_existing_via to 1. ViaGen will keep the existing vias.
setViaGenMode -keep_existing_via 1 is set by default for this design of 12nm node or under. 

Initialize fgc environment(mem: 3147.6M) ...  done(cpu: 0:00:00.0, real: 0:00:00.0, peak mem: 3147.6M)
**WARN: (IMPPP-133):	The block boundary of the 'u_mem/G_SRAM_BANK[7].u_sram' instance was increased to (2.140000 179.279999) (123.552002 352.079987) because the  obs (2.140000 184.324005) (123.531998 184.623993) on layer V3 was outside the original block boundary.
Type 'man IMPPP-133' for more detail.
**WARN: (IMPPP-133):	The block boundary of the 'u_mem/G_SRAM_BANK[6].u_sram' instance was increased to (127.851997 179.279999) (249.264008 352.079987) because the  obs (127.851997 184.324005) (249.244003 184.623993) on layer V3 was outside the original block boundary.
Type 'man IMPPP-133' for more detail.
**WARN: (IMPPP-133):	The block boundary of the 'u_mem/G_SRAM_BANK[5].u_sram' instance was increased to (253.563995 179.279999) (374.976013 352.079987) because the  obs (253.563995 184.324005) (374.955994 184.623993) on layer V3 was outside the original block boundary.
Type 'man IMPPP-133' for more detail.
**WARN: (IMPPP-133):	The block boundary of the 'u_mem/G_SRAM_BANK[4].u_sram' instance was increased to (379.276001 179.279999) (500.687988 352.079987) because the  obs (379.276001 184.324005) (500.667999 184.623993) on layer V3 was outside the original block boundary.
Type 'man IMPPP-133' for more detail.
**WARN: (IMPPP-133):	The block boundary of the 'u_mem/G_SRAM_BANK[3].u_sram' instance was increased to (379.276001 2.160000) (500.687988 174.960007) because the  obs (379.276001 7.204000) (500.667999 7.504000) on layer V3 was outside the original block boundary.
Type 'man IMPPP-133' for more detail.
**WARN: (IMPPP-133):	The block boundary of the 'u_mem/G_SRAM_BANK[2].u_sram' instance was increased to (253.563995 2.160000) (374.976013 174.960007) because the  obs (253.563995 7.204000) (374.955994 7.504000) on layer V3 was outside the original block boundary.
Type 'man IMPPP-133' for more detail.
**WARN: (IMPPP-133):	The block boundary of the 'u_mem/G_SRAM_BANK[1].u_sram' instance was increased to (127.851997 2.160000) (249.264008 174.960007) because the  obs (127.851997 7.204000) (249.244003 7.504000) on layer V3 was outside the original block boundary.
Type 'man IMPPP-133' for more detail.
**WARN: (IMPPP-133):	The block boundary of the 'u_mem/G_SRAM_BANK[0].u_sram' instance was increased to (2.140000 2.160000) (123.552002 174.960007) because the  obs (2.140000 7.204000) (123.531998 7.504000) on layer V3 was outside the original block boundary.
Type 'man IMPPP-133' for more detail.
Loading cell geometries (cpu: 0:00:00.0, real: 0:00:00.0, peak mem: 3147.6M)
Loading wires (cpu: 0:00:00.0, real: 0:00:00.0, peak mem: 3147.6M)
Loading via instances (cpu: 0:00:00.0, real: 0:00:00.0, peak mem: 3147.6M)
Starting stripe generation ...
Non-Default Mode Option Settings :
  -use_exact_spacing  1
  -extend_to_area_boundary  1
  -allow_nonpreferred_dir { none }
*** Stripes and vias are being generated (current mem: 3147.637)***
Start to generate stripes.
Stripe generate is completed (cpu time: 0:00:00.0, peak mem: 3147.637M)
Start to generate vias.
    Completing 100% (cpu time: 0:00:00.0, peak mem: 3147.637M)
  stripes and vias are completed(total cpu time: 0:00:00.0, peak mem: 3147.637M)
Stripe generation is complete.
addStripe created 2 wires.
ViaGen created 2 vias, deleted 0 via to avoid violation.
+--------+----------------+----------------+
|  Layer |     Created    |     Deleted    |
+--------+----------------+----------------+
|   M4   |        2       |       NA       |
|   V4   |        2       |        0       |
+--------+----------------+----------------+
setAddStripeMode -use_exact_spacing is reset to default value: false.
setViaGenMode -disable_via_merging is reset to default value: false.
setViaGenMode -keep_existing_via is reset to default value: 0.
setViaGenMode -optimize_cross_via is reset to default value: false.
<CMD> addStripe -nets {VSS VDD} -layer M4 -direction horizontal -width 0.096 -spacing 0.288 -start_from bottom -start_offset 1.932000 -number_of_sets 1 -create_pins 0 -area {0.192 352.08 502.848 356.4} -snap_wire_center_to_grid Grid -allow_snapping_override_custom_spacing 1
setAddStripeMode -use_exact_spacing true is set by default for this design under 20nm node. 
Setting -use_cce to 1. ViaGen will call CCE to colorize via and may re-colorize surrounding vias to resolve color conflict within the local range.
Setting -optimize_cross_via to 1. ViaGen will try to generate vias with the minimum enclosure.
setViaGenMode -optimize_cross_via true is set by default for this design of 12nm node or under. 
Setting -disable_via_merging to 1. ViaGen disables via merging with the via created earlier.
setViaGenMode -disable_via_merging true is set by default for this design of 12nm node or under. 
Setting -keep_existing_via to 1. ViaGen will keep the existing vias.
setViaGenMode -keep_existing_via 1 is set by default for this design of 12nm node or under. 

Initialize fgc environment(mem: 3147.6M) ...  done(cpu: 0:00:00.0, real: 0:00:00.0, peak mem: 3147.6M)
**WARN: (IMPPP-133):	The block boundary of the 'u_mem/G_SRAM_BANK[11].u_sram' instance was increased to (379.276001 356.399994) (500.687988 529.200012) because the  obs (379.276001 361.444000) (500.667999 361.743988) on layer V3 was outside the original block boundary.
Type 'man IMPPP-133' for more detail.
**WARN: (IMPPP-133):	The block boundary of the 'u_mem/G_SRAM_BANK[10].u_sram' instance was increased to (253.563995 356.399994) (374.976013 529.200012) because the  obs (253.563995 361.444000) (374.955994 361.743988) on layer V3 was outside the original block boundary.
Type 'man IMPPP-133' for more detail.
**WARN: (IMPPP-133):	The block boundary of the 'u_mem/G_SRAM_BANK[9].u_sram' instance was increased to (127.851997 356.399994) (249.264008 529.200012) because the  obs (127.851997 361.444000) (249.244003 361.743988) on layer V3 was outside the original block boundary.
Type 'man IMPPP-133' for more detail.
**WARN: (IMPPP-133):	The block boundary of the 'u_mem/G_SRAM_BANK[8].u_sram' instance was increased to (2.140000 356.399994) (123.552002 529.200012) because the  obs (2.140000 361.444000) (123.531998 361.743988) on layer V3 was outside the original block boundary.
Type 'man IMPPP-133' for more detail.
**WARN: (IMPPP-133):	The block boundary of the 'u_mem/G_SRAM_BANK[7].u_sram' instance was increased to (2.140000 179.279999) (123.552002 352.079987) because the  obs (2.140000 184.324005) (123.531998 184.623993) on layer V3 was outside the original block boundary.
Type 'man IMPPP-133' for more detail.
**WARN: (IMPPP-133):	The block boundary of the 'u_mem/G_SRAM_BANK[6].u_sram' instance was increased to (127.851997 179.279999) (249.264008 352.079987) because the  obs (127.851997 184.324005) (249.244003 184.623993) on layer V3 was outside the original block boundary.
Type 'man IMPPP-133' for more detail.
**WARN: (IMPPP-133):	The block boundary of the 'u_mem/G_SRAM_BANK[5].u_sram' instance was increased to (253.563995 179.279999) (374.976013 352.079987) because the  obs (253.563995 184.324005) (374.955994 184.623993) on layer V3 was outside the original block boundary.
Type 'man IMPPP-133' for more detail.
**WARN: (IMPPP-133):	The block boundary of the 'u_mem/G_SRAM_BANK[4].u_sram' instance was increased to (379.276001 179.279999) (500.687988 352.079987) because the  obs (379.276001 184.324005) (500.667999 184.623993) on layer V3 was outside the original block boundary.
Type 'man IMPPP-133' for more detail.
Loading cell geometries (cpu: 0:00:00.0, real: 0:00:00.0, peak mem: 3147.6M)
Loading wires (cpu: 0:00:00.0, real: 0:00:00.0, peak mem: 3147.6M)
Loading via instances (cpu: 0:00:00.0, real: 0:00:00.0, peak mem: 3147.6M)
Starting stripe generation ...
Non-Default Mode Option Settings :
  -use_exact_spacing  1
  -extend_to_area_boundary  1
  -allow_nonpreferred_dir { none }
*** Stripes and vias are being generated (current mem: 3147.637)***
Start to generate stripes.
Stripe generate is completed (cpu time: 0:00:00.0, peak mem: 3147.637M)
Start to generate vias.
    Completing 100% (cpu time: 0:00:00.0, peak mem: 3147.637M)
  stripes and vias are completed(total cpu time: 0:00:00.0, peak mem: 3147.637M)
Stripe generation is complete.
addStripe created 2 wires.
ViaGen created 2 vias, deleted 0 via to avoid violation.
+--------+----------------+----------------+
|  Layer |     Created    |     Deleted    |
+--------+----------------+----------------+
|   M4   |        2       |       NA       |
|   V4   |        2       |        0       |
+--------+----------------+----------------+
setAddStripeMode -use_exact_spacing is reset to default value: false.
setViaGenMode -disable_via_merging is reset to default value: false.
setViaGenMode -keep_existing_via is reset to default value: 0.
setViaGenMode -optimize_cross_via is reset to default value: false.
<CMD> addStripe -nets {VSS VDD} -layer M4 -direction horizontal -width 0.096 -spacing 0.288 -start_from bottom -start_offset 1.836000 -number_of_sets 1 -create_pins 0 -area {0.192 529.2 502.848 533.52} -snap_wire_center_to_grid Grid -allow_snapping_override_custom_spacing 1
setAddStripeMode -use_exact_spacing true is set by default for this design under 20nm node. 
Setting -use_cce to 1. ViaGen will call CCE to colorize via and may re-colorize surrounding vias to resolve color conflict within the local range.
Setting -optimize_cross_via to 1. ViaGen will try to generate vias with the minimum enclosure.
setViaGenMode -optimize_cross_via true is set by default for this design of 12nm node or under. 
Setting -disable_via_merging to 1. ViaGen disables via merging with the via created earlier.
setViaGenMode -disable_via_merging true is set by default for this design of 12nm node or under. 
Setting -keep_existing_via to 1. ViaGen will keep the existing vias.
setViaGenMode -keep_existing_via 1 is set by default for this design of 12nm node or under. 

Initialize fgc environment(mem: 3147.6M) ...  done(cpu: 0:00:00.0, real: 0:00:00.0, peak mem: 3147.6M)
**WARN: (IMPPP-133):	The block boundary of the 'u_mem/G_SRAM_BANK[15].u_sram' instance was increased to (2.140000 533.520020) (123.552002 706.320007) because the  obs (2.140000 538.564026) (123.531998 538.864014) on layer V3 was outside the original block boundary.
Type 'man IMPPP-133' for more detail.
**WARN: (IMPPP-133):	The block boundary of the 'u_mem/G_SRAM_BANK[14].u_sram' instance was increased to (127.851997 533.520020) (249.264008 706.320007) because the  obs (127.851997 538.564026) (249.244003 538.864014) on layer V3 was outside the original block boundary.
Type 'man IMPPP-133' for more detail.
**WARN: (IMPPP-133):	The block boundary of the 'u_mem/G_SRAM_BANK[13].u_sram' instance was increased to (253.563995 533.520020) (374.976013 706.320007) because the  obs (253.563995 538.564026) (374.955994 538.864014) on layer V3 was outside the original block boundary.
Type 'man IMPPP-133' for more detail.
**WARN: (IMPPP-133):	The block boundary of the 'u_mem/G_SRAM_BANK[12].u_sram' instance was increased to (379.276001 533.520020) (500.687988 706.320007) because the  obs (379.276001 538.564026) (500.667999 538.864014) on layer V3 was outside the original block boundary.
Type 'man IMPPP-133' for more detail.
**WARN: (IMPPP-133):	The block boundary of the 'u_mem/G_SRAM_BANK[11].u_sram' instance was increased to (379.276001 356.399994) (500.687988 529.200012) because the  obs (379.276001 361.444000) (500.667999 361.743988) on layer V3 was outside the original block boundary.
Type 'man IMPPP-133' for more detail.
**WARN: (IMPPP-133):	The block boundary of the 'u_mem/G_SRAM_BANK[10].u_sram' instance was increased to (253.563995 356.399994) (374.976013 529.200012) because the  obs (253.563995 361.444000) (374.955994 361.743988) on layer V3 was outside the original block boundary.
Type 'man IMPPP-133' for more detail.
**WARN: (IMPPP-133):	The block boundary of the 'u_mem/G_SRAM_BANK[9].u_sram' instance was increased to (127.851997 356.399994) (249.264008 529.200012) because the  obs (127.851997 361.444000) (249.244003 361.743988) on layer V3 was outside the original block boundary.
Type 'man IMPPP-133' for more detail.
**WARN: (IMPPP-133):	The block boundary of the 'u_mem/G_SRAM_BANK[8].u_sram' instance was increased to (2.140000 356.399994) (123.552002 529.200012) because the  obs (2.140000 361.444000) (123.531998 361.743988) on layer V3 was outside the original block boundary.
Type 'man IMPPP-133' for more detail.
Loading cell geometries (cpu: 0:00:00.0, real: 0:00:00.0, peak mem: 3147.6M)
Loading wires (cpu: 0:00:00.0, real: 0:00:00.0, peak mem: 3147.6M)
Loading via instances (cpu: 0:00:00.0, real: 0:00:00.0, peak mem: 3147.6M)
Starting stripe generation ...
Non-Default Mode Option Settings :
  -use_exact_spacing  1
  -extend_to_area_boundary  1
  -allow_nonpreferred_dir { none }
*** Stripes and vias are being generated (current mem: 3147.637)***
Start to generate stripes.
Stripe generate is completed (cpu time: 0:00:00.0, peak mem: 3147.637M)
Start to generate vias.
    Completing 100% (cpu time: 0:00:00.0, peak mem: 3147.637M)
  stripes and vias are completed(total cpu time: 0:00:00.0, peak mem: 3147.637M)
Stripe generation is complete.
addStripe created 2 wires.
ViaGen created 2 vias, deleted 0 via to avoid violation.
+--------+----------------+----------------+
|  Layer |     Created    |     Deleted    |
+--------+----------------+----------------+
|   M4   |        2       |       NA       |
|   V4   |        2       |        0       |
+--------+----------------+----------------+
setAddStripeMode -use_exact_spacing is reset to default value: false.
setViaGenMode -disable_via_merging is reset to default value: false.
setViaGenMode -keep_existing_via is reset to default value: 0.
setViaGenMode -optimize_cross_via is reset to default value: false.
<CMD> setAddStripeMode -allow_jog none -allow_nonpreferred_dir none -break_at none -extend_to_closest_target area_boundary -stacked_via_bottom_layer M4 -stacked_via_top_layer M8
addStripe will not allow jog to connect padcore ring and block ring.

Stripes will use preferred direction when jogging to make connections.
<CMD> addStripe -nets {VSS VDD} -layer M5 -direction vertical -width 0.096 -spacing 0.288 -start_from left -start_offset 0.768000 -number_of_sets 1 -create_pins 0 -area {500.688 0.192 502.848 708.48} -snap_wire_center_to_grid Grid -allow_snapping_override_custom_spacing 1
setAddStripeMode -use_exact_spacing true is set by default for this design under 20nm node. 
Setting -use_cce to 1. ViaGen will call CCE to colorize via and may re-colorize surrounding vias to resolve color conflict within the local range.
Setting -optimize_cross_via to 1. ViaGen will try to generate vias with the minimum enclosure.
setViaGenMode -optimize_cross_via true is set by default for this design of 12nm node or under. 
Setting -disable_via_merging to 1. ViaGen disables via merging with the via created earlier.
setViaGenMode -disable_via_merging true is set by default for this design of 12nm node or under. 
Setting -keep_existing_via to 1. ViaGen will keep the existing vias.
setViaGenMode -keep_existing_via 1 is set by default for this design of 12nm node or under. 

Initialize fgc environment(mem: 3147.6M) ...  done(cpu: 0:00:00.0, real: 0:00:00.0, peak mem: 3147.6M)
**WARN: (IMPPP-133):	The block boundary of the 'u_mem/G_SRAM_BANK[12].u_sram' instance was increased to (379.276001 533.520020) (500.687988 706.320007) because the  obs (379.276001 538.564026) (500.667999 538.864014) on layer V3 was outside the original block boundary.
Type 'man IMPPP-133' for more detail.
**WARN: (IMPPP-133):	The block boundary of the 'u_mem/G_SRAM_BANK[11].u_sram' instance was increased to (379.276001 356.399994) (500.687988 529.200012) because the  obs (379.276001 361.444000) (500.667999 361.743988) on layer V3 was outside the original block boundary.
Type 'man IMPPP-133' for more detail.
**WARN: (IMPPP-133):	The block boundary of the 'u_mem/G_SRAM_BANK[4].u_sram' instance was increased to (379.276001 179.279999) (500.687988 352.079987) because the  obs (379.276001 184.324005) (500.667999 184.623993) on layer V3 was outside the original block boundary.
Type 'man IMPPP-133' for more detail.
**WARN: (IMPPP-133):	The block boundary of the 'u_mem/G_SRAM_BANK[3].u_sram' instance was increased to (379.276001 2.160000) (500.687988 174.960007) because the  obs (379.276001 7.204000) (500.667999 7.504000) on layer V3 was outside the original block boundary.
Type 'man IMPPP-133' for more detail.
Loading cell geometries (cpu: 0:00:00.0, real: 0:00:00.0, peak mem: 3147.6M)
Loading wires (cpu: 0:00:00.0, real: 0:00:00.0, peak mem: 3147.6M)
Loading via instances (cpu: 0:00:00.0, real: 0:00:00.0, peak mem: 3147.6M)
Starting stripe generation ...
Non-Default Mode Option Settings :
  -use_exact_spacing  1
  -extend_to_area_boundary  1
  -allow_nonpreferred_dir { none }
*** Stripes and vias are being generated (current mem: 3147.637)***
Start to generate stripes.
Stripe generate is completed (cpu time: 0:00:00.0, peak mem: 3147.637M)
Start to generate vias.
    Completing 100% (cpu time: 0:00:00.0, peak mem: 3147.637M)
  stripes and vias are completed(total cpu time: 0:00:00.0, peak mem: 3147.637M)
Stripe generation is complete.
addStripe created 2 wires.
ViaGen created 14 vias, deleted 0 via to avoid violation.
+--------+----------------+----------------+
|  Layer |     Created    |     Deleted    |
+--------+----------------+----------------+
|   V4   |        8       |        0       |
|   M5   |        2       |       NA       |
|   V5   |        2       |        0       |
|   V6   |        2       |        0       |
|   V7   |        2       |        0       |
+--------+----------------+----------------+
setAddStripeMode -use_exact_spacing is reset to default value: false.
setViaGenMode -disable_via_merging is reset to default value: false.
setViaGenMode -keep_existing_via is reset to default value: 0.
setViaGenMode -optimize_cross_via is reset to default value: false.
<CMD> addStripe -nets {VSS VDD} -layer M5 -direction vertical -width 0.096 -spacing 0.288 -start_from left -start_offset 1.968000 -number_of_sets 1 -create_pins 0 -area {123.552 0.192 127.872 708.48} -snap_wire_center_to_grid Grid -allow_snapping_override_custom_spacing 1
setAddStripeMode -use_exact_spacing true is set by default for this design under 20nm node. 
Setting -use_cce to 1. ViaGen will call CCE to colorize via and may re-colorize surrounding vias to resolve color conflict within the local range.
Setting -optimize_cross_via to 1. ViaGen will try to generate vias with the minimum enclosure.
setViaGenMode -optimize_cross_via true is set by default for this design of 12nm node or under. 
Setting -disable_via_merging to 1. ViaGen disables via merging with the via created earlier.
setViaGenMode -disable_via_merging true is set by default for this design of 12nm node or under. 
Setting -keep_existing_via to 1. ViaGen will keep the existing vias.
setViaGenMode -keep_existing_via 1 is set by default for this design of 12nm node or under. 

Initialize fgc environment(mem: 3147.6M) ...  done(cpu: 0:00:00.0, real: 0:00:00.0, peak mem: 3147.6M)
**WARN: (IMPPP-133):	The block boundary of the 'u_mem/G_SRAM_BANK[15].u_sram' instance was increased to (2.140000 533.520020) (123.552002 706.320007) because the  obs (2.140000 538.564026) (123.531998 538.864014) on layer V3 was outside the original block boundary.
Type 'man IMPPP-133' for more detail.
**WARN: (IMPPP-133):	The block boundary of the 'u_mem/G_SRAM_BANK[14].u_sram' instance was increased to (127.851997 533.520020) (249.264008 706.320007) because the  obs (127.851997 538.564026) (249.244003 538.864014) on layer V3 was outside the original block boundary.
Type 'man IMPPP-133' for more detail.
**WARN: (IMPPP-133):	The block boundary of the 'u_mem/G_SRAM_BANK[9].u_sram' instance was increased to (127.851997 356.399994) (249.264008 529.200012) because the  obs (127.851997 361.444000) (249.244003 361.743988) on layer V3 was outside the original block boundary.
Type 'man IMPPP-133' for more detail.
**WARN: (IMPPP-133):	The block boundary of the 'u_mem/G_SRAM_BANK[8].u_sram' instance was increased to (2.140000 356.399994) (123.552002 529.200012) because the  obs (2.140000 361.444000) (123.531998 361.743988) on layer V3 was outside the original block boundary.
Type 'man IMPPP-133' for more detail.
**WARN: (IMPPP-133):	The block boundary of the 'u_mem/G_SRAM_BANK[7].u_sram' instance was increased to (2.140000 179.279999) (123.552002 352.079987) because the  obs (2.140000 184.324005) (123.531998 184.623993) on layer V3 was outside the original block boundary.
Type 'man IMPPP-133' for more detail.
**WARN: (IMPPP-133):	The block boundary of the 'u_mem/G_SRAM_BANK[6].u_sram' instance was increased to (127.851997 179.279999) (249.264008 352.079987) because the  obs (127.851997 184.324005) (249.244003 184.623993) on layer V3 was outside the original block boundary.
Type 'man IMPPP-133' for more detail.
**WARN: (IMPPP-133):	The block boundary of the 'u_mem/G_SRAM_BANK[1].u_sram' instance was increased to (127.851997 2.160000) (249.264008 174.960007) because the  obs (127.851997 7.204000) (249.244003 7.504000) on layer V3 was outside the original block boundary.
Type 'man IMPPP-133' for more detail.
**WARN: (IMPPP-133):	The block boundary of the 'u_mem/G_SRAM_BANK[0].u_sram' instance was increased to (2.140000 2.160000) (123.552002 174.960007) because the  obs (2.140000 7.204000) (123.531998 7.504000) on layer V3 was outside the original block boundary.
Type 'man IMPPP-133' for more detail.
Loading cell geometries (cpu: 0:00:00.0, real: 0:00:00.0, peak mem: 3147.6M)
Loading wires (cpu: 0:00:00.0, real: 0:00:00.0, peak mem: 3147.6M)
Loading via instances (cpu: 0:00:00.0, real: 0:00:00.0, peak mem: 3147.6M)
Starting stripe generation ...
Non-Default Mode Option Settings :
  -use_exact_spacing  1
  -extend_to_area_boundary  1
  -allow_nonpreferred_dir { none }
*** Stripes and vias are being generated (current mem: 3147.637)***
Start to generate stripes.
Stripe generate is completed (cpu time: 0:00:00.0, peak mem: 3147.637M)
Start to generate vias.
    Completing 100% (cpu time: 0:00:00.0, peak mem: 3147.637M)
  stripes and vias are completed(total cpu time: 0:00:00.0, peak mem: 3147.637M)
Stripe generation is complete.
addStripe created 2 wires.
ViaGen created 14 vias, deleted 0 via to avoid violation.
+--------+----------------+----------------+
|  Layer |     Created    |     Deleted    |
+--------+----------------+----------------+
|   V4   |        8       |        0       |
|   M5   |        2       |       NA       |
|   V5   |        2       |        0       |
|   V6   |        2       |        0       |
|   V7   |        2       |        0       |
+--------+----------------+----------------+
setAddStripeMode -use_exact_spacing is reset to default value: false.
setViaGenMode -disable_via_merging is reset to default value: false.
setViaGenMode -keep_existing_via is reset to default value: 0.
setViaGenMode -optimize_cross_via is reset to default value: false.
<CMD> addStripe -nets {VSS VDD} -layer M5 -direction vertical -width 0.096 -spacing 0.288 -start_from left -start_offset 1.872000 -number_of_sets 1 -create_pins 0 -area {374.976 0.192 379.296 708.48} -snap_wire_center_to_grid Grid -allow_snapping_override_custom_spacing 1
setAddStripeMode -use_exact_spacing true is set by default for this design under 20nm node. 
Setting -use_cce to 1. ViaGen will call CCE to colorize via and may re-colorize surrounding vias to resolve color conflict within the local range.
Setting -optimize_cross_via to 1. ViaGen will try to generate vias with the minimum enclosure.
setViaGenMode -optimize_cross_via true is set by default for this design of 12nm node or under. 
Setting -disable_via_merging to 1. ViaGen disables via merging with the via created earlier.
setViaGenMode -disable_via_merging true is set by default for this design of 12nm node or under. 
Setting -keep_existing_via to 1. ViaGen will keep the existing vias.
setViaGenMode -keep_existing_via 1 is set by default for this design of 12nm node or under. 

Initialize fgc environment(mem: 3147.6M) ...  done(cpu: 0:00:00.0, real: 0:00:00.0, peak mem: 3147.6M)
**WARN: (IMPPP-133):	The block boundary of the 'u_mem/G_SRAM_BANK[13].u_sram' instance was increased to (253.563995 533.520020) (374.976013 706.320007) because the  obs (253.563995 538.564026) (374.955994 538.864014) on layer V3 was outside the original block boundary.
Type 'man IMPPP-133' for more detail.
**WARN: (IMPPP-133):	The block boundary of the 'u_mem/G_SRAM_BANK[12].u_sram' instance was increased to (379.276001 533.520020) (500.687988 706.320007) because the  obs (379.276001 538.564026) (500.667999 538.864014) on layer V3 was outside the original block boundary.
Type 'man IMPPP-133' for more detail.
**WARN: (IMPPP-133):	The block boundary of the 'u_mem/G_SRAM_BANK[11].u_sram' instance was increased to (379.276001 356.399994) (500.687988 529.200012) because the  obs (379.276001 361.444000) (500.667999 361.743988) on layer V3 was outside the original block boundary.
Type 'man IMPPP-133' for more detail.
**WARN: (IMPPP-133):	The block boundary of the 'u_mem/G_SRAM_BANK[10].u_sram' instance was increased to (253.563995 356.399994) (374.976013 529.200012) because the  obs (253.563995 361.444000) (374.955994 361.743988) on layer V3 was outside the original block boundary.
Type 'man IMPPP-133' for more detail.
**WARN: (IMPPP-133):	The block boundary of the 'u_mem/G_SRAM_BANK[5].u_sram' instance was increased to (253.563995 179.279999) (374.976013 352.079987) because the  obs (253.563995 184.324005) (374.955994 184.623993) on layer V3 was outside the original block boundary.
Type 'man IMPPP-133' for more detail.
**WARN: (IMPPP-133):	The block boundary of the 'u_mem/G_SRAM_BANK[4].u_sram' instance was increased to (379.276001 179.279999) (500.687988 352.079987) because the  obs (379.276001 184.324005) (500.667999 184.623993) on layer V3 was outside the original block boundary.
Type 'man IMPPP-133' for more detail.
**WARN: (IMPPP-133):	The block boundary of the 'u_mem/G_SRAM_BANK[3].u_sram' instance was increased to (379.276001 2.160000) (500.687988 174.960007) because the  obs (379.276001 7.204000) (500.667999 7.504000) on layer V3 was outside the original block boundary.
Type 'man IMPPP-133' for more detail.
**WARN: (IMPPP-133):	The block boundary of the 'u_mem/G_SRAM_BANK[2].u_sram' instance was increased to (253.563995 2.160000) (374.976013 174.960007) because the  obs (253.563995 7.204000) (374.955994 7.504000) on layer V3 was outside the original block boundary.
Type 'man IMPPP-133' for more detail.
Loading cell geometries (cpu: 0:00:00.0, real: 0:00:00.0, peak mem: 3147.6M)
Loading wires (cpu: 0:00:00.0, real: 0:00:00.0, peak mem: 3147.6M)
Loading via instances (cpu: 0:00:00.0, real: 0:00:00.0, peak mem: 3147.6M)
Starting stripe generation ...
Non-Default Mode Option Settings :
  -use_exact_spacing  1
  -extend_to_area_boundary  1
  -allow_nonpreferred_dir { none }
*** Stripes and vias are being generated (current mem: 3147.637)***
Start to generate stripes.
Stripe generate is completed (cpu time: 0:00:00.0, peak mem: 3147.637M)
Start to generate vias.
    Completing 100% (cpu time: 0:00:00.0, peak mem: 3147.637M)
  stripes and vias are completed(total cpu time: 0:00:00.0, peak mem: 3147.637M)
Stripe generation is complete.
addStripe created 2 wires.
ViaGen created 14 vias, deleted 0 via to avoid violation.
+--------+----------------+----------------+
|  Layer |     Created    |     Deleted    |
+--------+----------------+----------------+
|   V4   |        8       |        0       |
|   M5   |        2       |       NA       |
|   V5   |        2       |        0       |
|   V6   |        2       |        0       |
|   V7   |        2       |        0       |
+--------+----------------+----------------+
setAddStripeMode -use_exact_spacing is reset to default value: false.
setViaGenMode -disable_via_merging is reset to default value: false.
setViaGenMode -keep_existing_via is reset to default value: 0.
setViaGenMode -optimize_cross_via is reset to default value: false.
<CMD> editTrim -nets {VSS VDD}
<CMD> clearDrc
<CMD> deselectAll
<CMD> deletePGPin -net VDD
<CMD> deletePGPin -net VSS
<CMD> createPGPin VSS -geom M9 0.264000 384.456000 0.744000 386.376000 -net VSS
<CMD> createPGPin VDD -geom M9 1.344000 384.456000 1.824000 386.376000 -net VDD
<CMD> editTrim -nets {VDD VSS}
INFO: Please get detailed information from file "editTrim_debug.rpt".
<CMD> verifyConnectivity -type special -net {VDD VSS} -noUnConnPin -report ./verify_rpt/pg_connectivity_before_stdcell_place.rpt
VERIFY_CONNECTIVITY use new engine.

******** Start: VERIFY CONNECTIVITY ********
Start Time: Fri Aug 14 12:43:44 2026

Design Name: axi_ram
Database Units: 4000
Design Boundary: (0.0000, 0.0000) (625.2480, 770.8320)
Error Limit = 1000; Warning Limit = 50
Check specified nets
Use 12 pthreads
Net VDD: has special routes with opens.
Net VSS: has special routes with opens.

Begin Summary 
    2 Problem(s) (IMPVFC-200): Special Wires: Pieces of the net are not connected together.
    2 total info(s) created.
End Summary

End Time: Fri Aug 14 12:43:44 2026
Time Elapsed: 0:00:00.0

******** End: VERIFY CONNECTIVITY ********
  Verification Complete : 2 Viols.  0 Wrngs.
  (CPU Time: 0:00:00.0  MEM: 0.000M)

<CMD> verify_drc -check_only special -layer_range {M4 M9} -report ./verify_rpt/pg_drc_before_stdcell_place.rpt
#-check_only special                     # enums={all regular special selected_net selected cell default}, default=regular+special, user setting
#-check_same_via_cell true               # bool, default=false, user setting
#-report ./verify_rpt/pg_drc_before_stdcell_place.rpt # string, default="", user setting
 *** Starting Verify DRC (MEM: 3147.6) ***

  VERIFY DRC ...... Starting Verification
  VERIFY DRC ...... Initializing
  VERIFY DRC ...... Deleting Existing Violations
  VERIFY DRC ...... Creating Sub-Areas
 VERIFY_DRC: checking all layers except Pad to Pad ...
  VERIFY DRC ...... Using new threading
 VERIFY DRC ...... Thread : 7 finished.
 VERIFY DRC ...... Thread : 0 finished.
 VERIFY DRC ...... Thread : 9 finished.
 VERIFY DRC ...... Thread : 3 finished.
 VERIFY DRC ...... Thread : 10 finished.
 VERIFY DRC ...... Thread : 11 finished.
 VERIFY DRC ...... Thread : 4 finished.
 VERIFY DRC ...... Thread : 6 finished.
 VERIFY DRC ...... Thread : 8 finished.
 VERIFY DRC ...... Thread : 1 finished.
 VERIFY DRC ...... Thread : 5 finished.
 VERIFY DRC ...... Thread : 2 finished.

  Verification Complete : 0 Viols.

 *** End Verify DRC (CPU TIME: 0:00:00.2  ELAPSED TIME: 0:00:00.0  MEM: 266.1M) ***

<CMD> saveDesign ./saved/axi_ram_powerplan.enc
#% Begin save design ... (date=08/14 12:43:44, mem=2480.4M)
% Begin Save ccopt configuration ... (date=08/14 12:43:44, mem=2480.4M)
% End Save ccopt configuration ... (date=08/14 12:43:44, total cpu=0:00:00.0, real=0:00:00.0, peak res=2480.4M, current mem=2480.4M)
% Begin Save netlist data ... (date=08/14 12:43:44, mem=2480.4M)
Writing Binary DB to /home/user1/Desktop/Script_Backend/Asap7/run_workspace/sram_axi/innovus/saved/axi_ram_powerplan.enc.dat/vbin/axi_ram.v.bin in multi-threaded mode...
% End Save netlist data ... (date=08/14 12:43:45, total cpu=0:00:00.1, real=0:00:00.0, peak res=2480.4M, current mem=2480.4M)
Saving symbol-table file in separate thread ...
Saving congestion map file in separate thread ...
Saving congestion map file /home/user1/Desktop/Script_Backend/Asap7/run_workspace/sram_axi/innovus/saved/axi_ram_powerplan.enc.dat/axi_ram.route.congmap.gz ...
% Begin Save AAE data ... (date=08/14 12:43:45, mem=2480.8M)
Saving AAE Data ...
% End Save AAE data ... (date=08/14 12:43:45, total cpu=0:00:00.1, real=0:00:00.0, peak res=2480.8M, current mem=2480.0M)
Saving preference file /home/user1/Desktop/Script_Backend/Asap7/run_workspace/sram_axi/innovus/saved/axi_ram_powerplan.enc.dat/gui.pref.tcl ...
Saving mode setting ...
**WARN: (IMPMF-5054):	fill_setting_save command is obsolete and should not be used any more. It still works in this release but will be removed in future release. Recommend to use Pegasus metal fill flow which is the replacement.
Saving global file ...
*info - save blackBox cells to lef file /home/user1/Desktop/Script_Backend/Asap7/run_workspace/sram_axi/innovus/saved/axi_ram_powerplan.enc.dat/axi_ram.bbox.lef
Saving Drc markers ...
... 2 markers are saved ...
... 0 geometry drc markers are saved ...
... 0 antenna drc markers are saved ...
Saving special route data file in separate thread ...
Saving PG file in separate thread ...
Saving placement file in separate thread ...
Saving route file in separate thread ...
** Saving stdCellPlacement_binary (version# 2) ...
Saving PG file /home/user1/Desktop/Script_Backend/Asap7/run_workspace/sram_axi/innovus/saved/axi_ram_powerplan.enc.dat/axi_ram.pg.gz, version#2, (Created by Innovus v23.14-s088_1 on Fri Aug 14 12:43:45 2026)
Save Adaptive View Pruning View Names to Binary file
TAT_INFO: ::saveSpecialRoute REAL = 0 : CPU = 0 : MEM = 0.
Saving property file /home/user1/Desktop/Script_Backend/Asap7/run_workspace/sram_axi/innovus/saved/axi_ram_powerplan.enc.dat/axi_ram.prop
*** Completed saveProperty (cpu=0:00:00.0 real=0:00:00.0 mem=3437.7M) ***
*** Completed savePGFile (cpu=0:00:00.0 real=0:00:00.0 mem=3437.7M) ***
TAT_INFO: ::savePGFile REAL = 0 : CPU = 0 : MEM = 0.
TAT_INFO: ::savePlace REAL = 0 : CPU = 0 : MEM = 0.
*** Completed saveRoute (cpu=0:00:00.0 real=0:00:00.0 mem=3437.7M) ***
TAT_INFO: ::saveRoute REAL = 0 : CPU = 0 : MEM = 0.
TAT_INFO: ::db::saveAnnotationAndProp REAL = 0 : CPU = 0 : MEM = 0.
Saving preRoute extracted patterns in file '/home/user1/Desktop/Script_Backend/Asap7/run_workspace/sram_axi/innovus/saved/axi_ram_powerplan.enc.dat/axi_ram.techData.gz' ...
Saving preRoute extraction data in directory '/home/user1/Desktop/Script_Backend/Asap7/run_workspace/sram_axi/innovus/saved/axi_ram_powerplan.enc.dat/extraction/' ...
TAT_INFO: ::db::saveSymbolTable REAL = 0 : CPU = 0 : MEM = 0.
TAT_INFO: ::saveCongMap REAL = 0 : CPU = 0 : MEM = 0.
% Begin Save power constraints data ... (date=08/14 12:43:45, mem=2482.6M)
% End Save power constraints data ... (date=08/14 12:43:45, total cpu=0:00:00.1, real=0:00:00.0, peak res=2482.6M, current mem=2482.6M)
rccorner
rccorner
rccorner
Generated self-contained design axi_ram_powerplan.enc.dat
libset
rccorner
mode_normal
./outputs/axi_ram_syn.innovus.sdc
#% End save design ... (date=08/14 12:43:46, total cpu=0:00:01.1, real=0:00:02.0, peak res=2515.1M, current mem=2483.0M)

*** Summary of all messages that are not suppressed in this session:
Severity  ID               Count  Summary                                  
WARNING   IMPMF-5054           1  fill_setting_save command is obsolete an...
*** Message Summary: 1 warning(s), 0 error(s)

<CMD> setPinConstraint -cell axi_ram -corner_to_pin_distance 8
<CMD> setPinAssignMode -pinEditInBatch true
<CMD> editPin -pin {clk rst_n {s_axi_awid[4]} {s_axi_awid[3]} {s_axi_awid[2]} {s_axi_awid[1]} {s_axi_awid[0]} {s_axi_awaddr[31]} {s_axi_awaddr[30]} {s_axi_awaddr[29]} {s_axi_awaddr[28]} {s_axi_awaddr[27]} {s_axi_awaddr[26]} {s_axi_awaddr[25]} {s_axi_awaddr[24]} {s_axi_awaddr[23]} {s_axi_awaddr[22]} {s_axi_awaddr[21]} {s_axi_awaddr[20]} {s_axi_awaddr[19]} {s_axi_awaddr[18]} {s_axi_awaddr[17]} {s_axi_awaddr[16]} {s_axi_awaddr[15]} {s_axi_awaddr[14]} {s_axi_awaddr[13]} {s_axi_awaddr[12]} {s_axi_awaddr[11]} {s_axi_awaddr[10]} {s_axi_awaddr[9]} {s_axi_awaddr[8]} {s_axi_awaddr[7]} {s_axi_awaddr[6]} {s_axi_awaddr[5]} {s_axi_awaddr[4]} {s_axi_awaddr[3]} {s_axi_awaddr[2]} {s_axi_awaddr[1]} {s_axi_awaddr[0]} {s_axi_awlen[7]} {s_axi_awlen[6]} {s_axi_awlen[5]} {s_axi_awlen[4]} {s_axi_awlen[3]} {s_axi_awlen[2]} {s_axi_awlen[1]} {s_axi_awlen[0]} {s_axi_awsize[2]} {s_axi_awsize[1]} {s_axi_awsize[0]} {s_axi_awburst[1]} {s_axi_awburst[0]} s_axi_awlock {s_axi_awcache[3]} {s_axi_awcache[2]} {s_axi_awcache[1]} {s_axi_awcache[0]} {s_axi_awprot[2]} {s_axi_awprot[1]} {s_axi_awprot[0]} {s_axi_awqos[3]} {s_axi_awqos[2]} {s_axi_awqos[1]} {s_axi_awqos[0]} {s_axi_awregion[3]} {s_axi_awregion[2]} {s_axi_awregion[1]} {s_axi_awregion[0]} s_axi_awvalid s_axi_awready {s_axi_arid[4]} {s_axi_arid[3]} {s_axi_arid[2]} {s_axi_arid[1]} {s_axi_arid[0]} {s_axi_araddr[31]} {s_axi_araddr[30]} {s_axi_araddr[29]} {s_axi_araddr[28]} {s_axi_araddr[27]} {s_axi_araddr[26]} {s_axi_araddr[25]} {s_axi_araddr[24]} {s_axi_araddr[23]} {s_axi_araddr[22]} {s_axi_araddr[21]} {s_axi_araddr[20]} {s_axi_araddr[19]} {s_axi_araddr[18]} {s_axi_araddr[17]} {s_axi_araddr[16]} {s_axi_araddr[15]} {s_axi_araddr[14]} {s_axi_araddr[13]} {s_axi_araddr[12]} {s_axi_araddr[11]} {s_axi_araddr[10]} {s_axi_araddr[9]} {s_axi_araddr[8]} {s_axi_araddr[7]} {s_axi_araddr[6]} {s_axi_araddr[5]} {s_axi_araddr[4]} {s_axi_araddr[3]} {s_axi_araddr[2]} {s_axi_araddr[1]} {s_axi_araddr[0]} {s_axi_arlen[7]} {s_axi_arlen[6]} {s_axi_arlen[5]} {s_axi_arlen[4]} {s_axi_arlen[3]} {s_axi_arlen[2]} {s_axi_arlen[1]} {s_axi_arlen[0]} {s_axi_arsize[2]} {s_axi_arsize[1]} {s_axi_arsize[0]} {s_axi_arburst[1]} {s_axi_arburst[0]} s_axi_arlock {s_axi_arcache[3]} {s_axi_arcache[2]} {s_axi_arcache[1]} {s_axi_arcache[0]} {s_axi_arprot[2]} {s_axi_arprot[1]} {s_axi_arprot[0]} {s_axi_arqos[3]} {s_axi_arqos[2]} {s_axi_arqos[1]} {s_axi_arqos[0]} {s_axi_arregion[3]} {s_axi_arregion[2]} {s_axi_arregion[1]} {s_axi_arregion[0]} s_axi_arvalid s_axi_arready} -side TOP -layer M7 -spreadType range -start {10.16 768.672} -end {615.088 768.672} -spreadDirection clockwise -pinWidth 0.128 -pinDepth 0.288 -fixOverlap 1 -honorConstraint 1 -fixedPin 1
Successfully spread [138] pins.
editPin : finished (cpu = 0:00:00.0 real = 0:00:00.0, mem = 3413.7M).
<CMD> editPin -pin {{s_axi_wdata[31]} {s_axi_wdata[30]} {s_axi_wdata[29]} {s_axi_wdata[28]} {s_axi_wdata[27]} {s_axi_wdata[26]} {s_axi_wdata[25]} {s_axi_wdata[24]} {s_axi_wdata[23]} {s_axi_wdata[22]} {s_axi_wdata[21]} {s_axi_wdata[20]} {s_axi_wdata[19]} {s_axi_wdata[18]} {s_axi_wdata[17]} {s_axi_wdata[16]} {s_axi_wdata[15]} {s_axi_wdata[14]} {s_axi_wdata[13]} {s_axi_wdata[12]} {s_axi_wdata[11]} {s_axi_wdata[10]} {s_axi_wdata[9]} {s_axi_wdata[8]} {s_axi_wdata[7]} {s_axi_wdata[6]} {s_axi_wdata[5]} {s_axi_wdata[4]} {s_axi_wdata[3]} {s_axi_wdata[2]} {s_axi_wdata[1]} {s_axi_wdata[0]} {s_axi_wstrb[3]} {s_axi_wstrb[2]} {s_axi_wstrb[1]} {s_axi_wstrb[0]} s_axi_wlast s_axi_wvalid s_axi_wready {s_axi_bid[4]} {s_axi_bid[3]} {s_axi_bid[2]} {s_axi_bid[1]} {s_axi_bid[0]} {s_axi_bresp[1]} {s_axi_bresp[0]} s_axi_bvalid s_axi_bready {s_axi_rid[4]} {s_axi_rid[3]} {s_axi_rid[2]} {s_axi_rid[1]} {s_axi_rid[0]} {s_axi_rdata[31]} {s_axi_rdata[30]} {s_axi_rdata[29]} {s_axi_rdata[28]} {s_axi_rdata[27]} {s_axi_rdata[26]} {s_axi_rdata[25]} {s_axi_rdata[24]} {s_axi_rdata[23]} {s_axi_rdata[22]} {s_axi_rdata[21]} {s_axi_rdata[20]} {s_axi_rdata[19]} {s_axi_rdata[18]} {s_axi_rdata[17]} {s_axi_rdata[16]} {s_axi_rdata[15]} {s_axi_rdata[14]} {s_axi_rdata[13]} {s_axi_rdata[12]} {s_axi_rdata[11]} {s_axi_rdata[10]} {s_axi_rdata[9]} {s_axi_rdata[8]} {s_axi_rdata[7]} {s_axi_rdata[6]} {s_axi_rdata[5]} {s_axi_rdata[4]} {s_axi_rdata[3]} {s_axi_rdata[2]} {s_axi_rdata[1]} {s_axi_rdata[0]} {s_axi_rresp[1]} {s_axi_rresp[0]} s_axi_rlast s_axi_rvalid s_axi_rready} -side RIGHT -layer M6 -spreadType range -start {623.088 760.672} -end {623.088 10.16} -spreadDirection clockwise -pinWidth 0.128 -pinDepth 0.288 -fixOverlap 1 -honorConstraint 1 -fixedPin 1
Successfully spread [90] pins.
editPin : finished (cpu = 0:00:00.0 real = 0:00:00.0, mem = 3413.7M).
<CMD> setPinAssignMode -pinEditInBatch false
<CMD> checkPinAssignment -outFile ./verify_rpt/checkPinAssignment_after_pin.rpt
#% Begin checkPinAssignment (date=08/14 12:43:46, mem=2485.3M)
Checking pins of top cell axi_ram ... completed

===========================================================================================================================
                                                checkPinAssignment Summary
===========================================================================================================================
Partition   | pads  | pins   | legal  | illegal | internal | internal illegal | FT     | FT illegal | constant | unplaced |
===========================================================================================================================
axi_ram     |     0 |    228 |    228 |       0 |        0 |                0 |      0 |          0 |        0 |        0 |
===========================================================================================================================
TOTAL       |     0 |    228 |    228 |       0 |        0 |                0 |      0 |          0 |        0 |        0 |
===========================================================================================================================
#% End checkPinAssignment (date=08/14 12:43:46, total cpu=0:00:00.1, real=0:00:00.0, peak res=2485.5M, current mem=2485.5M)
<CMD> saveDesign ./saved/axi_ram_floorplan_power_pins.enc
#% Begin save design ... (date=08/14 12:43:46, mem=2485.5M)
% Begin Save ccopt configuration ... (date=08/14 12:43:46, mem=2485.5M)
% End Save ccopt configuration ... (date=08/14 12:43:46, total cpu=0:00:00.0, real=0:00:00.0, peak res=2485.5M, current mem=2485.5M)
% Begin Save netlist data ... (date=08/14 12:43:46, mem=2485.5M)
Writing Binary DB to /home/user1/Desktop/Script_Backend/Asap7/run_workspace/sram_axi/innovus/saved/axi_ram_floorplan_power_pins.enc.dat/vbin/axi_ram.v.bin in multi-threaded mode...
% End Save netlist data ... (date=08/14 12:43:46, total cpu=0:00:00.1, real=0:00:00.0, peak res=2485.5M, current mem=2485.5M)
Saving symbol-table file in separate thread ...
Saving congestion map file in separate thread ...
Saving congestion map file /home/user1/Desktop/Script_Backend/Asap7/run_workspace/sram_axi/innovus/saved/axi_ram_floorplan_power_pins.enc.dat/axi_ram.route.congmap.gz ...
% Begin Save AAE data ... (date=08/14 12:43:46, mem=2485.6M)
Saving AAE Data ...
% End Save AAE data ... (date=08/14 12:43:46, total cpu=0:00:00.1, real=0:00:00.0, peak res=2485.6M, current mem=2484.8M)
Saving preference file /home/user1/Desktop/Script_Backend/Asap7/run_workspace/sram_axi/innovus/saved/axi_ram_floorplan_power_pins.enc.dat/gui.pref.tcl ...
Saving mode setting ...
**WARN: (IMPMF-5054):	fill_setting_save command is obsolete and should not be used any more. It still works in this release but will be removed in future release. Recommend to use Pegasus metal fill flow which is the replacement.
Saving global file ...
*info - save blackBox cells to lef file /home/user1/Desktop/Script_Backend/Asap7/run_workspace/sram_axi/innovus/saved/axi_ram_floorplan_power_pins.enc.dat/axi_ram.bbox.lef
Saving Drc markers ...
... 2 markers are saved ...
... 0 geometry drc markers are saved ...
... 0 antenna drc markers are saved ...
Saving special route data file in separate thread ...
Saving PG file in separate thread ...
Saving placement file in separate thread ...
Saving route file in separate thread ...
Saving property file in separate thread ...
Saving PG file /home/user1/Desktop/Script_Backend/Asap7/run_workspace/sram_axi/innovus/saved/axi_ram_floorplan_power_pins.enc.dat/axi_ram.pg.gz, version#2, (Created by Innovus v23.14-s088_1 on Fri Aug 14 12:43:46 2026)
** Saving stdCellPlacement_binary (version# 2) ...
TAT_INFO: ::saveSpecialRoute REAL = 0 : CPU = 0 : MEM = 0.
Save Adaptive View Pruning View Names to Binary file
Saving property file /home/user1/Desktop/Script_Backend/Asap7/run_workspace/sram_axi/innovus/saved/axi_ram_floorplan_power_pins.enc.dat/axi_ram.prop
*** Completed savePGFile (cpu=0:00:00.0 real=0:00:00.0 mem=3437.7M) ***
TAT_INFO: ::savePGFile REAL = 0 : CPU = 0 : MEM = 0.
TAT_INFO: ::savePlace REAL = 0 : CPU = 0 : MEM = 0.
*** Completed saveProperty (cpu=0:00:00.0 real=0:00:00.0 mem=3437.7M) ***
*** Completed saveRoute (cpu=0:00:00.0 real=0:00:00.0 mem=3437.7M) ***
TAT_INFO: ::saveRoute REAL = 0 : CPU = 0 : MEM = 0.
TAT_INFO: ::db::saveAnnotationAndProp REAL = 0 : CPU = 0 : MEM = 0.
Saving preRoute extracted patterns in file '/home/user1/Desktop/Script_Backend/Asap7/run_workspace/sram_axi/innovus/saved/axi_ram_floorplan_power_pins.enc.dat/axi_ram.techData.gz' ...
Saving preRoute extraction data in directory '/home/user1/Desktop/Script_Backend/Asap7/run_workspace/sram_axi/innovus/saved/axi_ram_floorplan_power_pins.enc.dat/extraction/' ...
TAT_INFO: ::db::saveSymbolTable REAL = 0 : CPU = 0 : MEM = 0.
TAT_INFO: ::saveCongMap REAL = 0 : CPU = 0 : MEM = 0.
% Begin Save power constraints data ... (date=08/14 12:43:46, mem=2485.8M)
% End Save power constraints data ... (date=08/14 12:43:46, total cpu=0:00:00.0, real=0:00:01.0, peak res=2485.8M, current mem=2485.8M)
rccorner
rccorner
rccorner
Generated self-contained design axi_ram_floorplan_power_pins.enc.dat
libset
rccorner
mode_normal
./outputs/axi_ram_syn.innovus.sdc
#% End save design ... (date=08/14 12:43:47, total cpu=0:00:01.1, real=0:00:01.0, peak res=2519.6M, current mem=2485.8M)

*** Summary of all messages that are not suppressed in this session:
Severity  ID               Count  Summary                                  
WARNING   IMPMF-5054           1  fill_setting_save command is obsolete an...
*** Message Summary: 1 warning(s), 0 error(s)

<CMD> setDelayCalMode -SIAware false -equivalent_waveform_model none -ewm_type moments
<CMD> setPlaceMode -reset
<CMD> setPlaceMode -place_global_uniform_density false -place_global_module_aware_spare true -place_global_auto_blockage_in_channel soft -place_detail_preroute_as_obs {2 3} -place_global_cong_effort high -place_global_reorder_scan false -place_design_refine_macro false
<CMD> place_opt_design
#% Begin place_opt_design (date=08/14 12:43:47, mem=2485.8M)
**INFO: User settings:
setDesignMode -bottomRoutingLayer                    2
setDesignMode -process                               7
setDesignMode -topRoutingLayer                       7
setExtractRCMode -coupling_c_th                      0.1
setExtractRCMode -relative_c_th                      1
setExtractRCMode -total_c_th                         0
setDelayCalMode -engine                              aae
setDelayCalMode -equivalent_waveform_model           none
setDelayCalMode -ewm_type                            moments
setDelayCalMode -SIAware                             false
setPlaceMode -place_design_refine_macro              false
setPlaceMode -place_detail_preroute_as_obs           {2 3}
setPlaceMode -place_global_auto_blockage_in_channel  soft
setPlaceMode -place_global_cong_effort               high
setPlaceMode -place_global_module_aware_spare        true
setPlaceMode -place_global_reorder_scan              false
setPlaceMode -place_global_uniform_density           false
setAnalysisMode -analysisType                        single
setRouteMode -earlyGlobalReverseDirection            {(2.160000 2.160000 123.552000 174.960000) M5:M5 (127.872000 2.160000 249.264000 174.960000) M5:M5 (253.584000 2.160000 374.976000 174.960000) M5:M5 (379.296000 2.160000 500.688000 174.960000) M5:M5 (379.296000 179.280000 500.688000 352.080000) M5:M5 (253.584000 179.280000 374.976000 352.080000) M5:M5 (127.872000 179.280000 249.264000 352.080000) M5:M5 (2.160000 179.280000 123.552000 352.080000) M5:M5 (2.160000 356.400000 123.552000 529.200000) M5:M5 (127.872000 356.400000 249.264000 529.200000) M5:M5 (253.584000 356.400000 374.976000 529.200000) M5:M5 (379.296000 356.400000 500.688000 529.200000) M5:M5 (379.296000 533.520000 500.688000 706.320000) M5:M5 (253.584000 533.520000 374.976000 706.320000) M5:M5 (127.872000 533.520000 249.264000 706.320000) M5:M5 (2.160000 533.520000 123.552000 706.320000) M5:M5}

*** place_opt_design #1 [begin] () : totSession cpu/real = 0:00:36.4/0:00:41.2 (0.9), mem = 3413.7M
No user sequential activity specified, applying default sequential activity of "0.2" for Dynamic Power reporting.
'set_default_switching_activity' finished successfully.
*** Starting GigaPlace ***
-earlyGlobalBlockTracks {}                # string, default="", private
-earlyGlobalCapacityScreen {}             # string, default="", private
There is no track adjustment
Starting place_opt_design V2 flow
Estimated cell power/ground rail width = 0.135 um

*** GlobalPlace #1 [begin] (place_opt_design #1) : totSession cpu/real = 0:00:36.5/0:00:41.3 (0.9), mem = 3413.7M
*** Start deleteBufferTree ***
Info: Detect buffers to remove automatically.
Analyzing netlist ...
Updating netlist

*summary: 61 instances (buffers/inverters) removed
*** Finish deleteBufferTree (0:00:00.3) ***
Deleted 0 physical inst  (cell - / prefix -).
INFO: #ExclusiveGroups=0
INFO: There are no Exclusive Groups.
No user-set net weight.
Net fanout histogram:
2		: 1380 (76.3%) nets
3		: 229 (12.7%) nets
4     -	14	: 122 (6.7%) nets
15    -	39	: 74 (4.1%) nets
40    -	79	: 2 (0.1%) nets
80    -	159	: 1 (0.1%) nets
160   -	319	: 1 (0.1%) nets
320   -	639	: 0 (0.0%) nets
640   -	1279	: 0 (0.0%) nets
1280  -	2559	: 0 (0.0%) nets
2560  -	5119	: 0 (0.0%) nets
5120+		: 0 (0.0%) nets
Scan chains were not defined.
#std cell=1181 (0 fixed + 1181 movable) #buf cell=0 #inv cell=82 #block=16 (0 floating + 16 preplaced)
#ioInst=0 #net=1809 #term=6145 #term/net=3.40, #fixedIo=0, #floatIo=0, #fixedPin=162, #floatPin=0
stdCell: 1181 single + 0 double + 0 multi
Total standard cell length = 1.9645 (mm), area = 0.0021 (mm^2)

Average module density = 0.017.
Density for module 'SRAM_ISLAND_GROUP' = 0.000.
       = stdcell_area 0 sites (0 um^2) / alloc_area 0 sites (0 um^2).
Density for the rest of the design = 0.017.
       = stdcell_area 9095 sites (2122 um^2) / alloc_area 521694 sites (121701 um^2).
Density for the design = 0.017.
       = stdcell_area 9095 sites (2122 um^2) / alloc_area 521694 sites (121701 um^2).
Pin Density = 0.003016.
            = total # of pins 6145 / total area 2037666.
No spares found within logical modules, disabling '-moduleAwareSpare'.



Enabling multi-CPU acceleration with 12 CPU(s) for placement
[spp] 0
Clock gating cells determined by native netlist tracing.
=== lastAutoLevel = 11 
Iteration  1: Total net bbox = 2.806e+05 (1.44e+05 1.36e+05)
              Est.  stn bbox = 3.189e+05 (1.61e+05 1.58e+05)
              cpu = 0:00:00.3 real = 0:00:00.0 mem = 3536.7M
Iteration  2: Total net bbox = 2.806e+05 (1.44e+05 1.36e+05)
              Est.  stn bbox = 3.189e+05 (1.61e+05 1.58e+05)
              cpu = 0:00:00.0 real = 0:00:00.0 mem = 3536.7M
*** Finished SKP initialization (cpu=0:00:02.1, real=0:00:01.0)***
SKP will use view:
  tt
Iteration  3: Total net bbox = 2.485e+05 (1.38e+05 1.11e+05)
              Est.  stn bbox = 2.911e+05 (1.56e+05 1.35e+05)
              cpu = 0:00:03.0 real = 0:00:01.0 mem = 4859.2M
Iteration  4: Total net bbox = 2.724e+05 (1.52e+05 1.20e+05)
              Est.  stn bbox = 3.163e+05 (1.71e+05 1.45e+05)
              cpu = 0:00:00.7 real = 0:00:01.0 mem = 4891.3M
Iteration  5: Total net bbox = 2.724e+05 (1.52e+05 1.20e+05)
              Est.  stn bbox = 3.163e+05 (1.71e+05 1.45e+05)
              cpu = 0:00:00.0 real = 0:00:00.0 mem = 4891.3M
Iteration  6: Total net bbox = 2.750e+05 (1.56e+05 1.19e+05)
              Est.  stn bbox = 3.187e+05 (1.74e+05 1.45e+05)
              cpu = 0:00:01.4 real = 0:00:00.0 mem = 5243.3M
Iteration  7: Total net bbox = 2.749e+05 (1.56e+05 1.19e+05)
              Est.  stn bbox = 3.187e+05 (1.74e+05 1.45e+05)
              cpu = 0:00:00.0 real = 0:00:00.0 mem = 4891.3M
Iteration  8: Total net bbox = 2.749e+05 (1.56e+05 1.19e+05)
              Est.  stn bbox = 3.187e+05 (1.74e+05 1.45e+05)
              cpu = 0:00:00.0 real = 0:00:00.0 mem = 4891.3M
[NR-eGR] Started Early Global Route kernel ( Curr Mem: 4.40 MB )
Removed 1 out of boundary tracks from layer 2
Removed 1 out of boundary tracks from layer 2
Iteration  9: Total net bbox = 2.789e+05 (1.58e+05 1.21e+05)
              Est.  stn bbox = 3.224e+05 (1.76e+05 1.47e+05)
              cpu = 0:00:02.4 real = 0:00:01.0 mem = 5003.3M
Iteration 10: Total net bbox = 2.789e+05 (1.58e+05 1.21e+05)
              Est.  stn bbox = 3.224e+05 (1.76e+05 1.47e+05)
              cpu = 0:00:00.0 real = 0:00:00.0 mem = 5003.3M
Removed 1 out of boundary tracks from layer 2
Removed 1 out of boundary tracks from layer 2
Iteration 11: Total net bbox = 2.792e+05 (1.58e+05 1.21e+05)
              Est.  stn bbox = 3.225e+05 (1.76e+05 1.47e+05)
              cpu = 0:00:01.5 real = 0:00:00.0 mem = 5003.3M
Iteration 12: Total net bbox = 2.792e+05 (1.58e+05 1.21e+05)
              Est.  stn bbox = 3.225e+05 (1.76e+05 1.47e+05)
              cpu = 0:00:00.0 real = 0:00:00.0 mem = 5003.3M
Removed 1 out of boundary tracks from layer 2
Removed 1 out of boundary tracks from layer 2
Iteration 13: Total net bbox = 2.795e+05 (1.59e+05 1.21e+05)
              Est.  stn bbox = 3.227e+05 (1.76e+05 1.46e+05)
              cpu = 0:00:02.0 real = 0:00:01.0 mem = 5003.3M
Iteration 14: Total net bbox = 2.795e+05 (1.59e+05 1.21e+05)
              Est.  stn bbox = 3.227e+05 (1.76e+05 1.46e+05)
              cpu = 0:00:00.0 real = 0:00:00.0 mem = 5003.3M
Removed 1 out of boundary tracks from layer 2
Removed 1 out of boundary tracks from layer 2
Iteration 15: Total net bbox = 2.802e+05 (1.59e+05 1.21e+05)
              Est.  stn bbox = 3.234e+05 (1.77e+05 1.47e+05)
              cpu = 0:00:01.9 real = 0:00:00.0 mem = 5003.3M
Iteration 16: Total net bbox = 2.802e+05 (1.59e+05 1.21e+05)
              Est.  stn bbox = 3.234e+05 (1.77e+05 1.47e+05)
              cpu = 0:00:00.0 real = 0:00:00.0 mem = 5003.3M
Iteration 17: Total net bbox = 2.821e+05 (1.60e+05 1.22e+05)
              Est.  stn bbox = 3.255e+05 (1.78e+05 1.47e+05)
              cpu = 0:00:20.5 real = 0:00:03.0 mem = 5003.3M
Iteration 18: Total net bbox = 2.821e+05 (1.60e+05 1.22e+05)
              Est.  stn bbox = 3.255e+05 (1.78e+05 1.47e+05)
              cpu = 0:00:00.0 real = 0:00:00.0 mem = 5003.3M
Finished Global Placement (cpu=0:00:34.1, real=0:00:08.0, mem=5003.3M)
Keep Tdgp Graph and DB for later use
Info: 0 clock gating cells identified, 0 (on average) moved 0/10

*** Starting refinePlace (0:01:11 mem=5003.3M) ***
Total net bbox length = 2.821e+05 (1.602e+05 1.219e+05) (ext = 2.645e+04)
Move report: Detail placement moves 1181 insts, mean move: 0.57 um, max move: 20.93 um 
	Max move on inst (u_mem/g9729__9945): (192.78, 716.34) --> (209.09, 711.72)
	Runtime: CPU: 0:00:00.2 REAL: 0:00:00.0 MEM: 5163.3MB
Summary Report:
Instances move: 1181 (out of 1181 movable)
Instances flipped: 0
Mean displacement: 0.57 um
Max displacement: 20.93 um (Instance: u_mem/g9729__9945) (192.784, 716.343) -> (209.088, 711.72)
	Length: 6 sites, height: 1 rows, site name: asap7sc7p5t, cell type: AOI22xp33_ASAP7_75t_L
Physical-only instances move: 0 (out of 0 movable physical-only)
Total net bbox length = 2.815e+05 (1.595e+05 1.220e+05) (ext = 2.641e+04)
Runtime: CPU: 0:00:00.2 REAL: 0:00:00.0 MEM: 5163.3MB
*** Finished refinePlace (0:01:12 mem=5163.3M) ***
*** Finished Initial Placement (cpu=0:00:34.6, real=0:00:08.0, mem=5179.4M) ***


*** Start incrementalPlace ***
No Views given, use default active views for adaptive view pruning
Active views:
  tt
Removed 1 out of boundary tracks from layer 2
Removed 1 out of boundary tracks from layer 2
[NR-eGR] Early global route reroute all routable nets
[NR-eGR] Track table information for default rule: 
[NR-eGR] M1 has single uniform track structure
[NR-eGR] M2 has non-uniform track structure
[NR-eGR] M3 has single uniform track structure
[NR-eGR] M4 has single uniform track structure
[NR-eGR] M5 has single uniform track structure
[NR-eGR] M6 has single uniform track structure
[NR-eGR] M7 has single uniform track structure
[NR-eGR] M8 has single uniform track structure
[NR-eGR] M9 has single uniform track structure
[NR-eGR] Pad has single uniform track structure
[NR-eGR] Read 115 PG shapes
[NR-eGR] Read 0 clock shapes
[NR-eGR] Read 0 other shapes
[NR-eGR] #Routing Blockages  : 32
[NR-eGR] #Bump Blockages     : 0
[NR-eGR] #Instance Blockages : 163869
[NR-eGR] #PG Blockages       : 115
[NR-eGR] #Halo Blockages     : 0
[NR-eGR] #Boundary Blockages : 0
[NR-eGR] #Clock Blockages    : 0
[NR-eGR] #Other Blockages    : 0
[NR-eGR] #prerouted nets         : 0
[NR-eGR] #prerouted special nets : 0
[NR-eGR] #prerouted wires        : 0
[NR-eGR] Read 1809 nets ( ignored 0 )
[NR-eGR] There are 1 clock nets ( 0 with NDR ).
[NR-eGR] ============ Routing rule table ============
[NR-eGR] Rule id: 0  Rule name: (Default)  Nets: 1809
[NR-eGR] ========================================
[NR-eGR] 
[NR-eGR] Layer group 1: route 1809 net(s) in layer range [2, 7]
[NR-eGR] Early Global Route overflow of layer group 1: 0.00% H + 0.03% V. EstWL: 3.479393e+05um
[NR-eGR] Congestion Analysis By layer: (blocked Gcells are excluded) 
[NR-eGR]                        OverCon           OverCon            
[NR-eGR]                         #Gcell            #Gcell     %Gcell
[NR-eGR]        Layer             (1-2)               (3)    OverCon
[NR-eGR] ---------------------------------------------------------------
[NR-eGR]      M1 ( 1)         0( 0.00%)         0( 0.00%)   ( 0.00%) 
[NR-eGR]      M2 ( 2)         0( 0.00%)         0( 0.00%)   ( 0.00%) 
[NR-eGR]      M3 ( 3)        29( 0.03%)         2( 0.00%)   ( 0.04%) 
[NR-eGR]      M4 ( 4)         0( 0.00%)         0( 0.00%)   ( 0.00%) 
[NR-eGR]      M5 ( 5)         3( 0.01%)         0( 0.00%)   ( 0.01%) 
[NR-eGR]      M6 ( 6)         0( 0.00%)         0( 0.00%)   ( 0.00%) 
[NR-eGR]      M7 ( 7)         0( 0.00%)         0( 0.00%)   ( 0.00%) 
[NR-eGR] ---------------------------------------------------------------
[NR-eGR]        Total        32( 0.01%)         2( 0.00%)   ( 0.01%) 
[NR-eGR] 
[NR-eGR] Overflow after Early Global Route 0.00% H + 0.03% V
[NR-eGR] Finished Early Global Route kernel ( CPU: 1.28 sec, Real: 0.29 sec, Curr Mem: 4.72 MB )
Early Global Route congestion estimation runtime: 0.31 seconds, mem = 5195.4M
Local HotSpot Analysis: normalized max congestion hotspot area = 0.00, normalized total congestion hotspot area = 0.00 (area is in unit of 4 std-cell row bins)
Skipped repairing congestion.
[NR-eGR] Connected 0 must-join pins/ports (post-process)
[NR-eGR] Total eGR-routed clock nets wire length: 3248um, number of vias: 456
[NR-eGR] --------------------------------------------------------------------------
[NR-eGR]              Length (um)   Vias 
[NR-eGR] --------------------------------
[NR-eGR]  M1   (1V)             0   4735 
[NR-eGR]  M2   (2H)         24603   6453 
[NR-eGR]  M3   (3V)         72932   1814 
[NR-eGR]  M4   (4H)        195028   2674 
[NR-eGR]  M5   (5V)         32967    360 
[NR-eGR]  M6   (6H)          5845    255 
[NR-eGR]  M7   (7V)         17828      0 
[NR-eGR]  M8   (8H)             0      0 
[NR-eGR]  M9   (9V)             0      0 
[NR-eGR]  Pad  (10H)            0      0 
[NR-eGR] --------------------------------
[NR-eGR]       Total       349202  16291 
[NR-eGR] --------------------------------------------------------------------------
[NR-eGR] Total half perimeter of net bounding box: 281514um
[NR-eGR] Total length: 349202um, number of vias: 16291
[NR-eGR] --------------------------------------------------------------------------
Early Global Route wiring runtime: 0.04 seconds, mem = 5195.4M
0 delay mode for cte disabled.

*** Finished incrementalPlace (cpu=0:00:01.5, real=0:00:01.0)***
Tdgp not enabled or already been cleared! skip clearing
**placeDesign ... cpu = 0: 0:37, real = 0: 0:10, mem = 4857.3M **
AAE DB initialization (MEM=2850.277344 CPU=0:00:00.0 REAL=0:00:00.0) 
*** GlobalPlace #1 [finish] (place_opt_design #1) : cpu/real = 0:00:37.0/0:00:09.5 (3.9), totSession cpu/real = 0:01:13.5/0:00:50.8 (1.4), mem = 4859.3M
Enable CTE adjustment.
Enable Layer aware incrSKP.
**optDesign ... cpu = 0:00:00, real = 0:00:00, mem = 2849.6M, totSessionCpu=0:01:14 **
GigaOpt running with 12 threads.
*** InitOpt #1 [begin] (place_opt_design #1) : totSession cpu/real = 0:01:13.6/0:00:50.9 (1.4), mem = 4859.3M
**INFO: setDesignMode -flowEffort standard -> setting 'setOptMode -allEndPoints true' for the duration of this command.

Updating RC Grid density data for preRoute extraction ...
Initializing multi-corner resistance tables ...
AAE DB initialization (MEM=2859.312500 CPU=0:00:00.0 REAL=0:00:00.0) 
Info: Using SynthesisEngine executable '/Cadence/DDI/INNOVUS231/bin/innovus_'.
      SynthesisEngine workers will not check out additional licenses.
**INFO: Using Advanced Metric Collection system.
**optDesign ... cpu = 0:00:02, real = 0:00:13, mem = 2859.3M, totSessionCpu=0:01:15 **
#optDebug: { P: 7 W: 5201 FE: standard PE: none LDR: 1}
*** optDesign -preCTS ***
DRC Margin: user margin 0.0; extra margin 0.2
Setup Target Slack: user slack 0; extra slack 0.0
Hold Target Slack: user slack 0
**WARN: (IMPOPT-3195):	Analysis mode has changed.
Type 'man IMPOPT-3195' for more detail.

Multi-VT timing optimization disabled based on library information.
	CornerforLayerOpt timing analysis view tt has been selected for calibration 
	CornerforLayerOpt timing analysis view tt has been selected for calibration 
	CornerforLayerOpt timing analysis view tt has been selected for calibration 
	CornerforLayerOpt timing analysis view tt has been selected for calibration 
	CornerforLayerOpt timing analysis view tt has been selected for calibration 
	CornerforLayerOpt timing analysis view tt has been selected for calibration 
[NR-eGR] Started Early Global Route ( Curr Mem: 4.49 MB )
[NR-eGR] Started Early Global Route kernel ( Curr Mem: 4.49 MB )
Removed 1 out of boundary tracks from layer 2
Removed 1 out of boundary tracks from layer 2
[NR-eGR] Early global route reroute all routable nets
[NR-eGR] Track table information for default rule: 
[NR-eGR] M1 has single uniform track structure
[NR-eGR] M2 has non-uniform track structure
[NR-eGR] M3 has single uniform track structure
[NR-eGR] M4 has single uniform track structure
[NR-eGR] M5 has single uniform track structure
[NR-eGR] M6 has single uniform track structure
[NR-eGR] M7 has single uniform track structure
[NR-eGR] M8 has single uniform track structure
[NR-eGR] M9 has single uniform track structure
[NR-eGR] Pad has single uniform track structure
[NR-eGR] Read 115 PG shapes
[NR-eGR] Read 0 clock shapes
[NR-eGR] Read 0 other shapes
[NR-eGR] #Routing Blockages  : 32
[NR-eGR] #Bump Blockages     : 0
[NR-eGR] #Instance Blockages : 163869
[NR-eGR] #PG Blockages       : 115
[NR-eGR] #Halo Blockages     : 0
[NR-eGR] #Boundary Blockages : 0
[NR-eGR] #Clock Blockages    : 0
[NR-eGR] #Other Blockages    : 0
[NR-eGR] #prerouted nets         : 0
[NR-eGR] #prerouted special nets : 0
[NR-eGR] #prerouted wires        : 0
[NR-eGR] Read 1809 nets ( ignored 0 )
[NR-eGR] There are 1 clock nets ( 0 with NDR ).
[NR-eGR] ============ Routing rule table ============
[NR-eGR] Rule id: 0  Rule name: (Default)  Nets: 1809
[NR-eGR] ========================================
[NR-eGR] 
[NR-eGR] Layer group 1: route 1809 net(s) in layer range [2, 7]
[NR-eGR] Early Global Route overflow of layer group 1: 0.00% H + 0.00% V. EstWL: 3.479846e+05um
[NR-eGR] Congestion Analysis By layer: (blocked Gcells are excluded) 
[NR-eGR]                        OverCon            
[NR-eGR]                         #Gcell     %Gcell
[NR-eGR]        Layer               (1)    OverCon
[NR-eGR] ----------------------------------------------
[NR-eGR]      M1 ( 1)         0( 0.00%)   ( 0.00%) 
[NR-eGR]      M2 ( 2)         0( 0.00%)   ( 0.00%) 
[NR-eGR]      M3 ( 3)        69( 0.08%)   ( 0.08%) 
[NR-eGR]      M4 ( 4)         0( 0.00%)   ( 0.00%) 
[NR-eGR]      M5 ( 5)         2( 0.01%)   ( 0.01%) 
[NR-eGR]      M6 ( 6)         0( 0.00%)   ( 0.00%) 
[NR-eGR]      M7 ( 7)         6( 0.02%)   ( 0.02%) 
[NR-eGR] ----------------------------------------------
[NR-eGR]        Total        77( 0.02%)   ( 0.02%) 
[NR-eGR] 
[NR-eGR] Overflow after Early Global Route 0.00% H + 0.00% V
[NR-eGR] Connected 0 must-join pins/ports (post-process)
[NR-eGR] Total eGR-routed clock nets wire length: 3568um, number of vias: 464
[NR-eGR] --------------------------------------------------------------------------
[NR-eGR]              Length (um)   Vias 
[NR-eGR] --------------------------------
[NR-eGR]  M1   (1V)             0   4735 
[NR-eGR]  M2   (2H)         24362   6455 
[NR-eGR]  M3   (3V)         72331   1769 
[NR-eGR]  M4   (4H)        194815   2695 
[NR-eGR]  M5   (5V)         33127    371 
[NR-eGR]  M6   (6H)          6363    260 
[NR-eGR]  M7   (7V)         18530      0 
[NR-eGR]  M8   (8H)             0      0 
[NR-eGR]  M9   (9V)             0      0 
[NR-eGR]  Pad  (10H)            0      0 
[NR-eGR] --------------------------------
[NR-eGR]       Total       349528  16285 
[NR-eGR] --------------------------------------------------------------------------
[NR-eGR] Total half perimeter of net bounding box: 281514um
[NR-eGR] Total length: 349528um, number of vias: 16285
[NR-eGR] --------------------------------------------------------------------------
[NR-eGR] Finished Early Global Route kernel ( CPU: 0.95 sec, Real: 0.54 sec, Curr Mem: 4.53 MB )
[NR-eGR] Finished Early Global Route ( CPU: 0.96 sec, Real: 0.55 sec, Curr Mem: 4.49 MB )
Extraction called for design 'axi_ram' of instances=1197 and nets=1918 using extraction engine 'preRoute' .
PreRoute RC Extraction called for design axi_ram.
RC Extraction called in multi-corner(1) mode.
RCMode: PreRoute
      RC Corner Indexes            0   
Capacitance Scaling Factor   : 1.00000 
Resistance Scaling Factor    : 1.00000 
Clock Cap. Scaling Factor    : 1.00000 
Clock Res. Scaling Factor    : 1.00000 
Shrink Factor                : 1.00000
PreRoute extraction is honoring NDR/Shielding/ExtraSpace for clock nets.
Using Quantus QRC technology file ...
Updating RC Grid density data for preRoute extraction ...
Initializing multi-corner resistance tables ...
PreRoute RC Extraction DONE (CPU Time: 0:00:00.2  Real Time: 0:00:00.0  MEM: 4859.258M)

Starting delay calculation for Setup views
AAE_INFO: opIsDesignInPostRouteState() is 0
#################################################################################
# Design Stage: PreRoute
# Design Name: axi_ram
# Design Mode: 7nm
# Analysis Mode: MMMC Non-OCV 
# Parasitics Mode: No SPEF/RCDB 
# Signoff Settings: SI Off 
#################################################################################
Calculate delays in Single mode...
Start delay calculation (fullDC) (12 T). (MEM=3065.43)
siFlow : Timing analysis mode is single, using late cdB files
Total number of fetched objects 1809
End delay calculation. (MEM=3144.76 CPU=0:00:00.8 REAL=0:00:00.0)
End delay calculation (fullDC). (MEM=3082.47 CPU=0:00:02.1 REAL=0:00:01.0)
*** Done Building Timing Graph (cpu=0:00:02.7 real=0:00:02.0 totSessionCpu=0:01:21 mem=6745.2M)

OptSummary:

------------------------------------------------------------------
             Initial Summary
------------------------------------------------------------------

Setup views included:
 tt 

+--------------------+---------+
|     Setup mode     |   all   |
+--------------------+---------+
|           WNS (ns):| -0.863  |
|           TNS (ns):|-250.771 |
|    Violating Paths:|   646   |
|          All Paths:|   929   |
+--------------------+---------+

+----------------+-------------------------------+------------------+
|                |              Real             |       Total      |
|    DRVs        +------------------+------------+------------------|
|                |  Nr nets(terms)  | Worst Vio  |  Nr nets(terms)  |
+----------------+------------------+------------+------------------+
|   max_cap      |     57 (57)      |   -0.048   |     57 (57)      |
|   max_tran     |    115 (1620)    |   -1.513   |    115 (1620)    |
|   max_fanout   |     27 (27)      |    -138    |     28 (28)      |
|   max_length   |      0 (0)       |     0      |      0 (0)       |
+----------------+------------------+------------+------------------+

Density: 1.743%
------------------------------------------------------------------
**optDesign ... cpu = 0:00:07, real = 0:00:17, mem = 3092.6M, totSessionCpu=0:01:21 **
*** InitOpt #1 [finish] (place_opt_design #1) : cpu/real = 0:00:07.5/0:00:16.9 (0.4), totSession cpu/real = 0:01:21.0/0:01:07.8 (1.2), mem = 6751.2M
** INFO : this run is activating medium effort placeOptDesign flow
*** ExcludedClockNetOpt #1 [begin] (place_opt_design #1) : totSession cpu/real = 0:01:21.1/0:01:07.8 (1.2), mem = 6751.2M
*** Starting optimizing excluded clock nets MEM= 6751.2M) ***
*info: No excluded clock nets to be optimized.
*** Finished optimizing excluded clock nets (CPU Time= 0:00:00.0  MEM= 6751.2M) ***
*** ExcludedClockNetOpt #1 [finish] (place_opt_design #1) : cpu/real = 0:00:00.0/0:00:00.0 (0.0), totSession cpu/real = 0:01:21.1/0:01:07.8 (1.2), mem = 6751.2M
The useful skew maximum allowed delay is: 0.2
*** SimplifyNetlist #1 [begin] (place_opt_design #1) : totSession cpu/real = 0:01:21.3/0:01:07.9 (1.2), mem = 6745.2M
Info: 1 clock net  excluded from IPO operation.


Footprint cell information for calculating maxBufDist
*info: There are 18 candidate Buffer cells
*info: There are 20 candidate Inverter cells

	CornerforLayerOpt timing analysis view tt has been selected for calibration 
	CornerforLayerOpt timing analysis view tt has been selected for calibration 

Netlist preparation processing... 
Removed 0 instance
*info: Marking 0 isolation instances dont touch
*info: Marking 0 level shifter instances dont touch
*** SimplifyNetlist #1 [finish] (place_opt_design #1) : cpu/real = 0:00:01.1/0:00:01.0 (1.2), totSession cpu/real = 0:01:22.5/0:01:08.9 (1.2), mem = 6963.8M
Running new flow changes for HFN
Begin: GigaOpt high fanout net optimization
*** DrvOpt #1 [begin] (place_opt_design #1) : totSession cpu/real = 0:01:22.7/0:01:09.1 (1.2), mem = 6963.8M
Info: 1 clock net  excluded from IPO operation.

	CornerforLayerOpt timing analysis view tt has been selected for calibration 
	CornerforLayerOpt timing analysis view tt has been selected for calibration 
	CornerforLayerOpt timing analysis view tt has been selected for calibration 
	CornerforLayerOpt timing analysis view tt has been selected for calibration 
*** DrvOpt #1 [finish] (place_opt_design #1) : cpu/real = 0:00:00.5/0:00:00.4 (1.4), totSession cpu/real = 0:01:23.2/0:01:09.5 (1.2), mem = 6963.8M
End: GigaOpt high fanout net optimization
Begin: GigaOpt DRV Optimization
*** DrvOpt #2 [begin] (place_opt_design #1) : totSession cpu/real = 0:01:23.5/0:01:09.7 (1.2), mem = 6963.8M
Info: 1 clock net  excluded from IPO operation.

	CornerforLayerOpt timing analysis view tt has been selected for calibration 
	CornerforLayerOpt timing analysis view tt has been selected for calibration 
	CornerforLayerOpt timing analysis view tt has been selected for calibration 
	CornerforLayerOpt timing analysis view tt has been selected for calibration 
+-------------------------------------------------------------------------------------------------------------------------------------------------------+
|        max-tran       |        max-cap        |  max-fanout |  max-length |       setup       |        |        |        |       |          |         |
+-------------------------------------------------------------------------------------------------------------------------------------------------------+
| nets | terms|  wViol  | nets | terms|  wViol  | nets | terms| nets | terms|   WNS   |   TNS   |  #Buf  |  #Inv  | #Resize|Density|   Real   |   Mem   |
+-------------------------------------------------------------------------------------------------------------------------------------------------------+
|   323|  2053|    -1.58|    61|    61|    -0.06|    27|    27|     0|     0|    -0.86|  -250.77|       0|       0|       0|  1.74%|          |         |
|     2|    69|    -0.01|     0|     0|     0.00|    29|    29|     0|     0|    -0.29|   -24.53|     158|      58|      46|  1.93%| 0:00:01.0|  7331.9M|
|     0|     0|     0.00|     0|     0|     0.00|    29|    29|     0|     0|    -0.29|   -24.53|       0|       0|       1|  1.93%| 0:00:00.0|  7339.9M|
+-------------------------------------------------------------------------------------------------------------------------------------------------------+
Bottom Preferred Layer:
+-----------+------------+----------+
|   Layer   |   OPT_LA   |   Rule   |
+-----------+------------+----------+
| M4 (z=4)  |         49 | default  |
+-----------+------------+----------+
Via Pillar Rule:
    None

*** Finish DRV Fixing (cpu=0:00:04.8 real=0:00:01.0 mem=7339.9M) ***

*** DrvOpt #2 [finish] (place_opt_design #1) : cpu/real = 0:00:05.7/0:00:01.4 (4.1), totSession cpu/real = 0:01:29.1/0:01:11.1 (1.3), mem = 7139.9M
End: GigaOpt DRV Optimization
**optDesign ... cpu = 0:00:16, real = 0:00:20, mem = 3332.5M, totSessionCpu=0:01:29 **

Active setup views:
 tt
  Dominating endpoints: 0
  Dominating TNS: -0.000

Begin: GigaOpt Global Optimization
*info: use new DP (enabled)
Info: 1 clock net  excluded from IPO operation.
*** GlobalOpt #1 [begin] (place_opt_design #1) : totSession cpu/real = 0:01:29.4/0:01:11.4 (1.3), mem = 7147.9M

*info: 1 clock net excluded
*info: 41 no-driver nets excluded.
** GigaOpt Global Opt WNS Slack -0.289  TNS Slack -24.530 
+--------+--------+---------+------------+--------+----------+---------+-----------------------------------------+
|  WNS   |  TNS   | Density |    Real    |  Mem   |Worst View|Pathgroup|                End Point                |
+--------+--------+---------+------------+--------+----------+---------+-----------------------------------------+
|  -0.289| -24.530|    1.93%|   0:00:00.0| 7339.9M|        tt|  default| u_mem/G_SRAM_BANK[0].u_sram/wd[31]      |
|  -0.066|  -0.453|    1.99%|   0:00:00.0| 7375.0M|        tt|  default| u_mem/G_SRAM_BANK[7].u_sram/wd[5]       |
|   0.000|   0.000|    2.00%|   0:00:00.0| 7375.0M|        NA|       NA| NA                                      |
+--------+--------+---------+------------+--------+----------+---------+-----------------------------------------+

*** Finish pre-CTS Global Setup Fixing (cpu=0:00:01.4 real=0:00:00.0 mem=7375.0M) ***

*** Finish pre-CTS Setup Fixing (cpu=0:00:01.4 real=0:00:00.0 mem=7375.0M) ***
Bottom Preferred Layer:
+-----------+------------+----------+
|   Layer   |   OPT_LA   |   Rule   |
+-----------+------------+----------+
| M4 (z=4)  |         74 | default  |
+-----------+------------+----------+
Via Pillar Rule:
    None
** GigaOpt Global Opt End WNS Slack 0.000  TNS Slack 0.000 
*** GlobalOpt #1 [finish] (place_opt_design #1) : cpu/real = 0:00:02.9/0:00:01.0 (2.8), totSession cpu/real = 0:01:32.2/0:01:12.4 (1.3), mem = 7174.9M
End: GigaOpt Global Optimization
*** Timing Is met
*** Check timing (0:00:00.0)
Info: 1 clock net  excluded from IPO operation.

Begin: Area Reclaim Optimization
*** AreaOpt #1 [begin] (place_opt_design #1) : totSession cpu/real = 0:01:32.7/0:01:12.7 (1.3), mem = 7375.0M
Reclaim Optimization WNS Slack 0.000  TNS Slack 0.000 Density 2.00
+---------+---------+--------+--------+------------+--------+
| Density | Commits |  WNS   |  TNS   |    Real    |  Mem   |
+---------+---------+--------+--------+------------+--------+
|    2.00%|        -|   0.000|   0.000|   0:00:00.0| 7375.0M|
|    2.00%|        0|   0.000|   0.000|   0:00:00.0| 7375.0M|
|    2.00%|       51|   0.000|   0.000|   0:00:00.0| 7394.1M|
|    1.96%|       29|   0.000|   0.000|   0:00:01.0| 7394.1M|
|    1.95%|       73|   0.000|   0.000|   0:00:00.0| 7394.1M|
|    1.94%|       24|   0.000|   0.000|   0:00:00.0| 7394.1M|
|    1.94%|        6|   0.000|   0.000|   0:00:00.0| 7394.1M|
|    1.94%|        0|   0.000|   0.000|   0:00:00.0| 7394.1M|
|    1.94%|        0|   0.000|   0.000|   0:00:00.0| 7394.1M|
+---------+---------+--------+--------+------------+--------+
Reclaim Optimization End WNS Slack 0.000  TNS Slack 0.000 Density 1.94
Bottom Preferred Layer:
+-----------+------------+----------+
|   Layer   |   OPT_LA   |   Rule   |
+-----------+------------+----------+
| M4 (z=4)  |         23 | default  |
+-----------+------------+----------+
Via Pillar Rule:
    None

Number of times islegalLocAvaiable called = 0 skipped = 0, called in commitmove = 0, skipped in commitmove = 0
End: Core Area Reclaim Optimization (cpu = 0:00:02.4) (real = 0:00:01.0) **
*** AreaOpt #1 [finish] (place_opt_design #1) : cpu/real = 0:00:02.4/0:00:01.1 (2.3), totSession cpu/real = 0:01:35.1/0:01:13.8 (1.3), mem = 7394.1M
Executing incremental physical updates
Executing incremental physical updates
End: Area Reclaim Optimization (cpu=0:00:02, real=0:00:01, mem=7194.02M, totSessionCpu=0:01:35).
*** IncrReplace #1 [begin] (place_opt_design #1) : totSession cpu/real = 0:01:35.4/0:01:14.0 (1.3), mem = 7194.0M

*** Start incrementalPlace ***
No Views given, use default active views for adaptive view pruning
Active views:
  tt
[NR-eGR] Started Early Global Route kernel ( Curr Mem: 6.31 MB )
Removed 1 out of boundary tracks from layer 2
Removed 1 out of boundary tracks from layer 2
[NR-eGR] Early global route reroute all routable nets
[NR-eGR] Track table information for default rule: 
[NR-eGR] M1 has single uniform track structure
[NR-eGR] M2 has non-uniform track structure
[NR-eGR] M3 has single uniform track structure
[NR-eGR] M4 has single uniform track structure
[NR-eGR] M5 has single uniform track structure
[NR-eGR] M6 has single uniform track structure
[NR-eGR] M7 has single uniform track structure
[NR-eGR] M8 has single uniform track structure
[NR-eGR] M9 has single uniform track structure
[NR-eGR] Pad has single uniform track structure
[NR-eGR] Read 115 PG shapes
[NR-eGR] Read 0 clock shapes
[NR-eGR] Read 0 other shapes
[NR-eGR] #Routing Blockages  : 32
[NR-eGR] #Bump Blockages     : 0
[NR-eGR] #Instance Blockages : 163869
[NR-eGR] #PG Blockages       : 115
[NR-eGR] #Halo Blockages     : 0
[NR-eGR] #Boundary Blockages : 0
[NR-eGR] #Clock Blockages    : 0
[NR-eGR] #Other Blockages    : 0
[NR-eGR] #prerouted nets         : 0
[NR-eGR] #prerouted special nets : 0
[NR-eGR] #prerouted wires        : 0
[NR-eGR] Read 2026 nets ( ignored 0 )
**WARN: (IMPPSP-1501):	Ignored degenerated net (#pins 2) : u_mem/n_68
[NR-eGR] There are 1 clock nets ( 0 with NDR ).
[NR-eGR] ============ Routing rule table ============
[NR-eGR] Rule id: 0  Rule name: (Default)  Nets: 2025
[NR-eGR] ========================================
[NR-eGR] 
[NR-eGR] Layer group 1: route 23 net(s) in layer range [4, 7]
[NR-eGR] Early Global Route overflow of layer group 1: 0.00% H + 0.00% V. EstWL: 2.532600e+04um
[NR-eGR] Layer group 2: route 2002 net(s) in layer range [2, 7]
[NR-eGR] Early Global Route overflow of layer group 2: 0.00% H + 0.07% V. EstWL: 3.671978e+05um
[NR-eGR] Congestion Analysis By layer: (blocked Gcells are excluded) 
[NR-eGR]                        OverCon           OverCon            
[NR-eGR]                         #Gcell            #Gcell     %Gcell
[NR-eGR]        Layer             (1-2)             (3-4)    OverCon
[NR-eGR] ---------------------------------------------------------------
[NR-eGR]      M1 ( 1)         0( 0.00%)         0( 0.00%)   ( 0.00%) 
[NR-eGR]      M2 ( 2)         0( 0.00%)         0( 0.00%)   ( 0.00%) 
[NR-eGR]      M3 ( 3)        41( 0.05%)         3( 0.00%)   ( 0.05%) 
[NR-eGR]      M4 ( 4)         0( 0.00%)         0( 0.00%)   ( 0.00%) 
[NR-eGR]      M5 ( 5)        36( 0.11%)         1( 0.00%)   ( 0.11%) 
[NR-eGR]      M6 ( 6)         0( 0.00%)         0( 0.00%)   ( 0.00%) 
[NR-eGR]      M7 ( 7)        17( 0.05%)         0( 0.00%)   ( 0.05%) 
[NR-eGR] ---------------------------------------------------------------
[NR-eGR]        Total        94( 0.03%)         4( 0.00%)   ( 0.03%) 
[NR-eGR] 
[NR-eGR] Overflow after Early Global Route 0.00% H + 0.04% V
[NR-eGR] Finished Early Global Route kernel ( CPU: 1.40 sec, Real: 0.35 sec, Curr Mem: 6.33 MB )
Early Global Route congestion estimation runtime: 0.35 seconds, mem = 7194.0M
Local HotSpot Analysis: normalized max congestion hotspot area = 0.00, normalized total congestion hotspot area = 0.00 (area is in unit of 4 std-cell row bins)

=== incrementalPlace Internal Loop 1 ===
      flow.cputime  flow.realtime  timing.setup.tns  timing.setup.wns  snapshot
UM:*                                                                   incrNP_iter_start


No spares found within logical modules, disabling '-moduleAwareSpare'.
[spp] 0
*** Finished SKP initialization (cpu=0:00:00.6, real=0:00:00.0)***
[NR-eGR] Started Early Global Route kernel ( Curr Mem: 6.96 MB )
SKP will use view:
  tt
Iteration  9: Total net bbox = 3.274e+05 (1.96e+05 1.32e+05)
              Est.  stn bbox = 3.541e+05 (2.10e+05 1.44e+05)
              cpu = 0:00:14.8 real = 0:00:02.0 mem = 8132.2M
Iteration 10: Total net bbox = 3.273e+05 (1.96e+05 1.32e+05)
              Est.  stn bbox = 3.538e+05 (2.10e+05 1.44e+05)
              cpu = 0:00:32.2 real = 0:00:05.0 mem = 8132.2M
Iteration 11: Total net bbox = 3.283e+05 (1.96e+05 1.32e+05)
              Est.  stn bbox = 3.548e+05 (2.11e+05 1.44e+05)
              cpu = 0:00:58.2 real = 0:00:07.0 mem = 8132.2M
Iteration 12: Total net bbox = 3.294e+05 (1.97e+05 1.32e+05)
              Est.  stn bbox = 3.560e+05 (2.12e+05 1.44e+05)
              cpu = 0:01:38 real = 0:00:12.0 mem = 8220.3M
Iteration 13: Total net bbox = 3.302e+05 (1.98e+05 1.32e+05)
              Est.  stn bbox = 3.569e+05 (2.12e+05 1.44e+05)
              cpu = 0:00:11.1 real = 0:00:01.0 mem = 8252.3M
Move report: Timing Driven Placement moves 1398 insts, mean move: 7.95 um, max move: 149.38 um 
	Max move on inst (FE_OFC2_rst_n): (517.97, 462.24) --> (522.63, 317.53)

Finished Incremental Placement (cpu=0:03:38, real=0:00:28.0, mem=7860.2M)
*** Starting refinePlace (0:05:15 mem=7868.2M) ***
Total net bbox length = 3.304e+05 (1.980e+05 1.324e+05) (ext = 2.512e+04)
Move report: Detail placement moves 1398 insts, mean move: 0.58 um, max move: 48.95 um 
	Max move on inst (u_mem/FE_OFC194_mem_wdata_30): (375.03, 708.66) --> (423.79, 708.48)
	Runtime: CPU: 0:00:00.2 REAL: 0:00:00.0 MEM: 7836.2MB
Summary Report:
Instances move: 1398 (out of 1398 movable)
Instances flipped: 0
Mean displacement: 0.58 um
Max displacement: 48.95 um (Instance: u_mem/FE_OFC194_mem_wdata_30) (375.027, 708.663) -> (423.792, 708.48)
	Length: 5 sites, height: 1 rows, site name: asap7sc7p5t, cell type: BUFx2_ASAP7_75t_L
Physical-only instances move: 0 (out of 0 movable physical-only)
Total net bbox length = 3.296e+05 (1.971e+05 1.325e+05) (ext = 2.509e+04)
Runtime: CPU: 0:00:00.2 REAL: 0:00:00.0 MEM: 7836.2MB
*** Finished refinePlace (0:05:15 mem=7836.2M) ***
Removed 1 out of boundary tracks from layer 2
Removed 1 out of boundary tracks from layer 2
[NR-eGR] Early global route reroute all routable nets
[NR-eGR] Track table information for default rule: 
[NR-eGR] M1 has single uniform track structure
[NR-eGR] M2 has non-uniform track structure
[NR-eGR] M3 has single uniform track structure
[NR-eGR] M4 has single uniform track structure
[NR-eGR] M5 has single uniform track structure
[NR-eGR] M6 has single uniform track structure
[NR-eGR] M7 has single uniform track structure
[NR-eGR] M8 has single uniform track structure
[NR-eGR] M9 has single uniform track structure
[NR-eGR] Pad has single uniform track structure
[NR-eGR] Read 0 clock shapes
[NR-eGR] Read 0 other shapes
[NR-eGR] #Routing Blockages  : 32
[NR-eGR] #Bump Blockages     : 0
[NR-eGR] #Instance Blockages : 163869
[NR-eGR] #PG Blockages       : 115
[NR-eGR] #Halo Blockages     : 0
[NR-eGR] #Boundary Blockages : 0
[NR-eGR] #Clock Blockages    : 0
[NR-eGR] #Other Blockages    : 0
[NR-eGR] #prerouted nets         : 0
[NR-eGR] #prerouted special nets : 0
[NR-eGR] #prerouted wires        : 0
[NR-eGR] Read 2026 nets ( ignored 0 )
[NR-eGR] There are 1 clock nets ( 0 with NDR ).
[NR-eGR] ============ Routing rule table ============
[NR-eGR] Rule id: 0  Rule name: (Default)  Nets: 2026
[NR-eGR] ========================================
[NR-eGR] 
[NR-eGR] Layer group 1: route 23 net(s) in layer range [4, 7]
[NR-eGR] Early Global Route overflow of layer group 1: 0.00% H + 0.00% V. EstWL: 2.494152e+04um
[NR-eGR] Layer group 2: route 2003 net(s) in layer range [2, 7]
[NR-eGR] Early Global Route overflow of layer group 2: 0.00% H + 0.03% V. EstWL: 3.683772e+05um
[NR-eGR] Congestion Analysis By layer: (blocked Gcells are excluded) 
[NR-eGR]                        OverCon           OverCon            
[NR-eGR]                         #Gcell            #Gcell     %Gcell
[NR-eGR]        Layer             (1-2)               (3)    OverCon
[NR-eGR] ---------------------------------------------------------------
[NR-eGR]      M1 ( 1)         0( 0.00%)         0( 0.00%)   ( 0.00%) 
[NR-eGR]      M2 ( 2)         2( 0.01%)         0( 0.00%)   ( 0.01%) 
[NR-eGR]      M3 ( 3)        67( 0.08%)         0( 0.00%)   ( 0.08%) 
[NR-eGR]      M4 ( 4)         0( 0.00%)         0( 0.00%)   ( 0.00%) 
[NR-eGR]      M5 ( 5)        29( 0.09%)         0( 0.00%)   ( 0.09%) 
[NR-eGR]      M6 ( 6)         3( 0.01%)         1( 0.00%)   ( 0.01%) 
[NR-eGR]      M7 ( 7)         0( 0.00%)         0( 0.00%)   ( 0.00%) 
[NR-eGR] ---------------------------------------------------------------
[NR-eGR]        Total       101( 0.03%)         1( 0.00%)   ( 0.03%) 
[NR-eGR] 
[NR-eGR] Overflow after Early Global Route 0.00% H + 0.03% V
[NR-eGR] Finished Early Global Route kernel ( CPU: 1.32 sec, Real: 0.31 sec, Curr Mem: 6.84 MB )
Early Global Route congestion estimation runtime: 0.32 seconds, mem = 7860.2M
Local HotSpot Analysis: normalized max congestion hotspot area = 0.00, normalized total congestion hotspot area = 0.00 (area is in unit of 4 std-cell row bins)
[NR-eGR] Connected 0 must-join pins/ports (post-process)
[NR-eGR] Total eGR-routed clock nets wire length: 3274um, number of vias: 448
[NR-eGR] --------------------------------------------------------------------------
[NR-eGR]              Length (um)   Vias 
[NR-eGR] --------------------------------
[NR-eGR]  M1   (1V)             0   5169 
[NR-eGR]  M2   (2H)         27220   7121 
[NR-eGR]  M3   (3V)         76725   2048 
[NR-eGR]  M4   (4H)        200940   2598 
[NR-eGR]  M5   (5V)         38951    389 
[NR-eGR]  M6   (6H)          7773    255 
[NR-eGR]  M7   (7V)         18674      0 
[NR-eGR]  M8   (8H)             0      0 
[NR-eGR]  M9   (9V)             0      0 
[NR-eGR]  Pad  (10H)            0      0 
[NR-eGR] --------------------------------
[NR-eGR]       Total       370282  17580 
[NR-eGR] --------------------------------------------------------------------------
[NR-eGR] Total half perimeter of net bounding box: 329619um
[NR-eGR] Total length: 370282um, number of vias: 17580
[NR-eGR] --------------------------------------------------------------------------
Early Global Route wiring runtime: 0.09 seconds, mem = 7754.7M
[hotspot] +------------+---------------+---------------+
[hotspot] |            |   max hotspot | total hotspot |
[hotspot] +------------+---------------+---------------+
[hotspot] | normalized |          0.00 |          0.00 |
[hotspot] +------------+---------------+---------------+
Local HotSpot Analysis: normalized max congestion hotspot area = 0.00, normalized total congestion hotspot area = 0.00 (area is in unit of 4 std-cell row bins)
[hotspot] Hotspot report including placement blocked areas
[hotspot] +------------+---------------+---------------+
[hotspot] |            |   max hotspot | total hotspot |
[hotspot] +------------+---------------+---------------+
[hotspot] | normalized |          1.04 |          1.04 |
[hotspot] +------------+---------------+---------------+
Local HotSpot Analysis (blockage included): normalized max congestion hotspot area = 1.04, normalized total congestion hotspot area = 1.04 (area is in unit of 4 std-cell row bins)
[hotspot] top 2 congestion hotspot bounding boxes and scores of normalized hotspot
[hotspot] +-----+-------------------------------------+---------------+-------------------------------+
[hotspot] | top |            hotspot bbox             | hotspot score |           module              |
[hotspot] +-----+-------------------------------------+---------------+-------------------------------+
[hotspot] |  1  |   103.68   587.52   138.24   622.08 |        0.87   | u_mem                         |
[hotspot] +-----+-------------------------------------+---------------+-------------------------------+
[hotspot] |  2  |   103.68   622.08   138.24   656.64 |        0.17   | u_mem                         |
[hotspot] +-----+-------------------------------------+---------------+-------------------------------+
0 delay mode for cte disabled.

*** Finished incrementalPlace (cpu=0:03:42, real=0:00:29.0)***
Start to check current routing status for nets...
All nets are already routed correctly.
End to check current routing status for nets (mem=7432.6M)
Extraction called for design 'axi_ram' of instances=1414 and nets=2135 using extraction engine 'preRoute' .
PreRoute RC Extraction called for design axi_ram.
RC Extraction called in multi-corner(1) mode.
RCMode: PreRoute
      RC Corner Indexes            0   
Capacitance Scaling Factor   : 1.00000 
Resistance Scaling Factor    : 1.00000 
Clock Cap. Scaling Factor    : 1.00000 
Clock Res. Scaling Factor    : 1.00000 
Shrink Factor                : 1.00000
PreRoute extraction is honoring NDR/Shielding/ExtraSpace for clock nets.
Using Quantus QRC technology file ...
Updating RC Grid density data for preRoute extraction ...
Initializing multi-corner resistance tables ...
PreRoute RC Extraction DONE (CPU Time: 0:00:00.1  Real Time: 0:00:00.0  MEM: 7432.559M)
**optDesign ... cpu = 0:04:03, real = 0:00:52, mem = 3145.2M, totSessionCpu=0:05:17 **
Starting delay calculation for Setup views
AAE_INFO: opIsDesignInPostRouteState() is 0
#################################################################################
# Design Stage: PreRoute
# Design Name: axi_ram
# Design Mode: 7nm
# Analysis Mode: MMMC Non-OCV 
# Parasitics Mode: No SPEF/RCDB 
# Signoff Settings: SI Off 
#################################################################################
Calculate delays in Single mode...
Start delay calculation (fullDC) (12 T). (MEM=3299.31)
Total number of fetched objects 2026
End delay calculation. (MEM=3330.46 CPU=0:00:00.9 REAL=0:00:00.0)
End delay calculation (fullDC). (MEM=3330.46 CPU=0:00:00.9 REAL=0:00:00.0)
*** Done Building Timing Graph (cpu=0:00:01.4 real=0:00:00.0 totSessionCpu=0:05:18 mem=7348.1M)
*** IncrReplace #1 [finish] (place_opt_design #1) : cpu/real = 0:03:43.4/0:00:30.0 (7.5), totSession cpu/real = 0:05:18.8/0:01:44.0 (3.1), mem = 7348.1M
Begin: GigaOpt DRV Optimization
*** DrvOpt #3 [begin] (place_opt_design #1) : totSession cpu/real = 0:05:18.9/0:01:44.0 (3.1), mem = 7354.1M
Info: 1 clock net  excluded from IPO operation.

	CornerforLayerOpt timing analysis view tt has been selected for calibration 
	CornerforLayerOpt timing analysis view tt has been selected for calibration 
	CornerforLayerOpt timing analysis view tt has been selected for calibration 
	CornerforLayerOpt timing analysis view tt has been selected for calibration 
+-------------------------------------------------------------------------------------------------------------------------------------------------------+
|        max-tran       |        max-cap        |  max-fanout |  max-length |       setup       |        |        |        |       |          |         |
+-------------------------------------------------------------------------------------------------------------------------------------------------------+
| nets | terms|  wViol  | nets | terms|  wViol  | nets | terms| nets | terms|   WNS   |   TNS   |  #Buf  |  #Inv  | #Resize|Density|   Real   |   Mem   |
+-------------------------------------------------------------------------------------------------------------------------------------------------------+
|    54|   298|    -0.39|     2|     2|    -0.00|    28|    28|     0|     0|    -0.40|   -26.16|       0|       0|       0|  1.94%|          |         |
|     0|     0|     0.00|     0|     0|     0.00|    28|    28|     0|     0|    -0.10|    -2.79|      81|      44|      30|  2.08%| 0:00:00.0|  7714.2M|
|     0|     0|     0.00|     0|     0|     0.00|    28|    28|     0|     0|    -0.10|    -2.79|       0|       0|       0|  2.08%| 0:00:00.0|  7714.2M|
+-------------------------------------------------------------------------------------------------------------------------------------------------------+
Bottom Preferred Layer:
+-----------+------------+----------+
|   Layer   |   OPT_LA   |   Rule   |
+-----------+------------+----------+
| M4 (z=4)  |         26 | default  |
+-----------+------------+----------+
Via Pillar Rule:
    None

*** Finish DRV Fixing (cpu=0:00:01.6 real=0:00:00.0 mem=7714.2M) ***

*** DrvOpt #3 [finish] (place_opt_design #1) : cpu/real = 0:00:02.6/0:00:01.0 (2.5), totSession cpu/real = 0:05:21.4/0:01:45.1 (3.1), mem = 7514.1M
End: GigaOpt DRV Optimization


OptSummary:

------------------------------------------------------------------
     Summary (cpu=0.04min real=0.02min mem=7514.1M)
------------------------------------------------------------------

Setup views included:
 tt 

+--------------------+---------+---------+---------+---------+---------+
|     Setup mode     |   all   | default |   C2C   |   C2O   |   I2C   |
+--------------------+---------+---------+---------+---------+---------+
|           WNS (ns):| -0.099  |  0.390  | -0.099  |  0.298  |  0.146  |
|           TNS (ns):| -2.788  |  0.000  | -2.788  |  0.000  |  0.000  |
|    Violating Paths:|   89    |    0    |   89    |    0    |    0    |
|          All Paths:|   929   |   155   |   879   |   50    |   155   |
+--------------------+---------+---------+---------+---------+---------+

+----------------+-------------------------------+------------------+
|                |              Real             |       Total      |
|    DRVs        +------------------+------------+------------------|
|                |  Nr nets(terms)  | Worst Vio  |  Nr nets(terms)  |
+----------------+------------------+------------+------------------+
|   max_cap      |      0 (0)       |   0.000    |      0 (0)       |
|   max_tran     |      0 (0)       |   0.000    |      0 (0)       |
|   max_fanout   |     28 (28)      |    -37     |     29 (29)      |
|   max_length   |      0 (0)       |     0      |      0 (0)       |
+----------------+------------------+------------+------------------+

Density: 2.082%
Routing Overflow: 0.00% H and 0.03% V
------------------------------------------------------------------
**optDesign ... cpu = 0:04:08, real = 0:00:54, mem = 3427.9M, totSessionCpu=0:05:22 **
*** Timing NOT met, worst failing slack is -0.099
*** Check timing (0:00:00.0)
Begin: GigaOpt Optimization in TNS mode
Info: 1 clock net  excluded from IPO operation.
*** TnsOpt #1 [begin] (place_opt_design #1) : totSession cpu/real = 0:05:21.9/0:01:45.4 (3.1), mem = 7498.1M

*info: 1 clock net excluded
*info: 41 no-driver nets excluded.
** GigaOpt Optimizer WNS Slack -0.099 TNS Slack -2.788 Density 2.08
OptDebug: Start of Optimizer TNS Pass:
+-------------------+------+------+
|Path Group         |   WNS|   TNS|
+-------------------+------+------+
|C2C C2O I2C default|-0.099|-2.788|
|HEPG               | 0.000| 0.000|
|All Paths          |-0.099|-2.788|
+-------------------+------+------+


*** Finished Optimize Step Cumulative (cpu=0:00:00.0 real=0:00:00.0 mem=7690.2M) ***
OptDebug: End of Optimizer TNS Pass:
+-------------------+------+------+
|Path Group         |   WNS|   TNS|
+-------------------+------+------+
|C2C C2O I2C default|-0.099|-2.788|
|HEPG               | 0.000| 0.000|
|All Paths          |-0.099|-2.788|
+-------------------+------+------+

OptDebug: End of Setup Fixing:
+-------------------+------+------+
|Path Group         |   WNS|   TNS|
+-------------------+------+------+
|C2C C2O I2C default|-0.099|-2.788|
|HEPG               | 0.000| 0.000|
|All Paths          |-0.099|-2.788|
+-------------------+------+------+

Bottom Preferred Layer:
+-----------+------------+----------+
|   Layer   |   OPT_LA   |   Rule   |
+-----------+------------+----------+
| M4 (z=4)  |         26 | default  |
+-----------+------------+----------+
Via Pillar Rule:
    None

*** Finish pre-CTS Setup Fixing (cpu=0:00:00.9 real=0:00:01.0 mem=7690.2M) ***

*** TnsOpt #1 [finish] (place_opt_design #1) : cpu/real = 0:00:01.7/0:00:01.0 (1.7), totSession cpu/real = 0:05:23.6/0:01:46.5 (3.0), mem = 7490.1M
End: GigaOpt Optimization in TNS mode
*** Timing NOT met, worst failing slack is -0.099
*** Check timing (0:00:00.0)
Begin: GigaOpt Optimization in WNS mode
Info: 1 clock net  excluded from IPO operation.
*** WnsOpt #1 [begin] (place_opt_design #1) : totSession cpu/real = 0:05:23.9/0:01:46.8 (3.0), mem = 7498.1M

*info: 1 clock net excluded
*info: 41 no-driver nets excluded.
** GigaOpt Optimizer WNS Slack -0.099 TNS Slack -2.788 Density 2.08
OptDebug: Start of Optimizer WNS Pass 0:
+-------------------+------+------+
|Path Group         |   WNS|   TNS|
+-------------------+------+------+
|C2C C2O I2C default|-0.099|-2.788|
|HEPG               | 0.000| 0.000|
|All Paths          |-0.099|-2.788|
+-------------------+------+------+

Active Path Group: C2C C2O I2C default 
+--------+---------+--------+---------+---------+------------+--------+----------+---------+-----------------------------------------+
|  WNS   | All WNS |  TNS   | All TNS | Density |    Real    |  Mem   |Worst View|Pathgroup|                End Point                |
+--------+---------+--------+---------+---------+------------+--------+----------+---------+-----------------------------------------+
|  -0.099|   -0.099|  -2.788|   -2.788|    2.08%|   0:00:00.0| 7690.2M|        tt|      C2C| u_mem/G_SRAM_BANK[7].u_sram/wd[4]       |
|  -0.085|   -0.085|  -1.885|   -1.885|    2.08%|   0:00:00.0| 7722.2M|        tt|      C2C| u_mem/G_SRAM_BANK[7].u_sram/wd[4]       |
|  -0.080|   -0.080|  -1.269|   -1.269|    2.08%|   0:00:00.0| 7722.2M|        tt|      C2C| u_mem/G_SRAM_BANK[7].u_sram/wd[4]       |
|  -0.073|   -0.073|  -1.173|   -1.173|    2.09%|   0:00:00.0| 7722.2M|        tt|      C2C| u_mem/G_SRAM_BANK[7].u_sram/wd[13]      |
|  -0.068|   -0.068|  -1.058|   -1.058|    2.09%|   0:00:00.0| 7722.2M|        tt|      C2C| u_mem/G_SRAM_BANK[8].u_sram/wd[28]      |
|  -0.052|   -0.052|  -1.002|   -1.002|    2.09%|   0:00:00.0| 7722.2M|        tt|      C2C| u_mem/G_SRAM_BANK[0].u_sram/wd[26]      |
|  -0.047|   -0.047|  -0.893|   -0.893|    2.09%|   0:00:00.0| 7722.2M|        tt|      C2C| u_mem/G_SRAM_BANK[7].u_sram/wd[9]       |
|  -0.045|   -0.045|  -0.656|   -0.656|    2.09%|   0:00:00.0| 7722.2M|        tt|      C2C| u_mem/G_SRAM_BANK[7].u_sram/wd[11]      |
|  -0.035|   -0.035|  -0.596|   -0.596|    2.09%|   0:00:00.0| 7722.2M|        tt|      C2C| u_mem/G_SRAM_BANK[7].u_sram/wd[9]       |
|  -0.035|   -0.035|  -0.508|   -0.508|    2.09%|   0:00:01.0| 7730.2M|        tt|      C2C| u_mem/G_SRAM_BANK[7].u_sram/wd[9]       |
|  -0.031|   -0.031|  -0.441|   -0.441|    2.09%|   0:00:00.0| 7730.2M|        tt|      C2C| u_mem/G_SRAM_BANK[7].u_sram/wd[9]       |
|  -0.026|   -0.026|  -0.392|   -0.392|    2.10%|   0:00:00.0| 7730.2M|        tt|      C2C| u_mem/G_SRAM_BANK[7].u_sram/wd[9]       |
|  -0.022|   -0.022|  -0.297|   -0.297|    2.10%|   0:00:00.0| 7730.2M|        tt|      C2C| u_mem/G_SRAM_BANK[10].u_sram/wd[2]      |
|  -0.020|   -0.020|  -0.151|   -0.151|    2.10%|   0:00:00.0| 7730.2M|        tt|      C2C| u_mem/G_SRAM_BANK[7].u_sram/wd[13]      |
|  -0.014|   -0.014|  -0.116|   -0.116|    2.10%|   0:00:00.0| 7730.2M|        tt|      C2C| u_mem/G_SRAM_BANK[8].u_sram/wd[30]      |
|  -0.010|   -0.010|  -0.040|   -0.040|    2.10%|   0:00:00.0| 7730.2M|        tt|      C2C| u_mem/G_SRAM_BANK[0].u_sram/wd[26]      |
|  -0.007|   -0.007|  -0.007|   -0.007|    2.10%|   0:00:00.0| 7730.2M|        tt|      C2C| u_mem/G_SRAM_BANK[7].u_sram/wd[9]       |
|   0.001|    0.001|   0.000|    0.000|    2.10%|   0:00:00.0| 7730.2M|        tt|      C2C| u_mem/G_SRAM_BANK[8].u_sram/wd[28]      |
|   0.005|    0.005|   0.000|    0.000|    2.10%|   0:00:00.0| 7730.2M|        tt|      C2C| u_mem/G_SRAM_BANK[0].u_sram/wd[21]      |
|   0.007|    0.008|   0.000|    0.000|    2.10%|   0:00:00.0| 7730.2M|        NA|       NA| NA                                      |
|   0.007|    0.008|   0.000|    0.000|    2.10%|   0:00:00.0| 7730.2M|        tt|       NA| NA                                      |
+--------+---------+--------+---------+---------+------------+--------+----------+---------+-----------------------------------------+

*** Finish Core Optimize Step (cpu=0:00:04.7 real=0:00:01.0 mem=7730.2M) ***

*** Finished Optimize Step Cumulative (cpu=0:00:04.7 real=0:00:01.0 mem=7730.2M) ***
OptDebug: End of Optimizer WNS Pass 0:
+-------------------+-----+-----+
|Path Group         |  WNS|  TNS|
+-------------------+-----+-----+
|C2C C2O I2C default|0.008|0.000|
|HEPG               |0.000|0.000|
|All Paths          |0.008|0.000|
+-------------------+-----+-----+

** GigaOpt Optimizer WNS Slack 0.007 TNS Slack 0.000 Density 2.10
** GigaOpt Optimizer WNS Slack 0.007 TNS Slack 0.000 Density 2.10
** GigaOpt Optimizer WNS Slack 0.007 TNS Slack 0.000 Density 2.10
** GigaOpt Optimizer WNS Slack 0.007 TNS Slack 0.000 Density 2.10
OptDebug: End of Setup Fixing:
+-------------------+-----+-----+
|Path Group         |  WNS|  TNS|
+-------------------+-----+-----+
|C2C C2O I2C default|0.008|0.000|
|HEPG               |0.000|0.000|
|All Paths          |0.008|0.000|
+-------------------+-----+-----+

Bottom Preferred Layer:
+-----------+------------+----------+
|   Layer   |   OPT_LA   |   Rule   |
+-----------+------------+----------+
| M4 (z=4)  |         31 | default  |
| M6 (z=6)  |         10 | default  |
+-----------+------------+----------+
Via Pillar Rule:
    None

*** Finish pre-CTS Setup Fixing (cpu=0:00:06.1 real=0:00:03.0 mem=7730.2M) ***

*** WnsOpt #1 [finish] (place_opt_design #1) : cpu/real = 0:00:06.9/0:00:02.9 (2.4), totSession cpu/real = 0:05:30.8/0:01:49.6 (3.0), mem = 7530.1M
End: GigaOpt Optimization in WNS mode
*** Timing Is met
*** Check timing (0:00:00.0)
Info: 1 clock net  excluded from IPO operation.

Begin: Area Reclaim Optimization
*** AreaOpt #2 [begin] (place_opt_design #1) : totSession cpu/real = 0:05:31.3/0:01:50.0 (3.0), mem = 7730.2M
Reclaim Optimization WNS Slack 0.000  TNS Slack 0.000 Density 2.10
+---------+---------+--------+--------+------------+--------+
| Density | Commits |  WNS   |  TNS   |    Real    |  Mem   |
+---------+---------+--------+--------+------------+--------+
|    2.10%|        -|   0.000|   0.000|   0:00:00.0| 7730.2M|
|    2.02%|       88|   0.000|   0.000|   0:00:01.0| 7738.2M|
+---------+---------+--------+--------+------------+--------+
Reclaim Optimization End WNS Slack 0.000  TNS Slack 0.000 Density 2.02
Bottom Preferred Layer:
+-----------+------------+----------+
|   Layer   |   OPT_LA   |   Rule   |
+-----------+------------+----------+
| M4 (z=4)  |         90 | default  |
| M6 (z=6)  |          8 | default  |
+-----------+------------+----------+
Via Pillar Rule:
    None

Number of times islegalLocAvaiable called = 0 skipped = 0, called in commitmove = 0, skipped in commitmove = 0
End: Core Area Reclaim Optimization (cpu = 0:00:05.4) (real = 0:00:01.0) **
*** AreaOpt #2 [finish] (place_opt_design #1) : cpu/real = 0:00:05.4/0:00:01.2 (4.4), totSession cpu/real = 0:05:36.6/0:01:51.2 (3.0), mem = 7738.2M
End: Area Reclaim Optimization (cpu=0:00:05, real=0:00:01, mem=7538.14M, totSessionCpu=0:05:37).
Info: 1 clock net  excluded from IPO operation.

Begin: Area Reclaim Optimization
*** AreaOpt #3 [begin] (place_opt_design #1) : totSession cpu/real = 0:05:37.1/0:01:51.6 (3.0), mem = 7738.2M
Reclaim Optimization WNS Slack 0.000  TNS Slack 0.000 Density 2.02
+---------+---------+--------+--------+------------+--------+
| Density | Commits |  WNS   |  TNS   |    Real    |  Mem   |
+---------+---------+--------+--------+------------+--------+
|    2.02%|        -|   0.000|   0.000|   0:00:00.0| 7738.2M|
|    2.02%|       48|   0.000|   0.000|   0:00:00.0| 7738.2M|
|    2.00%|       28|   0.000|   0.000|   0:00:00.0| 7738.2M|
|    1.98%|       26|   0.000|   0.000|   0:00:00.0| 7738.2M|
|    1.98%|       10|   0.000|   0.000|   0:00:00.0| 7738.2M|
|    1.98%|        3|   0.000|   0.000|   0:00:00.0| 7738.2M|
|    1.98%|        0|   0.000|   0.000|   0:00:00.0| 7738.2M|
|    1.98%|        4|   0.000|   0.000|   0:00:01.0| 7738.2M|
+---------+---------+--------+--------+------------+--------+
Reclaim Optimization End WNS Slack 0.000  TNS Slack 0.000 Density 1.98
Bottom Preferred Layer:
+-----------+------------+----------+
|   Layer   |   OPT_LA   |   Rule   |
+-----------+------------+----------+
| M4 (z=4)  |         50 | default  |
| M6 (z=6)  |          2 | default  |
+-----------+------------+----------+
Via Pillar Rule:
    None

Number of times islegalLocAvaiable called = 0 skipped = 0, called in commitmove = 0, skipped in commitmove = 0
End: Core Area Reclaim Optimization (cpu = 0:00:02.0) (real = 0:00:01.0) **
*** Finished re-routing un-routed nets (7730.2M) ***

*** Finish Physical Update (cpu=0:00:00.2 real=0:00:00.0 mem=7738.2M) ***
*** AreaOpt #3 [finish] (place_opt_design #1) : cpu/real = 0:00:02.2/0:00:00.9 (2.3), totSession cpu/real = 0:05:39.3/0:01:52.5 (3.0), mem = 7738.2M
End: Area Reclaim Optimization (cpu=0:00:02, real=0:00:01, mem=7538.14M, totSessionCpu=0:05:39).
-opt_exp_set_preroute_early_power_reclaim_recovery_split_flow false
                                           # bool, default=false, private
Begin: GigaOpt postEco DRV Optimization
*** DrvOpt #4 [begin] (place_opt_design #1) : totSession cpu/real = 0:05:39.6/0:01:52.8 (3.0), mem = 7546.1M
Info: 1 clock net  excluded from IPO operation.

	CornerforLayerOpt timing analysis view tt has been selected for calibration 
	CornerforLayerOpt timing analysis view tt has been selected for calibration 
	CornerforLayerOpt timing analysis view tt has been selected for calibration 
	CornerforLayerOpt timing analysis view tt has been selected for calibration 
+-------------------------------------------------------------------------------------------------------------------------------------------------------+
|        max-tran       |        max-cap        |  max-fanout |  max-length |       setup       |        |        |        |       |          |         |
+-------------------------------------------------------------------------------------------------------------------------------------------------------+
| nets | terms|  wViol  | nets | terms|  wViol  | nets | terms| nets | terms|   WNS   |   TNS   |  #Buf  |  #Inv  | #Resize|Density|   Real   |   Mem   |
+-------------------------------------------------------------------------------------------------------------------------------------------------------+
|     6|    32|    -0.02|     0|     0|     0.00|    29|    29|     0|     0|     0.00|     0.00|       0|       0|       0|  1.98%|          |         |
|     0|     0|     0.00|     0|     0|     0.00|    29|    29|     0|     0|     0.00|     0.00|       3|       0|       4|  1.98%| 0:00:00.0|  7738.2M|
|     0|     0|     0.00|     0|     0|     0.00|    29|    29|     0|     0|     0.00|     0.00|       0|       0|       0|  1.98%| 0:00:00.0|  7738.2M|
+-------------------------------------------------------------------------------------------------------------------------------------------------------+
Bottom Preferred Layer:
+-----------+------------+----------+
|   Layer   |   OPT_LA   |   Rule   |
+-----------+------------+----------+
| M4 (z=4)  |         52 | default  |
| M6 (z=6)  |          2 | default  |
+-----------+------------+----------+
Via Pillar Rule:
    None

*** Finish DRV Fixing (cpu=0:00:00.2 real=0:00:00.0 mem=7738.2M) ***

*** DrvOpt #4 [finish] (place_opt_design #1) : cpu/real = 0:00:00.8/0:00:00.5 (1.6), totSession cpu/real = 0:05:40.4/0:01:53.3 (3.0), mem = 7538.1M
End: GigaOpt postEco DRV Optimization
**WARN: (IMPOPT-7329):	Skipping refinePlace due to user configuration.
Register exp ratio and priority group on 54 nets on 2089 nets : 
z=4 : 52 nets
z=6 : 2 nets

Active setup views:
 tt
  Dominating endpoints: 0
  Dominating TNS: -0.000

Extraction called for design 'axi_ram' of instances=1477 and nets=2198 using extraction engine 'preRoute' .
PreRoute RC Extraction called for design axi_ram.
RC Extraction called in multi-corner(1) mode.
RCMode: PreRoute
      RC Corner Indexes            0   
Capacitance Scaling Factor   : 1.00000 
Resistance Scaling Factor    : 1.00000 
Clock Cap. Scaling Factor    : 1.00000 
Clock Res. Scaling Factor    : 1.00000 
Shrink Factor                : 1.00000
PreRoute extraction is honoring NDR/Shielding/ExtraSpace for clock nets.
Using Quantus QRC technology file ...
Grid density data update skipped
Initializing multi-corner resistance tables ...
PreRoute RC Extraction DONE (CPU Time: 0:00:00.1  Real Time: 0:00:00.0  MEM: 7432.582M)
Skewing Data Summary (End_of_FINAL)

Skew summary for view tt:
* Accumulated skew : count = 0

Starting delay calculation for Setup views
AAE_INFO: opIsDesignInPostRouteState() is 0
#################################################################################
# Design Stage: PreRoute
# Design Name: axi_ram
# Design Mode: 7nm
# Analysis Mode: MMMC Non-OCV 
# Parasitics Mode: No SPEF/RCDB 
# Signoff Settings: SI Off 
#################################################################################
Calculate delays in Single mode...
Start delay calculation (fullDC) (12 T). (MEM=3394.14)
Total number of fetched objects 2089
End delay calculation. (MEM=3422.08 CPU=0:00:00.7 REAL=0:00:00.0)
End delay calculation (fullDC). (MEM=3422.08 CPU=0:00:00.8 REAL=0:00:00.0)
*** Done Building Timing Graph (cpu=0:00:01.3 real=0:00:00.0 totSessionCpu=0:05:42 mem=7324.1M)
OPTC: user 20.0
Reported timing to dir ./timingReports
**optDesign ... cpu = 0:04:29, real = 0:01:03, mem = 3373.0M, totSessionCpu=0:05:42 **


OptSummary:

------------------------------------------------------------------
     optDesign Final Summary
------------------------------------------------------------------

Setup views included:
 tt 

+--------------------+---------+---------+---------+---------+---------+
|     Setup mode     |   all   | default |   C2C   |   C2O   |   I2C   |
+--------------------+---------+---------+---------+---------+---------+
|           WNS (ns):|  0.004  |  0.348  |  0.004  |  0.283  |  0.142  |
|           TNS (ns):|  0.000  |  0.000  |  0.000  |  0.000  |  0.000  |
|    Violating Paths:|    0    |    0    |    0    |    0    |    0    |
|          All Paths:|   929   |   155   |   879   |   50    |   155   |
+--------------------+---------+---------+---------+---------+---------+

+----------------+-------------------------------+------------------+
|                |              Real             |       Total      |
|    DRVs        +------------------+------------+------------------|
|                |  Nr nets(terms)  | Worst Vio  |  Nr nets(terms)  |
+----------------+------------------+------------+------------------+
|   max_cap      |      0 (0)       |   0.000    |      0 (0)       |
|   max_tran     |      0 (0)       |   0.000    |      0 (0)       |
|   max_fanout   |     29 (29)      |    -37     |     30 (30)      |
|   max_length   |      0 (0)       |     0      |      0 (0)       |
+----------------+------------------+------------+------------------+

Density: 1.985%
Routing Overflow: 0.00% H and 0.03% V
------------------------------------------------------------------
Begin: Collecting metrics
 ------------------------------------------------------------------------------------------------------------------------------------------------------------------- 
| Snapshot                | WNS                  | TNS                  | Density (%) | Hotspot                   | Resource               | DRVs       | Layer-OPT |
|                         | HEPG (ns) | ALL (ns) | HEPG (ns) | ALL (ns) |             | Max (bins) | Total (bins) | Real (s) | Memory (MB) | Tran | Cap | M4  | M6  |
|-------------------------+-----------+----------+-----------+----------+-------------+------------+--------------+----------+-------------+------+-----+-----+-----|
| initial_summary         |           |   -0.863 |           |     -251 |        1.74 |            |              | 0:00:02  |        6751 |  115 |  57 |     |     |
| simplify_netlist        |           |          |           |          |             |            |              | 0:00:01  |        6964 |      |     |     |     |
| drv_fixing              |           |          |           |          |             |            |              | 0:00:01  |        6964 |      |     |     |     |
| drv_fixing_2            |     0.000 |   -0.289 |         0 |      -25 |        1.93 |            |              | 0:00:01  |        7140 |    0 |   0 |  49 |     |
| global_opt              |           |    0.003 |           |        0 |        2.00 |            |              | 0:00:02  |        7175 |      |     |  74 |     |
| area_reclaiming         |     0.000 |    0.011 |         0 |        0 |        1.94 |            |              | 0:00:01  |        7194 |      |     |  23 |     |
| incremental_replacement |           |   -0.399 |           |      -26 |             |       1.04 |         1.04 | 0:00:30  |        7348 |      |     |     |     |
| drv_fixing_3            |     0.000 |   -0.099 |         0 |       -3 |        2.08 |            |              | 0:00:01  |        7498 |    0 |   0 |  26 |     |
| tns_fixing              |     0.000 |   -0.099 |         0 |       -3 |        2.08 |            |              | 0:00:02  |        7690 |      |     |  26 |     |
| wns_fixing              |     0.000 |    0.008 |         0 |        0 |        2.10 |            |              | 0:00:03  |        7730 |      |     |  31 |  10 |
| area_reclaiming_2       |     0.000 |    0.003 |         0 |        0 |        2.02 |            |              | 0:00:01  |        7538 |      |     |  90 |   8 |
| area_reclaiming_3       |     0.000 |    0.003 |         0 |        0 |        1.98 |            |              | 0:00:01  |        7538 |      |     |  50 |   2 |
| drv_eco_fixing          |     0.000 |    0.003 |         0 |        0 |        1.98 |            |              | 0:00:01  |        7538 |    0 |   0 |  52 |   2 |
| final_summary           |           |    0.004 |           |        0 |        1.98 |            |              | 0:00:01  |        7330 |    0 |   0 |     |     |
 ------------------------------------------------------------------------------------------------------------------------------------------------------------------- 
End: Collecting metrics
**optDesign ... cpu = 0:04:30, real = 0:01:04, mem = 3382.7M, totSessionCpu=0:05:43 **
**WARN: (IMPOPT-3195):	Analysis mode has changed.
Type 'man IMPOPT-3195' for more detail.
*** Finished optDesign ***
      flow.cputime  flow.realtime  timing.setup.tns  timing.setup.wns  snapshot
UM:*                                                                   final
      flow.cputime  flow.realtime  timing.setup.tns  timing.setup.wns  snapshot
UM:*                                                                   opt_design_prects
Info: final physical memory for 13 CRR processes is 1071.21MB.
Info: Summary of CRR changes:
      - Timing transform commits:       0
Disable CTE adjustment.
Disable Layer aware incrSKP.
**place_opt_design ... cpu = 0:05:07, real = 0:01:23, mem = 7330.1M **
*** Finished GigaPlace ***

*** Summary of all messages that are not suppressed in this session:
Severity  ID               Count  Summary                                  
WARNING   IMPOPT-3195          2  Analysis mode has changed.               
WARNING   IMPOPT-7329          1  Skipping refinePlace due to user configu...
WARNING   IMPPSP-1501          1  Ignored degenerated net (#pins %u) : %s  
*** Message Summary: 4 warning(s), 0 error(s)

*** place_opt_design #1 [finish] () : cpu/real = 0:05:07.4/0:01:23.0 (3.7), totSession cpu/real = 0:05:43.8/0:02:04.2 (2.8), mem = 7330.1M
#% End place_opt_design (date=08/14 12:45:10, total cpu=0:05:07, real=0:01:23, peak res=4173.6M, current mem=3305.7M)
<CMD> refinePlace

*** Starting refinePlace (0:05:44 mem=7330.1M) ***
Move report: Detail placement moves 197 insts, mean move: 1.26 um, max move: 3.89 um 
	Max move on inst (u_mem/FE_OFC530_mem_wdata_29): (394.85, 708.48) --> (395.50, 711.72)
	Runtime: CPU: 0:00:00.3 REAL: 0:00:00.0 MEM: 7298.1MB
Summary Report:
Instances move: 197 (out of 1461 movable)
Instances flipped: 5
Mean displacement: 1.26 um
Max displacement: 3.89 um (Instance: u_mem/FE_OFC530_mem_wdata_29) (394.848, 708.48) -> (395.496, 711.72)
	Length: 5 sites, height: 1 rows, site name: asap7sc7p5t, cell type: BUFx2_ASAP7_75t_L
Physical-only instances move: 0 (out of 0 movable physical-only)
Runtime: CPU: 0:00:00.3 REAL: 0:00:00.0 MEM: 7298.1MB
*** Finished refinePlace (0:05:44 mem=7298.1M) ***
<CMD> checkPlace ./verify_rpt/checkPlace_after_place.rpt

Begin checking placement ... (start mem=7322.1M, init mem=7330.1M)
*info: Placed = 1477           (Fixed = 16)
*info: Unplaced = 0           
Placement Density:1.98%(2415/121700)
Placement Density (including fixed std cells):1.98%(2415/121700)
Finished checkPlace (total: cpu=0:00:00.3, real=0:00:01.0; vio checks: cpu=0:00:00.2, real=0:00:00.0; mem=7298.1M)
<CMD> checkFPlan -reportUtil -outFile ./verify_rpt/reportUtil_after_place.rpt
Checking routing tracks.....
Checking other grids.....
Checking FINFET Grid is on Manufacture Grid.....
Checking core/die box is on Grid.....
Checking snap rule ......
Checking Row is on grid......
Checking AreaIO row.....
Checking row out of die ...
Checking routing blockage.....
Checking placement blockage.....
placeBlkGrid grid_type = 1 
Checking components.....
Checking IO Pads out of die...
Checking constraints (guide/region/fence).....

Checking Preroutes.....
No. of regular pre-routes not on tracks : 0 

Reporting Utilizations.....

Core utilization  = 75.359610
TU for group SRAM_ISLAND_GROUP = 94.208365
Effective Utilizations

Average macro density = 0.000.
Average module density = 0.020.
Density for module 'SRAM_ISLAND_GROUP' = 0.000.
       = stdcell_area 0 sites (0 um^2) / alloc_area 0 sites (0 um^2).
Pure std cell Density 0.019847
 Density for the rest of the design = 0.020.
       = stdcell_area 10354 sites (2415 um^2) / alloc_area 521694 sites (121701 um^2).
Density for the design = 0.020.
       = stdcell_area 10354 sites (2415 um^2) / alloc_area 521694 sites (121701 um^2).
Pin Density = 0.003291.
            = total # of pins 6705 / total area 2037666.
*** Message Summary: 0 warning(s), 0 error(s)

<CMD> timeDesign -preCTS -outDir ./reports/timing_preCTS
*** timeDesign #1 [begin] () : totSession cpu/real = 0:05:44.7/0:02:04.6 (2.8), mem = 7330.1M
Start to check current routing status for nets...
All nets are already routed correctly.
End to check current routing status for nets (mem=7319.7M)


OptSummary:

------------------------------------------------------------------
          timeDesign Summary
------------------------------------------------------------------

Setup views included:
 tt 

+--------------------+---------+---------+---------+---------+---------+
|     Setup mode     |   all   | default |   C2C   |   C2O   |   I2C   |
+--------------------+---------+---------+---------+---------+---------+
|           WNS (ns):|  0.004  |  0.348  |  0.004  |  0.283  |  0.142  |
|           TNS (ns):|  0.000  |  0.000  |  0.000  |  0.000  |  0.000  |
|    Violating Paths:|    0    |    0    |    0    |    0    |    0    |
|          All Paths:|   929   |   155   |   879   |   50    |   155   |
+--------------------+---------+---------+---------+---------+---------+

+----------------+-------------------------------+------------------+
|                |              Real             |       Total      |
|    DRVs        +------------------+------------+------------------|
|                |  Nr nets(terms)  | Worst Vio  |  Nr nets(terms)  |
+----------------+------------------+------------+------------------+
|   max_cap      |      0 (0)       |   0.000    |      0 (0)       |
|   max_tran     |      0 (0)       |   0.000    |      0 (0)       |
|   max_fanout   |     29 (29)      |    -37     |     30 (30)      |
|   max_length   |      0 (0)       |     0      |      0 (0)       |
+----------------+------------------+------------+------------------+

Density: 1.985%
Routing Overflow: 0.00% H and 0.03% V
------------------------------------------------------------------
Reported timing to dir ./reports/timing_preCTS
Total CPU time: 0.3 sec
Total Real time: 0.0 sec
Total Memory Usage: 7330.09375 Mbytes
*** timeDesign #1 [finish] () : cpu/real = 0:00:00.3/0:00:00.2 (1.3), totSession cpu/real = 0:05:45.0/0:02:04.9 (2.8), mem = 7330.1M
<CMD> setSrouteMode -reset
<CMD> setSrouteMode -viaConnectToShape {ring stripe blockring}
<CMD> sroute -connect corePin -nets {VDD VSS} -corePinCheckStdcellGeoms -allowJogging 0 -allowLayerChange 0
#% Begin sroute (date=08/14 12:45:11, mem=3308.3M)
Setting -use_cce to 1. ViaGen will call CCE to colorize via and may re-colorize surrounding vias to resolve color conflict within the local range.
Setting -optimize_cross_via to 1. ViaGen will try to generate vias with the minimum enclosure.
setViaGenMode -optimize_cross_via true is set by default for this design of 12nm node or under. 
Setting -disable_via_merging to 1. ViaGen disables via merging with the via created earlier.
setViaGenMode -disable_via_merging true is set by default for this design of 12nm node or under. 
Setting -keep_existing_via to 1. ViaGen will keep the existing vias.
setViaGenMode -keep_existing_via 1 is set by default for this design of 12nm node or under. 
setAddStripeMode -use_exact_spacing true is set by default for this design under 20nm node. 
*** Begin SPECIAL ROUTE on Fri Aug 14 12:45:11 2026 ***
SPECIAL ROUTE ran on directory: /home/user1/Desktop/Script_Backend/Asap7/run_workspace/sram_axi/innovus
SPECIAL ROUTE ran on machine: user1-EliteMini (Linux 7.0.0-28-generic x86_64 2.82Ghz)

Begin option processing ...
srouteConnectPowerBump set to false
routeSelectNet set to "VDD VSS"
routeSpecial set to true
srouteConnectBlockPin set to false
srouteConnectConverterPin set to false
srouteConnectPadPin set to false
srouteConnectStripe set to false
srouteFollowCorePinEnd set to 3
srouteFollowPadPin set to false
srouteNoLayerChangeRoute set to true
srouteNoViaOnWireShape set to "padring blockpin coverpin noshape blockwire corewire followpin iowire"
sroutePadPinAllPorts set to true
sroutePreserveExistingRoutes set to true
srouteRoutePowerBarPortOnBothDir set to true
srouteStraightConnections set to "straightWithDrcClean"
End option processing: cpu: 0:00:00, real: 0:00:00, peak: 851.00 megs.

Reading DB technology information...
Finished reading DB technology information.
Reading floorplan and netlist information...
Finished reading floorplan and netlist information.
**WARN: (IMPSR-4302):	Cap-table/qrcTechFile is found in the design, so the same information from the technology file will be ignored.
Read in 21 layers, 10 routing layers, 1 overlap layer
Read in 1 nondefault rule, 0 used
Read in 425 macros, 66 used
Read in 1477 components
  1461 core components: 0 unplaced, 1461 placed, 0 fixed
  16 block/ring components: 0 unplaced, 0 placed, 16 fixed
Read in 230 physical pins
  230 physical pins: 0 unplaced, 0 placed, 230 fixed
Read in 17 blockages
Read in 228 nets
Read in 2 special nets, 2 routed
Read in 3184 terminals
2 nets selected.

Begin power routing ...
CPU time for VDD FollowPin 0 seconds
CPU time for VSS FollowPin 0 seconds
  Number of Core ports routed: 0  open: 1420
  Number of Followpin connections: 710
End power routing: cpu: 0:00:00, real: 0:00:00, peak: 851.00 megs.



 Begin updating DB with routing results ...
 Updating DB with 230 io pins ...
 Updating DB with 0 via definition ...
setAddStripeMode -use_exact_spacing is reset to default value: false.
setViaGenMode -disable_via_merging is reset to default value: false.
setViaGenMode -keep_existing_via is reset to default value: 0.
setViaGenMode -optimize_cross_via is reset to default value: false.
setAddStripeMode -use_exact_spacing true is set by default for this design under 20nm node. 
Setting -use_cce to 1. ViaGen will call CCE to colorize via and may re-colorize surrounding vias to resolve color conflict within the local range.
Setting -optimize_cross_via to 1. ViaGen will try to generate vias with the minimum enclosure.
setViaGenMode -optimize_cross_via true is set by default for this design of 12nm node or under. 
Setting -disable_via_merging to 1. ViaGen disables via merging with the via created earlier.
setViaGenMode -disable_via_merging true is set by default for this design of 12nm node or under. 
Setting -keep_existing_via to 1. ViaGen will keep the existing vias.
setViaGenMode -keep_existing_via 1 is set by default for this design of 12nm node or under. 
sroute created 710 wires.
ViaGen created 0 via, deleted 0 via to avoid violation.
+--------+----------------+----------------+
|  Layer |     Created    |     Deleted    |
+--------+----------------+----------------+
|   M1   |       710      |       NA       |
+--------+----------------+----------------+
setAddStripeMode -use_exact_spacing is reset to default value: false.
setViaGenMode -disable_via_merging is reset to default value: false.
setViaGenMode -keep_existing_via is reset to default value: 0.
setViaGenMode -optimize_cross_via is reset to default value: false.
#% End sroute (date=08/14 12:45:11, total cpu=0:00:00.5, real=0:00:00.0, peak res=3315.6M, current mem=3315.6M)
<CMD> setAddStripeMode -allow_jog none -allow_nonpreferred_dir none -break_at none -extend_to_closest_target area_boundary -stacked_via_bottom_layer M1 -stacked_via_top_layer M5
addStripe will not allow jog to connect padcore ring and block ring.

Stripes will use preferred direction when jogging to make connections.
<CMD> addStripe -nets {VSS VDD} -layer M5 -direction vertical -width 0.096 -spacing 0.288 -set_to_set_distance 25.920 -start_from left -start_offset 1.872000 -number_of_sets 1 -create_pins 0 -area {503.04 1.968 507.36 768.864} -snap_wire_center_to_grid Grid -allow_snapping_override_custom_spacing 1
#% Begin addStripe (date=08/14 12:45:11, mem=3315.6M)
setAddStripeMode -use_exact_spacing true is set by default for this design under 20nm node. 
Setting -use_cce to 1. ViaGen will call CCE to colorize via and may re-colorize surrounding vias to resolve color conflict within the local range.
Setting -optimize_cross_via to 1. ViaGen will try to generate vias with the minimum enclosure.
setViaGenMode -optimize_cross_via true is set by default for this design of 12nm node or under. 
Setting -disable_via_merging to 1. ViaGen disables via merging with the via created earlier.
setViaGenMode -disable_via_merging true is set by default for this design of 12nm node or under. 
Setting -keep_existing_via to 1. ViaGen will keep the existing vias.
setViaGenMode -keep_existing_via 1 is set by default for this design of 12nm node or under. 

Initialize fgc environment(mem: 7330.1M) ...  done(cpu: 0:00:00.0, real: 0:00:00.0, peak mem: 7330.1M)
**WARN: (IMPPP-133):	The block boundary of the 'u_mem/G_SRAM_BANK[11].u_sram' instance was increased to (379.276001 356.399994) (500.687988 529.200012) because the  obs (379.276001 361.444000) (500.667999 361.743988) on layer V3 was outside the original block boundary.
Type 'man IMPPP-133' for more detail.
**WARN: (IMPPP-133):	The block boundary of the 'u_mem/G_SRAM_BANK[4].u_sram' instance was increased to (379.276001 179.279999) (500.687988 352.079987) because the  obs (379.276001 184.324005) (500.667999 184.623993) on layer V3 was outside the original block boundary.
Type 'man IMPPP-133' for more detail.
**WARN: (IMPPP-133):	The block boundary of the 'u_mem/FE_OFC396_mem_wdata_24' instance was increased to (505.223999 35.604000) (506.303986 36.720001) because the VSS pin (505.223999 35.604000) (506.303986 35.675999) on layer M1 was outside the original block boundary.
Type 'man IMPPP-133' for more detail.
**WARN: (IMPPP-133):	The block boundary of the 'u_mem/FE_OFC396_mem_wdata_24' instance was increased to (505.223999 35.604000) (506.303986 36.756001) because the VDD pin (505.223999 36.683998) (506.303986 36.756001) on layer M1 was outside the original block boundary.
Type 'man IMPPP-133' for more detail.
**WARN: (IMPPP-133):	The block boundary of the 'u_mem/g9913__2802' instance was increased to (505.007996 24.804001) (506.303986 25.920000) because the VSS pin (505.007996 24.804001) (506.303986 24.875999) on layer M1 was outside the original block boundary.
Type 'man IMPPP-133' for more detail.
**WARN: (IMPPP-133):	The block boundary of the 'u_mem/g9913__2802' instance was increased to (505.007996 24.804001) (506.303986 25.955999) because the VDD pin (505.007996 25.884001) (506.303986 25.955999) on layer M1 was outside the original block boundary.
Type 'man IMPPP-133' for more detail.
**WARN: (IMPPP-133):	The block boundary of the 'u_mem/g9886__1705' instance was increased to (505.007996 36.720001) (506.303986 37.835999) because the VSS pin (505.007996 37.764000) (506.303986 37.835999) on layer M1 was outside the original block boundary.
Type 'man IMPPP-133' for more detail.
**WARN: (IMPPP-133):	The block boundary of the 'u_mem/g9886__1705' instance was increased to (505.007996 36.683998) (506.303986 37.835999) because the VDD pin (505.007996 36.683998) (506.303986 36.756001) on layer M1 was outside the original block boundary.
Type 'man IMPPP-133' for more detail.
**WARN: (IMPPP-133):	The block boundary of the 'u_mem/g9944__8246' instance was increased to (505.007996 14.004000) (506.303986 15.120000) because the VSS pin (505.007996 14.004000) (506.303986 14.076000) on layer M1 was outside the original block boundary.
Type 'man IMPPP-133' for more detail.
**WARN: (IMPPP-133):	The block boundary of the 'u_mem/g9944__8246' instance was increased to (505.007996 14.004000) (506.303986 15.156000) because the VDD pin (505.007996 15.084000) (506.303986 15.156000) on layer M1 was outside the original block boundary.
Type 'man IMPPP-133' for more detail.
**WARN: (IMPPP-133):	The block boundary of the 'u_mem/g9899__2346' instance was increased to (505.007996 43.200001) (506.303986 44.316002) because the VSS pin (505.007996 44.243999) (506.303986 44.316002) on layer M1 was outside the original block boundary.
Type 'man IMPPP-133' for more detail.
**WARN: (IMPPP-133):	The block boundary of the 'u_mem/g9899__2346' instance was increased to (505.007996 43.164001) (506.303986 44.316002) because the VDD pin (505.007996 43.164001) (506.303986 43.236000) on layer M1 was outside the original block boundary.
Type 'man IMPPP-133' for more detail.
**WARN: (IMPPP-133):	The block boundary of the 'u_mem/g9919__1881' instance was increased to (505.007996 12.960000) (506.303986 14.076000) because the VSS pin (505.007996 14.004000) (506.303986 14.076000) on layer M1 was outside the original block boundary.
Type 'man IMPPP-133' for more detail.
**WARN: (IMPPP-133):	The block boundary of the 'u_mem/g9919__1881' instance was increased to (505.007996 12.924000) (506.303986 14.076000) because the VDD pin (505.007996 12.924000) (506.303986 12.996000) on layer M1 was outside the original block boundary.
Type 'man IMPPP-133' for more detail.
**WARN: (IMPPP-133):	The block boundary of the 'u_mem/g9840__9315' instance was increased to (505.007996 28.080000) (506.303986 29.195999) because the VSS pin (505.007996 29.124001) (506.303986 29.195999) on layer M1 was outside the original block boundary.
Type 'man IMPPP-133' for more detail.
**WARN: (IMPPP-133):	The block boundary of the 'u_mem/g9840__9315' instance was increased to (505.007996 28.044001) (506.303986 29.195999) because the VDD pin (505.007996 28.044001) (506.303986 28.115999) on layer M1 was outside the original block boundary.
Type 'man IMPPP-133' for more detail.
**WARN: (IMPPP-133):	The block boundary of the 'u_mem/g9890__6131' instance was increased to (505.007996 19.440001) (506.303986 20.556000) because the VSS pin (505.007996 20.483999) (506.303986 20.556000) on layer M1 was outside the original block boundary.
Type 'man IMPPP-133' for more detail.
**WARN: (IMPPP-133):	The block boundary of the 'u_mem/g9890__6131' instance was increased to (505.007996 19.403999) (506.303986 20.556000) because the VDD pin (505.007996 19.403999) (506.303986 19.476000) on layer M1 was outside the original block boundary.
Type 'man IMPPP-133' for more detail.
**WARN: (IMPPP-133):	The block boundary of the 'u_mem/g9940__1617' instance was increased to (505.007996 20.483999) (506.303986 21.600000) because the VSS pin (505.007996 20.483999) (506.303986 20.556000) on layer M1 was outside the original block boundary.
Type 'man IMPPP-133' for more detail.
**WARN: (IMPPP-133):	The block boundary of the 'u_mem/g9940__1617' instance was increased to (505.007996 20.483999) (506.303986 21.636000) because the VDD pin (505.007996 21.563999) (506.303986 21.636000) on layer M1 was outside the original block boundary.
Type 'man IMPPP-133' for more detail.
**WARN: (EMS-27):	Message (IMPPP-133) has exceeded the current message display limit of 20.
To increase the message display limit, refer to the product command reference manual.
Loading cell geometries (cpu: 0:00:00.0, real: 0:00:00.0, peak mem: 7330.1M)
Loading wires (cpu: 0:00:00.0, real: 0:00:00.0, peak mem: 7330.1M)
Loading via instances (cpu: 0:00:00.0, real: 0:00:00.0, peak mem: 7330.1M)
Starting stripe generation ...
Non-Default Mode Option Settings :
  -use_exact_spacing  1
  -extend_to_area_boundary  1
  -allow_nonpreferred_dir { none }
*** Stripes and vias are being generated (current mem: 7330.094)***
Start to generate stripes.
Stripe generate is completed (cpu time: 0:00:00.0, peak mem: 7330.094M)
Start to generate vias.
    Completing 100% (cpu time: 0:00:00.0, peak mem: 7330.094M)
  stripes and vias are completed(total cpu time: 0:00:00.0, peak mem: 7330.094M)
Stripe generation is complete.
vias are now being generated.
Multi-CPU acceleration using 12 CPU(s) with 4 iterations for via generation
Completing iteration 1 (cpu time: 0:00:00.1, real time: 0:00:00.0 peak mem: 7318.090M)
Completing iteration 2 (cpu time: 0:00:00.1, real time: 0:00:00.0 peak mem: 7318.090M)
Completing iteration 3 (cpu time: 0:00:00.0, real time: 0:00:00.0 peak mem: 7318.090M)
Completing iteration 4 (cpu time: 0:00:00.0, real time: 0:00:00.0 peak mem: 7318.090M)
Via generation is complete (cpu time: 0:00:00.2, real time: 0:00:00.0 peak mem: 7318.090M)
addStripe created 2 wires.
ViaGen created 2840 vias, deleted 0 via to avoid violation.
+--------+----------------+----------------+
|  Layer |     Created    |     Deleted    |
+--------+----------------+----------------+
|   V1   |       710      |        0       |
|   V2   |       710      |        0       |
|   V3   |       710      |        0       |
|   V4   |       710      |        0       |
|   M5   |        2       |       NA       |
+--------+----------------+----------------+
setAddStripeMode -use_exact_spacing is reset to default value: false.
setViaGenMode -disable_via_merging is reset to default value: false.
setViaGenMode -keep_existing_via is reset to default value: 0.
setViaGenMode -optimize_cross_via is reset to default value: false.
#% End addStripe (date=08/14 12:45:12, total cpu=0:00:00.3, real=0:00:00.0, peak res=3315.6M, current mem=3310.9M)
<CMD> addStripe -nets {VDD VSS} -layer M5 -direction vertical -width 0.096 -spacing 0.288 -set_to_set_distance 25.920 -start_from left -start_offset 11.568000 -create_pins 0 -area {507.36 1.968 623.088 768.864} -snap_wire_center_to_grid Grid -allow_snapping_override_custom_spacing 1
#% Begin addStripe (date=08/14 12:45:12, mem=3310.9M)
setAddStripeMode -use_exact_spacing true is set by default for this design under 20nm node. 
Setting -use_cce to 1. ViaGen will call CCE to colorize via and may re-colorize surrounding vias to resolve color conflict within the local range.
Setting -optimize_cross_via to 1. ViaGen will try to generate vias with the minimum enclosure.
setViaGenMode -optimize_cross_via true is set by default for this design of 12nm node or under. 
Setting -disable_via_merging to 1. ViaGen disables via merging with the via created earlier.
setViaGenMode -disable_via_merging true is set by default for this design of 12nm node or under. 
Setting -keep_existing_via to 1. ViaGen will keep the existing vias.
setViaGenMode -keep_existing_via 1 is set by default for this design of 12nm node or under. 

Initialize fgc environment(mem: 7318.1M) ...  done(cpu: 0:00:00.0, real: 0:00:00.0, peak mem: 7318.1M)
**WARN: (IMPPP-133):	The block boundary of the 'u_mem/g9625__5107' instance was increased to (509.112000 190.080002) (510.623993 191.195999) because the VSS pin (509.112000 191.123993) (510.623993 191.195999) on layer M1 was outside the original block boundary.
Type 'man IMPPP-133' for more detail.
**WARN: (IMPPP-133):	The block boundary of the 'u_mem/g9625__5107' instance was increased to (509.112000 190.044006) (510.623993 191.195999) because the VDD pin (509.112000 190.044006) (510.623993 190.115997) on layer M1 was outside the original block boundary.
Type 'man IMPPP-133' for more detail.
**WARN: (IMPPP-133):	The block boundary of the 'u_mem/g9864__5115' instance was increased to (505.872009 32.400002) (507.167999 33.515999) because the VSS pin (505.872009 33.444000) (507.167999 33.515999) on layer M1 was outside the original block boundary.
Type 'man IMPPP-133' for more detail.
**WARN: (IMPPP-133):	The block boundary of the 'u_mem/g9864__5115' instance was increased to (505.872009 32.363998) (507.167999 33.515999) because the VDD pin (505.872009 32.363998) (507.167999 32.436001) on layer M1 was outside the original block boundary.
Type 'man IMPPP-133' for more detail.
**WARN: (IMPPP-133):	The block boundary of the 'u_mem/g9839__6161' instance was increased to (505.872009 54.000000) (507.167999 55.116001) because the VSS pin (505.872009 55.043999) (507.167999 55.116001) on layer M1 was outside the original block boundary.
Type 'man IMPPP-133' for more detail.
**WARN: (IMPPP-133):	The block boundary of the 'u_mem/g9839__6161' instance was increased to (505.872009 53.964001) (507.167999 55.116001) because the VDD pin (505.872009 53.964001) (507.167999 54.035999) on layer M1 was outside the original block boundary.
Type 'man IMPPP-133' for more detail.
**WARN: (IMPPP-133):	The block boundary of the 'u_mem/g9861__7098' instance was increased to (505.872009 61.523998) (507.167999 62.639999) because the VSS pin (505.872009 61.523998) (507.167999 61.596001) on layer M1 was outside the original block boundary.
Type 'man IMPPP-133' for more detail.
**WARN: (IMPPP-133):	The block boundary of the 'u_mem/g9861__7098' instance was increased to (505.872009 61.523998) (507.167999 62.675999) because the VDD pin (505.872009 62.604000) (507.167999 62.675999) on layer M1 was outside the original block boundary.
Type 'man IMPPP-133' for more detail.
**WARN: (IMPPP-133):	The block boundary of the 'u_mem/g9938__6783' instance was increased to (506.735992 36.720001) (508.032013 37.835999) because the VSS pin (506.735992 37.764000) (508.032013 37.835999) on layer M1 was outside the original block boundary.
Type 'man IMPPP-133' for more detail.
**WARN: (IMPPP-133):	The block boundary of the 'u_mem/g9938__6783' instance was increased to (506.735992 36.683998) (508.032013 37.835999) because the VDD pin (506.735992 36.683998) (508.032013 36.756001) on layer M1 was outside the original block boundary.
Type 'man IMPPP-133' for more detail.
**WARN: (IMPPP-133):	The block boundary of the 'u_mem/g9898__2883' instance was increased to (506.735992 9.684000) (508.032013 10.800000) because the VSS pin (506.735992 9.684000) (508.032013 9.756000) on layer M1 was outside the original block boundary.
Type 'man IMPPP-133' for more detail.
**WARN: (IMPPP-133):	The block boundary of the 'u_mem/g9898__2883' instance was increased to (506.735992 9.684000) (508.032013 10.836000) because the VDD pin (506.735992 10.764000) (508.032013 10.836000) on layer M1 was outside the original block boundary.
Type 'man IMPPP-133' for more detail.
**WARN: (IMPPP-133):	The block boundary of the 'u_mem/g9942__1705' instance was increased to (507.600006 42.084000) (508.895996 43.200001) because the VSS pin (507.600006 42.084000) (508.895996 42.155998) on layer M1 was outside the original block boundary.
Type 'man IMPPP-133' for more detail.
**WARN: (IMPPP-133):	The block boundary of the 'u_mem/g9942__1705' instance was increased to (507.600006 42.084000) (508.895996 43.236000) because the VDD pin (507.600006 43.164001) (508.895996 43.236000) on layer M1 was outside the original block boundary.
Type 'man IMPPP-133' for more detail.
**WARN: (IMPPP-133):	The block boundary of the 'u_mem/g9916__8246' instance was increased to (506.735992 22.643999) (508.032013 23.760000) because the VSS pin (506.735992 22.643999) (508.032013 22.716000) on layer M1 was outside the original block boundary.
Type 'man IMPPP-133' for more detail.
**WARN: (IMPPP-133):	The block boundary of the 'u_mem/g9916__8246' instance was increased to (506.735992 22.643999) (508.032013 23.796000) because the VDD pin (506.735992 23.724001) (508.032013 23.796000) on layer M1 was outside the original block boundary.
Type 'man IMPPP-133' for more detail.
**WARN: (IMPPP-133):	The block boundary of the 'u_mem/g9924__9315' instance was increased to (507.816010 29.124001) (509.112000 30.240000) because the VSS pin (507.816010 29.124001) (509.112000 29.195999) on layer M1 was outside the original block boundary.
Type 'man IMPPP-133' for more detail.
**WARN: (IMPPP-133):	The block boundary of the 'u_mem/g9924__9315' instance was increased to (507.816010 29.124001) (509.112000 30.275999) because the VDD pin (507.816010 30.204000) (509.112000 30.275999) on layer M1 was outside the original block boundary.
Type 'man IMPPP-133' for more detail.
**WARN: (IMPPP-133):	The block boundary of the 'u_mem/g9854__6783' instance was increased to (506.951996 16.164000) (508.247986 17.280001) because the VSS pin (506.951996 16.164000) (508.247986 16.236000) on layer M1 was outside the original block boundary.
Type 'man IMPPP-133' for more detail.
**WARN: (IMPPP-133):	The block boundary of the 'u_mem/g9854__6783' instance was increased to (506.951996 16.164000) (508.247986 17.316000) because the VDD pin (506.951996 17.243999) (508.247986 17.316000) on layer M1 was outside the original block boundary.
Type 'man IMPPP-133' for more detail.
**WARN: (EMS-27):	Message (IMPPP-133) has exceeded the current message display limit of 20.
To increase the message display limit, refer to the product command reference manual.
Loading cell geometries (cpu: 0:00:00.0, real: 0:00:00.0, peak mem: 7318.1M)
Loading wires (cpu: 0:00:00.0, real: 0:00:00.0, peak mem: 7318.1M)
Loading via instances (cpu: 0:00:00.0, real: 0:00:00.0, peak mem: 7318.1M)
Starting stripe generation ...
Non-Default Mode Option Settings :
  -use_exact_spacing  1
  -extend_to_area_boundary  1
  -allow_nonpreferred_dir { none }
*** Stripes and vias are being generated (current mem: 7318.090)***
Start to generate stripes.
Stripe generate is completed (cpu time: 0:00:00.0, peak mem: 7318.090M)
Start to generate vias.
    Completing 10% (cpu time: 0:00:00.0, peak mem: 7318.090M)
    Completing 20% (cpu time: 0:00:00.1, peak mem: 7318.090M)
**WARN: (IMPPP-570):	The power planner trimmed the newly generated via on the V4 layer at (545.135986, 2.616000) (545.231995, 3.864000) to avoid Cut_Spacing  violation.
**WARN: (IMPPP-570):	The power planner trimmed the newly generated via on the V4 layer at (545.135986, 4.776000) (545.231995, 6.024000) to avoid Cut_Spacing  violation.
**WARN: (IMPPP-570):	The power planner trimmed the newly generated via on the V4 layer at (545.135986, 6.936000) (545.231995, 8.184000) to avoid Cut_Spacing  violation.
**WARN: (IMPPP-570):	The power planner trimmed the newly generated via on the V4 layer at (545.135986, 9.096000) (545.231995, 10.344000) to avoid Cut_Spacing  violation.
**WARN: (IMPPP-570):	The power planner trimmed the newly generated via on the V4 layer at (545.135986, 11.256000) (545.231995, 12.504000) to avoid Cut_Spacing  violation.
**WARN: (IMPPP-570):	The power planner trimmed the newly generated via on the V4 layer at (545.135986, 13.416000) (545.231995, 14.664000) to avoid Cut_Spacing  violation.
**WARN: (IMPPP-570):	The power planner trimmed the newly generated via on the V4 layer at (545.135986, 15.576000) (545.231995, 16.823999) to avoid Cut_Spacing  violation.
**WARN: (IMPPP-570):	The power planner trimmed the newly generated via on the V4 layer at (545.135986, 17.736000) (545.231995, 18.983999) to avoid Cut_Spacing  violation.
**WARN: (IMPPP-570):	The power planner trimmed the newly generated via on the V4 layer at (545.135986, 19.896000) (545.231995, 21.143999) to avoid Cut_Spacing  violation.
**WARN: (IMPPP-570):	The power planner trimmed the newly generated via on the V4 layer at (545.135986, 22.056000) (545.231995, 23.304001) to avoid Cut_Spacing  violation.
**WARN: (IMPPP-570):	The power planner trimmed the newly generated via on the V4 layer at (545.135986, 24.216000) (545.231995, 25.464001) to avoid Cut_Spacing  violation.
**WARN: (IMPPP-570):	The power planner trimmed the newly generated via on the V4 layer at (545.135986, 26.375999) (545.231995, 27.624001) to avoid Cut_Spacing  violation.
**WARN: (IMPPP-570):	The power planner trimmed the newly generated via on the V4 layer at (545.135986, 28.535999) (545.231995, 29.784000) to avoid Cut_Spacing  violation.
**WARN: (IMPPP-570):	The power planner trimmed the newly generated via on the V4 layer at (545.135986, 30.695999) (545.231995, 31.944000) to avoid Cut_Spacing  violation.
**WARN: (IMPPP-570):	The power planner trimmed the newly generated via on the V4 layer at (545.135986, 32.855999) (545.231995, 34.104000) to avoid Cut_Spacing  violation.
**WARN: (IMPPP-570):	The power planner trimmed the newly generated via on the V4 layer at (545.135986, 35.015999) (545.231995, 36.264000) to avoid Cut_Spacing  violation.
**WARN: (IMPPP-570):	The power planner trimmed the newly generated via on the V4 layer at (545.135986, 37.175999) (545.231995, 38.424000) to avoid Cut_Spacing  violation.
**WARN: (IMPPP-570):	The power planner trimmed the newly generated via on the V4 layer at (545.135986, 39.335999) (545.231995, 40.584000) to avoid Cut_Spacing  violation.
**WARN: (IMPPP-570):	The power planner trimmed the newly generated via on the V4 layer at (545.135986, 41.495998) (545.231995, 42.743999) to avoid Cut_Spacing  violation.
**WARN: (IMPPP-570):	The power planner trimmed the newly generated via on the V4 layer at (545.135986, 43.655998) (545.231995, 44.903999) to avoid Cut_Spacing  violation.
**WARN: (EMS-27):	Message (IMPPP-570) has exceeded the current message display limit of 20.
To increase the message display limit, refer to the product command reference manual.
    Completing 30% (cpu time: 0:00:00.1, peak mem: 7318.090M)
    Completing 100% (cpu time: 0:00:00.5, peak mem: 7318.090M)
  stripes and vias are completed(total cpu time: 0:00:00.7, peak mem: 7318.090M)
Stripe generation is complete.
vias are now being generated.
Multi-CPU acceleration using 12 CPU(s) with 4 iterations for via generation
Completing iteration 1 (cpu time: 0:00:00.1, real time: 0:00:00.0 peak mem: 7318.090M)
Completing iteration 2 (cpu time: 0:00:00.1, real time: 0:00:00.0 peak mem: 7318.090M)
Completing iteration 3 (cpu time: 0:00:00.0, real time: 0:00:00.0 peak mem: 7318.090M)
Completing iteration 4 (cpu time: 0:00:00.0, real time: 0:00:00.0 peak mem: 7318.090M)
Via generation is complete (cpu time: 0:00:00.2, real time: 0:00:00.0 peak mem: 7318.090M)
addStripe created 10 wires.
ViaGen created 7100 vias, deleted 0 via to avoid violation.
+--------+----------------+----------------+
|  Layer |     Created    |     Deleted    |
+--------+----------------+----------------+
|   V1   |      1775      |        0       |
|   V2   |      1775      |        0       |
|   V3   |      1775      |        0       |
|   V4   |      1775      |        0       |
|   M5   |       10       |       NA       |
+--------+----------------+----------------+
setAddStripeMode -use_exact_spacing is reset to default value: false.
setViaGenMode -disable_via_merging is reset to default value: false.
setViaGenMode -keep_existing_via is reset to default value: 0.
setViaGenMode -optimize_cross_via is reset to default value: false.
#% End addStripe (date=08/14 12:45:13, total cpu=0:00:01.0, real=0:00:01.0, peak res=3311.1M, current mem=3311.1M)
<CMD> addStripe -nets {VDD VSS} -layer M5 -direction vertical -width 0.096 -spacing 0.288 -set_to_set_distance 25.920 -start_from left -start_offset 24.288000 -create_pins 0 -area {2.16 708.672 502.848 768.864} -snap_wire_center_to_grid Grid -allow_snapping_override_custom_spacing 1
#% Begin addStripe (date=08/14 12:45:13, mem=3311.1M)
setAddStripeMode -use_exact_spacing true is set by default for this design under 20nm node. 
Setting -use_cce to 1. ViaGen will call CCE to colorize via and may re-colorize surrounding vias to resolve color conflict within the local range.
Setting -optimize_cross_via to 1. ViaGen will try to generate vias with the minimum enclosure.
setViaGenMode -optimize_cross_via true is set by default for this design of 12nm node or under. 
Setting -disable_via_merging to 1. ViaGen disables via merging with the via created earlier.
setViaGenMode -disable_via_merging true is set by default for this design of 12nm node or under. 
Setting -keep_existing_via to 1. ViaGen will keep the existing vias.
setViaGenMode -keep_existing_via 1 is set by default for this design of 12nm node or under. 

Initialize fgc environment(mem: 7318.1M) ...  done(cpu: 0:00:00.0, real: 0:00:00.0, peak mem: 7318.1M)
**WARN: (IMPPP-133):	The block boundary of the 'g11133__4733' instance was increased to (311.471985 761.364014) (312.768005 762.479980) because the VSS pin (311.471985 761.364014) (312.768005 761.435974) on layer M1 was outside the original block boundary.
Type 'man IMPPP-133' for more detail.
**WARN: (IMPPP-133):	The block boundary of the 'g11133__4733' instance was increased to (311.471985 761.364014) (312.768005 762.515991) because the VDD pin (311.471985 762.443970) (312.768005 762.515991) on layer M1 was outside the original block boundary.
Type 'man IMPPP-133' for more detail.
**WARN: (IMPPP-133):	The block boundary of the 'g11475__3680' instance was increased to (312.119995 763.523987) (313.415985 764.640015) because the VSS pin (312.119995 763.523987) (313.415985 763.596008) on layer M1 was outside the original block boundary.
Type 'man IMPPP-133' for more detail.
**WARN: (IMPPP-133):	The block boundary of the 'g11475__3680' instance was increased to (312.119995 763.523987) (313.415985 764.676025) because the VDD pin (312.119995 764.604004) (313.415985 764.676025) on layer M1 was outside the original block boundary.
Type 'man IMPPP-133' for more detail.
**WARN: (IMPPP-133):	The block boundary of the 'w_addr_reg_reg[8]' instance was increased to (309.096008 758.159973) (313.415985 759.276001) because the VSS pin (309.096008 759.203979) (313.415985 759.276001) on layer M1 was outside the original block boundary.
Type 'man IMPPP-133' for more detail.
**WARN: (IMPPP-133):	The block boundary of the 'w_addr_reg_reg[8]' instance was increased to (309.096008 758.124023) (313.415985 759.276001) because the VDD pin (309.096008 758.124023) (313.415985 758.195984) on layer M1 was outside the original block boundary.
Type 'man IMPPP-133' for more detail.
**WARN: (IMPPP-133):	The block boundary of the 'w_addr_reg_reg[6]' instance was increased to (311.471985 759.203979) (315.791992 760.320007) because the VSS pin (311.471985 759.203979) (315.791992 759.276001) on layer M1 was outside the original block boundary.
Type 'man IMPPP-133' for more detail.
**WARN: (IMPPP-133):	The block boundary of the 'w_addr_reg_reg[6]' instance was increased to (311.471985 759.203979) (315.791992 760.356018) because the VDD pin (311.471985 760.283997) (315.791992 760.356018) on layer M1 was outside the original block boundary.
Type 'man IMPPP-133' for more detail.
**WARN: (IMPPP-133):	The block boundary of the 'u_mem/FE_OFC458_n' instance was increased to (311.687988 710.640015) (313.847992 711.755981) because the VSS pin (311.687988 711.684021) (313.847992 711.755981) on layer M1 was outside the original block boundary.
Type 'man IMPPP-133' for more detail.
**WARN: (IMPPP-133):	The block boundary of the 'u_mem/FE_OFC458_n' instance was increased to (311.687988 710.604004) (313.847992 711.755981) because the VDD pin (311.687988 710.604004) (313.847992 710.676025) on layer M1 was outside the original block boundary.
Type 'man IMPPP-133' for more detail.
**WARN: (IMPPP-133):	The block boundary of the 'u_mem/g9722__6131' instance was increased to (312.552002 711.684021) (313.847992 712.799988) because the VSS pin (312.552002 711.684021) (313.847992 711.755981) on layer M1 was outside the original block boundary.
Type 'man IMPPP-133' for more detail.
**WARN: (IMPPP-133):	The block boundary of the 'u_mem/g9722__6131' instance was increased to (312.552002 711.684021) (313.847992 712.835999) because the VDD pin (312.552002 712.763977) (313.847992 712.835999) on layer M1 was outside the original block boundary.
Type 'man IMPPP-133' for more detail.
**WARN: (IMPPP-133):	The block boundary of the 'u_mem/G_SRAM_BANK[13].u_sram' instance was increased to (253.563995 533.520020) (374.976013 706.320007) because the  obs (253.563995 538.564026) (374.955994 538.864014) on layer V3 was outside the original block boundary.
Type 'man IMPPP-133' for more detail.
**WARN: (IMPPP-133):	The block boundary of the 'u_mem/G_SRAM_BANK[15].u_sram' instance was increased to (2.140000 533.520020) (123.552002 706.320007) because the  obs (2.140000 538.564026) (123.531998 538.864014) on layer V3 was outside the original block boundary.
Type 'man IMPPP-133' for more detail.
**WARN: (IMPPP-133):	The block boundary of the 'u_mem/G_SRAM_BANK[14].u_sram' instance was increased to (127.851997 533.520020) (249.264008 706.320007) because the  obs (127.851997 538.564026) (249.244003 538.864014) on layer V3 was outside the original block boundary.
Type 'man IMPPP-133' for more detail.
**WARN: (IMPPP-133):	The block boundary of the 'u_mem/FE_OFC476_mem_wdata_11' instance was increased to (118.152000 710.640015) (119.664001 711.755981) because the VSS pin (118.152000 711.684021) (119.664001 711.755981) on layer M1 was outside the original block boundary.
Type 'man IMPPP-133' for more detail.
**WARN: (IMPPP-133):	The block boundary of the 'u_mem/FE_OFC476_mem_wdata_11' instance was increased to (118.152000 710.604004) (119.664001 711.755981) because the VDD pin (118.152000 710.604004) (119.664001 710.676025) on layer M1 was outside the original block boundary.
Type 'man IMPPP-133' for more detail.
**WARN: (IMPPP-133):	The block boundary of the 'u_mem/FE_OFC435_mem_wdata_6' instance was increased to (90.071999 710.640015) (91.367996 711.755981) because the VSS pin (90.071999 711.684021) (91.367996 711.755981) on layer M1 was outside the original block boundary.
Type 'man IMPPP-133' for more detail.
**WARN: (IMPPP-133):	The block boundary of the 'u_mem/FE_OFC435_mem_wdata_6' instance was increased to (90.071999 710.604004) (91.367996 711.755981) because the VDD pin (90.071999 710.604004) (91.367996 710.676025) on layer M1 was outside the original block boundary.
Type 'man IMPPP-133' for more detail.
**WARN: (IMPPP-133):	The block boundary of the 'u_mem/FE_OFC73_mem_addr_2' instance was increased to (88.559998 710.640015) (89.208000 711.755981) because the VSS pin (88.559998 711.684021) (89.208000 711.755981) on layer M1 was outside the original block boundary.
Type 'man IMPPP-133' for more detail.
**WARN: (EMS-27):	Message (IMPPP-133) has exceeded the current message display limit of 20.
To increase the message display limit, refer to the product command reference manual.
Loading cell geometries (cpu: 0:00:00.0, real: 0:00:00.0, peak mem: 7318.1M)
Loading wires (cpu: 0:00:00.0, real: 0:00:00.0, peak mem: 7318.1M)
Loading via instances (cpu: 0:00:00.0, real: 0:00:00.0, peak mem: 7318.1M)
Starting stripe generation ...
Non-Default Mode Option Settings :
  -use_exact_spacing  1
  -extend_to_area_boundary  1
  -allow_nonpreferred_dir { none }
Completing 10% stripe generation(cpu: 0:00:00.0, real: 0:00:00.0, peak mem: 7318.1M)
Completing 20% stripe generation(cpu: 0:00:00.0, real: 0:00:00.0, peak mem: 7318.1M)
Completing 30% stripe generation(cpu: 0:00:00.0, real: 0:00:00.0, peak mem: 7318.1M)
Completing 40% stripe generation(cpu: 0:00:00.0, real: 0:00:00.0, peak mem: 7318.1M)
Completing 50% stripe generation(cpu: 0:00:00.0, real: 0:00:00.0, peak mem: 7318.1M)
Completing 60% stripe generation(cpu: 0:00:00.0, real: 0:00:00.0, peak mem: 7318.1M)
Completing 70% stripe generation(cpu: 0:00:00.0, real: 0:00:00.0, peak mem: 7318.1M)
Completing 80% stripe generation(cpu: 0:00:00.0, real: 0:00:00.0, peak mem: 7318.1M)
Completing 90% stripe generation(cpu: 0:00:00.0, real: 0:00:00.0, peak mem: 7318.1M)
*** Stripes and vias are being generated (current mem: 7318.090)***
Start to generate stripes.
Stripe generate is completed (cpu time: 0:00:00.0, peak mem: 7318.090M)
Start to generate vias.
**WARN: (IMPPP-570):	The power planner trimmed the newly generated via on the V4 layer at (26.736000, 708.935974) (26.832001, 710.184021) to avoid Cut_Spacing  violation.
**WARN: (IMPPP-570):	The power planner trimmed the newly generated via on the V4 layer at (26.736000, 711.096008) (26.832001, 712.343994) to avoid Cut_Spacing  violation.
**WARN: (IMPPP-570):	The power planner trimmed the newly generated via on the V4 layer at (26.736000, 713.255981) (26.832001, 714.504028) to avoid Cut_Spacing  violation.
**WARN: (IMPPP-570):	The power planner trimmed the newly generated via on the V4 layer at (26.736000, 715.416016) (26.832001, 716.664001) to avoid Cut_Spacing  violation.
**WARN: (IMPPP-570):	The power planner trimmed the newly generated via on the V4 layer at (26.736000, 717.575989) (26.832001, 718.823975) to avoid Cut_Spacing  violation.
**WARN: (IMPPP-570):	The power planner trimmed the newly generated via on the V4 layer at (26.736000, 719.736023) (26.832001, 720.984009) to avoid Cut_Spacing  violation.
**WARN: (IMPPP-570):	The power planner trimmed the newly generated via on the V4 layer at (26.736000, 721.895996) (26.832001, 723.143982) to avoid Cut_Spacing  violation.
**WARN: (IMPPP-570):	The power planner trimmed the newly generated via on the V4 layer at (26.736000, 724.056030) (26.832001, 725.304016) to avoid Cut_Spacing  violation.
**WARN: (IMPPP-570):	The power planner trimmed the newly generated via on the V4 layer at (26.736000, 726.216003) (26.832001, 727.463989) to avoid Cut_Spacing  violation.
**WARN: (IMPPP-570):	The power planner trimmed the newly generated via on the V4 layer at (26.736000, 728.375977) (26.832001, 729.624023) to avoid Cut_Spacing  violation.
**WARN: (IMPPP-570):	The power planner trimmed the newly generated via on the V4 layer at (26.736000, 730.536011) (26.832001, 731.783997) to avoid Cut_Spacing  violation.
**WARN: (IMPPP-570):	The power planner trimmed the newly generated via on the V4 layer at (26.736000, 732.695984) (26.832001, 733.943970) to avoid Cut_Spacing  violation.
**WARN: (IMPPP-570):	The power planner trimmed the newly generated via on the V4 layer at (26.736000, 734.856018) (26.832001, 736.104004) to avoid Cut_Spacing  violation.
**WARN: (IMPPP-570):	The power planner trimmed the newly generated via on the V4 layer at (26.736000, 737.015991) (26.832001, 738.263977) to avoid Cut_Spacing  violation.
**WARN: (IMPPP-570):	The power planner trimmed the newly generated via on the V4 layer at (26.736000, 739.176025) (26.832001, 740.424011) to avoid Cut_Spacing  violation.
**WARN: (IMPPP-570):	The power planner trimmed the newly generated via on the V4 layer at (26.736000, 741.335999) (26.832001, 742.583984) to avoid Cut_Spacing  violation.
**WARN: (IMPPP-570):	The power planner trimmed the newly generated via on the V4 layer at (26.736000, 743.495972) (26.832001, 744.744019) to avoid Cut_Spacing  violation.
**WARN: (IMPPP-570):	The power planner trimmed the newly generated via on the V4 layer at (26.736000, 745.656006) (26.832001, 746.903992) to avoid Cut_Spacing  violation.
**WARN: (IMPPP-570):	The power planner trimmed the newly generated via on the V4 layer at (26.736000, 747.815979) (26.832001, 749.064026) to avoid Cut_Spacing  violation.
**WARN: (IMPPP-570):	The power planner trimmed the newly generated via on the V4 layer at (26.736000, 749.976013) (26.832001, 751.223999) to avoid Cut_Spacing  violation.
**WARN: (EMS-27):	Message (IMPPP-570) has exceeded the current message display limit of 20.
To increase the message display limit, refer to the product command reference manual.
    Completing 10% (cpu time: 0:00:00.0, peak mem: 7318.090M)
    Completing 20% (cpu time: 0:00:00.0, peak mem: 7318.090M)
    Completing 30% (cpu time: 0:00:00.0, peak mem: 7318.090M)
    Completing 40% (cpu time: 0:00:00.0, peak mem: 7318.090M)
    Completing 50% (cpu time: 0:00:00.0, peak mem: 7318.090M)
    Completing 60% (cpu time: 0:00:00.0, peak mem: 7318.090M)
    Completing 70% (cpu time: 0:00:00.0, peak mem: 7318.090M)
    Completing 80% (cpu time: 0:00:00.0, peak mem: 7318.090M)
    Completing 90% (cpu time: 0:00:00.0, peak mem: 7318.090M)
    Completing 100% (cpu time: 0:00:00.0, peak mem: 7318.090M)
  stripes and vias are completed(total cpu time: 0:00:00.2, peak mem: 7318.090M)
Stripe generation is complete.
vias are now being generated.
Multi-CPU acceleration using 12 CPU(s) with 4 iterations for via generation
Completing iteration 1 (cpu time: 0:00:00.0, real time: 0:00:00.0 peak mem: 7318.090M)
Completing iteration 2 (cpu time: 0:00:00.0, real time: 0:00:00.0 peak mem: 7318.090M)
Completing iteration 3 (cpu time: 0:00:00.0, real time: 0:00:00.0 peak mem: 7318.090M)
Completing iteration 4 (cpu time: 0:00:00.0, real time: 0:00:00.0 peak mem: 7318.090M)
Via generation is complete (cpu time: 0:00:00.1, real time: 0:00:00.0 peak mem: 7318.090M)
addStripe created 38 wires.
ViaGen created 2056 vias, deleted 0 via to avoid violation.
+--------+----------------+----------------+
|  Layer |     Created    |     Deleted    |
+--------+----------------+----------------+
|   V1   |       514      |        0       |
|   V2   |       514      |        0       |
|   V3   |       514      |        0       |
|   V4   |       514      |        0       |
|   M5   |       38       |       NA       |
+--------+----------------+----------------+
setAddStripeMode -use_exact_spacing is reset to default value: false.
setViaGenMode -disable_via_merging is reset to default value: false.
setViaGenMode -keep_existing_via is reset to default value: 0.
setViaGenMode -optimize_cross_via is reset to default value: false.
#% End addStripe (date=08/14 12:45:13, total cpu=0:00:00.4, real=0:00:00.0, peak res=3311.1M, current mem=3308.8M)
<CMD> setAddStripeMode -allow_jog none -extend_to_closest_target area_boundary -stacked_via_bottom_layer M6 -stacked_via_top_layer M7
addStripe will not allow jog to connect padcore ring and block ring.

<CMD> addStripe -nets {VDD VSS} -layer M7 -direction vertical -width 0.128 -spacing 0.288 -set_to_set_distance 34.560 -start_from left -start_offset 0.192000 -area {503.04 2.16 623.088 768.672} -snap_wire_center_to_grid Grid -allow_snapping_override_custom_spacing 1
#% Begin addStripe (date=08/14 12:45:13, mem=3308.8M)
setAddStripeMode -use_exact_spacing true is set by default for this design under 20nm node. 
Setting -use_cce to 1. ViaGen will call CCE to colorize via and may re-colorize surrounding vias to resolve color conflict within the local range.
Setting -optimize_cross_via to 1. ViaGen will try to generate vias with the minimum enclosure.
setViaGenMode -optimize_cross_via true is set by default for this design of 12nm node or under. 
Setting -disable_via_merging to 1. ViaGen disables via merging with the via created earlier.
setViaGenMode -disable_via_merging true is set by default for this design of 12nm node or under. 
Setting -keep_existing_via to 1. ViaGen will keep the existing vias.
setViaGenMode -keep_existing_via 1 is set by default for this design of 12nm node or under. 

Initialize fgc environment(mem: 7318.1M) ...  done(cpu: 0:00:00.0, real: 0:00:00.0, peak mem: 7318.1M)
Loading cell geometries (cpu: 0:00:00.0, real: 0:00:00.0, peak mem: 7318.1M)
Loading wires (cpu: 0:00:00.0, real: 0:00:00.0, peak mem: 7318.1M)
Loading via instances (cpu: 0:00:00.0, real: 0:00:00.0, peak mem: 7318.1M)
Starting stripe generation ...
Non-Default Mode Option Settings :
  -use_exact_spacing  1
  -extend_to_area_boundary  1
  -allow_nonpreferred_dir { none }
*** Stripes and vias are being generated (current mem: 7318.090)***
Start to generate stripes.
Stripe generate is completed (cpu time: 0:00:00.0, peak mem: 7318.090M)
Start to generate vias.
    Completing 10% (cpu time: 0:00:00.0, peak mem: 7318.090M)
    Completing 20% (cpu time: 0:00:00.0, peak mem: 7318.090M)
    Completing 30% (cpu time: 0:00:00.0, peak mem: 7318.090M)
    Completing 100% (cpu time: 0:00:00.0, peak mem: 7318.090M)
  stripes and vias are completed(total cpu time: 0:00:00.0, peak mem: 7318.090M)
Stripe generation is complete.
addStripe created 8 wires.
ViaGen created 0 via, deleted 0 via to avoid violation.
+--------+----------------+----------------+
|  Layer |     Created    |     Deleted    |
+--------+----------------+----------------+
|   M7   |        8       |       NA       |
+--------+----------------+----------------+
setAddStripeMode -use_exact_spacing is reset to default value: false.
setViaGenMode -disable_via_merging is reset to default value: false.
setViaGenMode -keep_existing_via is reset to default value: 0.
setViaGenMode -optimize_cross_via is reset to default value: false.
#% End addStripe (date=08/14 12:45:13, total cpu=0:00:00.1, real=0:00:01.0, peak res=3308.8M, current mem=3307.9M)
<CMD> addStripe -nets {VDD VSS} -layer M7 -direction vertical -width 0.128 -spacing 0.288 -set_to_set_distance 34.560 -start_from left -start_offset 17.232000 -area {2.16 708.672 502.848 768.672} -snap_wire_center_to_grid Grid -allow_snapping_override_custom_spacing 1
#% Begin addStripe (date=08/14 12:45:14, mem=3307.9M)
setAddStripeMode -use_exact_spacing true is set by default for this design under 20nm node. 
Setting -use_cce to 1. ViaGen will call CCE to colorize via and may re-colorize surrounding vias to resolve color conflict within the local range.
Setting -optimize_cross_via to 1. ViaGen will try to generate vias with the minimum enclosure.
setViaGenMode -optimize_cross_via true is set by default for this design of 12nm node or under. 
Setting -disable_via_merging to 1. ViaGen disables via merging with the via created earlier.
setViaGenMode -disable_via_merging true is set by default for this design of 12nm node or under. 
Setting -keep_existing_via to 1. ViaGen will keep the existing vias.
setViaGenMode -keep_existing_via 1 is set by default for this design of 12nm node or under. 

Initialize fgc environment(mem: 7318.1M) ...  done(cpu: 0:00:00.0, real: 0:00:00.0, peak mem: 7318.1M)
Loading cell geometries (cpu: 0:00:00.0, real: 0:00:00.0, peak mem: 7318.1M)
Loading wires (cpu: 0:00:00.0, real: 0:00:00.0, peak mem: 7318.1M)
Loading via instances (cpu: 0:00:00.0, real: 0:00:00.0, peak mem: 7318.1M)
Starting stripe generation ...
Non-Default Mode Option Settings :
  -use_exact_spacing  1
  -extend_to_area_boundary  1
  -allow_nonpreferred_dir { none }
Completing 10% stripe generation(cpu: 0:00:00.0, real: 0:00:00.0, peak mem: 7318.1M)
Completing 20% stripe generation(cpu: 0:00:00.0, real: 0:00:00.0, peak mem: 7318.1M)
Completing 30% stripe generation(cpu: 0:00:00.0, real: 0:00:00.0, peak mem: 7318.1M)
Completing 40% stripe generation(cpu: 0:00:00.0, real: 0:00:00.0, peak mem: 7318.1M)
Completing 50% stripe generation(cpu: 0:00:00.0, real: 0:00:00.0, peak mem: 7318.1M)
Completing 60% stripe generation(cpu: 0:00:00.0, real: 0:00:00.0, peak mem: 7318.1M)
Completing 70% stripe generation(cpu: 0:00:00.0, real: 0:00:00.0, peak mem: 7318.1M)
Completing 80% stripe generation(cpu: 0:00:00.0, real: 0:00:00.0, peak mem: 7318.1M)
Completing 90% stripe generation(cpu: 0:00:00.0, real: 0:00:00.0, peak mem: 7318.1M)
Completing 100% stripe generation(cpu: 0:00:00.0, real: 0:00:00.0, peak mem: 7318.1M)
*** Stripes and vias are being generated (current mem: 7318.090)***
Start to generate stripes.
Stripe generate is completed (cpu time: 0:00:00.0, peak mem: 7318.090M)
Start to generate vias.
    Completing 10% (cpu time: 0:00:00.0, peak mem: 7318.090M)
    Completing 20% (cpu time: 0:00:00.0, peak mem: 7318.090M)
    Completing 30% (cpu time: 0:00:00.0, peak mem: 7318.090M)
    Completing 40% (cpu time: 0:00:00.0, peak mem: 7318.090M)
    Completing 50% (cpu time: 0:00:00.0, peak mem: 7318.090M)
    Completing 60% (cpu time: 0:00:00.0, peak mem: 7318.090M)
    Completing 70% (cpu time: 0:00:00.0, peak mem: 7318.090M)
    Completing 80% (cpu time: 0:00:00.0, peak mem: 7318.090M)
    Completing 90% (cpu time: 0:00:00.0, peak mem: 7318.090M)
    Completing 100% (cpu time: 0:00:00.0, peak mem: 7318.090M)
  stripes and vias are completed(total cpu time: 0:00:00.0, peak mem: 7318.090M)
Stripe generation is complete.
addStripe created 28 wires.
ViaGen created 0 via, deleted 0 via to avoid violation.
+--------+----------------+----------------+
|  Layer |     Created    |     Deleted    |
+--------+----------------+----------------+
|   M7   |       28       |       NA       |
+--------+----------------+----------------+
setAddStripeMode -use_exact_spacing is reset to default value: false.
setViaGenMode -disable_via_merging is reset to default value: false.
setViaGenMode -keep_existing_via is reset to default value: 0.
setViaGenMode -optimize_cross_via is reset to default value: false.
#% End addStripe (date=08/14 12:45:14, total cpu=0:00:00.1, real=0:00:00.0, peak res=3307.9M, current mem=3307.9M)
<CMD> setAddStripeMode -allow_jog none -extend_to_closest_target area_boundary -stacked_via_bottom_layer M5 -stacked_via_top_layer M7
addStripe will not allow jog to connect padcore ring and block ring.

<CMD> addStripe -nets {VDD VSS} -layer M6 -direction horizontal -width 0.128 -spacing 0.288 -set_to_set_distance 34.560 -start_from bottom -start_offset 17.232000 -area {503.04 2.16 623.088 768.672} -snap_wire_center_to_grid Grid -allow_snapping_override_custom_spacing 1
#% Begin addStripe (date=08/14 12:45:14, mem=3307.9M)
setAddStripeMode -use_exact_spacing true is set by default for this design under 20nm node. 
Setting -use_cce to 1. ViaGen will call CCE to colorize via and may re-colorize surrounding vias to resolve color conflict within the local range.
Setting -optimize_cross_via to 1. ViaGen will try to generate vias with the minimum enclosure.
setViaGenMode -optimize_cross_via true is set by default for this design of 12nm node or under. 
Setting -disable_via_merging to 1. ViaGen disables via merging with the via created earlier.
setViaGenMode -disable_via_merging true is set by default for this design of 12nm node or under. 
Setting -keep_existing_via to 1. ViaGen will keep the existing vias.
setViaGenMode -keep_existing_via 1 is set by default for this design of 12nm node or under. 

Initialize fgc environment(mem: 7318.1M) ...  done(cpu: 0:00:00.0, real: 0:00:00.0, peak mem: 7318.1M)
Loading cell geometries (cpu: 0:00:00.0, real: 0:00:00.0, peak mem: 7318.1M)
Loading wires (cpu: 0:00:00.0, real: 0:00:00.0, peak mem: 7318.1M)
Loading via instances (cpu: 0:00:00.0, real: 0:00:00.0, peak mem: 7318.1M)
Starting stripe generation ...
Non-Default Mode Option Settings :
  -use_exact_spacing  1
  -extend_to_area_boundary  1
  -allow_nonpreferred_dir { none }
Completing 10% stripe generation(cpu: 0:00:00.0, real: 0:00:00.0, peak mem: 7318.1M)
Completing 20% stripe generation(cpu: 0:00:00.0, real: 0:00:00.0, peak mem: 7318.1M)
Completing 30% stripe generation(cpu: 0:00:00.0, real: 0:00:00.0, peak mem: 7318.1M)
Completing 40% stripe generation(cpu: 0:00:00.0, real: 0:00:00.0, peak mem: 7318.1M)
Completing 50% stripe generation(cpu: 0:00:00.0, real: 0:00:00.0, peak mem: 7318.1M)
Completing 60% stripe generation(cpu: 0:00:00.0, real: 0:00:00.0, peak mem: 7318.1M)
Completing 70% stripe generation(cpu: 0:00:00.0, real: 0:00:00.0, peak mem: 7318.1M)
Completing 80% stripe generation(cpu: 0:00:00.0, real: 0:00:00.0, peak mem: 7318.1M)
Completing 90% stripe generation(cpu: 0:00:00.0, real: 0:00:00.0, peak mem: 7318.1M)
Completing 100% stripe generation(cpu: 0:00:00.0, real: 0:00:00.0, peak mem: 7318.1M)
*** Stripes and vias are being generated (current mem: 7318.090)***
Start to generate stripes.
Stripe generate is completed (cpu time: 0:00:00.0, peak mem: 7318.090M)
Start to generate vias.
    Completing 10% (cpu time: 0:00:00.0, peak mem: 7318.090M)
    Completing 20% (cpu time: 0:00:00.0, peak mem: 7318.090M)
    Completing 30% (cpu time: 0:00:00.0, peak mem: 7318.090M)
    Completing 40% (cpu time: 0:00:00.0, peak mem: 7318.090M)
    Completing 50% (cpu time: 0:00:00.0, peak mem: 7318.090M)
    Completing 60% (cpu time: 0:00:00.0, peak mem: 7318.090M)
    Completing 70% (cpu time: 0:00:00.0, peak mem: 7318.090M)
    Completing 80% (cpu time: 0:00:00.0, peak mem: 7318.090M)
    Completing 90% (cpu time: 0:00:00.0, peak mem: 7318.090M)
    Completing 100% (cpu time: 0:00:00.0, peak mem: 7318.090M)
  stripes and vias are completed(total cpu time: 0:00:00.0, peak mem: 7318.090M)
Stripe generation is complete.
addStripe created 44 wires.
ViaGen created 440 vias, deleted 0 via to avoid violation.
+--------+----------------+----------------+
|  Layer |     Created    |     Deleted    |
+--------+----------------+----------------+
|   V5   |       264      |        0       |
|   M6   |       44       |       NA       |
|   V6   |       176      |        0       |
+--------+----------------+----------------+
setAddStripeMode -use_exact_spacing is reset to default value: false.
setViaGenMode -disable_via_merging is reset to default value: false.
setViaGenMode -keep_existing_via is reset to default value: 0.
setViaGenMode -optimize_cross_via is reset to default value: false.
#% End addStripe (date=08/14 12:45:14, total cpu=0:00:00.1, real=0:00:00.0, peak res=3308.8M, current mem=3308.8M)
<CMD> addStripe -nets {VDD VSS} -layer M6 -direction horizontal -width 0.128 -spacing 0.288 -set_to_set_distance 34.560 -start_from bottom -start_offset 1.920000 -area {2.16 708.672 502.848 768.672} -snap_wire_center_to_grid Grid -allow_snapping_override_custom_spacing 1
#% Begin addStripe (date=08/14 12:45:14, mem=3308.8M)
setAddStripeMode -use_exact_spacing true is set by default for this design under 20nm node. 
Setting -use_cce to 1. ViaGen will call CCE to colorize via and may re-colorize surrounding vias to resolve color conflict within the local range.
Setting -optimize_cross_via to 1. ViaGen will try to generate vias with the minimum enclosure.
setViaGenMode -optimize_cross_via true is set by default for this design of 12nm node or under. 
Setting -disable_via_merging to 1. ViaGen disables via merging with the via created earlier.
setViaGenMode -disable_via_merging true is set by default for this design of 12nm node or under. 
Setting -keep_existing_via to 1. ViaGen will keep the existing vias.
setViaGenMode -keep_existing_via 1 is set by default for this design of 12nm node or under. 

Initialize fgc environment(mem: 7318.1M) ...  done(cpu: 0:00:00.0, real: 0:00:00.0, peak mem: 7318.1M)
Loading cell geometries (cpu: 0:00:00.0, real: 0:00:00.0, peak mem: 7318.1M)
Loading wires (cpu: 0:00:00.0, real: 0:00:00.0, peak mem: 7318.1M)
Loading via instances (cpu: 0:00:00.0, real: 0:00:00.0, peak mem: 7318.1M)
Starting stripe generation ...
Non-Default Mode Option Settings :
  -use_exact_spacing  1
  -extend_to_area_boundary  1
  -allow_nonpreferred_dir { none }
*** Stripes and vias are being generated (current mem: 7318.090)***
Start to generate stripes.
Stripe generate is completed (cpu time: 0:00:00.0, peak mem: 7318.090M)
Start to generate vias.
    Completing 100% (cpu time: 0:00:00.0, peak mem: 7318.090M)
  stripes and vias are completed(total cpu time: 0:00:00.0, peak mem: 7318.090M)
Stripe generation is complete.
addStripe created 4 wires.
ViaGen created 132 vias, deleted 0 via to avoid violation.
+--------+----------------+----------------+
|  Layer |     Created    |     Deleted    |
+--------+----------------+----------------+
|   V5   |       76       |        0       |
|   M6   |        4       |       NA       |
|   V6   |       56       |        0       |
+--------+----------------+----------------+
setAddStripeMode -use_exact_spacing is reset to default value: false.
setViaGenMode -disable_via_merging is reset to default value: false.
setViaGenMode -keep_existing_via is reset to default value: 0.
setViaGenMode -optimize_cross_via is reset to default value: false.
#% End addStripe (date=08/14 12:45:14, total cpu=0:00:00.1, real=0:00:00.0, peak res=3308.8M, current mem=3308.0M)
<CMD> setAddStripeMode -allow_jog none -extend_to_closest_target area_boundary -stacked_via_bottom_layer M7 -stacked_via_top_layer M8
addStripe will not allow jog to connect padcore ring and block ring.

<CMD> addStripe -nets {VDD VSS} -layer M8 -direction horizontal -width 1.600 -spacing 1.280 -set_to_set_distance 34.560 -start_from bottom -start_offset 19.168000 -create_pins 0 -area {504.000000 0.192 625.056 770.64} -snap_wire_center_to_grid Grid -allow_snapping_override_custom_spacing 1
#% Begin addStripe (date=08/14 12:45:14, mem=3308.0M)
setAddStripeMode -use_exact_spacing true is set by default for this design under 20nm node. 
Setting -use_cce to 1. ViaGen will call CCE to colorize via and may re-colorize surrounding vias to resolve color conflict within the local range.
Setting -optimize_cross_via to 1. ViaGen will try to generate vias with the minimum enclosure.
setViaGenMode -optimize_cross_via true is set by default for this design of 12nm node or under. 
Setting -disable_via_merging to 1. ViaGen disables via merging with the via created earlier.
setViaGenMode -disable_via_merging true is set by default for this design of 12nm node or under. 
Setting -keep_existing_via to 1. ViaGen will keep the existing vias.
setViaGenMode -keep_existing_via 1 is set by default for this design of 12nm node or under. 

Initialize fgc environment(mem: 7318.1M) ...  done(cpu: 0:00:00.0, real: 0:00:00.0, peak mem: 7318.1M)
Loading cell geometries (cpu: 0:00:00.0, real: 0:00:00.0, peak mem: 7318.1M)
Loading wires (cpu: 0:00:00.0, real: 0:00:00.0, peak mem: 7318.1M)
Loading via instances (cpu: 0:00:00.0, real: 0:00:00.0, peak mem: 7318.1M)
Starting stripe generation ...
Non-Default Mode Option Settings :
  -use_exact_spacing  1
  -extend_to_area_boundary  1
  -allow_nonpreferred_dir { none }
Completing 10% stripe generation(cpu: 0:00:00.0, real: 0:00:00.0, peak mem: 7318.1M)
Completing 20% stripe generation(cpu: 0:00:00.0, real: 0:00:00.0, peak mem: 7318.1M)
Completing 30% stripe generation(cpu: 0:00:00.0, real: 0:00:00.0, peak mem: 7318.1M)
Completing 40% stripe generation(cpu: 0:00:00.0, real: 0:00:00.0, peak mem: 7318.1M)
Completing 50% stripe generation(cpu: 0:00:00.0, real: 0:00:00.0, peak mem: 7318.1M)
Completing 60% stripe generation(cpu: 0:00:00.0, real: 0:00:00.0, peak mem: 7318.1M)
Completing 70% stripe generation(cpu: 0:00:00.0, real: 0:00:00.0, peak mem: 7318.1M)
Completing 80% stripe generation(cpu: 0:00:00.0, real: 0:00:00.0, peak mem: 7318.1M)
Completing 90% stripe generation(cpu: 0:00:00.0, real: 0:00:00.0, peak mem: 7318.1M)
Completing 100% stripe generation(cpu: 0:00:00.0, real: 0:00:00.0, peak mem: 7318.1M)
*** Stripes and vias are being generated (current mem: 7318.090)***
Start to generate stripes.
Stripe generate is completed (cpu time: 0:00:00.0, peak mem: 7318.090M)
Start to generate vias.
    Completing 10% (cpu time: 0:00:00.0, peak mem: 7318.090M)
    Completing 20% (cpu time: 0:00:00.0, peak mem: 7318.090M)
    Completing 30% (cpu time: 0:00:00.0, peak mem: 7318.090M)
    Completing 40% (cpu time: 0:00:00.0, peak mem: 7318.090M)
    Completing 50% (cpu time: 0:00:00.0, peak mem: 7318.090M)
    Completing 60% (cpu time: 0:00:00.0, peak mem: 7318.090M)
    Completing 70% (cpu time: 0:00:00.0, peak mem: 7318.090M)
    Completing 80% (cpu time: 0:00:00.0, peak mem: 7318.090M)
    Completing 90% (cpu time: 0:00:00.0, peak mem: 7318.090M)
    Completing 100% (cpu time: 0:00:00.0, peak mem: 7318.090M)
  stripes and vias are completed(total cpu time: 0:00:00.0, peak mem: 7318.090M)
Stripe generation is complete.
addStripe created 44 wires.
ViaGen created 132 vias, deleted 0 via to avoid violation.
+--------+----------------+----------------+
|  Layer |     Created    |     Deleted    |
+--------+----------------+----------------+
|   V7   |       132      |        0       |
|   M8   |       44       |       NA       |
+--------+----------------+----------------+
setAddStripeMode -use_exact_spacing is reset to default value: false.
setViaGenMode -disable_via_merging is reset to default value: false.
setViaGenMode -keep_existing_via is reset to default value: 0.
setViaGenMode -optimize_cross_via is reset to default value: false.
#% End addStripe (date=08/14 12:45:14, total cpu=0:00:00.1, real=0:00:00.0, peak res=3308.8M, current mem=3308.8M)
<CMD> addStripe -nets {VDD VSS} -layer M8 -direction horizontal -width 1.600 -spacing 1.280 -set_to_set_distance 34.560 -start_from bottom -start_offset 1.120000 -create_pins 0 -area {0.192 709.440000 502.848 770.64} -snap_wire_center_to_grid Grid -allow_snapping_override_custom_spacing 1
#% Begin addStripe (date=08/14 12:45:14, mem=3308.8M)
setAddStripeMode -use_exact_spacing true is set by default for this design under 20nm node. 
Setting -use_cce to 1. ViaGen will call CCE to colorize via and may re-colorize surrounding vias to resolve color conflict within the local range.
Setting -optimize_cross_via to 1. ViaGen will try to generate vias with the minimum enclosure.
setViaGenMode -optimize_cross_via true is set by default for this design of 12nm node or under. 
Setting -disable_via_merging to 1. ViaGen disables via merging with the via created earlier.
setViaGenMode -disable_via_merging true is set by default for this design of 12nm node or under. 
Setting -keep_existing_via to 1. ViaGen will keep the existing vias.
setViaGenMode -keep_existing_via 1 is set by default for this design of 12nm node or under. 

Initialize fgc environment(mem: 7318.1M) ...  done(cpu: 0:00:00.0, real: 0:00:00.0, peak mem: 7318.1M)
Loading cell geometries (cpu: 0:00:00.0, real: 0:00:00.0, peak mem: 7318.1M)
Loading wires (cpu: 0:00:00.0, real: 0:00:00.0, peak mem: 7318.1M)
Loading via instances (cpu: 0:00:00.0, real: 0:00:00.0, peak mem: 7318.1M)
Starting stripe generation ...
Non-Default Mode Option Settings :
  -use_exact_spacing  1
  -extend_to_area_boundary  1
  -allow_nonpreferred_dir { none }
*** Stripes and vias are being generated (current mem: 7318.090)***
Start to generate stripes.
Stripe generate is completed (cpu time: 0:00:00.0, peak mem: 7318.090M)
Start to generate vias.
    Completing 100% (cpu time: 0:00:00.0, peak mem: 7318.090M)
  stripes and vias are completed(total cpu time: 0:00:00.0, peak mem: 7318.090M)
Stripe generation is complete.
addStripe created 4 wires.
ViaGen created 56 vias, deleted 0 via to avoid violation.
+--------+----------------+----------------+
|  Layer |     Created    |     Deleted    |
+--------+----------------+----------------+
|   V7   |       56       |        0       |
|   M8   |        4       |       NA       |
+--------+----------------+----------------+
setAddStripeMode -use_exact_spacing is reset to default value: false.
setViaGenMode -disable_via_merging is reset to default value: false.
setViaGenMode -keep_existing_via is reset to default value: 0.
setViaGenMode -optimize_cross_via is reset to default value: false.
#% End addStripe (date=08/14 12:45:14, total cpu=0:00:00.1, real=0:00:00.0, peak res=3308.8M, current mem=3308.8M)
<CMD> setAddStripeMode -allow_jog none -extend_to_closest_target area_boundary -stacked_via_bottom_layer M8 -stacked_via_top_layer M9
addStripe will not allow jog to connect padcore ring and block ring.

<CMD> addStripe -nets {VDD VSS} -layer M9 -direction vertical -width 1.600 -spacing 1.280 -set_to_set_distance 34.560 -start_from left -start_offset 33.760000 -create_pins 0 -area {504.000000 0.192 625.056 770.64} -snap_wire_center_to_grid Grid -allow_snapping_override_custom_spacing 1
#% Begin addStripe (date=08/14 12:45:14, mem=3308.8M)
setAddStripeMode -use_exact_spacing true is set by default for this design under 20nm node. 
Setting -use_cce to 1. ViaGen will call CCE to colorize via and may re-colorize surrounding vias to resolve color conflict within the local range.
Setting -optimize_cross_via to 1. ViaGen will try to generate vias with the minimum enclosure.
setViaGenMode -optimize_cross_via true is set by default for this design of 12nm node or under. 
Setting -disable_via_merging to 1. ViaGen disables via merging with the via created earlier.
setViaGenMode -disable_via_merging true is set by default for this design of 12nm node or under. 
Setting -keep_existing_via to 1. ViaGen will keep the existing vias.
setViaGenMode -keep_existing_via 1 is set by default for this design of 12nm node or under. 

Initialize fgc environment(mem: 7318.1M) ...  done(cpu: 0:00:00.0, real: 0:00:00.0, peak mem: 7318.1M)
Loading cell geometries (cpu: 0:00:00.0, real: 0:00:00.0, peak mem: 7318.1M)
Loading wires (cpu: 0:00:00.0, real: 0:00:00.0, peak mem: 7318.1M)
Loading via instances (cpu: 0:00:00.0, real: 0:00:00.0, peak mem: 7318.1M)
Starting stripe generation ...
Non-Default Mode Option Settings :
  -use_exact_spacing  1
  -extend_to_area_boundary  1
  -allow_nonpreferred_dir { none }
*** Stripes and vias are being generated (current mem: 7318.090)***
Start to generate stripes.
Stripe generate is completed (cpu time: 0:00:00.0, peak mem: 7318.090M)
Start to generate vias.
    Completing 10% (cpu time: 0:00:00.0, peak mem: 7318.090M)
    Completing 100% (cpu time: 0:00:00.0, peak mem: 7318.090M)
  stripes and vias are completed(total cpu time: 0:00:00.0, peak mem: 7318.090M)
Stripe generation is complete.
addStripe created 6 wires.
ViaGen created 144 vias, deleted 0 via to avoid violation.
+--------+----------------+----------------+
|  Layer |     Created    |     Deleted    |
+--------+----------------+----------------+
|   V8   |       144      |        0       |
|   M9   |        6       |       NA       |
+--------+----------------+----------------+
setAddStripeMode -use_exact_spacing is reset to default value: false.
setViaGenMode -disable_via_merging is reset to default value: false.
setViaGenMode -keep_existing_via is reset to default value: 0.
setViaGenMode -optimize_cross_via is reset to default value: false.
#% End addStripe (date=08/14 12:45:14, total cpu=0:00:00.1, real=0:00:01.0, peak res=3308.8M, current mem=3308.0M)
<CMD> addStripe -nets {VDD VSS} -layer M9 -direction vertical -width 1.600 -spacing 1.280 -set_to_set_distance 34.560 -start_from left -start_offset 19.168000 -create_pins 0 -area {0.192 709.440000 502.848 770.64} -snap_wire_center_to_grid Grid -allow_snapping_override_custom_spacing 1
#% Begin addStripe (date=08/14 12:45:15, mem=3308.0M)
setAddStripeMode -use_exact_spacing true is set by default for this design under 20nm node. 
Setting -use_cce to 1. ViaGen will call CCE to colorize via and may re-colorize surrounding vias to resolve color conflict within the local range.
Setting -optimize_cross_via to 1. ViaGen will try to generate vias with the minimum enclosure.
setViaGenMode -optimize_cross_via true is set by default for this design of 12nm node or under. 
Setting -disable_via_merging to 1. ViaGen disables via merging with the via created earlier.
setViaGenMode -disable_via_merging true is set by default for this design of 12nm node or under. 
Setting -keep_existing_via to 1. ViaGen will keep the existing vias.
setViaGenMode -keep_existing_via 1 is set by default for this design of 12nm node or under. 

Initialize fgc environment(mem: 7318.1M) ...  done(cpu: 0:00:00.0, real: 0:00:00.0, peak mem: 7318.1M)
Loading cell geometries (cpu: 0:00:00.0, real: 0:00:00.0, peak mem: 7318.1M)
Loading wires (cpu: 0:00:00.0, real: 0:00:00.0, peak mem: 7318.1M)
Loading via instances (cpu: 0:00:00.0, real: 0:00:00.0, peak mem: 7318.1M)
Starting stripe generation ...
Non-Default Mode Option Settings :
  -use_exact_spacing  1
  -extend_to_area_boundary  1
  -allow_nonpreferred_dir { none }
Completing 10% stripe generation(cpu: 0:00:00.0, real: 0:00:00.0, peak mem: 7318.1M)
Completing 20% stripe generation(cpu: 0:00:00.0, real: 0:00:00.0, peak mem: 7318.1M)
Completing 30% stripe generation(cpu: 0:00:00.0, real: 0:00:00.0, peak mem: 7318.1M)
Completing 40% stripe generation(cpu: 0:00:00.0, real: 0:00:00.0, peak mem: 7318.1M)
Completing 50% stripe generation(cpu: 0:00:00.0, real: 0:00:00.0, peak mem: 7318.1M)
Completing 60% stripe generation(cpu: 0:00:00.0, real: 0:00:00.0, peak mem: 7318.1M)
Completing 70% stripe generation(cpu: 0:00:00.0, real: 0:00:00.0, peak mem: 7318.1M)
Completing 80% stripe generation(cpu: 0:00:00.0, real: 0:00:00.0, peak mem: 7318.1M)
Completing 90% stripe generation(cpu: 0:00:00.0, real: 0:00:00.0, peak mem: 7318.1M)
Completing 100% stripe generation(cpu: 0:00:00.0, real: 0:00:00.0, peak mem: 7318.1M)
*** Stripes and vias are being generated (current mem: 7318.090)***
Start to generate stripes.
Stripe generate is completed (cpu time: 0:00:00.0, peak mem: 7318.090M)
Start to generate vias.
    Completing 10% (cpu time: 0:00:00.0, peak mem: 7318.090M)
    Completing 20% (cpu time: 0:00:00.0, peak mem: 7318.090M)
    Completing 30% (cpu time: 0:00:00.0, peak mem: 7318.090M)
    Completing 40% (cpu time: 0:00:00.0, peak mem: 7318.090M)
    Completing 50% (cpu time: 0:00:00.0, peak mem: 7318.090M)
    Completing 60% (cpu time: 0:00:00.0, peak mem: 7318.090M)
    Completing 70% (cpu time: 0:00:00.0, peak mem: 7318.090M)
    Completing 80% (cpu time: 0:00:00.0, peak mem: 7318.090M)
    Completing 90% (cpu time: 0:00:00.0, peak mem: 7318.090M)
    Completing 100% (cpu time: 0:00:00.0, peak mem: 7318.090M)
  stripes and vias are completed(total cpu time: 0:00:00.0, peak mem: 7318.090M)
Stripe generation is complete.
addStripe created 28 wires.
ViaGen created 84 vias, deleted 0 via to avoid violation.
+--------+----------------+----------------+
|  Layer |     Created    |     Deleted    |
+--------+----------------+----------------+
|   V8   |       84       |        0       |
|   M9   |       28       |       NA       |
+--------+----------------+----------------+
setAddStripeMode -use_exact_spacing is reset to default value: false.
setViaGenMode -disable_via_merging is reset to default value: false.
setViaGenMode -keep_existing_via is reset to default value: 0.
setViaGenMode -optimize_cross_via is reset to default value: false.
#% End addStripe (date=08/14 12:45:15, total cpu=0:00:00.1, real=0:00:00.0, peak res=3308.8M, current mem=3308.8M)
<CMD> applyGlobalNets
*** Checked 4 GNC rules.
*** Applying global-net connections...
*** Applied 4 GNC rules (cpu = 0:00:00.0)
<CMD> applyGlobalNets
*** Checked 4 GNC rules.
*** Applying global-net connections...
*** Applied 4 GNC rules (cpu = 0:00:00.0)
<CMD> setSrouteMode -reset
<CMD> setSrouteMode -extendNearestTarget true -blockPinRouteWithPinWidth false -viaConnectToShape stripe
<CMD> sroute -connect blockPin -nets {VSS VDD} -blockPin useLef -blockPinLayerRange {M4 M4} -blockPinWidthRange {0.150 0.250} -blockPinTarget stripe -allowJogging 0
Setting -use_cce to 1. ViaGen will call CCE to colorize via and may re-colorize surrounding vias to resolve color conflict within the local range.
Setting -optimize_cross_via to 1. ViaGen will try to generate vias with the minimum enclosure.
setViaGenMode -optimize_cross_via true is set by default for this design of 12nm node or under. 
Setting -disable_via_merging to 1. ViaGen disables via merging with the via created earlier.
setViaGenMode -disable_via_merging true is set by default for this design of 12nm node or under. 
Setting -keep_existing_via to 1. ViaGen will keep the existing vias.
setViaGenMode -keep_existing_via 1 is set by default for this design of 12nm node or under. 
setAddStripeMode -use_exact_spacing true is set by default for this design under 20nm node. 
*** Begin SPECIAL ROUTE on Fri Aug 14 12:45:15 2026 ***
SPECIAL ROUTE ran on directory: /home/user1/Desktop/Script_Backend/Asap7/run_workspace/sram_axi/innovus
SPECIAL ROUTE ran on machine: user1-EliteMini (Linux 7.0.0-28-generic x86_64 2.82Ghz)

Begin option processing ...
srouteConnectPowerBump set to false
routeSelectNet set to "VSS VDD"
routeSpecial set to true
srouteBlockPin set to "useLef"
srouteBlockPinTarget set to "stripe"
srouteConnectConverterPin set to false
srouteConnectCorePin set to false
srouteConnectPadPin set to false
srouteConnectStripe set to false
srouteExtendNearestTarget set to true
srouteFollowCorePinEnd set to 3
srouteFollowPadPin set to false
srouteMaxBlockPinLayer set to 4
srouteMaxBlockPinWidth set to 1000
srouteMinBlockPinLayer set to 4
srouteMinBlockPinWidth set to 600
srouteNoViaOnWireShape set to "padring ring blockring blockpin coverpin noshape blockwire corewire followpin iowire"
sroutePadPinAllPorts set to true
sroutePreserveExistingRoutes set to true
srouteRoutePowerBarPortOnBothDir set to true
srouteStraightConnections set to "straightWithChanges"
End option processing: cpu: 0:00:00, real: 0:00:00, peak: 851.00 megs.

Reading DB technology information...
Finished reading DB technology information.
Reading floorplan and netlist information...
Finished reading floorplan and netlist information.
**WARN: (IMPSR-4302):	Cap-table/qrcTechFile is found in the design, so the same information from the technology file will be ignored.
Read in 21 layers, 10 routing layers, 1 overlap layer
Read in 1 nondefault rule, 0 used
Read in 66 macros, 66 used
Read in 81 components
  65 core components: 0 unplaced, 65 placed, 0 fixed
  16 block/ring components: 0 unplaced, 0 placed, 16 fixed
Read in 230 physical pins
  230 physical pins: 0 unplaced, 0 placed, 230 fixed
Read in 17 blockages
Read in 228 nets
Read in 2 special nets, 2 routed
Read in 392 terminals
2 nets selected.

Begin power routing ...
**WARN: (IMPPP-610):	The power planner failed to find a matching VIARULE, so no via was created between layer: M2 & M3, size: 0.10 x 0.19 at (-312.62, -385.42).
Type 'man IMPPP-610' for more detail.
**WARN: (IMPPP-610):	The power planner failed to find a matching VIARULE, so no via was created between layer: M6 & M7, size: 0.10 x 0.19 at (-312.62, -385.42).
Type 'man IMPPP-610' for more detail.
**WARN: (IMPPP-610):	The power planner failed to find a matching VIARULE, so no via was created between layer: M7 & M8, size: 0.10 x 0.19 at (-312.62, -385.42).
Type 'man IMPPP-610' for more detail.
**WARN: (IMPPP-610):	The power planner failed to find a matching VIARULE, so no via was created between layer: M2 & M3, size: 0.10 x 0.19 at (-312.62, -385.42).
Type 'man IMPPP-610' for more detail.
**WARN: (IMPPP-610):	The power planner failed to find a matching VIARULE, so no via was created between layer: M6 & M7, size: 0.10 x 0.19 at (-312.62, -385.42).
Type 'man IMPPP-610' for more detail.
**WARN: (IMPPP-610):	The power planner failed to find a matching VIARULE, so no via was created between layer: M7 & M8, size: 0.10 x 0.19 at (-312.62, -385.42).
Type 'man IMPPP-610' for more detail.
**WARN: (IMPPP-610):	The power planner failed to find a matching VIARULE, so no via was created between layer: M2 & M3, size: 0.10 x 0.19 at (-312.62, -385.42).
Type 'man IMPPP-610' for more detail.
**WARN: (IMPPP-610):	The power planner failed to find a matching VIARULE, so no via was created between layer: M6 & M7, size: 0.10 x 0.19 at (-312.62, -385.42).
Type 'man IMPPP-610' for more detail.
**WARN: (IMPPP-610):	The power planner failed to find a matching VIARULE, so no via was created between layer: M7 & M8, size: 0.10 x 0.19 at (-312.62, -385.42).
Type 'man IMPPP-610' for more detail.
**WARN: (IMPPP-610):	The power planner failed to find a matching VIARULE, so no via was created between layer: M2 & M3, size: 0.10 x 0.19 at (-312.62, -385.42).
Type 'man IMPPP-610' for more detail.
**WARN: (IMPPP-610):	The power planner failed to find a matching VIARULE, so no via was created between layer: M6 & M7, size: 0.10 x 0.19 at (-312.62, -385.42).
Type 'man IMPPP-610' for more detail.
**WARN: (IMPPP-610):	The power planner failed to find a matching VIARULE, so no via was created between layer: M7 & M8, size: 0.10 x 0.19 at (-312.62, -385.42).
Type 'man IMPPP-610' for more detail.
**WARN: (IMPPP-610):	The power planner failed to find a matching VIARULE, so no via was created between layer: M4 & M5, size: 0.19 x 0.19 at (500.18, 701.92).
Type 'man IMPPP-610' for more detail.
**WARN: (IMPPP-610):	The power planner failed to find a matching VIARULE, so no via was created between layer: M2 & M3, size: 0.10 x 0.19 at (-312.62, -385.42).
Type 'man IMPPP-610' for more detail.
**WARN: (IMPPP-610):	The power planner failed to find a matching VIARULE, so no via was created between layer: M6 & M7, size: 0.10 x 0.19 at (-312.62, -385.42).
Type 'man IMPPP-610' for more detail.
**WARN: (IMPPP-610):	The power planner failed to find a matching VIARULE, so no via was created between layer: M7 & M8, size: 0.10 x 0.19 at (-312.62, -385.42).
Type 'man IMPPP-610' for more detail.
**WARN: (IMPPP-610):	The power planner failed to find a matching VIARULE, so no via was created between layer: M4 & M5, size: 0.19 x 0.19 at (500.18, 524.80).
Type 'man IMPPP-610' for more detail.
**WARN: (IMPPP-610):	The power planner failed to find a matching VIARULE, so no via was created between layer: M2 & M3, size: 0.10 x 0.19 at (-312.62, -385.42).
Type 'man IMPPP-610' for more detail.
**WARN: (IMPPP-610):	The power planner failed to find a matching VIARULE, so no via was created between layer: M6 & M7, size: 0.10 x 0.19 at (-312.62, -385.42).
Type 'man IMPPP-610' for more detail.
**WARN: (IMPPP-610):	The power planner failed to find a matching VIARULE, so no via was created between layer: M7 & M8, size: 0.10 x 0.19 at (-312.62, -385.42).
Type 'man IMPPP-610' for more detail.
**WARN: (EMS-27):	Message (IMPPP-610) has exceeded the current message display limit of 20.
To increase the message display limit, refer to the product command reference manual.
  Number of Block ports routed: 32
  Number of Power Bump ports routed: 0
  32 ports open due to poor power planning
End power routing: cpu: 0:00:00, real: 0:00:00, peak: 851.00 megs.



 Begin updating DB with routing results ...
 Updating DB with 230 io pins ...
 Updating DB with 0 via definition ...
setAddStripeMode -use_exact_spacing is reset to default value: false.
setViaGenMode -disable_via_merging is reset to default value: false.
setViaGenMode -keep_existing_via is reset to default value: 0.
setViaGenMode -optimize_cross_via is reset to default value: false.
setAddStripeMode -use_exact_spacing true is set by default for this design under 20nm node. 
Setting -use_cce to 1. ViaGen will call CCE to colorize via and may re-colorize surrounding vias to resolve color conflict within the local range.
Setting -optimize_cross_via to 1. ViaGen will try to generate vias with the minimum enclosure.
setViaGenMode -optimize_cross_via true is set by default for this design of 12nm node or under. 
Setting -disable_via_merging to 1. ViaGen disables via merging with the via created earlier.
setViaGenMode -disable_via_merging true is set by default for this design of 12nm node or under. 
Setting -keep_existing_via to 1. ViaGen will keep the existing vias.
setViaGenMode -keep_existing_via 1 is set by default for this design of 12nm node or under. 
sroute created 32 wires.
ViaGen created 32 vias, deleted 0 via to avoid violation.
+--------+----------------+----------------+
|  Layer |     Created    |     Deleted    |
+--------+----------------+----------------+
|   M4   |       32       |       NA       |
|   V4   |       32       |        0       |
+--------+----------------+----------------+
setAddStripeMode -use_exact_spacing is reset to default value: false.
setViaGenMode -disable_via_merging is reset to default value: false.
setViaGenMode -keep_existing_via is reset to default value: 0.
setViaGenMode -optimize_cross_via is reset to default value: false.
<CMD> editTrim -nets {VDD VSS}
<CMD> clearDrc
<CMD> editTrim -nets {VDD VSS}
<CMD> clearDrc
<CMD> applyGlobalNets
*** Checked 4 GNC rules.
*** Applying global-net connections...
*** Applied 4 GNC rules (cpu = 0:00:00.0)
<CMD> verifyConnectivity -type special -net {VDD VSS} -noUnroutedNet -report ./verify_rpt/pg_connectivity_after_trim.rpt
VERIFY_CONNECTIVITY use new engine.

******** Start: VERIFY CONNECTIVITY ********
Start Time: Fri Aug 14 12:45:15 2026

Design Name: axi_ram
Database Units: 4000
Design Boundary: (0.0000, 0.0000) (625.2480, 770.8320)
Error Limit = 1000; Warning Limit = 50
Check specified nets
Use 12 pthreads

Begin Summary 
  Found no problems or warnings.
End Summary

End Time: Fri Aug 14 12:45:15 2026
Time Elapsed: 0:00:00.0

******** End: VERIFY CONNECTIVITY ********
  Verification Complete : 0 Viols.  0 Wrngs.
  (CPU Time: 0:00:00.0  MEM: 0.000M)

<CMD> verify_drc -check_only special -layer_range {M4 M9} -area {{500.688 0.0 625.248 770.832} {0.0 706.32 500.688 770.832} {0.0 0.0 2.16 706.32} {2.16 0.0 500.688 2.16} {123.552 2.16 127.872 174.96} {2.16 174.96 123.552 179.28} {249.264 2.16 253.584 174.96} {127.872 174.96 249.264 179.28} {374.976 2.16 379.296 174.96} {253.584 174.96 374.976 179.28} {379.296 174.96 500.688 179.28} {374.976 179.28 379.296 352.08} {379.296 352.08 500.688 356.4} {249.264 179.28 253.584 352.08} {253.584 352.08 374.976 356.4} {123.552 179.28 127.872 352.08} {127.872 352.08 249.264 356.4} {2.16 352.08 123.552 356.4} {123.552 356.4 127.872 529.2} {2.16 529.2 123.552 533.52} {249.264 356.4 253.584 529.2} {127.872 529.2 249.264 533.52} {374.976 356.4 379.296 529.2} {253.584 529.2 374.976 533.52} {379.296 529.2 500.688 533.52} {374.976 533.52 379.296 706.32} {249.264 533.52 253.584 706.32} {123.552 533.52 127.872 706.32}} -report ./verify_rpt/pg_drc_after_trim.rpt
#-check_only special                     # enums={all regular special selected_net selected cell default}, default=regular+special, user setting
#-check_same_via_cell true               # bool, default=false, user setting
#-report ./verify_rpt/pg_drc_after_trim.rpt # string, default="", user setting
 *** Starting Verify DRC (MEM: 7326.1) ***

  VERIFY DRC ...... Starting Verification
  VERIFY DRC ...... Initializing
  VERIFY DRC ...... Deleting Existing Violations
  VERIFY DRC ...... Creating Sub-Areas
 VERIFY_DRC: checking all layers except Pad to Pad ...
  VERIFY DRC ...... Using new threading
 VERIFY DRC ...... Thread : 11 finished.
 VERIFY DRC ...... Thread : 8 finished.
 VERIFY DRC ...... Thread : 3 finished.
 VERIFY DRC ...... Thread : 9 finished.
 VERIFY DRC ...... Thread : 10 finished.
 VERIFY DRC ...... Thread : 0 finished.
 VERIFY DRC ...... Thread : 1 finished.
 VERIFY DRC ...... Thread : 6 finished.
 VERIFY DRC ...... Thread : 2 finished.
 VERIFY DRC ...... Thread : 7 finished.
 VERIFY DRC ...... Thread : 4 finished.
 VERIFY DRC ...... Thread : 5 finished.

  Verification Complete : 39 Viols.

 Violation Summary By Layer and Type:

	         WidTbl   MetSpc   Totals
	M4           32        7       39
	Totals       32        7       39

 *** End Verify DRC (CPU TIME: 0:00:00.2  ELAPSED TIME: 0:00:00.0  MEM: 260.1M) ***

PG DRC is not clean: /home/user1/Desktop/Script_Backend/Asap7/run_workspace/sram_axi/innovus/verify_rpt/pg_drc_after_trim.rpt has 7 special-route violations
Post-placement PG DRC failed: PG DRC is not clean: /home/user1/Desktop/Script_Backend/Asap7/run_workspace/sram_axi/innovus/verify_rpt/pg_drc_after_trim.rpt has 7 special-route violations
<CMD> saveDesign ./saved/axi_ram_placed.enc
#% Begin save design ... (date=08/14 12:45:28, mem=3358.7M)
% Begin Save ccopt configuration ... (date=08/14 12:45:28, mem=3358.7M)
% End Save ccopt configuration ... (date=08/14 12:45:28, total cpu=0:00:00.1, real=0:00:00.0, peak res=3359.0M, current mem=3359.0M)
% Begin Save netlist data ... (date=08/14 12:45:28, mem=3359.0M)
Writing Binary DB to /home/user1/Desktop/Script_Backend/Asap7/run_workspace/sram_axi/innovus/saved/axi_ram_placed.enc.dat/vbin/axi_ram.v.bin in multi-threaded mode...
% End Save netlist data ... (date=08/14 12:45:28, total cpu=0:00:00.1, real=0:00:00.0, peak res=3362.0M, current mem=3362.0M)
Saving symbol-table file in separate thread ...
Saving congestion map file in separate thread ...
Saving congestion map file /home/user1/Desktop/Script_Backend/Asap7/run_workspace/sram_axi/innovus/saved/axi_ram_placed.enc.dat/axi_ram.route.congmap.gz ...
% Begin Save AAE data ... (date=08/14 12:45:28, mem=3362.8M)
Saving AAE Data ...
% End Save AAE data ... (date=08/14 12:45:28, total cpu=0:00:00.1, real=0:00:00.0, peak res=3362.8M, current mem=3362.0M)
Saving preference file /home/user1/Desktop/Script_Backend/Asap7/run_workspace/sram_axi/innovus/saved/axi_ram_placed.enc.dat/gui.pref.tcl ...
Saving mode setting ...
**WARN: (IMPMF-5054):	fill_setting_save command is obsolete and should not be used any more. It still works in this release but will be removed in future release. Recommend to use Pegasus metal fill flow which is the replacement.
Saving global file ...
*info - save blackBox cells to lef file /home/user1/Desktop/Script_Backend/Asap7/run_workspace/sram_axi/innovus/saved/axi_ram_placed.enc.dat/axi_ram.bbox.lef
Saving Drc markers ...
... 39 markers are saved ...
... 39 geometry drc markers are saved ...
... 0 antenna drc markers are saved ...
Saving special route data file in separate thread ...
Saving PG file in separate thread ...
Saving placement file in separate thread ...
Saving route file in separate thread ...
Saving property file in separate thread ...
Saving PG file /home/user1/Desktop/Script_Backend/Asap7/run_workspace/sram_axi/innovus/saved/axi_ram_placed.enc.dat/axi_ram.pg.gz, version#2, (Created by Innovus v23.14-s088_1 on Fri Aug 14 12:45:29 2026)
** Saving stdCellPlacement_binary (version# 2) ...
Save Adaptive View Pruning View Names to Binary file
Saving property file /home/user1/Desktop/Script_Backend/Asap7/run_workspace/sram_axi/innovus/saved/axi_ram_placed.enc.dat/axi_ram.prop
*** Completed savePGFile (cpu=0:00:00.0 real=0:00:00.0 mem=7722.2M) ***
*** Completed saveProperty (cpu=0:00:00.0 real=0:00:00.0 mem=7746.2M) ***
*** Completed saveRoute (cpu=0:00:00.0 real=0:00:00.0 mem=7738.2M) ***
TAT_INFO: ::saveSpecialRoute REAL = 0 : CPU = 0 : MEM = 0.
TAT_INFO: ::savePGFile REAL = 0 : CPU = 0 : MEM = 0.
TAT_INFO: ::savePlace REAL = 0 : CPU = 0 : MEM = 0.
TAT_INFO: ::saveRoute REAL = 0 : CPU = 0 : MEM = 0.
TAT_INFO: ::db::saveAnnotationAndProp REAL = 0 : CPU = 0 : MEM = 0.
Saving rc congestion map /home/user1/Desktop/Script_Backend/Asap7/run_workspace/sram_axi/innovus/saved/axi_ram_placed.enc.dat/axi_ram.congmap.gz ...
Saving preRoute extracted patterns in file '/home/user1/Desktop/Script_Backend/Asap7/run_workspace/sram_axi/innovus/saved/axi_ram_placed.enc.dat/axi_ram.techData.gz' ...
Saving preRoute extraction data in directory '/home/user1/Desktop/Script_Backend/Asap7/run_workspace/sram_axi/innovus/saved/axi_ram_placed.enc.dat/extraction/' ...
TAT_INFO: ::db::saveSymbolTable REAL = 0 : CPU = 0 : MEM = 0.
TAT_INFO: ::saveCongMap REAL = 0 : CPU = 0 : MEM = 0.
% Begin Save power constraints data ... (date=08/14 12:45:29, mem=3366.9M)
% End Save power constraints data ... (date=08/14 12:45:29, total cpu=0:00:00.1, real=0:00:00.0, peak res=3366.9M, current mem=3366.9M)
rccorner
rccorner
rccorner
Generated self-contained design axi_ram_placed.enc.dat
libset
rccorner
mode_normal
./outputs/axi_ram_syn.innovus.sdc
#% End save design ... (date=08/14 12:45:29, total cpu=0:00:01.4, real=0:00:02.0, peak res=3366.9M, current mem=3362.4M)

*** Summary of all messages that are not suppressed in this session:
Severity  ID               Count  Summary                                  
WARNING   IMPMF-5054           1  fill_setting_save command is obsolete an...
*** Message Summary: 1 warning(s), 0 error(s)

<CMD> zoomBox 84.98325 99.44875 701.49150 651.35525
<CMD> zoomBox 213.34925 197.71525 658.77650 596.46775
<CMD> zoomBox 354.98850 301.55425 628.53675 546.43825
<CMD> zoomBox 417.64100 347.21775 615.27975 524.14650
<CMD> zoomBox 480.58575 393.09425 601.96075 501.75075
<CMD> zoomBox 417.64050 347.31600 615.27975 524.24525
<CMD> zoomBox 268.27150 238.68375 646.88625 577.62475
<CMD> zoomBox 74.69225 96.80725 691.20350 648.71650
<CMD> zoomBox -2.50275 -48.08575 850.80025 715.80250
<CMD> zoomBox 45.28450 113.04250 661.79600 664.95200
<CMD> zoomBox 104.68150 276.46175 483.29675 615.40325
<CMD> zoomBox 163.46075 376.25450 395.97800 584.40700
<CMD> zoomBox 208.17625 452.17000 329.55175 560.82700
<CMD> zoomBox 231.51825 491.79850 294.87675 548.51800
<CMD> pan -11.88500 272.65700
<CMD> zoomBox 197.95075 486.20050 301.12025 578.55925
<CMD> zoomBox 164.57400 450.89500 332.56825 601.28575
<CMD> pan -6.73725 307.18450
<CMD> zoomBox 98.16225 413.72300 371.71300 658.60925
<CMD> zoomBox 71.62100 387.30675 393.44550 675.40825
<CMD> pan -102.00150 421.01775
<CMD> zoomBox -108.89450 434.11300 336.53725 832.86950
<CMD> pan 157.31275 529.17800
<CMD> zoomBox 84.02975 450.96825 462.64675 789.91125
<CMD> zoomBox 167.34850 500.85075 440.89950 745.73725
<CMD> pan -158.53925 330.31725
<CMD> zoomBox -28.41075 474.93400 293.41400 763.03575
<CMD> fit
<CMD> zoomBox -185.53850 71.05375 957.88000 683.67250
<CMD> zoomBox 109.06600 181.16050 811.26800 557.38500
<CMD> zoomBox 238.56675 234.66900 745.90750 506.49100
<CMD> zoomBox 399.73100 301.26025 664.56625 443.15325
<CMD> zoomBox 423.66200 314.38950 648.77200 434.99850
<CMD> zoomBox 402.41350 304.72475 667.24875 446.61775
<CMD> zoomBox 431.04075 324.83975 622.38450 427.35750
<CMD> zoomBox 458.28250 345.54350 575.79200 408.50250
<CMD> zoomBox 479.00600 361.29375 540.34725 394.15900
<CMD> selectWire 503.7920 19.9080 503.9200 745.8840 7 VSS
<CMD> zoomBox 465.32925 354.43425 550.23075 399.92250
<CMD> zoomBox 403.53750 323.44300 594.88450 425.96250
<CMD> zoomBox 333.74400 288.43850 645.32075 455.37450
<CMD> zoomBox 220.88475 231.96525 728.23550 503.79275
<CMD> deselectAll
<CMD> zoomBox 55.07625 139.01000 881.21250 581.63575
<CMD> zoomBox -20.75225 96.49900 951.17275 617.23525
<CMD> zoomBox -109.96225 46.48625 1033.47900 659.11700
<CMD> fit

*** Memory Usage v#2 (Current mem = 7682.219M, initial mem = 839.699M) ***
*** Message Summary: 5593 warning(s), 0 error(s)

--- Ending "Innovus" (totcpu=0:05:57, real=0:03:37, mem=7682.2M) ---
