============================================================
  Generated by:           Genus(TM) Synthesis Solution 23.14-s090_1
  Generated on:           Aug 23 2026  03:19:53 am
  Module:                 axi_ram
  Operating conditions:   PVT_0P7V_25C (balanced_tree)
  Wireload mode:          enclosed
  Area mode:              timing library
============================================================


Path 1: MET (343 ps) Setup Check with Pin wstrb_hold_reg[2]/CLK->D
           View: tt
          Group: I2C
     Startpoint: (R) s_axi_wvalid
          Clock: (R) CLK
       Endpoint: (R) wstrb_hold_reg[2]/D
          Clock: (R) CLK

                     Capture       Launch     
        Clock Edge:+    1000            0     
        Drv Adjust:+       0            0     
       Src Latency:+     100          150     
       Net Latency:+       0 (I)        0 (I) 
           Arrival:=    1100          150     
                                              
             Setup:-       8                  
       Uncertainty:-      50                  
     Required Time:=    1042                  
      Launch Clock:-     150                  
       Input Delay:-     250                  
         Data Path:-     299                  
             Slack:=     343                  

Exceptions/Constraints:
  input_delay             250             constraint.sdc_line_90_104_1   

#----------------------------------------------------------------------------------------------------------
#    Timing Point     Flags   Arc   Edge          Cell            Fanout Load Trans Delay Arrival Instance 
#                                                                        (fF)  (ps)  (ps)   (ps)  Location 
#----------------------------------------------------------------------------------------------------------
  s_axi_wvalid        -       -     R     (arrival)                    1  0.5    40     0     400    (-,-) 
  g11804__5107/Y      -       B->Y  F     NAND2xp5_ASAP7_75t_L         2  1.0    26    14     414    (-,-) 
  g11740__7482/Y      -       B->Y  R     NOR2xp33_ASAP7_75t_L        16  8.4   180    88     503    (-,-) 
  drc_bufs12108/Y     -       A->Y  F     INVx1_ASAP7_75t_L           18 10.8   100    69     572    (-,-) 
  drc_bufs12106/Y     -       A->Y  R     INVx1_ASAP7_75t_L           13  6.6    71    51     623    (-,-) 
  g11714/Y            -       A->Y  F     INVx1_ASAP7_75t_L           20 12.0    81    54     677    (-,-) 
  g11513__5107/Y      -       A2->Y R     A2O1A1Ixp33_ASAP7_75t_L      1  0.6    29    22     699    (-,-) 
  wstrb_hold_reg[2]/D -       -     R     DFFHQNx1_ASAP7_75t_L         1    -     -     0     699    (-,-) 
#----------------------------------------------------------------------------------------------------------



Path 2: MET (343 ps) Setup Check with Pin wstrb_hold_reg[0]/CLK->D
           View: tt
          Group: I2C
     Startpoint: (R) s_axi_wvalid
          Clock: (R) CLK
       Endpoint: (R) wstrb_hold_reg[0]/D
          Clock: (R) CLK

                     Capture       Launch     
        Clock Edge:+    1000            0     
        Drv Adjust:+       0            0     
       Src Latency:+     100          150     
       Net Latency:+       0 (I)        0 (I) 
           Arrival:=    1100          150     
                                              
             Setup:-       8                  
       Uncertainty:-      50                  
     Required Time:=    1042                  
      Launch Clock:-     150                  
       Input Delay:-     250                  
         Data Path:-     299                  
             Slack:=     343                  

Exceptions/Constraints:
  input_delay             250             constraint.sdc_line_90_104_1   

#----------------------------------------------------------------------------------------------------------
#    Timing Point     Flags   Arc   Edge          Cell            Fanout Load Trans Delay Arrival Instance 
#                                                                        (fF)  (ps)  (ps)   (ps)  Location 
#----------------------------------------------------------------------------------------------------------
  s_axi_wvalid        -       -     R     (arrival)                    1  0.5    40     0     400    (-,-) 
  g11804__5107/Y      -       B->Y  F     NAND2xp5_ASAP7_75t_L         2  1.0    26    14     414    (-,-) 
  g11740__7482/Y      -       B->Y  R     NOR2xp33_ASAP7_75t_L        16  8.4   180    88     503    (-,-) 
  drc_bufs12108/Y     -       A->Y  F     INVx1_ASAP7_75t_L           18 10.8   100    69     572    (-,-) 
  drc_bufs12106/Y     -       A->Y  R     INVx1_ASAP7_75t_L           13  6.6    71    51     623    (-,-) 
  g11714/Y            -       A->Y  F     INVx1_ASAP7_75t_L           20 12.0    81    54     677    (-,-) 
  g11541__5107/Y      -       A2->Y R     A2O1A1Ixp33_ASAP7_75t_L      1  0.6    29    22     699    (-,-) 
  wstrb_hold_reg[0]/D -       -     R     DFFHQNx1_ASAP7_75t_L         1    -     -     0     699    (-,-) 
#----------------------------------------------------------------------------------------------------------



Path 3: MET (343 ps) Setup Check with Pin wdata_hold_reg[31]/CLK->D
           View: tt
          Group: I2C
     Startpoint: (R) s_axi_wvalid
          Clock: (R) CLK
       Endpoint: (R) wdata_hold_reg[31]/D
          Clock: (R) CLK

                     Capture       Launch     
        Clock Edge:+    1000            0     
        Drv Adjust:+       0            0     
       Src Latency:+     100          150     
       Net Latency:+       0 (I)        0 (I) 
           Arrival:=    1100          150     
                                              
             Setup:-       8                  
       Uncertainty:-      50                  
     Required Time:=    1042                  
      Launch Clock:-     150                  
       Input Delay:-     250                  
         Data Path:-     299                  
             Slack:=     343                  

Exceptions/Constraints:
  input_delay             250             constraint.sdc_line_90_104_1   

#-----------------------------------------------------------------------------------------------------------
#    Timing Point      Flags   Arc   Edge          Cell            Fanout Load Trans Delay Arrival Instance 
#                                                                         (fF)  (ps)  (ps)   (ps)  Location 
#-----------------------------------------------------------------------------------------------------------
  s_axi_wvalid         -       -     R     (arrival)                    1  0.5    40     0     400    (-,-) 
  g11804__5107/Y       -       B->Y  F     NAND2xp5_ASAP7_75t_L         2  1.0    26    14     414    (-,-) 
  g11740__7482/Y       -       B->Y  R     NOR2xp33_ASAP7_75t_L        16  8.4   180    88     503    (-,-) 
  drc_bufs12108/Y      -       A->Y  F     INVx1_ASAP7_75t_L           18 10.8   100    69     572    (-,-) 
  drc_bufs12106/Y      -       A->Y  R     INVx1_ASAP7_75t_L           13  6.6    71    51     623    (-,-) 
  g11714/Y             -       A->Y  F     INVx1_ASAP7_75t_L           20 12.0    81    54     677    (-,-) 
  g11537__7410/Y       -       A2->Y R     A2O1A1Ixp33_ASAP7_75t_L      1  0.6    29    22     699    (-,-) 
  wdata_hold_reg[31]/D -       -     R     DFFHQNx1_ASAP7_75t_L         1    -     -     0     699    (-,-) 
#-----------------------------------------------------------------------------------------------------------



Path 4: MET (343 ps) Setup Check with Pin wdata_hold_reg[30]/CLK->D
           View: tt
          Group: I2C
     Startpoint: (R) s_axi_wvalid
          Clock: (R) CLK
       Endpoint: (R) wdata_hold_reg[30]/D
          Clock: (R) CLK

                     Capture       Launch     
        Clock Edge:+    1000            0     
        Drv Adjust:+       0            0     
       Src Latency:+     100          150     
       Net Latency:+       0 (I)        0 (I) 
           Arrival:=    1100          150     
                                              
             Setup:-       8                  
       Uncertainty:-      50                  
     Required Time:=    1042                  
      Launch Clock:-     150                  
       Input Delay:-     250                  
         Data Path:-     299                  
             Slack:=     343                  

Exceptions/Constraints:
  input_delay             250             constraint.sdc_line_90_104_1   

#-----------------------------------------------------------------------------------------------------------
#    Timing Point      Flags   Arc   Edge          Cell            Fanout Load Trans Delay Arrival Instance 
#                                                                         (fF)  (ps)  (ps)   (ps)  Location 
#-----------------------------------------------------------------------------------------------------------
  s_axi_wvalid         -       -     R     (arrival)                    1  0.5    40     0     400    (-,-) 
  g11804__5107/Y       -       B->Y  F     NAND2xp5_ASAP7_75t_L         2  1.0    26    14     414    (-,-) 
  g11740__7482/Y       -       B->Y  R     NOR2xp33_ASAP7_75t_L        16  8.4   180    88     503    (-,-) 
  drc_bufs12108/Y      -       A->Y  F     INVx1_ASAP7_75t_L           18 10.8   100    69     572    (-,-) 
  drc_bufs12106/Y      -       A->Y  R     INVx1_ASAP7_75t_L           13  6.6    71    51     623    (-,-) 
  g11714/Y             -       A->Y  F     INVx1_ASAP7_75t_L           20 12.0    81    54     677    (-,-) 
  g11555__1881/Y       -       A2->Y R     A2O1A1Ixp33_ASAP7_75t_L      1  0.6    29    22     699    (-,-) 
  wdata_hold_reg[30]/D -       -     R     DFFHQNx1_ASAP7_75t_L         1    -     -     0     699    (-,-) 
#-----------------------------------------------------------------------------------------------------------



Path 5: MET (343 ps) Setup Check with Pin wdata_hold_reg[29]/CLK->D
           View: tt
          Group: I2C
     Startpoint: (R) s_axi_wvalid
          Clock: (R) CLK
       Endpoint: (R) wdata_hold_reg[29]/D
          Clock: (R) CLK

                     Capture       Launch     
        Clock Edge:+    1000            0     
        Drv Adjust:+       0            0     
       Src Latency:+     100          150     
       Net Latency:+       0 (I)        0 (I) 
           Arrival:=    1100          150     
                                              
             Setup:-       8                  
       Uncertainty:-      50                  
     Required Time:=    1042                  
      Launch Clock:-     150                  
       Input Delay:-     250                  
         Data Path:-     299                  
             Slack:=     343                  

Exceptions/Constraints:
  input_delay             250             constraint.sdc_line_90_104_1   

#-----------------------------------------------------------------------------------------------------------
#    Timing Point      Flags   Arc   Edge          Cell            Fanout Load Trans Delay Arrival Instance 
#                                                                         (fF)  (ps)  (ps)   (ps)  Location 
#-----------------------------------------------------------------------------------------------------------
  s_axi_wvalid         -       -     R     (arrival)                    1  0.5    40     0     400    (-,-) 
  g11804__5107/Y       -       B->Y  F     NAND2xp5_ASAP7_75t_L         2  1.0    26    14     414    (-,-) 
  g11740__7482/Y       -       B->Y  R     NOR2xp33_ASAP7_75t_L        16  8.4   180    88     503    (-,-) 
  drc_bufs12108/Y      -       A->Y  F     INVx1_ASAP7_75t_L           18 10.8   100    69     572    (-,-) 
  drc_bufs12106/Y      -       A->Y  R     INVx1_ASAP7_75t_L           13  6.6    71    51     623    (-,-) 
  g11714/Y             -       A->Y  F     INVx1_ASAP7_75t_L           20 12.0    81    54     677    (-,-) 
  g11536__1666/Y       -       A2->Y R     A2O1A1Ixp33_ASAP7_75t_L      1  0.6    29    22     699    (-,-) 
  wdata_hold_reg[29]/D -       -     R     DFFHQNx1_ASAP7_75t_L         1    -     -     0     699    (-,-) 
#-----------------------------------------------------------------------------------------------------------



Path 6: MET (343 ps) Setup Check with Pin wdata_hold_reg[27]/CLK->D
           View: tt
          Group: I2C
     Startpoint: (R) s_axi_wvalid
          Clock: (R) CLK
       Endpoint: (R) wdata_hold_reg[27]/D
          Clock: (R) CLK

                     Capture       Launch     
        Clock Edge:+    1000            0     
        Drv Adjust:+       0            0     
       Src Latency:+     100          150     
       Net Latency:+       0 (I)        0 (I) 
           Arrival:=    1100          150     
                                              
             Setup:-       8                  
       Uncertainty:-      50                  
     Required Time:=    1042                  
      Launch Clock:-     150                  
       Input Delay:-     250                  
         Data Path:-     299                  
             Slack:=     343                  

Exceptions/Constraints:
  input_delay             250             constraint.sdc_line_90_104_1   

#-----------------------------------------------------------------------------------------------------------
#    Timing Point      Flags   Arc   Edge          Cell            Fanout Load Trans Delay Arrival Instance 
#                                                                         (fF)  (ps)  (ps)   (ps)  Location 
#-----------------------------------------------------------------------------------------------------------
  s_axi_wvalid         -       -     R     (arrival)                    1  0.5    40     0     400    (-,-) 
  g11804__5107/Y       -       B->Y  F     NAND2xp5_ASAP7_75t_L         2  1.0    26    14     414    (-,-) 
  g11740__7482/Y       -       B->Y  R     NOR2xp33_ASAP7_75t_L        16  8.4   180    88     503    (-,-) 
  drc_bufs12108/Y      -       A->Y  F     INVx1_ASAP7_75t_L           18 10.8   100    69     572    (-,-) 
  drc_bufs12106/Y      -       A->Y  R     INVx1_ASAP7_75t_L           13  6.6    71    51     623    (-,-) 
  g11714/Y             -       A->Y  F     INVx1_ASAP7_75t_L           20 12.0    81    54     677    (-,-) 
  g11535__2346/Y       -       A2->Y R     A2O1A1Ixp33_ASAP7_75t_L      1  0.6    29    22     699    (-,-) 
  wdata_hold_reg[27]/D -       -     R     DFFHQNx1_ASAP7_75t_L         1    -     -     0     699    (-,-) 
#-----------------------------------------------------------------------------------------------------------



Path 7: MET (343 ps) Setup Check with Pin wdata_hold_reg[25]/CLK->D
           View: tt
          Group: I2C
     Startpoint: (R) s_axi_wvalid
          Clock: (R) CLK
       Endpoint: (R) wdata_hold_reg[25]/D
          Clock: (R) CLK

                     Capture       Launch     
        Clock Edge:+    1000            0     
        Drv Adjust:+       0            0     
       Src Latency:+     100          150     
       Net Latency:+       0 (I)        0 (I) 
           Arrival:=    1100          150     
                                              
             Setup:-       8                  
       Uncertainty:-      50                  
     Required Time:=    1042                  
      Launch Clock:-     150                  
       Input Delay:-     250                  
         Data Path:-     299                  
             Slack:=     343                  

Exceptions/Constraints:
  input_delay             250             constraint.sdc_line_90_104_1   

#-----------------------------------------------------------------------------------------------------------
#    Timing Point      Flags   Arc   Edge          Cell            Fanout Load Trans Delay Arrival Instance 
#                                                                         (fF)  (ps)  (ps)   (ps)  Location 
#-----------------------------------------------------------------------------------------------------------
  s_axi_wvalid         -       -     R     (arrival)                    1  0.5    40     0     400    (-,-) 
  g11804__5107/Y       -       B->Y  F     NAND2xp5_ASAP7_75t_L         2  1.0    26    14     414    (-,-) 
  g11740__7482/Y       -       B->Y  R     NOR2xp33_ASAP7_75t_L        16  8.4   180    88     503    (-,-) 
  drc_bufs12108/Y      -       A->Y  F     INVx1_ASAP7_75t_L           18 10.8   100    69     572    (-,-) 
  drc_bufs12106/Y      -       A->Y  R     INVx1_ASAP7_75t_L           13  6.6    71    51     623    (-,-) 
  g11714/Y             -       A->Y  F     INVx1_ASAP7_75t_L           20 12.0    81    54     677    (-,-) 
  g11534__2883/Y       -       A2->Y R     A2O1A1Ixp33_ASAP7_75t_L      1  0.6    29    22     699    (-,-) 
  wdata_hold_reg[25]/D -       -     R     DFFHQNx1_ASAP7_75t_L         1    -     -     0     699    (-,-) 
#-----------------------------------------------------------------------------------------------------------



Path 8: MET (343 ps) Setup Check with Pin wdata_hold_reg[22]/CLK->D
           View: tt
          Group: I2C
     Startpoint: (R) s_axi_wvalid
          Clock: (R) CLK
       Endpoint: (R) wdata_hold_reg[22]/D
          Clock: (R) CLK

                     Capture       Launch     
        Clock Edge:+    1000            0     
        Drv Adjust:+       0            0     
       Src Latency:+     100          150     
       Net Latency:+       0 (I)        0 (I) 
           Arrival:=    1100          150     
                                              
             Setup:-       8                  
       Uncertainty:-      50                  
     Required Time:=    1042                  
      Launch Clock:-     150                  
       Input Delay:-     250                  
         Data Path:-     299                  
             Slack:=     343                  

Exceptions/Constraints:
  input_delay             250             constraint.sdc_line_90_104_1   

#-----------------------------------------------------------------------------------------------------------
#    Timing Point      Flags   Arc   Edge          Cell            Fanout Load Trans Delay Arrival Instance 
#                                                                         (fF)  (ps)  (ps)   (ps)  Location 
#-----------------------------------------------------------------------------------------------------------
  s_axi_wvalid         -       -     R     (arrival)                    1  0.5    40     0     400    (-,-) 
  g11804__5107/Y       -       B->Y  F     NAND2xp5_ASAP7_75t_L         2  1.0    26    14     414    (-,-) 
  g11740__7482/Y       -       B->Y  R     NOR2xp33_ASAP7_75t_L        16  8.4   180    88     503    (-,-) 
  drc_bufs12108/Y      -       A->Y  F     INVx1_ASAP7_75t_L           18 10.8   100    69     572    (-,-) 
  drc_bufs12106/Y      -       A->Y  R     INVx1_ASAP7_75t_L           13  6.6    71    51     623    (-,-) 
  g11714/Y             -       A->Y  F     INVx1_ASAP7_75t_L           20 12.0    81    54     677    (-,-) 
  g11532__9315/Y       -       A2->Y R     A2O1A1Ixp33_ASAP7_75t_L      1  0.6    29    22     699    (-,-) 
  wdata_hold_reg[22]/D -       -     R     DFFHQNx1_ASAP7_75t_L         1    -     -     0     699    (-,-) 
#-----------------------------------------------------------------------------------------------------------



Path 9: MET (343 ps) Setup Check with Pin wdata_hold_reg[17]/CLK->D
           View: tt
          Group: I2C
     Startpoint: (R) s_axi_wvalid
          Clock: (R) CLK
       Endpoint: (R) wdata_hold_reg[17]/D
          Clock: (R) CLK

                     Capture       Launch     
        Clock Edge:+    1000            0     
        Drv Adjust:+       0            0     
       Src Latency:+     100          150     
       Net Latency:+       0 (I)        0 (I) 
           Arrival:=    1100          150     
                                              
             Setup:-       8                  
       Uncertainty:-      50                  
     Required Time:=    1042                  
      Launch Clock:-     150                  
       Input Delay:-     250                  
         Data Path:-     299                  
             Slack:=     343                  

Exceptions/Constraints:
  input_delay             250             constraint.sdc_line_90_104_1   

#-----------------------------------------------------------------------------------------------------------
#    Timing Point      Flags   Arc   Edge          Cell            Fanout Load Trans Delay Arrival Instance 
#                                                                         (fF)  (ps)  (ps)   (ps)  Location 
#-----------------------------------------------------------------------------------------------------------
  s_axi_wvalid         -       -     R     (arrival)                    1  0.5    40     0     400    (-,-) 
  g11804__5107/Y       -       B->Y  F     NAND2xp5_ASAP7_75t_L         2  1.0    26    14     414    (-,-) 
  g11740__7482/Y       -       B->Y  R     NOR2xp33_ASAP7_75t_L        16  8.4   180    88     503    (-,-) 
  drc_bufs12108/Y      -       A->Y  F     INVx1_ASAP7_75t_L           18 10.8   100    69     572    (-,-) 
  drc_bufs12106/Y      -       A->Y  R     INVx1_ASAP7_75t_L           13  6.6    71    51     623    (-,-) 
  g11714/Y             -       A->Y  F     INVx1_ASAP7_75t_L           20 12.0    81    54     677    (-,-) 
  g11530__4733/Y       -       A2->Y R     A2O1A1Ixp33_ASAP7_75t_L      1  0.6    29    22     699    (-,-) 
  wdata_hold_reg[17]/D -       -     R     DFFHQNx1_ASAP7_75t_L         1    -     -     0     699    (-,-) 
#-----------------------------------------------------------------------------------------------------------



Path 10: MET (343 ps) Setup Check with Pin wdata_hold_reg[14]/CLK->D
           View: tt
          Group: I2C
     Startpoint: (R) s_axi_wvalid
          Clock: (R) CLK
       Endpoint: (R) wdata_hold_reg[14]/D
          Clock: (R) CLK

                     Capture       Launch     
        Clock Edge:+    1000            0     
        Drv Adjust:+       0            0     
       Src Latency:+     100          150     
       Net Latency:+       0 (I)        0 (I) 
           Arrival:=    1100          150     
                                              
             Setup:-       8                  
       Uncertainty:-      50                  
     Required Time:=    1042                  
      Launch Clock:-     150                  
       Input Delay:-     250                  
         Data Path:-     299                  
             Slack:=     343                  

Exceptions/Constraints:
  input_delay             250             constraint.sdc_line_90_104_1   

#-----------------------------------------------------------------------------------------------------------
#    Timing Point      Flags   Arc   Edge          Cell            Fanout Load Trans Delay Arrival Instance 
#                                                                         (fF)  (ps)  (ps)   (ps)  Location 
#-----------------------------------------------------------------------------------------------------------
  s_axi_wvalid         -       -     R     (arrival)                    1  0.5    40     0     400    (-,-) 
  g11804__5107/Y       -       B->Y  F     NAND2xp5_ASAP7_75t_L         2  1.0    26    14     414    (-,-) 
  g11740__7482/Y       -       B->Y  R     NOR2xp33_ASAP7_75t_L        16  8.4   180    88     503    (-,-) 
  drc_bufs12108/Y      -       A->Y  F     INVx1_ASAP7_75t_L           18 10.8   100    69     572    (-,-) 
  drc_bufs12106/Y      -       A->Y  R     INVx1_ASAP7_75t_L           13  6.6    71    51     623    (-,-) 
  g11714/Y             -       A->Y  F     INVx1_ASAP7_75t_L           20 12.0    81    54     677    (-,-) 
  g11528__5115/Y       -       A2->Y R     A2O1A1Ixp33_ASAP7_75t_L      1  0.6    29    22     699    (-,-) 
  wdata_hold_reg[14]/D -       -     R     DFFHQNx1_ASAP7_75t_L         1    -     -     0     699    (-,-) 
#-----------------------------------------------------------------------------------------------------------



Path 11: MET (343 ps) Setup Check with Pin wdata_hold_reg[8]/CLK->D
           View: tt
          Group: I2C
     Startpoint: (R) s_axi_wvalid
          Clock: (R) CLK
       Endpoint: (R) wdata_hold_reg[8]/D
          Clock: (R) CLK

                     Capture       Launch     
        Clock Edge:+    1000            0     
        Drv Adjust:+       0            0     
       Src Latency:+     100          150     
       Net Latency:+       0 (I)        0 (I) 
           Arrival:=    1100          150     
                                              
             Setup:-       8                  
       Uncertainty:-      50                  
     Required Time:=    1042                  
      Launch Clock:-     150                  
       Input Delay:-     250                  
         Data Path:-     299                  
             Slack:=     343                  

Exceptions/Constraints:
  input_delay             250             constraint.sdc_line_90_104_1   

#----------------------------------------------------------------------------------------------------------
#    Timing Point     Flags   Arc   Edge          Cell            Fanout Load Trans Delay Arrival Instance 
#                                                                        (fF)  (ps)  (ps)   (ps)  Location 
#----------------------------------------------------------------------------------------------------------
  s_axi_wvalid        -       -     R     (arrival)                    1  0.5    40     0     400    (-,-) 
  g11804__5107/Y      -       B->Y  F     NAND2xp5_ASAP7_75t_L         2  1.0    26    14     414    (-,-) 
  g11740__7482/Y      -       B->Y  R     NOR2xp33_ASAP7_75t_L        16  8.4   180    88     503    (-,-) 
  drc_bufs12108/Y     -       A->Y  F     INVx1_ASAP7_75t_L           18 10.8   100    69     572    (-,-) 
  drc_bufs12106/Y     -       A->Y  R     INVx1_ASAP7_75t_L           13  6.6    71    51     623    (-,-) 
  g11714/Y            -       A->Y  F     INVx1_ASAP7_75t_L           20 12.0    81    54     677    (-,-) 
  g11522__1705/Y      -       A2->Y R     A2O1A1Ixp33_ASAP7_75t_L      1  0.6    29    22     699    (-,-) 
  wdata_hold_reg[8]/D -       -     R     DFFHQNx1_ASAP7_75t_L         1    -     -     0     699    (-,-) 
#----------------------------------------------------------------------------------------------------------



Path 12: MET (343 ps) Setup Check with Pin wdata_hold_reg[3]/CLK->D
           View: tt
          Group: I2C
     Startpoint: (R) s_axi_wvalid
          Clock: (R) CLK
       Endpoint: (R) wdata_hold_reg[3]/D
          Clock: (R) CLK

                     Capture       Launch     
        Clock Edge:+    1000            0     
        Drv Adjust:+       0            0     
       Src Latency:+     100          150     
       Net Latency:+       0 (I)        0 (I) 
           Arrival:=    1100          150     
                                              
             Setup:-       8                  
       Uncertainty:-      50                  
     Required Time:=    1042                  
      Launch Clock:-     150                  
       Input Delay:-     250                  
         Data Path:-     299                  
             Slack:=     343                  

Exceptions/Constraints:
  input_delay             250             constraint.sdc_line_90_104_1   

#----------------------------------------------------------------------------------------------------------
#    Timing Point     Flags   Arc   Edge          Cell            Fanout Load Trans Delay Arrival Instance 
#                                                                        (fF)  (ps)  (ps)   (ps)  Location 
#----------------------------------------------------------------------------------------------------------
  s_axi_wvalid        -       -     R     (arrival)                    1  0.5    40     0     400    (-,-) 
  g11804__5107/Y      -       B->Y  F     NAND2xp5_ASAP7_75t_L         2  1.0    26    14     414    (-,-) 
  g11740__7482/Y      -       B->Y  R     NOR2xp33_ASAP7_75t_L        16  8.4   180    88     503    (-,-) 
  drc_bufs12108/Y     -       A->Y  F     INVx1_ASAP7_75t_L           18 10.8   100    69     572    (-,-) 
  drc_bufs12106/Y     -       A->Y  R     INVx1_ASAP7_75t_L           13  6.6    71    51     623    (-,-) 
  g11714/Y            -       A->Y  F     INVx1_ASAP7_75t_L           20 12.0    81    54     677    (-,-) 
  g11518__6783/Y      -       A2->Y R     A2O1A1Ixp33_ASAP7_75t_L      1  0.6    29    22     699    (-,-) 
  wdata_hold_reg[3]/D -       -     R     DFFHQNx1_ASAP7_75t_L         1    -     -     0     699    (-,-) 
#----------------------------------------------------------------------------------------------------------



Path 13: MET (343 ps) Setup Check with Pin wdata_hold_reg[2]/CLK->D
           View: tt
          Group: I2C
     Startpoint: (R) s_axi_wvalid
          Clock: (R) CLK
       Endpoint: (R) wdata_hold_reg[2]/D
          Clock: (R) CLK

                     Capture       Launch     
        Clock Edge:+    1000            0     
        Drv Adjust:+       0            0     
       Src Latency:+     100          150     
       Net Latency:+       0 (I)        0 (I) 
           Arrival:=    1100          150     
                                              
             Setup:-       8                  
       Uncertainty:-      50                  
     Required Time:=    1042                  
      Launch Clock:-     150                  
       Input Delay:-     250                  
         Data Path:-     299                  
             Slack:=     343                  

Exceptions/Constraints:
  input_delay             250             constraint.sdc_line_90_104_1   

#----------------------------------------------------------------------------------------------------------
#    Timing Point     Flags   Arc   Edge          Cell            Fanout Load Trans Delay Arrival Instance 
#                                                                        (fF)  (ps)  (ps)   (ps)  Location 
#----------------------------------------------------------------------------------------------------------
  s_axi_wvalid        -       -     R     (arrival)                    1  0.5    40     0     400    (-,-) 
  g11804__5107/Y      -       B->Y  F     NAND2xp5_ASAP7_75t_L         2  1.0    26    14     414    (-,-) 
  g11740__7482/Y      -       B->Y  R     NOR2xp33_ASAP7_75t_L        16  8.4   180    88     503    (-,-) 
  drc_bufs12108/Y     -       A->Y  F     INVx1_ASAP7_75t_L           18 10.8   100    69     572    (-,-) 
  drc_bufs12106/Y     -       A->Y  R     INVx1_ASAP7_75t_L           13  6.6    71    51     623    (-,-) 
  g11714/Y            -       A->Y  F     INVx1_ASAP7_75t_L           20 12.0    81    54     677    (-,-) 
  g11517__5526/Y      -       A2->Y R     A2O1A1Ixp33_ASAP7_75t_L      1  0.6    29    22     699    (-,-) 
  wdata_hold_reg[2]/D -       -     R     DFFHQNx1_ASAP7_75t_L         1    -     -     0     699    (-,-) 
#----------------------------------------------------------------------------------------------------------



Path 14: MET (343 ps) Setup Check with Pin wdata_hold_reg[1]/CLK->D
           View: tt
          Group: I2C
     Startpoint: (R) s_axi_wvalid
          Clock: (R) CLK
       Endpoint: (R) wdata_hold_reg[1]/D
          Clock: (R) CLK

                     Capture       Launch     
        Clock Edge:+    1000            0     
        Drv Adjust:+       0            0     
       Src Latency:+     100          150     
       Net Latency:+       0 (I)        0 (I) 
           Arrival:=    1100          150     
                                              
             Setup:-       8                  
       Uncertainty:-      50                  
     Required Time:=    1042                  
      Launch Clock:-     150                  
       Input Delay:-     250                  
         Data Path:-     299                  
             Slack:=     343                  

Exceptions/Constraints:
  input_delay             250             constraint.sdc_line_90_104_1   

#----------------------------------------------------------------------------------------------------------
#    Timing Point     Flags   Arc   Edge          Cell            Fanout Load Trans Delay Arrival Instance 
#                                                                        (fF)  (ps)  (ps)   (ps)  Location 
#----------------------------------------------------------------------------------------------------------
  s_axi_wvalid        -       -     R     (arrival)                    1  0.5    40     0     400    (-,-) 
  g11804__5107/Y      -       B->Y  F     NAND2xp5_ASAP7_75t_L         2  1.0    26    14     414    (-,-) 
  g11740__7482/Y      -       B->Y  R     NOR2xp33_ASAP7_75t_L        16  8.4   180    88     503    (-,-) 
  drc_bufs12108/Y     -       A->Y  F     INVx1_ASAP7_75t_L           18 10.8   100    69     572    (-,-) 
  drc_bufs12106/Y     -       A->Y  R     INVx1_ASAP7_75t_L           13  6.6    71    51     623    (-,-) 
  g11714/Y            -       A->Y  F     INVx1_ASAP7_75t_L           20 12.0    81    54     677    (-,-) 
  g11516__8428/Y      -       A2->Y R     A2O1A1Ixp33_ASAP7_75t_L      1  0.6    29    22     699    (-,-) 
  wdata_hold_reg[1]/D -       -     R     DFFHQNx1_ASAP7_75t_L         1    -     -     0     699    (-,-) 
#----------------------------------------------------------------------------------------------------------



Path 15: MET (343 ps) Setup Check with Pin wdata_hold_reg[0]/CLK->D
           View: tt
          Group: I2C
     Startpoint: (R) s_axi_wvalid
          Clock: (R) CLK
       Endpoint: (R) wdata_hold_reg[0]/D
          Clock: (R) CLK

                     Capture       Launch     
        Clock Edge:+    1000            0     
        Drv Adjust:+       0            0     
       Src Latency:+     100          150     
       Net Latency:+       0 (I)        0 (I) 
           Arrival:=    1100          150     
                                              
             Setup:-       8                  
       Uncertainty:-      50                  
     Required Time:=    1042                  
      Launch Clock:-     150                  
       Input Delay:-     250                  
         Data Path:-     299                  
             Slack:=     343                  

Exceptions/Constraints:
  input_delay             250             constraint.sdc_line_90_104_1   

#----------------------------------------------------------------------------------------------------------
#    Timing Point     Flags   Arc   Edge          Cell            Fanout Load Trans Delay Arrival Instance 
#                                                                        (fF)  (ps)  (ps)   (ps)  Location 
#----------------------------------------------------------------------------------------------------------
  s_axi_wvalid        -       -     R     (arrival)                    1  0.5    40     0     400    (-,-) 
  g11804__5107/Y      -       B->Y  F     NAND2xp5_ASAP7_75t_L         2  1.0    26    14     414    (-,-) 
  g11740__7482/Y      -       B->Y  R     NOR2xp33_ASAP7_75t_L        16  8.4   180    88     503    (-,-) 
  drc_bufs12108/Y     -       A->Y  F     INVx1_ASAP7_75t_L           18 10.8   100    69     572    (-,-) 
  drc_bufs12106/Y     -       A->Y  R     INVx1_ASAP7_75t_L           13  6.6    71    51     623    (-,-) 
  g11714/Y            -       A->Y  F     INVx1_ASAP7_75t_L           20 12.0    81    54     677    (-,-) 
  g11515__4319/Y      -       A2->Y R     A2O1A1Ixp33_ASAP7_75t_L      1  0.6    29    22     699    (-,-) 
  wdata_hold_reg[0]/D -       -     R     DFFHQNx1_ASAP7_75t_L         1    -     -     0     699    (-,-) 
#----------------------------------------------------------------------------------------------------------



Path 16: MET (343 ps) Setup Check with Pin w_finish_hold_reg/CLK->D
           View: tt
          Group: I2C
     Startpoint: (R) s_axi_wvalid
          Clock: (R) CLK
       Endpoint: (R) w_finish_hold_reg/D
          Clock: (R) CLK

                     Capture       Launch     
        Clock Edge:+    1000            0     
        Drv Adjust:+       0            0     
       Src Latency:+     100          150     
       Net Latency:+       0 (I)        0 (I) 
           Arrival:=    1100          150     
                                              
             Setup:-       8                  
       Uncertainty:-      50                  
     Required Time:=    1042                  
      Launch Clock:-     150                  
       Input Delay:-     250                  
         Data Path:-     299                  
             Slack:=     343                  

Exceptions/Constraints:
  input_delay             250             constraint.sdc_line_90_104_1   

#----------------------------------------------------------------------------------------------------------
#    Timing Point     Flags   Arc   Edge          Cell            Fanout Load Trans Delay Arrival Instance 
#                                                                        (fF)  (ps)  (ps)   (ps)  Location 
#----------------------------------------------------------------------------------------------------------
  s_axi_wvalid        -       -     R     (arrival)                    1  0.5    40     0     400    (-,-) 
  g11804__5107/Y      -       B->Y  F     NAND2xp5_ASAP7_75t_L         2  1.0    26    14     414    (-,-) 
  g11740__7482/Y      -       B->Y  R     NOR2xp33_ASAP7_75t_L        16  8.4   180    88     503    (-,-) 
  drc_bufs12108/Y     -       A->Y  F     INVx1_ASAP7_75t_L           18 10.8   100    69     572    (-,-) 
  drc_bufs12106/Y     -       A->Y  R     INVx1_ASAP7_75t_L           13  6.6    71    51     623    (-,-) 
  g11714/Y            -       A->Y  F     INVx1_ASAP7_75t_L           20 12.0    81    54     677    (-,-) 
  g11346__6131/Y      -       A2->Y R     A2O1A1Ixp33_ASAP7_75t_L      1  0.6    29    22     699    (-,-) 
  w_finish_hold_reg/D -       -     R     DFFHQNx1_ASAP7_75t_L         1    -     -     0     699    (-,-) 
#----------------------------------------------------------------------------------------------------------



Path 17: MET (344 ps) Setup Check with Pin wdata_hold_reg[24]/CLK->D
           View: tt
          Group: I2C
     Startpoint: (R) s_axi_wvalid
          Clock: (R) CLK
       Endpoint: (R) wdata_hold_reg[24]/D
          Clock: (R) CLK

                     Capture       Launch     
        Clock Edge:+    1000            0     
        Drv Adjust:+       0            0     
       Src Latency:+     100          150     
       Net Latency:+       0 (I)        0 (I) 
           Arrival:=    1100          150     
                                              
             Setup:-       7                  
       Uncertainty:-      50                  
     Required Time:=    1043                  
      Launch Clock:-     150                  
       Input Delay:-     250                  
         Data Path:-     299                  
             Slack:=     344                  

Exceptions/Constraints:
  input_delay             250             constraint.sdc_line_90_104_1   

#-----------------------------------------------------------------------------------------------------------
#    Timing Point      Flags   Arc   Edge          Cell            Fanout Load Trans Delay Arrival Instance 
#                                                                         (fF)  (ps)  (ps)   (ps)  Location 
#-----------------------------------------------------------------------------------------------------------
  s_axi_wvalid         -       -     R     (arrival)                    1  0.5    40     0     400    (-,-) 
  g11804__5107/Y       -       B->Y  F     NAND2xp5_ASAP7_75t_L         2  1.0    26    14     414    (-,-) 
  g11740__7482/Y       -       B->Y  R     NOR2xp33_ASAP7_75t_L        16  8.4   180    88     503    (-,-) 
  drc_bufs12108/Y      -       A->Y  F     INVx1_ASAP7_75t_L           18 10.8   100    69     572    (-,-) 
  drc_bufs12106/Y      -       A->Y  R     INVx1_ASAP7_75t_L           13  6.6    71    51     623    (-,-) 
  g11714/Y             -       A->Y  F     INVx1_ASAP7_75t_L           20 12.0    81    54     677    (-,-) 
  g11539__5477/Y       -       A2->Y R     A2O1A1Ixp33_ASAP7_75t_L      1  0.6    34    22     699    (-,-) 
  wdata_hold_reg[24]/D -       -     R     DFFHQNx1_ASAP7_75t_L         1    -     -     0     699    (-,-) 
#-----------------------------------------------------------------------------------------------------------



Path 18: MET (344 ps) Setup Check with Pin wdata_hold_reg[20]/CLK->D
           View: tt
          Group: I2C
     Startpoint: (R) s_axi_wvalid
          Clock: (R) CLK
       Endpoint: (R) wdata_hold_reg[20]/D
          Clock: (R) CLK

                     Capture       Launch     
        Clock Edge:+    1000            0     
        Drv Adjust:+       0            0     
       Src Latency:+     100          150     
       Net Latency:+       0 (I)        0 (I) 
           Arrival:=    1100          150     
                                              
             Setup:-       7                  
       Uncertainty:-      50                  
     Required Time:=    1043                  
      Launch Clock:-     150                  
       Input Delay:-     250                  
         Data Path:-     299                  
             Slack:=     344                  

Exceptions/Constraints:
  input_delay             250             constraint.sdc_line_90_104_1   

#-----------------------------------------------------------------------------------------------------------
#    Timing Point      Flags   Arc   Edge          Cell            Fanout Load Trans Delay Arrival Instance 
#                                                                         (fF)  (ps)  (ps)   (ps)  Location 
#-----------------------------------------------------------------------------------------------------------
  s_axi_wvalid         -       -     R     (arrival)                    1  0.5    40     0     400    (-,-) 
  g11804__5107/Y       -       B->Y  F     NAND2xp5_ASAP7_75t_L         2  1.0    26    14     414    (-,-) 
  g11740__7482/Y       -       B->Y  R     NOR2xp33_ASAP7_75t_L        16  8.4   180    88     503    (-,-) 
  drc_bufs12108/Y      -       A->Y  F     INVx1_ASAP7_75t_L           18 10.8   100    69     572    (-,-) 
  drc_bufs12106/Y      -       A->Y  R     INVx1_ASAP7_75t_L           13  6.6    71    51     623    (-,-) 
  g11714/Y             -       A->Y  F     INVx1_ASAP7_75t_L           20 12.0    81    54     677    (-,-) 
  g11538__6417/Y       -       A2->Y R     A2O1A1Ixp33_ASAP7_75t_L      1  0.6    34    22     699    (-,-) 
  wdata_hold_reg[20]/D -       -     R     DFFHQNx1_ASAP7_75t_L         1    -     -     0     699    (-,-) 
#-----------------------------------------------------------------------------------------------------------



Path 19: MET (344 ps) Setup Check with Pin wdata_hold_reg[15]/CLK->D
           View: tt
          Group: I2C
     Startpoint: (R) s_axi_wvalid
          Clock: (R) CLK
       Endpoint: (R) wdata_hold_reg[15]/D
          Clock: (R) CLK

                     Capture       Launch     
        Clock Edge:+    1000            0     
        Drv Adjust:+       0            0     
       Src Latency:+     100          150     
       Net Latency:+       0 (I)        0 (I) 
           Arrival:=    1100          150     
                                              
             Setup:-       7                  
       Uncertainty:-      50                  
     Required Time:=    1043                  
      Launch Clock:-     150                  
       Input Delay:-     250                  
         Data Path:-     299                  
             Slack:=     344                  

Exceptions/Constraints:
  input_delay             250             constraint.sdc_line_90_104_1   

#-----------------------------------------------------------------------------------------------------------
#    Timing Point      Flags   Arc   Edge          Cell            Fanout Load Trans Delay Arrival Instance 
#                                                                         (fF)  (ps)  (ps)   (ps)  Location 
#-----------------------------------------------------------------------------------------------------------
  s_axi_wvalid         -       -     R     (arrival)                    1  0.5    40     0     400    (-,-) 
  g11804__5107/Y       -       B->Y  F     NAND2xp5_ASAP7_75t_L         2  1.0    26    14     414    (-,-) 
  g11740__7482/Y       -       B->Y  R     NOR2xp33_ASAP7_75t_L        16  8.4   180    88     503    (-,-) 
  drc_bufs12108/Y      -       A->Y  F     INVx1_ASAP7_75t_L           18 10.8   100    69     572    (-,-) 
  drc_bufs12106/Y      -       A->Y  R     INVx1_ASAP7_75t_L           13  6.6    71    51     623    (-,-) 
  g11714/Y             -       A->Y  F     INVx1_ASAP7_75t_L           20 12.0    81    54     677    (-,-) 
  g11529__7482/Y       -       A2->Y R     A2O1A1Ixp33_ASAP7_75t_L      1  0.6    34    22     699    (-,-) 
  wdata_hold_reg[15]/D -       -     R     DFFHQNx1_ASAP7_75t_L         1    -     -     0     699    (-,-) 
#-----------------------------------------------------------------------------------------------------------



Path 20: MET (344 ps) Setup Check with Pin wdata_hold_reg[11]/CLK->D
           View: tt
          Group: I2C
     Startpoint: (R) s_axi_wvalid
          Clock: (R) CLK
       Endpoint: (R) wdata_hold_reg[11]/D
          Clock: (R) CLK

                     Capture       Launch     
        Clock Edge:+    1000            0     
        Drv Adjust:+       0            0     
       Src Latency:+     100          150     
       Net Latency:+       0 (I)        0 (I) 
           Arrival:=    1100          150     
                                              
             Setup:-       7                  
       Uncertainty:-      50                  
     Required Time:=    1043                  
      Launch Clock:-     150                  
       Input Delay:-     250                  
         Data Path:-     299                  
             Slack:=     344                  

Exceptions/Constraints:
  input_delay             250             constraint.sdc_line_90_104_1   

#-----------------------------------------------------------------------------------------------------------
#    Timing Point      Flags   Arc   Edge          Cell            Fanout Load Trans Delay Arrival Instance 
#                                                                         (fF)  (ps)  (ps)   (ps)  Location 
#-----------------------------------------------------------------------------------------------------------
  s_axi_wvalid         -       -     R     (arrival)                    1  0.5    40     0     400    (-,-) 
  g11804__5107/Y       -       B->Y  F     NAND2xp5_ASAP7_75t_L         2  1.0    26    14     414    (-,-) 
  g11740__7482/Y       -       B->Y  R     NOR2xp33_ASAP7_75t_L        16  8.4   180    88     503    (-,-) 
  drc_bufs12108/Y      -       A->Y  F     INVx1_ASAP7_75t_L           18 10.8   100    69     572    (-,-) 
  drc_bufs12106/Y      -       A->Y  R     INVx1_ASAP7_75t_L           13  6.6    71    51     623    (-,-) 
  g11714/Y             -       A->Y  F     INVx1_ASAP7_75t_L           20 12.0    81    54     677    (-,-) 
  g11514__6260/Y       -       A2->Y R     A2O1A1Ixp33_ASAP7_75t_L      1  0.6    34    22     699    (-,-) 
  wdata_hold_reg[11]/D -       -     R     DFFHQNx1_ASAP7_75t_L         1    -     -     0     699    (-,-) 
#-----------------------------------------------------------------------------------------------------------



Path 21: MET (360 ps) Setup Check with Pin w_addr_reg_reg[14]/CLK->D
           View: tt
          Group: I2C
     Startpoint: (F) s_axi_wvalid
          Clock: (R) CLK
       Endpoint: (R) w_addr_reg_reg[14]/D
          Clock: (R) CLK

                     Capture       Launch     
        Clock Edge:+    1000            0     
        Drv Adjust:+       0            0     
       Src Latency:+     100          150     
       Net Latency:+       0 (I)        0 (I) 
           Arrival:=    1100          150     
                                              
             Setup:-       8                  
       Uncertainty:-      50                  
     Required Time:=    1042                  
      Launch Clock:-     150                  
       Input Delay:-     250                  
         Data Path:-     282                  
             Slack:=     360                  

Exceptions/Constraints:
  input_delay             250             constraint.sdc_line_90_104_1   

#-----------------------------------------------------------------------------------------------------------
#    Timing Point      Flags   Arc   Edge          Cell            Fanout Load Trans Delay Arrival Instance 
#                                                                         (fF)  (ps)  (ps)   (ps)  Location 
#-----------------------------------------------------------------------------------------------------------
  s_axi_wvalid         -       -     F     (arrival)                    1  0.5    40     0     400    (-,-) 
  g11804__5107/Y       -       B->Y  R     NAND2xp5_ASAP7_75t_L         2  1.0    31    18     418    (-,-) 
  g11740__7482/Y       -       B->Y  F     NOR2xp33_ASAP7_75t_L        16  8.4   150    81     498    (-,-) 
  g11721/Y             -       A->Y  R     INVx1_ASAP7_75t_L            4  2.2    47    34     532    (-,-) 
  g11352__4733/Y       -       A2->Y F     OAI21xp5_ASAP7_75t_L         2  1.0    23    16     548    (-,-) 
  g11256__6783/Y       -       A1->Y R     AOI21xp5_ASAP7_75t_L        15  7.7   115    57     605    (-,-) 
  drc_bufs12115/Y      -       A->Y  F     INVx1_ASAP7_75t_L            1  0.6    23    10     615    (-,-) 
  drc_bufs12114/Y      -       A->Y  R     INVx1_ASAP7_75t_L           14  6.9    55    32     647    (-,-) 
  g11091__6417/Y       -       A->Y  F     NOR2xp33_ASAP7_75t_L         1  0.6    26    20     667    (-,-) 
  g11075__6161/Y       -       B->Y  R     A2O1A1Ixp33_ASAP7_75t_L      1  0.6    30    16     682    (-,-) 
  w_addr_reg_reg[14]/D -       -     R     DFFHQNx1_ASAP7_75t_L         1    -     -     0     682    (-,-) 
#-----------------------------------------------------------------------------------------------------------



Path 22: MET (362 ps) Setup Check with Pin w_addr_reg_reg[10]/CLK->D
           View: tt
          Group: I2C
     Startpoint: (F) s_axi_wvalid
          Clock: (R) CLK
       Endpoint: (R) w_addr_reg_reg[10]/D
          Clock: (R) CLK

                     Capture       Launch     
        Clock Edge:+    1000            0     
        Drv Adjust:+       0            0     
       Src Latency:+     100          150     
       Net Latency:+       0 (I)        0 (I) 
           Arrival:=    1100          150     
                                              
             Setup:-       8                  
       Uncertainty:-      50                  
     Required Time:=    1042                  
      Launch Clock:-     150                  
       Input Delay:-     250                  
         Data Path:-     280                  
             Slack:=     362                  

Exceptions/Constraints:
  input_delay             250             constraint.sdc_line_90_104_1   

#-----------------------------------------------------------------------------------------------------------
#    Timing Point      Flags   Arc   Edge          Cell            Fanout Load Trans Delay Arrival Instance 
#                                                                         (fF)  (ps)  (ps)   (ps)  Location 
#-----------------------------------------------------------------------------------------------------------
  s_axi_wvalid         -       -     F     (arrival)                    1  0.5    40     0     400    (-,-) 
  g11804__5107/Y       -       B->Y  R     NAND2xp5_ASAP7_75t_L         2  1.0    31    18     418    (-,-) 
  g11740__7482/Y       -       B->Y  F     NOR2xp33_ASAP7_75t_L        16  8.4   150    81     498    (-,-) 
  g11721/Y             -       A->Y  R     INVx1_ASAP7_75t_L            4  2.2    47    34     532    (-,-) 
  g11352__4733/Y       -       A2->Y F     OAI21xp5_ASAP7_75t_L         2  1.0    23    16     548    (-,-) 
  g11256__6783/Y       -       A1->Y R     AOI21xp5_ASAP7_75t_L        15  7.7   115    57     605    (-,-) 
  drc_bufs12115/Y      -       A->Y  F     INVx1_ASAP7_75t_L            1  0.6    23    10     615    (-,-) 
  drc_bufs12114/Y      -       A->Y  R     INVx1_ASAP7_75t_L           14  6.9    55    32     647    (-,-) 
  g11183__8428/Y       -       B->Y  F     NOR2xp33_ASAP7_75t_L         1  0.6    24    18     665    (-,-) 
  g11137__2883/Y       -       B->Y  R     A2O1A1Ixp33_ASAP7_75t_L      1  0.6    28    16     680    (-,-) 
  w_addr_reg_reg[10]/D -       -     R     DFFHQNx1_ASAP7_75t_L         1    -     -     0     680    (-,-) 
#-----------------------------------------------------------------------------------------------------------



Path 23: MET (362 ps) Setup Check with Pin w_addr_reg_reg[7]/CLK->D
           View: tt
          Group: I2C
     Startpoint: (F) s_axi_wvalid
          Clock: (R) CLK
       Endpoint: (R) w_addr_reg_reg[7]/D
          Clock: (R) CLK

                     Capture       Launch     
        Clock Edge:+    1000            0     
        Drv Adjust:+       0            0     
       Src Latency:+     100          150     
       Net Latency:+       0 (I)        0 (I) 
           Arrival:=    1100          150     
                                              
             Setup:-       8                  
       Uncertainty:-      50                  
     Required Time:=    1042                  
      Launch Clock:-     150                  
       Input Delay:-     250                  
         Data Path:-     280                  
             Slack:=     362                  

Exceptions/Constraints:
  input_delay             250             constraint.sdc_line_90_104_1   

#----------------------------------------------------------------------------------------------------------
#    Timing Point     Flags   Arc   Edge          Cell            Fanout Load Trans Delay Arrival Instance 
#                                                                        (fF)  (ps)  (ps)   (ps)  Location 
#----------------------------------------------------------------------------------------------------------
  s_axi_wvalid        -       -     F     (arrival)                    1  0.5    40     0     400    (-,-) 
  g11804__5107/Y      -       B->Y  R     NAND2xp5_ASAP7_75t_L         2  1.0    31    18     418    (-,-) 
  g11740__7482/Y      -       B->Y  F     NOR2xp33_ASAP7_75t_L        16  8.4   150    81     498    (-,-) 
  g11721/Y            -       A->Y  R     INVx1_ASAP7_75t_L            4  2.2    47    34     532    (-,-) 
  g11352__4733/Y      -       A2->Y F     OAI21xp5_ASAP7_75t_L         2  1.0    23    16     548    (-,-) 
  g11256__6783/Y      -       A1->Y R     AOI21xp5_ASAP7_75t_L        15  7.7   115    57     605    (-,-) 
  drc_bufs12115/Y     -       A->Y  F     INVx1_ASAP7_75t_L            1  0.6    23    10     615    (-,-) 
  drc_bufs12114/Y     -       A->Y  R     INVx1_ASAP7_75t_L           14  6.9    55    32     647    (-,-) 
  g11171__2346/Y      -       B->Y  F     NOR2xp33_ASAP7_75t_L         1  0.6    24    18     665    (-,-) 
  g11134__6161/Y      -       B->Y  R     A2O1A1Ixp33_ASAP7_75t_L      1  0.6    28    16     680    (-,-) 
  w_addr_reg_reg[7]/D -       -     R     DFFHQNx1_ASAP7_75t_L         1    -     -     0     680    (-,-) 
#----------------------------------------------------------------------------------------------------------



Path 24: MET (362 ps) Setup Check with Pin w_addr_reg_reg[6]/CLK->D
           View: tt
          Group: I2C
     Startpoint: (F) s_axi_wvalid
          Clock: (R) CLK
       Endpoint: (R) w_addr_reg_reg[6]/D
          Clock: (R) CLK

                     Capture       Launch     
        Clock Edge:+    1000            0     
        Drv Adjust:+       0            0     
       Src Latency:+     100          150     
       Net Latency:+       0 (I)        0 (I) 
           Arrival:=    1100          150     
                                              
             Setup:-       8                  
       Uncertainty:-      50                  
     Required Time:=    1042                  
      Launch Clock:-     150                  
       Input Delay:-     250                  
         Data Path:-     280                  
             Slack:=     362                  

Exceptions/Constraints:
  input_delay             250             constraint.sdc_line_90_104_1   

#----------------------------------------------------------------------------------------------------------
#    Timing Point     Flags   Arc   Edge          Cell            Fanout Load Trans Delay Arrival Instance 
#                                                                        (fF)  (ps)  (ps)   (ps)  Location 
#----------------------------------------------------------------------------------------------------------
  s_axi_wvalid        -       -     F     (arrival)                    1  0.5    40     0     400    (-,-) 
  g11804__5107/Y      -       B->Y  R     NAND2xp5_ASAP7_75t_L         2  1.0    31    18     418    (-,-) 
  g11740__7482/Y      -       B->Y  F     NOR2xp33_ASAP7_75t_L        16  8.4   150    81     498    (-,-) 
  g11721/Y            -       A->Y  R     INVx1_ASAP7_75t_L            4  2.2    47    34     532    (-,-) 
  g11352__4733/Y      -       A2->Y F     OAI21xp5_ASAP7_75t_L         2  1.0    23    16     548    (-,-) 
  g11256__6783/Y      -       A1->Y R     AOI21xp5_ASAP7_75t_L        15  7.7   115    57     605    (-,-) 
  drc_bufs12115/Y     -       A->Y  F     INVx1_ASAP7_75t_L            1  0.6    23    10     615    (-,-) 
  drc_bufs12114/Y     -       A->Y  R     INVx1_ASAP7_75t_L           14  6.9    55    32     647    (-,-) 
  g11172__1666/Y      -       B->Y  F     NOR2xp33_ASAP7_75t_L         1  0.6    24    18     665    (-,-) 
  g11133__4733/Y      -       B->Y  R     A2O1A1Ixp33_ASAP7_75t_L      1  0.6    28    16     680    (-,-) 
  w_addr_reg_reg[6]/D -       -     R     DFFHQNx1_ASAP7_75t_L         1    -     -     0     680    (-,-) 
#----------------------------------------------------------------------------------------------------------



Path 25: MET (362 ps) Setup Check with Pin w_addr_reg_reg[12]/CLK->D
           View: tt
          Group: I2C
     Startpoint: (F) s_axi_wvalid
          Clock: (R) CLK
       Endpoint: (R) w_addr_reg_reg[12]/D
          Clock: (R) CLK

                     Capture       Launch     
        Clock Edge:+    1000            0     
        Drv Adjust:+       0            0     
       Src Latency:+     100          150     
       Net Latency:+       0 (I)        0 (I) 
           Arrival:=    1100          150     
                                              
             Setup:-       8                  
       Uncertainty:-      50                  
     Required Time:=    1042                  
      Launch Clock:-     150                  
       Input Delay:-     250                  
         Data Path:-     280                  
             Slack:=     362                  

Exceptions/Constraints:
  input_delay             250             constraint.sdc_line_90_104_1   

#-----------------------------------------------------------------------------------------------------------
#    Timing Point      Flags   Arc   Edge          Cell            Fanout Load Trans Delay Arrival Instance 
#                                                                         (fF)  (ps)  (ps)   (ps)  Location 
#-----------------------------------------------------------------------------------------------------------
  s_axi_wvalid         -       -     F     (arrival)                    1  0.5    40     0     400    (-,-) 
  g11804__5107/Y       -       B->Y  R     NAND2xp5_ASAP7_75t_L         2  1.0    31    18     418    (-,-) 
  g11740__7482/Y       -       B->Y  F     NOR2xp33_ASAP7_75t_L        16  8.4   150    81     498    (-,-) 
  g11721/Y             -       A->Y  R     INVx1_ASAP7_75t_L            4  2.2    47    34     532    (-,-) 
  g11352__4733/Y       -       A2->Y F     OAI21xp5_ASAP7_75t_L         2  1.0    23    16     548    (-,-) 
  g11256__6783/Y       -       A1->Y R     AOI21xp5_ASAP7_75t_L        15  7.7   115    57     605    (-,-) 
  drc_bufs12115/Y      -       A->Y  F     INVx1_ASAP7_75t_L            1  0.6    23    10     615    (-,-) 
  drc_bufs12114/Y      -       A->Y  R     INVx1_ASAP7_75t_L           14  6.9    55    32     647    (-,-) 
  g11120__5115/Y       -       B->Y  F     NOR2xp33_ASAP7_75t_L         1  0.6    24    18     665    (-,-) 
  g11094__5107/Y       -       B->Y  R     A2O1A1Ixp33_ASAP7_75t_L      1  0.6    30    16     680    (-,-) 
  w_addr_reg_reg[12]/D -       -     R     DFFHQNx1_ASAP7_75t_L         1    -     -     0     680    (-,-) 
#-----------------------------------------------------------------------------------------------------------



Path 26: MET (362 ps) Setup Check with Pin w_addr_reg_reg[3]/CLK->D
           View: tt
          Group: I2C
     Startpoint: (F) s_axi_wvalid
          Clock: (R) CLK
       Endpoint: (R) w_addr_reg_reg[3]/D
          Clock: (R) CLK

                     Capture       Launch     
        Clock Edge:+    1000            0     
        Drv Adjust:+       0            0     
       Src Latency:+     100          150     
       Net Latency:+       0 (I)        0 (I) 
           Arrival:=    1100          150     
                                              
             Setup:-       8                  
       Uncertainty:-      50                  
     Required Time:=    1042                  
      Launch Clock:-     150                  
       Input Delay:-     250                  
         Data Path:-     280                  
             Slack:=     362                  

Exceptions/Constraints:
  input_delay             250             constraint.sdc_line_90_104_1   

#----------------------------------------------------------------------------------------------------------
#    Timing Point     Flags   Arc   Edge          Cell            Fanout Load Trans Delay Arrival Instance 
#                                                                        (fF)  (ps)  (ps)   (ps)  Location 
#----------------------------------------------------------------------------------------------------------
  s_axi_wvalid        -       -     F     (arrival)                    1  0.5    40     0     400    (-,-) 
  g11804__5107/Y      -       B->Y  R     NAND2xp5_ASAP7_75t_L         2  1.0    31    18     418    (-,-) 
  g11740__7482/Y      -       B->Y  F     NOR2xp33_ASAP7_75t_L        16  8.4   150    81     498    (-,-) 
  g11721/Y            -       A->Y  R     INVx1_ASAP7_75t_L            4  2.2    47    34     532    (-,-) 
  g11352__4733/Y      -       A2->Y F     OAI21xp5_ASAP7_75t_L         2  1.0    23    16     548    (-,-) 
  g11256__6783/Y      -       A1->Y R     AOI21xp5_ASAP7_75t_L        15  7.7   115    57     605    (-,-) 
  drc_bufs12115/Y     -       A->Y  F     INVx1_ASAP7_75t_L            1  0.6    23    10     615    (-,-) 
  drc_bufs12114/Y     -       A->Y  R     INVx1_ASAP7_75t_L           14  6.9    55    32     647    (-,-) 
  g11169__9945/Y      -       B->Y  F     NOR2xp33_ASAP7_75t_L         1  0.6    24    18     665    (-,-) 
  g11140__7410/Y      -       B->Y  R     A2O1A1Ixp33_ASAP7_75t_L      1  0.6    30    16     680    (-,-) 
  w_addr_reg_reg[3]/D -       -     R     DFFHQNx1_ASAP7_75t_L         1    -     -     0     680    (-,-) 
#----------------------------------------------------------------------------------------------------------



Path 27: MET (362 ps) Setup Check with Pin w_addr_reg_reg[11]/CLK->D
           View: tt
          Group: I2C
     Startpoint: (F) s_axi_wvalid
          Clock: (R) CLK
       Endpoint: (R) w_addr_reg_reg[11]/D
          Clock: (R) CLK

                     Capture       Launch     
        Clock Edge:+    1000            0     
        Drv Adjust:+       0            0     
       Src Latency:+     100          150     
       Net Latency:+       0 (I)        0 (I) 
           Arrival:=    1100          150     
                                              
             Setup:-       7                  
       Uncertainty:-      50                  
     Required Time:=    1043                  
      Launch Clock:-     150                  
       Input Delay:-     250                  
         Data Path:-     280                  
             Slack:=     362                  

Exceptions/Constraints:
  input_delay             250             constraint.sdc_line_90_104_1   

#-----------------------------------------------------------------------------------------------------------
#    Timing Point      Flags   Arc   Edge          Cell            Fanout Load Trans Delay Arrival Instance 
#                                                                         (fF)  (ps)  (ps)   (ps)  Location 
#-----------------------------------------------------------------------------------------------------------
  s_axi_wvalid         -       -     F     (arrival)                    1  0.5    40     0     400    (-,-) 
  g11804__5107/Y       -       B->Y  R     NAND2xp5_ASAP7_75t_L         2  1.0    31    18     418    (-,-) 
  g11740__7482/Y       -       B->Y  F     NOR2xp33_ASAP7_75t_L        16  8.4   150    81     498    (-,-) 
  g11721/Y             -       A->Y  R     INVx1_ASAP7_75t_L            4  2.2    47    34     532    (-,-) 
  g11352__4733/Y       -       A2->Y F     OAI21xp5_ASAP7_75t_L         2  1.0    23    16     548    (-,-) 
  g11256__6783/Y       -       A1->Y R     AOI21xp5_ASAP7_75t_L        15  7.7   115    57     605    (-,-) 
  drc_bufs12115/Y      -       A->Y  F     INVx1_ASAP7_75t_L            1  0.6    23    10     615    (-,-) 
  drc_bufs12114/Y      -       A->Y  R     INVx1_ASAP7_75t_L           14  6.9    55    32     647    (-,-) 
  g11149__6783/Y       -       B->Y  F     NOR2xp33_ASAP7_75t_L         1  0.6    24    18     665    (-,-) 
  g11111__1617/Y       -       B->Y  R     A2O1A1Ixp33_ASAP7_75t_L      1  0.6    34    16     680    (-,-) 
  w_addr_reg_reg[11]/D -       -     R     DFFHQNx1_ASAP7_75t_L         1    -     -     0     680    (-,-) 
#-----------------------------------------------------------------------------------------------------------



Path 28: MET (362 ps) Setup Check with Pin r_addr_reg_reg[8]/CLK->D
           View: tt
          Group: I2C
     Startpoint: (R) s_axi_awvalid
          Clock: (R) CLK
       Endpoint: (R) r_addr_reg_reg[8]/D
          Clock: (R) CLK

                     Capture       Launch     
        Clock Edge:+    1000            0     
        Drv Adjust:+       0            0     
       Src Latency:+     100          150     
       Net Latency:+       0 (I)        0 (I) 
           Arrival:=    1100          150     
                                              
             Setup:-       8                  
       Uncertainty:-      50                  
     Required Time:=    1042                  
      Launch Clock:-     150                  
       Input Delay:-     250                  
         Data Path:-     279                  
             Slack:=     362                  

Exceptions/Constraints:
  input_delay             250             constraint.sdc_line_90_66_1   

#----------------------------------------------------------------------------------------------------------
#    Timing Point     Flags   Arc   Edge          Cell            Fanout Load Trans Delay Arrival Instance 
#                                                                        (fF)  (ps)  (ps)   (ps)  Location 
#----------------------------------------------------------------------------------------------------------
  s_axi_awvalid       -       -     R     (arrival)                    1  0.5    40     0     400    (-,-) 
  g11795__7410/Y      -       B->Y  F     NAND2xp5_ASAP7_75t_L         2  1.2    39    16     416    (-,-) 
  g11786/Y            -       A->Y  R     INVx1_ASAP7_75t_L            5  2.4    28    20     436    (-,-) 
  g11608__2883/Y      -       A->Y  F     NOR2xp33_ASAP7_75t_L        15  7.7   138    75     511    (-,-) 
  drc_bufs12094/Y     -       A->Y  R     INVx1_ASAP7_75t_L           12  6.8    81    59     570    (-,-) 
  g11498__6131/Y      -       A->Y  R     AND2x2_ASAP7_75t_L          15  9.0    39    36     606    (-,-) 
  drc_bufs12101/Y     -       A->Y  F     INVx1_ASAP7_75t_L            1  0.6    12     8     614    (-,-) 
  drc_bufs12100/Y     -       A->Y  R     INVx1_ASAP7_75t_L           14  8.4    64    33     647    (-,-) 
  g11302__1881/Y      -       C->Y  F     O2A1O1Ixp33_ASAP7_75t_L      1  0.6    26    16     663    (-,-) 
  g11187__1617/Y      -       B->Y  R     A2O1A1Ixp33_ASAP7_75t_L      1  0.6    26    16     679    (-,-) 
  r_addr_reg_reg[8]/D -       -     R     DFFHQNx1_ASAP7_75t_L         1    -     -     0     679    (-,-) 
#----------------------------------------------------------------------------------------------------------



Path 29: MET (363 ps) Setup Check with Pin r_addr_reg_reg[5]/CLK->D
           View: tt
          Group: I2C
     Startpoint: (R) s_axi_awvalid
          Clock: (R) CLK
       Endpoint: (R) r_addr_reg_reg[5]/D
          Clock: (R) CLK

                     Capture       Launch     
        Clock Edge:+    1000            0     
        Drv Adjust:+       0            0     
       Src Latency:+     100          150     
       Net Latency:+       0 (I)        0 (I) 
           Arrival:=    1100          150     
                                              
             Setup:-       8                  
       Uncertainty:-      50                  
     Required Time:=    1042                  
      Launch Clock:-     150                  
       Input Delay:-     250                  
         Data Path:-     279                  
             Slack:=     363                  

Exceptions/Constraints:
  input_delay             250             constraint.sdc_line_90_66_1   

#----------------------------------------------------------------------------------------------------------
#    Timing Point     Flags   Arc   Edge          Cell            Fanout Load Trans Delay Arrival Instance 
#                                                                        (fF)  (ps)  (ps)   (ps)  Location 
#----------------------------------------------------------------------------------------------------------
  s_axi_awvalid       -       -     R     (arrival)                    1  0.5    40     0     400    (-,-) 
  g11795__7410/Y      -       B->Y  F     NAND2xp5_ASAP7_75t_L         2  1.2    39    16     416    (-,-) 
  g11786/Y            -       A->Y  R     INVx1_ASAP7_75t_L            5  2.4    28    20     436    (-,-) 
  g11608__2883/Y      -       A->Y  F     NOR2xp33_ASAP7_75t_L        15  7.7   138    75     511    (-,-) 
  drc_bufs12094/Y     -       A->Y  R     INVx1_ASAP7_75t_L           12  6.8    81    59     570    (-,-) 
  g11498__6131/Y      -       A->Y  R     AND2x2_ASAP7_75t_L          15  9.0    39    36     606    (-,-) 
  drc_bufs12101/Y     -       A->Y  F     INVx1_ASAP7_75t_L            1  0.6    12     8     614    (-,-) 
  drc_bufs12100/Y     -       A->Y  R     INVx1_ASAP7_75t_L           14  8.4    64    33     647    (-,-) 
  g11373__5122/Y      -       C->Y  F     O2A1O1Ixp33_ASAP7_75t_L      1  0.6    26    16     663    (-,-) 
  g11306__6161/Y      -       B->Y  R     A2O1A1Ixp33_ASAP7_75t_L      1  0.6    28    16     679    (-,-) 
  r_addr_reg_reg[5]/D -       -     R     DFFHQNx1_ASAP7_75t_L         1    -     -     0     679    (-,-) 
#----------------------------------------------------------------------------------------------------------



Path 30: MET (363 ps) Setup Check with Pin r_addr_reg_reg[13]/CLK->D
           View: tt
          Group: I2C
     Startpoint: (R) s_axi_awvalid
          Clock: (R) CLK
       Endpoint: (R) r_addr_reg_reg[13]/D
          Clock: (R) CLK

                     Capture       Launch     
        Clock Edge:+    1000            0     
        Drv Adjust:+       0            0     
       Src Latency:+     100          150     
       Net Latency:+       0 (I)        0 (I) 
           Arrival:=    1100          150     
                                              
             Setup:-       8                  
       Uncertainty:-      50                  
     Required Time:=    1042                  
      Launch Clock:-     150                  
       Input Delay:-     250                  
         Data Path:-     279                  
             Slack:=     363                  

Exceptions/Constraints:
  input_delay             250             constraint.sdc_line_90_66_1   

#-----------------------------------------------------------------------------------------------------------
#    Timing Point      Flags   Arc   Edge          Cell            Fanout Load Trans Delay Arrival Instance 
#                                                                         (fF)  (ps)  (ps)   (ps)  Location 
#-----------------------------------------------------------------------------------------------------------
  s_axi_awvalid        -       -     R     (arrival)                    1  0.5    40     0     400    (-,-) 
  g11795__7410/Y       -       B->Y  F     NAND2xp5_ASAP7_75t_L         2  1.2    39    16     416    (-,-) 
  g11786/Y             -       A->Y  R     INVx1_ASAP7_75t_L            5  2.4    28    20     436    (-,-) 
  g11608__2883/Y       -       A->Y  F     NOR2xp33_ASAP7_75t_L        15  7.7   138    75     511    (-,-) 
  drc_bufs12094/Y      -       A->Y  R     INVx1_ASAP7_75t_L           12  6.8    81    59     570    (-,-) 
  g11498__6131/Y       -       A->Y  R     AND2x2_ASAP7_75t_L          15  9.0    39    36     606    (-,-) 
  drc_bufs12101/Y      -       A->Y  F     INVx1_ASAP7_75t_L            1  0.6    12     8     614    (-,-) 
  drc_bufs12100/Y      -       A->Y  R     INVx1_ASAP7_75t_L           14  8.4    64    33     647    (-,-) 
  g11108__5526/Y       -       C->Y  F     O2A1O1Ixp33_ASAP7_75t_L      1  0.6    26    16     663    (-,-) 
  g11082__2883/Y       -       B->Y  R     A2O1A1Ixp33_ASAP7_75t_L      1  0.6    28    16     679    (-,-) 
  r_addr_reg_reg[13]/D -       -     R     DFFHQNx1_ASAP7_75t_L         1    -     -     0     679    (-,-) 
#-----------------------------------------------------------------------------------------------------------



Path 31: MET (363 ps) Setup Check with Pin r_addr_reg_reg[6]/CLK->D
           View: tt
          Group: I2C
     Startpoint: (R) s_axi_awvalid
          Clock: (R) CLK
       Endpoint: (R) r_addr_reg_reg[6]/D
          Clock: (R) CLK

                     Capture       Launch     
        Clock Edge:+    1000            0     
        Drv Adjust:+       0            0     
       Src Latency:+     100          150     
       Net Latency:+       0 (I)        0 (I) 
           Arrival:=    1100          150     
                                              
             Setup:-       8                  
       Uncertainty:-      50                  
     Required Time:=    1042                  
      Launch Clock:-     150                  
       Input Delay:-     250                  
         Data Path:-     279                  
             Slack:=     363                  

Exceptions/Constraints:
  input_delay             250             constraint.sdc_line_90_66_1   

#----------------------------------------------------------------------------------------------------------
#    Timing Point     Flags   Arc   Edge          Cell            Fanout Load Trans Delay Arrival Instance 
#                                                                        (fF)  (ps)  (ps)   (ps)  Location 
#----------------------------------------------------------------------------------------------------------
  s_axi_awvalid       -       -     R     (arrival)                    1  0.5    40     0     400    (-,-) 
  g11795__7410/Y      -       B->Y  F     NAND2xp5_ASAP7_75t_L         2  1.2    39    16     416    (-,-) 
  g11786/Y            -       A->Y  R     INVx1_ASAP7_75t_L            5  2.4    28    20     436    (-,-) 
  g11608__2883/Y      -       A->Y  F     NOR2xp33_ASAP7_75t_L        15  7.7   138    75     511    (-,-) 
  drc_bufs12094/Y     -       A->Y  R     INVx1_ASAP7_75t_L           12  6.8    81    59     570    (-,-) 
  g11498__6131/Y      -       A->Y  R     AND2x2_ASAP7_75t_L          15  9.0    39    36     606    (-,-) 
  drc_bufs12101/Y     -       A->Y  F     INVx1_ASAP7_75t_L            1  0.6    12     8     614    (-,-) 
  drc_bufs12100/Y     -       A->Y  R     INVx1_ASAP7_75t_L           14  8.4    64    33     647    (-,-) 
  g11374__8246/Y      -       C->Y  F     O2A1O1Ixp33_ASAP7_75t_L      1  0.6    26    16     663    (-,-) 
  g11307__9315/Y      -       B->Y  R     A2O1A1Ixp33_ASAP7_75t_L      1  0.6    28    16     679    (-,-) 
  r_addr_reg_reg[6]/D -       -     R     DFFHQNx1_ASAP7_75t_L         1    -     -     0     679    (-,-) 
#----------------------------------------------------------------------------------------------------------



Path 32: MET (363 ps) Setup Check with Pin r_count_reg_reg[7]/CLK->D
           View: tt
          Group: I2C
     Startpoint: (F) s_axi_awvalid
          Clock: (R) CLK
       Endpoint: (F) r_count_reg_reg[7]/D
          Clock: (R) CLK

                     Capture       Launch     
        Clock Edge:+    1000            0     
        Drv Adjust:+       0            0     
       Src Latency:+     100          150     
       Net Latency:+       0 (I)        0 (I) 
           Arrival:=    1100          150     
                                              
             Setup:-       1                  
       Uncertainty:-      50                  
     Required Time:=    1049                  
      Launch Clock:-     150                  
       Input Delay:-     250                  
         Data Path:-     286                  
             Slack:=     363                  

Exceptions/Constraints:
  input_delay             250             constraint.sdc_line_90_66_1   

#-----------------------------------------------------------------------------------------------------------
#    Timing Point      Flags   Arc   Edge          Cell            Fanout Load Trans Delay Arrival Instance 
#                                                                         (fF)  (ps)  (ps)   (ps)  Location 
#-----------------------------------------------------------------------------------------------------------
  s_axi_awvalid        -       -     F     (arrival)                    1  0.5    40     0     400    (-,-) 
  g11795__7410/Y       -       B->Y  R     NAND2xp5_ASAP7_75t_L         2  1.2    44    19     419    (-,-) 
  g11786/Y             -       A->Y  F     INVx1_ASAP7_75t_L            5  2.5    25    18     437    (-,-) 
  g11608__2883/Y       -       A->Y  R     NOR2xp33_ASAP7_75t_L        15  7.7   166    80     517    (-,-) 
  g11582__6131/Y       -       B->Y  F     NOR2xp33_ASAP7_75t_L        16  8.8   179   122     638    (-,-) 
  g11312__7410/Y       -       A->Y  R     NOR3xp33_ASAP7_75t_L         1  0.6    49    36     675    (-,-) 
  g11174__6417/Y       -       B->Y  F     A2O1A1Ixp33_ASAP7_75t_L      1  0.6    47    11     686    (-,-) 
  r_count_reg_reg[7]/D -       -     F     DFFHQNx1_ASAP7_75t_L         1    -     -     0     686    (-,-) 
#-----------------------------------------------------------------------------------------------------------



Path 33: MET (363 ps) Setup Check with Pin r_count_reg_reg[6]/CLK->D
           View: tt
          Group: I2C
     Startpoint: (F) s_axi_awvalid
          Clock: (R) CLK
       Endpoint: (F) r_count_reg_reg[6]/D
          Clock: (R) CLK

                     Capture       Launch     
        Clock Edge:+    1000            0     
        Drv Adjust:+       0            0     
       Src Latency:+     100          150     
       Net Latency:+       0 (I)        0 (I) 
           Arrival:=    1100          150     
                                              
             Setup:-       1                  
       Uncertainty:-      50                  
     Required Time:=    1049                  
      Launch Clock:-     150                  
       Input Delay:-     250                  
         Data Path:-     286                  
             Slack:=     363                  

Exceptions/Constraints:
  input_delay             250             constraint.sdc_line_90_66_1   

#-----------------------------------------------------------------------------------------------------------
#    Timing Point      Flags   Arc   Edge          Cell            Fanout Load Trans Delay Arrival Instance 
#                                                                         (fF)  (ps)  (ps)   (ps)  Location 
#-----------------------------------------------------------------------------------------------------------
  s_axi_awvalid        -       -     F     (arrival)                    1  0.5    40     0     400    (-,-) 
  g11795__7410/Y       -       B->Y  R     NAND2xp5_ASAP7_75t_L         2  1.2    44    19     419    (-,-) 
  g11786/Y             -       A->Y  F     INVx1_ASAP7_75t_L            5  2.5    25    18     437    (-,-) 
  g11608__2883/Y       -       A->Y  R     NOR2xp33_ASAP7_75t_L        15  7.7   166    80     517    (-,-) 
  g11582__6131/Y       -       B->Y  F     NOR2xp33_ASAP7_75t_L        16  8.8   179   122     638    (-,-) 
  g11348__1881/Y       -       A->Y  R     NOR3xp33_ASAP7_75t_L         1  0.6    49    36     675    (-,-) 
  g11240__5477/Y       -       B->Y  F     A2O1A1Ixp33_ASAP7_75t_L      1  0.6    47    11     686    (-,-) 
  r_count_reg_reg[6]/D -       -     F     DFFHQNx1_ASAP7_75t_L         1    -     -     0     686    (-,-) 
#-----------------------------------------------------------------------------------------------------------



Path 34: MET (363 ps) Setup Check with Pin r_count_reg_reg[5]/CLK->D
           View: tt
          Group: I2C
     Startpoint: (F) s_axi_awvalid
          Clock: (R) CLK
       Endpoint: (F) r_count_reg_reg[5]/D
          Clock: (R) CLK

                     Capture       Launch     
        Clock Edge:+    1000            0     
        Drv Adjust:+       0            0     
       Src Latency:+     100          150     
       Net Latency:+       0 (I)        0 (I) 
           Arrival:=    1100          150     
                                              
             Setup:-       1                  
       Uncertainty:-      50                  
     Required Time:=    1049                  
      Launch Clock:-     150                  
       Input Delay:-     250                  
         Data Path:-     286                  
             Slack:=     363                  

Exceptions/Constraints:
  input_delay             250             constraint.sdc_line_90_66_1   

#-----------------------------------------------------------------------------------------------------------
#    Timing Point      Flags   Arc   Edge          Cell            Fanout Load Trans Delay Arrival Instance 
#                                                                         (fF)  (ps)  (ps)   (ps)  Location 
#-----------------------------------------------------------------------------------------------------------
  s_axi_awvalid        -       -     F     (arrival)                    1  0.5    40     0     400    (-,-) 
  g11795__7410/Y       -       B->Y  R     NAND2xp5_ASAP7_75t_L         2  1.2    44    19     419    (-,-) 
  g11786/Y             -       A->Y  F     INVx1_ASAP7_75t_L            5  2.5    25    18     437    (-,-) 
  g11608__2883/Y       -       A->Y  R     NOR2xp33_ASAP7_75t_L        15  7.7   166    80     517    (-,-) 
  g11582__6131/Y       -       B->Y  F     NOR2xp33_ASAP7_75t_L        16  8.8   179   122     638    (-,-) 
  g11411__9945/Y       -       A->Y  R     NOR3xp33_ASAP7_75t_L         1  0.6    49    36     675    (-,-) 
  g11301__6131/Y       -       B->Y  F     A2O1A1Ixp33_ASAP7_75t_L      1  0.6    47    11     686    (-,-) 
  r_count_reg_reg[5]/D -       -     F     DFFHQNx1_ASAP7_75t_L         1    -     -     0     686    (-,-) 
#-----------------------------------------------------------------------------------------------------------



Path 35: MET (363 ps) Setup Check with Pin r_count_reg_reg[4]/CLK->D
           View: tt
          Group: I2C
     Startpoint: (F) s_axi_awvalid
          Clock: (R) CLK
       Endpoint: (F) r_count_reg_reg[4]/D
          Clock: (R) CLK

                     Capture       Launch     
        Clock Edge:+    1000            0     
        Drv Adjust:+       0            0     
       Src Latency:+     100          150     
       Net Latency:+       0 (I)        0 (I) 
           Arrival:=    1100          150     
                                              
             Setup:-       1                  
       Uncertainty:-      50                  
     Required Time:=    1049                  
      Launch Clock:-     150                  
       Input Delay:-     250                  
         Data Path:-     286                  
             Slack:=     363                  

Exceptions/Constraints:
  input_delay             250             constraint.sdc_line_90_66_1   

#-----------------------------------------------------------------------------------------------------------
#    Timing Point      Flags   Arc   Edge          Cell            Fanout Load Trans Delay Arrival Instance 
#                                                                         (fF)  (ps)  (ps)   (ps)  Location 
#-----------------------------------------------------------------------------------------------------------
  s_axi_awvalid        -       -     F     (arrival)                    1  0.5    40     0     400    (-,-) 
  g11795__7410/Y       -       B->Y  R     NAND2xp5_ASAP7_75t_L         2  1.2    44    19     419    (-,-) 
  g11786/Y             -       A->Y  F     INVx1_ASAP7_75t_L            5  2.5    25    18     437    (-,-) 
  g11608__2883/Y       -       A->Y  R     NOR2xp33_ASAP7_75t_L        15  7.7   166    80     517    (-,-) 
  g11582__6131/Y       -       B->Y  F     NOR2xp33_ASAP7_75t_L        16  8.8   179   122     638    (-,-) 
  g11467__5477/Y       -       A->Y  R     NOR3xp33_ASAP7_75t_L         1  0.6    49    36     675    (-,-) 
  g11340__1617/Y       -       B->Y  F     A2O1A1Ixp33_ASAP7_75t_L      1  0.6    47    11     686    (-,-) 
  r_count_reg_reg[4]/D -       -     F     DFFHQNx1_ASAP7_75t_L         1    -     -     0     686    (-,-) 
#-----------------------------------------------------------------------------------------------------------



Path 36: MET (363 ps) Setup Check with Pin r_count_reg_reg[3]/CLK->D
           View: tt
          Group: I2C
     Startpoint: (F) s_axi_awvalid
          Clock: (R) CLK
       Endpoint: (F) r_count_reg_reg[3]/D
          Clock: (R) CLK

                     Capture       Launch     
        Clock Edge:+    1000            0     
        Drv Adjust:+       0            0     
       Src Latency:+     100          150     
       Net Latency:+       0 (I)        0 (I) 
           Arrival:=    1100          150     
                                              
             Setup:-       1                  
       Uncertainty:-      50                  
     Required Time:=    1049                  
      Launch Clock:-     150                  
       Input Delay:-     250                  
         Data Path:-     286                  
             Slack:=     363                  

Exceptions/Constraints:
  input_delay             250             constraint.sdc_line_90_66_1   

#-----------------------------------------------------------------------------------------------------------
#    Timing Point      Flags   Arc   Edge          Cell            Fanout Load Trans Delay Arrival Instance 
#                                                                         (fF)  (ps)  (ps)   (ps)  Location 
#-----------------------------------------------------------------------------------------------------------
  s_axi_awvalid        -       -     F     (arrival)                    1  0.5    40     0     400    (-,-) 
  g11795__7410/Y       -       B->Y  R     NAND2xp5_ASAP7_75t_L         2  1.2    44    19     419    (-,-) 
  g11786/Y             -       A->Y  F     INVx1_ASAP7_75t_L            5  2.5    25    18     437    (-,-) 
  g11608__2883/Y       -       A->Y  R     NOR2xp33_ASAP7_75t_L        15  7.7   166    80     517    (-,-) 
  g11582__6131/Y       -       B->Y  F     NOR2xp33_ASAP7_75t_L        16  8.8   179   122     638    (-,-) 
  g11468__2398/Y       -       A->Y  R     NOR3xp33_ASAP7_75t_L         1  0.6    49    36     675    (-,-) 
  g11337__5526/Y       -       B->Y  F     A2O1A1Ixp33_ASAP7_75t_L      1  0.6    47    11     686    (-,-) 
  r_count_reg_reg[3]/D -       -     F     DFFHQNx1_ASAP7_75t_L         1    -     -     0     686    (-,-) 
#-----------------------------------------------------------------------------------------------------------



Path 37: MET (363 ps) Setup Check with Pin r_count_reg_reg[2]/CLK->D
           View: tt
          Group: I2C
     Startpoint: (F) s_axi_awvalid
          Clock: (R) CLK
       Endpoint: (F) r_count_reg_reg[2]/D
          Clock: (R) CLK

                     Capture       Launch     
        Clock Edge:+    1000            0     
        Drv Adjust:+       0            0     
       Src Latency:+     100          150     
       Net Latency:+       0 (I)        0 (I) 
           Arrival:=    1100          150     
                                              
             Setup:-       1                  
       Uncertainty:-      50                  
     Required Time:=    1049                  
      Launch Clock:-     150                  
       Input Delay:-     250                  
         Data Path:-     286                  
             Slack:=     363                  

Exceptions/Constraints:
  input_delay             250             constraint.sdc_line_90_66_1   

#-----------------------------------------------------------------------------------------------------------
#    Timing Point      Flags   Arc   Edge          Cell            Fanout Load Trans Delay Arrival Instance 
#                                                                         (fF)  (ps)  (ps)   (ps)  Location 
#-----------------------------------------------------------------------------------------------------------
  s_axi_awvalid        -       -     F     (arrival)                    1  0.5    40     0     400    (-,-) 
  g11795__7410/Y       -       B->Y  R     NAND2xp5_ASAP7_75t_L         2  1.2    44    19     419    (-,-) 
  g11786/Y             -       A->Y  F     INVx1_ASAP7_75t_L            5  2.5    25    18     437    (-,-) 
  g11608__2883/Y       -       A->Y  R     NOR2xp33_ASAP7_75t_L        15  7.7   166    80     517    (-,-) 
  g11582__6131/Y       -       B->Y  F     NOR2xp33_ASAP7_75t_L        16  8.8   179   122     638    (-,-) 
  g11470__6260/Y       -       A->Y  R     NOR3xp33_ASAP7_75t_L         1  0.6    49    36     675    (-,-) 
  g11339__3680/Y       -       B->Y  F     A2O1A1Ixp33_ASAP7_75t_L      1  0.6    47    11     686    (-,-) 
  r_count_reg_reg[2]/D -       -     F     DFFHQNx1_ASAP7_75t_L         1    -     -     0     686    (-,-) 
#-----------------------------------------------------------------------------------------------------------



Path 38: MET (363 ps) Setup Check with Pin r_count_reg_reg[1]/CLK->D
           View: tt
          Group: I2C
     Startpoint: (F) s_axi_awvalid
          Clock: (R) CLK
       Endpoint: (F) r_count_reg_reg[1]/D
          Clock: (R) CLK

                     Capture       Launch     
        Clock Edge:+    1000            0     
        Drv Adjust:+       0            0     
       Src Latency:+     100          150     
       Net Latency:+       0 (I)        0 (I) 
           Arrival:=    1100          150     
                                              
             Setup:-       1                  
       Uncertainty:-      50                  
     Required Time:=    1049                  
      Launch Clock:-     150                  
       Input Delay:-     250                  
         Data Path:-     286                  
             Slack:=     363                  

Exceptions/Constraints:
  input_delay             250             constraint.sdc_line_90_66_1   

#-----------------------------------------------------------------------------------------------------------
#    Timing Point      Flags   Arc   Edge          Cell            Fanout Load Trans Delay Arrival Instance 
#                                                                         (fF)  (ps)  (ps)   (ps)  Location 
#-----------------------------------------------------------------------------------------------------------
  s_axi_awvalid        -       -     F     (arrival)                    1  0.5    40     0     400    (-,-) 
  g11795__7410/Y       -       B->Y  R     NAND2xp5_ASAP7_75t_L         2  1.2    44    19     419    (-,-) 
  g11786/Y             -       A->Y  F     INVx1_ASAP7_75t_L            5  2.5    25    18     437    (-,-) 
  g11608__2883/Y       -       A->Y  R     NOR2xp33_ASAP7_75t_L        15  7.7   166    80     517    (-,-) 
  g11582__6131/Y       -       B->Y  F     NOR2xp33_ASAP7_75t_L        16  8.8   179   122     638    (-,-) 
  g11471__4319/Y       -       A->Y  R     NOR3xp33_ASAP7_75t_L         1  0.6    49    36     675    (-,-) 
  g11345__7098/Y       -       B->Y  F     A2O1A1Ixp33_ASAP7_75t_L      1  0.6    47    11     686    (-,-) 
  r_count_reg_reg[1]/D -       -     F     DFFHQNx1_ASAP7_75t_L         1    -     -     0     686    (-,-) 
#-----------------------------------------------------------------------------------------------------------



Path 39: MET (363 ps) Setup Check with Pin r_count_reg_reg[0]/CLK->D
           View: tt
          Group: I2C
     Startpoint: (F) s_axi_awvalid
          Clock: (R) CLK
       Endpoint: (F) r_count_reg_reg[0]/D
          Clock: (R) CLK

                     Capture       Launch     
        Clock Edge:+    1000            0     
        Drv Adjust:+       0            0     
       Src Latency:+     100          150     
       Net Latency:+       0 (I)        0 (I) 
           Arrival:=    1100          150     
                                              
             Setup:-       1                  
       Uncertainty:-      50                  
     Required Time:=    1049                  
      Launch Clock:-     150                  
       Input Delay:-     250                  
         Data Path:-     286                  
             Slack:=     363                  

Exceptions/Constraints:
  input_delay             250             constraint.sdc_line_90_66_1   

#-----------------------------------------------------------------------------------------------------------
#    Timing Point      Flags   Arc   Edge          Cell            Fanout Load Trans Delay Arrival Instance 
#                                                                         (fF)  (ps)  (ps)   (ps)  Location 
#-----------------------------------------------------------------------------------------------------------
  s_axi_awvalid        -       -     F     (arrival)                    1  0.5    40     0     400    (-,-) 
  g11795__7410/Y       -       B->Y  R     NAND2xp5_ASAP7_75t_L         2  1.2    44    19     419    (-,-) 
  g11786/Y             -       A->Y  F     INVx1_ASAP7_75t_L            5  2.5    25    18     437    (-,-) 
  g11608__2883/Y       -       A->Y  R     NOR2xp33_ASAP7_75t_L        15  7.7   166    80     517    (-,-) 
  g11582__6131/Y       -       B->Y  F     NOR2xp33_ASAP7_75t_L        16  8.8   179   122     638    (-,-) 
  g11477__2802/Y       -       A->Y  R     NOR3xp33_ASAP7_75t_L         1  0.6    49    36     675    (-,-) 
  g11338__6783/Y       -       B->Y  F     A2O1A1Ixp33_ASAP7_75t_L      1  0.6    47    11     686    (-,-) 
  r_count_reg_reg[0]/D -       -     F     DFFHQNx1_ASAP7_75t_L         1    -     -     0     686    (-,-) 
#-----------------------------------------------------------------------------------------------------------



Path 40: MET (363 ps) Setup Check with Pin r_addr_reg_reg[10]/CLK->D
           View: tt
          Group: I2C
     Startpoint: (R) s_axi_awvalid
          Clock: (R) CLK
       Endpoint: (R) r_addr_reg_reg[10]/D
          Clock: (R) CLK

                     Capture       Launch     
        Clock Edge:+    1000            0     
        Drv Adjust:+       0            0     
       Src Latency:+     100          150     
       Net Latency:+       0 (I)        0 (I) 
           Arrival:=    1100          150     
                                              
             Setup:-       7                  
       Uncertainty:-      50                  
     Required Time:=    1043                  
      Launch Clock:-     150                  
       Input Delay:-     250                  
         Data Path:-     279                  
             Slack:=     363                  

Exceptions/Constraints:
  input_delay             250             constraint.sdc_line_90_66_1   

#-----------------------------------------------------------------------------------------------------------
#    Timing Point      Flags   Arc   Edge          Cell            Fanout Load Trans Delay Arrival Instance 
#                                                                         (fF)  (ps)  (ps)   (ps)  Location 
#-----------------------------------------------------------------------------------------------------------
  s_axi_awvalid        -       -     R     (arrival)                    1  0.5    40     0     400    (-,-) 
  g11795__7410/Y       -       B->Y  F     NAND2xp5_ASAP7_75t_L         2  1.2    39    16     416    (-,-) 
  g11786/Y             -       A->Y  R     INVx1_ASAP7_75t_L            5  2.4    28    20     436    (-,-) 
  g11608__2883/Y       -       A->Y  F     NOR2xp33_ASAP7_75t_L        15  7.7   138    75     511    (-,-) 
  drc_bufs12094/Y      -       A->Y  R     INVx1_ASAP7_75t_L           12  6.8    81    59     570    (-,-) 
  g11498__6131/Y       -       A->Y  R     AND2x2_ASAP7_75t_L          15  9.0    39    36     606    (-,-) 
  drc_bufs12101/Y      -       A->Y  F     INVx1_ASAP7_75t_L            1  0.6    12     8     614    (-,-) 
  drc_bufs12100/Y      -       A->Y  R     INVx1_ASAP7_75t_L           14  8.4    64    33     647    (-,-) 
  g11184__5526/Y       -       C->Y  F     O2A1O1Ixp33_ASAP7_75t_L      1  0.6    26    16     663    (-,-) 
  g11117__7098/Y       -       B->Y  R     A2O1A1Ixp33_ASAP7_75t_L      1  0.6    34    16     679    (-,-) 
  r_addr_reg_reg[10]/D -       -     R     DFFHQNx1_ASAP7_75t_L         1    -     -     0     679    (-,-) 
#-----------------------------------------------------------------------------------------------------------



Path 41: MET (363 ps) Setup Check with Pin r_addr_reg_reg[4]/CLK->D
           View: tt
          Group: I2C
     Startpoint: (R) s_axi_awvalid
          Clock: (R) CLK
       Endpoint: (R) r_addr_reg_reg[4]/D
          Clock: (R) CLK

                     Capture       Launch     
        Clock Edge:+    1000            0     
        Drv Adjust:+       0            0     
       Src Latency:+     100          150     
       Net Latency:+       0 (I)        0 (I) 
           Arrival:=    1100          150     
                                              
             Setup:-       7                  
       Uncertainty:-      50                  
     Required Time:=    1043                  
      Launch Clock:-     150                  
       Input Delay:-     250                  
         Data Path:-     279                  
             Slack:=     363                  

Exceptions/Constraints:
  input_delay             250             constraint.sdc_line_90_66_1   

#----------------------------------------------------------------------------------------------------------
#    Timing Point     Flags   Arc   Edge          Cell            Fanout Load Trans Delay Arrival Instance 
#                                                                        (fF)  (ps)  (ps)   (ps)  Location 
#----------------------------------------------------------------------------------------------------------
  s_axi_awvalid       -       -     R     (arrival)                    1  0.5    40     0     400    (-,-) 
  g11795__7410/Y      -       B->Y  F     NAND2xp5_ASAP7_75t_L         2  1.2    39    16     416    (-,-) 
  g11786/Y            -       A->Y  R     INVx1_ASAP7_75t_L            5  2.4    28    20     436    (-,-) 
  g11608__2883/Y      -       A->Y  F     NOR2xp33_ASAP7_75t_L        15  7.7   138    75     511    (-,-) 
  drc_bufs12094/Y     -       A->Y  R     INVx1_ASAP7_75t_L           12  6.8    81    59     570    (-,-) 
  g11498__6131/Y      -       A->Y  R     AND2x2_ASAP7_75t_L          15  9.0    39    36     606    (-,-) 
  drc_bufs12101/Y     -       A->Y  F     INVx1_ASAP7_75t_L            1  0.6    12     8     614    (-,-) 
  drc_bufs12100/Y     -       A->Y  R     INVx1_ASAP7_75t_L           14  8.4    64    33     647    (-,-) 
  g11372__1705/Y      -       C->Y  F     O2A1O1Ixp33_ASAP7_75t_L      1  0.6    26    16     663    (-,-) 
  g11305__4733/Y      -       B->Y  R     A2O1A1Ixp33_ASAP7_75t_L      1  0.6    34    16     679    (-,-) 
  r_addr_reg_reg[4]/D -       -     R     DFFHQNx1_ASAP7_75t_L         1    -     -     0     679    (-,-) 
#----------------------------------------------------------------------------------------------------------



Path 42: MET (370 ps) Setup Check with Pin w_count_reg_reg[7]/CLK->D
           View: tt
          Group: I2C
     Startpoint: (F) s_axi_wvalid
          Clock: (R) CLK
       Endpoint: (R) w_count_reg_reg[7]/D
          Clock: (R) CLK

                     Capture       Launch     
        Clock Edge:+    1000            0     
        Drv Adjust:+       0            0     
       Src Latency:+     100          150     
       Net Latency:+       0 (I)        0 (I) 
           Arrival:=    1100          150     
                                              
             Setup:-       7                  
       Uncertainty:-      50                  
     Required Time:=    1043                  
      Launch Clock:-     150                  
       Input Delay:-     250                  
         Data Path:-     273                  
             Slack:=     370                  

Exceptions/Constraints:
  input_delay             250             constraint.sdc_line_90_104_1   

#-----------------------------------------------------------------------------------------------------------
#    Timing Point      Flags   Arc   Edge          Cell            Fanout Load Trans Delay Arrival Instance 
#                                                                         (fF)  (ps)  (ps)   (ps)  Location 
#-----------------------------------------------------------------------------------------------------------
  s_axi_wvalid         -       -     F     (arrival)                    1  0.5    40     0     400    (-,-) 
  g11804__5107/Y       -       B->Y  R     NAND2xp5_ASAP7_75t_L         2  1.0    31    18     418    (-,-) 
  g11740__7482/Y       -       B->Y  F     NOR2xp33_ASAP7_75t_L        16  8.4   150    81     498    (-,-) 
  g11721/Y             -       A->Y  R     INVx1_ASAP7_75t_L            4  2.2    47    34     532    (-,-) 
  g11352__4733/Y       -       A2->Y F     OAI21xp5_ASAP7_75t_L         2  1.0    23    16     548    (-,-) 
  g11316__5107/Y       -       B->Y  R     NOR2xp33_ASAP7_75t_L        16  8.8   189    91     639    (-,-) 
  g11235__2883/Y       -       A->Y  F     NOR3xp33_ASAP7_75t_L         1  0.6    38    16     655    (-,-) 
  g11162__5115/Y       -       B->Y  R     A2O1A1Ixp33_ASAP7_75t_L      1  0.6    43    18     673    (-,-) 
  w_count_reg_reg[7]/D -       -     R     DFFHQNx1_ASAP7_75t_L         1    -     -     0     673    (-,-) 
#-----------------------------------------------------------------------------------------------------------



Path 43: MET (370 ps) Setup Check with Pin w_count_reg_reg[6]/CLK->D
           View: tt
          Group: I2C
     Startpoint: (F) s_axi_wvalid
          Clock: (R) CLK
       Endpoint: (R) w_count_reg_reg[6]/D
          Clock: (R) CLK

                     Capture       Launch     
        Clock Edge:+    1000            0     
        Drv Adjust:+       0            0     
       Src Latency:+     100          150     
       Net Latency:+       0 (I)        0 (I) 
           Arrival:=    1100          150     
                                              
             Setup:-       7                  
       Uncertainty:-      50                  
     Required Time:=    1043                  
      Launch Clock:-     150                  
       Input Delay:-     250                  
         Data Path:-     273                  
             Slack:=     370                  

Exceptions/Constraints:
  input_delay             250             constraint.sdc_line_90_104_1   

#-----------------------------------------------------------------------------------------------------------
#    Timing Point      Flags   Arc   Edge          Cell            Fanout Load Trans Delay Arrival Instance 
#                                                                         (fF)  (ps)  (ps)   (ps)  Location 
#-----------------------------------------------------------------------------------------------------------
  s_axi_wvalid         -       -     F     (arrival)                    1  0.5    40     0     400    (-,-) 
  g11804__5107/Y       -       B->Y  R     NAND2xp5_ASAP7_75t_L         2  1.0    31    18     418    (-,-) 
  g11740__7482/Y       -       B->Y  F     NOR2xp33_ASAP7_75t_L        16  8.4   150    81     498    (-,-) 
  g11721/Y             -       A->Y  R     INVx1_ASAP7_75t_L            4  2.2    47    34     532    (-,-) 
  g11352__4733/Y       -       A2->Y F     OAI21xp5_ASAP7_75t_L         2  1.0    23    16     548    (-,-) 
  g11316__5107/Y       -       B->Y  R     NOR2xp33_ASAP7_75t_L        16  8.8   189    91     639    (-,-) 
  g11236__2346/Y       -       A->Y  F     NOR3xp33_ASAP7_75t_L         1  0.6    38    16     655    (-,-) 
  g11161__1881/Y       -       B->Y  R     A2O1A1Ixp33_ASAP7_75t_L      1  0.6    43    18     673    (-,-) 
  w_count_reg_reg[6]/D -       -     R     DFFHQNx1_ASAP7_75t_L         1    -     -     0     673    (-,-) 
#-----------------------------------------------------------------------------------------------------------



Path 44: MET (370 ps) Setup Check with Pin w_count_reg_reg[5]/CLK->D
           View: tt
          Group: I2C
     Startpoint: (F) s_axi_wvalid
          Clock: (R) CLK
       Endpoint: (R) w_count_reg_reg[5]/D
          Clock: (R) CLK

                     Capture       Launch     
        Clock Edge:+    1000            0     
        Drv Adjust:+       0            0     
       Src Latency:+     100          150     
       Net Latency:+       0 (I)        0 (I) 
           Arrival:=    1100          150     
                                              
             Setup:-       7                  
       Uncertainty:-      50                  
     Required Time:=    1043                  
      Launch Clock:-     150                  
       Input Delay:-     250                  
         Data Path:-     273                  
             Slack:=     370                  

Exceptions/Constraints:
  input_delay             250             constraint.sdc_line_90_104_1   

#-----------------------------------------------------------------------------------------------------------
#    Timing Point      Flags   Arc   Edge          Cell            Fanout Load Trans Delay Arrival Instance 
#                                                                         (fF)  (ps)  (ps)   (ps)  Location 
#-----------------------------------------------------------------------------------------------------------
  s_axi_wvalid         -       -     F     (arrival)                    1  0.5    40     0     400    (-,-) 
  g11804__5107/Y       -       B->Y  R     NAND2xp5_ASAP7_75t_L         2  1.0    31    18     418    (-,-) 
  g11740__7482/Y       -       B->Y  F     NOR2xp33_ASAP7_75t_L        16  8.4   150    81     498    (-,-) 
  g11721/Y             -       A->Y  R     INVx1_ASAP7_75t_L            4  2.2    47    34     532    (-,-) 
  g11352__4733/Y       -       A2->Y F     OAI21xp5_ASAP7_75t_L         2  1.0    23    16     548    (-,-) 
  g11316__5107/Y       -       B->Y  R     NOR2xp33_ASAP7_75t_L        16  8.8   189    91     639    (-,-) 
  g11237__1666/Y       -       A->Y  F     NOR3xp33_ASAP7_75t_L         1  0.6    38    16     655    (-,-) 
  g11160__6131/Y       -       B->Y  R     A2O1A1Ixp33_ASAP7_75t_L      1  0.6    43    18     673    (-,-) 
  w_count_reg_reg[5]/D -       -     R     DFFHQNx1_ASAP7_75t_L         1    -     -     0     673    (-,-) 
#-----------------------------------------------------------------------------------------------------------



Path 45: MET (370 ps) Setup Check with Pin w_count_reg_reg[4]/CLK->D
           View: tt
          Group: I2C
     Startpoint: (F) s_axi_wvalid
          Clock: (R) CLK
       Endpoint: (R) w_count_reg_reg[4]/D
          Clock: (R) CLK

                     Capture       Launch     
        Clock Edge:+    1000            0     
        Drv Adjust:+       0            0     
       Src Latency:+     100          150     
       Net Latency:+       0 (I)        0 (I) 
           Arrival:=    1100          150     
                                              
             Setup:-       7                  
       Uncertainty:-      50                  
     Required Time:=    1043                  
      Launch Clock:-     150                  
       Input Delay:-     250                  
         Data Path:-     273                  
             Slack:=     370                  

Exceptions/Constraints:
  input_delay             250             constraint.sdc_line_90_104_1   

#-----------------------------------------------------------------------------------------------------------
#    Timing Point      Flags   Arc   Edge          Cell            Fanout Load Trans Delay Arrival Instance 
#                                                                         (fF)  (ps)  (ps)   (ps)  Location 
#-----------------------------------------------------------------------------------------------------------
  s_axi_wvalid         -       -     F     (arrival)                    1  0.5    40     0     400    (-,-) 
  g11804__5107/Y       -       B->Y  R     NAND2xp5_ASAP7_75t_L         2  1.0    31    18     418    (-,-) 
  g11740__7482/Y       -       B->Y  F     NOR2xp33_ASAP7_75t_L        16  8.4   150    81     498    (-,-) 
  g11721/Y             -       A->Y  R     INVx1_ASAP7_75t_L            4  2.2    47    34     532    (-,-) 
  g11352__4733/Y       -       A2->Y F     OAI21xp5_ASAP7_75t_L         2  1.0    23    16     548    (-,-) 
  g11316__5107/Y       -       B->Y  R     NOR2xp33_ASAP7_75t_L        16  8.8   189    91     639    (-,-) 
  g11238__7410/Y       -       A->Y  F     NOR3xp33_ASAP7_75t_L         1  0.6    38    16     655    (-,-) 
  g11153__1705/Y       -       B->Y  R     A2O1A1Ixp33_ASAP7_75t_L      1  0.6    43    18     673    (-,-) 
  w_count_reg_reg[4]/D -       -     R     DFFHQNx1_ASAP7_75t_L         1    -     -     0     673    (-,-) 
#-----------------------------------------------------------------------------------------------------------



Path 46: MET (370 ps) Setup Check with Pin w_count_reg_reg[3]/CLK->D
           View: tt
          Group: I2C
     Startpoint: (F) s_axi_wvalid
          Clock: (R) CLK
       Endpoint: (R) w_count_reg_reg[3]/D
          Clock: (R) CLK

                     Capture       Launch     
        Clock Edge:+    1000            0     
        Drv Adjust:+       0            0     
       Src Latency:+     100          150     
       Net Latency:+       0 (I)        0 (I) 
           Arrival:=    1100          150     
                                              
             Setup:-       7                  
       Uncertainty:-      50                  
     Required Time:=    1043                  
      Launch Clock:-     150                  
       Input Delay:-     250                  
         Data Path:-     273                  
             Slack:=     370                  

Exceptions/Constraints:
  input_delay             250             constraint.sdc_line_90_104_1   

#-----------------------------------------------------------------------------------------------------------
#    Timing Point      Flags   Arc   Edge          Cell            Fanout Load Trans Delay Arrival Instance 
#                                                                         (fF)  (ps)  (ps)   (ps)  Location 
#-----------------------------------------------------------------------------------------------------------
  s_axi_wvalid         -       -     F     (arrival)                    1  0.5    40     0     400    (-,-) 
  g11804__5107/Y       -       B->Y  R     NAND2xp5_ASAP7_75t_L         2  1.0    31    18     418    (-,-) 
  g11740__7482/Y       -       B->Y  F     NOR2xp33_ASAP7_75t_L        16  8.4   150    81     498    (-,-) 
  g11721/Y             -       A->Y  R     INVx1_ASAP7_75t_L            4  2.2    47    34     532    (-,-) 
  g11352__4733/Y       -       A2->Y F     OAI21xp5_ASAP7_75t_L         2  1.0    23    16     548    (-,-) 
  g11316__5107/Y       -       B->Y  R     NOR2xp33_ASAP7_75t_L        16  8.8   189    91     639    (-,-) 
  g11242__5107/Y       -       A->Y  F     NOR3xp33_ASAP7_75t_L         1  0.6    38    16     655    (-,-) 
  g11155__8246/Y       -       B->Y  R     A2O1A1Ixp33_ASAP7_75t_L      1  0.6    43    18     673    (-,-) 
  w_count_reg_reg[3]/D -       -     R     DFFHQNx1_ASAP7_75t_L         1    -     -     0     673    (-,-) 
#-----------------------------------------------------------------------------------------------------------



Path 47: MET (370 ps) Setup Check with Pin w_count_reg_reg[2]/CLK->D
           View: tt
          Group: I2C
     Startpoint: (F) s_axi_wvalid
          Clock: (R) CLK
       Endpoint: (R) w_count_reg_reg[2]/D
          Clock: (R) CLK

                     Capture       Launch     
        Clock Edge:+    1000            0     
        Drv Adjust:+       0            0     
       Src Latency:+     100          150     
       Net Latency:+       0 (I)        0 (I) 
           Arrival:=    1100          150     
                                              
             Setup:-       7                  
       Uncertainty:-      50                  
     Required Time:=    1043                  
      Launch Clock:-     150                  
       Input Delay:-     250                  
         Data Path:-     273                  
             Slack:=     370                  

Exceptions/Constraints:
  input_delay             250             constraint.sdc_line_90_104_1   

#-----------------------------------------------------------------------------------------------------------
#    Timing Point      Flags   Arc   Edge          Cell            Fanout Load Trans Delay Arrival Instance 
#                                                                         (fF)  (ps)  (ps)   (ps)  Location 
#-----------------------------------------------------------------------------------------------------------
  s_axi_wvalid         -       -     F     (arrival)                    1  0.5    40     0     400    (-,-) 
  g11804__5107/Y       -       B->Y  R     NAND2xp5_ASAP7_75t_L         2  1.0    31    18     418    (-,-) 
  g11740__7482/Y       -       B->Y  F     NOR2xp33_ASAP7_75t_L        16  8.4   150    81     498    (-,-) 
  g11721/Y             -       A->Y  R     INVx1_ASAP7_75t_L            4  2.2    47    34     532    (-,-) 
  g11352__4733/Y       -       A2->Y F     OAI21xp5_ASAP7_75t_L         2  1.0    23    16     548    (-,-) 
  g11316__5107/Y       -       B->Y  R     NOR2xp33_ASAP7_75t_L        16  8.8   189    91     639    (-,-) 
  g11241__2398/Y       -       A->Y  F     NOR3xp33_ASAP7_75t_L         1  0.6    38    16     655    (-,-) 
  g11159__7098/Y       -       B->Y  R     A2O1A1Ixp33_ASAP7_75t_L      1  0.6    43    18     673    (-,-) 
  w_count_reg_reg[2]/D -       -     R     DFFHQNx1_ASAP7_75t_L         1    -     -     0     673    (-,-) 
#-----------------------------------------------------------------------------------------------------------



Path 48: MET (370 ps) Setup Check with Pin w_count_reg_reg[1]/CLK->D
           View: tt
          Group: I2C
     Startpoint: (F) s_axi_wvalid
          Clock: (R) CLK
       Endpoint: (R) w_count_reg_reg[1]/D
          Clock: (R) CLK

                     Capture       Launch     
        Clock Edge:+    1000            0     
        Drv Adjust:+       0            0     
       Src Latency:+     100          150     
       Net Latency:+       0 (I)        0 (I) 
           Arrival:=    1100          150     
                                              
             Setup:-       7                  
       Uncertainty:-      50                  
     Required Time:=    1043                  
      Launch Clock:-     150                  
       Input Delay:-     250                  
         Data Path:-     273                  
             Slack:=     370                  

Exceptions/Constraints:
  input_delay             250             constraint.sdc_line_90_104_1   

#-----------------------------------------------------------------------------------------------------------
#    Timing Point      Flags   Arc   Edge          Cell            Fanout Load Trans Delay Arrival Instance 
#                                                                         (fF)  (ps)  (ps)   (ps)  Location 
#-----------------------------------------------------------------------------------------------------------
  s_axi_wvalid         -       -     F     (arrival)                    1  0.5    40     0     400    (-,-) 
  g11804__5107/Y       -       B->Y  R     NAND2xp5_ASAP7_75t_L         2  1.0    31    18     418    (-,-) 
  g11740__7482/Y       -       B->Y  F     NOR2xp33_ASAP7_75t_L        16  8.4   150    81     498    (-,-) 
  g11721/Y             -       A->Y  R     INVx1_ASAP7_75t_L            4  2.2    47    34     532    (-,-) 
  g11352__4733/Y       -       A2->Y F     OAI21xp5_ASAP7_75t_L         2  1.0    23    16     548    (-,-) 
  g11316__5107/Y       -       B->Y  R     NOR2xp33_ASAP7_75t_L        16  8.8   189    91     639    (-,-) 
  g11229__5115/Y       -       A->Y  F     NOR3xp33_ASAP7_75t_L         1  0.6    38    16     655    (-,-) 
  g11152__2802/Y       -       B->Y  R     A2O1A1Ixp33_ASAP7_75t_L      1  0.6    43    18     673    (-,-) 
  w_count_reg_reg[1]/D -       -     R     DFFHQNx1_ASAP7_75t_L         1    -     -     0     673    (-,-) 
#-----------------------------------------------------------------------------------------------------------



Path 49: MET (370 ps) Setup Check with Pin w_count_reg_reg[0]/CLK->D
           View: tt
          Group: I2C
     Startpoint: (F) s_axi_wvalid
          Clock: (R) CLK
       Endpoint: (R) w_count_reg_reg[0]/D
          Clock: (R) CLK

                     Capture       Launch     
        Clock Edge:+    1000            0     
        Drv Adjust:+       0            0     
       Src Latency:+     100          150     
       Net Latency:+       0 (I)        0 (I) 
           Arrival:=    1100          150     
                                              
             Setup:-       7                  
       Uncertainty:-      50                  
     Required Time:=    1043                  
      Launch Clock:-     150                  
       Input Delay:-     250                  
         Data Path:-     273                  
             Slack:=     370                  

Exceptions/Constraints:
  input_delay             250             constraint.sdc_line_90_104_1   

#-----------------------------------------------------------------------------------------------------------
#    Timing Point      Flags   Arc   Edge          Cell            Fanout Load Trans Delay Arrival Instance 
#                                                                         (fF)  (ps)  (ps)   (ps)  Location 
#-----------------------------------------------------------------------------------------------------------
  s_axi_wvalid         -       -     F     (arrival)                    1  0.5    40     0     400    (-,-) 
  g11804__5107/Y       -       B->Y  R     NAND2xp5_ASAP7_75t_L         2  1.0    31    18     418    (-,-) 
  g11740__7482/Y       -       B->Y  F     NOR2xp33_ASAP7_75t_L        16  8.4   150    81     498    (-,-) 
  g11721/Y             -       A->Y  R     INVx1_ASAP7_75t_L            4  2.2    47    34     532    (-,-) 
  g11352__4733/Y       -       A2->Y F     OAI21xp5_ASAP7_75t_L         2  1.0    23    16     548    (-,-) 
  g11316__5107/Y       -       B->Y  R     NOR2xp33_ASAP7_75t_L        16  8.8   189    91     639    (-,-) 
  g11230__7482/Y       -       A->Y  F     NOR3xp33_ASAP7_75t_L         1  0.6    38    16     655    (-,-) 
  g11151__1617/Y       -       B->Y  R     A2O1A1Ixp33_ASAP7_75t_L      1  0.6    43    18     673    (-,-) 
  w_count_reg_reg[0]/D -       -     R     DFFHQNx1_ASAP7_75t_L         1    -     -     0     673    (-,-) 
#-----------------------------------------------------------------------------------------------------------



Path 50: MET (373 ps) Setup Check with Pin r_addr_reg_reg[12]/CLK->D
           View: tt
          Group: I2C
     Startpoint: (F) s_axi_awvalid
          Clock: (R) CLK
       Endpoint: (R) r_addr_reg_reg[12]/D
          Clock: (R) CLK

                     Capture       Launch     
        Clock Edge:+    1000            0     
        Drv Adjust:+       0            0     
       Src Latency:+     100          150     
       Net Latency:+       0 (I)        0 (I) 
           Arrival:=    1100          150     
                                              
             Setup:-       8                  
       Uncertainty:-      50                  
     Required Time:=    1042                  
      Launch Clock:-     150                  
       Input Delay:-     250                  
         Data Path:-     269                  
             Slack:=     373                  

Exceptions/Constraints:
  input_delay             250             constraint.sdc_line_90_66_1   

#-----------------------------------------------------------------------------------------------------------
#    Timing Point      Flags   Arc   Edge          Cell            Fanout Load Trans Delay Arrival Instance 
#                                                                         (fF)  (ps)  (ps)   (ps)  Location 
#-----------------------------------------------------------------------------------------------------------
  s_axi_awvalid        -       -     F     (arrival)                    1  0.5    40     0     400    (-,-) 
  g11795__7410/Y       -       B->Y  R     NAND2xp5_ASAP7_75t_L         2  1.2    44    19     419    (-,-) 
  g11786/Y             -       A->Y  F     INVx1_ASAP7_75t_L            5  2.5    25    18     437    (-,-) 
  g11608__2883/Y       -       A->Y  R     NOR2xp33_ASAP7_75t_L        15  7.7   166    80     517    (-,-) 
  drc_bufs12094/Y      -       A->Y  F     INVx1_ASAP7_75t_L           12  6.8    75    50     567    (-,-) 
  g11498__6131/Y       -       A->Y  F     AND2x2_ASAP7_75t_L          15  9.0    32    44     611    (-,-) 
  drc_bufs12101/Y      -       A->Y  R     INVx1_ASAP7_75t_L            1  0.6    13    10     622    (-,-) 
  drc_bufs12100/Y      -       A->Y  F     INVx1_ASAP7_75t_L           14  8.4    50    28     650    (-,-) 
  g11093__2398/Y       -       A2->Y R     A2O1A1Ixp33_ASAP7_75t_L      1  0.6    28    19     669    (-,-) 
  r_addr_reg_reg[12]/D -       -     R     DFFHQNx1_ASAP7_75t_L         1    -     -     0     669    (-,-) 
#-----------------------------------------------------------------------------------------------------------


