###############################################################
#  Generated by:      Cadence Innovus 23.14-s088_1
#  OS:                Linux x86_64(Host ID user1-EliteMini)
#  Generated on:      Thu Oct  1 03:45:28 2026
#  Design:            top_soc
#  Command:           report_ccopt_skew_groups -file ./reports/cts_skew_groups.rpt
###############################################################

Skew Group Structure:
=====================

---------------------------------------------------------------------------------------------------
Skew Group                                      Sources    Constrained Sinks    Unconstrained Sinks
---------------------------------------------------------------------------------------------------
CLK_SYS/mode_func                                  1             33945                   1
CLK_TCK/mode_func                                  1               136                   0
_clock_gen_CLK_SYS_en_latch_reg_01/mode_func       1                25                   0
_clock_gen_CLK_SYS_en_latch_reg_02/mode_func       1                25                   0
_clock_gen_CLK_SYS_en_latch_reg_03/mode_func       1                 2                   0
_clock_gen_CLK_SYS_en_latch_reg_04/mode_func       1                 6                   0
_clock_gen_CLK_SYS_en_latch_reg_05/mode_func       1                25                   0
_clock_gen_CLK_SYS_en_latch_reg_06/mode_func       1                25                   0
_clock_gen_CLK_SYS_en_latch_reg_07/mode_func       1                25                   0
_clock_gen_CLK_SYS_en_latch_reg_08/mode_func       1                25                   0
_clock_gen_CLK_SYS_en_latch_reg_09/mode_func       1                25                   0
_clock_gen_CLK_SYS_en_latch_reg_10/mode_func       1                25                   0
_clock_gen_CLK_SYS_en_latch_reg_11/mode_func       1                25                   0
_clock_gen_CLK_SYS_en_latch_reg_12/mode_func       1                25                   0
---------------------------------------------------------------------------------------------------

Skew Group Summary:
===================

------------------------------------------------------------------------------------------------------------------------------------------------------------------------------------------------
Timing Corner        Skew Group                                      ID Target    Min ID    Max ID    Avg ID    Std.Dev. ID    Skew Target Type    Skew Target    Skew     Skew window occupancy
------------------------------------------------------------------------------------------------------------------------------------------------------------------------------------------------
dc_ss:setup.early    CLK_SYS/mode_func                                   -        0.542     0.604     0.575        0.013       ignored                  -         0.062              -
                     CLK_TCK/mode_func                                   -        0.240     0.272     0.259        0.011       ignored                  -         0.032              -
                     _clock_gen_CLK_SYS_en_latch_reg_01/mode_func        -        0.328     0.378     0.372        0.011       ignored                  -         0.050              -
                     _clock_gen_CLK_SYS_en_latch_reg_02/mode_func        -        0.354     0.378     0.374        0.006       ignored                  -         0.024              -
                     _clock_gen_CLK_SYS_en_latch_reg_03/mode_func        -        0.223     0.236     0.230        0.009       ignored                  -         0.012              -
                     _clock_gen_CLK_SYS_en_latch_reg_04/mode_func        -        0.284     0.297     0.288        0.006       ignored                  -         0.013              -
                     _clock_gen_CLK_SYS_en_latch_reg_05/mode_func        -        0.354     0.378     0.374        0.007       ignored                  -         0.024              -
                     _clock_gen_CLK_SYS_en_latch_reg_06/mode_func        -        0.329     0.378     0.373        0.011       ignored                  -         0.049              -
                     _clock_gen_CLK_SYS_en_latch_reg_07/mode_func        -        0.354     0.378     0.374        0.007       ignored                  -         0.024              -
                     _clock_gen_CLK_SYS_en_latch_reg_08/mode_func        -        0.354     0.378     0.374        0.007       ignored                  -         0.024              -
                     _clock_gen_CLK_SYS_en_latch_reg_09/mode_func        -        0.354     0.378     0.374        0.007       ignored                  -         0.024              -
                     _clock_gen_CLK_SYS_en_latch_reg_10/mode_func        -        0.354     0.378     0.374        0.007       ignored                  -         0.024              -
                     _clock_gen_CLK_SYS_en_latch_reg_11/mode_func        -        0.354     0.378     0.374        0.007       ignored                  -         0.024              -
                     _clock_gen_CLK_SYS_en_latch_reg_12/mode_func        -        0.354     0.378     0.374        0.007       ignored                  -         0.024              -
dc_ss:setup.late     CLK_SYS/mode_func                               none         0.594     0.656     0.628        0.013       explicit            *0.050         0.062    97% {0.599, 0.649}
                     CLK_TCK/mode_func                               none         0.291     0.325     0.311        0.011       explicit             0.050         0.034    100% {0.291, 0.325}
                     _clock_gen_CLK_SYS_en_latch_reg_01/mode_func    none         0.378     0.429     0.423        0.012       explicit            *0.050         0.051    96% {0.404, 0.429}
                     _clock_gen_CLK_SYS_en_latch_reg_02/mode_func    none         0.404     0.429     0.425        0.007       explicit             0.050         0.024    100% {0.404, 0.429}
                     _clock_gen_CLK_SYS_en_latch_reg_03/mode_func    none         0.273     0.286     0.280        0.009       explicit             0.050         0.012    100% {0.273, 0.286}
                     _clock_gen_CLK_SYS_en_latch_reg_04/mode_func    none         0.336     0.347     0.339        0.006       explicit             0.050         0.011    100% {0.336, 0.347}
                     _clock_gen_CLK_SYS_en_latch_reg_05/mode_func    none         0.404     0.429     0.425        0.007       explicit             0.050         0.024    100% {0.404, 0.429}
                     _clock_gen_CLK_SYS_en_latch_reg_06/mode_func    none         0.379     0.429     0.424        0.012       explicit             0.050         0.050    100% {0.379, 0.429}
                     _clock_gen_CLK_SYS_en_latch_reg_07/mode_func    none         0.404     0.429     0.425        0.007       explicit             0.050         0.024    100% {0.404, 0.429}
                     _clock_gen_CLK_SYS_en_latch_reg_08/mode_func    none         0.404     0.429     0.425        0.007       explicit             0.050         0.024    100% {0.404, 0.429}
                     _clock_gen_CLK_SYS_en_latch_reg_09/mode_func    none         0.404     0.429     0.425        0.007       explicit             0.050         0.024    100% {0.404, 0.429}
                     _clock_gen_CLK_SYS_en_latch_reg_10/mode_func    none         0.404     0.429     0.425        0.007       explicit             0.050         0.024    100% {0.404, 0.429}
                     _clock_gen_CLK_SYS_en_latch_reg_11/mode_func    none         0.404     0.429     0.425        0.007       explicit             0.050         0.024    100% {0.404, 0.429}
                     _clock_gen_CLK_SYS_en_latch_reg_12/mode_func    none         0.404     0.429     0.425        0.007       explicit             0.050         0.024    100% {0.404, 0.429}
dc_tt:both.early     CLK_SYS/mode_func                                   -        0.409     0.455     0.434        0.009       ignored                  -         0.046              -
                     CLK_TCK/mode_func                                   -        0.204     0.227     0.218        0.008       ignored                  -         0.023              -
                     _clock_gen_CLK_SYS_en_latch_reg_01/mode_func        -        0.263     0.298     0.294        0.008       ignored                  -         0.035              -
                     _clock_gen_CLK_SYS_en_latch_reg_02/mode_func        -        0.281     0.298     0.295        0.005       ignored                  -         0.017              -
                     _clock_gen_CLK_SYS_en_latch_reg_03/mode_func        -        0.190     0.198     0.194        0.006       ignored                  -         0.008              -
                     _clock_gen_CLK_SYS_en_latch_reg_04/mode_func        -        0.232     0.241     0.234        0.004       ignored                  -         0.009              -
                     _clock_gen_CLK_SYS_en_latch_reg_05/mode_func        -        0.280     0.298     0.295        0.005       ignored                  -         0.017              -
                     _clock_gen_CLK_SYS_en_latch_reg_06/mode_func        -        0.263     0.298     0.294        0.008       ignored                  -         0.035              -
                     _clock_gen_CLK_SYS_en_latch_reg_07/mode_func        -        0.281     0.298     0.295        0.005       ignored                  -         0.017              -
                     _clock_gen_CLK_SYS_en_latch_reg_08/mode_func        -        0.280     0.298     0.295        0.005       ignored                  -         0.017              -
                     _clock_gen_CLK_SYS_en_latch_reg_09/mode_func        -        0.280     0.298     0.295        0.005       ignored                  -         0.017              -
                     _clock_gen_CLK_SYS_en_latch_reg_10/mode_func        -        0.280     0.298     0.295        0.005       ignored                  -         0.017              -
                     _clock_gen_CLK_SYS_en_latch_reg_11/mode_func        -        0.280     0.298     0.295        0.005       ignored                  -         0.017              -
                     _clock_gen_CLK_SYS_en_latch_reg_12/mode_func        -        0.280     0.298     0.295        0.005       ignored                  -         0.017              -
dc_tt:both.late      CLK_SYS/mode_func                                   -        0.460     0.506     0.486        0.009       ignored                  -         0.046              -
                     CLK_TCK/mode_func                                   -        0.255     0.279     0.270        0.008       ignored                  -         0.024              -
                     _clock_gen_CLK_SYS_en_latch_reg_01/mode_func        -        0.313     0.349     0.345        0.009       ignored                  -         0.036              -
                     _clock_gen_CLK_SYS_en_latch_reg_02/mode_func        -        0.331     0.349     0.346        0.005       ignored                  -         0.018              -
                     _clock_gen_CLK_SYS_en_latch_reg_03/mode_func        -        0.240     0.248     0.244        0.006       ignored                  -         0.008              -
                     _clock_gen_CLK_SYS_en_latch_reg_04/mode_func        -        0.282     0.291     0.285        0.004       ignored                  -         0.008              -
                     _clock_gen_CLK_SYS_en_latch_reg_05/mode_func        -        0.331     0.349     0.346        0.005       ignored                  -         0.018              -
                     _clock_gen_CLK_SYS_en_latch_reg_06/mode_func        -        0.313     0.349     0.345        0.008       ignored                  -         0.035              -
                     _clock_gen_CLK_SYS_en_latch_reg_07/mode_func        -        0.331     0.349     0.346        0.005       ignored                  -         0.018              -
                     _clock_gen_CLK_SYS_en_latch_reg_08/mode_func        -        0.331     0.349     0.346        0.005       ignored                  -         0.018              -
                     _clock_gen_CLK_SYS_en_latch_reg_09/mode_func        -        0.331     0.349     0.346        0.005       ignored                  -         0.018              -
                     _clock_gen_CLK_SYS_en_latch_reg_10/mode_func        -        0.331     0.349     0.346        0.005       ignored                  -         0.018              -
                     _clock_gen_CLK_SYS_en_latch_reg_11/mode_func        -        0.331     0.349     0.346        0.005       ignored                  -         0.018              -
                     _clock_gen_CLK_SYS_en_latch_reg_12/mode_func        -        0.331     0.349     0.346        0.005       ignored                  -         0.018              -
dc_ff:hold.early     CLK_SYS/mode_func                                   -        0.335     0.376     0.356        0.007       ignored                  -         0.041              -
                     CLK_TCK/mode_func                                   -        0.184     0.202     0.195        0.006       ignored                  -         0.018              -
                     _clock_gen_CLK_SYS_en_latch_reg_01/mode_func        -        0.226     0.253     0.250        0.006       ignored                  -         0.027              -
                     _clock_gen_CLK_SYS_en_latch_reg_02/mode_func        -        0.240     0.253     0.251        0.004       ignored                  -         0.013              -
                     _clock_gen_CLK_SYS_en_latch_reg_03/mode_func        -        0.172     0.177     0.174        0.003       ignored                  -         0.005              -
                     _clock_gen_CLK_SYS_en_latch_reg_04/mode_func        -        0.203     0.210     0.205        0.003       ignored                  -         0.008              -
                     _clock_gen_CLK_SYS_en_latch_reg_05/mode_func        -        0.240     0.253     0.251        0.004       ignored                  -         0.013              -
                     _clock_gen_CLK_SYS_en_latch_reg_06/mode_func        -        0.227     0.253     0.250        0.006       ignored                  -         0.026              -
                     _clock_gen_CLK_SYS_en_latch_reg_07/mode_func        -        0.240     0.253     0.251        0.004       ignored                  -         0.013              -
                     _clock_gen_CLK_SYS_en_latch_reg_08/mode_func        -        0.240     0.253     0.251        0.004       ignored                  -         0.013              -
                     _clock_gen_CLK_SYS_en_latch_reg_09/mode_func        -        0.240     0.253     0.251        0.004       ignored                  -         0.013              -
                     _clock_gen_CLK_SYS_en_latch_reg_10/mode_func        -        0.240     0.253     0.251        0.004       ignored                  -         0.013              -
                     _clock_gen_CLK_SYS_en_latch_reg_11/mode_func        -        0.240     0.253     0.251        0.004       ignored                  -         0.013              -
                     _clock_gen_CLK_SYS_en_latch_reg_12/mode_func        -        0.240     0.253     0.251        0.004       ignored                  -         0.013              -
dc_ff:hold.late      CLK_SYS/mode_func                                   -        0.386     0.428     0.408        0.007       ignored                  -         0.043              -
                     CLK_TCK/mode_func                                   -        0.235     0.255     0.247        0.006       ignored                  -         0.019              -
                     _clock_gen_CLK_SYS_en_latch_reg_01/mode_func        -        0.277     0.304     0.301        0.007       ignored                  -         0.028              -
                     _clock_gen_CLK_SYS_en_latch_reg_02/mode_func        -        0.291     0.304     0.302        0.004       ignored                  -         0.014              -
                     _clock_gen_CLK_SYS_en_latch_reg_03/mode_func        -        0.222     0.227     0.224        0.003       ignored                  -         0.005              -
                     _clock_gen_CLK_SYS_en_latch_reg_04/mode_func        -        0.254     0.261     0.256        0.003       ignored                  -         0.007              -
                     _clock_gen_CLK_SYS_en_latch_reg_05/mode_func        -        0.290     0.304     0.302        0.004       ignored                  -         0.014              -
                     _clock_gen_CLK_SYS_en_latch_reg_06/mode_func        -        0.277     0.304     0.301        0.006       ignored                  -         0.027              -
                     _clock_gen_CLK_SYS_en_latch_reg_07/mode_func        -        0.291     0.304     0.302        0.004       ignored                  -         0.014              -
                     _clock_gen_CLK_SYS_en_latch_reg_08/mode_func        -        0.291     0.304     0.302        0.004       ignored                  -         0.014              -
                     _clock_gen_CLK_SYS_en_latch_reg_09/mode_func        -        0.291     0.304     0.302        0.004       ignored                  -         0.014              -
                     _clock_gen_CLK_SYS_en_latch_reg_10/mode_func        -        0.291     0.304     0.302        0.004       ignored                  -         0.014              -
                     _clock_gen_CLK_SYS_en_latch_reg_11/mode_func        -        0.291     0.304     0.302        0.004       ignored                  -         0.014              -
                     _clock_gen_CLK_SYS_en_latch_reg_12/mode_func        -        0.291     0.304     0.302        0.004       ignored                  -         0.014              -
------------------------------------------------------------------------------------------------------------------------------------------------------------------------------------------------

* - indicates that target was not met.

Skew Group Min/Max path pins:
=============================

-------------------------------------------------------------------------------------------------------------------------
Timing Corner        Skew Group                                      Min ID    PathID    Max ID    PathID
-------------------------------------------------------------------------------------------------------------------------
dc_ss:setup.early    CLK_SYS/mode_func                               0.542        1      0.604        2
-    min u_axi_apb_dma_u_dma_engine/gen_ch[2].u_ch_wr_addr_reg[29]/CLK
-    max u_axi_apb_dma_u_dma_engine/ch_src_reg[1][1]/CLK
                     CLK_TCK/mode_func                               0.240       13      0.272       14
-    min u_jtag_dtm/ir_reg[4]/CLK
-    max u_jtag_dtm/tdo_reg/CLK
                     _clock_gen_CLK_SYS_en_latch_reg_01/mode_func    0.328       25      0.378       26
-    min cg_ascon/en_latch_reg/CLK
-    max u_axi_to_apb_m_apb_paddr_reg[30]/CLK
                     _clock_gen_CLK_SYS_en_latch_reg_02/mode_func    0.354       37      0.378       38
-    min u_apb_syscon/clk_gate_reg_reg[5]/CLK
-    max u_axi_to_apb_m_apb_paddr_reg[30]/CLK
                     _clock_gen_CLK_SYS_en_latch_reg_03/mode_func    0.223       49      0.236       50
-    min cg_cpu/en_latch_reg/CLK
-    max u_apb_syscon/cpu_sleep_state_reg/CLK
                     _clock_gen_CLK_SYS_en_latch_reg_04/mode_func    0.284       61      0.297       62
-    min dbg_clk_hold_reg[0]/CLK
-    max cg_dbg/en_latch_reg/CLK
                     _clock_gen_CLK_SYS_en_latch_reg_05/mode_func    0.354       73      0.378       74
-    min u_apb_syscon/clk_gate_reg_reg[4]/CLK
-    max u_axi_to_apb_m_apb_paddr_reg[30]/CLK
                     _clock_gen_CLK_SYS_en_latch_reg_06/mode_func    0.329       85      0.378       86
-    min cg_i2c/en_latch_reg/CLK
-    max u_axi_to_apb_m_apb_paddr_reg[30]/CLK
                     _clock_gen_CLK_SYS_en_latch_reg_07/mode_func    0.354       97      0.378       98
-    min u_apb_syscon/clk_gate_reg_reg[0]/CLK
-    max u_axi_to_apb_m_apb_paddr_reg[30]/CLK
                     _clock_gen_CLK_SYS_en_latch_reg_08/mode_func    0.354      109      0.378      110
-    min u_apb_syscon/clk_gate_reg_reg[2]/CLK
-    max u_axi_to_apb_m_apb_paddr_reg[30]/CLK
                     _clock_gen_CLK_SYS_en_latch_reg_09/mode_func    0.354      121      0.378      122
-    min u_apb_syscon/clk_gate_reg_reg[9]/CLK
-    max u_axi_to_apb_m_apb_paddr_reg[30]/CLK
                     _clock_gen_CLK_SYS_en_latch_reg_10/mode_func    0.354      133      0.378      134
-    min u_apb_syscon/clk_gate_reg_reg[10]/CLK
-    max u_axi_to_apb_m_apb_paddr_reg[30]/CLK
                     _clock_gen_CLK_SYS_en_latch_reg_11/mode_func    0.354      145      0.378      146
-    min u_apb_syscon/clk_gate_reg_reg[1]/CLK
-    max u_axi_to_apb_m_apb_paddr_reg[30]/CLK
                     _clock_gen_CLK_SYS_en_latch_reg_12/mode_func    0.354      157      0.378      158
-    min u_apb_syscon/clk_gate_reg_reg[8]/CLK
-    max u_axi_to_apb_m_apb_paddr_reg[30]/CLK
dc_ss:setup.late     CLK_SYS/mode_func                               0.594        3      0.656        4
-    min u_axi_interconnect/SA_GEN[4].genblk1.slave_arbitration_AR_channel_MST_FIFO[1].fifo_Ax_channel_mem_reg[0][47]/CLK
-    max u_apb_ascon_u_ascon/state_reg[106]/CLK
                     CLK_TCK/mode_func                               0.291       15      0.325       16
-    min u_jtag_dtm/ir_reg[2]/CLK
-    max u_jtag_dtm/tdo_reg/CLK
                     _clock_gen_CLK_SYS_en_latch_reg_01/mode_func    0.378       27      0.429       28
-    min cg_ascon/en_latch_reg/CLK
-    max u_axi_to_apb_m_apb_paddr_reg[30]/CLK
                     _clock_gen_CLK_SYS_en_latch_reg_02/mode_func    0.404       39      0.429       40
-    min u_apb_syscon/clk_gate_reg_reg[5]/CLK
-    max u_axi_to_apb_m_apb_paddr_reg[30]/CLK
                     _clock_gen_CLK_SYS_en_latch_reg_03/mode_func    0.273       51      0.286       52
-    min cg_cpu/en_latch_reg/CLK
-    max u_apb_syscon/cpu_sleep_state_reg/CLK
                     _clock_gen_CLK_SYS_en_latch_reg_04/mode_func    0.336       63      0.347       64
-    min dbg_clk_hold_reg[1]/CLK
-    max cg_dbg/en_latch_reg/CLK
                     _clock_gen_CLK_SYS_en_latch_reg_05/mode_func    0.404       75      0.429       76
-    min u_apb_syscon/clk_gate_reg_reg[4]/CLK
-    max u_axi_to_apb_m_apb_paddr_reg[30]/CLK
                     _clock_gen_CLK_SYS_en_latch_reg_06/mode_func    0.379       87      0.429       88
-    min cg_i2c/en_latch_reg/CLK
-    max u_axi_to_apb_m_apb_paddr_reg[30]/CLK
                     _clock_gen_CLK_SYS_en_latch_reg_07/mode_func    0.404       99      0.429      100
-    min u_apb_syscon/clk_gate_reg_reg[0]/CLK
-    max u_axi_to_apb_m_apb_paddr_reg[30]/CLK
                     _clock_gen_CLK_SYS_en_latch_reg_08/mode_func    0.404      111      0.429      112
-    min u_apb_syscon/clk_gate_reg_reg[2]/CLK
-    max u_axi_to_apb_m_apb_paddr_reg[30]/CLK
                     _clock_gen_CLK_SYS_en_latch_reg_09/mode_func    0.404      123      0.429      124
-    min u_apb_syscon/clk_gate_reg_reg[9]/CLK
-    max u_axi_to_apb_m_apb_paddr_reg[30]/CLK
                     _clock_gen_CLK_SYS_en_latch_reg_10/mode_func    0.404      135      0.429      136
-    min u_apb_syscon/clk_gate_reg_reg[10]/CLK
-    max u_axi_to_apb_m_apb_paddr_reg[30]/CLK
                     _clock_gen_CLK_SYS_en_latch_reg_11/mode_func    0.404      147      0.429      148
-    min u_apb_syscon/clk_gate_reg_reg[1]/CLK
-    max u_axi_to_apb_m_apb_paddr_reg[30]/CLK
                     _clock_gen_CLK_SYS_en_latch_reg_12/mode_func    0.404      159      0.429      160
-    min u_apb_syscon/clk_gate_reg_reg[8]/CLK
-    max u_axi_to_apb_m_apb_paddr_reg[30]/CLK
dc_tt:both.early     CLK_SYS/mode_func                               0.409        5      0.455        6
-    min u_debug_module/axi_wdata_reg[11]/CLK
-    max u_axi_apb_dma_u_dma_engine/ch_src_reg[1][0]/CLK
                     CLK_TCK/mode_func                               0.204       17      0.227       18
-    min u_jtag_dtm/ir_reg[4]/CLK
-    max u_jtag_dtm/tdo_reg/CLK
                     _clock_gen_CLK_SYS_en_latch_reg_01/mode_func    0.263       29      0.298       30
-    min cg_ascon/en_latch_reg/CLK
-    max u_axi_to_apb_m_apb_paddr_reg[29]/CLK
                     _clock_gen_CLK_SYS_en_latch_reg_02/mode_func    0.281       41      0.298       42
-    min u_apb_syscon/clk_gate_reg_reg[5]/CLK
-    max u_axi_to_apb_m_apb_paddr_reg[29]/CLK
                     _clock_gen_CLK_SYS_en_latch_reg_03/mode_func    0.190       53      0.198       54
-    min cg_cpu/en_latch_reg/CLK
-    max u_apb_syscon/cpu_sleep_state_reg/CLK
                     _clock_gen_CLK_SYS_en_latch_reg_04/mode_func    0.232       65      0.241       66
-    min dbg_clk_hold_reg[0]/CLK
-    max cg_dbg/en_latch_reg/CLK
                     _clock_gen_CLK_SYS_en_latch_reg_05/mode_func    0.280       77      0.298       78
-    min u_apb_syscon/clk_gate_reg_reg[4]/CLK
-    max u_axi_to_apb_m_apb_paddr_reg[29]/CLK
                     _clock_gen_CLK_SYS_en_latch_reg_06/mode_func    0.263       89      0.298       90
-    min cg_i2c/en_latch_reg/CLK
-    max u_axi_to_apb_m_apb_paddr_reg[29]/CLK
                     _clock_gen_CLK_SYS_en_latch_reg_07/mode_func    0.281      101      0.298      102
-    min u_apb_syscon/clk_gate_reg_reg[0]/CLK
-    max u_axi_to_apb_m_apb_paddr_reg[29]/CLK
                     _clock_gen_CLK_SYS_en_latch_reg_08/mode_func    0.280      113      0.298      114
-    min u_apb_syscon/clk_gate_reg_reg[2]/CLK
-    max u_axi_to_apb_m_apb_paddr_reg[29]/CLK
                     _clock_gen_CLK_SYS_en_latch_reg_09/mode_func    0.280      125      0.298      126
-    min u_apb_syscon/clk_gate_reg_reg[9]/CLK
-    max u_axi_to_apb_m_apb_paddr_reg[29]/CLK
                     _clock_gen_CLK_SYS_en_latch_reg_10/mode_func    0.280      137      0.298      138
-    min u_apb_syscon/clk_gate_reg_reg[10]/CLK
-    max u_axi_to_apb_m_apb_paddr_reg[29]/CLK
                     _clock_gen_CLK_SYS_en_latch_reg_11/mode_func    0.280      149      0.298      150
-    min u_apb_syscon/clk_gate_reg_reg[1]/CLK
-    max u_axi_to_apb_m_apb_paddr_reg[29]/CLK
                     _clock_gen_CLK_SYS_en_latch_reg_12/mode_func    0.280      161      0.298      162
-    min u_apb_syscon/clk_gate_reg_reg[8]/CLK
-    max u_axi_to_apb_m_apb_paddr_reg[29]/CLK
dc_tt:both.late      CLK_SYS/mode_func                               0.460        7      0.506        8
-    min u_debug_module/axi_wdata_reg[11]/CLK
-    max u_axi_apb_dma_u_dma_engine/ch_src_reg[1][0]/CLK
                     CLK_TCK/mode_func                               0.255       19      0.279       20
-    min u_jtag_dtm/ir_reg[4]/CLK
-    max u_jtag_dtm/dmi_req_data_reg[17]/CLK
                     _clock_gen_CLK_SYS_en_latch_reg_01/mode_func    0.313       31      0.349       32
-    min cg_ascon/en_latch_reg/CLK
-    max u_axi_to_apb_m_apb_paddr_reg[30]/CLK
                     _clock_gen_CLK_SYS_en_latch_reg_02/mode_func    0.331       43      0.349       44
-    min u_apb_syscon/clk_gate_reg_reg[5]/CLK
-    max u_axi_to_apb_m_apb_paddr_reg[30]/CLK
                     _clock_gen_CLK_SYS_en_latch_reg_03/mode_func    0.240       55      0.248       56
-    min cg_cpu/en_latch_reg/CLK
-    max u_apb_syscon/cpu_sleep_state_reg/CLK
                     _clock_gen_CLK_SYS_en_latch_reg_04/mode_func    0.282       67      0.291       68
-    min dbg_clk_hold_reg[0]/CLK
-    max cg_dbg/en_latch_reg/CLK
                     _clock_gen_CLK_SYS_en_latch_reg_05/mode_func    0.331       79      0.349       80
-    min u_apb_syscon/clk_gate_reg_reg[4]/CLK
-    max u_axi_to_apb_m_apb_paddr_reg[30]/CLK
                     _clock_gen_CLK_SYS_en_latch_reg_06/mode_func    0.313       91      0.349       92
-    min cg_i2c/en_latch_reg/CLK
-    max u_axi_to_apb_m_apb_paddr_reg[30]/CLK
                     _clock_gen_CLK_SYS_en_latch_reg_07/mode_func    0.331      103      0.349      104
-    min u_apb_syscon/clk_gate_reg_reg[0]/CLK
-    max u_axi_to_apb_m_apb_paddr_reg[30]/CLK
                     _clock_gen_CLK_SYS_en_latch_reg_08/mode_func    0.331      115      0.349      116
-    min u_apb_syscon/clk_gate_reg_reg[2]/CLK
-    max u_axi_to_apb_m_apb_paddr_reg[30]/CLK
                     _clock_gen_CLK_SYS_en_latch_reg_09/mode_func    0.331      127      0.349      128
-    min u_apb_syscon/clk_gate_reg_reg[9]/CLK
-    max u_axi_to_apb_m_apb_paddr_reg[30]/CLK
                     _clock_gen_CLK_SYS_en_latch_reg_10/mode_func    0.331      139      0.349      140
-    min u_apb_syscon/clk_gate_reg_reg[10]/CLK
-    max u_axi_to_apb_m_apb_paddr_reg[30]/CLK
                     _clock_gen_CLK_SYS_en_latch_reg_11/mode_func    0.331      151      0.349      152
-    min u_apb_syscon/clk_gate_reg_reg[1]/CLK
-    max u_axi_to_apb_m_apb_paddr_reg[30]/CLK
                     _clock_gen_CLK_SYS_en_latch_reg_12/mode_func    0.331      163      0.349      164
-    min u_apb_syscon/clk_gate_reg_reg[8]/CLK
-    max u_axi_to_apb_m_apb_paddr_reg[30]/CLK
dc_ff:hold.early     CLK_SYS/mode_func                               0.335        9      0.376       10
-    min u_debug_module/axi_wdata_reg[11]/CLK
-    max u_tim0_prdata_reg[25]/CLK
                     CLK_TCK/mode_func                               0.184       21      0.202       22
-    min u_jtag_dtm/ir_shift_reg[2]/CLK
-    max u_jtag_dtm/dmi_req_data_reg[24]/CLK
                     _clock_gen_CLK_SYS_en_latch_reg_01/mode_func    0.226       33      0.253       34
-    min cg_ascon/en_latch_reg/CLK
-    max u_axi_to_apb_m_apb_paddr_reg[29]/CLK
                     _clock_gen_CLK_SYS_en_latch_reg_02/mode_func    0.240       45      0.253       46
-    min u_apb_syscon/clk_gate_reg_reg[5]/CLK
-    max u_axi_to_apb_m_apb_paddr_reg[29]/CLK
                     _clock_gen_CLK_SYS_en_latch_reg_03/mode_func    0.172       57      0.177       58
-    min cg_cpu/en_latch_reg/CLK
-    max u_apb_syscon/cpu_sleep_state_reg/CLK
                     _clock_gen_CLK_SYS_en_latch_reg_04/mode_func    0.203       69      0.210       70
-    min dbg_clk_hold_reg[0]/CLK
-    max cg_dbg/en_latch_reg/CLK
                     _clock_gen_CLK_SYS_en_latch_reg_05/mode_func    0.240       81      0.253       82
-    min u_apb_syscon/clk_gate_reg_reg[4]/CLK
-    max u_axi_to_apb_m_apb_paddr_reg[29]/CLK
                     _clock_gen_CLK_SYS_en_latch_reg_06/mode_func    0.227       93      0.253       94
-    min cg_i2c/en_latch_reg/CLK
-    max u_axi_to_apb_m_apb_paddr_reg[29]/CLK
                     _clock_gen_CLK_SYS_en_latch_reg_07/mode_func    0.240      105      0.253      106
-    min u_apb_syscon/clk_gate_reg_reg[0]/CLK
-    max u_axi_to_apb_m_apb_paddr_reg[29]/CLK
                     _clock_gen_CLK_SYS_en_latch_reg_08/mode_func    0.240      117      0.253      118
-    min u_apb_syscon/clk_gate_reg_reg[2]/CLK
-    max u_axi_to_apb_m_apb_paddr_reg[29]/CLK
                     _clock_gen_CLK_SYS_en_latch_reg_09/mode_func    0.240      129      0.253      130
-    min u_apb_syscon/clk_gate_reg_reg[9]/CLK
-    max u_axi_to_apb_m_apb_paddr_reg[29]/CLK
                     _clock_gen_CLK_SYS_en_latch_reg_10/mode_func    0.240      141      0.253      142
-    min u_apb_syscon/clk_gate_reg_reg[10]/CLK
-    max u_axi_to_apb_m_apb_paddr_reg[29]/CLK
                     _clock_gen_CLK_SYS_en_latch_reg_11/mode_func    0.240      153      0.253      154
-    min u_apb_syscon/clk_gate_reg_reg[1]/CLK
-    max u_axi_to_apb_m_apb_paddr_reg[29]/CLK
                     _clock_gen_CLK_SYS_en_latch_reg_12/mode_func    0.240      165      0.253      166
-    min u_apb_syscon/clk_gate_reg_reg[8]/CLK
-    max u_axi_to_apb_m_apb_paddr_reg[29]/CLK
dc_ff:hold.late      CLK_SYS/mode_func                               0.386       11      0.428       12
-    min u_debug_module/axi_wdata_reg[11]/CLK
-    max u_tim0_prdata_reg[25]/CLK
                     CLK_TCK/mode_func                               0.235       23      0.255       24
-    min u_jtag_dtm/ir_shift_reg[2]/CLK
-    max u_jtag_dtm/dmi_req_data_reg[24]/CLK
                     _clock_gen_CLK_SYS_en_latch_reg_01/mode_func    0.277       35      0.304       36
-    min cg_ascon/en_latch_reg/CLK
-    max u_axi_to_apb_m_apb_paddr_reg[30]/CLK
                     _clock_gen_CLK_SYS_en_latch_reg_02/mode_func    0.291       47      0.304       48
-    min u_apb_syscon/clk_gate_reg_reg[5]/CLK
-    max u_axi_to_apb_m_apb_paddr_reg[30]/CLK
                     _clock_gen_CLK_SYS_en_latch_reg_03/mode_func    0.222       59      0.227       60
-    min cg_cpu/en_latch_reg/CLK
-    max u_apb_syscon/cpu_sleep_state_reg/CLK
                     _clock_gen_CLK_SYS_en_latch_reg_04/mode_func    0.254       71      0.261       72
-    min dbg_clk_hold_reg[0]/CLK
-    max cg_dbg/en_latch_reg/CLK
                     _clock_gen_CLK_SYS_en_latch_reg_05/mode_func    0.290       83      0.304       84
-    min u_apb_syscon/clk_gate_reg_reg[4]/CLK
-    max u_axi_to_apb_m_apb_paddr_reg[30]/CLK
                     _clock_gen_CLK_SYS_en_latch_reg_06/mode_func    0.277       95      0.304       96
-    min cg_i2c/en_latch_reg/CLK
-    max u_axi_to_apb_m_apb_paddr_reg[30]/CLK
                     _clock_gen_CLK_SYS_en_latch_reg_07/mode_func    0.291      107      0.304      108
-    min u_apb_syscon/clk_gate_reg_reg[0]/CLK
-    max u_axi_to_apb_m_apb_paddr_reg[30]/CLK
                     _clock_gen_CLK_SYS_en_latch_reg_08/mode_func    0.291      119      0.304      120
-    min u_apb_syscon/clk_gate_reg_reg[2]/CLK
-    max u_axi_to_apb_m_apb_paddr_reg[30]/CLK
                     _clock_gen_CLK_SYS_en_latch_reg_09/mode_func    0.291      131      0.304      132
-    min u_apb_syscon/clk_gate_reg_reg[9]/CLK
-    max u_axi_to_apb_m_apb_paddr_reg[30]/CLK
                     _clock_gen_CLK_SYS_en_latch_reg_10/mode_func    0.291      143      0.304      144
-    min u_apb_syscon/clk_gate_reg_reg[10]/CLK
-    max u_axi_to_apb_m_apb_paddr_reg[30]/CLK
                     _clock_gen_CLK_SYS_en_latch_reg_11/mode_func    0.291      155      0.304      156
-    min u_apb_syscon/clk_gate_reg_reg[1]/CLK
-    max u_axi_to_apb_m_apb_paddr_reg[30]/CLK
                     _clock_gen_CLK_SYS_en_latch_reg_12/mode_func    0.291      167      0.304      168
-    min u_apb_syscon/clk_gate_reg_reg[8]/CLK
-    max u_axi_to_apb_m_apb_paddr_reg[30]/CLK
-------------------------------------------------------------------------------------------------------------------------

Timing for timing corner dc_ss:setup.early, min clock_path:
===========================================================

PathID    : 1
Path type : skew group CLK_SYS/mode_func (path 1 of 1)
Start     : clk
End       : u_axi_apb_dma_u_dma_engine/gen_ch[2].u_ch_wr_addr_reg[29]/CLK
Delay     : 0.542

---------------------------------------------------------------------------------------------------------------
Name  Lib cell                 Event  Incr   Arrival  Slew   Cap    Location           Distance  Fanout  Status
                                      (ns)   (ns)     (ns)   (pF)                      (um)              
-- Clockpath trace --------------------------------------------------------------------------------------------
clk
-     -                        rise   -       0.100   0.004  0.019  (139.684,0.000)    -            2    
CTS_ccl_buf_01624/A
-     BUFx12f_ASAP7_75t_R      rise   0.015   0.115   0.038  -      (193.950,103.779)  158.045   -       
CTS_ccl_buf_01624/Y
-     BUFx12f_ASAP7_75t_R      rise   0.033   0.147   0.017  0.008  (194.238,103.779)    0.288      2    
CTS_ccl_buf_01623/A
-     BUFx10_ASAP7_75t_R       rise   0.003   0.150   0.019  -      (217.800,123.669)   43.452   -       
CTS_ccl_buf_01623/Y
-     BUFx10_ASAP7_75t_R       rise   0.037   0.188   0.032  0.014  (217.620,123.669)    0.180      3    
CTS_ccl_buf_01621/A
-     BUFx10_ASAP7_75t_R       rise   0.004   0.191   0.035  -      (218.340,143.649)   20.700   -       
CTS_ccl_buf_01621/Y
-     BUFx10_ASAP7_75t_R       rise   0.043   0.234   0.031  0.014  (218.160,143.649)    0.180      2    
CTS_ccl_a_buf_01617/A
-     BUFx12f_ASAP7_75t_R      rise   0.005   0.240   0.035  -      (211.374,206.829)   69.966   -       
CTS_ccl_a_buf_01617/Y
-     BUFx12f_ASAP7_75t_R      rise   0.032   0.272   0.021  0.010  (211.086,206.829)    0.288      1    
CTS_ccl_buf_01614/A
-     BUFx12f_ASAP7_75t_R      rise   0.006   0.278   0.026  -      (174.114,246.249)   76.392   -       
CTS_ccl_buf_01614/Y
-     BUFx12f_ASAP7_75t_R      rise   0.026   0.304   0.010  0.003  (173.826,246.249)    0.288      2    
CTS_ccl_buf_01611/A
-     BUFx10_ASAP7_75t_R       rise   0.000   0.304   0.010  -      (173.430,246.879)    1.026   -       
CTS_ccl_buf_01611/Y
-     BUFx10_ASAP7_75t_R       rise   0.030   0.335   0.021  0.008  (173.610,246.879)    0.180      1    
CTS_ccl_buf_01607/A
-     BUFx12_ASAP7_75t_R       rise   0.004   0.339   0.023  -      (233.910,252.819)   66.240   -       
CTS_ccl_buf_01607/Y
-     BUFx12_ASAP7_75t_R       rise   0.040   0.379   0.025  0.011  (234.090,252.819)    0.180      4    
CTS_ccl_buf_01601/A
-     BUFx10_ASAP7_75t_R       rise   0.001   0.380   0.025  -      (239.310,268.929)   21.330   -       
CTS_ccl_buf_01601/Y
-     BUFx10_ASAP7_75t_R       rise   0.039   0.419   0.030  0.013  (239.490,268.929)    0.180      7    
CTS_ccl_a_buf_01558/A
-     BUFx8_ASAP7_75t_R        rise   0.001   0.421   0.031  -      (240.930,271.719)    4.230   -       
CTS_ccl_a_buf_01558/Y
-     BUFx8_ASAP7_75t_R        rise   0.046   0.466   0.033  0.012  (241.110,271.719)    0.180      6    
CTS_ccl_a_buf_01460/A
-     BUFx24_ASAP7_75t_R       rise   0.003   0.470   0.035  -      (242.334,244.179)   28.764   -       
CTS_ccl_a_buf_01460/Y
-     BUFx24_ASAP7_75t_R       rise   0.043   0.512   0.026  0.016  (242.622,244.179)    0.288      5    
u_axi_apb_dma_u_dma_engine/gen_ch[2].u_ch_cg_icg__RC_CG_HIER_INST368/RC_CGIC_INST/CLK
-     ICGx8DC_ASAP7_75t_L      rise   0.002   0.514   0.028  -      (252.918,244.827)   10.944   -       
u_axi_apb_dma_u_dma_engine/gen_ch[2].u_ch_cg_icg__RC_CG_HIER_INST368/RC_CGIC_INST/GCLK
-     ICGx8DC_ASAP7_75t_L      rise   0.027   0.541   0.032  0.019  (252.738,244.719)    0.288     32    
u_axi_apb_dma_u_dma_engine/gen_ch[2].u_ch_wr_addr_reg[29]/CLK
-     DFFASRHQNx1_ASAP7_75t_R  rise   0.001   0.542   0.032  -      (254.196,244.215)    1.962   -       
---------------------------------------------------------------------------------------------------------------

Timing for timing corner dc_ss:setup.early, max clock_path:
===========================================================

PathID    : 2
Path type : skew group CLK_SYS/mode_func (path 1 of 1)
Start     : clk
End       : u_axi_apb_dma_u_dma_engine/ch_src_reg[1][1]/CLK
Delay     : 0.604

---------------------------------------------------------------------------------------------------------------
Name  Lib cell                 Event  Incr   Arrival  Slew   Cap    Location           Distance  Fanout  Status
                                      (ns)   (ns)     (ns)   (pF)                      (um)              
-- Clockpath trace --------------------------------------------------------------------------------------------
clk
-     -                        rise   -       0.100   0.004  0.019  (139.684,0.000)    -           2     
CTS_ccl_buf_01624/A
-     BUFx12f_ASAP7_75t_R      rise   0.015   0.115   0.038  -      (193.950,103.779)  158.045   -       
CTS_ccl_buf_01624/Y
-     BUFx12f_ASAP7_75t_R      rise   0.033   0.147   0.017  0.008  (194.238,103.779)    0.288     2     
CTS_ccl_buf_01623/A
-     BUFx10_ASAP7_75t_R       rise   0.003   0.150   0.019  -      (217.800,123.669)   43.452   -       
CTS_ccl_buf_01623/Y
-     BUFx10_ASAP7_75t_R       rise   0.037   0.188   0.032  0.014  (217.620,123.669)    0.180     3     
CTS_ccl_buf_01621/A
-     BUFx10_ASAP7_75t_R       rise   0.004   0.191   0.035  -      (218.340,143.649)   20.700   -       
CTS_ccl_buf_01621/Y
-     BUFx10_ASAP7_75t_R       rise   0.043   0.234   0.031  0.014  (218.160,143.649)    0.180     2     
CTS_ccl_a_buf_01617/A
-     BUFx12f_ASAP7_75t_R      rise   0.005   0.240   0.035  -      (211.374,206.829)   69.966   -       
CTS_ccl_a_buf_01617/Y
-     BUFx12f_ASAP7_75t_R      rise   0.032   0.272   0.021  0.010  (211.086,206.829)    0.288     1     
CTS_ccl_buf_01614/A
-     BUFx12f_ASAP7_75t_R      rise   0.006   0.278   0.026  -      (174.114,246.249)   76.392   -       
CTS_ccl_buf_01614/Y
-     BUFx12f_ASAP7_75t_R      rise   0.026   0.304   0.010  0.003  (173.826,246.249)    0.288     2     
CTS_ccl_buf_01611/A
-     BUFx10_ASAP7_75t_R       rise   0.000   0.304   0.010  -      (173.430,246.879)    1.026   -       
CTS_ccl_buf_01611/Y
-     BUFx10_ASAP7_75t_R       rise   0.030   0.335   0.021  0.008  (173.610,246.879)    0.180     1     
CTS_ccl_buf_01607/A
-     BUFx12_ASAP7_75t_R       rise   0.004   0.339   0.023  -      (233.910,252.819)   66.240   -       
CTS_ccl_buf_01607/Y
-     BUFx12_ASAP7_75t_R       rise   0.040   0.379   0.025  0.011  (234.090,252.819)    0.180     4     
CTS_ccl_buf_01594/A
-     BUFx8_ASAP7_75t_R        rise   0.001   0.380   0.025  -      (228.834,230.679)   27.396   -       
CTS_ccl_buf_01594/Y
-     BUFx8_ASAP7_75t_R        rise   0.037   0.417   0.019  0.004  (229.014,230.679)    0.180     1     
CTS_cdb_buf_05266/A
-     BUFx12f_ASAP7_75t_R      rise   0.001   0.418   0.019  -      (223.974,238.779)   13.140   -       
CTS_cdb_buf_05266/Y
-     BUFx12f_ASAP7_75t_R      rise   0.028   0.446   0.019  0.010  (224.262,238.779)    0.288     3     
CTS_ccl_a_buf_01557/A
-     BUFx8_ASAP7_75t_R        rise   0.001   0.447   0.019  -      (226.926,233.289)    8.154   -       
CTS_ccl_a_buf_01557/Y
-     BUFx8_ASAP7_75t_R        rise   0.041   0.488   0.034  0.013  (226.746,233.289)    0.180     8     
u_axi_apb_dma_u_dma_engine/CTS_ccl_a_buf_01221/A
-     BUFx12_ASAP7_75t_R       rise   0.002   0.490   0.035  -      (231.570,227.349)   10.764   -       
u_axi_apb_dma_u_dma_engine/CTS_ccl_a_buf_01221/Y
-     BUFx12_ASAP7_75t_R       rise   0.042   0.532   0.023  0.011  (231.390,227.349)    0.180     3     
u_axi_apb_dma_u_dma_engine/cg_icg__RC_CG_HIER_INST388/RC_CGIC_INST/CLK
-     ICGx1_ASAP7_75t_L        rise   0.001   0.533   0.023  -      (229.320,225.927)    3.492   -       
u_axi_apb_dma_u_dma_engine/cg_icg__RC_CG_HIER_INST388/RC_CGIC_INST/GCLK
-     ICGx1_ASAP7_75t_L        rise   0.024   0.557   0.029  0.002  (230.004,225.819)    0.792     2     
u_axi_apb_dma_u_dma_engine/CTS_cpc_drv_buf_05410/A
-     BUFx4_ASAP7_75t_R        rise   0.000   0.558   0.029  -      (232.434,227.313)    3.924   -       
u_axi_apb_dma_u_dma_engine/CTS_cpc_drv_buf_05410/Y
-     BUFx4_ASAP7_75t_R        rise   0.046   0.603   0.029  0.005  (232.290,227.349)    0.180     9     
u_axi_apb_dma_u_dma_engine/ch_src_reg[1][1]/CLK
-     DFFASRHQNx1_ASAP7_75t_R  rise   0.001   0.604   0.029  -      (233.946,229.635)    3.942   -       
---------------------------------------------------------------------------------------------------------------

Timing for timing corner dc_ss:setup.late, min clock_path:
==========================================================

PathID    : 3
Path type : skew group CLK_SYS/mode_func (path 1 of 1)
Start     : clk
End       : u_axi_interconnect/SA_GEN[4].genblk1.slave_arbitration_AR_channel_MST_FIFO[1].fifo_Ax_channel_mem_reg[0][47]/CLK
Delay     : 0.594

-------------------------------------------------------------------------------------------------------------------------------------------
Name  Lib cell              Event  Incr   Arrival  Slew   Cap    Location           Distance  Fanout  Status
                                   (ns)   (ns)     (ns)   (pF)                      (um)              
-- Clockpath trace ------------------------------------------------------------------------------------------------------------------------
clk
-     -                     rise   -       0.150   0.004  0.019  (139.684,0.000)    -            2    
CTS_ccl_buf_01624/A
-     BUFx12f_ASAP7_75t_R   rise   0.015   0.165   0.038  -      (193.950,103.779)  158.045   -       
CTS_ccl_buf_01624/Y
-     BUFx12f_ASAP7_75t_R   rise   0.033   0.198   0.017  0.008  (194.238,103.779)    0.288      2    
CTS_ccl_buf_01623/A
-     BUFx10_ASAP7_75t_R    rise   0.003   0.200   0.019  -      (217.800,123.669)   43.452   -       
CTS_ccl_buf_01623/Y
-     BUFx10_ASAP7_75t_R    rise   0.037   0.237   0.032  0.014  (217.620,123.669)    0.180      3    
CTS_ccl_buf_01621/A
-     BUFx10_ASAP7_75t_R    rise   0.004   0.241   0.035  -      (218.340,143.649)   20.700   -       
CTS_ccl_buf_01621/Y
-     BUFx10_ASAP7_75t_R    rise   0.043   0.284   0.031  0.014  (218.160,143.649)    0.180      2    
CTS_ccl_a_buf_01618/A
-     BUFx12f_ASAP7_75t_R   rise   0.002   0.286   0.032  -      (236.988,142.119)   20.358   -       
CTS_ccl_a_buf_01618/Y
-     BUFx12f_ASAP7_75t_R   rise   0.032   0.318   0.021  0.010  (237.276,142.119)    0.288      1    
CTS_ccl_buf_01615/A
-     BUFx12f_ASAP7_75t_R   rise   0.006   0.324   0.027  -      (305.226,138.789)   71.280   -       
CTS_ccl_buf_01615/Y
-     BUFx12f_ASAP7_75t_R   rise   0.033   0.357   0.025  0.014  (304.938,138.789)    0.288      3    
CTS_ccl_buf_01609/A
-     BUFx24_ASAP7_75t_R    rise   0.003   0.360   0.027  -      (304.110,178.839)   40.878   -       
CTS_ccl_buf_01609/Y
-     BUFx24_ASAP7_75t_R    rise   0.042   0.401   0.030  0.021  (304.398,178.839)    0.288      7    
CTS_cdb_buf_04813/A
-     BUFx4_ASAP7_75t_R     rise   0.003   0.404   0.031  -      (269.640,179.253)   35.172   -       
CTS_cdb_buf_04813/Y
-     BUFx4_ASAP7_75t_R     rise   0.043   0.447   0.020  0.003  (269.496,179.289)    0.180      1    
CTS_ccl_buf_01579/A
-     BUFx10_ASAP7_75t_R    rise   0.000   0.447   0.020  -      (267.768,190.179)   12.618   -       
CTS_ccl_buf_01579/Y
-     BUFx10_ASAP7_75t_R    rise   0.038   0.485   0.033  0.015  (267.948,190.179)    0.180      7    
CTS_ccl_a_buf_01529/A
-     BUFx10_ASAP7_75t_R    rise   0.003   0.488   0.034  -      (254.862,190.179)   13.086   -       
CTS_ccl_a_buf_01529/Y
-     BUFx10_ASAP7_75t_R    rise   0.038   0.526   0.017  0.006  (255.042,190.179)    0.180      4    
CTS_ccl_a_buf_01361/A
-     BUFx12_ASAP7_75t_R    rise   0.001   0.527   0.018  -      (255.078,184.779)    5.436   -       
CTS_ccl_a_buf_01361/Y
-     BUFx12_ASAP7_75t_R    rise   0.039   0.566   0.032  0.015  (255.258,184.779)    0.180      5    
u_axi_interconnect/SA_GEN[4].genblk1.slave_arbitration_AR_channel_MST_FIFO[1].fifo_Ax_channel_cg_icg__RC_CG_HIER_INST1609/RC_CGIC_INST/CLK
-     ICGx8DC_ASAP7_75t_L   rise   0.001   0.566   0.033  -      (253.566,185.427)    2.340   -       
u_axi_interconnect/SA_GEN[4].genblk1.slave_arbitration_AR_channel_MST_FIFO[1].fifo_Ax_channel_cg_icg__RC_CG_HIER_INST1609/RC_CGIC_INST/GCLK
-     ICGx8DC_ASAP7_75t_L   rise   0.028   0.594   0.033  0.019  (253.386,185.319)    0.288     31    
u_axi_interconnect/SA_GEN[4].genblk1.slave_arbitration_AR_channel_MST_FIFO[1].fifo_Ax_channel_mem_reg[0][47]/CLK
-     DFFHQNx1_ASAP7_75t_R  rise   0.000   0.594   0.033  -      (255.384,184.653)    2.664   -       
-------------------------------------------------------------------------------------------------------------------------------------------

Timing for timing corner dc_ss:setup.late, max clock_path:
==========================================================

PathID    : 4
Path type : skew group CLK_SYS/mode_func (path 1 of 1)
Start     : clk
End       : u_apb_ascon_u_ascon/state_reg[106]/CLK
Delay     : 0.656

---------------------------------------------------------------------------------------------------------------
Name  Lib cell                 Event  Incr   Arrival  Slew   Cap    Location           Distance  Fanout  Status
                                      (ns)   (ns)     (ns)   (pF)                      (um)              
-- Clockpath trace --------------------------------------------------------------------------------------------
clk
-     -                        rise   -       0.150   0.004  0.019  (139.684,0.000)    -            2    
CTS_ccl_buf_01624/A
-     BUFx12f_ASAP7_75t_R      rise   0.015   0.165   0.038  -      (193.950,103.779)  158.045   -       
CTS_ccl_buf_01624/Y
-     BUFx12f_ASAP7_75t_R      rise   0.033   0.198   0.017  0.008  (194.238,103.779)    0.288      2    
CTS_ccl_buf_01623/A
-     BUFx10_ASAP7_75t_R       rise   0.003   0.200   0.019  -      (217.800,123.669)   43.452   -       
CTS_ccl_buf_01623/Y
-     BUFx10_ASAP7_75t_R       rise   0.037   0.237   0.032  0.014  (217.620,123.669)    0.180      3    
CTS_ccl_buf_01620/A
-     BUFx8_ASAP7_75t_R        rise   0.008   0.245   0.037  -      (247.464,186.939)   93.114   -       
CTS_ccl_buf_01620/Y
-     BUFx8_ASAP7_75t_R        rise   0.045   0.291   0.027  0.008  (247.644,186.939)    0.180      2    
CTS_ccl_a_buf_01613/A
-     BUFx8_ASAP7_75t_R        rise   0.004   0.295   0.029  -      (248.364,254.349)   68.130   -       
CTS_ccl_a_buf_01613/Y
-     BUFx8_ASAP7_75t_R        rise   0.040   0.335   0.019  0.004  (248.184,254.349)    0.180      2    
CTS_cfo_buf_0_04699/A
-     BUFx8_ASAP7_75t_R        rise   0.001   0.335   0.019  -      (247.446,267.309)   13.698   -       
CTS_cfo_buf_0_04699/Y
-     BUFx8_ASAP7_75t_R        rise   0.041   0.377   0.031  0.011  (247.266,267.309)    0.180      4    
cg_ascon/en_latch_reg/CLK
-     DLLx1_ASAP7_75t_R        rise   0.001   0.378   0.032  -      (233.694,262.413)   18.468   -       
cg_ascon/en_latch_reg/Q
-     DLLx1_ASAP7_75t_R        rise   0.057   0.435   0.032  0.002  (233.010,262.449)    0.720      1    
cg_ascon/g15__2398/B
-     AND2x2_ASAP7_75t_R       rise   0.000   0.436   0.032  -      (238.284,257.679)   10.044   -       
cg_ascon/g15__2398/Y
-     AND2x2_ASAP7_75t_R       rise   0.034   0.469   0.014  0.001  (238.464,257.679)    0.180      1    
cg_ascon/CTS_ccl_buf_01586/A
-     BUFx8_ASAP7_75t_R        rise   0.000   0.470   0.014  -      (238.284,258.219)    0.720   -       
cg_ascon/CTS_ccl_buf_01586/Y
-     BUFx8_ASAP7_75t_R        rise   0.039   0.509   0.031  0.011  (238.464,258.219)    0.180      7    
CTS_ccl_a_buf_01516/A
-     BUFx10_ASAP7_75t_R       rise   0.003   0.511   0.033  -      (212.994,255.429)   28.260   -       
CTS_ccl_a_buf_01516/Y
-     BUFx10_ASAP7_75t_R       rise   0.042   0.553   0.031  0.013  (212.814,255.429)    0.180      4    
u_apb_ascon_u_ascon/cg_icg__RC_CG_HIER_INST159/RC_CGIC_INST/CLK
-     ICGx8DC_ASAP7_75t_L      rise   0.001   0.554   0.032  -      (212.778,254.781)    0.684   -       
u_apb_ascon_u_ascon/cg_icg__RC_CG_HIER_INST159/RC_CGIC_INST/GCLK
-     ICGx8DC_ASAP7_75t_L      rise   0.023   0.577   0.019  0.010  (212.958,254.889)    0.288      4    
u_apb_ascon_u_ascon/CTS_ccl_a_buf_01005/A
-     BUFx4_ASAP7_75t_R        rise   0.001   0.578   0.020  -      (211.770,250.695)    5.382   -       
u_apb_ascon_u_ascon/CTS_ccl_a_buf_01005/Y
-     BUFx4_ASAP7_75t_R        rise   0.039   0.617   0.021  0.003  (211.914,250.659)    0.180      2    
u_apb_ascon_u_ascon/CTS_cpc_drv_buf_05431/A
-     BUFx16f_ASAP7_75t_R      rise   0.000   0.617   0.022  -      (211.446,250.119)    1.008   -       
u_apb_ascon_u_ascon/CTS_cpc_drv_buf_05431/Y
-     BUFx16f_ASAP7_75t_R      rise   0.035   0.652   0.031  0.021  (211.734,250.119)    0.288     32    
u_apb_ascon_u_ascon/state_reg[106]/CLK
-     DFFASRHQNx1_ASAP7_75t_R  rise   0.004   0.656   0.035  -      (202.356,260.793)   20.052   -       
---------------------------------------------------------------------------------------------------------------

Timing for timing corner dc_tt:both.early, min clock_path:
==========================================================

PathID    : 5
Path type : skew group CLK_SYS/mode_func (path 1 of 1)
Start     : clk
End       : u_debug_module/axi_wdata_reg[11]/CLK
Delay     : 0.409

------------------------------------------------------------------------------------------------------------
Name  Lib cell              Event  Incr   Arrival  Slew   Cap    Location           Distance  Fanout  Status
                                   (ns)   (ns)     (ns)   (pF)                      (um)              
-- Clockpath trace -----------------------------------------------------------------------------------------
clk
-     -                     rise   -       0.100   0.004  0.019  (139.684,0.000)    -            2    
CTS_ccl_buf_01624/A
-     BUFx12f_ASAP7_75t_R   rise   0.013   0.113   0.032  -      (193.950,103.779)  158.045   -       
CTS_ccl_buf_01624/Y
-     BUFx12f_ASAP7_75t_R   rise   0.023   0.136   0.012  0.008  (194.238,103.779)    0.288      2    
CTS_ccl_buf_01622/A
-     BUFx10_ASAP7_75t_R    rise   0.003   0.139   0.014  -      (217.800,131.769)   51.552   -       
CTS_ccl_buf_01622/Y
-     BUFx10_ASAP7_75t_R    rise   0.024   0.162   0.016  0.009  (217.620,131.769)    0.180      1    
CTS_ccl_a_buf_01619/A
-     BUFx12f_ASAP7_75t_R   rise   0.004   0.166   0.019  -      (273.870,132.849)   57.330   -       
CTS_ccl_a_buf_01619/Y
-     BUFx12f_ASAP7_75t_R   rise   0.021   0.187   0.014  0.010  (274.158,132.849)    0.288      3    
CTS_cdb_buf_04704/A
-     BUFx4_ASAP7_75t_R     rise   0.002   0.189   0.015  -      (277.488,112.995)   23.184   -       
CTS_cdb_buf_04704/Y
-     BUFx4_ASAP7_75t_R     rise   0.024   0.213   0.009  0.001  (277.632,112.959)    0.180      1    
CTS_cdb_buf_04702/A
-     BUFx8_ASAP7_75t_R     rise   0.000   0.213   0.009  -      (278.298,112.959)    0.666   -       
CTS_cdb_buf_04702/Y
-     BUFx8_ASAP7_75t_R     rise   0.025   0.238   0.016  0.007  (278.478,112.959)    0.180      1    
cg_dbg/en_latch_reg/CLK
-     DLLx1_ASAP7_75t_R     rise   0.003   0.241   0.018  -      (286.110,165.915)   60.588   -       
cg_dbg/en_latch_reg/Q
-     DLLx1_ASAP7_75t_R     rise   0.034   0.275   0.016  0.001  (286.794,165.879)    0.720      1    
cg_dbg/CTS_cdb_buf_04722/A
-     BUFx4_ASAP7_75t_R     rise   0.000   0.275   0.016  -      (286.596,172.233)    6.552   -       
cg_dbg/CTS_cdb_buf_04722/Y
-     BUFx4_ASAP7_75t_R     rise   0.024   0.300   0.009  0.001  (286.452,172.269)    0.180      1    
cg_dbg/g15__4319/B
-     AND2x2_ASAP7_75t_L    rise   0.000   0.300   0.009  -      (287.100,172.269)    0.648   -       
cg_dbg/g15__4319/Y
-     AND2x2_ASAP7_75t_L    rise   0.015   0.314   0.007  0.001  (287.280,172.269)    0.180      1    
cg_dbg/CTS_ccl_buf_01583/A
-     BUFx4_ASAP7_75t_R     rise   0.000   0.314   0.007  -      (287.298,171.693)    0.594   -       
cg_dbg/CTS_ccl_buf_01583/Y
-     BUFx4_ASAP7_75t_R     rise   0.024   0.338   0.013  0.003  (287.154,171.729)    0.180      2    
CTS_csf_buf_01633/A
-     BUFx4_ASAP7_75t_R     rise   0.000   0.338   0.013  -      (288.990,170.775)    2.790   -       
CTS_csf_buf_01633/Y
-     BUFx4_ASAP7_75t_R     rise   0.029   0.368   0.021  0.006  (289.134,170.739)    0.180      3    
CTS_ccl_a_buf_01275/A
-     BUFx12f_ASAP7_75t_R   rise   0.000   0.368   0.021  -      (289.206,169.659)    1.152   -       
CTS_ccl_a_buf_01275/Y
-     BUFx12f_ASAP7_75t_R   rise   0.022   0.390   0.016  0.016  (289.494,169.659)    0.288      3    
u_debug_module/cg_icg__RC_CG_HIER_INST499/RC_CGIC_INST/CLK
-     ICGx8DC_ASAP7_75t_L   rise   0.000   0.391   0.016  -      (288.450,170.307)    1.692   -       
u_debug_module/cg_icg__RC_CG_HIER_INST499/RC_CGIC_INST/GCLK
-     ICGx8DC_ASAP7_75t_L   rise   0.017   0.408   0.022  0.019  (288.270,170.199)    0.288     32    
u_debug_module/axi_wdata_reg[11]/CLK
-     DFFHQNx1_ASAP7_75t_R  rise   0.001   0.409   0.023  -      (292.860,170.613)    5.004   -       
------------------------------------------------------------------------------------------------------------

Timing for timing corner dc_tt:both.early, max clock_path:
==========================================================

PathID    : 6
Path type : skew group CLK_SYS/mode_func (path 1 of 1)
Start     : clk
End       : u_axi_apb_dma_u_dma_engine/ch_src_reg[1][0]/CLK
Delay     : 0.455

---------------------------------------------------------------------------------------------------------------
Name  Lib cell                 Event  Incr   Arrival  Slew   Cap    Location           Distance  Fanout  Status
                                      (ns)   (ns)     (ns)   (pF)                      (um)              
-- Clockpath trace --------------------------------------------------------------------------------------------
clk
-     -                        rise   -       0.100   0.004  0.019  (139.684,0.000)    -           2     
CTS_ccl_buf_01624/A
-     BUFx12f_ASAP7_75t_R      rise   0.013   0.113   0.032  -      (193.950,103.779)  158.045   -       
CTS_ccl_buf_01624/Y
-     BUFx12f_ASAP7_75t_R      rise   0.023   0.136   0.012  0.008  (194.238,103.779)    0.288     2     
CTS_ccl_buf_01623/A
-     BUFx10_ASAP7_75t_R       rise   0.003   0.139   0.014  -      (217.800,123.669)   43.452   -       
CTS_ccl_buf_01623/Y
-     BUFx10_ASAP7_75t_R       rise   0.025   0.164   0.021  0.015  (217.620,123.669)    0.180     3     
CTS_ccl_buf_01621/A
-     BUFx10_ASAP7_75t_R       rise   0.003   0.167   0.024  -      (218.340,143.649)   20.700   -       
CTS_ccl_buf_01621/Y
-     BUFx10_ASAP7_75t_R       rise   0.029   0.196   0.021  0.014  (218.160,143.649)    0.180     2     
CTS_ccl_a_buf_01617/A
-     BUFx12f_ASAP7_75t_R      rise   0.005   0.201   0.025  -      (211.374,206.829)   69.966   -       
CTS_ccl_a_buf_01617/Y
-     BUFx12f_ASAP7_75t_R      rise   0.022   0.223   0.014  0.010  (211.086,206.829)    0.288     1     
CTS_ccl_buf_01614/A
-     BUFx12f_ASAP7_75t_R      rise   0.005   0.228   0.019  -      (174.114,246.249)   76.392   -       
CTS_ccl_buf_01614/Y
-     BUFx12f_ASAP7_75t_R      rise   0.018   0.246   0.007  0.003  (173.826,246.249)    0.288     2     
CTS_ccl_buf_01611/A
-     BUFx10_ASAP7_75t_R       rise   0.000   0.246   0.007  -      (173.430,246.879)    1.026   -       
CTS_ccl_buf_01611/Y
-     BUFx10_ASAP7_75t_R       rise   0.021   0.267   0.014  0.008  (173.610,246.879)    0.180     1     
CTS_ccl_buf_01607/A
-     BUFx12_ASAP7_75t_R       rise   0.003   0.270   0.016  -      (233.910,252.819)   66.240   -       
CTS_ccl_buf_01607/Y
-     BUFx12_ASAP7_75t_R       rise   0.028   0.298   0.017  0.012  (234.090,252.819)    0.180     4     
CTS_ccl_buf_01594/A
-     BUFx8_ASAP7_75t_R        rise   0.001   0.299   0.017  -      (228.834,230.679)   27.396   -       
CTS_ccl_buf_01594/Y
-     BUFx8_ASAP7_75t_R        rise   0.026   0.325   0.012  0.004  (229.014,230.679)    0.180     1     
CTS_cdb_buf_05266/A
-     BUFx12f_ASAP7_75t_R      rise   0.001   0.326   0.013  -      (223.974,238.779)   13.140   -       
CTS_cdb_buf_05266/Y
-     BUFx12f_ASAP7_75t_R      rise   0.019   0.345   0.013  0.010  (224.262,238.779)    0.288     3     
CTS_ccl_a_buf_01557/A
-     BUFx8_ASAP7_75t_R        rise   0.001   0.346   0.014  -      (226.926,233.289)    8.154   -       
CTS_ccl_a_buf_01557/Y
-     BUFx8_ASAP7_75t_R        rise   0.029   0.375   0.023  0.013  (226.746,233.289)    0.180     8     
u_axi_apb_dma_u_dma_engine/CTS_ccl_a_buf_01221/A
-     BUFx12_ASAP7_75t_R       rise   0.002   0.376   0.024  -      (231.570,227.349)   10.764   -       
u_axi_apb_dma_u_dma_engine/CTS_ccl_a_buf_01221/Y
-     BUFx12_ASAP7_75t_R       rise   0.029   0.405   0.015  0.011  (231.390,227.349)    0.180     3     
u_axi_apb_dma_u_dma_engine/cg_icg__RC_CG_HIER_INST388/RC_CGIC_INST/CLK
-     ICGx1_ASAP7_75t_L        rise   0.001   0.406   0.016  -      (229.320,225.927)    3.492   -       
u_axi_apb_dma_u_dma_engine/cg_icg__RC_CG_HIER_INST388/RC_CGIC_INST/GCLK
-     ICGx1_ASAP7_75t_L        rise   0.017   0.423   0.020  0.003  (230.004,225.819)    0.792     2     
u_axi_apb_dma_u_dma_engine/CTS_cpc_drv_buf_05410/A
-     BUFx4_ASAP7_75t_R        rise   0.000   0.423   0.020  -      (232.434,227.313)    3.924   -       
u_axi_apb_dma_u_dma_engine/CTS_cpc_drv_buf_05410/Y
-     BUFx4_ASAP7_75t_R        rise   0.031   0.454   0.019  0.006  (232.290,227.349)    0.180     9     
u_axi_apb_dma_u_dma_engine/ch_src_reg[1][0]/CLK
-     DFFASRHQNx1_ASAP7_75t_R  rise   0.001   0.455   0.020  -      (232.434,228.555)    1.350   -       
---------------------------------------------------------------------------------------------------------------

Timing for timing corner dc_tt:both.late, min clock_path:
=========================================================

PathID    : 7
Path type : skew group CLK_SYS/mode_func (path 1 of 1)
Start     : clk
End       : u_debug_module/axi_wdata_reg[11]/CLK
Delay     : 0.460

------------------------------------------------------------------------------------------------------------
Name  Lib cell              Event  Incr   Arrival  Slew   Cap    Location           Distance  Fanout  Status
                                   (ns)   (ns)     (ns)   (pF)                      (um)              
-- Clockpath trace -----------------------------------------------------------------------------------------
clk
-     -                     rise   -       0.150   0.004  0.019  (139.684,0.000)    -            2    
CTS_ccl_buf_01624/A
-     BUFx12f_ASAP7_75t_R   rise   0.013   0.163   0.032  -      (193.950,103.779)  158.045   -       
CTS_ccl_buf_01624/Y
-     BUFx12f_ASAP7_75t_R   rise   0.023   0.186   0.012  0.008  (194.238,103.779)    0.288      2    
CTS_ccl_buf_01622/A
-     BUFx10_ASAP7_75t_R    rise   0.003   0.189   0.014  -      (217.800,131.769)   51.552   -       
CTS_ccl_buf_01622/Y
-     BUFx10_ASAP7_75t_R    rise   0.024   0.212   0.016  0.009  (217.620,131.769)    0.180      1    
CTS_ccl_a_buf_01619/A
-     BUFx12f_ASAP7_75t_R   rise   0.004   0.216   0.019  -      (273.870,132.849)   57.330   -       
CTS_ccl_a_buf_01619/Y
-     BUFx12f_ASAP7_75t_R   rise   0.021   0.237   0.014  0.010  (274.158,132.849)    0.288      3    
CTS_cdb_buf_04704/A
-     BUFx4_ASAP7_75t_R     rise   0.002   0.239   0.015  -      (277.488,112.995)   23.184   -       
CTS_cdb_buf_04704/Y
-     BUFx4_ASAP7_75t_R     rise   0.024   0.263   0.009  0.001  (277.632,112.959)    0.180      1    
CTS_cdb_buf_04702/A
-     BUFx8_ASAP7_75t_R     rise   0.000   0.263   0.009  -      (278.298,112.959)    0.666   -       
CTS_cdb_buf_04702/Y
-     BUFx8_ASAP7_75t_R     rise   0.025   0.288   0.016  0.007  (278.478,112.959)    0.180      1    
cg_dbg/en_latch_reg/CLK
-     DLLx1_ASAP7_75t_R     rise   0.003   0.291   0.018  -      (286.110,165.915)   60.588   -       
cg_dbg/en_latch_reg/Q
-     DLLx1_ASAP7_75t_R     rise   0.034   0.325   0.016  0.001  (286.794,165.879)    0.720      1    
cg_dbg/CTS_cdb_buf_04722/A
-     BUFx4_ASAP7_75t_R     rise   0.000   0.326   0.016  -      (286.596,172.233)    6.552   -       
cg_dbg/CTS_cdb_buf_04722/Y
-     BUFx4_ASAP7_75t_R     rise   0.024   0.350   0.009  0.001  (286.452,172.269)    0.180      1    
cg_dbg/g15__4319/B
-     AND2x2_ASAP7_75t_L    rise   0.000   0.350   0.009  -      (287.100,172.269)    0.648   -       
cg_dbg/g15__4319/Y
-     AND2x2_ASAP7_75t_L    rise   0.015   0.364   0.007  0.001  (287.280,172.269)    0.180      1    
cg_dbg/CTS_ccl_buf_01583/A
-     BUFx4_ASAP7_75t_R     rise   0.000   0.364   0.007  -      (287.298,171.693)    0.594   -       
cg_dbg/CTS_ccl_buf_01583/Y
-     BUFx4_ASAP7_75t_R     rise   0.024   0.388   0.013  0.003  (287.154,171.729)    0.180      2    
CTS_csf_buf_01633/A
-     BUFx4_ASAP7_75t_R     rise   0.000   0.388   0.013  -      (288.990,170.775)    2.790   -       
CTS_csf_buf_01633/Y
-     BUFx4_ASAP7_75t_R     rise   0.029   0.418   0.021  0.006  (289.134,170.739)    0.180      3    
CTS_ccl_a_buf_01275/A
-     BUFx12f_ASAP7_75t_R   rise   0.000   0.418   0.021  -      (289.206,169.659)    1.152   -       
CTS_ccl_a_buf_01275/Y
-     BUFx12f_ASAP7_75t_R   rise   0.023   0.441   0.020  0.016  (289.494,169.659)    0.288      3    
u_debug_module/cg_icg__RC_CG_HIER_INST499/RC_CGIC_INST/CLK
-     ICGx8DC_ASAP7_75t_L   rise   0.000   0.441   0.020  -      (288.450,170.307)    1.692   -       
u_debug_module/cg_icg__RC_CG_HIER_INST499/RC_CGIC_INST/GCLK
-     ICGx8DC_ASAP7_75t_L   rise   0.018   0.459   0.022  0.019  (288.270,170.199)    0.288     32    
u_debug_module/axi_wdata_reg[11]/CLK
-     DFFHQNx1_ASAP7_75t_R  rise   0.001   0.460   0.023  -      (292.860,170.613)    5.004   -       
------------------------------------------------------------------------------------------------------------

Timing for timing corner dc_tt:both.late, max clock_path:
=========================================================

PathID    : 8
Path type : skew group CLK_SYS/mode_func (path 1 of 1)
Start     : clk
End       : u_axi_apb_dma_u_dma_engine/ch_src_reg[1][0]/CLK
Delay     : 0.506

---------------------------------------------------------------------------------------------------------------
Name  Lib cell                 Event  Incr   Arrival  Slew   Cap    Location           Distance  Fanout  Status
                                      (ns)   (ns)     (ns)   (pF)                      (um)              
-- Clockpath trace --------------------------------------------------------------------------------------------
clk
-     -                        rise   -       0.150   0.004  0.019  (139.684,0.000)    -           2     
CTS_ccl_buf_01624/A
-     BUFx12f_ASAP7_75t_R      rise   0.013   0.163   0.032  -      (193.950,103.779)  158.045   -       
CTS_ccl_buf_01624/Y
-     BUFx12f_ASAP7_75t_R      rise   0.023   0.186   0.012  0.008  (194.238,103.779)    0.288     2     
CTS_ccl_buf_01623/A
-     BUFx10_ASAP7_75t_R       rise   0.003   0.189   0.014  -      (217.800,123.669)   43.452   -       
CTS_ccl_buf_01623/Y
-     BUFx10_ASAP7_75t_R       rise   0.025   0.214   0.021  0.015  (217.620,123.669)    0.180     3     
CTS_ccl_buf_01621/A
-     BUFx10_ASAP7_75t_R       rise   0.003   0.217   0.025  -      (218.340,143.649)   20.700   -       
CTS_ccl_buf_01621/Y
-     BUFx10_ASAP7_75t_R       rise   0.029   0.246   0.021  0.014  (218.160,143.649)    0.180     2     
CTS_ccl_a_buf_01617/A
-     BUFx12f_ASAP7_75t_R      rise   0.005   0.251   0.025  -      (211.374,206.829)   69.966   -       
CTS_ccl_a_buf_01617/Y
-     BUFx12f_ASAP7_75t_R      rise   0.022   0.273   0.014  0.010  (211.086,206.829)    0.288     1     
CTS_ccl_buf_01614/A
-     BUFx12f_ASAP7_75t_R      rise   0.005   0.278   0.020  -      (174.114,246.249)   76.392   -       
CTS_ccl_buf_01614/Y
-     BUFx12f_ASAP7_75t_R      rise   0.019   0.297   0.007  0.003  (173.826,246.249)    0.288     2     
CTS_ccl_buf_01611/A
-     BUFx10_ASAP7_75t_R       rise   0.000   0.297   0.007  -      (173.430,246.879)    1.026   -       
CTS_ccl_buf_01611/Y
-     BUFx10_ASAP7_75t_R       rise   0.021   0.318   0.014  0.008  (173.610,246.879)    0.180     1     
CTS_ccl_buf_01607/A
-     BUFx12_ASAP7_75t_R       rise   0.003   0.321   0.016  -      (233.910,252.819)   66.240   -       
CTS_ccl_buf_01607/Y
-     BUFx12_ASAP7_75t_R       rise   0.028   0.349   0.017  0.012  (234.090,252.819)    0.180     4     
CTS_ccl_buf_01594/A
-     BUFx8_ASAP7_75t_R        rise   0.001   0.350   0.017  -      (228.834,230.679)   27.396   -       
CTS_ccl_buf_01594/Y
-     BUFx8_ASAP7_75t_R        rise   0.026   0.376   0.012  0.004  (229.014,230.679)    0.180     1     
CTS_cdb_buf_05266/A
-     BUFx12f_ASAP7_75t_R      rise   0.001   0.376   0.013  -      (223.974,238.779)   13.140   -       
CTS_cdb_buf_05266/Y
-     BUFx12f_ASAP7_75t_R      rise   0.019   0.396   0.013  0.010  (224.262,238.779)    0.288     3     
CTS_ccl_a_buf_01557/A
-     BUFx8_ASAP7_75t_R        rise   0.001   0.397   0.014  -      (226.926,233.289)    8.154   -       
CTS_ccl_a_buf_01557/Y
-     BUFx8_ASAP7_75t_R        rise   0.029   0.425   0.023  0.013  (226.746,233.289)    0.180     8     
u_axi_apb_dma_u_dma_engine/CTS_ccl_a_buf_01221/A
-     BUFx12_ASAP7_75t_R       rise   0.002   0.427   0.024  -      (231.570,227.349)   10.764   -       
u_axi_apb_dma_u_dma_engine/CTS_ccl_a_buf_01221/Y
-     BUFx12_ASAP7_75t_R       rise   0.029   0.457   0.018  0.011  (231.390,227.349)    0.180     3     
u_axi_apb_dma_u_dma_engine/cg_icg__RC_CG_HIER_INST388/RC_CGIC_INST/CLK
-     ICGx1_ASAP7_75t_L        rise   0.001   0.457   0.019  -      (229.320,225.927)    3.492   -       
u_axi_apb_dma_u_dma_engine/cg_icg__RC_CG_HIER_INST388/RC_CGIC_INST/GCLK
-     ICGx1_ASAP7_75t_L        rise   0.017   0.474   0.020  0.003  (230.004,225.819)    0.792     2     
u_axi_apb_dma_u_dma_engine/CTS_cpc_drv_buf_05410/A
-     BUFx4_ASAP7_75t_R        rise   0.000   0.474   0.020  -      (232.434,227.313)    3.924   -       
u_axi_apb_dma_u_dma_engine/CTS_cpc_drv_buf_05410/Y
-     BUFx4_ASAP7_75t_R        rise   0.031   0.506   0.020  0.006  (232.290,227.349)    0.180     9     
u_axi_apb_dma_u_dma_engine/ch_src_reg[1][0]/CLK
-     DFFASRHQNx1_ASAP7_75t_R  rise   0.001   0.506   0.020  -      (232.434,228.555)    1.350   -       
---------------------------------------------------------------------------------------------------------------

Timing for timing corner dc_ff:hold.early, min clock_path:
==========================================================

PathID    : 9
Path type : skew group CLK_SYS/mode_func (path 1 of 1)
Start     : clk
End       : u_debug_module/axi_wdata_reg[11]/CLK
Delay     : 0.335

------------------------------------------------------------------------------------------------------------
Name  Lib cell              Event  Incr   Arrival  Slew   Cap    Location           Distance  Fanout  Status
                                   (ns)   (ns)     (ns)   (pF)                      (um)              
-- Clockpath trace -----------------------------------------------------------------------------------------
clk
-     -                     rise   -       0.100   0.004  0.020  (139.684,0.000)    -            2    
CTS_ccl_buf_01624/A
-     BUFx12f_ASAP7_75t_R   rise   0.012   0.112   0.031  -      (193.950,103.779)  158.045   -       
CTS_ccl_buf_01624/Y
-     BUFx12f_ASAP7_75t_R   rise   0.018   0.130   0.009  0.008  (194.238,103.779)    0.288      2    
CTS_ccl_buf_01622/A
-     BUFx10_ASAP7_75t_R    rise   0.003   0.133   0.012  -      (217.800,131.769)   51.552   -       
CTS_ccl_buf_01622/Y
-     BUFx10_ASAP7_75t_R    rise   0.018   0.150   0.012  0.010  (217.620,131.769)    0.180      1    
CTS_ccl_a_buf_01619/A
-     BUFx12f_ASAP7_75t_R   rise   0.004   0.154   0.016  -      (273.870,132.849)   57.330   -       
CTS_ccl_a_buf_01619/Y
-     BUFx12f_ASAP7_75t_R   rise   0.016   0.170   0.011  0.010  (274.158,132.849)    0.288      3    
CTS_cdb_buf_04704/A
-     BUFx4_ASAP7_75t_R     rise   0.002   0.171   0.012  -      (277.488,112.995)   23.184   -       
CTS_cdb_buf_04704/Y
-     BUFx4_ASAP7_75t_R     rise   0.018   0.190   0.007  0.001  (277.632,112.959)    0.180      1    
CTS_cdb_buf_04702/A
-     BUFx8_ASAP7_75t_R     rise   0.000   0.190   0.007  -      (278.298,112.959)    0.666   -       
CTS_cdb_buf_04702/Y
-     BUFx8_ASAP7_75t_R     rise   0.018   0.208   0.012  0.007  (278.478,112.959)    0.180      1    
cg_dbg/en_latch_reg/CLK
-     DLLx1_ASAP7_75t_R     rise   0.003   0.210   0.014  -      (286.110,165.915)   60.588   -       
cg_dbg/en_latch_reg/Q
-     DLLx1_ASAP7_75t_R     rise   0.024   0.235   0.012  0.001  (286.794,165.879)    0.720      1    
cg_dbg/CTS_cdb_buf_04722/A
-     BUFx4_ASAP7_75t_R     rise   0.000   0.235   0.012  -      (286.596,172.233)    6.552   -       
cg_dbg/CTS_cdb_buf_04722/Y
-     BUFx4_ASAP7_75t_R     rise   0.018   0.253   0.007  0.001  (286.452,172.269)    0.180      1    
cg_dbg/g15__4319/B
-     AND2x2_ASAP7_75t_L    rise   0.000   0.253   0.007  -      (287.100,172.269)    0.648   -       
cg_dbg/g15__4319/Y
-     AND2x2_ASAP7_75t_L    rise   0.011   0.264   0.005  0.001  (287.280,172.269)    0.180      1    
cg_dbg/CTS_ccl_buf_01583/A
-     BUFx4_ASAP7_75t_R     rise   0.000   0.264   0.005  -      (287.298,171.693)    0.594   -       
cg_dbg/CTS_ccl_buf_01583/Y
-     BUFx4_ASAP7_75t_R     rise   0.017   0.282   0.009  0.003  (287.154,171.729)    0.180      2    
CTS_csf_buf_01633/A
-     BUFx4_ASAP7_75t_R     rise   0.000   0.282   0.009  -      (288.990,170.775)    2.790   -       
CTS_csf_buf_01633/Y
-     BUFx4_ASAP7_75t_R     rise   0.022   0.304   0.015  0.007  (289.134,170.739)    0.180      3    
CTS_ccl_a_buf_01275/A
-     BUFx12f_ASAP7_75t_R   rise   0.000   0.304   0.016  -      (289.206,169.659)    1.152   -       
CTS_ccl_a_buf_01275/Y
-     BUFx12f_ASAP7_75t_R   rise   0.016   0.320   0.013  0.017  (289.494,169.659)    0.288      3    
u_debug_module/cg_icg__RC_CG_HIER_INST499/RC_CGIC_INST/CLK
-     ICGx8DC_ASAP7_75t_L   rise   0.000   0.321   0.013  -      (288.450,170.307)    1.692   -       
u_debug_module/cg_icg__RC_CG_HIER_INST499/RC_CGIC_INST/GCLK
-     ICGx8DC_ASAP7_75t_L   rise   0.013   0.334   0.017  0.020  (288.270,170.199)    0.288     32    
u_debug_module/axi_wdata_reg[11]/CLK
-     DFFHQNx1_ASAP7_75t_R  rise   0.001   0.335   0.018  -      (292.860,170.613)    5.004   -       
------------------------------------------------------------------------------------------------------------

Timing for timing corner dc_ff:hold.early, max clock_path:
==========================================================

PathID    : 10
Path type : skew group CLK_SYS/mode_func (path 1 of 1)
Start     : clk
End       : u_tim0_prdata_reg[25]/CLK
Delay     :  0.376

------------------------------------------------------------------------------------------------------------------------
Name  Lib cell                 Event  Incr   Arrival  Slew   Cap    Location           Distance  Fanout  Status  Voltage
                                      (ns)   (ns)     (ns)   (pF)                      (um)                      (mV)
-- Clockpath trace -----------------------------------------------------------------------------------------------------
clk
-     -                        rise   -       0.100   0.004  0.020  (139.684,0.000)    -            2            -
CTS_ccl_buf_01624/A
-     BUFx12f_ASAP7_75t_R      rise   0.012   0.112   0.031  -      (193.950,103.779)  158.045   -                0.770
CTS_ccl_buf_01624/Y
-     BUFx12f_ASAP7_75t_R      rise   0.018   0.130   0.009  0.008  (194.238,103.779)    0.288      2             0.770
CTS_ccl_buf_01623/A
-     BUFx10_ASAP7_75t_R       rise   0.003   0.133   0.012  -      (217.800,123.669)   43.452   -                0.770
CTS_ccl_buf_01623/Y
-     BUFx10_ASAP7_75t_R       rise   0.019   0.151   0.016  0.015  (217.620,123.669)    0.180      3             0.770
CTS_ccl_buf_01621/A
-     BUFx10_ASAP7_75t_R       rise   0.003   0.154   0.020  -      (218.340,143.649)   20.700   -                0.770
CTS_ccl_buf_01621/Y
-     BUFx10_ASAP7_75t_R       rise   0.021   0.175   0.016  0.015  (218.160,143.649)    0.180      2             0.770
CTS_ccl_a_buf_01617/A
-     BUFx12f_ASAP7_75t_R      rise   0.005   0.180   0.021  -      (211.374,206.829)   69.966   -                0.770
CTS_ccl_a_buf_01617/Y
-     BUFx12f_ASAP7_75t_R      rise   0.016   0.196   0.011  0.010  (211.086,206.829)    0.288      1             0.770
CTS_ccl_buf_01614/A
-     BUFx12f_ASAP7_75t_R      rise   0.005   0.201   0.017  -      (174.114,246.249)   76.392   -                0.770
CTS_ccl_buf_01614/Y
-     BUFx12f_ASAP7_75t_R      rise   0.014   0.215   0.006  0.004  (173.826,246.249)    0.288      2             0.770
CTS_ccl_buf_01611/A
-     BUFx10_ASAP7_75t_R       rise   0.000   0.215   0.006  -      (173.430,246.879)    1.026   -                0.770
CTS_ccl_buf_01611/Y
-     BUFx10_ASAP7_75t_R       rise   0.015   0.231   0.010  0.008  (173.610,246.879)    0.180      1             0.770
CTS_ccl_buf_01607/A
-     BUFx12_ASAP7_75t_R       rise   0.003   0.234   0.013  -      (233.910,252.819)   66.240   -                0.770
CTS_ccl_buf_01607/Y
-     BUFx12_ASAP7_75t_R       rise   0.020   0.254   0.013  0.012  (234.090,252.819)    0.180      4             0.770
CTS_ccl_buf_01592/A
-     BUFx8_ASAP7_75t_R        rise   0.001   0.256   0.013  -      (262.314,252.819)   28.224   -                0.770
CTS_ccl_buf_01592/Y
-     BUFx8_ASAP7_75t_R        rise   0.022   0.277   0.015  0.011  (262.494,252.819)    0.180      5             0.770
cg_tim0/g15__1617/A
-     AND2x2_ASAP7_75t_R       rise   0.001   0.278   0.013  -      (267.876,284.175)   36.738   -                0.700
cg_tim0/g15__1617/Y
-     AND2x2_ASAP7_75t_R       rise   0.023   0.302   0.020  0.005  (267.948,284.139)    0.108      4             0.700
CTS_ccl_a_buf_01471/A
-     BUFx8_ASAP7_75t_R        rise   0.001   0.303   0.032  -      (266.076,284.589)    2.322   -                0.770
CTS_ccl_a_buf_01471/Y
-     BUFx8_ASAP7_75t_R        rise   0.026   0.329   0.013  0.009  (265.896,284.589)    0.180      4             0.770
CTS_cdb_buf_05284/A
-     BUFx10_ASAP7_75t_R       rise   0.000   0.329   0.013  -      (262.404,284.049)    4.032   -                0.770
CTS_cdb_buf_05284/Y
-     BUFx10_ASAP7_75t_R       rise   0.018   0.347   0.011  0.010  (262.224,284.049)    0.180      2             0.770
u_tim0_cg_icg__RC_CG_HIER_INST57/RC_CGIC_INST/CLK
-     ICGx8DC_ASAP7_75t_L      rise   0.001   0.348   0.011  -      (262.566,281.241)    3.150   -                0.770
u_tim0_cg_icg__RC_CG_HIER_INST57/RC_CGIC_INST/GCLK
-     ICGx8DC_ASAP7_75t_L      rise   0.010   0.357   0.005  0.004  (262.746,281.349)    0.288      2             0.770
CTS_cpc_drv_buf_05399/A
-     BUFx10_ASAP7_75t_R       rise   0.000   0.357   0.005  -      (260.208,279.819)    4.068   -                0.770
CTS_cpc_drv_buf_05399/Y
-     BUFx10_ASAP7_75t_R       rise   0.017   0.374   0.014  0.014  (260.388,279.819)    0.180     21             0.770
u_tim0_prdata_reg[25]/CLK
-     DFFASRHQNx1_ASAP7_75t_R  rise   0.002   0.376   0.016  -      (261.216,274.833)    5.814   -                0.770
------------------------------------------------------------------------------------------------------------------------

Timing for timing corner dc_ff:hold.late, min clock_path:
=========================================================

PathID    : 11
Path type : skew group CLK_SYS/mode_func (path 1 of 1)
Start     : clk
End       : u_debug_module/axi_wdata_reg[11]/CLK
Delay     :  0.386

------------------------------------------------------------------------------------------------------------
Name  Lib cell              Event  Incr   Arrival  Slew   Cap    Location           Distance  Fanout  Status
                                   (ns)   (ns)     (ns)   (pF)                      (um)              
-- Clockpath trace -----------------------------------------------------------------------------------------
clk
-     -                     rise   -       0.150   0.004  0.020  (139.684,0.000)    -            2    
CTS_ccl_buf_01624/A
-     BUFx12f_ASAP7_75t_R   rise   0.012   0.162   0.031  -      (193.950,103.779)  158.045   -       
CTS_ccl_buf_01624/Y
-     BUFx12f_ASAP7_75t_R   rise   0.018   0.180   0.009  0.008  (194.238,103.779)    0.288      2    
CTS_ccl_buf_01622/A
-     BUFx10_ASAP7_75t_R    rise   0.003   0.183   0.012  -      (217.800,131.769)   51.552   -       
CTS_ccl_buf_01622/Y
-     BUFx10_ASAP7_75t_R    rise   0.018   0.200   0.012  0.010  (217.620,131.769)    0.180      1    
CTS_ccl_a_buf_01619/A
-     BUFx12f_ASAP7_75t_R   rise   0.004   0.204   0.016  -      (273.870,132.849)   57.330   -       
CTS_ccl_a_buf_01619/Y
-     BUFx12f_ASAP7_75t_R   rise   0.016   0.220   0.011  0.010  (274.158,132.849)    0.288      3    
CTS_cdb_buf_04704/A
-     BUFx4_ASAP7_75t_R     rise   0.002   0.221   0.012  -      (277.488,112.995)   23.184   -       
CTS_cdb_buf_04704/Y
-     BUFx4_ASAP7_75t_R     rise   0.018   0.239   0.007  0.001  (277.632,112.959)    0.180      1    
CTS_cdb_buf_04702/A
-     BUFx8_ASAP7_75t_R     rise   0.000   0.240   0.007  -      (278.298,112.959)    0.666   -       
CTS_cdb_buf_04702/Y
-     BUFx8_ASAP7_75t_R     rise   0.018   0.258   0.012  0.007  (278.478,112.959)    0.180      1    
cg_dbg/en_latch_reg/CLK
-     DLLx1_ASAP7_75t_R     rise   0.003   0.261   0.014  -      (286.110,165.915)   60.588   -       
cg_dbg/en_latch_reg/Q
-     DLLx1_ASAP7_75t_R     rise   0.024   0.285   0.012  0.001  (286.794,165.879)    0.720      1    
cg_dbg/CTS_cdb_buf_04722/A
-     BUFx4_ASAP7_75t_R     rise   0.000   0.285   0.012  -      (286.596,172.233)    6.552   -       
cg_dbg/CTS_cdb_buf_04722/Y
-     BUFx4_ASAP7_75t_R     rise   0.018   0.303   0.007  0.001  (286.452,172.269)    0.180      1    
cg_dbg/g15__4319/B
-     AND2x2_ASAP7_75t_L    rise   0.000   0.303   0.007  -      (287.100,172.269)    0.648   -       
cg_dbg/g15__4319/Y
-     AND2x2_ASAP7_75t_L    rise   0.011   0.314   0.005  0.001  (287.280,172.269)    0.180      1    
cg_dbg/CTS_ccl_buf_01583/A
-     BUFx4_ASAP7_75t_R     rise   0.000   0.315   0.005  -      (287.298,171.693)    0.594   -       
cg_dbg/CTS_ccl_buf_01583/Y
-     BUFx4_ASAP7_75t_R     rise   0.017   0.332   0.009  0.003  (287.154,171.729)    0.180      2    
CTS_csf_buf_01633/A
-     BUFx4_ASAP7_75t_R     rise   0.000   0.332   0.009  -      (288.990,170.775)    2.790   -       
CTS_csf_buf_01633/Y
-     BUFx4_ASAP7_75t_R     rise   0.022   0.354   0.016  0.007  (289.134,170.739)    0.180      3    
CTS_ccl_a_buf_01275/A
-     BUFx12f_ASAP7_75t_R   rise   0.000   0.354   0.016  -      (289.206,169.659)    1.152   -       
CTS_ccl_a_buf_01275/Y
-     BUFx12f_ASAP7_75t_R   rise   0.017   0.371   0.016  0.017  (289.494,169.659)    0.288      3    
u_debug_module/cg_icg__RC_CG_HIER_INST499/RC_CGIC_INST/CLK
-     ICGx8DC_ASAP7_75t_L   rise   0.000   0.371   0.016  -      (288.450,170.307)    1.692   -       
u_debug_module/cg_icg__RC_CG_HIER_INST499/RC_CGIC_INST/GCLK
-     ICGx8DC_ASAP7_75t_L   rise   0.013   0.385   0.018  0.020  (288.270,170.199)    0.288     32    
u_debug_module/axi_wdata_reg[11]/CLK
-     DFFHQNx1_ASAP7_75t_R  rise   0.001   0.386   0.019  -      (292.860,170.613)    5.004   -       
------------------------------------------------------------------------------------------------------------

Timing for timing corner dc_ff:hold.late, max clock_path:
=========================================================

PathID    : 12
Path type : skew group CLK_SYS/mode_func (path 1 of 1)
Start     : clk
End       : u_tim0_prdata_reg[25]/CLK
Delay     :  0.428

------------------------------------------------------------------------------------------------------------------------
Name  Lib cell                 Event  Incr   Arrival  Slew   Cap    Location           Distance  Fanout  Status  Voltage
                                      (ns)   (ns)     (ns)   (pF)                      (um)                      (mV)
-- Clockpath trace -----------------------------------------------------------------------------------------------------
clk
-     -                        rise   -       0.150   0.004  0.020  (139.684,0.000)    -            2            -
CTS_ccl_buf_01624/A
-     BUFx12f_ASAP7_75t_R      rise   0.012   0.162   0.031  -      (193.950,103.779)  158.045   -                0.770
CTS_ccl_buf_01624/Y
-     BUFx12f_ASAP7_75t_R      rise   0.018   0.180   0.009  0.008  (194.238,103.779)    0.288      2             0.770
CTS_ccl_buf_01623/A
-     BUFx10_ASAP7_75t_R       rise   0.003   0.182   0.012  -      (217.800,123.669)   43.452   -                0.770
CTS_ccl_buf_01623/Y
-     BUFx10_ASAP7_75t_R       rise   0.019   0.201   0.016  0.015  (217.620,123.669)    0.180      3             0.770
CTS_ccl_buf_01621/A
-     BUFx10_ASAP7_75t_R       rise   0.003   0.204   0.020  -      (218.340,143.649)   20.700   -                0.770
CTS_ccl_buf_01621/Y
-     BUFx10_ASAP7_75t_R       rise   0.021   0.225   0.016  0.015  (218.160,143.649)    0.180      2             0.770
CTS_ccl_a_buf_01617/A
-     BUFx12f_ASAP7_75t_R      rise   0.005   0.230   0.021  -      (211.374,206.829)   69.966   -                0.770
CTS_ccl_a_buf_01617/Y
-     BUFx12f_ASAP7_75t_R      rise   0.016   0.246   0.011  0.010  (211.086,206.829)    0.288      1             0.770
CTS_ccl_buf_01614/A
-     BUFx12f_ASAP7_75t_R      rise   0.005   0.251   0.017  -      (174.114,246.249)   76.392   -                0.770
CTS_ccl_buf_01614/Y
-     BUFx12f_ASAP7_75t_R      rise   0.014   0.265   0.006  0.004  (173.826,246.249)    0.288      2             0.770
CTS_ccl_buf_01611/A
-     BUFx10_ASAP7_75t_R       rise   0.000   0.265   0.006  -      (173.430,246.879)    1.026   -                0.770
CTS_ccl_buf_01611/Y
-     BUFx10_ASAP7_75t_R       rise   0.015   0.281   0.010  0.008  (173.610,246.879)    0.180      1             0.770
CTS_ccl_buf_01607/A
-     BUFx12_ASAP7_75t_R       rise   0.003   0.284   0.013  -      (233.910,252.819)   66.240   -                0.770
CTS_ccl_buf_01607/Y
-     BUFx12_ASAP7_75t_R       rise   0.020   0.304   0.013  0.012  (234.090,252.819)    0.180      4             0.770
CTS_ccl_buf_01592/A
-     BUFx8_ASAP7_75t_R        rise   0.001   0.306   0.013  -      (262.314,252.819)   28.224   -                0.770
CTS_ccl_buf_01592/Y
-     BUFx8_ASAP7_75t_R        rise   0.022   0.327   0.015  0.011  (262.494,252.819)    0.180      5             0.770
cg_tim0/g15__1617/A
-     AND2x2_ASAP7_75t_R       rise   0.001   0.328   0.013  -      (267.876,284.175)   36.738   -                0.700
cg_tim0/g15__1617/Y
-     AND2x2_ASAP7_75t_R       rise   0.023   0.352   0.020  0.005  (267.948,284.139)    0.108      4             0.700
CTS_ccl_a_buf_01471/A
-     BUFx8_ASAP7_75t_R        rise   0.001   0.353   0.035  -      (266.076,284.589)    2.322   -                0.770
CTS_ccl_a_buf_01471/Y
-     BUFx8_ASAP7_75t_R        rise   0.027   0.380   0.014  0.009  (265.896,284.589)    0.180      4             0.770
CTS_cdb_buf_05284/A
-     BUFx10_ASAP7_75t_R       rise   0.000   0.380   0.014  -      (262.404,284.049)    4.032   -                0.770
CTS_cdb_buf_05284/Y
-     BUFx10_ASAP7_75t_R       rise   0.019   0.399   0.012  0.010  (262.224,284.049)    0.180      2             0.770
u_tim0_cg_icg__RC_CG_HIER_INST57/RC_CGIC_INST/CLK
-     ICGx8DC_ASAP7_75t_L      rise   0.001   0.400   0.013  -      (262.566,281.241)    3.150   -                0.770
u_tim0_cg_icg__RC_CG_HIER_INST57/RC_CGIC_INST/GCLK
-     ICGx8DC_ASAP7_75t_L      rise   0.010   0.410   0.005  0.004  (262.746,281.349)    0.288      2             0.770
CTS_cpc_drv_buf_05399/A
-     BUFx10_ASAP7_75t_R       rise   0.000   0.410   0.005  -      (260.208,279.819)    4.068   -                0.770
CTS_cpc_drv_buf_05399/Y
-     BUFx10_ASAP7_75t_R       rise   0.017   0.427   0.014  0.014  (260.388,279.819)    0.180     21             0.770
u_tim0_prdata_reg[25]/CLK
-     DFFASRHQNx1_ASAP7_75t_R  rise   0.002   0.428   0.016  -      (261.216,274.833)    5.814   -                0.770
------------------------------------------------------------------------------------------------------------------------

Timing for timing corner dc_ss:setup.early, min clock_path:
===========================================================

PathID    : 13
Path type : skew group CLK_TCK/mode_func (path 1 of 1)
Start     : tck
End       : u_jtag_dtm/ir_reg[4]/CLK
Delay     :  0.240

---------------------------------------------------------------------------------------------------------------
Name  Lib cell                 Event  Incr   Arrival  Slew   Cap    Location           Distance  Fanout  Status
                                      (ns)   (ns)     (ns)   (pF)                      (um)              
-- Clockpath trace --------------------------------------------------------------------------------------------
tck
-     -                        rise   -       0.100   0.004  0.024  (161.700,0.000)    -           1     
u_jtag_dtm/CTS_ccl_a_buf_01571/A
-     BUFx12f_ASAP7_75t_R      rise   0.021   0.121   0.054  -      (228.816,96.669)   163.785   -       
u_jtag_dtm/CTS_ccl_a_buf_01571/Y
-     BUFx12f_ASAP7_75t_R      rise   0.038   0.159   0.026  0.013  (228.528,96.669)     0.288     1     
u_jtag_dtm/CTS_ccl_buf_01517/A
-     BUFx24_ASAP7_75t_R       rise   0.009   0.169   0.035  -      (276.660,144.189)   95.652   -       
u_jtag_dtm/CTS_ccl_buf_01517/Y
-     BUFx24_ASAP7_75t_R       rise   0.044   0.213   0.032  0.029  (276.372,144.189)    0.288     8     
u_jtag_dtm/cg_icg__RC_CG_HIER_INST507/RC_CGIC_INST/CLK
-     ICGx2_ASAP7_75t_L        rise   0.003   0.216   0.034  -      (278.406,146.007)    3.852   -       
u_jtag_dtm/cg_icg__RC_CG_HIER_INST507/RC_CGIC_INST/GCLK
-     ICGx2_ASAP7_75t_L        rise   0.024   0.240   0.019  0.003  (279.090,145.899)    0.792     5     
u_jtag_dtm/ir_reg[4]/CLK
-     DFFASRHQNx1_ASAP7_75t_R  rise   0.000   0.240   0.019  -      (279.198,147.393)    1.602   -       
---------------------------------------------------------------------------------------------------------------

Timing for timing corner dc_ss:setup.early, max clock_path:
===========================================================

PathID    : 14
Path type : skew group CLK_TCK/mode_func (path 1 of 1)
Start     : tck
End       : u_jtag_dtm/tdo_reg/CLK
Delay     :  0.272

---------------------------------------------------------------------------------------------------------------
Name  Lib cell                 Event  Incr   Arrival  Slew   Cap    Location           Distance  Fanout  Status
                                      (ns)   (ns)     (ns)   (pF)                      (um)              
-- Clockpath trace --------------------------------------------------------------------------------------------
tck
-     -                        rise   -       0.100   0.004  0.024  (161.700,0.000)    -           1     
u_jtag_dtm/CTS_ccl_a_buf_01571/A
-     BUFx12f_ASAP7_75t_R      rise   0.021   0.121   0.054  -      (228.816,96.669)   163.785   -       
u_jtag_dtm/CTS_ccl_a_buf_01571/Y
-     BUFx12f_ASAP7_75t_R      rise   0.038   0.159   0.026  0.013  (228.528,96.669)     0.288     1     
u_jtag_dtm/CTS_ccl_buf_01517/A
-     BUFx24_ASAP7_75t_R       rise   0.009   0.169   0.035  -      (276.660,144.189)   95.652   -       
u_jtag_dtm/CTS_ccl_buf_01517/Y
-     BUFx24_ASAP7_75t_R       rise   0.044   0.213   0.032  0.029  (276.372,144.189)    0.288     8     
u_jtag_dtm/CTS_ccl_buf_01012/A
-     BUFx12f_ASAP7_75t_R      rise   0.002   0.215   0.034  -      (276.660,145.269)    1.368   -       
u_jtag_dtm/CTS_ccl_buf_01012/Y
-     BUFx12f_ASAP7_75t_R      rise   0.033   0.248   0.026  0.014  (276.372,145.269)    0.288     1     
u_jtag_dtm/g3861/A
-     CKINVDCx8_ASAP7_75t_R    rise   0.009   0.256   0.038  -      (237.456,102.159)   82.026   -       
u_jtag_dtm/g3861/Y
-     CKINVDCx8_ASAP7_75t_R    fall   0.015   0.271   0.014  0.003  (237.384,102.195)    0.108     1     
u_jtag_dtm/tdo_reg/CLK
-     DFFASRHQNx1_ASAP7_75t_R  fall   0.001   0.272   0.014  -      (224.658,94.095)    20.826   -       
---------------------------------------------------------------------------------------------------------------

Timing for timing corner dc_ss:setup.late, min clock_path:
==========================================================

PathID    : 15
Path type : skew group CLK_TCK/mode_func (path 1 of 1)
Start     : tck
End       : u_jtag_dtm/ir_reg[2]/CLK
Delay     :  0.291

---------------------------------------------------------------------------------------------------------------
Name  Lib cell                 Event  Incr   Arrival  Slew   Cap    Location           Distance  Fanout  Status
                                      (ns)   (ns)     (ns)   (pF)                      (um)              
-- Clockpath trace --------------------------------------------------------------------------------------------
tck
-     -                        rise   -       0.150   0.004  0.024  (161.700,0.000)    -           1     
u_jtag_dtm/CTS_ccl_a_buf_01571/A
-     BUFx12f_ASAP7_75t_R      rise   0.021   0.171   0.054  -      (228.816,96.669)   163.785   -       
u_jtag_dtm/CTS_ccl_a_buf_01571/Y
-     BUFx12f_ASAP7_75t_R      rise   0.038   0.209   0.026  0.013  (228.528,96.669)     0.288     1     
u_jtag_dtm/CTS_ccl_buf_01517/A
-     BUFx24_ASAP7_75t_R       rise   0.009   0.219   0.036  -      (276.660,144.189)   95.652   -       
u_jtag_dtm/CTS_ccl_buf_01517/Y
-     BUFx24_ASAP7_75t_R       rise   0.045   0.264   0.035  0.029  (276.372,144.189)    0.288     8     
u_jtag_dtm/cg_icg__RC_CG_HIER_INST507/RC_CGIC_INST/CLK
-     ICGx2_ASAP7_75t_L        rise   0.003   0.267   0.040  -      (278.406,146.007)    3.852   -       
u_jtag_dtm/cg_icg__RC_CG_HIER_INST507/RC_CGIC_INST/GCLK
-     ICGx2_ASAP7_75t_L        rise   0.024   0.291   0.019  0.003  (279.090,145.899)    0.792     5     
u_jtag_dtm/ir_reg[2]/CLK
-     DFFASRHQNx1_ASAP7_75t_R  rise   0.000   0.291   0.019  -      (279.090,145.773)    0.126   -       
---------------------------------------------------------------------------------------------------------------

Timing for timing corner dc_ss:setup.late, max clock_path:
==========================================================

PathID    : 16
Path type : skew group CLK_TCK/mode_func (path 1 of 1)
Start     : tck
End       : u_jtag_dtm/tdo_reg/CLK
Delay     :  0.325

---------------------------------------------------------------------------------------------------------------
Name  Lib cell                 Event  Incr   Arrival  Slew   Cap    Location           Distance  Fanout  Status
                                      (ns)   (ns)     (ns)   (pF)                      (um)              
-- Clockpath trace --------------------------------------------------------------------------------------------
tck
-     -                        rise   -       0.150   0.004  0.024  (161.700,0.000)    -           1     
u_jtag_dtm/CTS_ccl_a_buf_01571/A
-     BUFx12f_ASAP7_75t_R      rise   0.021   0.171   0.054  -      (228.816,96.669)   163.785   -       
u_jtag_dtm/CTS_ccl_a_buf_01571/Y
-     BUFx12f_ASAP7_75t_R      rise   0.038   0.209   0.026  0.013  (228.528,96.669)     0.288     1     
u_jtag_dtm/CTS_ccl_buf_01517/A
-     BUFx24_ASAP7_75t_R       rise   0.009   0.219   0.036  -      (276.660,144.189)   95.652   -       
u_jtag_dtm/CTS_ccl_buf_01517/Y
-     BUFx24_ASAP7_75t_R       rise   0.045   0.264   0.035  0.029  (276.372,144.189)    0.288     8     
u_jtag_dtm/CTS_ccl_buf_01012/A
-     BUFx12f_ASAP7_75t_R      rise   0.002   0.266   0.039  -      (276.660,145.269)    1.368   -       
u_jtag_dtm/CTS_ccl_buf_01012/Y
-     BUFx12f_ASAP7_75t_R      rise   0.034   0.300   0.026  0.014  (276.372,145.269)    0.288     1     
u_jtag_dtm/g3861/A
-     CKINVDCx8_ASAP7_75t_R    rise   0.009   0.309   0.039  -      (237.456,102.159)   82.026   -       
u_jtag_dtm/g3861/Y
-     CKINVDCx8_ASAP7_75t_R    fall   0.015   0.324   0.014  0.003  (237.384,102.195)    0.108     1     
u_jtag_dtm/tdo_reg/CLK
-     DFFASRHQNx1_ASAP7_75t_R  fall   0.001   0.325   0.014  -      (224.658,94.095)    20.826   -       
---------------------------------------------------------------------------------------------------------------

Timing for timing corner dc_tt:both.early, min clock_path:
==========================================================

PathID    : 17
Path type : skew group CLK_TCK/mode_func (path 1 of 1)
Start     : tck
End       : u_jtag_dtm/ir_reg[4]/CLK
Delay     :  0.204

---------------------------------------------------------------------------------------------------------------
Name  Lib cell                 Event  Incr   Arrival  Slew   Cap    Location           Distance  Fanout  Status
                                      (ns)   (ns)     (ns)   (pF)                      (um)              
-- Clockpath trace --------------------------------------------------------------------------------------------
tck
-     -                        rise   -       0.100   0.004  0.024  (161.700,0.000)    -           1     
u_jtag_dtm/CTS_ccl_a_buf_01571/A
-     BUFx12f_ASAP7_75t_R      rise   0.018   0.118   0.045  -      (228.816,96.669)   163.785   -       
u_jtag_dtm/CTS_ccl_a_buf_01571/Y
-     BUFx12f_ASAP7_75t_R      rise   0.027   0.145   0.018  0.013  (228.528,96.669)     0.288     1     
u_jtag_dtm/CTS_ccl_buf_01517/A
-     BUFx24_ASAP7_75t_R       rise   0.008   0.153   0.027  -      (276.660,144.189)   95.652   -       
u_jtag_dtm/CTS_ccl_buf_01517/Y
-     BUFx24_ASAP7_75t_R       rise   0.032   0.184   0.024  0.031  (276.372,144.189)    0.288     8     
u_jtag_dtm/cg_icg__RC_CG_HIER_INST507/RC_CGIC_INST/CLK
-     ICGx2_ASAP7_75t_L        rise   0.002   0.187   0.027  -      (278.406,146.007)    3.852   -       
u_jtag_dtm/cg_icg__RC_CG_HIER_INST507/RC_CGIC_INST/GCLK
-     ICGx2_ASAP7_75t_L        rise   0.017   0.203   0.013  0.003  (279.090,145.899)    0.792     5     
u_jtag_dtm/ir_reg[4]/CLK
-     DFFASRHQNx1_ASAP7_75t_R  rise   0.000   0.204   0.013  -      (279.198,147.393)    1.602   -       
---------------------------------------------------------------------------------------------------------------

Timing for timing corner dc_tt:both.early, max clock_path:
==========================================================

PathID    : 18
Path type : skew group CLK_TCK/mode_func (path 1 of 1)
Start     : tck
End       : u_jtag_dtm/tdo_reg/CLK
Delay     :  0.227

---------------------------------------------------------------------------------------------------------------
Name  Lib cell                 Event  Incr   Arrival  Slew   Cap    Location           Distance  Fanout  Status
                                      (ns)   (ns)     (ns)   (pF)                      (um)              
-- Clockpath trace --------------------------------------------------------------------------------------------
tck
-     -                        rise   -       0.100   0.004  0.024  (161.700,0.000)    -           1     
u_jtag_dtm/CTS_ccl_a_buf_01571/A
-     BUFx12f_ASAP7_75t_R      rise   0.018   0.118   0.045  -      (228.816,96.669)   163.785   -       
u_jtag_dtm/CTS_ccl_a_buf_01571/Y
-     BUFx12f_ASAP7_75t_R      rise   0.027   0.145   0.018  0.013  (228.528,96.669)     0.288     1     
u_jtag_dtm/CTS_ccl_buf_01517/A
-     BUFx24_ASAP7_75t_R       rise   0.008   0.153   0.027  -      (276.660,144.189)   95.652   -       
u_jtag_dtm/CTS_ccl_buf_01517/Y
-     BUFx24_ASAP7_75t_R       rise   0.032   0.184   0.024  0.031  (276.372,144.189)    0.288     8     
u_jtag_dtm/CTS_ccl_buf_01012/A
-     BUFx12f_ASAP7_75t_R      rise   0.002   0.186   0.027  -      (276.660,145.269)    1.368   -       
u_jtag_dtm/CTS_ccl_buf_01012/Y
-     BUFx12f_ASAP7_75t_R      rise   0.023   0.209   0.018  0.014  (276.372,145.269)    0.288     1     
u_jtag_dtm/g3861/A
-     CKINVDCx8_ASAP7_75t_R    rise   0.008   0.216   0.030  -      (237.456,102.159)   82.026   -       
u_jtag_dtm/g3861/Y
-     CKINVDCx8_ASAP7_75t_R    fall   0.010   0.226   0.010  0.003  (237.384,102.195)    0.108     1     
u_jtag_dtm/tdo_reg/CLK
-     DFFASRHQNx1_ASAP7_75t_R  fall   0.001   0.227   0.010  -      (224.658,94.095)    20.826   -       
---------------------------------------------------------------------------------------------------------------

Timing for timing corner dc_tt:both.late, min clock_path:
=========================================================

PathID    : 19
Path type : skew group CLK_TCK/mode_func (path 1 of 1)
Start     : tck
End       : u_jtag_dtm/ir_reg[4]/CLK
Delay     :  0.255

---------------------------------------------------------------------------------------------------------------
Name  Lib cell                 Event  Incr   Arrival  Slew   Cap    Location           Distance  Fanout  Status
                                      (ns)   (ns)     (ns)   (pF)                      (um)              
-- Clockpath trace --------------------------------------------------------------------------------------------
tck
-     -                        rise   -       0.150   0.004  0.024  (161.700,0.000)    -           1     
u_jtag_dtm/CTS_ccl_a_buf_01571/A
-     BUFx12f_ASAP7_75t_R      rise   0.018   0.168   0.045  -      (228.816,96.669)   163.785   -       
u_jtag_dtm/CTS_ccl_a_buf_01571/Y
-     BUFx12f_ASAP7_75t_R      rise   0.027   0.195   0.018  0.013  (228.528,96.669)     0.288     1     
u_jtag_dtm/CTS_ccl_buf_01517/A
-     BUFx24_ASAP7_75t_R       rise   0.008   0.203   0.027  -      (276.660,144.189)   95.652   -       
u_jtag_dtm/CTS_ccl_buf_01517/Y
-     BUFx24_ASAP7_75t_R       rise   0.032   0.235   0.027  0.031  (276.372,144.189)    0.288     8     
u_jtag_dtm/cg_icg__RC_CG_HIER_INST507/RC_CGIC_INST/CLK
-     ICGx2_ASAP7_75t_L        rise   0.003   0.238   0.032  -      (278.406,146.007)    3.852   -       
u_jtag_dtm/cg_icg__RC_CG_HIER_INST507/RC_CGIC_INST/GCLK
-     ICGx2_ASAP7_75t_L        rise   0.017   0.255   0.013  0.003  (279.090,145.899)    0.792     5     
u_jtag_dtm/ir_reg[4]/CLK
-     DFFASRHQNx1_ASAP7_75t_R  rise   0.000   0.255   0.013  -      (279.198,147.393)    1.602   -       
---------------------------------------------------------------------------------------------------------------

Timing for timing corner dc_tt:both.late, max clock_path:
=========================================================

PathID    : 20
Path type : skew group CLK_TCK/mode_func (path 1 of 1)
Start     : tck
End       : u_jtag_dtm/dmi_req_data_reg[17]/CLK
Delay     :  0.279

-----------------------------------------------------------------------------------------------------------
Name  Lib cell             Event  Incr   Arrival  Slew   Cap    Location           Distance  Fanout  Status
                                  (ns)   (ns)     (ns)   (pF)                      (um)              
-- Clockpath trace ----------------------------------------------------------------------------------------
tck
-     -                    rise   -       0.150   0.004  0.024  (161.700,0.000)    -            1    
u_jtag_dtm/CTS_ccl_a_buf_01571/A
-     BUFx12f_ASAP7_75t_R  rise   0.018   0.168   0.045  -      (228.816,96.669)   163.785   -       
u_jtag_dtm/CTS_ccl_a_buf_01571/Y
-     BUFx12f_ASAP7_75t_R  rise   0.027   0.195   0.018  0.013  (228.528,96.669)     0.288      1    
u_jtag_dtm/CTS_ccl_buf_01517/A
-     BUFx24_ASAP7_75t_R   rise   0.008   0.203   0.027  -      (276.660,144.189)   95.652   -       
u_jtag_dtm/CTS_ccl_buf_01517/Y
-     BUFx24_ASAP7_75t_R   rise   0.032   0.235   0.027  0.031  (276.372,144.189)    0.288      8    
u_jtag_dtm/cg_icg__RC_CG_HIER_INST503/RC_CGIC_INST/CLK
-     ICGx8DC_ASAP7_75t_L  rise   0.004   0.239   0.034  -      (281.412,151.101)   11.952   -       
u_jtag_dtm/cg_icg__RC_CG_HIER_INST503/RC_CGIC_INST/GCLK
-     ICGx8DC_ASAP7_75t_L  rise   0.014   0.254   0.007  0.003  (281.592,151.209)    0.288      2    
u_jtag_dtm/CTS_idc_buf_04666/A
-     BUFx10_ASAP7_75t_R   rise   0.000   0.254   0.007  -      (282.330,149.049)    2.898   -       
u_jtag_dtm/CTS_idc_buf_04666/Y
-     BUFx10_ASAP7_75t_R   rise   0.023   0.277   0.020  0.014  (282.150,149.049)    0.180     21    
u_jtag_dtm/dmi_req_data_reg[17]/CLK
-     DFFHQx4_ASAP7_75t_R  rise   0.002   0.279   0.022  -      (286.920,151.335)    7.056   -       
-----------------------------------------------------------------------------------------------------------

Timing for timing corner dc_ff:hold.early, min clock_path:
==========================================================

PathID    : 21
Path type : skew group CLK_TCK/mode_func (path 1 of 1)
Start     : tck
End       : u_jtag_dtm/ir_shift_reg[2]/CLK
Delay     :  0.184

---------------------------------------------------------------------------------------------------------------
Name  Lib cell                 Event  Incr   Arrival  Slew   Cap    Location           Distance  Fanout  Status
                                      (ns)   (ns)     (ns)   (pF)                      (um)              
-- Clockpath trace --------------------------------------------------------------------------------------------
tck
-     -                        rise   -       0.100   0.004  0.025  (161.700,0.000)    -           1     
u_jtag_dtm/CTS_ccl_a_buf_01571/A
-     BUFx12f_ASAP7_75t_R      rise   0.017   0.117   0.043  -      (228.816,96.669)   163.785   -       
u_jtag_dtm/CTS_ccl_a_buf_01571/Y
-     BUFx12f_ASAP7_75t_R      rise   0.020   0.137   0.014  0.014  (228.528,96.669)     0.288     1     
u_jtag_dtm/CTS_ccl_buf_01517/A
-     BUFx24_ASAP7_75t_R       rise   0.007   0.144   0.024  -      (276.660,144.189)   95.652   -       
u_jtag_dtm/CTS_ccl_buf_01517/Y
-     BUFx24_ASAP7_75t_R       rise   0.024   0.169   0.021  0.034  (276.372,144.189)    0.288     8     
u_jtag_dtm/cg_icg__RC_CG_HIER_INST508/RC_CGIC_INST/CLK
-     ICGx2_ASAP7_75t_L        rise   0.002   0.171   0.024  -      (276.516,146.007)    1.962   -       
u_jtag_dtm/cg_icg__RC_CG_HIER_INST508/RC_CGIC_INST/GCLK
-     ICGx2_ASAP7_75t_L        rise   0.013   0.184   0.011  0.003  (277.200,145.899)    0.792     5     
u_jtag_dtm/ir_shift_reg[2]/CLK
-     DFFASRHQNx1_ASAP7_75t_R  rise   0.000   0.184   0.011  -      (277.578,145.773)    0.504   -       
---------------------------------------------------------------------------------------------------------------

Timing for timing corner dc_ff:hold.early, max clock_path:
==========================================================

PathID    : 22
Path type : skew group CLK_TCK/mode_func (path 1 of 1)
Start     : tck
End       : u_jtag_dtm/dmi_req_data_reg[24]/CLK
Delay     :  0.202

-----------------------------------------------------------------------------------------------------------
Name  Lib cell             Event  Incr   Arrival  Slew   Cap    Location           Distance  Fanout  Status
                                  (ns)   (ns)     (ns)   (pF)                      (um)              
-- Clockpath trace ----------------------------------------------------------------------------------------
tck
-     -                    rise   -       0.100   0.004  0.025  (161.700,0.000)    -            1    
u_jtag_dtm/CTS_ccl_a_buf_01571/A
-     BUFx12f_ASAP7_75t_R  rise   0.017   0.117   0.043  -      (228.816,96.669)   163.785   -       
u_jtag_dtm/CTS_ccl_a_buf_01571/Y
-     BUFx12f_ASAP7_75t_R  rise   0.020   0.137   0.014  0.014  (228.528,96.669)     0.288      1    
u_jtag_dtm/CTS_ccl_buf_01517/A
-     BUFx24_ASAP7_75t_R   rise   0.007   0.144   0.024  -      (276.660,144.189)   95.652   -       
u_jtag_dtm/CTS_ccl_buf_01517/Y
-     BUFx24_ASAP7_75t_R   rise   0.024   0.169   0.021  0.034  (276.372,144.189)    0.288      8    
u_jtag_dtm/cg_icg__RC_CG_HIER_INST503/RC_CGIC_INST/CLK
-     ICGx8DC_ASAP7_75t_L  rise   0.004   0.172   0.026  -      (281.412,151.101)   11.952   -       
u_jtag_dtm/cg_icg__RC_CG_HIER_INST503/RC_CGIC_INST/GCLK
-     ICGx8DC_ASAP7_75t_L  rise   0.011   0.183   0.005  0.003  (281.592,151.209)    0.288      2    
u_jtag_dtm/CTS_idc_buf_04666/A
-     BUFx10_ASAP7_75t_R   rise   0.000   0.183   0.005  -      (282.330,149.049)    2.898   -       
u_jtag_dtm/CTS_idc_buf_04666/Y
-     BUFx10_ASAP7_75t_R   rise   0.017   0.200   0.016  0.015  (282.150,149.049)    0.180     21    
u_jtag_dtm/dmi_req_data_reg[24]/CLK
-     DFFHQx4_ASAP7_75t_R  rise   0.002   0.202   0.018  -      (290.214,150.093)    9.108   -       
-----------------------------------------------------------------------------------------------------------

Timing for timing corner dc_ff:hold.late, min clock_path:
=========================================================

PathID    : 23
Path type : skew group CLK_TCK/mode_func (path 1 of 1)
Start     : tck
End       : u_jtag_dtm/ir_shift_reg[2]/CLK
Delay     :  0.235

---------------------------------------------------------------------------------------------------------------
Name  Lib cell                 Event  Incr   Arrival  Slew   Cap    Location           Distance  Fanout  Status
                                      (ns)   (ns)     (ns)   (pF)                      (um)              
-- Clockpath trace --------------------------------------------------------------------------------------------
tck
-     -                        rise   -       0.150   0.004  0.025  (161.700,0.000)    -           1     
u_jtag_dtm/CTS_ccl_a_buf_01571/A
-     BUFx12f_ASAP7_75t_R      rise   0.017   0.167   0.043  -      (228.816,96.669)   163.785   -       
u_jtag_dtm/CTS_ccl_a_buf_01571/Y
-     BUFx12f_ASAP7_75t_R      rise   0.020   0.187   0.014  0.014  (228.528,96.669)     0.288     1     
u_jtag_dtm/CTS_ccl_buf_01517/A
-     BUFx24_ASAP7_75t_R       rise   0.007   0.194   0.024  -      (276.660,144.189)   95.652   -       
u_jtag_dtm/CTS_ccl_buf_01517/Y
-     BUFx24_ASAP7_75t_R       rise   0.025   0.219   0.026  0.034  (276.372,144.189)    0.288     8     
u_jtag_dtm/cg_icg__RC_CG_HIER_INST508/RC_CGIC_INST/CLK
-     ICGx2_ASAP7_75t_L        rise   0.003   0.222   0.031  -      (276.516,146.007)    1.962   -       
u_jtag_dtm/cg_icg__RC_CG_HIER_INST508/RC_CGIC_INST/GCLK
-     ICGx2_ASAP7_75t_L        rise   0.013   0.235   0.011  0.003  (277.200,145.899)    0.792     5     
u_jtag_dtm/ir_shift_reg[2]/CLK
-     DFFASRHQNx1_ASAP7_75t_R  rise   0.000   0.235   0.011  -      (277.578,145.773)    0.504   -       
---------------------------------------------------------------------------------------------------------------

Timing for timing corner dc_ff:hold.late, max clock_path:
=========================================================

PathID    : 24
Path type : skew group CLK_TCK/mode_func (path 1 of 1)
Start     : tck
End       : u_jtag_dtm/dmi_req_data_reg[24]/CLK
Delay     :  0.255

-----------------------------------------------------------------------------------------------------------
Name  Lib cell             Event  Incr   Arrival  Slew   Cap    Location           Distance  Fanout  Status
                                  (ns)   (ns)     (ns)   (pF)                      (um)              
-- Clockpath trace ----------------------------------------------------------------------------------------
tck
-     -                    rise   -       0.150   0.004  0.025  (161.700,0.000)    -            1    
u_jtag_dtm/CTS_ccl_a_buf_01571/A
-     BUFx12f_ASAP7_75t_R  rise   0.017   0.167   0.043  -      (228.816,96.669)   163.785   -       
u_jtag_dtm/CTS_ccl_a_buf_01571/Y
-     BUFx12f_ASAP7_75t_R  rise   0.020   0.187   0.014  0.014  (228.528,96.669)     0.288      1    
u_jtag_dtm/CTS_ccl_buf_01517/A
-     BUFx24_ASAP7_75t_R   rise   0.007   0.194   0.024  -      (276.660,144.189)   95.652   -       
u_jtag_dtm/CTS_ccl_buf_01517/Y
-     BUFx24_ASAP7_75t_R   rise   0.025   0.219   0.026  0.034  (276.372,144.189)    0.288      8    
u_jtag_dtm/cg_icg__RC_CG_HIER_INST503/RC_CGIC_INST/CLK
-     ICGx8DC_ASAP7_75t_L  rise   0.005   0.224   0.033  -      (281.412,151.101)   11.952   -       
u_jtag_dtm/cg_icg__RC_CG_HIER_INST503/RC_CGIC_INST/GCLK
-     ICGx8DC_ASAP7_75t_L  rise   0.011   0.235   0.005  0.003  (281.592,151.209)    0.288      2    
u_jtag_dtm/CTS_idc_buf_04666/A
-     BUFx10_ASAP7_75t_R   rise   0.000   0.235   0.005  -      (282.330,149.049)    2.898   -       
u_jtag_dtm/CTS_idc_buf_04666/Y
-     BUFx10_ASAP7_75t_R   rise   0.017   0.252   0.016  0.015  (282.150,149.049)    0.180     21    
u_jtag_dtm/dmi_req_data_reg[24]/CLK
-     DFFHQx4_ASAP7_75t_R  rise   0.002   0.255   0.018  -      (290.214,150.093)    9.108   -       
-----------------------------------------------------------------------------------------------------------

Timing for timing corner dc_ss:setup.early, min clock_path:
===========================================================

PathID    : 25
Path type : skew group _clock_gen_CLK_SYS_en_latch_reg_01/mode_func (path 1 of 1)
Start     : clk
End       : cg_ascon/en_latch_reg/CLK
Delay     :  0.328

-----------------------------------------------------------------------------------------------------------
Name  Lib cell             Event  Incr   Arrival  Slew   Cap    Location           Distance  Fanout  Status
                                  (ns)   (ns)     (ns)   (pF)                      (um)              
-- Clockpath trace ----------------------------------------------------------------------------------------
clk
-     -                    rise   -       0.100   0.004  0.019  (139.684,0.000)    -           2     
CTS_ccl_buf_01624/A
-     BUFx12f_ASAP7_75t_R  rise   0.015   0.115   0.038  -      (193.950,103.779)  158.045   -       
CTS_ccl_buf_01624/Y
-     BUFx12f_ASAP7_75t_R  rise   0.033   0.147   0.017  0.008  (194.238,103.779)    0.288     2     
CTS_ccl_buf_01623/A
-     BUFx10_ASAP7_75t_R   rise   0.003   0.150   0.019  -      (217.800,123.669)   43.452   -       
CTS_ccl_buf_01623/Y
-     BUFx10_ASAP7_75t_R   rise   0.037   0.188   0.032  0.014  (217.620,123.669)    0.180     3     
CTS_ccl_buf_01620/A
-     BUFx8_ASAP7_75t_R    rise   0.008   0.195   0.036  -      (247.464,186.939)   93.114   -       
CTS_ccl_buf_01620/Y
-     BUFx8_ASAP7_75t_R    rise   0.045   0.241   0.027  0.008  (247.644,186.939)    0.180     2     
CTS_ccl_a_buf_01613/A
-     BUFx8_ASAP7_75t_R    rise   0.004   0.245   0.029  -      (248.364,254.349)   68.130   -       
CTS_ccl_a_buf_01613/Y
-     BUFx8_ASAP7_75t_R    rise   0.040   0.285   0.019  0.004  (248.184,254.349)    0.180     2     
CTS_cfo_buf_0_04699/A
-     BUFx8_ASAP7_75t_R    rise   0.001   0.285   0.019  -      (247.446,267.309)   13.698   -       
CTS_cfo_buf_0_04699/Y
-     BUFx8_ASAP7_75t_R    rise   0.041   0.327   0.031  0.011  (247.266,267.309)    0.180     4     
cg_ascon/en_latch_reg/CLK
-     DLLx1_ASAP7_75t_R    rise   0.001   0.328   0.032  -      (233.694,262.413)   18.468   -       
-----------------------------------------------------------------------------------------------------------

Timing for timing corner dc_ss:setup.early, max clock_path:
===========================================================

PathID    : 26
Path type : skew group _clock_gen_CLK_SYS_en_latch_reg_01/mode_func (path 1 of 1)
Start     : clk
End       : u_axi_to_apb_m_apb_paddr_reg[30]/CLK
Delay     :  0.378

---------------------------------------------------------------------------------------------------------------
Name  Lib cell                 Event  Incr   Arrival  Slew   Cap    Location           Distance  Fanout  Status
                                      (ns)   (ns)     (ns)   (pF)                      (um)              
-- Clockpath trace --------------------------------------------------------------------------------------------
clk
-     -                        rise   -       0.100   0.004  0.019  (139.684,0.000)    -            2    
CTS_ccl_buf_01624/A
-     BUFx12f_ASAP7_75t_R      rise   0.015   0.115   0.038  -      (193.950,103.779)  158.045   -       
CTS_ccl_buf_01624/Y
-     BUFx12f_ASAP7_75t_R      rise   0.033   0.147   0.017  0.008  (194.238,103.779)    0.288      2    
CTS_ccl_buf_01623/A
-     BUFx10_ASAP7_75t_R       rise   0.003   0.150   0.019  -      (217.800,123.669)   43.452   -       
CTS_ccl_buf_01623/Y
-     BUFx10_ASAP7_75t_R       rise   0.037   0.188   0.032  0.014  (217.620,123.669)    0.180      3    
CTS_ccl_buf_01620/A
-     BUFx8_ASAP7_75t_R        rise   0.008   0.195   0.036  -      (247.464,186.939)   93.114   -       
CTS_ccl_buf_01620/Y
-     BUFx8_ASAP7_75t_R        rise   0.045   0.241   0.027  0.008  (247.644,186.939)    0.180      2    
CTS_ccl_a_buf_01613/A
-     BUFx8_ASAP7_75t_R        rise   0.004   0.245   0.029  -      (248.364,254.349)   68.130   -       
CTS_ccl_a_buf_01613/Y
-     BUFx8_ASAP7_75t_R        rise   0.040   0.285   0.019  0.004  (248.184,254.349)    0.180      2    
CTS_ccl_buf_01605/A
-     BUFx8_ASAP7_75t_R        rise   0.001   0.285   0.019  -      (259.236,255.519)   12.222   -       
CTS_ccl_buf_01605/Y
-     BUFx8_ASAP7_75t_R        rise   0.036   0.322   0.021  0.007  (259.416,255.519)    0.180      2    
u_axi_to_apb_cg_icg__RC_CG_HIER_INST228/RC_CGIC_INST/CLK
-     ICGx8DC_ASAP7_75t_L      rise   0.000   0.322   0.021  -      (261.432,253.701)    3.834   -       
u_axi_to_apb_cg_icg__RC_CG_HIER_INST228/RC_CGIC_INST/GCLK
-     ICGx8DC_ASAP7_75t_L      rise   0.019   0.341   0.013  0.005  (261.612,253.809)    0.288      2    
CTS_ccl_a_buf_00513/A
-     BUFx10_ASAP7_75t_R       rise   0.001   0.342   0.013  -      (260.568,250.119)    4.734   -       
CTS_ccl_a_buf_00513/Y
-     BUFx10_ASAP7_75t_R       rise   0.033   0.375   0.027  0.012  (260.388,250.119)    0.180     20    
u_axi_to_apb_m_apb_paddr_reg[30]/CLK
-     DFFASRHQNx1_ASAP7_75t_R  rise   0.003   0.378   0.029  -      (259.002,238.275)   13.230   -       
---------------------------------------------------------------------------------------------------------------

Timing for timing corner dc_ss:setup.late, min clock_path:
==========================================================

PathID    : 27
Path type : skew group _clock_gen_CLK_SYS_en_latch_reg_01/mode_func (path 1 of 1)
Start     : clk
End       : cg_ascon/en_latch_reg/CLK
Delay     :  0.378

-----------------------------------------------------------------------------------------------------------
Name  Lib cell             Event  Incr   Arrival  Slew   Cap    Location           Distance  Fanout  Status
                                  (ns)   (ns)     (ns)   (pF)                      (um)              
-- Clockpath trace ----------------------------------------------------------------------------------------
clk
-     -                    rise   -       0.150   0.004  0.019  (139.684,0.000)    -           2     
CTS_ccl_buf_01624/A
-     BUFx12f_ASAP7_75t_R  rise   0.015   0.165   0.038  -      (193.950,103.779)  158.045   -       
CTS_ccl_buf_01624/Y
-     BUFx12f_ASAP7_75t_R  rise   0.033   0.198   0.017  0.008  (194.238,103.779)    0.288     2     
CTS_ccl_buf_01623/A
-     BUFx10_ASAP7_75t_R   rise   0.003   0.200   0.019  -      (217.800,123.669)   43.452   -       
CTS_ccl_buf_01623/Y
-     BUFx10_ASAP7_75t_R   rise   0.037   0.237   0.032  0.014  (217.620,123.669)    0.180     3     
CTS_ccl_buf_01620/A
-     BUFx8_ASAP7_75t_R    rise   0.008   0.245   0.037  -      (247.464,186.939)   93.114   -       
CTS_ccl_buf_01620/Y
-     BUFx8_ASAP7_75t_R    rise   0.045   0.291   0.027  0.008  (247.644,186.939)    0.180     2     
CTS_ccl_a_buf_01613/A
-     BUFx8_ASAP7_75t_R    rise   0.004   0.295   0.029  -      (248.364,254.349)   68.130   -       
CTS_ccl_a_buf_01613/Y
-     BUFx8_ASAP7_75t_R    rise   0.040   0.335   0.019  0.004  (248.184,254.349)    0.180     2     
CTS_cfo_buf_0_04699/A
-     BUFx8_ASAP7_75t_R    rise   0.001   0.335   0.019  -      (247.446,267.309)   13.698   -       
CTS_cfo_buf_0_04699/Y
-     BUFx8_ASAP7_75t_R    rise   0.041   0.377   0.031  0.011  (247.266,267.309)    0.180     4     
cg_ascon/en_latch_reg/CLK
-     DLLx1_ASAP7_75t_R    rise   0.001   0.378   0.032  -      (233.694,262.413)   18.468   -       
-----------------------------------------------------------------------------------------------------------

Timing for timing corner dc_ss:setup.late, max clock_path:
==========================================================

PathID    : 28
Path type : skew group _clock_gen_CLK_SYS_en_latch_reg_01/mode_func (path 1 of 1)
Start     : clk
End       : u_axi_to_apb_m_apb_paddr_reg[30]/CLK
Delay     :  0.429

---------------------------------------------------------------------------------------------------------------
Name  Lib cell                 Event  Incr   Arrival  Slew   Cap    Location           Distance  Fanout  Status
                                      (ns)   (ns)     (ns)   (pF)                      (um)              
-- Clockpath trace --------------------------------------------------------------------------------------------
clk
-     -                        rise   -       0.150   0.004  0.019  (139.684,0.000)    -            2    
CTS_ccl_buf_01624/A
-     BUFx12f_ASAP7_75t_R      rise   0.015   0.165   0.038  -      (193.950,103.779)  158.045   -       
CTS_ccl_buf_01624/Y
-     BUFx12f_ASAP7_75t_R      rise   0.033   0.198   0.017  0.008  (194.238,103.779)    0.288      2    
CTS_ccl_buf_01623/A
-     BUFx10_ASAP7_75t_R       rise   0.003   0.200   0.019  -      (217.800,123.669)   43.452   -       
CTS_ccl_buf_01623/Y
-     BUFx10_ASAP7_75t_R       rise   0.037   0.237   0.032  0.014  (217.620,123.669)    0.180      3    
CTS_ccl_buf_01620/A
-     BUFx8_ASAP7_75t_R        rise   0.008   0.245   0.037  -      (247.464,186.939)   93.114   -       
CTS_ccl_buf_01620/Y
-     BUFx8_ASAP7_75t_R        rise   0.045   0.291   0.027  0.008  (247.644,186.939)    0.180      2    
CTS_ccl_a_buf_01613/A
-     BUFx8_ASAP7_75t_R        rise   0.004   0.295   0.029  -      (248.364,254.349)   68.130   -       
CTS_ccl_a_buf_01613/Y
-     BUFx8_ASAP7_75t_R        rise   0.040   0.335   0.019  0.004  (248.184,254.349)    0.180      2    
CTS_ccl_buf_01605/A
-     BUFx8_ASAP7_75t_R        rise   0.001   0.335   0.019  -      (259.236,255.519)   12.222   -       
CTS_ccl_buf_01605/Y
-     BUFx8_ASAP7_75t_R        rise   0.037   0.372   0.024  0.007  (259.416,255.519)    0.180      2    
u_axi_to_apb_cg_icg__RC_CG_HIER_INST228/RC_CGIC_INST/CLK
-     ICGx8DC_ASAP7_75t_L      rise   0.000   0.373   0.024  -      (261.432,253.701)    3.834   -       
u_axi_to_apb_cg_icg__RC_CG_HIER_INST228/RC_CGIC_INST/GCLK
-     ICGx8DC_ASAP7_75t_L      rise   0.020   0.393   0.013  0.005  (261.612,253.809)    0.288      2    
CTS_ccl_a_buf_00513/A
-     BUFx10_ASAP7_75t_R       rise   0.001   0.393   0.013  -      (260.568,250.119)    4.734   -       
CTS_ccl_a_buf_00513/Y
-     BUFx10_ASAP7_75t_R       rise   0.033   0.426   0.027  0.012  (260.388,250.119)    0.180     20    
u_axi_to_apb_m_apb_paddr_reg[30]/CLK
-     DFFASRHQNx1_ASAP7_75t_R  rise   0.003   0.429   0.030  -      (259.002,238.275)   13.230   -       
---------------------------------------------------------------------------------------------------------------

Timing for timing corner dc_tt:both.early, min clock_path:
==========================================================

PathID    : 29
Path type : skew group _clock_gen_CLK_SYS_en_latch_reg_01/mode_func (path 1 of 1)
Start     : clk
End       : cg_ascon/en_latch_reg/CLK
Delay     :  0.263

-----------------------------------------------------------------------------------------------------------
Name  Lib cell             Event  Incr   Arrival  Slew   Cap    Location           Distance  Fanout  Status
                                  (ns)   (ns)     (ns)   (pF)                      (um)              
-- Clockpath trace ----------------------------------------------------------------------------------------
clk
-     -                    rise   -       0.100   0.004  0.019  (139.684,0.000)    -           2     
CTS_ccl_buf_01624/A
-     BUFx12f_ASAP7_75t_R  rise   0.013   0.113   0.032  -      (193.950,103.779)  158.045   -       
CTS_ccl_buf_01624/Y
-     BUFx12f_ASAP7_75t_R  rise   0.023   0.136   0.012  0.008  (194.238,103.779)    0.288     2     
CTS_ccl_buf_01623/A
-     BUFx10_ASAP7_75t_R   rise   0.003   0.139   0.014  -      (217.800,123.669)   43.452   -       
CTS_ccl_buf_01623/Y
-     BUFx10_ASAP7_75t_R   rise   0.025   0.164   0.021  0.015  (217.620,123.669)    0.180     3     
CTS_ccl_buf_01620/A
-     BUFx8_ASAP7_75t_R    rise   0.007   0.170   0.026  -      (247.464,186.939)   93.114   -       
CTS_ccl_buf_01620/Y
-     BUFx8_ASAP7_75t_R    rise   0.031   0.201   0.018  0.009  (247.644,186.939)    0.180     2     
CTS_ccl_a_buf_01613/A
-     BUFx8_ASAP7_75t_R    rise   0.004   0.205   0.020  -      (248.364,254.349)   68.130   -       
CTS_ccl_a_buf_01613/Y
-     BUFx8_ASAP7_75t_R    rise   0.027   0.232   0.013  0.004  (248.184,254.349)    0.180     2     
CTS_cfo_buf_0_04699/A
-     BUFx8_ASAP7_75t_R    rise   0.001   0.233   0.013  -      (247.446,267.309)   13.698   -       
CTS_cfo_buf_0_04699/Y
-     BUFx8_ASAP7_75t_R    rise   0.028   0.262   0.021  0.011  (247.266,267.309)    0.180     4     
cg_ascon/en_latch_reg/CLK
-     DLLx1_ASAP7_75t_R    rise   0.001   0.263   0.021  -      (233.694,262.413)   18.468   -       
-----------------------------------------------------------------------------------------------------------

Timing for timing corner dc_tt:both.early, max clock_path:
==========================================================

PathID    : 30
Path type : skew group _clock_gen_CLK_SYS_en_latch_reg_01/mode_func (path 1 of 1)
Start     : clk
End       : u_axi_to_apb_m_apb_paddr_reg[29]/CLK
Delay     :  0.298

---------------------------------------------------------------------------------------------------------------
Name  Lib cell                 Event  Incr   Arrival  Slew   Cap    Location           Distance  Fanout  Status
                                      (ns)   (ns)     (ns)   (pF)                      (um)              
-- Clockpath trace --------------------------------------------------------------------------------------------
clk
-     -                        rise   -       0.100   0.004  0.019  (139.684,0.000)    -            2    
CTS_ccl_buf_01624/A
-     BUFx12f_ASAP7_75t_R      rise   0.013   0.113   0.032  -      (193.950,103.779)  158.045   -       
CTS_ccl_buf_01624/Y
-     BUFx12f_ASAP7_75t_R      rise   0.023   0.136   0.012  0.008  (194.238,103.779)    0.288      2    
CTS_ccl_buf_01623/A
-     BUFx10_ASAP7_75t_R       rise   0.003   0.139   0.014  -      (217.800,123.669)   43.452   -       
CTS_ccl_buf_01623/Y
-     BUFx10_ASAP7_75t_R       rise   0.025   0.164   0.021  0.015  (217.620,123.669)    0.180      3    
CTS_ccl_buf_01620/A
-     BUFx8_ASAP7_75t_R        rise   0.007   0.170   0.026  -      (247.464,186.939)   93.114   -       
CTS_ccl_buf_01620/Y
-     BUFx8_ASAP7_75t_R        rise   0.031   0.201   0.018  0.009  (247.644,186.939)    0.180      2    
CTS_ccl_a_buf_01613/A
-     BUFx8_ASAP7_75t_R        rise   0.004   0.205   0.020  -      (248.364,254.349)   68.130   -       
CTS_ccl_a_buf_01613/Y
-     BUFx8_ASAP7_75t_R        rise   0.027   0.232   0.013  0.004  (248.184,254.349)    0.180      2    
CTS_ccl_buf_01605/A
-     BUFx8_ASAP7_75t_R        rise   0.001   0.233   0.013  -      (259.236,255.519)   12.222   -       
CTS_ccl_buf_01605/Y
-     BUFx8_ASAP7_75t_R        rise   0.025   0.258   0.014  0.007  (259.416,255.519)    0.180      2    
u_axi_to_apb_cg_icg__RC_CG_HIER_INST228/RC_CGIC_INST/CLK
-     ICGx8DC_ASAP7_75t_L      rise   0.000   0.259   0.014  -      (261.432,253.701)    3.834   -       
u_axi_to_apb_cg_icg__RC_CG_HIER_INST228/RC_CGIC_INST/GCLK
-     ICGx8DC_ASAP7_75t_L      rise   0.013   0.272   0.009  0.005  (261.612,253.809)    0.288      2    
CTS_ccl_a_buf_00513/A
-     BUFx10_ASAP7_75t_R       rise   0.001   0.273   0.009  -      (260.568,250.119)    4.734   -       
CTS_ccl_a_buf_00513/Y
-     BUFx10_ASAP7_75t_R       rise   0.023   0.295   0.019  0.013  (260.388,250.119)    0.180     20    
u_axi_to_apb_m_apb_paddr_reg[29]/CLK
-     DFFASRHQNx1_ASAP7_75t_R  rise   0.002   0.298   0.020  -      (258.894,239.733)   11.880   -       
---------------------------------------------------------------------------------------------------------------

Timing for timing corner dc_tt:both.late, min clock_path:
=========================================================

PathID    : 31
Path type : skew group _clock_gen_CLK_SYS_en_latch_reg_01/mode_func (path 1 of 1)
Start     : clk
End       : cg_ascon/en_latch_reg/CLK
Delay     :  0.313

-----------------------------------------------------------------------------------------------------------
Name  Lib cell             Event  Incr   Arrival  Slew   Cap    Location           Distance  Fanout  Status
                                  (ns)   (ns)     (ns)   (pF)                      (um)              
-- Clockpath trace ----------------------------------------------------------------------------------------
clk
-     -                    rise   -       0.150   0.004  0.019  (139.684,0.000)    -           2     
CTS_ccl_buf_01624/A
-     BUFx12f_ASAP7_75t_R  rise   0.013   0.163   0.032  -      (193.950,103.779)  158.045   -       
CTS_ccl_buf_01624/Y
-     BUFx12f_ASAP7_75t_R  rise   0.023   0.186   0.012  0.008  (194.238,103.779)    0.288     2     
CTS_ccl_buf_01623/A
-     BUFx10_ASAP7_75t_R   rise   0.003   0.189   0.014  -      (217.800,123.669)   43.452   -       
CTS_ccl_buf_01623/Y
-     BUFx10_ASAP7_75t_R   rise   0.025   0.214   0.021  0.015  (217.620,123.669)    0.180     3     
CTS_ccl_buf_01620/A
-     BUFx8_ASAP7_75t_R    rise   0.007   0.220   0.026  -      (247.464,186.939)   93.114   -       
CTS_ccl_buf_01620/Y
-     BUFx8_ASAP7_75t_R    rise   0.031   0.251   0.018  0.009  (247.644,186.939)    0.180     2     
CTS_ccl_a_buf_01613/A
-     BUFx8_ASAP7_75t_R    rise   0.004   0.255   0.020  -      (248.364,254.349)   68.130   -       
CTS_ccl_a_buf_01613/Y
-     BUFx8_ASAP7_75t_R    rise   0.027   0.282   0.013  0.004  (248.184,254.349)    0.180     2     
CTS_cfo_buf_0_04699/A
-     BUFx8_ASAP7_75t_R    rise   0.001   0.283   0.013  -      (247.446,267.309)   13.698   -       
CTS_cfo_buf_0_04699/Y
-     BUFx8_ASAP7_75t_R    rise   0.028   0.311   0.021  0.011  (247.266,267.309)    0.180     4     
cg_ascon/en_latch_reg/CLK
-     DLLx1_ASAP7_75t_R    rise   0.001   0.313   0.021  -      (233.694,262.413)   18.468   -       
-----------------------------------------------------------------------------------------------------------

Timing for timing corner dc_tt:both.late, max clock_path:
=========================================================

PathID    : 32
Path type : skew group _clock_gen_CLK_SYS_en_latch_reg_01/mode_func (path 1 of 1)
Start     : clk
End       : u_axi_to_apb_m_apb_paddr_reg[30]/CLK
Delay     :  0.349

---------------------------------------------------------------------------------------------------------------
Name  Lib cell                 Event  Incr   Arrival  Slew   Cap    Location           Distance  Fanout  Status
                                      (ns)   (ns)     (ns)   (pF)                      (um)              
-- Clockpath trace --------------------------------------------------------------------------------------------
clk
-     -                        rise   -       0.150   0.004  0.019  (139.684,0.000)    -            2    
CTS_ccl_buf_01624/A
-     BUFx12f_ASAP7_75t_R      rise   0.013   0.163   0.032  -      (193.950,103.779)  158.045   -       
CTS_ccl_buf_01624/Y
-     BUFx12f_ASAP7_75t_R      rise   0.023   0.186   0.012  0.008  (194.238,103.779)    0.288      2    
CTS_ccl_buf_01623/A
-     BUFx10_ASAP7_75t_R       rise   0.003   0.189   0.014  -      (217.800,123.669)   43.452   -       
CTS_ccl_buf_01623/Y
-     BUFx10_ASAP7_75t_R       rise   0.025   0.214   0.021  0.015  (217.620,123.669)    0.180      3    
CTS_ccl_buf_01620/A
-     BUFx8_ASAP7_75t_R        rise   0.007   0.220   0.026  -      (247.464,186.939)   93.114   -       
CTS_ccl_buf_01620/Y
-     BUFx8_ASAP7_75t_R        rise   0.031   0.251   0.018  0.009  (247.644,186.939)    0.180      2    
CTS_ccl_a_buf_01613/A
-     BUFx8_ASAP7_75t_R        rise   0.004   0.255   0.020  -      (248.364,254.349)   68.130   -       
CTS_ccl_a_buf_01613/Y
-     BUFx8_ASAP7_75t_R        rise   0.027   0.282   0.013  0.004  (248.184,254.349)    0.180      2    
CTS_ccl_buf_01605/A
-     BUFx8_ASAP7_75t_R        rise   0.001   0.283   0.013  -      (259.236,255.519)   12.222   -       
CTS_ccl_buf_01605/Y
-     BUFx8_ASAP7_75t_R        rise   0.026   0.309   0.016  0.007  (259.416,255.519)    0.180      2    
u_axi_to_apb_cg_icg__RC_CG_HIER_INST228/RC_CGIC_INST/CLK
-     ICGx8DC_ASAP7_75t_L      rise   0.000   0.309   0.016  -      (261.432,253.701)    3.834   -       
u_axi_to_apb_cg_icg__RC_CG_HIER_INST228/RC_CGIC_INST/GCLK
-     ICGx8DC_ASAP7_75t_L      rise   0.014   0.323   0.009  0.005  (261.612,253.809)    0.288      2    
CTS_ccl_a_buf_00513/A
-     BUFx10_ASAP7_75t_R       rise   0.001   0.324   0.009  -      (260.568,250.119)    4.734   -       
CTS_ccl_a_buf_00513/Y
-     BUFx10_ASAP7_75t_R       rise   0.023   0.347   0.019  0.013  (260.388,250.119)    0.180     20    
u_axi_to_apb_m_apb_paddr_reg[30]/CLK
-     DFFASRHQNx1_ASAP7_75t_R  rise   0.002   0.349   0.021  -      (259.002,238.275)   13.230   -       
---------------------------------------------------------------------------------------------------------------

Timing for timing corner dc_ff:hold.early, min clock_path:
==========================================================

PathID    : 33
Path type : skew group _clock_gen_CLK_SYS_en_latch_reg_01/mode_func (path 1 of 1)
Start     : clk
End       : cg_ascon/en_latch_reg/CLK
Delay     :  0.226

-----------------------------------------------------------------------------------------------------------
Name  Lib cell             Event  Incr   Arrival  Slew   Cap    Location           Distance  Fanout  Status
                                  (ns)   (ns)     (ns)   (pF)                      (um)              
-- Clockpath trace ----------------------------------------------------------------------------------------
clk
-     -                    rise   -       0.100   0.004  0.020  (139.684,0.000)    -           2     
CTS_ccl_buf_01624/A
-     BUFx12f_ASAP7_75t_R  rise   0.012   0.112   0.031  -      (193.950,103.779)  158.045   -       
CTS_ccl_buf_01624/Y
-     BUFx12f_ASAP7_75t_R  rise   0.018   0.130   0.009  0.008  (194.238,103.779)    0.288     2     
CTS_ccl_buf_01623/A
-     BUFx10_ASAP7_75t_R   rise   0.003   0.133   0.012  -      (217.800,123.669)   43.452   -       
CTS_ccl_buf_01623/Y
-     BUFx10_ASAP7_75t_R   rise   0.019   0.151   0.016  0.015  (217.620,123.669)    0.180     3     
CTS_ccl_buf_01620/A
-     BUFx8_ASAP7_75t_R    rise   0.006   0.157   0.021  -      (247.464,186.939)   93.114   -       
CTS_ccl_buf_01620/Y
-     BUFx8_ASAP7_75t_R    rise   0.023   0.180   0.013  0.009  (247.644,186.939)    0.180     2     
CTS_ccl_a_buf_01613/A
-     BUFx8_ASAP7_75t_R    rise   0.004   0.183   0.016  -      (248.364,254.349)   68.130   -       
CTS_ccl_a_buf_01613/Y
-     BUFx8_ASAP7_75t_R    rise   0.020   0.204   0.009  0.005  (248.184,254.349)    0.180     2     
CTS_cfo_buf_0_04699/A
-     BUFx8_ASAP7_75t_R    rise   0.001   0.204   0.009  -      (247.446,267.309)   13.698   -       
CTS_cfo_buf_0_04699/Y
-     BUFx8_ASAP7_75t_R    rise   0.020   0.225   0.015  0.011  (247.266,267.309)    0.180     4     
cg_ascon/en_latch_reg/CLK
-     DLLx1_ASAP7_75t_R    rise   0.001   0.226   0.016  -      (233.694,262.413)   18.468   -       
-----------------------------------------------------------------------------------------------------------

Timing for timing corner dc_ff:hold.early, max clock_path:
==========================================================

PathID    : 34
Path type : skew group _clock_gen_CLK_SYS_en_latch_reg_01/mode_func (path 1 of 1)
Start     : clk
End       : u_axi_to_apb_m_apb_paddr_reg[29]/CLK
Delay     :  0.253

---------------------------------------------------------------------------------------------------------------
Name  Lib cell                 Event  Incr   Arrival  Slew   Cap    Location           Distance  Fanout  Status
                                      (ns)   (ns)     (ns)   (pF)                      (um)              
-- Clockpath trace --------------------------------------------------------------------------------------------
clk
-     -                        rise   -       0.100   0.004  0.020  (139.684,0.000)    -            2    
CTS_ccl_buf_01624/A
-     BUFx12f_ASAP7_75t_R      rise   0.012   0.112   0.031  -      (193.950,103.779)  158.045   -       
CTS_ccl_buf_01624/Y
-     BUFx12f_ASAP7_75t_R      rise   0.018   0.130   0.009  0.008  (194.238,103.779)    0.288      2    
CTS_ccl_buf_01623/A
-     BUFx10_ASAP7_75t_R       rise   0.003   0.133   0.012  -      (217.800,123.669)   43.452   -       
CTS_ccl_buf_01623/Y
-     BUFx10_ASAP7_75t_R       rise   0.019   0.151   0.016  0.015  (217.620,123.669)    0.180      3    
CTS_ccl_buf_01620/A
-     BUFx8_ASAP7_75t_R        rise   0.006   0.157   0.021  -      (247.464,186.939)   93.114   -       
CTS_ccl_buf_01620/Y
-     BUFx8_ASAP7_75t_R        rise   0.023   0.180   0.013  0.009  (247.644,186.939)    0.180      2    
CTS_ccl_a_buf_01613/A
-     BUFx8_ASAP7_75t_R        rise   0.004   0.183   0.016  -      (248.364,254.349)   68.130   -       
CTS_ccl_a_buf_01613/Y
-     BUFx8_ASAP7_75t_R        rise   0.020   0.204   0.009  0.005  (248.184,254.349)    0.180      2    
CTS_ccl_buf_01605/A
-     BUFx8_ASAP7_75t_R        rise   0.001   0.204   0.009  -      (259.236,255.519)   12.222   -       
CTS_ccl_buf_01605/Y
-     BUFx8_ASAP7_75t_R        rise   0.018   0.223   0.010  0.008  (259.416,255.519)    0.180      2    
u_axi_to_apb_cg_icg__RC_CG_HIER_INST228/RC_CGIC_INST/CLK
-     ICGx8DC_ASAP7_75t_L      rise   0.000   0.223   0.011  -      (261.432,253.701)    3.834   -       
u_axi_to_apb_cg_icg__RC_CG_HIER_INST228/RC_CGIC_INST/GCLK
-     ICGx8DC_ASAP7_75t_L      rise   0.010   0.233   0.007  0.006  (261.612,253.809)    0.288      2    
CTS_ccl_a_buf_00513/A
-     BUFx10_ASAP7_75t_R       rise   0.001   0.234   0.007  -      (260.568,250.119)    4.734   -       
CTS_ccl_a_buf_00513/Y
-     BUFx10_ASAP7_75t_R       rise   0.017   0.251   0.015  0.013  (260.388,250.119)    0.180     20    
u_axi_to_apb_m_apb_paddr_reg[29]/CLK
-     DFFASRHQNx1_ASAP7_75t_R  rise   0.002   0.253   0.017  -      (258.894,239.733)   11.880   -       
---------------------------------------------------------------------------------------------------------------

Timing for timing corner dc_ff:hold.late, min clock_path:
=========================================================

PathID    : 35
Path type : skew group _clock_gen_CLK_SYS_en_latch_reg_01/mode_func (path 1 of 1)
Start     : clk
End       : cg_ascon/en_latch_reg/CLK
Delay     :  0.277

-----------------------------------------------------------------------------------------------------------
Name  Lib cell             Event  Incr   Arrival  Slew   Cap    Location           Distance  Fanout  Status
                                  (ns)   (ns)     (ns)   (pF)                      (um)              
-- Clockpath trace ----------------------------------------------------------------------------------------
clk
-     -                    rise   -       0.150   0.004  0.020  (139.684,0.000)    -           2     
CTS_ccl_buf_01624/A
-     BUFx12f_ASAP7_75t_R  rise   0.012   0.162   0.031  -      (193.950,103.779)  158.045   -       
CTS_ccl_buf_01624/Y
-     BUFx12f_ASAP7_75t_R  rise   0.018   0.180   0.009  0.008  (194.238,103.779)    0.288     2     
CTS_ccl_buf_01623/A
-     BUFx10_ASAP7_75t_R   rise   0.003   0.182   0.012  -      (217.800,123.669)   43.452   -       
CTS_ccl_buf_01623/Y
-     BUFx10_ASAP7_75t_R   rise   0.019   0.201   0.016  0.015  (217.620,123.669)    0.180     3     
CTS_ccl_buf_01620/A
-     BUFx8_ASAP7_75t_R    rise   0.006   0.207   0.022  -      (247.464,186.939)   93.114   -       
CTS_ccl_buf_01620/Y
-     BUFx8_ASAP7_75t_R    rise   0.023   0.230   0.013  0.009  (247.644,186.939)    0.180     2     
CTS_ccl_a_buf_01613/A
-     BUFx8_ASAP7_75t_R    rise   0.003   0.234   0.016  -      (248.364,254.349)   68.130   -       
CTS_ccl_a_buf_01613/Y
-     BUFx8_ASAP7_75t_R    rise   0.020   0.254   0.009  0.005  (248.184,254.349)    0.180     2     
CTS_cfo_buf_0_04699/A
-     BUFx8_ASAP7_75t_R    rise   0.001   0.255   0.009  -      (247.446,267.309)   13.698   -       
CTS_cfo_buf_0_04699/Y
-     BUFx8_ASAP7_75t_R    rise   0.021   0.276   0.015  0.011  (247.266,267.309)    0.180     4     
cg_ascon/en_latch_reg/CLK
-     DLLx1_ASAP7_75t_R    rise   0.001   0.277   0.016  -      (233.694,262.413)   18.468   -       
-----------------------------------------------------------------------------------------------------------

Timing for timing corner dc_ff:hold.late, max clock_path:
=========================================================

PathID    : 36
Path type : skew group _clock_gen_CLK_SYS_en_latch_reg_01/mode_func (path 1 of 1)
Start     : clk
End       : u_axi_to_apb_m_apb_paddr_reg[30]/CLK
Delay     :  0.304

---------------------------------------------------------------------------------------------------------------
Name  Lib cell                 Event  Incr   Arrival  Slew   Cap    Location           Distance  Fanout  Status
                                      (ns)   (ns)     (ns)   (pF)                      (um)              
-- Clockpath trace --------------------------------------------------------------------------------------------
clk
-     -                        rise   -       0.150   0.004  0.020  (139.684,0.000)    -            2    
CTS_ccl_buf_01624/A
-     BUFx12f_ASAP7_75t_R      rise   0.012   0.162   0.031  -      (193.950,103.779)  158.045   -       
CTS_ccl_buf_01624/Y
-     BUFx12f_ASAP7_75t_R      rise   0.018   0.180   0.009  0.008  (194.238,103.779)    0.288      2    
CTS_ccl_buf_01623/A
-     BUFx10_ASAP7_75t_R       rise   0.003   0.182   0.012  -      (217.800,123.669)   43.452   -       
CTS_ccl_buf_01623/Y
-     BUFx10_ASAP7_75t_R       rise   0.019   0.201   0.016  0.015  (217.620,123.669)    0.180      3    
CTS_ccl_buf_01620/A
-     BUFx8_ASAP7_75t_R        rise   0.006   0.207   0.022  -      (247.464,186.939)   93.114   -       
CTS_ccl_buf_01620/Y
-     BUFx8_ASAP7_75t_R        rise   0.023   0.230   0.013  0.009  (247.644,186.939)    0.180      2    
CTS_ccl_a_buf_01613/A
-     BUFx8_ASAP7_75t_R        rise   0.003   0.234   0.016  -      (248.364,254.349)   68.130   -       
CTS_ccl_a_buf_01613/Y
-     BUFx8_ASAP7_75t_R        rise   0.020   0.254   0.009  0.005  (248.184,254.349)    0.180      2    
CTS_ccl_buf_01605/A
-     BUFx8_ASAP7_75t_R        rise   0.001   0.255   0.009  -      (259.236,255.519)   12.222   -       
CTS_ccl_buf_01605/Y
-     BUFx8_ASAP7_75t_R        rise   0.019   0.274   0.012  0.008  (259.416,255.519)    0.180      2    
u_axi_to_apb_cg_icg__RC_CG_HIER_INST228/RC_CGIC_INST/CLK
-     ICGx8DC_ASAP7_75t_L      rise   0.000   0.274   0.013  -      (261.432,253.701)    3.834   -       
u_axi_to_apb_cg_icg__RC_CG_HIER_INST228/RC_CGIC_INST/GCLK
-     ICGx8DC_ASAP7_75t_L      rise   0.010   0.285   0.007  0.006  (261.612,253.809)    0.288      2    
CTS_ccl_a_buf_00513/A
-     BUFx10_ASAP7_75t_R       rise   0.001   0.285   0.007  -      (260.568,250.119)    4.734   -       
CTS_ccl_a_buf_00513/Y
-     BUFx10_ASAP7_75t_R       rise   0.017   0.302   0.015  0.013  (260.388,250.119)    0.180     20    
u_axi_to_apb_m_apb_paddr_reg[30]/CLK
-     DFFASRHQNx1_ASAP7_75t_R  rise   0.002   0.304   0.018  -      (259.002,238.275)   13.230   -       
---------------------------------------------------------------------------------------------------------------

Timing for timing corner dc_ss:setup.early, min clock_path:
===========================================================

PathID    : 37
Path type : skew group _clock_gen_CLK_SYS_en_latch_reg_02/mode_func (path 1 of 1)
Start     : clk
End       : u_apb_syscon/clk_gate_reg_reg[5]/CLK
Delay     :  0.354

---------------------------------------------------------------------------------------------------------------
Name  Lib cell                 Event  Incr   Arrival  Slew   Cap    Location           Distance  Fanout  Status
                                      (ns)   (ns)     (ns)   (pF)                      (um)              
-- Clockpath trace --------------------------------------------------------------------------------------------
clk
-     -                        rise   -       0.100   0.004  0.019  (139.684,0.000)    -            2    
CTS_ccl_buf_01624/A
-     BUFx12f_ASAP7_75t_R      rise   0.015   0.115   0.038  -      (193.950,103.779)  158.045   -       
CTS_ccl_buf_01624/Y
-     BUFx12f_ASAP7_75t_R      rise   0.033   0.147   0.017  0.008  (194.238,103.779)    0.288      2    
CTS_ccl_buf_01623/A
-     BUFx10_ASAP7_75t_R       rise   0.003   0.150   0.019  -      (217.800,123.669)   43.452   -       
CTS_ccl_buf_01623/Y
-     BUFx10_ASAP7_75t_R       rise   0.037   0.188   0.032  0.014  (217.620,123.669)    0.180      3    
CTS_ccl_buf_01620/A
-     BUFx8_ASAP7_75t_R        rise   0.008   0.195   0.036  -      (247.464,186.939)   93.114   -       
CTS_ccl_buf_01620/Y
-     BUFx8_ASAP7_75t_R        rise   0.045   0.241   0.027  0.008  (247.644,186.939)    0.180      2    
CTS_cdb_buf_04712/A
-     BUFx4_ASAP7_75t_R        rise   0.004   0.245   0.029  -      (248.436,251.235)   65.088   -       
CTS_cdb_buf_04712/Y
-     BUFx4_ASAP7_75t_R        rise   0.038   0.283   0.014  0.001  (248.580,251.199)    0.180      1    
CTS_ccl_a_buf_01201/A
-     BUFx4_ASAP7_75t_R        rise   0.000   0.283   0.014  -      (248.976,253.773)    2.970   -       
CTS_ccl_a_buf_01201/Y
-     BUFx4_ASAP7_75t_R        rise   0.040   0.323   0.030  0.006  (249.120,253.809)    0.180      2    
u_apb_syscon/cg_icg__RC_CG_HIER_INST53/RC_CGIC_INST/CLK
-     ICGx3_ASAP7_75t_L        rise   0.001   0.324   0.031  -      (250.650,254.547)    2.268   -       
u_apb_syscon/cg_icg__RC_CG_HIER_INST53/RC_CGIC_INST/GCLK
-     ICGx3_ASAP7_75t_L        rise   0.030   0.353   0.027  0.006  (251.334,254.439)    0.792     10    
u_apb_syscon/clk_gate_reg_reg[5]/CLK
-     DFFASRHQNx1_ASAP7_75t_R  rise   0.000   0.354   0.028  -      (247.608,253.773)    4.392   -       
---------------------------------------------------------------------------------------------------------------

Timing for timing corner dc_ss:setup.early, max clock_path:
===========================================================

PathID    : 38
Path type : skew group _clock_gen_CLK_SYS_en_latch_reg_02/mode_func (path 1 of 1)
Start     : clk
End       : u_axi_to_apb_m_apb_paddr_reg[30]/CLK
Delay     :  0.378

---------------------------------------------------------------------------------------------------------------
Name  Lib cell                 Event  Incr   Arrival  Slew   Cap    Location           Distance  Fanout  Status
                                      (ns)   (ns)     (ns)   (pF)                      (um)              
-- Clockpath trace --------------------------------------------------------------------------------------------
clk
-     -                        rise   -       0.100   0.004  0.019  (139.684,0.000)    -            2    
CTS_ccl_buf_01624/A
-     BUFx12f_ASAP7_75t_R      rise   0.015   0.115   0.038  -      (193.950,103.779)  158.045   -       
CTS_ccl_buf_01624/Y
-     BUFx12f_ASAP7_75t_R      rise   0.033   0.147   0.017  0.008  (194.238,103.779)    0.288      2    
CTS_ccl_buf_01623/A
-     BUFx10_ASAP7_75t_R       rise   0.003   0.150   0.019  -      (217.800,123.669)   43.452   -       
CTS_ccl_buf_01623/Y
-     BUFx10_ASAP7_75t_R       rise   0.037   0.188   0.032  0.014  (217.620,123.669)    0.180      3    
CTS_ccl_buf_01620/A
-     BUFx8_ASAP7_75t_R        rise   0.008   0.195   0.036  -      (247.464,186.939)   93.114   -       
CTS_ccl_buf_01620/Y
-     BUFx8_ASAP7_75t_R        rise   0.045   0.241   0.027  0.008  (247.644,186.939)    0.180      2    
CTS_ccl_a_buf_01613/A
-     BUFx8_ASAP7_75t_R        rise   0.004   0.245   0.029  -      (248.364,254.349)   68.130   -       
CTS_ccl_a_buf_01613/Y
-     BUFx8_ASAP7_75t_R        rise   0.040   0.285   0.019  0.004  (248.184,254.349)    0.180      2    
CTS_ccl_buf_01605/A
-     BUFx8_ASAP7_75t_R        rise   0.001   0.285   0.019  -      (259.236,255.519)   12.222   -       
CTS_ccl_buf_01605/Y
-     BUFx8_ASAP7_75t_R        rise   0.036   0.322   0.021  0.007  (259.416,255.519)    0.180      2    
u_axi_to_apb_cg_icg__RC_CG_HIER_INST228/RC_CGIC_INST/CLK
-     ICGx8DC_ASAP7_75t_L      rise   0.000   0.322   0.021  -      (261.432,253.701)    3.834   -       
u_axi_to_apb_cg_icg__RC_CG_HIER_INST228/RC_CGIC_INST/GCLK
-     ICGx8DC_ASAP7_75t_L      rise   0.019   0.341   0.013  0.005  (261.612,253.809)    0.288      2    
CTS_ccl_a_buf_00513/A
-     BUFx10_ASAP7_75t_R       rise   0.001   0.342   0.013  -      (260.568,250.119)    4.734   -       
CTS_ccl_a_buf_00513/Y
-     BUFx10_ASAP7_75t_R       rise   0.033   0.375   0.027  0.012  (260.388,250.119)    0.180     20    
u_axi_to_apb_m_apb_paddr_reg[30]/CLK
-     DFFASRHQNx1_ASAP7_75t_R  rise   0.003   0.378   0.029  -      (259.002,238.275)   13.230   -       
---------------------------------------------------------------------------------------------------------------

Timing for timing corner dc_ss:setup.late, min clock_path:
==========================================================

PathID    : 39
Path type : skew group _clock_gen_CLK_SYS_en_latch_reg_02/mode_func (path 1 of 1)
Start     : clk
End       : u_apb_syscon/clk_gate_reg_reg[5]/CLK
Delay     :  0.404

---------------------------------------------------------------------------------------------------------------
Name  Lib cell                 Event  Incr   Arrival  Slew   Cap    Location           Distance  Fanout  Status
                                      (ns)   (ns)     (ns)   (pF)                      (um)              
-- Clockpath trace --------------------------------------------------------------------------------------------
clk
-     -                        rise   -       0.150   0.004  0.019  (139.684,0.000)    -            2    
CTS_ccl_buf_01624/A
-     BUFx12f_ASAP7_75t_R      rise   0.015   0.165   0.038  -      (193.950,103.779)  158.045   -       
CTS_ccl_buf_01624/Y
-     BUFx12f_ASAP7_75t_R      rise   0.033   0.198   0.017  0.008  (194.238,103.779)    0.288      2    
CTS_ccl_buf_01623/A
-     BUFx10_ASAP7_75t_R       rise   0.003   0.200   0.019  -      (217.800,123.669)   43.452   -       
CTS_ccl_buf_01623/Y
-     BUFx10_ASAP7_75t_R       rise   0.037   0.237   0.032  0.014  (217.620,123.669)    0.180      3    
CTS_ccl_buf_01620/A
-     BUFx8_ASAP7_75t_R        rise   0.008   0.245   0.037  -      (247.464,186.939)   93.114   -       
CTS_ccl_buf_01620/Y
-     BUFx8_ASAP7_75t_R        rise   0.045   0.291   0.027  0.008  (247.644,186.939)    0.180      2    
CTS_cdb_buf_04712/A
-     BUFx4_ASAP7_75t_R        rise   0.004   0.295   0.029  -      (248.436,251.235)   65.088   -       
CTS_cdb_buf_04712/Y
-     BUFx4_ASAP7_75t_R        rise   0.038   0.333   0.014  0.001  (248.580,251.199)    0.180      1    
CTS_ccl_a_buf_01201/A
-     BUFx4_ASAP7_75t_R        rise   0.000   0.333   0.014  -      (248.976,253.773)    2.970   -       
CTS_ccl_a_buf_01201/Y
-     BUFx4_ASAP7_75t_R        rise   0.041   0.374   0.032  0.006  (249.120,253.809)    0.180      2    
u_apb_syscon/cg_icg__RC_CG_HIER_INST53/RC_CGIC_INST/CLK
-     ICGx3_ASAP7_75t_L        rise   0.001   0.374   0.032  -      (250.650,254.547)    2.268   -       
u_apb_syscon/cg_icg__RC_CG_HIER_INST53/RC_CGIC_INST/GCLK
-     ICGx3_ASAP7_75t_L        rise   0.030   0.404   0.028  0.006  (251.334,254.439)    0.792     10    
u_apb_syscon/clk_gate_reg_reg[5]/CLK
-     DFFASRHQNx1_ASAP7_75t_R  rise   0.000   0.404   0.029  -      (247.608,253.773)    4.392   -       
---------------------------------------------------------------------------------------------------------------

Timing for timing corner dc_ss:setup.late, max clock_path:
==========================================================

PathID    : 40
Path type : skew group _clock_gen_CLK_SYS_en_latch_reg_02/mode_func (path 1 of 1)
Start     : clk
End       : u_axi_to_apb_m_apb_paddr_reg[30]/CLK
Delay     :  0.429

---------------------------------------------------------------------------------------------------------------
Name  Lib cell                 Event  Incr   Arrival  Slew   Cap    Location           Distance  Fanout  Status
                                      (ns)   (ns)     (ns)   (pF)                      (um)              
-- Clockpath trace --------------------------------------------------------------------------------------------
clk
-     -                        rise   -       0.150   0.004  0.019  (139.684,0.000)    -            2    
CTS_ccl_buf_01624/A
-     BUFx12f_ASAP7_75t_R      rise   0.015   0.165   0.038  -      (193.950,103.779)  158.045   -       
CTS_ccl_buf_01624/Y
-     BUFx12f_ASAP7_75t_R      rise   0.033   0.198   0.017  0.008  (194.238,103.779)    0.288      2    
CTS_ccl_buf_01623/A
-     BUFx10_ASAP7_75t_R       rise   0.003   0.200   0.019  -      (217.800,123.669)   43.452   -       
CTS_ccl_buf_01623/Y
-     BUFx10_ASAP7_75t_R       rise   0.037   0.237   0.032  0.014  (217.620,123.669)    0.180      3    
CTS_ccl_buf_01620/A
-     BUFx8_ASAP7_75t_R        rise   0.008   0.245   0.037  -      (247.464,186.939)   93.114   -       
CTS_ccl_buf_01620/Y
-     BUFx8_ASAP7_75t_R        rise   0.045   0.291   0.027  0.008  (247.644,186.939)    0.180      2    
CTS_ccl_a_buf_01613/A
-     BUFx8_ASAP7_75t_R        rise   0.004   0.295   0.029  -      (248.364,254.349)   68.130   -       
CTS_ccl_a_buf_01613/Y
-     BUFx8_ASAP7_75t_R        rise   0.040   0.335   0.019  0.004  (248.184,254.349)    0.180      2    
CTS_ccl_buf_01605/A
-     BUFx8_ASAP7_75t_R        rise   0.001   0.335   0.019  -      (259.236,255.519)   12.222   -       
CTS_ccl_buf_01605/Y
-     BUFx8_ASAP7_75t_R        rise   0.037   0.372   0.024  0.007  (259.416,255.519)    0.180      2    
u_axi_to_apb_cg_icg__RC_CG_HIER_INST228/RC_CGIC_INST/CLK
-     ICGx8DC_ASAP7_75t_L      rise   0.000   0.373   0.024  -      (261.432,253.701)    3.834   -       
u_axi_to_apb_cg_icg__RC_CG_HIER_INST228/RC_CGIC_INST/GCLK
-     ICGx8DC_ASAP7_75t_L      rise   0.020   0.393   0.013  0.005  (261.612,253.809)    0.288      2    
CTS_ccl_a_buf_00513/A
-     BUFx10_ASAP7_75t_R       rise   0.001   0.393   0.013  -      (260.568,250.119)    4.734   -       
CTS_ccl_a_buf_00513/Y
-     BUFx10_ASAP7_75t_R       rise   0.033   0.426   0.027  0.012  (260.388,250.119)    0.180     20    
u_axi_to_apb_m_apb_paddr_reg[30]/CLK
-     DFFASRHQNx1_ASAP7_75t_R  rise   0.003   0.429   0.030  -      (259.002,238.275)   13.230   -       
---------------------------------------------------------------------------------------------------------------

Timing for timing corner dc_tt:both.early, min clock_path:
==========================================================

PathID    : 41
Path type : skew group _clock_gen_CLK_SYS_en_latch_reg_02/mode_func (path 1 of 1)
Start     : clk
End       : u_apb_syscon/clk_gate_reg_reg[5]/CLK
Delay     :  0.281

---------------------------------------------------------------------------------------------------------------
Name  Lib cell                 Event  Incr   Arrival  Slew   Cap    Location           Distance  Fanout  Status
                                      (ns)   (ns)     (ns)   (pF)                      (um)              
-- Clockpath trace --------------------------------------------------------------------------------------------
clk
-     -                        rise   -       0.100   0.004  0.019  (139.684,0.000)    -            2    
CTS_ccl_buf_01624/A
-     BUFx12f_ASAP7_75t_R      rise   0.013   0.113   0.032  -      (193.950,103.779)  158.045   -       
CTS_ccl_buf_01624/Y
-     BUFx12f_ASAP7_75t_R      rise   0.023   0.136   0.012  0.008  (194.238,103.779)    0.288      2    
CTS_ccl_buf_01623/A
-     BUFx10_ASAP7_75t_R       rise   0.003   0.139   0.014  -      (217.800,123.669)   43.452   -       
CTS_ccl_buf_01623/Y
-     BUFx10_ASAP7_75t_R       rise   0.025   0.164   0.021  0.015  (217.620,123.669)    0.180      3    
CTS_ccl_buf_01620/A
-     BUFx8_ASAP7_75t_R        rise   0.007   0.170   0.026  -      (247.464,186.939)   93.114   -       
CTS_ccl_buf_01620/Y
-     BUFx8_ASAP7_75t_R        rise   0.031   0.201   0.018  0.009  (247.644,186.939)    0.180      2    
CTS_cdb_buf_04712/A
-     BUFx4_ASAP7_75t_R        rise   0.004   0.205   0.020  -      (248.436,251.235)   65.088   -       
CTS_cdb_buf_04712/Y
-     BUFx4_ASAP7_75t_R        rise   0.026   0.231   0.009  0.001  (248.580,251.199)    0.180      1    
CTS_ccl_a_buf_01201/A
-     BUFx4_ASAP7_75t_R        rise   0.000   0.231   0.009  -      (248.976,253.773)    2.970   -       
CTS_ccl_a_buf_01201/Y
-     BUFx4_ASAP7_75t_R        rise   0.028   0.259   0.020  0.006  (249.120,253.809)    0.180      2    
u_apb_syscon/cg_icg__RC_CG_HIER_INST53/RC_CGIC_INST/CLK
-     ICGx3_ASAP7_75t_L        rise   0.000   0.260   0.021  -      (250.650,254.547)    2.268   -       
u_apb_syscon/cg_icg__RC_CG_HIER_INST53/RC_CGIC_INST/GCLK
-     ICGx3_ASAP7_75t_L        rise   0.021   0.280   0.019  0.006  (251.334,254.439)    0.792     10    
u_apb_syscon/clk_gate_reg_reg[5]/CLK
-     DFFASRHQNx1_ASAP7_75t_R  rise   0.000   0.281   0.019  -      (247.608,253.773)    4.392   -       
---------------------------------------------------------------------------------------------------------------

Timing for timing corner dc_tt:both.early, max clock_path:
==========================================================

PathID    : 42
Path type : skew group _clock_gen_CLK_SYS_en_latch_reg_02/mode_func (path 1 of 1)
Start     : clk
End       : u_axi_to_apb_m_apb_paddr_reg[29]/CLK
Delay     :  0.298

---------------------------------------------------------------------------------------------------------------
Name  Lib cell                 Event  Incr   Arrival  Slew   Cap    Location           Distance  Fanout  Status
                                      (ns)   (ns)     (ns)   (pF)                      (um)              
-- Clockpath trace --------------------------------------------------------------------------------------------
clk
-     -                        rise   -       0.100   0.004  0.019  (139.684,0.000)    -            2    
CTS_ccl_buf_01624/A
-     BUFx12f_ASAP7_75t_R      rise   0.013   0.113   0.032  -      (193.950,103.779)  158.045   -       
CTS_ccl_buf_01624/Y
-     BUFx12f_ASAP7_75t_R      rise   0.023   0.136   0.012  0.008  (194.238,103.779)    0.288      2    
CTS_ccl_buf_01623/A
-     BUFx10_ASAP7_75t_R       rise   0.003   0.139   0.014  -      (217.800,123.669)   43.452   -       
CTS_ccl_buf_01623/Y
-     BUFx10_ASAP7_75t_R       rise   0.025   0.164   0.021  0.015  (217.620,123.669)    0.180      3    
CTS_ccl_buf_01620/A
-     BUFx8_ASAP7_75t_R        rise   0.007   0.170   0.026  -      (247.464,186.939)   93.114   -       
CTS_ccl_buf_01620/Y
-     BUFx8_ASAP7_75t_R        rise   0.031   0.201   0.018  0.009  (247.644,186.939)    0.180      2    
CTS_ccl_a_buf_01613/A
-     BUFx8_ASAP7_75t_R        rise   0.004   0.205   0.020  -      (248.364,254.349)   68.130   -       
CTS_ccl_a_buf_01613/Y
-     BUFx8_ASAP7_75t_R        rise   0.027   0.232   0.013  0.004  (248.184,254.349)    0.180      2    
CTS_ccl_buf_01605/A
-     BUFx8_ASAP7_75t_R        rise   0.001   0.233   0.013  -      (259.236,255.519)   12.222   -       
CTS_ccl_buf_01605/Y
-     BUFx8_ASAP7_75t_R        rise   0.025   0.258   0.014  0.007  (259.416,255.519)    0.180      2    
u_axi_to_apb_cg_icg__RC_CG_HIER_INST228/RC_CGIC_INST/CLK
-     ICGx8DC_ASAP7_75t_L      rise   0.000   0.259   0.014  -      (261.432,253.701)    3.834   -       
u_axi_to_apb_cg_icg__RC_CG_HIER_INST228/RC_CGIC_INST/GCLK
-     ICGx8DC_ASAP7_75t_L      rise   0.013   0.272   0.009  0.005  (261.612,253.809)    0.288      2    
CTS_ccl_a_buf_00513/A
-     BUFx10_ASAP7_75t_R       rise   0.001   0.273   0.009  -      (260.568,250.119)    4.734   -       
CTS_ccl_a_buf_00513/Y
-     BUFx10_ASAP7_75t_R       rise   0.023   0.295   0.019  0.013  (260.388,250.119)    0.180     20    
u_axi_to_apb_m_apb_paddr_reg[29]/CLK
-     DFFASRHQNx1_ASAP7_75t_R  rise   0.002   0.298   0.020  -      (258.894,239.733)   11.880   -       
---------------------------------------------------------------------------------------------------------------

Timing for timing corner dc_tt:both.late, min clock_path:
=========================================================

PathID    : 43
Path type : skew group _clock_gen_CLK_SYS_en_latch_reg_02/mode_func (path 1 of 1)
Start     : clk
End       : u_apb_syscon/clk_gate_reg_reg[5]/CLK
Delay     :  0.331

---------------------------------------------------------------------------------------------------------------
Name  Lib cell                 Event  Incr   Arrival  Slew   Cap    Location           Distance  Fanout  Status
                                      (ns)   (ns)     (ns)   (pF)                      (um)              
-- Clockpath trace --------------------------------------------------------------------------------------------
clk
-     -                        rise   -       0.150   0.004  0.019  (139.684,0.000)    -            2    
CTS_ccl_buf_01624/A
-     BUFx12f_ASAP7_75t_R      rise   0.013   0.163   0.032  -      (193.950,103.779)  158.045   -       
CTS_ccl_buf_01624/Y
-     BUFx12f_ASAP7_75t_R      rise   0.023   0.186   0.012  0.008  (194.238,103.779)    0.288      2    
CTS_ccl_buf_01623/A
-     BUFx10_ASAP7_75t_R       rise   0.003   0.189   0.014  -      (217.800,123.669)   43.452   -       
CTS_ccl_buf_01623/Y
-     BUFx10_ASAP7_75t_R       rise   0.025   0.214   0.021  0.015  (217.620,123.669)    0.180      3    
CTS_ccl_buf_01620/A
-     BUFx8_ASAP7_75t_R        rise   0.007   0.220   0.026  -      (247.464,186.939)   93.114   -       
CTS_ccl_buf_01620/Y
-     BUFx8_ASAP7_75t_R        rise   0.031   0.251   0.018  0.009  (247.644,186.939)    0.180      2    
CTS_cdb_buf_04712/A
-     BUFx4_ASAP7_75t_R        rise   0.004   0.255   0.020  -      (248.436,251.235)   65.088   -       
CTS_cdb_buf_04712/Y
-     BUFx4_ASAP7_75t_R        rise   0.026   0.281   0.009  0.001  (248.580,251.199)    0.180      1    
CTS_ccl_a_buf_01201/A
-     BUFx4_ASAP7_75t_R        rise   0.000   0.281   0.009  -      (248.976,253.773)    2.970   -       
CTS_ccl_a_buf_01201/Y
-     BUFx4_ASAP7_75t_R        rise   0.028   0.309   0.021  0.006  (249.120,253.809)    0.180      2    
u_apb_syscon/cg_icg__RC_CG_HIER_INST53/RC_CGIC_INST/CLK
-     ICGx3_ASAP7_75t_L        rise   0.001   0.310   0.021  -      (250.650,254.547)    2.268   -       
u_apb_syscon/cg_icg__RC_CG_HIER_INST53/RC_CGIC_INST/GCLK
-     ICGx3_ASAP7_75t_L        rise   0.021   0.331   0.019  0.006  (251.334,254.439)    0.792     10    
u_apb_syscon/clk_gate_reg_reg[5]/CLK
-     DFFASRHQNx1_ASAP7_75t_R  rise   0.000   0.331   0.020  -      (247.608,253.773)    4.392   -       
---------------------------------------------------------------------------------------------------------------

Timing for timing corner dc_tt:both.late, max clock_path:
=========================================================

PathID    : 44
Path type : skew group _clock_gen_CLK_SYS_en_latch_reg_02/mode_func (path 1 of 1)
Start     : clk
End       : u_axi_to_apb_m_apb_paddr_reg[30]/CLK
Delay     :  0.349

---------------------------------------------------------------------------------------------------------------
Name  Lib cell                 Event  Incr   Arrival  Slew   Cap    Location           Distance  Fanout  Status
                                      (ns)   (ns)     (ns)   (pF)                      (um)              
-- Clockpath trace --------------------------------------------------------------------------------------------
clk
-     -                        rise   -       0.150   0.004  0.019  (139.684,0.000)    -            2    
CTS_ccl_buf_01624/A
-     BUFx12f_ASAP7_75t_R      rise   0.013   0.163   0.032  -      (193.950,103.779)  158.045   -       
CTS_ccl_buf_01624/Y
-     BUFx12f_ASAP7_75t_R      rise   0.023   0.186   0.012  0.008  (194.238,103.779)    0.288      2    
CTS_ccl_buf_01623/A
-     BUFx10_ASAP7_75t_R       rise   0.003   0.189   0.014  -      (217.800,123.669)   43.452   -       
CTS_ccl_buf_01623/Y
-     BUFx10_ASAP7_75t_R       rise   0.025   0.214   0.021  0.015  (217.620,123.669)    0.180      3    
CTS_ccl_buf_01620/A
-     BUFx8_ASAP7_75t_R        rise   0.007   0.220   0.026  -      (247.464,186.939)   93.114   -       
CTS_ccl_buf_01620/Y
-     BUFx8_ASAP7_75t_R        rise   0.031   0.251   0.018  0.009  (247.644,186.939)    0.180      2    
CTS_ccl_a_buf_01613/A
-     BUFx8_ASAP7_75t_R        rise   0.004   0.255   0.020  -      (248.364,254.349)   68.130   -       
CTS_ccl_a_buf_01613/Y
-     BUFx8_ASAP7_75t_R        rise   0.027   0.282   0.013  0.004  (248.184,254.349)    0.180      2    
CTS_ccl_buf_01605/A
-     BUFx8_ASAP7_75t_R        rise   0.001   0.283   0.013  -      (259.236,255.519)   12.222   -       
CTS_ccl_buf_01605/Y
-     BUFx8_ASAP7_75t_R        rise   0.026   0.309   0.016  0.007  (259.416,255.519)    0.180      2    
u_axi_to_apb_cg_icg__RC_CG_HIER_INST228/RC_CGIC_INST/CLK
-     ICGx8DC_ASAP7_75t_L      rise   0.000   0.309   0.016  -      (261.432,253.701)    3.834   -       
u_axi_to_apb_cg_icg__RC_CG_HIER_INST228/RC_CGIC_INST/GCLK
-     ICGx8DC_ASAP7_75t_L      rise   0.014   0.323   0.009  0.005  (261.612,253.809)    0.288      2    
CTS_ccl_a_buf_00513/A
-     BUFx10_ASAP7_75t_R       rise   0.001   0.324   0.009  -      (260.568,250.119)    4.734   -       
CTS_ccl_a_buf_00513/Y
-     BUFx10_ASAP7_75t_R       rise   0.023   0.347   0.019  0.013  (260.388,250.119)    0.180     20    
u_axi_to_apb_m_apb_paddr_reg[30]/CLK
-     DFFASRHQNx1_ASAP7_75t_R  rise   0.002   0.349   0.021  -      (259.002,238.275)   13.230   -       
---------------------------------------------------------------------------------------------------------------

Timing for timing corner dc_ff:hold.early, min clock_path:
==========================================================

PathID    : 45
Path type : skew group _clock_gen_CLK_SYS_en_latch_reg_02/mode_func (path 1 of 1)
Start     : clk
End       : u_apb_syscon/clk_gate_reg_reg[5]/CLK
Delay     :  0.240

---------------------------------------------------------------------------------------------------------------
Name  Lib cell                 Event  Incr   Arrival  Slew   Cap    Location           Distance  Fanout  Status
                                      (ns)   (ns)     (ns)   (pF)                      (um)              
-- Clockpath trace --------------------------------------------------------------------------------------------
clk
-     -                        rise   -       0.100   0.004  0.020  (139.684,0.000)    -            2    
CTS_ccl_buf_01624/A
-     BUFx12f_ASAP7_75t_R      rise   0.012   0.112   0.031  -      (193.950,103.779)  158.045   -       
CTS_ccl_buf_01624/Y
-     BUFx12f_ASAP7_75t_R      rise   0.018   0.130   0.009  0.008  (194.238,103.779)    0.288      2    
CTS_ccl_buf_01623/A
-     BUFx10_ASAP7_75t_R       rise   0.003   0.133   0.012  -      (217.800,123.669)   43.452   -       
CTS_ccl_buf_01623/Y
-     BUFx10_ASAP7_75t_R       rise   0.019   0.151   0.016  0.015  (217.620,123.669)    0.180      3    
CTS_ccl_buf_01620/A
-     BUFx8_ASAP7_75t_R        rise   0.006   0.157   0.021  -      (247.464,186.939)   93.114   -       
CTS_ccl_buf_01620/Y
-     BUFx8_ASAP7_75t_R        rise   0.023   0.180   0.013  0.009  (247.644,186.939)    0.180      2    
CTS_cdb_buf_04712/A
-     BUFx4_ASAP7_75t_R        rise   0.003   0.183   0.016  -      (248.436,251.235)   65.088   -       
CTS_cdb_buf_04712/Y
-     BUFx4_ASAP7_75t_R        rise   0.019   0.203   0.007  0.001  (248.580,251.199)    0.180      1    
CTS_ccl_a_buf_01201/A
-     BUFx4_ASAP7_75t_R        rise   0.000   0.203   0.007  -      (248.976,253.773)    2.970   -       
CTS_ccl_a_buf_01201/Y
-     BUFx4_ASAP7_75t_R        rise   0.021   0.224   0.015  0.006  (249.120,253.809)    0.180      2    
u_apb_syscon/cg_icg__RC_CG_HIER_INST53/RC_CGIC_INST/CLK
-     ICGx3_ASAP7_75t_L        rise   0.001   0.224   0.015  -      (250.650,254.547)    2.268   -       
u_apb_syscon/cg_icg__RC_CG_HIER_INST53/RC_CGIC_INST/GCLK
-     ICGx3_ASAP7_75t_L        rise   0.015   0.239   0.015  0.007  (251.334,254.439)    0.792     10    
u_apb_syscon/clk_gate_reg_reg[5]/CLK
-     DFFASRHQNx1_ASAP7_75t_R  rise   0.000   0.240   0.015  -      (247.608,253.773)    4.392   -       
---------------------------------------------------------------------------------------------------------------

Timing for timing corner dc_ff:hold.early, max clock_path:
==========================================================

PathID    : 46
Path type : skew group _clock_gen_CLK_SYS_en_latch_reg_02/mode_func (path 1 of 1)
Start     : clk
End       : u_axi_to_apb_m_apb_paddr_reg[29]/CLK
Delay     :  0.253

---------------------------------------------------------------------------------------------------------------
Name  Lib cell                 Event  Incr   Arrival  Slew   Cap    Location           Distance  Fanout  Status
                                      (ns)   (ns)     (ns)   (pF)                      (um)              
-- Clockpath trace --------------------------------------------------------------------------------------------
clk
-     -                        rise   -       0.100   0.004  0.020  (139.684,0.000)    -            2    
CTS_ccl_buf_01624/A
-     BUFx12f_ASAP7_75t_R      rise   0.012   0.112   0.031  -      (193.950,103.779)  158.045   -       
CTS_ccl_buf_01624/Y
-     BUFx12f_ASAP7_75t_R      rise   0.018   0.130   0.009  0.008  (194.238,103.779)    0.288      2    
CTS_ccl_buf_01623/A
-     BUFx10_ASAP7_75t_R       rise   0.003   0.133   0.012  -      (217.800,123.669)   43.452   -       
CTS_ccl_buf_01623/Y
-     BUFx10_ASAP7_75t_R       rise   0.019   0.151   0.016  0.015  (217.620,123.669)    0.180      3    
CTS_ccl_buf_01620/A
-     BUFx8_ASAP7_75t_R        rise   0.006   0.157   0.021  -      (247.464,186.939)   93.114   -       
CTS_ccl_buf_01620/Y
-     BUFx8_ASAP7_75t_R        rise   0.023   0.180   0.013  0.009  (247.644,186.939)    0.180      2    
CTS_ccl_a_buf_01613/A
-     BUFx8_ASAP7_75t_R        rise   0.004   0.183   0.016  -      (248.364,254.349)   68.130   -       
CTS_ccl_a_buf_01613/Y
-     BUFx8_ASAP7_75t_R        rise   0.020   0.204   0.009  0.005  (248.184,254.349)    0.180      2    
CTS_ccl_buf_01605/A
-     BUFx8_ASAP7_75t_R        rise   0.001   0.204   0.009  -      (259.236,255.519)   12.222   -       
CTS_ccl_buf_01605/Y
-     BUFx8_ASAP7_75t_R        rise   0.018   0.223   0.010  0.008  (259.416,255.519)    0.180      2    
u_axi_to_apb_cg_icg__RC_CG_HIER_INST228/RC_CGIC_INST/CLK
-     ICGx8DC_ASAP7_75t_L      rise   0.000   0.223   0.011  -      (261.432,253.701)    3.834   -       
u_axi_to_apb_cg_icg__RC_CG_HIER_INST228/RC_CGIC_INST/GCLK
-     ICGx8DC_ASAP7_75t_L      rise   0.010   0.233   0.007  0.006  (261.612,253.809)    0.288      2    
CTS_ccl_a_buf_00513/A
-     BUFx10_ASAP7_75t_R       rise   0.001   0.234   0.007  -      (260.568,250.119)    4.734   -       
CTS_ccl_a_buf_00513/Y
-     BUFx10_ASAP7_75t_R       rise   0.017   0.251   0.015  0.013  (260.388,250.119)    0.180     20    
u_axi_to_apb_m_apb_paddr_reg[29]/CLK
-     DFFASRHQNx1_ASAP7_75t_R  rise   0.002   0.253   0.017  -      (258.894,239.733)   11.880   -       
---------------------------------------------------------------------------------------------------------------

Timing for timing corner dc_ff:hold.late, min clock_path:
=========================================================

PathID    : 47
Path type : skew group _clock_gen_CLK_SYS_en_latch_reg_02/mode_func (path 1 of 1)
Start     : clk
End       : u_apb_syscon/clk_gate_reg_reg[5]/CLK
Delay     :  0.291

---------------------------------------------------------------------------------------------------------------
Name  Lib cell                 Event  Incr   Arrival  Slew   Cap    Location           Distance  Fanout  Status
                                      (ns)   (ns)     (ns)   (pF)                      (um)              
-- Clockpath trace --------------------------------------------------------------------------------------------
clk
-     -                        rise   -       0.150   0.004  0.020  (139.684,0.000)    -            2    
CTS_ccl_buf_01624/A
-     BUFx12f_ASAP7_75t_R      rise   0.012   0.162   0.031  -      (193.950,103.779)  158.045   -       
CTS_ccl_buf_01624/Y
-     BUFx12f_ASAP7_75t_R      rise   0.018   0.180   0.009  0.008  (194.238,103.779)    0.288      2    
CTS_ccl_buf_01623/A
-     BUFx10_ASAP7_75t_R       rise   0.003   0.182   0.012  -      (217.800,123.669)   43.452   -       
CTS_ccl_buf_01623/Y
-     BUFx10_ASAP7_75t_R       rise   0.019   0.201   0.016  0.015  (217.620,123.669)    0.180      3    
CTS_ccl_buf_01620/A
-     BUFx8_ASAP7_75t_R        rise   0.006   0.207   0.022  -      (247.464,186.939)   93.114   -       
CTS_ccl_buf_01620/Y
-     BUFx8_ASAP7_75t_R        rise   0.023   0.230   0.013  0.009  (247.644,186.939)    0.180      2    
CTS_cdb_buf_04712/A
-     BUFx4_ASAP7_75t_R        rise   0.003   0.234   0.016  -      (248.436,251.235)   65.088   -       
CTS_cdb_buf_04712/Y
-     BUFx4_ASAP7_75t_R        rise   0.019   0.253   0.007  0.001  (248.580,251.199)    0.180      1    
CTS_ccl_a_buf_01201/A
-     BUFx4_ASAP7_75t_R        rise   0.000   0.253   0.007  -      (248.976,253.773)    2.970   -       
CTS_ccl_a_buf_01201/Y
-     BUFx4_ASAP7_75t_R        rise   0.021   0.274   0.015  0.006  (249.120,253.809)    0.180      2    
u_apb_syscon/cg_icg__RC_CG_HIER_INST53/RC_CGIC_INST/CLK
-     ICGx3_ASAP7_75t_L        rise   0.001   0.275   0.016  -      (250.650,254.547)    2.268   -       
u_apb_syscon/cg_icg__RC_CG_HIER_INST53/RC_CGIC_INST/GCLK
-     ICGx3_ASAP7_75t_L        rise   0.016   0.290   0.015  0.007  (251.334,254.439)    0.792     10    
u_apb_syscon/clk_gate_reg_reg[5]/CLK
-     DFFASRHQNx1_ASAP7_75t_R  rise   0.000   0.291   0.015  -      (247.608,253.773)    4.392   -       
---------------------------------------------------------------------------------------------------------------

Timing for timing corner dc_ff:hold.late, max clock_path:
=========================================================

PathID    : 48
Path type : skew group _clock_gen_CLK_SYS_en_latch_reg_02/mode_func (path 1 of 1)
Start     : clk
End       : u_axi_to_apb_m_apb_paddr_reg[30]/CLK
Delay     :  0.304

---------------------------------------------------------------------------------------------------------------
Name  Lib cell                 Event  Incr   Arrival  Slew   Cap    Location           Distance  Fanout  Status
                                      (ns)   (ns)     (ns)   (pF)                      (um)              
-- Clockpath trace --------------------------------------------------------------------------------------------
clk
-     -                        rise   -       0.150   0.004  0.020  (139.684,0.000)    -            2    
CTS_ccl_buf_01624/A
-     BUFx12f_ASAP7_75t_R      rise   0.012   0.162   0.031  -      (193.950,103.779)  158.045   -       
CTS_ccl_buf_01624/Y
-     BUFx12f_ASAP7_75t_R      rise   0.018   0.180   0.009  0.008  (194.238,103.779)    0.288      2    
CTS_ccl_buf_01623/A
-     BUFx10_ASAP7_75t_R       rise   0.003   0.182   0.012  -      (217.800,123.669)   43.452   -       
CTS_ccl_buf_01623/Y
-     BUFx10_ASAP7_75t_R       rise   0.019   0.201   0.016  0.015  (217.620,123.669)    0.180      3    
CTS_ccl_buf_01620/A
-     BUFx8_ASAP7_75t_R        rise   0.006   0.207   0.022  -      (247.464,186.939)   93.114   -       
CTS_ccl_buf_01620/Y
-     BUFx8_ASAP7_75t_R        rise   0.023   0.230   0.013  0.009  (247.644,186.939)    0.180      2    
CTS_ccl_a_buf_01613/A
-     BUFx8_ASAP7_75t_R        rise   0.003   0.234   0.016  -      (248.364,254.349)   68.130   -       
CTS_ccl_a_buf_01613/Y
-     BUFx8_ASAP7_75t_R        rise   0.020   0.254   0.009  0.005  (248.184,254.349)    0.180      2    
CTS_ccl_buf_01605/A
-     BUFx8_ASAP7_75t_R        rise   0.001   0.255   0.009  -      (259.236,255.519)   12.222   -       
CTS_ccl_buf_01605/Y
-     BUFx8_ASAP7_75t_R        rise   0.019   0.274   0.012  0.008  (259.416,255.519)    0.180      2    
u_axi_to_apb_cg_icg__RC_CG_HIER_INST228/RC_CGIC_INST/CLK
-     ICGx8DC_ASAP7_75t_L      rise   0.000   0.274   0.013  -      (261.432,253.701)    3.834   -       
u_axi_to_apb_cg_icg__RC_CG_HIER_INST228/RC_CGIC_INST/GCLK
-     ICGx8DC_ASAP7_75t_L      rise   0.010   0.285   0.007  0.006  (261.612,253.809)    0.288      2    
CTS_ccl_a_buf_00513/A
-     BUFx10_ASAP7_75t_R       rise   0.001   0.285   0.007  -      (260.568,250.119)    4.734   -       
CTS_ccl_a_buf_00513/Y
-     BUFx10_ASAP7_75t_R       rise   0.017   0.302   0.015  0.013  (260.388,250.119)    0.180     20    
u_axi_to_apb_m_apb_paddr_reg[30]/CLK
-     DFFASRHQNx1_ASAP7_75t_R  rise   0.002   0.304   0.018  -      (259.002,238.275)   13.230   -       
---------------------------------------------------------------------------------------------------------------

Timing for timing corner dc_ss:setup.early, min clock_path:
===========================================================

PathID    : 49
Path type : skew group _clock_gen_CLK_SYS_en_latch_reg_03/mode_func (path 1 of 1)
Start     : clk
End       : cg_cpu/en_latch_reg/CLK
Delay     :  0.223

-----------------------------------------------------------------------------------------------------------
Name  Lib cell             Event  Incr   Arrival  Slew   Cap    Location           Distance  Fanout  Status
                                  (ns)   (ns)     (ns)   (pF)                      (um)              
-- Clockpath trace ----------------------------------------------------------------------------------------
clk
-     -                    rise   -       0.100   0.004  0.019  (139.684,0.000)    -           2     
CTS_ccl_buf_01624/A
-     BUFx12f_ASAP7_75t_R  rise   0.015   0.115   0.038  -      (193.950,103.779)  158.045   -       
CTS_ccl_buf_01624/Y
-     BUFx12f_ASAP7_75t_R  rise   0.033   0.147   0.017  0.008  (194.238,103.779)    0.288     2     
CTS_ccl_buf_01622/A
-     BUFx10_ASAP7_75t_R   rise   0.003   0.151   0.019  -      (217.800,131.769)   51.552   -       
CTS_ccl_buf_01622/Y
-     BUFx10_ASAP7_75t_R   rise   0.034   0.185   0.023  0.009  (217.620,131.769)    0.180     1     
CTS_ccl_a_buf_01619/A
-     BUFx12f_ASAP7_75t_R  rise   0.004   0.189   0.027  -      (273.870,132.849)   57.330   -       
CTS_ccl_a_buf_01619/Y
-     BUFx12f_ASAP7_75t_R  rise   0.031   0.220   0.020  0.010  (274.158,132.849)    0.288     3     
cg_cpu/en_latch_reg/CLK
-     DLLx1_ASAP7_75t_R    rise   0.003   0.223   0.021  -      (285.642,92.475)    51.858   -       
-----------------------------------------------------------------------------------------------------------

Timing for timing corner dc_ss:setup.early, max clock_path:
===========================================================

PathID    : 50
Path type : skew group _clock_gen_CLK_SYS_en_latch_reg_03/mode_func (path 1 of 1)
Start     : clk
End       : u_apb_syscon/cpu_sleep_state_reg/CLK
Delay     :  0.236

---------------------------------------------------------------------------------------------------------------
Name  Lib cell                 Event  Incr   Arrival  Slew   Cap    Location           Distance  Fanout  Status
                                      (ns)   (ns)     (ns)   (pF)                      (um)              
-- Clockpath trace --------------------------------------------------------------------------------------------
clk
-     -                        rise   -       0.100   0.004  0.019  (139.684,0.000)    -           2     
CTS_ccl_buf_01624/A
-     BUFx12f_ASAP7_75t_R      rise   0.015   0.115   0.038  -      (193.950,103.779)  158.045   -       
CTS_ccl_buf_01624/Y
-     BUFx12f_ASAP7_75t_R      rise   0.033   0.147   0.017  0.008  (194.238,103.779)    0.288     2     
CTS_ccl_buf_01623/A
-     BUFx10_ASAP7_75t_R       rise   0.003   0.150   0.019  -      (217.800,123.669)   43.452   -       
CTS_ccl_buf_01623/Y
-     BUFx10_ASAP7_75t_R       rise   0.037   0.188   0.032  0.014  (217.620,123.669)    0.180     3     
u_apb_syscon/CTS_ccl_a_buf_00514/A
-     BUFx8_ASAP7_75t_R        rise   0.001   0.189   0.033  -      (227.970,117.819)   16.200   -       
u_apb_syscon/CTS_ccl_a_buf_00514/Y
-     BUFx8_ASAP7_75t_R        rise   0.043   0.232   0.024  0.007  (228.150,117.819)    0.180     1     
u_apb_syscon/cpu_sleep_state_reg/CLK
-     DFFASRHQNx1_ASAP7_75t_R  rise   0.004   0.236   0.026  -      (272.826,116.775)   45.720   -       
---------------------------------------------------------------------------------------------------------------

Timing for timing corner dc_ss:setup.late, min clock_path:
==========================================================

PathID    : 51
Path type : skew group _clock_gen_CLK_SYS_en_latch_reg_03/mode_func (path 1 of 1)
Start     : clk
End       : cg_cpu/en_latch_reg/CLK
Delay     :  0.273

-----------------------------------------------------------------------------------------------------------
Name  Lib cell             Event  Incr   Arrival  Slew   Cap    Location           Distance  Fanout  Status
                                  (ns)   (ns)     (ns)   (pF)                      (um)              
-- Clockpath trace ----------------------------------------------------------------------------------------
clk
-     -                    rise   -       0.150   0.004  0.019  (139.684,0.000)    -           2     
CTS_ccl_buf_01624/A
-     BUFx12f_ASAP7_75t_R  rise   0.015   0.165   0.038  -      (193.950,103.779)  158.045   -       
CTS_ccl_buf_01624/Y
-     BUFx12f_ASAP7_75t_R  rise   0.033   0.198   0.017  0.008  (194.238,103.779)    0.288     2     
CTS_ccl_buf_01622/A
-     BUFx10_ASAP7_75t_R   rise   0.003   0.201   0.019  -      (217.800,131.769)   51.552   -       
CTS_ccl_buf_01622/Y
-     BUFx10_ASAP7_75t_R   rise   0.034   0.235   0.023  0.009  (217.620,131.769)    0.180     1     
CTS_ccl_a_buf_01619/A
-     BUFx12f_ASAP7_75t_R  rise   0.004   0.239   0.027  -      (273.870,132.849)   57.330   -       
CTS_ccl_a_buf_01619/Y
-     BUFx12f_ASAP7_75t_R  rise   0.031   0.270   0.020  0.010  (274.158,132.849)    0.288     3     
cg_cpu/en_latch_reg/CLK
-     DLLx1_ASAP7_75t_R    rise   0.003   0.273   0.021  -      (285.642,92.475)    51.858   -       
-----------------------------------------------------------------------------------------------------------

Timing for timing corner dc_ss:setup.late, max clock_path:
==========================================================

PathID    : 52
Path type : skew group _clock_gen_CLK_SYS_en_latch_reg_03/mode_func (path 1 of 1)
Start     : clk
End       : u_apb_syscon/cpu_sleep_state_reg/CLK
Delay     :  0.286

---------------------------------------------------------------------------------------------------------------
Name  Lib cell                 Event  Incr   Arrival  Slew   Cap    Location           Distance  Fanout  Status
                                      (ns)   (ns)     (ns)   (pF)                      (um)              
-- Clockpath trace --------------------------------------------------------------------------------------------
clk
-     -                        rise   -       0.150   0.004  0.019  (139.684,0.000)    -           2     
CTS_ccl_buf_01624/A
-     BUFx12f_ASAP7_75t_R      rise   0.015   0.165   0.038  -      (193.950,103.779)  158.045   -       
CTS_ccl_buf_01624/Y
-     BUFx12f_ASAP7_75t_R      rise   0.033   0.198   0.017  0.008  (194.238,103.779)    0.288     2     
CTS_ccl_buf_01623/A
-     BUFx10_ASAP7_75t_R       rise   0.003   0.200   0.019  -      (217.800,123.669)   43.452   -       
CTS_ccl_buf_01623/Y
-     BUFx10_ASAP7_75t_R       rise   0.037   0.237   0.032  0.014  (217.620,123.669)    0.180     3     
u_apb_syscon/CTS_ccl_a_buf_00514/A
-     BUFx8_ASAP7_75t_R        rise   0.001   0.239   0.033  -      (227.970,117.819)   16.200   -       
u_apb_syscon/CTS_ccl_a_buf_00514/Y
-     BUFx8_ASAP7_75t_R        rise   0.043   0.282   0.024  0.007  (228.150,117.819)    0.180     1     
u_apb_syscon/cpu_sleep_state_reg/CLK
-     DFFASRHQNx1_ASAP7_75t_R  rise   0.004   0.286   0.026  -      (272.826,116.775)   45.720   -       
---------------------------------------------------------------------------------------------------------------

Timing for timing corner dc_tt:both.early, min clock_path:
==========================================================

PathID    : 53
Path type : skew group _clock_gen_CLK_SYS_en_latch_reg_03/mode_func (path 1 of 1)
Start     : clk
End       : cg_cpu/en_latch_reg/CLK
Delay     :  0.190

-----------------------------------------------------------------------------------------------------------
Name  Lib cell             Event  Incr   Arrival  Slew   Cap    Location           Distance  Fanout  Status
                                  (ns)   (ns)     (ns)   (pF)                      (um)              
-- Clockpath trace ----------------------------------------------------------------------------------------
clk
-     -                    rise   -       0.100   0.004  0.019  (139.684,0.000)    -           2     
CTS_ccl_buf_01624/A
-     BUFx12f_ASAP7_75t_R  rise   0.013   0.113   0.032  -      (193.950,103.779)  158.045   -       
CTS_ccl_buf_01624/Y
-     BUFx12f_ASAP7_75t_R  rise   0.023   0.136   0.012  0.008  (194.238,103.779)    0.288     2     
CTS_ccl_buf_01622/A
-     BUFx10_ASAP7_75t_R   rise   0.003   0.139   0.014  -      (217.800,131.769)   51.552   -       
CTS_ccl_buf_01622/Y
-     BUFx10_ASAP7_75t_R   rise   0.024   0.162   0.016  0.009  (217.620,131.769)    0.180     1     
CTS_ccl_a_buf_01619/A
-     BUFx12f_ASAP7_75t_R  rise   0.004   0.166   0.019  -      (273.870,132.849)   57.330   -       
CTS_ccl_a_buf_01619/Y
-     BUFx12f_ASAP7_75t_R  rise   0.021   0.187   0.014  0.010  (274.158,132.849)    0.288     3     
cg_cpu/en_latch_reg/CLK
-     DLLx1_ASAP7_75t_R    rise   0.003   0.190   0.015  -      (285.642,92.475)    51.858   -       
-----------------------------------------------------------------------------------------------------------

Timing for timing corner dc_tt:both.early, max clock_path:
==========================================================

PathID    : 54
Path type : skew group _clock_gen_CLK_SYS_en_latch_reg_03/mode_func (path 1 of 1)
Start     : clk
End       : u_apb_syscon/cpu_sleep_state_reg/CLK
Delay     :  0.198

---------------------------------------------------------------------------------------------------------------
Name  Lib cell                 Event  Incr   Arrival  Slew   Cap    Location           Distance  Fanout  Status
                                      (ns)   (ns)     (ns)   (pF)                      (um)              
-- Clockpath trace --------------------------------------------------------------------------------------------
clk
-     -                        rise   -       0.100   0.004  0.019  (139.684,0.000)    -           2     
CTS_ccl_buf_01624/A
-     BUFx12f_ASAP7_75t_R      rise   0.013   0.113   0.032  -      (193.950,103.779)  158.045   -       
CTS_ccl_buf_01624/Y
-     BUFx12f_ASAP7_75t_R      rise   0.023   0.136   0.012  0.008  (194.238,103.779)    0.288     2     
CTS_ccl_buf_01623/A
-     BUFx10_ASAP7_75t_R       rise   0.003   0.139   0.014  -      (217.800,123.669)   43.452   -       
CTS_ccl_buf_01623/Y
-     BUFx10_ASAP7_75t_R       rise   0.025   0.164   0.021  0.015  (217.620,123.669)    0.180     3     
u_apb_syscon/CTS_ccl_a_buf_00514/A
-     BUFx8_ASAP7_75t_R        rise   0.001   0.165   0.023  -      (227.970,117.819)   16.200   -       
u_apb_syscon/CTS_ccl_a_buf_00514/Y
-     BUFx8_ASAP7_75t_R        rise   0.030   0.195   0.016  0.007  (228.150,117.819)    0.180     1     
u_apb_syscon/cpu_sleep_state_reg/CLK
-     DFFASRHQNx1_ASAP7_75t_R  rise   0.003   0.198   0.018  -      (272.826,116.775)   45.720   -       
---------------------------------------------------------------------------------------------------------------

Timing for timing corner dc_tt:both.late, min clock_path:
=========================================================

PathID    : 55
Path type : skew group _clock_gen_CLK_SYS_en_latch_reg_03/mode_func (path 1 of 1)
Start     : clk
End       : cg_cpu/en_latch_reg/CLK
Delay     :  0.240

-----------------------------------------------------------------------------------------------------------
Name  Lib cell             Event  Incr   Arrival  Slew   Cap    Location           Distance  Fanout  Status
                                  (ns)   (ns)     (ns)   (pF)                      (um)              
-- Clockpath trace ----------------------------------------------------------------------------------------
clk
-     -                    rise   -       0.150   0.004  0.019  (139.684,0.000)    -           2     
CTS_ccl_buf_01624/A
-     BUFx12f_ASAP7_75t_R  rise   0.013   0.163   0.032  -      (193.950,103.779)  158.045   -       
CTS_ccl_buf_01624/Y
-     BUFx12f_ASAP7_75t_R  rise   0.023   0.186   0.012  0.008  (194.238,103.779)    0.288     2     
CTS_ccl_buf_01622/A
-     BUFx10_ASAP7_75t_R   rise   0.003   0.189   0.014  -      (217.800,131.769)   51.552   -       
CTS_ccl_buf_01622/Y
-     BUFx10_ASAP7_75t_R   rise   0.024   0.212   0.016  0.009  (217.620,131.769)    0.180     1     
CTS_ccl_a_buf_01619/A
-     BUFx12f_ASAP7_75t_R  rise   0.004   0.216   0.019  -      (273.870,132.849)   57.330   -       
CTS_ccl_a_buf_01619/Y
-     BUFx12f_ASAP7_75t_R  rise   0.021   0.237   0.014  0.010  (274.158,132.849)    0.288     3     
cg_cpu/en_latch_reg/CLK
-     DLLx1_ASAP7_75t_R    rise   0.003   0.240   0.015  -      (285.642,92.475)    51.858   -       
-----------------------------------------------------------------------------------------------------------

Timing for timing corner dc_tt:both.late, max clock_path:
=========================================================

PathID    : 56
Path type : skew group _clock_gen_CLK_SYS_en_latch_reg_03/mode_func (path 1 of 1)
Start     : clk
End       : u_apb_syscon/cpu_sleep_state_reg/CLK
Delay     :  0.248

---------------------------------------------------------------------------------------------------------------
Name  Lib cell                 Event  Incr   Arrival  Slew   Cap    Location           Distance  Fanout  Status
                                      (ns)   (ns)     (ns)   (pF)                      (um)              
-- Clockpath trace --------------------------------------------------------------------------------------------
clk
-     -                        rise   -       0.150   0.004  0.019  (139.684,0.000)    -           2     
CTS_ccl_buf_01624/A
-     BUFx12f_ASAP7_75t_R      rise   0.013   0.163   0.032  -      (193.950,103.779)  158.045   -       
CTS_ccl_buf_01624/Y
-     BUFx12f_ASAP7_75t_R      rise   0.023   0.186   0.012  0.008  (194.238,103.779)    0.288     2     
CTS_ccl_buf_01623/A
-     BUFx10_ASAP7_75t_R       rise   0.003   0.189   0.014  -      (217.800,123.669)   43.452   -       
CTS_ccl_buf_01623/Y
-     BUFx10_ASAP7_75t_R       rise   0.025   0.214   0.021  0.015  (217.620,123.669)    0.180     3     
u_apb_syscon/CTS_ccl_a_buf_00514/A
-     BUFx8_ASAP7_75t_R        rise   0.001   0.215   0.023  -      (227.970,117.819)   16.200   -       
u_apb_syscon/CTS_ccl_a_buf_00514/Y
-     BUFx8_ASAP7_75t_R        rise   0.030   0.245   0.016  0.007  (228.150,117.819)    0.180     1     
u_apb_syscon/cpu_sleep_state_reg/CLK
-     DFFASRHQNx1_ASAP7_75t_R  rise   0.003   0.248   0.018  -      (272.826,116.775)   45.720   -       
---------------------------------------------------------------------------------------------------------------

Timing for timing corner dc_ff:hold.early, min clock_path:
==========================================================

PathID    : 57
Path type : skew group _clock_gen_CLK_SYS_en_latch_reg_03/mode_func (path 1 of 1)
Start     : clk
End       : cg_cpu/en_latch_reg/CLK
Delay     :  0.172

-----------------------------------------------------------------------------------------------------------
Name  Lib cell             Event  Incr   Arrival  Slew   Cap    Location           Distance  Fanout  Status
                                  (ns)   (ns)     (ns)   (pF)                      (um)              
-- Clockpath trace ----------------------------------------------------------------------------------------
clk
-     -                    rise   -       0.100   0.004  0.020  (139.684,0.000)    -           2     
CTS_ccl_buf_01624/A
-     BUFx12f_ASAP7_75t_R  rise   0.012   0.112   0.031  -      (193.950,103.779)  158.045   -       
CTS_ccl_buf_01624/Y
-     BUFx12f_ASAP7_75t_R  rise   0.018   0.130   0.009  0.008  (194.238,103.779)    0.288     2     
CTS_ccl_buf_01622/A
-     BUFx10_ASAP7_75t_R   rise   0.003   0.133   0.012  -      (217.800,131.769)   51.552   -       
CTS_ccl_buf_01622/Y
-     BUFx10_ASAP7_75t_R   rise   0.018   0.150   0.012  0.010  (217.620,131.769)    0.180     1     
CTS_ccl_a_buf_01619/A
-     BUFx12f_ASAP7_75t_R  rise   0.004   0.154   0.016  -      (273.870,132.849)   57.330   -       
CTS_ccl_a_buf_01619/Y
-     BUFx12f_ASAP7_75t_R  rise   0.016   0.170   0.011  0.010  (274.158,132.849)    0.288     3     
cg_cpu/en_latch_reg/CLK
-     DLLx1_ASAP7_75t_R    rise   0.002   0.172   0.012  -      (285.642,92.475)    51.858   -       
-----------------------------------------------------------------------------------------------------------

Timing for timing corner dc_ff:hold.early, max clock_path:
==========================================================

PathID    : 58
Path type : skew group _clock_gen_CLK_SYS_en_latch_reg_03/mode_func (path 1 of 1)
Start     : clk
End       : u_apb_syscon/cpu_sleep_state_reg/CLK
Delay     :  0.177

---------------------------------------------------------------------------------------------------------------
Name  Lib cell                 Event  Incr   Arrival  Slew   Cap    Location           Distance  Fanout  Status
                                      (ns)   (ns)     (ns)   (pF)                      (um)              
-- Clockpath trace --------------------------------------------------------------------------------------------
clk
-     -                        rise   -       0.100   0.004  0.020  (139.684,0.000)    -           2     
CTS_ccl_buf_01624/A
-     BUFx12f_ASAP7_75t_R      rise   0.012   0.112   0.031  -      (193.950,103.779)  158.045   -       
CTS_ccl_buf_01624/Y
-     BUFx12f_ASAP7_75t_R      rise   0.018   0.130   0.009  0.008  (194.238,103.779)    0.288     2     
CTS_ccl_buf_01623/A
-     BUFx10_ASAP7_75t_R       rise   0.003   0.133   0.012  -      (217.800,123.669)   43.452   -       
CTS_ccl_buf_01623/Y
-     BUFx10_ASAP7_75t_R       rise   0.019   0.151   0.016  0.015  (217.620,123.669)    0.180     3     
u_apb_syscon/CTS_ccl_a_buf_00514/A
-     BUFx8_ASAP7_75t_R        rise   0.001   0.152   0.018  -      (227.970,117.819)   16.200   -       
u_apb_syscon/CTS_ccl_a_buf_00514/Y
-     BUFx8_ASAP7_75t_R        rise   0.022   0.174   0.012  0.007  (228.150,117.819)    0.180     1     
u_apb_syscon/cpu_sleep_state_reg/CLK
-     DFFASRHQNx1_ASAP7_75t_R  rise   0.003   0.177   0.014  -      (272.826,116.775)   45.720   -       
---------------------------------------------------------------------------------------------------------------

Timing for timing corner dc_ff:hold.late, min clock_path:
=========================================================

PathID    : 59
Path type : skew group _clock_gen_CLK_SYS_en_latch_reg_03/mode_func (path 1 of 1)
Start     : clk
End       : cg_cpu/en_latch_reg/CLK
Delay     :  0.222

-----------------------------------------------------------------------------------------------------------
Name  Lib cell             Event  Incr   Arrival  Slew   Cap    Location           Distance  Fanout  Status
                                  (ns)   (ns)     (ns)   (pF)                      (um)              
-- Clockpath trace ----------------------------------------------------------------------------------------
clk
-     -                    rise   -       0.150   0.004  0.020  (139.684,0.000)    -           2     
CTS_ccl_buf_01624/A
-     BUFx12f_ASAP7_75t_R  rise   0.012   0.162   0.031  -      (193.950,103.779)  158.045   -       
CTS_ccl_buf_01624/Y
-     BUFx12f_ASAP7_75t_R  rise   0.018   0.180   0.009  0.008  (194.238,103.779)    0.288     2     
CTS_ccl_buf_01622/A
-     BUFx10_ASAP7_75t_R   rise   0.003   0.183   0.012  -      (217.800,131.769)   51.552   -       
CTS_ccl_buf_01622/Y
-     BUFx10_ASAP7_75t_R   rise   0.018   0.200   0.012  0.010  (217.620,131.769)    0.180     1     
CTS_ccl_a_buf_01619/A
-     BUFx12f_ASAP7_75t_R  rise   0.004   0.204   0.016  -      (273.870,132.849)   57.330   -       
CTS_ccl_a_buf_01619/Y
-     BUFx12f_ASAP7_75t_R  rise   0.016   0.220   0.011  0.010  (274.158,132.849)    0.288     3     
cg_cpu/en_latch_reg/CLK
-     DLLx1_ASAP7_75t_R    rise   0.002   0.222   0.012  -      (285.642,92.475)    51.858   -       
-----------------------------------------------------------------------------------------------------------

Timing for timing corner dc_ff:hold.late, max clock_path:
=========================================================

PathID    : 60
Path type : skew group _clock_gen_CLK_SYS_en_latch_reg_03/mode_func (path 1 of 1)
Start     : clk
End       : u_apb_syscon/cpu_sleep_state_reg/CLK
Delay     :  0.227

---------------------------------------------------------------------------------------------------------------
Name  Lib cell                 Event  Incr   Arrival  Slew   Cap    Location           Distance  Fanout  Status
                                      (ns)   (ns)     (ns)   (pF)                      (um)              
-- Clockpath trace --------------------------------------------------------------------------------------------
clk
-     -                        rise   -       0.150   0.004  0.020  (139.684,0.000)    -           2     
CTS_ccl_buf_01624/A
-     BUFx12f_ASAP7_75t_R      rise   0.012   0.162   0.031  -      (193.950,103.779)  158.045   -       
CTS_ccl_buf_01624/Y
-     BUFx12f_ASAP7_75t_R      rise   0.018   0.180   0.009  0.008  (194.238,103.779)    0.288     2     
CTS_ccl_buf_01623/A
-     BUFx10_ASAP7_75t_R       rise   0.003   0.182   0.012  -      (217.800,123.669)   43.452   -       
CTS_ccl_buf_01623/Y
-     BUFx10_ASAP7_75t_R       rise   0.019   0.201   0.016  0.015  (217.620,123.669)    0.180     3     
u_apb_syscon/CTS_ccl_a_buf_00514/A
-     BUFx8_ASAP7_75t_R        rise   0.001   0.202   0.018  -      (227.970,117.819)   16.200   -       
u_apb_syscon/CTS_ccl_a_buf_00514/Y
-     BUFx8_ASAP7_75t_R        rise   0.022   0.224   0.012  0.007  (228.150,117.819)    0.180     1     
u_apb_syscon/cpu_sleep_state_reg/CLK
-     DFFASRHQNx1_ASAP7_75t_R  rise   0.003   0.227   0.014  -      (272.826,116.775)   45.720   -       
---------------------------------------------------------------------------------------------------------------

Timing for timing corner dc_ss:setup.early, min clock_path:
===========================================================

PathID    : 61
Path type : skew group _clock_gen_CLK_SYS_en_latch_reg_04/mode_func (path 1 of 1)
Start     : clk
End       : dbg_clk_hold_reg[0]/CLK
Delay     :  0.284

---------------------------------------------------------------------------------------------------------------
Name  Lib cell                 Event  Incr   Arrival  Slew   Cap    Location           Distance  Fanout  Status
                                      (ns)   (ns)     (ns)   (pF)                      (um)              
-- Clockpath trace --------------------------------------------------------------------------------------------
clk
-     -                        rise   -       0.100   0.004  0.019  (139.684,0.000)    -           2     
CTS_ccl_buf_01624/A
-     BUFx12f_ASAP7_75t_R      rise   0.015   0.115   0.038  -      (193.950,103.779)  158.045   -       
CTS_ccl_buf_01624/Y
-     BUFx12f_ASAP7_75t_R      rise   0.033   0.147   0.017  0.008  (194.238,103.779)    0.288     2     
CTS_ccl_buf_01622/A
-     BUFx10_ASAP7_75t_R       rise   0.003   0.151   0.019  -      (217.800,131.769)   51.552   -       
CTS_ccl_buf_01622/Y
-     BUFx10_ASAP7_75t_R       rise   0.034   0.185   0.023  0.009  (217.620,131.769)    0.180     1     
CTS_ccl_a_buf_01619/A
-     BUFx12f_ASAP7_75t_R      rise   0.004   0.189   0.027  -      (273.870,132.849)   57.330   -       
CTS_ccl_a_buf_01619/Y
-     BUFx12f_ASAP7_75t_R      rise   0.031   0.220   0.020  0.010  (274.158,132.849)    0.288     3     
CTS_ccl_buf_01190/A
-     BUFx4_ASAP7_75t_R        rise   0.001   0.222   0.021  -      (277.218,155.655)   25.866   -       
CTS_ccl_buf_01190/Y
-     BUFx4_ASAP7_75t_R        rise   0.039   0.261   0.022  0.003  (277.362,155.619)    0.180     2     
cg_icg__RC_CG_HIER_INST1751/RC_CGIC_INST/CLK
-     ICGx1_ASAP7_75t_L        rise   0.000   0.261   0.022  -      (277.416,160.281)    4.716   -       
cg_icg__RC_CG_HIER_INST1751/RC_CGIC_INST/GCLK
-     ICGx1_ASAP7_75t_L        rise   0.023   0.284   0.027  0.002  (276.732,160.389)    0.792     4     
dbg_clk_hold_reg[0]/CLK
-     DFFASRHQNx1_ASAP7_75t_R  rise   0.000   0.284   0.027  -      (277.740,160.353)    1.044   -       
---------------------------------------------------------------------------------------------------------------

Timing for timing corner dc_ss:setup.early, max clock_path:
===========================================================

PathID    : 62
Path type : skew group _clock_gen_CLK_SYS_en_latch_reg_04/mode_func (path 1 of 1)
Start     : clk
End       : cg_dbg/en_latch_reg/CLK
Delay     :  0.297

-----------------------------------------------------------------------------------------------------------
Name  Lib cell             Event  Incr   Arrival  Slew   Cap    Location           Distance  Fanout  Status
                                  (ns)   (ns)     (ns)   (pF)                      (um)              
-- Clockpath trace ----------------------------------------------------------------------------------------
clk
-     -                    rise   -       0.100   0.004  0.019  (139.684,0.000)    -           2     
CTS_ccl_buf_01624/A
-     BUFx12f_ASAP7_75t_R  rise   0.015   0.115   0.038  -      (193.950,103.779)  158.045   -       
CTS_ccl_buf_01624/Y
-     BUFx12f_ASAP7_75t_R  rise   0.033   0.147   0.017  0.008  (194.238,103.779)    0.288     2     
CTS_ccl_buf_01622/A
-     BUFx10_ASAP7_75t_R   rise   0.003   0.151   0.019  -      (217.800,131.769)   51.552   -       
CTS_ccl_buf_01622/Y
-     BUFx10_ASAP7_75t_R   rise   0.034   0.185   0.023  0.009  (217.620,131.769)    0.180     1     
CTS_ccl_a_buf_01619/A
-     BUFx12f_ASAP7_75t_R  rise   0.004   0.189   0.027  -      (273.870,132.849)   57.330   -       
CTS_ccl_a_buf_01619/Y
-     BUFx12f_ASAP7_75t_R  rise   0.031   0.220   0.020  0.010  (274.158,132.849)    0.288     3     
CTS_cdb_buf_04704/A
-     BUFx4_ASAP7_75t_R    rise   0.002   0.223   0.021  -      (277.488,112.995)   23.184   -       
CTS_cdb_buf_04704/Y
-     BUFx4_ASAP7_75t_R    rise   0.035   0.257   0.014  0.001  (277.632,112.959)    0.180     1     
CTS_cdb_buf_04702/A
-     BUFx8_ASAP7_75t_R    rise   0.000   0.257   0.014  -      (278.298,112.959)    0.666   -       
CTS_cdb_buf_04702/Y
-     BUFx8_ASAP7_75t_R    rise   0.036   0.294   0.025  0.007  (278.478,112.959)    0.180     1     
cg_dbg/en_latch_reg/CLK
-     DLLx1_ASAP7_75t_R    rise   0.003   0.297   0.026  -      (286.110,165.915)   60.588   -       
-----------------------------------------------------------------------------------------------------------

Timing for timing corner dc_ss:setup.late, min clock_path:
==========================================================

PathID    : 63
Path type : skew group _clock_gen_CLK_SYS_en_latch_reg_04/mode_func (path 1 of 1)
Start     : clk
End       : dbg_clk_hold_reg[1]/CLK
Delay     :  0.336

---------------------------------------------------------------------------------------------------------------
Name  Lib cell                 Event  Incr   Arrival  Slew   Cap    Location           Distance  Fanout  Status
                                      (ns)   (ns)     (ns)   (pF)                      (um)              
-- Clockpath trace --------------------------------------------------------------------------------------------
clk
-     -                        rise   -       0.150   0.004  0.019  (139.684,0.000)    -           2     
CTS_ccl_buf_01624/A
-     BUFx12f_ASAP7_75t_R      rise   0.015   0.165   0.038  -      (193.950,103.779)  158.045   -       
CTS_ccl_buf_01624/Y
-     BUFx12f_ASAP7_75t_R      rise   0.033   0.198   0.017  0.008  (194.238,103.779)    0.288     2     
CTS_ccl_buf_01622/A
-     BUFx10_ASAP7_75t_R       rise   0.003   0.201   0.019  -      (217.800,131.769)   51.552   -       
CTS_ccl_buf_01622/Y
-     BUFx10_ASAP7_75t_R       rise   0.034   0.235   0.023  0.009  (217.620,131.769)    0.180     1     
CTS_ccl_a_buf_01619/A
-     BUFx12f_ASAP7_75t_R      rise   0.004   0.239   0.027  -      (273.870,132.849)   57.330   -       
CTS_ccl_a_buf_01619/Y
-     BUFx12f_ASAP7_75t_R      rise   0.031   0.270   0.020  0.010  (274.158,132.849)    0.288     3     
CTS_ccl_buf_01190/A
-     BUFx4_ASAP7_75t_R        rise   0.001   0.272   0.021  -      (277.218,155.655)   25.866   -       
CTS_ccl_buf_01190/Y
-     BUFx4_ASAP7_75t_R        rise   0.040   0.311   0.024  0.003  (277.362,155.619)    0.180     2     
cg_icg__RC_CG_HIER_INST1751/RC_CGIC_INST/CLK
-     ICGx1_ASAP7_75t_L        rise   0.000   0.312   0.024  -      (277.416,160.281)    4.716   -       
cg_icg__RC_CG_HIER_INST1751/RC_CGIC_INST/GCLK
-     ICGx1_ASAP7_75t_L        rise   0.024   0.336   0.029  0.002  (276.732,160.389)    0.792     4     
dbg_clk_hold_reg[1]/CLK
-     DFFASRHQNx1_ASAP7_75t_R  rise   0.000   0.336   0.029  -      (276.714,160.893)    0.522   -       
---------------------------------------------------------------------------------------------------------------

Timing for timing corner dc_ss:setup.late, max clock_path:
==========================================================

PathID    : 64
Path type : skew group _clock_gen_CLK_SYS_en_latch_reg_04/mode_func (path 1 of 1)
Start     : clk
End       : cg_dbg/en_latch_reg/CLK
Delay     :  0.347

-----------------------------------------------------------------------------------------------------------
Name  Lib cell             Event  Incr   Arrival  Slew   Cap    Location           Distance  Fanout  Status
                                  (ns)   (ns)     (ns)   (pF)                      (um)              
-- Clockpath trace ----------------------------------------------------------------------------------------
clk
-     -                    rise   -       0.150   0.004  0.019  (139.684,0.000)    -           2     
CTS_ccl_buf_01624/A
-     BUFx12f_ASAP7_75t_R  rise   0.015   0.165   0.038  -      (193.950,103.779)  158.045   -       
CTS_ccl_buf_01624/Y
-     BUFx12f_ASAP7_75t_R  rise   0.033   0.198   0.017  0.008  (194.238,103.779)    0.288     2     
CTS_ccl_buf_01622/A
-     BUFx10_ASAP7_75t_R   rise   0.003   0.201   0.019  -      (217.800,131.769)   51.552   -       
CTS_ccl_buf_01622/Y
-     BUFx10_ASAP7_75t_R   rise   0.034   0.235   0.023  0.009  (217.620,131.769)    0.180     1     
CTS_ccl_a_buf_01619/A
-     BUFx12f_ASAP7_75t_R  rise   0.004   0.239   0.027  -      (273.870,132.849)   57.330   -       
CTS_ccl_a_buf_01619/Y
-     BUFx12f_ASAP7_75t_R  rise   0.031   0.270   0.020  0.010  (274.158,132.849)    0.288     3     
CTS_cdb_buf_04704/A
-     BUFx4_ASAP7_75t_R    rise   0.002   0.273   0.021  -      (277.488,112.995)   23.184   -       
CTS_cdb_buf_04704/Y
-     BUFx4_ASAP7_75t_R    rise   0.035   0.307   0.014  0.001  (277.632,112.959)    0.180     1     
CTS_cdb_buf_04702/A
-     BUFx8_ASAP7_75t_R    rise   0.000   0.307   0.014  -      (278.298,112.959)    0.666   -       
CTS_cdb_buf_04702/Y
-     BUFx8_ASAP7_75t_R    rise   0.036   0.344   0.025  0.007  (278.478,112.959)    0.180     1     
cg_dbg/en_latch_reg/CLK
-     DLLx1_ASAP7_75t_R    rise   0.003   0.347   0.026  -      (286.110,165.915)   60.588   -       
-----------------------------------------------------------------------------------------------------------

Timing for timing corner dc_tt:both.early, min clock_path:
==========================================================

PathID    : 65
Path type : skew group _clock_gen_CLK_SYS_en_latch_reg_04/mode_func (path 1 of 1)
Start     : clk
End       : dbg_clk_hold_reg[0]/CLK
Delay     :  0.232

---------------------------------------------------------------------------------------------------------------
Name  Lib cell                 Event  Incr   Arrival  Slew   Cap    Location           Distance  Fanout  Status
                                      (ns)   (ns)     (ns)   (pF)                      (um)              
-- Clockpath trace --------------------------------------------------------------------------------------------
clk
-     -                        rise   -       0.100   0.004  0.019  (139.684,0.000)    -           2     
CTS_ccl_buf_01624/A
-     BUFx12f_ASAP7_75t_R      rise   0.013   0.113   0.032  -      (193.950,103.779)  158.045   -       
CTS_ccl_buf_01624/Y
-     BUFx12f_ASAP7_75t_R      rise   0.023   0.136   0.012  0.008  (194.238,103.779)    0.288     2     
CTS_ccl_buf_01622/A
-     BUFx10_ASAP7_75t_R       rise   0.003   0.139   0.014  -      (217.800,131.769)   51.552   -       
CTS_ccl_buf_01622/Y
-     BUFx10_ASAP7_75t_R       rise   0.024   0.162   0.016  0.009  (217.620,131.769)    0.180     1     
CTS_ccl_a_buf_01619/A
-     BUFx12f_ASAP7_75t_R      rise   0.004   0.166   0.019  -      (273.870,132.849)   57.330   -       
CTS_ccl_a_buf_01619/Y
-     BUFx12f_ASAP7_75t_R      rise   0.021   0.187   0.014  0.010  (274.158,132.849)    0.288     3     
CTS_ccl_buf_01190/A
-     BUFx4_ASAP7_75t_R        rise   0.001   0.188   0.014  -      (277.218,155.655)   25.866   -       
CTS_ccl_buf_01190/Y
-     BUFx4_ASAP7_75t_R        rise   0.027   0.215   0.014  0.004  (277.362,155.619)    0.180     2     
cg_icg__RC_CG_HIER_INST1751/RC_CGIC_INST/CLK
-     ICGx1_ASAP7_75t_L        rise   0.000   0.216   0.014  -      (277.416,160.281)    4.716   -       
cg_icg__RC_CG_HIER_INST1751/RC_CGIC_INST/GCLK
-     ICGx1_ASAP7_75t_L        rise   0.016   0.231   0.018  0.002  (276.732,160.389)    0.792     4     
dbg_clk_hold_reg[0]/CLK
-     DFFASRHQNx1_ASAP7_75t_R  rise   0.000   0.232   0.018  -      (277.740,160.353)    1.044   -       
---------------------------------------------------------------------------------------------------------------

Timing for timing corner dc_tt:both.early, max clock_path:
==========================================================

PathID    : 66
Path type : skew group _clock_gen_CLK_SYS_en_latch_reg_04/mode_func (path 1 of 1)
Start     : clk
End       : cg_dbg/en_latch_reg/CLK
Delay     :  0.241

-----------------------------------------------------------------------------------------------------------
Name  Lib cell             Event  Incr   Arrival  Slew   Cap    Location           Distance  Fanout  Status
                                  (ns)   (ns)     (ns)   (pF)                      (um)              
-- Clockpath trace ----------------------------------------------------------------------------------------
clk
-     -                    rise   -       0.100   0.004  0.019  (139.684,0.000)    -           2     
CTS_ccl_buf_01624/A
-     BUFx12f_ASAP7_75t_R  rise   0.013   0.113   0.032  -      (193.950,103.779)  158.045   -       
CTS_ccl_buf_01624/Y
-     BUFx12f_ASAP7_75t_R  rise   0.023   0.136   0.012  0.008  (194.238,103.779)    0.288     2     
CTS_ccl_buf_01622/A
-     BUFx10_ASAP7_75t_R   rise   0.003   0.139   0.014  -      (217.800,131.769)   51.552   -       
CTS_ccl_buf_01622/Y
-     BUFx10_ASAP7_75t_R   rise   0.024   0.162   0.016  0.009  (217.620,131.769)    0.180     1     
CTS_ccl_a_buf_01619/A
-     BUFx12f_ASAP7_75t_R  rise   0.004   0.166   0.019  -      (273.870,132.849)   57.330   -       
CTS_ccl_a_buf_01619/Y
-     BUFx12f_ASAP7_75t_R  rise   0.021   0.187   0.014  0.010  (274.158,132.849)    0.288     3     
CTS_cdb_buf_04704/A
-     BUFx4_ASAP7_75t_R    rise   0.002   0.189   0.015  -      (277.488,112.995)   23.184   -       
CTS_cdb_buf_04704/Y
-     BUFx4_ASAP7_75t_R    rise   0.024   0.213   0.009  0.001  (277.632,112.959)    0.180     1     
CTS_cdb_buf_04702/A
-     BUFx8_ASAP7_75t_R    rise   0.000   0.213   0.009  -      (278.298,112.959)    0.666   -       
CTS_cdb_buf_04702/Y
-     BUFx8_ASAP7_75t_R    rise   0.025   0.238   0.016  0.007  (278.478,112.959)    0.180     1     
cg_dbg/en_latch_reg/CLK
-     DLLx1_ASAP7_75t_R    rise   0.003   0.241   0.018  -      (286.110,165.915)   60.588   -       
-----------------------------------------------------------------------------------------------------------

Timing for timing corner dc_tt:both.late, min clock_path:
=========================================================

PathID    : 67
Path type : skew group _clock_gen_CLK_SYS_en_latch_reg_04/mode_func (path 1 of 1)
Start     : clk
End       : dbg_clk_hold_reg[0]/CLK
Delay     :  0.282

---------------------------------------------------------------------------------------------------------------
Name  Lib cell                 Event  Incr   Arrival  Slew   Cap    Location           Distance  Fanout  Status
                                      (ns)   (ns)     (ns)   (pF)                      (um)              
-- Clockpath trace --------------------------------------------------------------------------------------------
clk
-     -                        rise   -       0.150   0.004  0.019  (139.684,0.000)    -           2     
CTS_ccl_buf_01624/A
-     BUFx12f_ASAP7_75t_R      rise   0.013   0.163   0.032  -      (193.950,103.779)  158.045   -       
CTS_ccl_buf_01624/Y
-     BUFx12f_ASAP7_75t_R      rise   0.023   0.186   0.012  0.008  (194.238,103.779)    0.288     2     
CTS_ccl_buf_01622/A
-     BUFx10_ASAP7_75t_R       rise   0.003   0.189   0.014  -      (217.800,131.769)   51.552   -       
CTS_ccl_buf_01622/Y
-     BUFx10_ASAP7_75t_R       rise   0.024   0.212   0.016  0.009  (217.620,131.769)    0.180     1     
CTS_ccl_a_buf_01619/A
-     BUFx12f_ASAP7_75t_R      rise   0.004   0.216   0.019  -      (273.870,132.849)   57.330   -       
CTS_ccl_a_buf_01619/Y
-     BUFx12f_ASAP7_75t_R      rise   0.021   0.237   0.014  0.010  (274.158,132.849)    0.288     3     
CTS_ccl_buf_01190/A
-     BUFx4_ASAP7_75t_R        rise   0.001   0.238   0.014  -      (277.218,155.655)   25.866   -       
CTS_ccl_buf_01190/Y
-     BUFx4_ASAP7_75t_R        rise   0.028   0.266   0.015  0.004  (277.362,155.619)    0.180     2     
cg_icg__RC_CG_HIER_INST1751/RC_CGIC_INST/CLK
-     ICGx1_ASAP7_75t_L        rise   0.000   0.267   0.016  -      (277.416,160.281)    4.716   -       
cg_icg__RC_CG_HIER_INST1751/RC_CGIC_INST/GCLK
-     ICGx1_ASAP7_75t_L        rise   0.016   0.282   0.018  0.002  (276.732,160.389)    0.792     4     
dbg_clk_hold_reg[0]/CLK
-     DFFASRHQNx1_ASAP7_75t_R  rise   0.000   0.282   0.018  -      (277.740,160.353)    1.044   -       
---------------------------------------------------------------------------------------------------------------

Timing for timing corner dc_tt:both.late, max clock_path:
=========================================================

PathID    : 68
Path type : skew group _clock_gen_CLK_SYS_en_latch_reg_04/mode_func (path 1 of 1)
Start     : clk
End       : cg_dbg/en_latch_reg/CLK
Delay     :  0.291

-----------------------------------------------------------------------------------------------------------
Name  Lib cell             Event  Incr   Arrival  Slew   Cap    Location           Distance  Fanout  Status
                                  (ns)   (ns)     (ns)   (pF)                      (um)              
-- Clockpath trace ----------------------------------------------------------------------------------------
clk
-     -                    rise   -       0.150   0.004  0.019  (139.684,0.000)    -           2     
CTS_ccl_buf_01624/A
-     BUFx12f_ASAP7_75t_R  rise   0.013   0.163   0.032  -      (193.950,103.779)  158.045   -       
CTS_ccl_buf_01624/Y
-     BUFx12f_ASAP7_75t_R  rise   0.023   0.186   0.012  0.008  (194.238,103.779)    0.288     2     
CTS_ccl_buf_01622/A
-     BUFx10_ASAP7_75t_R   rise   0.003   0.189   0.014  -      (217.800,131.769)   51.552   -       
CTS_ccl_buf_01622/Y
-     BUFx10_ASAP7_75t_R   rise   0.024   0.212   0.016  0.009  (217.620,131.769)    0.180     1     
CTS_ccl_a_buf_01619/A
-     BUFx12f_ASAP7_75t_R  rise   0.004   0.216   0.019  -      (273.870,132.849)   57.330   -       
CTS_ccl_a_buf_01619/Y
-     BUFx12f_ASAP7_75t_R  rise   0.021   0.237   0.014  0.010  (274.158,132.849)    0.288     3     
CTS_cdb_buf_04704/A
-     BUFx4_ASAP7_75t_R    rise   0.002   0.239   0.015  -      (277.488,112.995)   23.184   -       
CTS_cdb_buf_04704/Y
-     BUFx4_ASAP7_75t_R    rise   0.024   0.263   0.009  0.001  (277.632,112.959)    0.180     1     
CTS_cdb_buf_04702/A
-     BUFx8_ASAP7_75t_R    rise   0.000   0.263   0.009  -      (278.298,112.959)    0.666   -       
CTS_cdb_buf_04702/Y
-     BUFx8_ASAP7_75t_R    rise   0.025   0.288   0.016  0.007  (278.478,112.959)    0.180     1     
cg_dbg/en_latch_reg/CLK
-     DLLx1_ASAP7_75t_R    rise   0.003   0.291   0.018  -      (286.110,165.915)   60.588   -       
-----------------------------------------------------------------------------------------------------------

Timing for timing corner dc_ff:hold.early, min clock_path:
==========================================================

PathID    : 69
Path type : skew group _clock_gen_CLK_SYS_en_latch_reg_04/mode_func (path 1 of 1)
Start     : clk
End       : dbg_clk_hold_reg[0]/CLK
Delay     :  0.203

---------------------------------------------------------------------------------------------------------------
Name  Lib cell                 Event  Incr   Arrival  Slew   Cap    Location           Distance  Fanout  Status
                                      (ns)   (ns)     (ns)   (pF)                      (um)              
-- Clockpath trace --------------------------------------------------------------------------------------------
clk
-     -                        rise   -       0.100   0.004  0.020  (139.684,0.000)    -           2     
CTS_ccl_buf_01624/A
-     BUFx12f_ASAP7_75t_R      rise   0.012   0.112   0.031  -      (193.950,103.779)  158.045   -       
CTS_ccl_buf_01624/Y
-     BUFx12f_ASAP7_75t_R      rise   0.018   0.130   0.009  0.008  (194.238,103.779)    0.288     2     
CTS_ccl_buf_01622/A
-     BUFx10_ASAP7_75t_R       rise   0.003   0.133   0.012  -      (217.800,131.769)   51.552   -       
CTS_ccl_buf_01622/Y
-     BUFx10_ASAP7_75t_R       rise   0.018   0.150   0.012  0.010  (217.620,131.769)    0.180     1     
CTS_ccl_a_buf_01619/A
-     BUFx12f_ASAP7_75t_R      rise   0.004   0.154   0.016  -      (273.870,132.849)   57.330   -       
CTS_ccl_a_buf_01619/Y
-     BUFx12f_ASAP7_75t_R      rise   0.016   0.170   0.011  0.010  (274.158,132.849)    0.288     3     
CTS_ccl_buf_01190/A
-     BUFx4_ASAP7_75t_R        rise   0.001   0.171   0.011  -      (277.218,155.655)   25.866   -       
CTS_ccl_buf_01190/Y
-     BUFx4_ASAP7_75t_R        rise   0.020   0.191   0.011  0.004  (277.362,155.619)    0.180     2     
cg_icg__RC_CG_HIER_INST1751/RC_CGIC_INST/CLK
-     ICGx1_ASAP7_75t_L        rise   0.000   0.191   0.011  -      (277.416,160.281)    4.716   -       
cg_icg__RC_CG_HIER_INST1751/RC_CGIC_INST/GCLK
-     ICGx1_ASAP7_75t_L        rise   0.012   0.203   0.014  0.002  (276.732,160.389)    0.792     4     
dbg_clk_hold_reg[0]/CLK
-     DFFASRHQNx1_ASAP7_75t_R  rise   0.000   0.203   0.014  -      (277.740,160.353)    1.044   -       
---------------------------------------------------------------------------------------------------------------

Timing for timing corner dc_ff:hold.early, max clock_path:
==========================================================

PathID    : 70
Path type : skew group _clock_gen_CLK_SYS_en_latch_reg_04/mode_func (path 1 of 1)
Start     : clk
End       : cg_dbg/en_latch_reg/CLK
Delay     :  0.210

-----------------------------------------------------------------------------------------------------------
Name  Lib cell             Event  Incr   Arrival  Slew   Cap    Location           Distance  Fanout  Status
                                  (ns)   (ns)     (ns)   (pF)                      (um)              
-- Clockpath trace ----------------------------------------------------------------------------------------
clk
-     -                    rise   -       0.100   0.004  0.020  (139.684,0.000)    -           2     
CTS_ccl_buf_01624/A
-     BUFx12f_ASAP7_75t_R  rise   0.012   0.112   0.031  -      (193.950,103.779)  158.045   -       
CTS_ccl_buf_01624/Y
-     BUFx12f_ASAP7_75t_R  rise   0.018   0.130   0.009  0.008  (194.238,103.779)    0.288     2     
CTS_ccl_buf_01622/A
-     BUFx10_ASAP7_75t_R   rise   0.003   0.133   0.012  -      (217.800,131.769)   51.552   -       
CTS_ccl_buf_01622/Y
-     BUFx10_ASAP7_75t_R   rise   0.018   0.150   0.012  0.010  (217.620,131.769)    0.180     1     
CTS_ccl_a_buf_01619/A
-     BUFx12f_ASAP7_75t_R  rise   0.004   0.154   0.016  -      (273.870,132.849)   57.330   -       
CTS_ccl_a_buf_01619/Y
-     BUFx12f_ASAP7_75t_R  rise   0.016   0.170   0.011  0.010  (274.158,132.849)    0.288     3     
CTS_cdb_buf_04704/A
-     BUFx4_ASAP7_75t_R    rise   0.002   0.171   0.012  -      (277.488,112.995)   23.184   -       
CTS_cdb_buf_04704/Y
-     BUFx4_ASAP7_75t_R    rise   0.018   0.190   0.007  0.001  (277.632,112.959)    0.180     1     
CTS_cdb_buf_04702/A
-     BUFx8_ASAP7_75t_R    rise   0.000   0.190   0.007  -      (278.298,112.959)    0.666   -       
CTS_cdb_buf_04702/Y
-     BUFx8_ASAP7_75t_R    rise   0.018   0.208   0.012  0.007  (278.478,112.959)    0.180     1     
cg_dbg/en_latch_reg/CLK
-     DLLx1_ASAP7_75t_R    rise   0.003   0.210   0.014  -      (286.110,165.915)   60.588   -       
-----------------------------------------------------------------------------------------------------------

Timing for timing corner dc_ff:hold.late, min clock_path:
=========================================================

PathID    : 71
Path type : skew group _clock_gen_CLK_SYS_en_latch_reg_04/mode_func (path 1 of 1)
Start     : clk
End       : dbg_clk_hold_reg[0]/CLK
Delay     :  0.254

---------------------------------------------------------------------------------------------------------------
Name  Lib cell                 Event  Incr   Arrival  Slew   Cap    Location           Distance  Fanout  Status
                                      (ns)   (ns)     (ns)   (pF)                      (um)              
-- Clockpath trace --------------------------------------------------------------------------------------------
clk
-     -                        rise   -       0.150   0.004  0.020  (139.684,0.000)    -           2     
CTS_ccl_buf_01624/A
-     BUFx12f_ASAP7_75t_R      rise   0.012   0.162   0.031  -      (193.950,103.779)  158.045   -       
CTS_ccl_buf_01624/Y
-     BUFx12f_ASAP7_75t_R      rise   0.018   0.180   0.009  0.008  (194.238,103.779)    0.288     2     
CTS_ccl_buf_01622/A
-     BUFx10_ASAP7_75t_R       rise   0.003   0.183   0.012  -      (217.800,131.769)   51.552   -       
CTS_ccl_buf_01622/Y
-     BUFx10_ASAP7_75t_R       rise   0.018   0.200   0.012  0.010  (217.620,131.769)    0.180     1     
CTS_ccl_a_buf_01619/A
-     BUFx12f_ASAP7_75t_R      rise   0.004   0.204   0.016  -      (273.870,132.849)   57.330   -       
CTS_ccl_a_buf_01619/Y
-     BUFx12f_ASAP7_75t_R      rise   0.016   0.220   0.011  0.010  (274.158,132.849)    0.288     3     
CTS_ccl_buf_01190/A
-     BUFx4_ASAP7_75t_R        rise   0.001   0.221   0.012  -      (277.218,155.655)   25.866   -       
CTS_ccl_buf_01190/Y
-     BUFx4_ASAP7_75t_R        rise   0.021   0.241   0.012  0.004  (277.362,155.619)    0.180     2     
cg_icg__RC_CG_HIER_INST1751/RC_CGIC_INST/CLK
-     ICGx1_ASAP7_75t_L        rise   0.000   0.242   0.012  -      (277.416,160.281)    4.716   -       
cg_icg__RC_CG_HIER_INST1751/RC_CGIC_INST/GCLK
-     ICGx1_ASAP7_75t_L        rise   0.012   0.254   0.014  0.002  (276.732,160.389)    0.792     4     
dbg_clk_hold_reg[0]/CLK
-     DFFASRHQNx1_ASAP7_75t_R  rise   0.000   0.254   0.014  -      (277.740,160.353)    1.044   -       
---------------------------------------------------------------------------------------------------------------

Timing for timing corner dc_ff:hold.late, max clock_path:
=========================================================

PathID    : 72
Path type : skew group _clock_gen_CLK_SYS_en_latch_reg_04/mode_func (path 1 of 1)
Start     : clk
End       : cg_dbg/en_latch_reg/CLK
Delay     :  0.261

-----------------------------------------------------------------------------------------------------------
Name  Lib cell             Event  Incr   Arrival  Slew   Cap    Location           Distance  Fanout  Status
                                  (ns)   (ns)     (ns)   (pF)                      (um)              
-- Clockpath trace ----------------------------------------------------------------------------------------
clk
-     -                    rise   -       0.150   0.004  0.020  (139.684,0.000)    -           2     
CTS_ccl_buf_01624/A
-     BUFx12f_ASAP7_75t_R  rise   0.012   0.162   0.031  -      (193.950,103.779)  158.045   -       
CTS_ccl_buf_01624/Y
-     BUFx12f_ASAP7_75t_R  rise   0.018   0.180   0.009  0.008  (194.238,103.779)    0.288     2     
CTS_ccl_buf_01622/A
-     BUFx10_ASAP7_75t_R   rise   0.003   0.183   0.012  -      (217.800,131.769)   51.552   -       
CTS_ccl_buf_01622/Y
-     BUFx10_ASAP7_75t_R   rise   0.018   0.200   0.012  0.010  (217.620,131.769)    0.180     1     
CTS_ccl_a_buf_01619/A
-     BUFx12f_ASAP7_75t_R  rise   0.004   0.204   0.016  -      (273.870,132.849)   57.330   -       
CTS_ccl_a_buf_01619/Y
-     BUFx12f_ASAP7_75t_R  rise   0.016   0.220   0.011  0.010  (274.158,132.849)    0.288     3     
CTS_cdb_buf_04704/A
-     BUFx4_ASAP7_75t_R    rise   0.002   0.221   0.012  -      (277.488,112.995)   23.184   -       
CTS_cdb_buf_04704/Y
-     BUFx4_ASAP7_75t_R    rise   0.018   0.239   0.007  0.001  (277.632,112.959)    0.180     1     
CTS_cdb_buf_04702/A
-     BUFx8_ASAP7_75t_R    rise   0.000   0.240   0.007  -      (278.298,112.959)    0.666   -       
CTS_cdb_buf_04702/Y
-     BUFx8_ASAP7_75t_R    rise   0.018   0.258   0.012  0.007  (278.478,112.959)    0.180     1     
cg_dbg/en_latch_reg/CLK
-     DLLx1_ASAP7_75t_R    rise   0.003   0.261   0.014  -      (286.110,165.915)   60.588   -       
-----------------------------------------------------------------------------------------------------------

Timing for timing corner dc_ss:setup.early, min clock_path:
===========================================================

PathID    : 73
Path type : skew group _clock_gen_CLK_SYS_en_latch_reg_05/mode_func (path 1 of 1)
Start     : clk
End       : u_apb_syscon/clk_gate_reg_reg[4]/CLK
Delay     :  0.354

---------------------------------------------------------------------------------------------------------------
Name  Lib cell                 Event  Incr   Arrival  Slew   Cap    Location           Distance  Fanout  Status
                                      (ns)   (ns)     (ns)   (pF)                      (um)              
-- Clockpath trace --------------------------------------------------------------------------------------------
clk
-     -                        rise   -       0.100   0.004  0.019  (139.684,0.000)    -            2    
CTS_ccl_buf_01624/A
-     BUFx12f_ASAP7_75t_R      rise   0.015   0.115   0.038  -      (193.950,103.779)  158.045   -       
CTS_ccl_buf_01624/Y
-     BUFx12f_ASAP7_75t_R      rise   0.033   0.147   0.017  0.008  (194.238,103.779)    0.288      2    
CTS_ccl_buf_01623/A
-     BUFx10_ASAP7_75t_R       rise   0.003   0.150   0.019  -      (217.800,123.669)   43.452   -       
CTS_ccl_buf_01623/Y
-     BUFx10_ASAP7_75t_R       rise   0.037   0.188   0.032  0.014  (217.620,123.669)    0.180      3    
CTS_ccl_buf_01620/A
-     BUFx8_ASAP7_75t_R        rise   0.008   0.195   0.036  -      (247.464,186.939)   93.114   -       
CTS_ccl_buf_01620/Y
-     BUFx8_ASAP7_75t_R        rise   0.045   0.241   0.027  0.008  (247.644,186.939)    0.180      2    
CTS_cdb_buf_04712/A
-     BUFx4_ASAP7_75t_R        rise   0.004   0.245   0.029  -      (248.436,251.235)   65.088   -       
CTS_cdb_buf_04712/Y
-     BUFx4_ASAP7_75t_R        rise   0.038   0.283   0.014  0.001  (248.580,251.199)    0.180      1    
CTS_ccl_a_buf_01201/A
-     BUFx4_ASAP7_75t_R        rise   0.000   0.283   0.014  -      (248.976,253.773)    2.970   -       
CTS_ccl_a_buf_01201/Y
-     BUFx4_ASAP7_75t_R        rise   0.040   0.323   0.030  0.006  (249.120,253.809)    0.180      2    
u_apb_syscon/cg_icg__RC_CG_HIER_INST53/RC_CGIC_INST/CLK
-     ICGx3_ASAP7_75t_L        rise   0.001   0.324   0.031  -      (250.650,254.547)    2.268   -       
u_apb_syscon/cg_icg__RC_CG_HIER_INST53/RC_CGIC_INST/GCLK
-     ICGx3_ASAP7_75t_L        rise   0.030   0.353   0.027  0.006  (251.334,254.439)    0.792     10    
u_apb_syscon/clk_gate_reg_reg[4]/CLK
-     DFFASRHQNx1_ASAP7_75t_R  rise   0.000   0.354   0.027  -      (251.766,254.313)    0.558   -       
---------------------------------------------------------------------------------------------------------------

Timing for timing corner dc_ss:setup.early, max clock_path:
===========================================================

PathID    : 74
Path type : skew group _clock_gen_CLK_SYS_en_latch_reg_05/mode_func (path 1 of 1)
Start     : clk
End       : u_axi_to_apb_m_apb_paddr_reg[30]/CLK
Delay     :  0.378

---------------------------------------------------------------------------------------------------------------
Name  Lib cell                 Event  Incr   Arrival  Slew   Cap    Location           Distance  Fanout  Status
                                      (ns)   (ns)     (ns)   (pF)                      (um)              
-- Clockpath trace --------------------------------------------------------------------------------------------
clk
-     -                        rise   -       0.100   0.004  0.019  (139.684,0.000)    -            2    
CTS_ccl_buf_01624/A
-     BUFx12f_ASAP7_75t_R      rise   0.015   0.115   0.038  -      (193.950,103.779)  158.045   -       
CTS_ccl_buf_01624/Y
-     BUFx12f_ASAP7_75t_R      rise   0.033   0.147   0.017  0.008  (194.238,103.779)    0.288      2    
CTS_ccl_buf_01623/A
-     BUFx10_ASAP7_75t_R       rise   0.003   0.150   0.019  -      (217.800,123.669)   43.452   -       
CTS_ccl_buf_01623/Y
-     BUFx10_ASAP7_75t_R       rise   0.037   0.188   0.032  0.014  (217.620,123.669)    0.180      3    
CTS_ccl_buf_01620/A
-     BUFx8_ASAP7_75t_R        rise   0.008   0.195   0.036  -      (247.464,186.939)   93.114   -       
CTS_ccl_buf_01620/Y
-     BUFx8_ASAP7_75t_R        rise   0.045   0.241   0.027  0.008  (247.644,186.939)    0.180      2    
CTS_ccl_a_buf_01613/A
-     BUFx8_ASAP7_75t_R        rise   0.004   0.245   0.029  -      (248.364,254.349)   68.130   -       
CTS_ccl_a_buf_01613/Y
-     BUFx8_ASAP7_75t_R        rise   0.040   0.285   0.019  0.004  (248.184,254.349)    0.180      2    
CTS_ccl_buf_01605/A
-     BUFx8_ASAP7_75t_R        rise   0.001   0.285   0.019  -      (259.236,255.519)   12.222   -       
CTS_ccl_buf_01605/Y
-     BUFx8_ASAP7_75t_R        rise   0.036   0.322   0.021  0.007  (259.416,255.519)    0.180      2    
u_axi_to_apb_cg_icg__RC_CG_HIER_INST228/RC_CGIC_INST/CLK
-     ICGx8DC_ASAP7_75t_L      rise   0.000   0.322   0.021  -      (261.432,253.701)    3.834   -       
u_axi_to_apb_cg_icg__RC_CG_HIER_INST228/RC_CGIC_INST/GCLK
-     ICGx8DC_ASAP7_75t_L      rise   0.019   0.341   0.013  0.005  (261.612,253.809)    0.288      2    
CTS_ccl_a_buf_00513/A
-     BUFx10_ASAP7_75t_R       rise   0.001   0.342   0.013  -      (260.568,250.119)    4.734   -       
CTS_ccl_a_buf_00513/Y
-     BUFx10_ASAP7_75t_R       rise   0.033   0.375   0.027  0.012  (260.388,250.119)    0.180     20    
u_axi_to_apb_m_apb_paddr_reg[30]/CLK
-     DFFASRHQNx1_ASAP7_75t_R  rise   0.003   0.378   0.029  -      (259.002,238.275)   13.230   -       
---------------------------------------------------------------------------------------------------------------

Timing for timing corner dc_ss:setup.late, min clock_path:
==========================================================

PathID    : 75
Path type : skew group _clock_gen_CLK_SYS_en_latch_reg_05/mode_func (path 1 of 1)
Start     : clk
End       : u_apb_syscon/clk_gate_reg_reg[4]/CLK
Delay     :  0.404

---------------------------------------------------------------------------------------------------------------
Name  Lib cell                 Event  Incr   Arrival  Slew   Cap    Location           Distance  Fanout  Status
                                      (ns)   (ns)     (ns)   (pF)                      (um)              
-- Clockpath trace --------------------------------------------------------------------------------------------
clk
-     -                        rise   -       0.150   0.004  0.019  (139.684,0.000)    -            2    
CTS_ccl_buf_01624/A
-     BUFx12f_ASAP7_75t_R      rise   0.015   0.165   0.038  -      (193.950,103.779)  158.045   -       
CTS_ccl_buf_01624/Y
-     BUFx12f_ASAP7_75t_R      rise   0.033   0.198   0.017  0.008  (194.238,103.779)    0.288      2    
CTS_ccl_buf_01623/A
-     BUFx10_ASAP7_75t_R       rise   0.003   0.200   0.019  -      (217.800,123.669)   43.452   -       
CTS_ccl_buf_01623/Y
-     BUFx10_ASAP7_75t_R       rise   0.037   0.237   0.032  0.014  (217.620,123.669)    0.180      3    
CTS_ccl_buf_01620/A
-     BUFx8_ASAP7_75t_R        rise   0.008   0.245   0.037  -      (247.464,186.939)   93.114   -       
CTS_ccl_buf_01620/Y
-     BUFx8_ASAP7_75t_R        rise   0.045   0.291   0.027  0.008  (247.644,186.939)    0.180      2    
CTS_cdb_buf_04712/A
-     BUFx4_ASAP7_75t_R        rise   0.004   0.295   0.029  -      (248.436,251.235)   65.088   -       
CTS_cdb_buf_04712/Y
-     BUFx4_ASAP7_75t_R        rise   0.038   0.333   0.014  0.001  (248.580,251.199)    0.180      1    
CTS_ccl_a_buf_01201/A
-     BUFx4_ASAP7_75t_R        rise   0.000   0.333   0.014  -      (248.976,253.773)    2.970   -       
CTS_ccl_a_buf_01201/Y
-     BUFx4_ASAP7_75t_R        rise   0.041   0.374   0.032  0.006  (249.120,253.809)    0.180      2    
u_apb_syscon/cg_icg__RC_CG_HIER_INST53/RC_CGIC_INST/CLK
-     ICGx3_ASAP7_75t_L        rise   0.001   0.374   0.032  -      (250.650,254.547)    2.268   -       
u_apb_syscon/cg_icg__RC_CG_HIER_INST53/RC_CGIC_INST/GCLK
-     ICGx3_ASAP7_75t_L        rise   0.030   0.404   0.028  0.006  (251.334,254.439)    0.792     10    
u_apb_syscon/clk_gate_reg_reg[4]/CLK
-     DFFASRHQNx1_ASAP7_75t_R  rise   0.000   0.404   0.029  -      (251.766,254.313)    0.558   -       
---------------------------------------------------------------------------------------------------------------

Timing for timing corner dc_ss:setup.late, max clock_path:
==========================================================

PathID    : 76
Path type : skew group _clock_gen_CLK_SYS_en_latch_reg_05/mode_func (path 1 of 1)
Start     : clk
End       : u_axi_to_apb_m_apb_paddr_reg[30]/CLK
Delay     :  0.429

---------------------------------------------------------------------------------------------------------------
Name  Lib cell                 Event  Incr   Arrival  Slew   Cap    Location           Distance  Fanout  Status
                                      (ns)   (ns)     (ns)   (pF)                      (um)              
-- Clockpath trace --------------------------------------------------------------------------------------------
clk
-     -                        rise   -       0.150   0.004  0.019  (139.684,0.000)    -            2    
CTS_ccl_buf_01624/A
-     BUFx12f_ASAP7_75t_R      rise   0.015   0.165   0.038  -      (193.950,103.779)  158.045   -       
CTS_ccl_buf_01624/Y
-     BUFx12f_ASAP7_75t_R      rise   0.033   0.198   0.017  0.008  (194.238,103.779)    0.288      2    
CTS_ccl_buf_01623/A
-     BUFx10_ASAP7_75t_R       rise   0.003   0.200   0.019  -      (217.800,123.669)   43.452   -       
CTS_ccl_buf_01623/Y
-     BUFx10_ASAP7_75t_R       rise   0.037   0.237   0.032  0.014  (217.620,123.669)    0.180      3    
CTS_ccl_buf_01620/A
-     BUFx8_ASAP7_75t_R        rise   0.008   0.245   0.037  -      (247.464,186.939)   93.114   -       
CTS_ccl_buf_01620/Y
-     BUFx8_ASAP7_75t_R        rise   0.045   0.291   0.027  0.008  (247.644,186.939)    0.180      2    
CTS_ccl_a_buf_01613/A
-     BUFx8_ASAP7_75t_R        rise   0.004   0.295   0.029  -      (248.364,254.349)   68.130   -       
CTS_ccl_a_buf_01613/Y
-     BUFx8_ASAP7_75t_R        rise   0.040   0.335   0.019  0.004  (248.184,254.349)    0.180      2    
CTS_ccl_buf_01605/A
-     BUFx8_ASAP7_75t_R        rise   0.001   0.335   0.019  -      (259.236,255.519)   12.222   -       
CTS_ccl_buf_01605/Y
-     BUFx8_ASAP7_75t_R        rise   0.037   0.372   0.024  0.007  (259.416,255.519)    0.180      2    
u_axi_to_apb_cg_icg__RC_CG_HIER_INST228/RC_CGIC_INST/CLK
-     ICGx8DC_ASAP7_75t_L      rise   0.000   0.373   0.024  -      (261.432,253.701)    3.834   -       
u_axi_to_apb_cg_icg__RC_CG_HIER_INST228/RC_CGIC_INST/GCLK
-     ICGx8DC_ASAP7_75t_L      rise   0.020   0.393   0.013  0.005  (261.612,253.809)    0.288      2    
CTS_ccl_a_buf_00513/A
-     BUFx10_ASAP7_75t_R       rise   0.001   0.393   0.013  -      (260.568,250.119)    4.734   -       
CTS_ccl_a_buf_00513/Y
-     BUFx10_ASAP7_75t_R       rise   0.033   0.426   0.027  0.012  (260.388,250.119)    0.180     20    
u_axi_to_apb_m_apb_paddr_reg[30]/CLK
-     DFFASRHQNx1_ASAP7_75t_R  rise   0.003   0.429   0.030  -      (259.002,238.275)   13.230   -       
---------------------------------------------------------------------------------------------------------------

Timing for timing corner dc_tt:both.early, min clock_path:
==========================================================

PathID    : 77
Path type : skew group _clock_gen_CLK_SYS_en_latch_reg_05/mode_func (path 1 of 1)
Start     : clk
End       : u_apb_syscon/clk_gate_reg_reg[4]/CLK
Delay     :  0.280

---------------------------------------------------------------------------------------------------------------
Name  Lib cell                 Event  Incr   Arrival  Slew   Cap    Location           Distance  Fanout  Status
                                      (ns)   (ns)     (ns)   (pF)                      (um)              
-- Clockpath trace --------------------------------------------------------------------------------------------
clk
-     -                        rise   -       0.100   0.004  0.019  (139.684,0.000)    -            2    
CTS_ccl_buf_01624/A
-     BUFx12f_ASAP7_75t_R      rise   0.013   0.113   0.032  -      (193.950,103.779)  158.045   -       
CTS_ccl_buf_01624/Y
-     BUFx12f_ASAP7_75t_R      rise   0.023   0.136   0.012  0.008  (194.238,103.779)    0.288      2    
CTS_ccl_buf_01623/A
-     BUFx10_ASAP7_75t_R       rise   0.003   0.139   0.014  -      (217.800,123.669)   43.452   -       
CTS_ccl_buf_01623/Y
-     BUFx10_ASAP7_75t_R       rise   0.025   0.164   0.021  0.015  (217.620,123.669)    0.180      3    
CTS_ccl_buf_01620/A
-     BUFx8_ASAP7_75t_R        rise   0.007   0.170   0.026  -      (247.464,186.939)   93.114   -       
CTS_ccl_buf_01620/Y
-     BUFx8_ASAP7_75t_R        rise   0.031   0.201   0.018  0.009  (247.644,186.939)    0.180      2    
CTS_cdb_buf_04712/A
-     BUFx4_ASAP7_75t_R        rise   0.004   0.205   0.020  -      (248.436,251.235)   65.088   -       
CTS_cdb_buf_04712/Y
-     BUFx4_ASAP7_75t_R        rise   0.026   0.231   0.009  0.001  (248.580,251.199)    0.180      1    
CTS_ccl_a_buf_01201/A
-     BUFx4_ASAP7_75t_R        rise   0.000   0.231   0.009  -      (248.976,253.773)    2.970   -       
CTS_ccl_a_buf_01201/Y
-     BUFx4_ASAP7_75t_R        rise   0.028   0.259   0.020  0.006  (249.120,253.809)    0.180      2    
u_apb_syscon/cg_icg__RC_CG_HIER_INST53/RC_CGIC_INST/CLK
-     ICGx3_ASAP7_75t_L        rise   0.000   0.260   0.021  -      (250.650,254.547)    2.268   -       
u_apb_syscon/cg_icg__RC_CG_HIER_INST53/RC_CGIC_INST/GCLK
-     ICGx3_ASAP7_75t_L        rise   0.021   0.280   0.019  0.006  (251.334,254.439)    0.792     10    
u_apb_syscon/clk_gate_reg_reg[4]/CLK
-     DFFASRHQNx1_ASAP7_75t_R  rise   0.000   0.280   0.019  -      (251.766,254.313)    0.558   -       
---------------------------------------------------------------------------------------------------------------

Timing for timing corner dc_tt:both.early, max clock_path:
==========================================================

PathID    : 78
Path type : skew group _clock_gen_CLK_SYS_en_latch_reg_05/mode_func (path 1 of 1)
Start     : clk
End       : u_axi_to_apb_m_apb_paddr_reg[29]/CLK
Delay     :  0.298

---------------------------------------------------------------------------------------------------------------
Name  Lib cell                 Event  Incr   Arrival  Slew   Cap    Location           Distance  Fanout  Status
                                      (ns)   (ns)     (ns)   (pF)                      (um)              
-- Clockpath trace --------------------------------------------------------------------------------------------
clk
-     -                        rise   -       0.100   0.004  0.019  (139.684,0.000)    -            2    
CTS_ccl_buf_01624/A
-     BUFx12f_ASAP7_75t_R      rise   0.013   0.113   0.032  -      (193.950,103.779)  158.045   -       
CTS_ccl_buf_01624/Y
-     BUFx12f_ASAP7_75t_R      rise   0.023   0.136   0.012  0.008  (194.238,103.779)    0.288      2    
CTS_ccl_buf_01623/A
-     BUFx10_ASAP7_75t_R       rise   0.003   0.139   0.014  -      (217.800,123.669)   43.452   -       
CTS_ccl_buf_01623/Y
-     BUFx10_ASAP7_75t_R       rise   0.025   0.164   0.021  0.015  (217.620,123.669)    0.180      3    
CTS_ccl_buf_01620/A
-     BUFx8_ASAP7_75t_R        rise   0.007   0.170   0.026  -      (247.464,186.939)   93.114   -       
CTS_ccl_buf_01620/Y
-     BUFx8_ASAP7_75t_R        rise   0.031   0.201   0.018  0.009  (247.644,186.939)    0.180      2    
CTS_ccl_a_buf_01613/A
-     BUFx8_ASAP7_75t_R        rise   0.004   0.205   0.020  -      (248.364,254.349)   68.130   -       
CTS_ccl_a_buf_01613/Y
-     BUFx8_ASAP7_75t_R        rise   0.027   0.232   0.013  0.004  (248.184,254.349)    0.180      2    
CTS_ccl_buf_01605/A
-     BUFx8_ASAP7_75t_R        rise   0.001   0.233   0.013  -      (259.236,255.519)   12.222   -       
CTS_ccl_buf_01605/Y
-     BUFx8_ASAP7_75t_R        rise   0.025   0.258   0.014  0.007  (259.416,255.519)    0.180      2    
u_axi_to_apb_cg_icg__RC_CG_HIER_INST228/RC_CGIC_INST/CLK
-     ICGx8DC_ASAP7_75t_L      rise   0.000   0.259   0.014  -      (261.432,253.701)    3.834   -       
u_axi_to_apb_cg_icg__RC_CG_HIER_INST228/RC_CGIC_INST/GCLK
-     ICGx8DC_ASAP7_75t_L      rise   0.013   0.272   0.009  0.005  (261.612,253.809)    0.288      2    
CTS_ccl_a_buf_00513/A
-     BUFx10_ASAP7_75t_R       rise   0.001   0.273   0.009  -      (260.568,250.119)    4.734   -       
CTS_ccl_a_buf_00513/Y
-     BUFx10_ASAP7_75t_R       rise   0.023   0.295   0.019  0.013  (260.388,250.119)    0.180     20    
u_axi_to_apb_m_apb_paddr_reg[29]/CLK
-     DFFASRHQNx1_ASAP7_75t_R  rise   0.002   0.298   0.020  -      (258.894,239.733)   11.880   -       
---------------------------------------------------------------------------------------------------------------

Timing for timing corner dc_tt:both.late, min clock_path:
=========================================================

PathID    : 79
Path type : skew group _clock_gen_CLK_SYS_en_latch_reg_05/mode_func (path 1 of 1)
Start     : clk
End       : u_apb_syscon/clk_gate_reg_reg[4]/CLK
Delay     :  0.331

---------------------------------------------------------------------------------------------------------------
Name  Lib cell                 Event  Incr   Arrival  Slew   Cap    Location           Distance  Fanout  Status
                                      (ns)   (ns)     (ns)   (pF)                      (um)              
-- Clockpath trace --------------------------------------------------------------------------------------------
clk
-     -                        rise   -       0.150   0.004  0.019  (139.684,0.000)    -            2    
CTS_ccl_buf_01624/A
-     BUFx12f_ASAP7_75t_R      rise   0.013   0.163   0.032  -      (193.950,103.779)  158.045   -       
CTS_ccl_buf_01624/Y
-     BUFx12f_ASAP7_75t_R      rise   0.023   0.186   0.012  0.008  (194.238,103.779)    0.288      2    
CTS_ccl_buf_01623/A
-     BUFx10_ASAP7_75t_R       rise   0.003   0.189   0.014  -      (217.800,123.669)   43.452   -       
CTS_ccl_buf_01623/Y
-     BUFx10_ASAP7_75t_R       rise   0.025   0.214   0.021  0.015  (217.620,123.669)    0.180      3    
CTS_ccl_buf_01620/A
-     BUFx8_ASAP7_75t_R        rise   0.007   0.220   0.026  -      (247.464,186.939)   93.114   -       
CTS_ccl_buf_01620/Y
-     BUFx8_ASAP7_75t_R        rise   0.031   0.251   0.018  0.009  (247.644,186.939)    0.180      2    
CTS_cdb_buf_04712/A
-     BUFx4_ASAP7_75t_R        rise   0.004   0.255   0.020  -      (248.436,251.235)   65.088   -       
CTS_cdb_buf_04712/Y
-     BUFx4_ASAP7_75t_R        rise   0.026   0.281   0.009  0.001  (248.580,251.199)    0.180      1    
CTS_ccl_a_buf_01201/A
-     BUFx4_ASAP7_75t_R        rise   0.000   0.281   0.009  -      (248.976,253.773)    2.970   -       
CTS_ccl_a_buf_01201/Y
-     BUFx4_ASAP7_75t_R        rise   0.028   0.309   0.021  0.006  (249.120,253.809)    0.180      2    
u_apb_syscon/cg_icg__RC_CG_HIER_INST53/RC_CGIC_INST/CLK
-     ICGx3_ASAP7_75t_L        rise   0.001   0.310   0.021  -      (250.650,254.547)    2.268   -       
u_apb_syscon/cg_icg__RC_CG_HIER_INST53/RC_CGIC_INST/GCLK
-     ICGx3_ASAP7_75t_L        rise   0.021   0.331   0.019  0.006  (251.334,254.439)    0.792     10    
u_apb_syscon/clk_gate_reg_reg[4]/CLK
-     DFFASRHQNx1_ASAP7_75t_R  rise   0.000   0.331   0.020  -      (251.766,254.313)    0.558   -       
---------------------------------------------------------------------------------------------------------------

Timing for timing corner dc_tt:both.late, max clock_path:
=========================================================

PathID    : 80
Path type : skew group _clock_gen_CLK_SYS_en_latch_reg_05/mode_func (path 1 of 1)
Start     : clk
End       : u_axi_to_apb_m_apb_paddr_reg[30]/CLK
Delay     :  0.349

---------------------------------------------------------------------------------------------------------------
Name  Lib cell                 Event  Incr   Arrival  Slew   Cap    Location           Distance  Fanout  Status
                                      (ns)   (ns)     (ns)   (pF)                      (um)              
-- Clockpath trace --------------------------------------------------------------------------------------------
clk
-     -                        rise   -       0.150   0.004  0.019  (139.684,0.000)    -            2    
CTS_ccl_buf_01624/A
-     BUFx12f_ASAP7_75t_R      rise   0.013   0.163   0.032  -      (193.950,103.779)  158.045   -       
CTS_ccl_buf_01624/Y
-     BUFx12f_ASAP7_75t_R      rise   0.023   0.186   0.012  0.008  (194.238,103.779)    0.288      2    
CTS_ccl_buf_01623/A
-     BUFx10_ASAP7_75t_R       rise   0.003   0.189   0.014  -      (217.800,123.669)   43.452   -       
CTS_ccl_buf_01623/Y
-     BUFx10_ASAP7_75t_R       rise   0.025   0.214   0.021  0.015  (217.620,123.669)    0.180      3    
CTS_ccl_buf_01620/A
-     BUFx8_ASAP7_75t_R        rise   0.007   0.220   0.026  -      (247.464,186.939)   93.114   -       
CTS_ccl_buf_01620/Y
-     BUFx8_ASAP7_75t_R        rise   0.031   0.251   0.018  0.009  (247.644,186.939)    0.180      2    
CTS_ccl_a_buf_01613/A
-     BUFx8_ASAP7_75t_R        rise   0.004   0.255   0.020  -      (248.364,254.349)   68.130   -       
CTS_ccl_a_buf_01613/Y
-     BUFx8_ASAP7_75t_R        rise   0.027   0.282   0.013  0.004  (248.184,254.349)    0.180      2    
CTS_ccl_buf_01605/A
-     BUFx8_ASAP7_75t_R        rise   0.001   0.283   0.013  -      (259.236,255.519)   12.222   -       
CTS_ccl_buf_01605/Y
-     BUFx8_ASAP7_75t_R        rise   0.026   0.309   0.016  0.007  (259.416,255.519)    0.180      2    
u_axi_to_apb_cg_icg__RC_CG_HIER_INST228/RC_CGIC_INST/CLK
-     ICGx8DC_ASAP7_75t_L      rise   0.000   0.309   0.016  -      (261.432,253.701)    3.834   -       
u_axi_to_apb_cg_icg__RC_CG_HIER_INST228/RC_CGIC_INST/GCLK
-     ICGx8DC_ASAP7_75t_L      rise   0.014   0.323   0.009  0.005  (261.612,253.809)    0.288      2    
CTS_ccl_a_buf_00513/A
-     BUFx10_ASAP7_75t_R       rise   0.001   0.324   0.009  -      (260.568,250.119)    4.734   -       
CTS_ccl_a_buf_00513/Y
-     BUFx10_ASAP7_75t_R       rise   0.023   0.347   0.019  0.013  (260.388,250.119)    0.180     20    
u_axi_to_apb_m_apb_paddr_reg[30]/CLK
-     DFFASRHQNx1_ASAP7_75t_R  rise   0.002   0.349   0.021  -      (259.002,238.275)   13.230   -       
---------------------------------------------------------------------------------------------------------------

Timing for timing corner dc_ff:hold.early, min clock_path:
==========================================================

PathID    : 81
Path type : skew group _clock_gen_CLK_SYS_en_latch_reg_05/mode_func (path 1 of 1)
Start     : clk
End       : u_apb_syscon/clk_gate_reg_reg[4]/CLK
Delay     :  0.240

---------------------------------------------------------------------------------------------------------------
Name  Lib cell                 Event  Incr   Arrival  Slew   Cap    Location           Distance  Fanout  Status
                                      (ns)   (ns)     (ns)   (pF)                      (um)              
-- Clockpath trace --------------------------------------------------------------------------------------------
clk
-     -                        rise   -       0.100   0.004  0.020  (139.684,0.000)    -            2    
CTS_ccl_buf_01624/A
-     BUFx12f_ASAP7_75t_R      rise   0.012   0.112   0.031  -      (193.950,103.779)  158.045   -       
CTS_ccl_buf_01624/Y
-     BUFx12f_ASAP7_75t_R      rise   0.018   0.130   0.009  0.008  (194.238,103.779)    0.288      2    
CTS_ccl_buf_01623/A
-     BUFx10_ASAP7_75t_R       rise   0.003   0.133   0.012  -      (217.800,123.669)   43.452   -       
CTS_ccl_buf_01623/Y
-     BUFx10_ASAP7_75t_R       rise   0.019   0.151   0.016  0.015  (217.620,123.669)    0.180      3    
CTS_ccl_buf_01620/A
-     BUFx8_ASAP7_75t_R        rise   0.006   0.157   0.021  -      (247.464,186.939)   93.114   -       
CTS_ccl_buf_01620/Y
-     BUFx8_ASAP7_75t_R        rise   0.023   0.180   0.013  0.009  (247.644,186.939)    0.180      2    
CTS_cdb_buf_04712/A
-     BUFx4_ASAP7_75t_R        rise   0.003   0.183   0.016  -      (248.436,251.235)   65.088   -       
CTS_cdb_buf_04712/Y
-     BUFx4_ASAP7_75t_R        rise   0.019   0.203   0.007  0.001  (248.580,251.199)    0.180      1    
CTS_ccl_a_buf_01201/A
-     BUFx4_ASAP7_75t_R        rise   0.000   0.203   0.007  -      (248.976,253.773)    2.970   -       
CTS_ccl_a_buf_01201/Y
-     BUFx4_ASAP7_75t_R        rise   0.021   0.224   0.015  0.006  (249.120,253.809)    0.180      2    
u_apb_syscon/cg_icg__RC_CG_HIER_INST53/RC_CGIC_INST/CLK
-     ICGx3_ASAP7_75t_L        rise   0.001   0.224   0.015  -      (250.650,254.547)    2.268   -       
u_apb_syscon/cg_icg__RC_CG_HIER_INST53/RC_CGIC_INST/GCLK
-     ICGx3_ASAP7_75t_L        rise   0.015   0.239   0.015  0.007  (251.334,254.439)    0.792     10    
u_apb_syscon/clk_gate_reg_reg[4]/CLK
-     DFFASRHQNx1_ASAP7_75t_R  rise   0.000   0.240   0.015  -      (251.766,254.313)    0.558   -       
---------------------------------------------------------------------------------------------------------------

Timing for timing corner dc_ff:hold.early, max clock_path:
==========================================================

PathID    : 82
Path type : skew group _clock_gen_CLK_SYS_en_latch_reg_05/mode_func (path 1 of 1)
Start     : clk
End       : u_axi_to_apb_m_apb_paddr_reg[29]/CLK
Delay     :  0.253

---------------------------------------------------------------------------------------------------------------
Name  Lib cell                 Event  Incr   Arrival  Slew   Cap    Location           Distance  Fanout  Status
                                      (ns)   (ns)     (ns)   (pF)                      (um)              
-- Clockpath trace --------------------------------------------------------------------------------------------
clk
-     -                        rise   -       0.100   0.004  0.020  (139.684,0.000)    -            2    
CTS_ccl_buf_01624/A
-     BUFx12f_ASAP7_75t_R      rise   0.012   0.112   0.031  -      (193.950,103.779)  158.045   -       
CTS_ccl_buf_01624/Y
-     BUFx12f_ASAP7_75t_R      rise   0.018   0.130   0.009  0.008  (194.238,103.779)    0.288      2    
CTS_ccl_buf_01623/A
-     BUFx10_ASAP7_75t_R       rise   0.003   0.133   0.012  -      (217.800,123.669)   43.452   -       
CTS_ccl_buf_01623/Y
-     BUFx10_ASAP7_75t_R       rise   0.019   0.151   0.016  0.015  (217.620,123.669)    0.180      3    
CTS_ccl_buf_01620/A
-     BUFx8_ASAP7_75t_R        rise   0.006   0.157   0.021  -      (247.464,186.939)   93.114   -       
CTS_ccl_buf_01620/Y
-     BUFx8_ASAP7_75t_R        rise   0.023   0.180   0.013  0.009  (247.644,186.939)    0.180      2    
CTS_ccl_a_buf_01613/A
-     BUFx8_ASAP7_75t_R        rise   0.004   0.183   0.016  -      (248.364,254.349)   68.130   -       
CTS_ccl_a_buf_01613/Y
-     BUFx8_ASAP7_75t_R        rise   0.020   0.204   0.009  0.005  (248.184,254.349)    0.180      2    
CTS_ccl_buf_01605/A
-     BUFx8_ASAP7_75t_R        rise   0.001   0.204   0.009  -      (259.236,255.519)   12.222   -       
CTS_ccl_buf_01605/Y
-     BUFx8_ASAP7_75t_R        rise   0.018   0.223   0.010  0.008  (259.416,255.519)    0.180      2    
u_axi_to_apb_cg_icg__RC_CG_HIER_INST228/RC_CGIC_INST/CLK
-     ICGx8DC_ASAP7_75t_L      rise   0.000   0.223   0.011  -      (261.432,253.701)    3.834   -       
u_axi_to_apb_cg_icg__RC_CG_HIER_INST228/RC_CGIC_INST/GCLK
-     ICGx8DC_ASAP7_75t_L      rise   0.010   0.233   0.007  0.006  (261.612,253.809)    0.288      2    
CTS_ccl_a_buf_00513/A
-     BUFx10_ASAP7_75t_R       rise   0.001   0.234   0.007  -      (260.568,250.119)    4.734   -       
CTS_ccl_a_buf_00513/Y
-     BUFx10_ASAP7_75t_R       rise   0.017   0.251   0.015  0.013  (260.388,250.119)    0.180     20    
u_axi_to_apb_m_apb_paddr_reg[29]/CLK
-     DFFASRHQNx1_ASAP7_75t_R  rise   0.002   0.253   0.017  -      (258.894,239.733)   11.880   -       
---------------------------------------------------------------------------------------------------------------

Timing for timing corner dc_ff:hold.late, min clock_path:
=========================================================

PathID    : 83
Path type : skew group _clock_gen_CLK_SYS_en_latch_reg_05/mode_func (path 1 of 1)
Start     : clk
End       : u_apb_syscon/clk_gate_reg_reg[4]/CLK
Delay     :  0.290

---------------------------------------------------------------------------------------------------------------
Name  Lib cell                 Event  Incr   Arrival  Slew   Cap    Location           Distance  Fanout  Status
                                      (ns)   (ns)     (ns)   (pF)                      (um)              
-- Clockpath trace --------------------------------------------------------------------------------------------
clk
-     -                        rise   -       0.150   0.004  0.020  (139.684,0.000)    -            2    
CTS_ccl_buf_01624/A
-     BUFx12f_ASAP7_75t_R      rise   0.012   0.162   0.031  -      (193.950,103.779)  158.045   -       
CTS_ccl_buf_01624/Y
-     BUFx12f_ASAP7_75t_R      rise   0.018   0.180   0.009  0.008  (194.238,103.779)    0.288      2    
CTS_ccl_buf_01623/A
-     BUFx10_ASAP7_75t_R       rise   0.003   0.182   0.012  -      (217.800,123.669)   43.452   -       
CTS_ccl_buf_01623/Y
-     BUFx10_ASAP7_75t_R       rise   0.019   0.201   0.016  0.015  (217.620,123.669)    0.180      3    
CTS_ccl_buf_01620/A
-     BUFx8_ASAP7_75t_R        rise   0.006   0.207   0.022  -      (247.464,186.939)   93.114   -       
CTS_ccl_buf_01620/Y
-     BUFx8_ASAP7_75t_R        rise   0.023   0.230   0.013  0.009  (247.644,186.939)    0.180      2    
CTS_cdb_buf_04712/A
-     BUFx4_ASAP7_75t_R        rise   0.003   0.234   0.016  -      (248.436,251.235)   65.088   -       
CTS_cdb_buf_04712/Y
-     BUFx4_ASAP7_75t_R        rise   0.019   0.253   0.007  0.001  (248.580,251.199)    0.180      1    
CTS_ccl_a_buf_01201/A
-     BUFx4_ASAP7_75t_R        rise   0.000   0.253   0.007  -      (248.976,253.773)    2.970   -       
CTS_ccl_a_buf_01201/Y
-     BUFx4_ASAP7_75t_R        rise   0.021   0.274   0.015  0.006  (249.120,253.809)    0.180      2    
u_apb_syscon/cg_icg__RC_CG_HIER_INST53/RC_CGIC_INST/CLK
-     ICGx3_ASAP7_75t_L        rise   0.001   0.275   0.016  -      (250.650,254.547)    2.268   -       
u_apb_syscon/cg_icg__RC_CG_HIER_INST53/RC_CGIC_INST/GCLK
-     ICGx3_ASAP7_75t_L        rise   0.016   0.290   0.015  0.007  (251.334,254.439)    0.792     10    
u_apb_syscon/clk_gate_reg_reg[4]/CLK
-     DFFASRHQNx1_ASAP7_75t_R  rise   0.000   0.290   0.015  -      (251.766,254.313)    0.558   -       
---------------------------------------------------------------------------------------------------------------

Timing for timing corner dc_ff:hold.late, max clock_path:
=========================================================

PathID    : 84
Path type : skew group _clock_gen_CLK_SYS_en_latch_reg_05/mode_func (path 1 of 1)
Start     : clk
End       : u_axi_to_apb_m_apb_paddr_reg[30]/CLK
Delay     :  0.304

---------------------------------------------------------------------------------------------------------------
Name  Lib cell                 Event  Incr   Arrival  Slew   Cap    Location           Distance  Fanout  Status
                                      (ns)   (ns)     (ns)   (pF)                      (um)              
-- Clockpath trace --------------------------------------------------------------------------------------------
clk
-     -                        rise   -       0.150   0.004  0.020  (139.684,0.000)    -            2    
CTS_ccl_buf_01624/A
-     BUFx12f_ASAP7_75t_R      rise   0.012   0.162   0.031  -      (193.950,103.779)  158.045   -       
CTS_ccl_buf_01624/Y
-     BUFx12f_ASAP7_75t_R      rise   0.018   0.180   0.009  0.008  (194.238,103.779)    0.288      2    
CTS_ccl_buf_01623/A
-     BUFx10_ASAP7_75t_R       rise   0.003   0.182   0.012  -      (217.800,123.669)   43.452   -       
CTS_ccl_buf_01623/Y
-     BUFx10_ASAP7_75t_R       rise   0.019   0.201   0.016  0.015  (217.620,123.669)    0.180      3    
CTS_ccl_buf_01620/A
-     BUFx8_ASAP7_75t_R        rise   0.006   0.207   0.022  -      (247.464,186.939)   93.114   -       
CTS_ccl_buf_01620/Y
-     BUFx8_ASAP7_75t_R        rise   0.023   0.230   0.013  0.009  (247.644,186.939)    0.180      2    
CTS_ccl_a_buf_01613/A
-     BUFx8_ASAP7_75t_R        rise   0.003   0.234   0.016  -      (248.364,254.349)   68.130   -       
CTS_ccl_a_buf_01613/Y
-     BUFx8_ASAP7_75t_R        rise   0.020   0.254   0.009  0.005  (248.184,254.349)    0.180      2    
CTS_ccl_buf_01605/A
-     BUFx8_ASAP7_75t_R        rise   0.001   0.255   0.009  -      (259.236,255.519)   12.222   -       
CTS_ccl_buf_01605/Y
-     BUFx8_ASAP7_75t_R        rise   0.019   0.274   0.012  0.008  (259.416,255.519)    0.180      2    
u_axi_to_apb_cg_icg__RC_CG_HIER_INST228/RC_CGIC_INST/CLK
-     ICGx8DC_ASAP7_75t_L      rise   0.000   0.274   0.013  -      (261.432,253.701)    3.834   -       
u_axi_to_apb_cg_icg__RC_CG_HIER_INST228/RC_CGIC_INST/GCLK
-     ICGx8DC_ASAP7_75t_L      rise   0.010   0.285   0.007  0.006  (261.612,253.809)    0.288      2    
CTS_ccl_a_buf_00513/A
-     BUFx10_ASAP7_75t_R       rise   0.001   0.285   0.007  -      (260.568,250.119)    4.734   -       
CTS_ccl_a_buf_00513/Y
-     BUFx10_ASAP7_75t_R       rise   0.017   0.302   0.015  0.013  (260.388,250.119)    0.180     20    
u_axi_to_apb_m_apb_paddr_reg[30]/CLK
-     DFFASRHQNx1_ASAP7_75t_R  rise   0.002   0.304   0.018  -      (259.002,238.275)   13.230   -       
---------------------------------------------------------------------------------------------------------------

Timing for timing corner dc_ss:setup.early, min clock_path:
===========================================================

PathID    : 85
Path type : skew group _clock_gen_CLK_SYS_en_latch_reg_06/mode_func (path 1 of 1)
Start     : clk
End       : cg_i2c/en_latch_reg/CLK
Delay     :  0.329

-----------------------------------------------------------------------------------------------------------
Name  Lib cell             Event  Incr   Arrival  Slew   Cap    Location           Distance  Fanout  Status
                                  (ns)   (ns)     (ns)   (pF)                      (um)              
-- Clockpath trace ----------------------------------------------------------------------------------------
clk
-     -                    rise   -       0.100   0.004  0.019  (139.684,0.000)    -           2     
CTS_ccl_buf_01624/A
-     BUFx12f_ASAP7_75t_R  rise   0.015   0.115   0.038  -      (193.950,103.779)  158.045   -       
CTS_ccl_buf_01624/Y
-     BUFx12f_ASAP7_75t_R  rise   0.033   0.147   0.017  0.008  (194.238,103.779)    0.288     2     
CTS_ccl_buf_01623/A
-     BUFx10_ASAP7_75t_R   rise   0.003   0.150   0.019  -      (217.800,123.669)   43.452   -       
CTS_ccl_buf_01623/Y
-     BUFx10_ASAP7_75t_R   rise   0.037   0.188   0.032  0.014  (217.620,123.669)    0.180     3     
CTS_ccl_buf_01620/A
-     BUFx8_ASAP7_75t_R    rise   0.008   0.195   0.036  -      (247.464,186.939)   93.114   -       
CTS_ccl_buf_01620/Y
-     BUFx8_ASAP7_75t_R    rise   0.045   0.241   0.027  0.008  (247.644,186.939)    0.180     2     
CTS_ccl_a_buf_01613/A
-     BUFx8_ASAP7_75t_R    rise   0.004   0.245   0.029  -      (248.364,254.349)   68.130   -       
CTS_ccl_a_buf_01613/Y
-     BUFx8_ASAP7_75t_R    rise   0.040   0.285   0.019  0.004  (248.184,254.349)    0.180     2     
CTS_cfo_buf_0_04699/A
-     BUFx8_ASAP7_75t_R    rise   0.001   0.285   0.019  -      (247.446,267.309)   13.698   -       
CTS_cfo_buf_0_04699/Y
-     BUFx8_ASAP7_75t_R    rise   0.041   0.327   0.031  0.011  (247.266,267.309)    0.180     4     
cg_i2c/en_latch_reg/CLK
-     DLLx1_ASAP7_75t_R    rise   0.002   0.329   0.032  -      (244.098,294.813)   30.672   -       
-----------------------------------------------------------------------------------------------------------

Timing for timing corner dc_ss:setup.early, max clock_path:
===========================================================

PathID    : 86
Path type : skew group _clock_gen_CLK_SYS_en_latch_reg_06/mode_func (path 1 of 1)
Start     : clk
End       : u_axi_to_apb_m_apb_paddr_reg[30]/CLK
Delay     :  0.378

---------------------------------------------------------------------------------------------------------------
Name  Lib cell                 Event  Incr   Arrival  Slew   Cap    Location           Distance  Fanout  Status
                                      (ns)   (ns)     (ns)   (pF)                      (um)              
-- Clockpath trace --------------------------------------------------------------------------------------------
clk
-     -                        rise   -       0.100   0.004  0.019  (139.684,0.000)    -            2    
CTS_ccl_buf_01624/A
-     BUFx12f_ASAP7_75t_R      rise   0.015   0.115   0.038  -      (193.950,103.779)  158.045   -       
CTS_ccl_buf_01624/Y
-     BUFx12f_ASAP7_75t_R      rise   0.033   0.147   0.017  0.008  (194.238,103.779)    0.288      2    
CTS_ccl_buf_01623/A
-     BUFx10_ASAP7_75t_R       rise   0.003   0.150   0.019  -      (217.800,123.669)   43.452   -       
CTS_ccl_buf_01623/Y
-     BUFx10_ASAP7_75t_R       rise   0.037   0.188   0.032  0.014  (217.620,123.669)    0.180      3    
CTS_ccl_buf_01620/A
-     BUFx8_ASAP7_75t_R        rise   0.008   0.195   0.036  -      (247.464,186.939)   93.114   -       
CTS_ccl_buf_01620/Y
-     BUFx8_ASAP7_75t_R        rise   0.045   0.241   0.027  0.008  (247.644,186.939)    0.180      2    
CTS_ccl_a_buf_01613/A
-     BUFx8_ASAP7_75t_R        rise   0.004   0.245   0.029  -      (248.364,254.349)   68.130   -       
CTS_ccl_a_buf_01613/Y
-     BUFx8_ASAP7_75t_R        rise   0.040   0.285   0.019  0.004  (248.184,254.349)    0.180      2    
CTS_ccl_buf_01605/A
-     BUFx8_ASAP7_75t_R        rise   0.001   0.285   0.019  -      (259.236,255.519)   12.222   -       
CTS_ccl_buf_01605/Y
-     BUFx8_ASAP7_75t_R        rise   0.036   0.322   0.021  0.007  (259.416,255.519)    0.180      2    
u_axi_to_apb_cg_icg__RC_CG_HIER_INST228/RC_CGIC_INST/CLK
-     ICGx8DC_ASAP7_75t_L      rise   0.000   0.322   0.021  -      (261.432,253.701)    3.834   -       
u_axi_to_apb_cg_icg__RC_CG_HIER_INST228/RC_CGIC_INST/GCLK
-     ICGx8DC_ASAP7_75t_L      rise   0.019   0.341   0.013  0.005  (261.612,253.809)    0.288      2    
CTS_ccl_a_buf_00513/A
-     BUFx10_ASAP7_75t_R       rise   0.001   0.342   0.013  -      (260.568,250.119)    4.734   -       
CTS_ccl_a_buf_00513/Y
-     BUFx10_ASAP7_75t_R       rise   0.033   0.375   0.027  0.012  (260.388,250.119)    0.180     20    
u_axi_to_apb_m_apb_paddr_reg[30]/CLK
-     DFFASRHQNx1_ASAP7_75t_R  rise   0.003   0.378   0.029  -      (259.002,238.275)   13.230   -       
---------------------------------------------------------------------------------------------------------------

Timing for timing corner dc_ss:setup.late, min clock_path:
==========================================================

PathID    : 87
Path type : skew group _clock_gen_CLK_SYS_en_latch_reg_06/mode_func (path 1 of 1)
Start     : clk
End       : cg_i2c/en_latch_reg/CLK
Delay     :  0.379

-----------------------------------------------------------------------------------------------------------
Name  Lib cell             Event  Incr   Arrival  Slew   Cap    Location           Distance  Fanout  Status
                                  (ns)   (ns)     (ns)   (pF)                      (um)              
-- Clockpath trace ----------------------------------------------------------------------------------------
clk
-     -                    rise   -       0.150   0.004  0.019  (139.684,0.000)    -           2     
CTS_ccl_buf_01624/A
-     BUFx12f_ASAP7_75t_R  rise   0.015   0.165   0.038  -      (193.950,103.779)  158.045   -       
CTS_ccl_buf_01624/Y
-     BUFx12f_ASAP7_75t_R  rise   0.033   0.198   0.017  0.008  (194.238,103.779)    0.288     2     
CTS_ccl_buf_01623/A
-     BUFx10_ASAP7_75t_R   rise   0.003   0.200   0.019  -      (217.800,123.669)   43.452   -       
CTS_ccl_buf_01623/Y
-     BUFx10_ASAP7_75t_R   rise   0.037   0.237   0.032  0.014  (217.620,123.669)    0.180     3     
CTS_ccl_buf_01620/A
-     BUFx8_ASAP7_75t_R    rise   0.008   0.245   0.037  -      (247.464,186.939)   93.114   -       
CTS_ccl_buf_01620/Y
-     BUFx8_ASAP7_75t_R    rise   0.045   0.291   0.027  0.008  (247.644,186.939)    0.180     2     
CTS_ccl_a_buf_01613/A
-     BUFx8_ASAP7_75t_R    rise   0.004   0.295   0.029  -      (248.364,254.349)   68.130   -       
CTS_ccl_a_buf_01613/Y
-     BUFx8_ASAP7_75t_R    rise   0.040   0.335   0.019  0.004  (248.184,254.349)    0.180     2     
CTS_cfo_buf_0_04699/A
-     BUFx8_ASAP7_75t_R    rise   0.001   0.335   0.019  -      (247.446,267.309)   13.698   -       
CTS_cfo_buf_0_04699/Y
-     BUFx8_ASAP7_75t_R    rise   0.041   0.377   0.031  0.011  (247.266,267.309)    0.180     4     
cg_i2c/en_latch_reg/CLK
-     DLLx1_ASAP7_75t_R    rise   0.002   0.379   0.032  -      (244.098,294.813)   30.672   -       
-----------------------------------------------------------------------------------------------------------

Timing for timing corner dc_ss:setup.late, max clock_path:
==========================================================

PathID    : 88
Path type : skew group _clock_gen_CLK_SYS_en_latch_reg_06/mode_func (path 1 of 1)
Start     : clk
End       : u_axi_to_apb_m_apb_paddr_reg[30]/CLK
Delay     :  0.429

---------------------------------------------------------------------------------------------------------------
Name  Lib cell                 Event  Incr   Arrival  Slew   Cap    Location           Distance  Fanout  Status
                                      (ns)   (ns)     (ns)   (pF)                      (um)              
-- Clockpath trace --------------------------------------------------------------------------------------------
clk
-     -                        rise   -       0.150   0.004  0.019  (139.684,0.000)    -            2    
CTS_ccl_buf_01624/A
-     BUFx12f_ASAP7_75t_R      rise   0.015   0.165   0.038  -      (193.950,103.779)  158.045   -       
CTS_ccl_buf_01624/Y
-     BUFx12f_ASAP7_75t_R      rise   0.033   0.198   0.017  0.008  (194.238,103.779)    0.288      2    
CTS_ccl_buf_01623/A
-     BUFx10_ASAP7_75t_R       rise   0.003   0.200   0.019  -      (217.800,123.669)   43.452   -       
CTS_ccl_buf_01623/Y
-     BUFx10_ASAP7_75t_R       rise   0.037   0.237   0.032  0.014  (217.620,123.669)    0.180      3    
CTS_ccl_buf_01620/A
-     BUFx8_ASAP7_75t_R        rise   0.008   0.245   0.037  -      (247.464,186.939)   93.114   -       
CTS_ccl_buf_01620/Y
-     BUFx8_ASAP7_75t_R        rise   0.045   0.291   0.027  0.008  (247.644,186.939)    0.180      2    
CTS_ccl_a_buf_01613/A
-     BUFx8_ASAP7_75t_R        rise   0.004   0.295   0.029  -      (248.364,254.349)   68.130   -       
CTS_ccl_a_buf_01613/Y
-     BUFx8_ASAP7_75t_R        rise   0.040   0.335   0.019  0.004  (248.184,254.349)    0.180      2    
CTS_ccl_buf_01605/A
-     BUFx8_ASAP7_75t_R        rise   0.001   0.335   0.019  -      (259.236,255.519)   12.222   -       
CTS_ccl_buf_01605/Y
-     BUFx8_ASAP7_75t_R        rise   0.037   0.372   0.024  0.007  (259.416,255.519)    0.180      2    
u_axi_to_apb_cg_icg__RC_CG_HIER_INST228/RC_CGIC_INST/CLK
-     ICGx8DC_ASAP7_75t_L      rise   0.000   0.373   0.024  -      (261.432,253.701)    3.834   -       
u_axi_to_apb_cg_icg__RC_CG_HIER_INST228/RC_CGIC_INST/GCLK
-     ICGx8DC_ASAP7_75t_L      rise   0.020   0.393   0.013  0.005  (261.612,253.809)    0.288      2    
CTS_ccl_a_buf_00513/A
-     BUFx10_ASAP7_75t_R       rise   0.001   0.393   0.013  -      (260.568,250.119)    4.734   -       
CTS_ccl_a_buf_00513/Y
-     BUFx10_ASAP7_75t_R       rise   0.033   0.426   0.027  0.012  (260.388,250.119)    0.180     20    
u_axi_to_apb_m_apb_paddr_reg[30]/CLK
-     DFFASRHQNx1_ASAP7_75t_R  rise   0.003   0.429   0.030  -      (259.002,238.275)   13.230   -       
---------------------------------------------------------------------------------------------------------------

Timing for timing corner dc_tt:both.early, min clock_path:
==========================================================

PathID    : 89
Path type : skew group _clock_gen_CLK_SYS_en_latch_reg_06/mode_func (path 1 of 1)
Start     : clk
End       : cg_i2c/en_latch_reg/CLK
Delay     :  0.263

-----------------------------------------------------------------------------------------------------------
Name  Lib cell             Event  Incr   Arrival  Slew   Cap    Location           Distance  Fanout  Status
                                  (ns)   (ns)     (ns)   (pF)                      (um)              
-- Clockpath trace ----------------------------------------------------------------------------------------
clk
-     -                    rise   -       0.100   0.004  0.019  (139.684,0.000)    -           2     
CTS_ccl_buf_01624/A
-     BUFx12f_ASAP7_75t_R  rise   0.013   0.113   0.032  -      (193.950,103.779)  158.045   -       
CTS_ccl_buf_01624/Y
-     BUFx12f_ASAP7_75t_R  rise   0.023   0.136   0.012  0.008  (194.238,103.779)    0.288     2     
CTS_ccl_buf_01623/A
-     BUFx10_ASAP7_75t_R   rise   0.003   0.139   0.014  -      (217.800,123.669)   43.452   -       
CTS_ccl_buf_01623/Y
-     BUFx10_ASAP7_75t_R   rise   0.025   0.164   0.021  0.015  (217.620,123.669)    0.180     3     
CTS_ccl_buf_01620/A
-     BUFx8_ASAP7_75t_R    rise   0.007   0.170   0.026  -      (247.464,186.939)   93.114   -       
CTS_ccl_buf_01620/Y
-     BUFx8_ASAP7_75t_R    rise   0.031   0.201   0.018  0.009  (247.644,186.939)    0.180     2     
CTS_ccl_a_buf_01613/A
-     BUFx8_ASAP7_75t_R    rise   0.004   0.205   0.020  -      (248.364,254.349)   68.130   -       
CTS_ccl_a_buf_01613/Y
-     BUFx8_ASAP7_75t_R    rise   0.027   0.232   0.013  0.004  (248.184,254.349)    0.180     2     
CTS_cfo_buf_0_04699/A
-     BUFx8_ASAP7_75t_R    rise   0.001   0.233   0.013  -      (247.446,267.309)   13.698   -       
CTS_cfo_buf_0_04699/Y
-     BUFx8_ASAP7_75t_R    rise   0.028   0.262   0.021  0.011  (247.266,267.309)    0.180     4     
cg_i2c/en_latch_reg/CLK
-     DLLx1_ASAP7_75t_R    rise   0.002   0.263   0.021  -      (244.098,294.813)   30.672   -       
-----------------------------------------------------------------------------------------------------------

Timing for timing corner dc_tt:both.early, max clock_path:
==========================================================

PathID    : 90
Path type : skew group _clock_gen_CLK_SYS_en_latch_reg_06/mode_func (path 1 of 1)
Start     : clk
End       : u_axi_to_apb_m_apb_paddr_reg[29]/CLK
Delay     :  0.298

---------------------------------------------------------------------------------------------------------------
Name  Lib cell                 Event  Incr   Arrival  Slew   Cap    Location           Distance  Fanout  Status
                                      (ns)   (ns)     (ns)   (pF)                      (um)              
-- Clockpath trace --------------------------------------------------------------------------------------------
clk
-     -                        rise   -       0.100   0.004  0.019  (139.684,0.000)    -            2    
CTS_ccl_buf_01624/A
-     BUFx12f_ASAP7_75t_R      rise   0.013   0.113   0.032  -      (193.950,103.779)  158.045   -       
CTS_ccl_buf_01624/Y
-     BUFx12f_ASAP7_75t_R      rise   0.023   0.136   0.012  0.008  (194.238,103.779)    0.288      2    
CTS_ccl_buf_01623/A
-     BUFx10_ASAP7_75t_R       rise   0.003   0.139   0.014  -      (217.800,123.669)   43.452   -       
CTS_ccl_buf_01623/Y
-     BUFx10_ASAP7_75t_R       rise   0.025   0.164   0.021  0.015  (217.620,123.669)    0.180      3    
CTS_ccl_buf_01620/A
-     BUFx8_ASAP7_75t_R        rise   0.007   0.170   0.026  -      (247.464,186.939)   93.114   -       
CTS_ccl_buf_01620/Y
-     BUFx8_ASAP7_75t_R        rise   0.031   0.201   0.018  0.009  (247.644,186.939)    0.180      2    
CTS_ccl_a_buf_01613/A
-     BUFx8_ASAP7_75t_R        rise   0.004   0.205   0.020  -      (248.364,254.349)   68.130   -       
CTS_ccl_a_buf_01613/Y
-     BUFx8_ASAP7_75t_R        rise   0.027   0.232   0.013  0.004  (248.184,254.349)    0.180      2    
CTS_ccl_buf_01605/A
-     BUFx8_ASAP7_75t_R        rise   0.001   0.233   0.013  -      (259.236,255.519)   12.222   -       
CTS_ccl_buf_01605/Y
-     BUFx8_ASAP7_75t_R        rise   0.025   0.258   0.014  0.007  (259.416,255.519)    0.180      2    
u_axi_to_apb_cg_icg__RC_CG_HIER_INST228/RC_CGIC_INST/CLK
-     ICGx8DC_ASAP7_75t_L      rise   0.000   0.259   0.014  -      (261.432,253.701)    3.834   -       
u_axi_to_apb_cg_icg__RC_CG_HIER_INST228/RC_CGIC_INST/GCLK
-     ICGx8DC_ASAP7_75t_L      rise   0.013   0.272   0.009  0.005  (261.612,253.809)    0.288      2    
CTS_ccl_a_buf_00513/A
-     BUFx10_ASAP7_75t_R       rise   0.001   0.273   0.009  -      (260.568,250.119)    4.734   -       
CTS_ccl_a_buf_00513/Y
-     BUFx10_ASAP7_75t_R       rise   0.023   0.295   0.019  0.013  (260.388,250.119)    0.180     20    
u_axi_to_apb_m_apb_paddr_reg[29]/CLK
-     DFFASRHQNx1_ASAP7_75t_R  rise   0.002   0.298   0.020  -      (258.894,239.733)   11.880   -       
---------------------------------------------------------------------------------------------------------------

Timing for timing corner dc_tt:both.late, min clock_path:
=========================================================

PathID    : 91
Path type : skew group _clock_gen_CLK_SYS_en_latch_reg_06/mode_func (path 1 of 1)
Start     : clk
End       : cg_i2c/en_latch_reg/CLK
Delay     :  0.313

-----------------------------------------------------------------------------------------------------------
Name  Lib cell             Event  Incr   Arrival  Slew   Cap    Location           Distance  Fanout  Status
                                  (ns)   (ns)     (ns)   (pF)                      (um)              
-- Clockpath trace ----------------------------------------------------------------------------------------
clk
-     -                    rise   -       0.150   0.004  0.019  (139.684,0.000)    -           2     
CTS_ccl_buf_01624/A
-     BUFx12f_ASAP7_75t_R  rise   0.013   0.163   0.032  -      (193.950,103.779)  158.045   -       
CTS_ccl_buf_01624/Y
-     BUFx12f_ASAP7_75t_R  rise   0.023   0.186   0.012  0.008  (194.238,103.779)    0.288     2     
CTS_ccl_buf_01623/A
-     BUFx10_ASAP7_75t_R   rise   0.003   0.189   0.014  -      (217.800,123.669)   43.452   -       
CTS_ccl_buf_01623/Y
-     BUFx10_ASAP7_75t_R   rise   0.025   0.214   0.021  0.015  (217.620,123.669)    0.180     3     
CTS_ccl_buf_01620/A
-     BUFx8_ASAP7_75t_R    rise   0.007   0.220   0.026  -      (247.464,186.939)   93.114   -       
CTS_ccl_buf_01620/Y
-     BUFx8_ASAP7_75t_R    rise   0.031   0.251   0.018  0.009  (247.644,186.939)    0.180     2     
CTS_ccl_a_buf_01613/A
-     BUFx8_ASAP7_75t_R    rise   0.004   0.255   0.020  -      (248.364,254.349)   68.130   -       
CTS_ccl_a_buf_01613/Y
-     BUFx8_ASAP7_75t_R    rise   0.027   0.282   0.013  0.004  (248.184,254.349)    0.180     2     
CTS_cfo_buf_0_04699/A
-     BUFx8_ASAP7_75t_R    rise   0.001   0.283   0.013  -      (247.446,267.309)   13.698   -       
CTS_cfo_buf_0_04699/Y
-     BUFx8_ASAP7_75t_R    rise   0.028   0.311   0.021  0.011  (247.266,267.309)    0.180     4     
cg_i2c/en_latch_reg/CLK
-     DLLx1_ASAP7_75t_R    rise   0.002   0.313   0.022  -      (244.098,294.813)   30.672   -       
-----------------------------------------------------------------------------------------------------------

Timing for timing corner dc_tt:both.late, max clock_path:
=========================================================

PathID    : 92
Path type : skew group _clock_gen_CLK_SYS_en_latch_reg_06/mode_func (path 1 of 1)
Start     : clk
End       : u_axi_to_apb_m_apb_paddr_reg[30]/CLK
Delay     :  0.349

---------------------------------------------------------------------------------------------------------------
Name  Lib cell                 Event  Incr   Arrival  Slew   Cap    Location           Distance  Fanout  Status
                                      (ns)   (ns)     (ns)   (pF)                      (um)              
-- Clockpath trace --------------------------------------------------------------------------------------------
clk
-     -                        rise   -       0.150   0.004  0.019  (139.684,0.000)    -            2    
CTS_ccl_buf_01624/A
-     BUFx12f_ASAP7_75t_R      rise   0.013   0.163   0.032  -      (193.950,103.779)  158.045   -       
CTS_ccl_buf_01624/Y
-     BUFx12f_ASAP7_75t_R      rise   0.023   0.186   0.012  0.008  (194.238,103.779)    0.288      2    
CTS_ccl_buf_01623/A
-     BUFx10_ASAP7_75t_R       rise   0.003   0.189   0.014  -      (217.800,123.669)   43.452   -       
CTS_ccl_buf_01623/Y
-     BUFx10_ASAP7_75t_R       rise   0.025   0.214   0.021  0.015  (217.620,123.669)    0.180      3    
CTS_ccl_buf_01620/A
-     BUFx8_ASAP7_75t_R        rise   0.007   0.220   0.026  -      (247.464,186.939)   93.114   -       
CTS_ccl_buf_01620/Y
-     BUFx8_ASAP7_75t_R        rise   0.031   0.251   0.018  0.009  (247.644,186.939)    0.180      2    
CTS_ccl_a_buf_01613/A
-     BUFx8_ASAP7_75t_R        rise   0.004   0.255   0.020  -      (248.364,254.349)   68.130   -       
CTS_ccl_a_buf_01613/Y
-     BUFx8_ASAP7_75t_R        rise   0.027   0.282   0.013  0.004  (248.184,254.349)    0.180      2    
CTS_ccl_buf_01605/A
-     BUFx8_ASAP7_75t_R        rise   0.001   0.283   0.013  -      (259.236,255.519)   12.222   -       
CTS_ccl_buf_01605/Y
-     BUFx8_ASAP7_75t_R        rise   0.026   0.309   0.016  0.007  (259.416,255.519)    0.180      2    
u_axi_to_apb_cg_icg__RC_CG_HIER_INST228/RC_CGIC_INST/CLK
-     ICGx8DC_ASAP7_75t_L      rise   0.000   0.309   0.016  -      (261.432,253.701)    3.834   -       
u_axi_to_apb_cg_icg__RC_CG_HIER_INST228/RC_CGIC_INST/GCLK
-     ICGx8DC_ASAP7_75t_L      rise   0.014   0.323   0.009  0.005  (261.612,253.809)    0.288      2    
CTS_ccl_a_buf_00513/A
-     BUFx10_ASAP7_75t_R       rise   0.001   0.324   0.009  -      (260.568,250.119)    4.734   -       
CTS_ccl_a_buf_00513/Y
-     BUFx10_ASAP7_75t_R       rise   0.023   0.347   0.019  0.013  (260.388,250.119)    0.180     20    
u_axi_to_apb_m_apb_paddr_reg[30]/CLK
-     DFFASRHQNx1_ASAP7_75t_R  rise   0.002   0.349   0.021  -      (259.002,238.275)   13.230   -       
---------------------------------------------------------------------------------------------------------------

Timing for timing corner dc_ff:hold.early, min clock_path:
==========================================================

PathID    : 93
Path type : skew group _clock_gen_CLK_SYS_en_latch_reg_06/mode_func (path 1 of 1)
Start     : clk
End       : cg_i2c/en_latch_reg/CLK
Delay     :  0.227

-----------------------------------------------------------------------------------------------------------
Name  Lib cell             Event  Incr   Arrival  Slew   Cap    Location           Distance  Fanout  Status
                                  (ns)   (ns)     (ns)   (pF)                      (um)              
-- Clockpath trace ----------------------------------------------------------------------------------------
clk
-     -                    rise   -       0.100   0.004  0.020  (139.684,0.000)    -           2     
CTS_ccl_buf_01624/A
-     BUFx12f_ASAP7_75t_R  rise   0.012   0.112   0.031  -      (193.950,103.779)  158.045   -       
CTS_ccl_buf_01624/Y
-     BUFx12f_ASAP7_75t_R  rise   0.018   0.130   0.009  0.008  (194.238,103.779)    0.288     2     
CTS_ccl_buf_01623/A
-     BUFx10_ASAP7_75t_R   rise   0.003   0.133   0.012  -      (217.800,123.669)   43.452   -       
CTS_ccl_buf_01623/Y
-     BUFx10_ASAP7_75t_R   rise   0.019   0.151   0.016  0.015  (217.620,123.669)    0.180     3     
CTS_ccl_buf_01620/A
-     BUFx8_ASAP7_75t_R    rise   0.006   0.157   0.021  -      (247.464,186.939)   93.114   -       
CTS_ccl_buf_01620/Y
-     BUFx8_ASAP7_75t_R    rise   0.023   0.180   0.013  0.009  (247.644,186.939)    0.180     2     
CTS_ccl_a_buf_01613/A
-     BUFx8_ASAP7_75t_R    rise   0.004   0.183   0.016  -      (248.364,254.349)   68.130   -       
CTS_ccl_a_buf_01613/Y
-     BUFx8_ASAP7_75t_R    rise   0.020   0.204   0.009  0.005  (248.184,254.349)    0.180     2     
CTS_cfo_buf_0_04699/A
-     BUFx8_ASAP7_75t_R    rise   0.001   0.204   0.009  -      (247.446,267.309)   13.698   -       
CTS_cfo_buf_0_04699/Y
-     BUFx8_ASAP7_75t_R    rise   0.020   0.225   0.015  0.011  (247.266,267.309)    0.180     4     
cg_i2c/en_latch_reg/CLK
-     DLLx1_ASAP7_75t_R    rise   0.002   0.227   0.016  -      (244.098,294.813)   30.672   -       
-----------------------------------------------------------------------------------------------------------

Timing for timing corner dc_ff:hold.early, max clock_path:
==========================================================

PathID    : 94
Path type : skew group _clock_gen_CLK_SYS_en_latch_reg_06/mode_func (path 1 of 1)
Start     : clk
End       : u_axi_to_apb_m_apb_paddr_reg[29]/CLK
Delay     :  0.253

---------------------------------------------------------------------------------------------------------------
Name  Lib cell                 Event  Incr   Arrival  Slew   Cap    Location           Distance  Fanout  Status
                                      (ns)   (ns)     (ns)   (pF)                      (um)              
-- Clockpath trace --------------------------------------------------------------------------------------------
clk
-     -                        rise   -       0.100   0.004  0.020  (139.684,0.000)    -            2    
CTS_ccl_buf_01624/A
-     BUFx12f_ASAP7_75t_R      rise   0.012   0.112   0.031  -      (193.950,103.779)  158.045   -       
CTS_ccl_buf_01624/Y
-     BUFx12f_ASAP7_75t_R      rise   0.018   0.130   0.009  0.008  (194.238,103.779)    0.288      2    
CTS_ccl_buf_01623/A
-     BUFx10_ASAP7_75t_R       rise   0.003   0.133   0.012  -      (217.800,123.669)   43.452   -       
CTS_ccl_buf_01623/Y
-     BUFx10_ASAP7_75t_R       rise   0.019   0.151   0.016  0.015  (217.620,123.669)    0.180      3    
CTS_ccl_buf_01620/A
-     BUFx8_ASAP7_75t_R        rise   0.006   0.157   0.021  -      (247.464,186.939)   93.114   -       
CTS_ccl_buf_01620/Y
-     BUFx8_ASAP7_75t_R        rise   0.023   0.180   0.013  0.009  (247.644,186.939)    0.180      2    
CTS_ccl_a_buf_01613/A
-     BUFx8_ASAP7_75t_R        rise   0.004   0.183   0.016  -      (248.364,254.349)   68.130   -       
CTS_ccl_a_buf_01613/Y
-     BUFx8_ASAP7_75t_R        rise   0.020   0.204   0.009  0.005  (248.184,254.349)    0.180      2    
CTS_ccl_buf_01605/A
-     BUFx8_ASAP7_75t_R        rise   0.001   0.204   0.009  -      (259.236,255.519)   12.222   -       
CTS_ccl_buf_01605/Y
-     BUFx8_ASAP7_75t_R        rise   0.018   0.223   0.010  0.008  (259.416,255.519)    0.180      2    
u_axi_to_apb_cg_icg__RC_CG_HIER_INST228/RC_CGIC_INST/CLK
-     ICGx8DC_ASAP7_75t_L      rise   0.000   0.223   0.011  -      (261.432,253.701)    3.834   -       
u_axi_to_apb_cg_icg__RC_CG_HIER_INST228/RC_CGIC_INST/GCLK
-     ICGx8DC_ASAP7_75t_L      rise   0.010   0.233   0.007  0.006  (261.612,253.809)    0.288      2    
CTS_ccl_a_buf_00513/A
-     BUFx10_ASAP7_75t_R       rise   0.001   0.234   0.007  -      (260.568,250.119)    4.734   -       
CTS_ccl_a_buf_00513/Y
-     BUFx10_ASAP7_75t_R       rise   0.017   0.251   0.015  0.013  (260.388,250.119)    0.180     20    
u_axi_to_apb_m_apb_paddr_reg[29]/CLK
-     DFFASRHQNx1_ASAP7_75t_R  rise   0.002   0.253   0.017  -      (258.894,239.733)   11.880   -       
---------------------------------------------------------------------------------------------------------------

Timing for timing corner dc_ff:hold.late, min clock_path:
=========================================================

PathID    : 95
Path type : skew group _clock_gen_CLK_SYS_en_latch_reg_06/mode_func (path 1 of 1)
Start     : clk
End       : cg_i2c/en_latch_reg/CLK
Delay     :  0.277

-----------------------------------------------------------------------------------------------------------
Name  Lib cell             Event  Incr   Arrival  Slew   Cap    Location           Distance  Fanout  Status
                                  (ns)   (ns)     (ns)   (pF)                      (um)              
-- Clockpath trace ----------------------------------------------------------------------------------------
clk
-     -                    rise   -       0.150   0.004  0.020  (139.684,0.000)    -           2     
CTS_ccl_buf_01624/A
-     BUFx12f_ASAP7_75t_R  rise   0.012   0.162   0.031  -      (193.950,103.779)  158.045   -       
CTS_ccl_buf_01624/Y
-     BUFx12f_ASAP7_75t_R  rise   0.018   0.180   0.009  0.008  (194.238,103.779)    0.288     2     
CTS_ccl_buf_01623/A
-     BUFx10_ASAP7_75t_R   rise   0.003   0.182   0.012  -      (217.800,123.669)   43.452   -       
CTS_ccl_buf_01623/Y
-     BUFx10_ASAP7_75t_R   rise   0.019   0.201   0.016  0.015  (217.620,123.669)    0.180     3     
CTS_ccl_buf_01620/A
-     BUFx8_ASAP7_75t_R    rise   0.006   0.207   0.022  -      (247.464,186.939)   93.114   -       
CTS_ccl_buf_01620/Y
-     BUFx8_ASAP7_75t_R    rise   0.023   0.230   0.013  0.009  (247.644,186.939)    0.180     2     
CTS_ccl_a_buf_01613/A
-     BUFx8_ASAP7_75t_R    rise   0.003   0.234   0.016  -      (248.364,254.349)   68.130   -       
CTS_ccl_a_buf_01613/Y
-     BUFx8_ASAP7_75t_R    rise   0.020   0.254   0.009  0.005  (248.184,254.349)    0.180     2     
CTS_cfo_buf_0_04699/A
-     BUFx8_ASAP7_75t_R    rise   0.001   0.255   0.009  -      (247.446,267.309)   13.698   -       
CTS_cfo_buf_0_04699/Y
-     BUFx8_ASAP7_75t_R    rise   0.021   0.276   0.015  0.011  (247.266,267.309)    0.180     4     
cg_i2c/en_latch_reg/CLK
-     DLLx1_ASAP7_75t_R    rise   0.002   0.277   0.016  -      (244.098,294.813)   30.672   -       
-----------------------------------------------------------------------------------------------------------

Timing for timing corner dc_ff:hold.late, max clock_path:
=========================================================

PathID    : 96
Path type : skew group _clock_gen_CLK_SYS_en_latch_reg_06/mode_func (path 1 of 1)
Start     : clk
End       : u_axi_to_apb_m_apb_paddr_reg[30]/CLK
Delay     :  0.304

---------------------------------------------------------------------------------------------------------------
Name  Lib cell                 Event  Incr   Arrival  Slew   Cap    Location           Distance  Fanout  Status
                                      (ns)   (ns)     (ns)   (pF)                      (um)              
-- Clockpath trace --------------------------------------------------------------------------------------------
clk
-     -                        rise   -       0.150   0.004  0.020  (139.684,0.000)    -            2    
CTS_ccl_buf_01624/A
-     BUFx12f_ASAP7_75t_R      rise   0.012   0.162   0.031  -      (193.950,103.779)  158.045   -       
CTS_ccl_buf_01624/Y
-     BUFx12f_ASAP7_75t_R      rise   0.018   0.180   0.009  0.008  (194.238,103.779)    0.288      2    
CTS_ccl_buf_01623/A
-     BUFx10_ASAP7_75t_R       rise   0.003   0.182   0.012  -      (217.800,123.669)   43.452   -       
CTS_ccl_buf_01623/Y
-     BUFx10_ASAP7_75t_R       rise   0.019   0.201   0.016  0.015  (217.620,123.669)    0.180      3    
CTS_ccl_buf_01620/A
-     BUFx8_ASAP7_75t_R        rise   0.006   0.207   0.022  -      (247.464,186.939)   93.114   -       
CTS_ccl_buf_01620/Y
-     BUFx8_ASAP7_75t_R        rise   0.023   0.230   0.013  0.009  (247.644,186.939)    0.180      2    
CTS_ccl_a_buf_01613/A
-     BUFx8_ASAP7_75t_R        rise   0.003   0.234   0.016  -      (248.364,254.349)   68.130   -       
CTS_ccl_a_buf_01613/Y
-     BUFx8_ASAP7_75t_R        rise   0.020   0.254   0.009  0.005  (248.184,254.349)    0.180      2    
CTS_ccl_buf_01605/A
-     BUFx8_ASAP7_75t_R        rise   0.001   0.255   0.009  -      (259.236,255.519)   12.222   -       
CTS_ccl_buf_01605/Y
-     BUFx8_ASAP7_75t_R        rise   0.019   0.274   0.012  0.008  (259.416,255.519)    0.180      2    
u_axi_to_apb_cg_icg__RC_CG_HIER_INST228/RC_CGIC_INST/CLK
-     ICGx8DC_ASAP7_75t_L      rise   0.000   0.274   0.013  -      (261.432,253.701)    3.834   -       
u_axi_to_apb_cg_icg__RC_CG_HIER_INST228/RC_CGIC_INST/GCLK
-     ICGx8DC_ASAP7_75t_L      rise   0.010   0.285   0.007  0.006  (261.612,253.809)    0.288      2    
CTS_ccl_a_buf_00513/A
-     BUFx10_ASAP7_75t_R       rise   0.001   0.285   0.007  -      (260.568,250.119)    4.734   -       
CTS_ccl_a_buf_00513/Y
-     BUFx10_ASAP7_75t_R       rise   0.017   0.302   0.015  0.013  (260.388,250.119)    0.180     20    
u_axi_to_apb_m_apb_paddr_reg[30]/CLK
-     DFFASRHQNx1_ASAP7_75t_R  rise   0.002   0.304   0.018  -      (259.002,238.275)   13.230   -       
---------------------------------------------------------------------------------------------------------------

Timing for timing corner dc_ss:setup.early, min clock_path:
===========================================================

PathID    : 97
Path type : skew group _clock_gen_CLK_SYS_en_latch_reg_07/mode_func (path 1 of 1)
Start     : clk
End       : u_apb_syscon/clk_gate_reg_reg[0]/CLK
Delay     :  0.354

---------------------------------------------------------------------------------------------------------------
Name  Lib cell                 Event  Incr   Arrival  Slew   Cap    Location           Distance  Fanout  Status
                                      (ns)   (ns)     (ns)   (pF)                      (um)              
-- Clockpath trace --------------------------------------------------------------------------------------------
clk
-     -                        rise   -       0.100   0.004  0.019  (139.684,0.000)    -            2    
CTS_ccl_buf_01624/A
-     BUFx12f_ASAP7_75t_R      rise   0.015   0.115   0.038  -      (193.950,103.779)  158.045   -       
CTS_ccl_buf_01624/Y
-     BUFx12f_ASAP7_75t_R      rise   0.033   0.147   0.017  0.008  (194.238,103.779)    0.288      2    
CTS_ccl_buf_01623/A
-     BUFx10_ASAP7_75t_R       rise   0.003   0.150   0.019  -      (217.800,123.669)   43.452   -       
CTS_ccl_buf_01623/Y
-     BUFx10_ASAP7_75t_R       rise   0.037   0.188   0.032  0.014  (217.620,123.669)    0.180      3    
CTS_ccl_buf_01620/A
-     BUFx8_ASAP7_75t_R        rise   0.008   0.195   0.036  -      (247.464,186.939)   93.114   -       
CTS_ccl_buf_01620/Y
-     BUFx8_ASAP7_75t_R        rise   0.045   0.241   0.027  0.008  (247.644,186.939)    0.180      2    
CTS_cdb_buf_04712/A
-     BUFx4_ASAP7_75t_R        rise   0.004   0.245   0.029  -      (248.436,251.235)   65.088   -       
CTS_cdb_buf_04712/Y
-     BUFx4_ASAP7_75t_R        rise   0.038   0.283   0.014  0.001  (248.580,251.199)    0.180      1    
CTS_ccl_a_buf_01201/A
-     BUFx4_ASAP7_75t_R        rise   0.000   0.283   0.014  -      (248.976,253.773)    2.970   -       
CTS_ccl_a_buf_01201/Y
-     BUFx4_ASAP7_75t_R        rise   0.040   0.323   0.030  0.006  (249.120,253.809)    0.180      2    
u_apb_syscon/cg_icg__RC_CG_HIER_INST53/RC_CGIC_INST/CLK
-     ICGx3_ASAP7_75t_L        rise   0.001   0.324   0.031  -      (250.650,254.547)    2.268   -       
u_apb_syscon/cg_icg__RC_CG_HIER_INST53/RC_CGIC_INST/GCLK
-     ICGx3_ASAP7_75t_L        rise   0.030   0.353   0.027  0.006  (251.334,254.439)    0.792     10    
u_apb_syscon/clk_gate_reg_reg[0]/CLK
-     DFFASRHQNx1_ASAP7_75t_R  rise   0.000   0.354   0.028  -      (247.824,253.935)    4.014   -       
---------------------------------------------------------------------------------------------------------------

Timing for timing corner dc_ss:setup.early, max clock_path:
===========================================================

PathID    : 98
Path type : skew group _clock_gen_CLK_SYS_en_latch_reg_07/mode_func (path 1 of 1)
Start     : clk
End       : u_axi_to_apb_m_apb_paddr_reg[30]/CLK
Delay     :  0.378

---------------------------------------------------------------------------------------------------------------
Name  Lib cell                 Event  Incr   Arrival  Slew   Cap    Location           Distance  Fanout  Status
                                      (ns)   (ns)     (ns)   (pF)                      (um)              
-- Clockpath trace --------------------------------------------------------------------------------------------
clk
-     -                        rise   -       0.100   0.004  0.019  (139.684,0.000)    -            2    
CTS_ccl_buf_01624/A
-     BUFx12f_ASAP7_75t_R      rise   0.015   0.115   0.038  -      (193.950,103.779)  158.045   -       
CTS_ccl_buf_01624/Y
-     BUFx12f_ASAP7_75t_R      rise   0.033   0.147   0.017  0.008  (194.238,103.779)    0.288      2    
CTS_ccl_buf_01623/A
-     BUFx10_ASAP7_75t_R       rise   0.003   0.150   0.019  -      (217.800,123.669)   43.452   -       
CTS_ccl_buf_01623/Y
-     BUFx10_ASAP7_75t_R       rise   0.037   0.188   0.032  0.014  (217.620,123.669)    0.180      3    
CTS_ccl_buf_01620/A
-     BUFx8_ASAP7_75t_R        rise   0.008   0.195   0.036  -      (247.464,186.939)   93.114   -       
CTS_ccl_buf_01620/Y
-     BUFx8_ASAP7_75t_R        rise   0.045   0.241   0.027  0.008  (247.644,186.939)    0.180      2    
CTS_ccl_a_buf_01613/A
-     BUFx8_ASAP7_75t_R        rise   0.004   0.245   0.029  -      (248.364,254.349)   68.130   -       
CTS_ccl_a_buf_01613/Y
-     BUFx8_ASAP7_75t_R        rise   0.040   0.285   0.019  0.004  (248.184,254.349)    0.180      2    
CTS_ccl_buf_01605/A
-     BUFx8_ASAP7_75t_R        rise   0.001   0.285   0.019  -      (259.236,255.519)   12.222   -       
CTS_ccl_buf_01605/Y
-     BUFx8_ASAP7_75t_R        rise   0.036   0.322   0.021  0.007  (259.416,255.519)    0.180      2    
u_axi_to_apb_cg_icg__RC_CG_HIER_INST228/RC_CGIC_INST/CLK
-     ICGx8DC_ASAP7_75t_L      rise   0.000   0.322   0.021  -      (261.432,253.701)    3.834   -       
u_axi_to_apb_cg_icg__RC_CG_HIER_INST228/RC_CGIC_INST/GCLK
-     ICGx8DC_ASAP7_75t_L      rise   0.019   0.341   0.013  0.005  (261.612,253.809)    0.288      2    
CTS_ccl_a_buf_00513/A
-     BUFx10_ASAP7_75t_R       rise   0.001   0.342   0.013  -      (260.568,250.119)    4.734   -       
CTS_ccl_a_buf_00513/Y
-     BUFx10_ASAP7_75t_R       rise   0.033   0.375   0.027  0.012  (260.388,250.119)    0.180     20    
u_axi_to_apb_m_apb_paddr_reg[30]/CLK
-     DFFASRHQNx1_ASAP7_75t_R  rise   0.003   0.378   0.029  -      (259.002,238.275)   13.230   -       
---------------------------------------------------------------------------------------------------------------

Timing for timing corner dc_ss:setup.late, min clock_path:
==========================================================

PathID    : 99
Path type : skew group _clock_gen_CLK_SYS_en_latch_reg_07/mode_func (path 1 of 1)
Start     : clk
End       : u_apb_syscon/clk_gate_reg_reg[0]/CLK
Delay     :  0.404

---------------------------------------------------------------------------------------------------------------
Name  Lib cell                 Event  Incr   Arrival  Slew   Cap    Location           Distance  Fanout  Status
                                      (ns)   (ns)     (ns)   (pF)                      (um)              
-- Clockpath trace --------------------------------------------------------------------------------------------
clk
-     -                        rise   -       0.150   0.004  0.019  (139.684,0.000)    -            2    
CTS_ccl_buf_01624/A
-     BUFx12f_ASAP7_75t_R      rise   0.015   0.165   0.038  -      (193.950,103.779)  158.045   -       
CTS_ccl_buf_01624/Y
-     BUFx12f_ASAP7_75t_R      rise   0.033   0.198   0.017  0.008  (194.238,103.779)    0.288      2    
CTS_ccl_buf_01623/A
-     BUFx10_ASAP7_75t_R       rise   0.003   0.200   0.019  -      (217.800,123.669)   43.452   -       
CTS_ccl_buf_01623/Y
-     BUFx10_ASAP7_75t_R       rise   0.037   0.237   0.032  0.014  (217.620,123.669)    0.180      3    
CTS_ccl_buf_01620/A
-     BUFx8_ASAP7_75t_R        rise   0.008   0.245   0.037  -      (247.464,186.939)   93.114   -       
CTS_ccl_buf_01620/Y
-     BUFx8_ASAP7_75t_R        rise   0.045   0.291   0.027  0.008  (247.644,186.939)    0.180      2    
CTS_cdb_buf_04712/A
-     BUFx4_ASAP7_75t_R        rise   0.004   0.295   0.029  -      (248.436,251.235)   65.088   -       
CTS_cdb_buf_04712/Y
-     BUFx4_ASAP7_75t_R        rise   0.038   0.333   0.014  0.001  (248.580,251.199)    0.180      1    
CTS_ccl_a_buf_01201/A
-     BUFx4_ASAP7_75t_R        rise   0.000   0.333   0.014  -      (248.976,253.773)    2.970   -       
CTS_ccl_a_buf_01201/Y
-     BUFx4_ASAP7_75t_R        rise   0.041   0.374   0.032  0.006  (249.120,253.809)    0.180      2    
u_apb_syscon/cg_icg__RC_CG_HIER_INST53/RC_CGIC_INST/CLK
-     ICGx3_ASAP7_75t_L        rise   0.001   0.374   0.032  -      (250.650,254.547)    2.268   -       
u_apb_syscon/cg_icg__RC_CG_HIER_INST53/RC_CGIC_INST/GCLK
-     ICGx3_ASAP7_75t_L        rise   0.030   0.404   0.028  0.006  (251.334,254.439)    0.792     10    
u_apb_syscon/clk_gate_reg_reg[0]/CLK
-     DFFASRHQNx1_ASAP7_75t_R  rise   0.000   0.404   0.029  -      (247.824,253.935)    4.014   -       
---------------------------------------------------------------------------------------------------------------

Timing for timing corner dc_ss:setup.late, max clock_path:
==========================================================

PathID    : 100
Path type : skew group _clock_gen_CLK_SYS_en_latch_reg_07/mode_func (path 1 of 1)
Start     : clk
End       : u_axi_to_apb_m_apb_paddr_reg[30]/CLK
Delay     :   0.429

---------------------------------------------------------------------------------------------------------------
Name  Lib cell                 Event  Incr   Arrival  Slew   Cap    Location           Distance  Fanout  Status
                                      (ns)   (ns)     (ns)   (pF)                      (um)              
-- Clockpath trace --------------------------------------------------------------------------------------------
clk
-     -                        rise   -       0.150   0.004  0.019  (139.684,0.000)    -            2    
CTS_ccl_buf_01624/A
-     BUFx12f_ASAP7_75t_R      rise   0.015   0.165   0.038  -      (193.950,103.779)  158.045   -       
CTS_ccl_buf_01624/Y
-     BUFx12f_ASAP7_75t_R      rise   0.033   0.198   0.017  0.008  (194.238,103.779)    0.288      2    
CTS_ccl_buf_01623/A
-     BUFx10_ASAP7_75t_R       rise   0.003   0.200   0.019  -      (217.800,123.669)   43.452   -       
CTS_ccl_buf_01623/Y
-     BUFx10_ASAP7_75t_R       rise   0.037   0.237   0.032  0.014  (217.620,123.669)    0.180      3    
CTS_ccl_buf_01620/A
-     BUFx8_ASAP7_75t_R        rise   0.008   0.245   0.037  -      (247.464,186.939)   93.114   -       
CTS_ccl_buf_01620/Y
-     BUFx8_ASAP7_75t_R        rise   0.045   0.291   0.027  0.008  (247.644,186.939)    0.180      2    
CTS_ccl_a_buf_01613/A
-     BUFx8_ASAP7_75t_R        rise   0.004   0.295   0.029  -      (248.364,254.349)   68.130   -       
CTS_ccl_a_buf_01613/Y
-     BUFx8_ASAP7_75t_R        rise   0.040   0.335   0.019  0.004  (248.184,254.349)    0.180      2    
CTS_ccl_buf_01605/A
-     BUFx8_ASAP7_75t_R        rise   0.001   0.335   0.019  -      (259.236,255.519)   12.222   -       
CTS_ccl_buf_01605/Y
-     BUFx8_ASAP7_75t_R        rise   0.037   0.372   0.024  0.007  (259.416,255.519)    0.180      2    
u_axi_to_apb_cg_icg__RC_CG_HIER_INST228/RC_CGIC_INST/CLK
-     ICGx8DC_ASAP7_75t_L      rise   0.000   0.373   0.024  -      (261.432,253.701)    3.834   -       
u_axi_to_apb_cg_icg__RC_CG_HIER_INST228/RC_CGIC_INST/GCLK
-     ICGx8DC_ASAP7_75t_L      rise   0.020   0.393   0.013  0.005  (261.612,253.809)    0.288      2    
CTS_ccl_a_buf_00513/A
-     BUFx10_ASAP7_75t_R       rise   0.001   0.393   0.013  -      (260.568,250.119)    4.734   -       
CTS_ccl_a_buf_00513/Y
-     BUFx10_ASAP7_75t_R       rise   0.033   0.426   0.027  0.012  (260.388,250.119)    0.180     20    
u_axi_to_apb_m_apb_paddr_reg[30]/CLK
-     DFFASRHQNx1_ASAP7_75t_R  rise   0.003   0.429   0.030  -      (259.002,238.275)   13.230   -       
---------------------------------------------------------------------------------------------------------------

Timing for timing corner dc_tt:both.early, min clock_path:
==========================================================

PathID    : 101
Path type : skew group _clock_gen_CLK_SYS_en_latch_reg_07/mode_func (path 1 of 1)
Start     : clk
End       : u_apb_syscon/clk_gate_reg_reg[0]/CLK
Delay     :   0.281

---------------------------------------------------------------------------------------------------------------
Name  Lib cell                 Event  Incr   Arrival  Slew   Cap    Location           Distance  Fanout  Status
                                      (ns)   (ns)     (ns)   (pF)                      (um)              
-- Clockpath trace --------------------------------------------------------------------------------------------
clk
-     -                        rise   -       0.100   0.004  0.019  (139.684,0.000)    -            2    
CTS_ccl_buf_01624/A
-     BUFx12f_ASAP7_75t_R      rise   0.013   0.113   0.032  -      (193.950,103.779)  158.045   -       
CTS_ccl_buf_01624/Y
-     BUFx12f_ASAP7_75t_R      rise   0.023   0.136   0.012  0.008  (194.238,103.779)    0.288      2    
CTS_ccl_buf_01623/A
-     BUFx10_ASAP7_75t_R       rise   0.003   0.139   0.014  -      (217.800,123.669)   43.452   -       
CTS_ccl_buf_01623/Y
-     BUFx10_ASAP7_75t_R       rise   0.025   0.164   0.021  0.015  (217.620,123.669)    0.180      3    
CTS_ccl_buf_01620/A
-     BUFx8_ASAP7_75t_R        rise   0.007   0.170   0.026  -      (247.464,186.939)   93.114   -       
CTS_ccl_buf_01620/Y
-     BUFx8_ASAP7_75t_R        rise   0.031   0.201   0.018  0.009  (247.644,186.939)    0.180      2    
CTS_cdb_buf_04712/A
-     BUFx4_ASAP7_75t_R        rise   0.004   0.205   0.020  -      (248.436,251.235)   65.088   -       
CTS_cdb_buf_04712/Y
-     BUFx4_ASAP7_75t_R        rise   0.026   0.231   0.009  0.001  (248.580,251.199)    0.180      1    
CTS_ccl_a_buf_01201/A
-     BUFx4_ASAP7_75t_R        rise   0.000   0.231   0.009  -      (248.976,253.773)    2.970   -       
CTS_ccl_a_buf_01201/Y
-     BUFx4_ASAP7_75t_R        rise   0.028   0.259   0.020  0.006  (249.120,253.809)    0.180      2    
u_apb_syscon/cg_icg__RC_CG_HIER_INST53/RC_CGIC_INST/CLK
-     ICGx3_ASAP7_75t_L        rise   0.000   0.260   0.021  -      (250.650,254.547)    2.268   -       
u_apb_syscon/cg_icg__RC_CG_HIER_INST53/RC_CGIC_INST/GCLK
-     ICGx3_ASAP7_75t_L        rise   0.021   0.280   0.019  0.006  (251.334,254.439)    0.792     10    
u_apb_syscon/clk_gate_reg_reg[0]/CLK
-     DFFASRHQNx1_ASAP7_75t_R  rise   0.000   0.281   0.019  -      (247.824,253.935)    4.014   -       
---------------------------------------------------------------------------------------------------------------

Timing for timing corner dc_tt:both.early, max clock_path:
==========================================================

PathID    : 102
Path type : skew group _clock_gen_CLK_SYS_en_latch_reg_07/mode_func (path 1 of 1)
Start     : clk
End       : u_axi_to_apb_m_apb_paddr_reg[29]/CLK
Delay     :   0.298

---------------------------------------------------------------------------------------------------------------
Name  Lib cell                 Event  Incr   Arrival  Slew   Cap    Location           Distance  Fanout  Status
                                      (ns)   (ns)     (ns)   (pF)                      (um)              
-- Clockpath trace --------------------------------------------------------------------------------------------
clk
-     -                        rise   -       0.100   0.004  0.019  (139.684,0.000)    -            2    
CTS_ccl_buf_01624/A
-     BUFx12f_ASAP7_75t_R      rise   0.013   0.113   0.032  -      (193.950,103.779)  158.045   -       
CTS_ccl_buf_01624/Y
-     BUFx12f_ASAP7_75t_R      rise   0.023   0.136   0.012  0.008  (194.238,103.779)    0.288      2    
CTS_ccl_buf_01623/A
-     BUFx10_ASAP7_75t_R       rise   0.003   0.139   0.014  -      (217.800,123.669)   43.452   -       
CTS_ccl_buf_01623/Y
-     BUFx10_ASAP7_75t_R       rise   0.025   0.164   0.021  0.015  (217.620,123.669)    0.180      3    
CTS_ccl_buf_01620/A
-     BUFx8_ASAP7_75t_R        rise   0.007   0.170   0.026  -      (247.464,186.939)   93.114   -       
CTS_ccl_buf_01620/Y
-     BUFx8_ASAP7_75t_R        rise   0.031   0.201   0.018  0.009  (247.644,186.939)    0.180      2    
CTS_ccl_a_buf_01613/A
-     BUFx8_ASAP7_75t_R        rise   0.004   0.205   0.020  -      (248.364,254.349)   68.130   -       
CTS_ccl_a_buf_01613/Y
-     BUFx8_ASAP7_75t_R        rise   0.027   0.232   0.013  0.004  (248.184,254.349)    0.180      2    
CTS_ccl_buf_01605/A
-     BUFx8_ASAP7_75t_R        rise   0.001   0.233   0.013  -      (259.236,255.519)   12.222   -       
CTS_ccl_buf_01605/Y
-     BUFx8_ASAP7_75t_R        rise   0.025   0.258   0.014  0.007  (259.416,255.519)    0.180      2    
u_axi_to_apb_cg_icg__RC_CG_HIER_INST228/RC_CGIC_INST/CLK
-     ICGx8DC_ASAP7_75t_L      rise   0.000   0.259   0.014  -      (261.432,253.701)    3.834   -       
u_axi_to_apb_cg_icg__RC_CG_HIER_INST228/RC_CGIC_INST/GCLK
-     ICGx8DC_ASAP7_75t_L      rise   0.013   0.272   0.009  0.005  (261.612,253.809)    0.288      2    
CTS_ccl_a_buf_00513/A
-     BUFx10_ASAP7_75t_R       rise   0.001   0.273   0.009  -      (260.568,250.119)    4.734   -       
CTS_ccl_a_buf_00513/Y
-     BUFx10_ASAP7_75t_R       rise   0.023   0.295   0.019  0.013  (260.388,250.119)    0.180     20    
u_axi_to_apb_m_apb_paddr_reg[29]/CLK
-     DFFASRHQNx1_ASAP7_75t_R  rise   0.002   0.298   0.020  -      (258.894,239.733)   11.880   -       
---------------------------------------------------------------------------------------------------------------

Timing for timing corner dc_tt:both.late, min clock_path:
=========================================================

PathID    : 103
Path type : skew group _clock_gen_CLK_SYS_en_latch_reg_07/mode_func (path 1 of 1)
Start     : clk
End       : u_apb_syscon/clk_gate_reg_reg[0]/CLK
Delay     :   0.331

---------------------------------------------------------------------------------------------------------------
Name  Lib cell                 Event  Incr   Arrival  Slew   Cap    Location           Distance  Fanout  Status
                                      (ns)   (ns)     (ns)   (pF)                      (um)              
-- Clockpath trace --------------------------------------------------------------------------------------------
clk
-     -                        rise   -       0.150   0.004  0.019  (139.684,0.000)    -            2    
CTS_ccl_buf_01624/A
-     BUFx12f_ASAP7_75t_R      rise   0.013   0.163   0.032  -      (193.950,103.779)  158.045   -       
CTS_ccl_buf_01624/Y
-     BUFx12f_ASAP7_75t_R      rise   0.023   0.186   0.012  0.008  (194.238,103.779)    0.288      2    
CTS_ccl_buf_01623/A
-     BUFx10_ASAP7_75t_R       rise   0.003   0.189   0.014  -      (217.800,123.669)   43.452   -       
CTS_ccl_buf_01623/Y
-     BUFx10_ASAP7_75t_R       rise   0.025   0.214   0.021  0.015  (217.620,123.669)    0.180      3    
CTS_ccl_buf_01620/A
-     BUFx8_ASAP7_75t_R        rise   0.007   0.220   0.026  -      (247.464,186.939)   93.114   -       
CTS_ccl_buf_01620/Y
-     BUFx8_ASAP7_75t_R        rise   0.031   0.251   0.018  0.009  (247.644,186.939)    0.180      2    
CTS_cdb_buf_04712/A
-     BUFx4_ASAP7_75t_R        rise   0.004   0.255   0.020  -      (248.436,251.235)   65.088   -       
CTS_cdb_buf_04712/Y
-     BUFx4_ASAP7_75t_R        rise   0.026   0.281   0.009  0.001  (248.580,251.199)    0.180      1    
CTS_ccl_a_buf_01201/A
-     BUFx4_ASAP7_75t_R        rise   0.000   0.281   0.009  -      (248.976,253.773)    2.970   -       
CTS_ccl_a_buf_01201/Y
-     BUFx4_ASAP7_75t_R        rise   0.028   0.309   0.021  0.006  (249.120,253.809)    0.180      2    
u_apb_syscon/cg_icg__RC_CG_HIER_INST53/RC_CGIC_INST/CLK
-     ICGx3_ASAP7_75t_L        rise   0.001   0.310   0.021  -      (250.650,254.547)    2.268   -       
u_apb_syscon/cg_icg__RC_CG_HIER_INST53/RC_CGIC_INST/GCLK
-     ICGx3_ASAP7_75t_L        rise   0.021   0.331   0.019  0.006  (251.334,254.439)    0.792     10    
u_apb_syscon/clk_gate_reg_reg[0]/CLK
-     DFFASRHQNx1_ASAP7_75t_R  rise   0.000   0.331   0.020  -      (247.824,253.935)    4.014   -       
---------------------------------------------------------------------------------------------------------------

Timing for timing corner dc_tt:both.late, max clock_path:
=========================================================

PathID    : 104
Path type : skew group _clock_gen_CLK_SYS_en_latch_reg_07/mode_func (path 1 of 1)
Start     : clk
End       : u_axi_to_apb_m_apb_paddr_reg[30]/CLK
Delay     :   0.349

---------------------------------------------------------------------------------------------------------------
Name  Lib cell                 Event  Incr   Arrival  Slew   Cap    Location           Distance  Fanout  Status
                                      (ns)   (ns)     (ns)   (pF)                      (um)              
-- Clockpath trace --------------------------------------------------------------------------------------------
clk
-     -                        rise   -       0.150   0.004  0.019  (139.684,0.000)    -            2    
CTS_ccl_buf_01624/A
-     BUFx12f_ASAP7_75t_R      rise   0.013   0.163   0.032  -      (193.950,103.779)  158.045   -       
CTS_ccl_buf_01624/Y
-     BUFx12f_ASAP7_75t_R      rise   0.023   0.186   0.012  0.008  (194.238,103.779)    0.288      2    
CTS_ccl_buf_01623/A
-     BUFx10_ASAP7_75t_R       rise   0.003   0.189   0.014  -      (217.800,123.669)   43.452   -       
CTS_ccl_buf_01623/Y
-     BUFx10_ASAP7_75t_R       rise   0.025   0.214   0.021  0.015  (217.620,123.669)    0.180      3    
CTS_ccl_buf_01620/A
-     BUFx8_ASAP7_75t_R        rise   0.007   0.220   0.026  -      (247.464,186.939)   93.114   -       
CTS_ccl_buf_01620/Y
-     BUFx8_ASAP7_75t_R        rise   0.031   0.251   0.018  0.009  (247.644,186.939)    0.180      2    
CTS_ccl_a_buf_01613/A
-     BUFx8_ASAP7_75t_R        rise   0.004   0.255   0.020  -      (248.364,254.349)   68.130   -       
CTS_ccl_a_buf_01613/Y
-     BUFx8_ASAP7_75t_R        rise   0.027   0.282   0.013  0.004  (248.184,254.349)    0.180      2    
CTS_ccl_buf_01605/A
-     BUFx8_ASAP7_75t_R        rise   0.001   0.283   0.013  -      (259.236,255.519)   12.222   -       
CTS_ccl_buf_01605/Y
-     BUFx8_ASAP7_75t_R        rise   0.026   0.309   0.016  0.007  (259.416,255.519)    0.180      2    
u_axi_to_apb_cg_icg__RC_CG_HIER_INST228/RC_CGIC_INST/CLK
-     ICGx8DC_ASAP7_75t_L      rise   0.000   0.309   0.016  -      (261.432,253.701)    3.834   -       
u_axi_to_apb_cg_icg__RC_CG_HIER_INST228/RC_CGIC_INST/GCLK
-     ICGx8DC_ASAP7_75t_L      rise   0.014   0.323   0.009  0.005  (261.612,253.809)    0.288      2    
CTS_ccl_a_buf_00513/A
-     BUFx10_ASAP7_75t_R       rise   0.001   0.324   0.009  -      (260.568,250.119)    4.734   -       
CTS_ccl_a_buf_00513/Y
-     BUFx10_ASAP7_75t_R       rise   0.023   0.347   0.019  0.013  (260.388,250.119)    0.180     20    
u_axi_to_apb_m_apb_paddr_reg[30]/CLK
-     DFFASRHQNx1_ASAP7_75t_R  rise   0.002   0.349   0.021  -      (259.002,238.275)   13.230   -       
---------------------------------------------------------------------------------------------------------------

Timing for timing corner dc_ff:hold.early, min clock_path:
==========================================================

PathID    : 105
Path type : skew group _clock_gen_CLK_SYS_en_latch_reg_07/mode_func (path 1 of 1)
Start     : clk
End       : u_apb_syscon/clk_gate_reg_reg[0]/CLK
Delay     :   0.240

---------------------------------------------------------------------------------------------------------------
Name  Lib cell                 Event  Incr   Arrival  Slew   Cap    Location           Distance  Fanout  Status
                                      (ns)   (ns)     (ns)   (pF)                      (um)              
-- Clockpath trace --------------------------------------------------------------------------------------------
clk
-     -                        rise   -       0.100   0.004  0.020  (139.684,0.000)    -            2    
CTS_ccl_buf_01624/A
-     BUFx12f_ASAP7_75t_R      rise   0.012   0.112   0.031  -      (193.950,103.779)  158.045   -       
CTS_ccl_buf_01624/Y
-     BUFx12f_ASAP7_75t_R      rise   0.018   0.130   0.009  0.008  (194.238,103.779)    0.288      2    
CTS_ccl_buf_01623/A
-     BUFx10_ASAP7_75t_R       rise   0.003   0.133   0.012  -      (217.800,123.669)   43.452   -       
CTS_ccl_buf_01623/Y
-     BUFx10_ASAP7_75t_R       rise   0.019   0.151   0.016  0.015  (217.620,123.669)    0.180      3    
CTS_ccl_buf_01620/A
-     BUFx8_ASAP7_75t_R        rise   0.006   0.157   0.021  -      (247.464,186.939)   93.114   -       
CTS_ccl_buf_01620/Y
-     BUFx8_ASAP7_75t_R        rise   0.023   0.180   0.013  0.009  (247.644,186.939)    0.180      2    
CTS_cdb_buf_04712/A
-     BUFx4_ASAP7_75t_R        rise   0.003   0.183   0.016  -      (248.436,251.235)   65.088   -       
CTS_cdb_buf_04712/Y
-     BUFx4_ASAP7_75t_R        rise   0.019   0.203   0.007  0.001  (248.580,251.199)    0.180      1    
CTS_ccl_a_buf_01201/A
-     BUFx4_ASAP7_75t_R        rise   0.000   0.203   0.007  -      (248.976,253.773)    2.970   -       
CTS_ccl_a_buf_01201/Y
-     BUFx4_ASAP7_75t_R        rise   0.021   0.224   0.015  0.006  (249.120,253.809)    0.180      2    
u_apb_syscon/cg_icg__RC_CG_HIER_INST53/RC_CGIC_INST/CLK
-     ICGx3_ASAP7_75t_L        rise   0.001   0.224   0.015  -      (250.650,254.547)    2.268   -       
u_apb_syscon/cg_icg__RC_CG_HIER_INST53/RC_CGIC_INST/GCLK
-     ICGx3_ASAP7_75t_L        rise   0.015   0.239   0.015  0.007  (251.334,254.439)    0.792     10    
u_apb_syscon/clk_gate_reg_reg[0]/CLK
-     DFFASRHQNx1_ASAP7_75t_R  rise   0.000   0.240   0.015  -      (247.824,253.935)    4.014   -       
---------------------------------------------------------------------------------------------------------------

Timing for timing corner dc_ff:hold.early, max clock_path:
==========================================================

PathID    : 106
Path type : skew group _clock_gen_CLK_SYS_en_latch_reg_07/mode_func (path 1 of 1)
Start     : clk
End       : u_axi_to_apb_m_apb_paddr_reg[29]/CLK
Delay     :   0.253

---------------------------------------------------------------------------------------------------------------
Name  Lib cell                 Event  Incr   Arrival  Slew   Cap    Location           Distance  Fanout  Status
                                      (ns)   (ns)     (ns)   (pF)                      (um)              
-- Clockpath trace --------------------------------------------------------------------------------------------
clk
-     -                        rise   -       0.100   0.004  0.020  (139.684,0.000)    -            2    
CTS_ccl_buf_01624/A
-     BUFx12f_ASAP7_75t_R      rise   0.012   0.112   0.031  -      (193.950,103.779)  158.045   -       
CTS_ccl_buf_01624/Y
-     BUFx12f_ASAP7_75t_R      rise   0.018   0.130   0.009  0.008  (194.238,103.779)    0.288      2    
CTS_ccl_buf_01623/A
-     BUFx10_ASAP7_75t_R       rise   0.003   0.133   0.012  -      (217.800,123.669)   43.452   -       
CTS_ccl_buf_01623/Y
-     BUFx10_ASAP7_75t_R       rise   0.019   0.151   0.016  0.015  (217.620,123.669)    0.180      3    
CTS_ccl_buf_01620/A
-     BUFx8_ASAP7_75t_R        rise   0.006   0.157   0.021  -      (247.464,186.939)   93.114   -       
CTS_ccl_buf_01620/Y
-     BUFx8_ASAP7_75t_R        rise   0.023   0.180   0.013  0.009  (247.644,186.939)    0.180      2    
CTS_ccl_a_buf_01613/A
-     BUFx8_ASAP7_75t_R        rise   0.004   0.183   0.016  -      (248.364,254.349)   68.130   -       
CTS_ccl_a_buf_01613/Y
-     BUFx8_ASAP7_75t_R        rise   0.020   0.204   0.009  0.005  (248.184,254.349)    0.180      2    
CTS_ccl_buf_01605/A
-     BUFx8_ASAP7_75t_R        rise   0.001   0.204   0.009  -      (259.236,255.519)   12.222   -       
CTS_ccl_buf_01605/Y
-     BUFx8_ASAP7_75t_R        rise   0.018   0.223   0.010  0.008  (259.416,255.519)    0.180      2    
u_axi_to_apb_cg_icg__RC_CG_HIER_INST228/RC_CGIC_INST/CLK
-     ICGx8DC_ASAP7_75t_L      rise   0.000   0.223   0.011  -      (261.432,253.701)    3.834   -       
u_axi_to_apb_cg_icg__RC_CG_HIER_INST228/RC_CGIC_INST/GCLK
-     ICGx8DC_ASAP7_75t_L      rise   0.010   0.233   0.007  0.006  (261.612,253.809)    0.288      2    
CTS_ccl_a_buf_00513/A
-     BUFx10_ASAP7_75t_R       rise   0.001   0.234   0.007  -      (260.568,250.119)    4.734   -       
CTS_ccl_a_buf_00513/Y
-     BUFx10_ASAP7_75t_R       rise   0.017   0.251   0.015  0.013  (260.388,250.119)    0.180     20    
u_axi_to_apb_m_apb_paddr_reg[29]/CLK
-     DFFASRHQNx1_ASAP7_75t_R  rise   0.002   0.253   0.017  -      (258.894,239.733)   11.880   -       
---------------------------------------------------------------------------------------------------------------

Timing for timing corner dc_ff:hold.late, min clock_path:
=========================================================

PathID    : 107
Path type : skew group _clock_gen_CLK_SYS_en_latch_reg_07/mode_func (path 1 of 1)
Start     : clk
End       : u_apb_syscon/clk_gate_reg_reg[0]/CLK
Delay     :   0.291

---------------------------------------------------------------------------------------------------------------
Name  Lib cell                 Event  Incr   Arrival  Slew   Cap    Location           Distance  Fanout  Status
                                      (ns)   (ns)     (ns)   (pF)                      (um)              
-- Clockpath trace --------------------------------------------------------------------------------------------
clk
-     -                        rise   -       0.150   0.004  0.020  (139.684,0.000)    -            2    
CTS_ccl_buf_01624/A
-     BUFx12f_ASAP7_75t_R      rise   0.012   0.162   0.031  -      (193.950,103.779)  158.045   -       
CTS_ccl_buf_01624/Y
-     BUFx12f_ASAP7_75t_R      rise   0.018   0.180   0.009  0.008  (194.238,103.779)    0.288      2    
CTS_ccl_buf_01623/A
-     BUFx10_ASAP7_75t_R       rise   0.003   0.182   0.012  -      (217.800,123.669)   43.452   -       
CTS_ccl_buf_01623/Y
-     BUFx10_ASAP7_75t_R       rise   0.019   0.201   0.016  0.015  (217.620,123.669)    0.180      3    
CTS_ccl_buf_01620/A
-     BUFx8_ASAP7_75t_R        rise   0.006   0.207   0.022  -      (247.464,186.939)   93.114   -       
CTS_ccl_buf_01620/Y
-     BUFx8_ASAP7_75t_R        rise   0.023   0.230   0.013  0.009  (247.644,186.939)    0.180      2    
CTS_cdb_buf_04712/A
-     BUFx4_ASAP7_75t_R        rise   0.003   0.234   0.016  -      (248.436,251.235)   65.088   -       
CTS_cdb_buf_04712/Y
-     BUFx4_ASAP7_75t_R        rise   0.019   0.253   0.007  0.001  (248.580,251.199)    0.180      1    
CTS_ccl_a_buf_01201/A
-     BUFx4_ASAP7_75t_R        rise   0.000   0.253   0.007  -      (248.976,253.773)    2.970   -       
CTS_ccl_a_buf_01201/Y
-     BUFx4_ASAP7_75t_R        rise   0.021   0.274   0.015  0.006  (249.120,253.809)    0.180      2    
u_apb_syscon/cg_icg__RC_CG_HIER_INST53/RC_CGIC_INST/CLK
-     ICGx3_ASAP7_75t_L        rise   0.001   0.275   0.016  -      (250.650,254.547)    2.268   -       
u_apb_syscon/cg_icg__RC_CG_HIER_INST53/RC_CGIC_INST/GCLK
-     ICGx3_ASAP7_75t_L        rise   0.016   0.290   0.015  0.007  (251.334,254.439)    0.792     10    
u_apb_syscon/clk_gate_reg_reg[0]/CLK
-     DFFASRHQNx1_ASAP7_75t_R  rise   0.000   0.291   0.015  -      (247.824,253.935)    4.014   -       
---------------------------------------------------------------------------------------------------------------

Timing for timing corner dc_ff:hold.late, max clock_path:
=========================================================

PathID    : 108
Path type : skew group _clock_gen_CLK_SYS_en_latch_reg_07/mode_func (path 1 of 1)
Start     : clk
End       : u_axi_to_apb_m_apb_paddr_reg[30]/CLK
Delay     :   0.304

---------------------------------------------------------------------------------------------------------------
Name  Lib cell                 Event  Incr   Arrival  Slew   Cap    Location           Distance  Fanout  Status
                                      (ns)   (ns)     (ns)   (pF)                      (um)              
-- Clockpath trace --------------------------------------------------------------------------------------------
clk
-     -                        rise   -       0.150   0.004  0.020  (139.684,0.000)    -            2    
CTS_ccl_buf_01624/A
-     BUFx12f_ASAP7_75t_R      rise   0.012   0.162   0.031  -      (193.950,103.779)  158.045   -       
CTS_ccl_buf_01624/Y
-     BUFx12f_ASAP7_75t_R      rise   0.018   0.180   0.009  0.008  (194.238,103.779)    0.288      2    
CTS_ccl_buf_01623/A
-     BUFx10_ASAP7_75t_R       rise   0.003   0.182   0.012  -      (217.800,123.669)   43.452   -       
CTS_ccl_buf_01623/Y
-     BUFx10_ASAP7_75t_R       rise   0.019   0.201   0.016  0.015  (217.620,123.669)    0.180      3    
CTS_ccl_buf_01620/A
-     BUFx8_ASAP7_75t_R        rise   0.006   0.207   0.022  -      (247.464,186.939)   93.114   -       
CTS_ccl_buf_01620/Y
-     BUFx8_ASAP7_75t_R        rise   0.023   0.230   0.013  0.009  (247.644,186.939)    0.180      2    
CTS_ccl_a_buf_01613/A
-     BUFx8_ASAP7_75t_R        rise   0.003   0.234   0.016  -      (248.364,254.349)   68.130   -       
CTS_ccl_a_buf_01613/Y
-     BUFx8_ASAP7_75t_R        rise   0.020   0.254   0.009  0.005  (248.184,254.349)    0.180      2    
CTS_ccl_buf_01605/A
-     BUFx8_ASAP7_75t_R        rise   0.001   0.255   0.009  -      (259.236,255.519)   12.222   -       
CTS_ccl_buf_01605/Y
-     BUFx8_ASAP7_75t_R        rise   0.019   0.274   0.012  0.008  (259.416,255.519)    0.180      2    
u_axi_to_apb_cg_icg__RC_CG_HIER_INST228/RC_CGIC_INST/CLK
-     ICGx8DC_ASAP7_75t_L      rise   0.000   0.274   0.013  -      (261.432,253.701)    3.834   -       
u_axi_to_apb_cg_icg__RC_CG_HIER_INST228/RC_CGIC_INST/GCLK
-     ICGx8DC_ASAP7_75t_L      rise   0.010   0.285   0.007  0.006  (261.612,253.809)    0.288      2    
CTS_ccl_a_buf_00513/A
-     BUFx10_ASAP7_75t_R       rise   0.001   0.285   0.007  -      (260.568,250.119)    4.734   -       
CTS_ccl_a_buf_00513/Y
-     BUFx10_ASAP7_75t_R       rise   0.017   0.302   0.015  0.013  (260.388,250.119)    0.180     20    
u_axi_to_apb_m_apb_paddr_reg[30]/CLK
-     DFFASRHQNx1_ASAP7_75t_R  rise   0.002   0.304   0.018  -      (259.002,238.275)   13.230   -       
---------------------------------------------------------------------------------------------------------------

Timing for timing corner dc_ss:setup.early, min clock_path:
===========================================================

PathID    : 109
Path type : skew group _clock_gen_CLK_SYS_en_latch_reg_08/mode_func (path 1 of 1)
Start     : clk
End       : u_apb_syscon/clk_gate_reg_reg[2]/CLK
Delay     :   0.354

---------------------------------------------------------------------------------------------------------------
Name  Lib cell                 Event  Incr   Arrival  Slew   Cap    Location           Distance  Fanout  Status
                                      (ns)   (ns)     (ns)   (pF)                      (um)              
-- Clockpath trace --------------------------------------------------------------------------------------------
clk
-     -                        rise   -       0.100   0.004  0.019  (139.684,0.000)    -            2    
CTS_ccl_buf_01624/A
-     BUFx12f_ASAP7_75t_R      rise   0.015   0.115   0.038  -      (193.950,103.779)  158.045   -       
CTS_ccl_buf_01624/Y
-     BUFx12f_ASAP7_75t_R      rise   0.033   0.147   0.017  0.008  (194.238,103.779)    0.288      2    
CTS_ccl_buf_01623/A
-     BUFx10_ASAP7_75t_R       rise   0.003   0.150   0.019  -      (217.800,123.669)   43.452   -       
CTS_ccl_buf_01623/Y
-     BUFx10_ASAP7_75t_R       rise   0.037   0.188   0.032  0.014  (217.620,123.669)    0.180      3    
CTS_ccl_buf_01620/A
-     BUFx8_ASAP7_75t_R        rise   0.008   0.195   0.036  -      (247.464,186.939)   93.114   -       
CTS_ccl_buf_01620/Y
-     BUFx8_ASAP7_75t_R        rise   0.045   0.241   0.027  0.008  (247.644,186.939)    0.180      2    
CTS_cdb_buf_04712/A
-     BUFx4_ASAP7_75t_R        rise   0.004   0.245   0.029  -      (248.436,251.235)   65.088   -       
CTS_cdb_buf_04712/Y
-     BUFx4_ASAP7_75t_R        rise   0.038   0.283   0.014  0.001  (248.580,251.199)    0.180      1    
CTS_ccl_a_buf_01201/A
-     BUFx4_ASAP7_75t_R        rise   0.000   0.283   0.014  -      (248.976,253.773)    2.970   -       
CTS_ccl_a_buf_01201/Y
-     BUFx4_ASAP7_75t_R        rise   0.040   0.323   0.030  0.006  (249.120,253.809)    0.180      2    
u_apb_syscon/cg_icg__RC_CG_HIER_INST53/RC_CGIC_INST/CLK
-     ICGx3_ASAP7_75t_L        rise   0.001   0.324   0.031  -      (250.650,254.547)    2.268   -       
u_apb_syscon/cg_icg__RC_CG_HIER_INST53/RC_CGIC_INST/GCLK
-     ICGx3_ASAP7_75t_L        rise   0.030   0.353   0.027  0.006  (251.334,254.439)    0.792     10    
u_apb_syscon/clk_gate_reg_reg[2]/CLK
-     DFFASRHQNx1_ASAP7_75t_R  rise   0.000   0.354   0.028  -      (249.282,255.015)    2.628   -       
---------------------------------------------------------------------------------------------------------------

Timing for timing corner dc_ss:setup.early, max clock_path:
===========================================================

PathID    : 110
Path type : skew group _clock_gen_CLK_SYS_en_latch_reg_08/mode_func (path 1 of 1)
Start     : clk
End       : u_axi_to_apb_m_apb_paddr_reg[30]/CLK
Delay     :   0.378

---------------------------------------------------------------------------------------------------------------
Name  Lib cell                 Event  Incr   Arrival  Slew   Cap    Location           Distance  Fanout  Status
                                      (ns)   (ns)     (ns)   (pF)                      (um)              
-- Clockpath trace --------------------------------------------------------------------------------------------
clk
-     -                        rise   -       0.100   0.004  0.019  (139.684,0.000)    -            2    
CTS_ccl_buf_01624/A
-     BUFx12f_ASAP7_75t_R      rise   0.015   0.115   0.038  -      (193.950,103.779)  158.045   -       
CTS_ccl_buf_01624/Y
-     BUFx12f_ASAP7_75t_R      rise   0.033   0.147   0.017  0.008  (194.238,103.779)    0.288      2    
CTS_ccl_buf_01623/A
-     BUFx10_ASAP7_75t_R       rise   0.003   0.150   0.019  -      (217.800,123.669)   43.452   -       
CTS_ccl_buf_01623/Y
-     BUFx10_ASAP7_75t_R       rise   0.037   0.188   0.032  0.014  (217.620,123.669)    0.180      3    
CTS_ccl_buf_01620/A
-     BUFx8_ASAP7_75t_R        rise   0.008   0.195   0.036  -      (247.464,186.939)   93.114   -       
CTS_ccl_buf_01620/Y
-     BUFx8_ASAP7_75t_R        rise   0.045   0.241   0.027  0.008  (247.644,186.939)    0.180      2    
CTS_ccl_a_buf_01613/A
-     BUFx8_ASAP7_75t_R        rise   0.004   0.245   0.029  -      (248.364,254.349)   68.130   -       
CTS_ccl_a_buf_01613/Y
-     BUFx8_ASAP7_75t_R        rise   0.040   0.285   0.019  0.004  (248.184,254.349)    0.180      2    
CTS_ccl_buf_01605/A
-     BUFx8_ASAP7_75t_R        rise   0.001   0.285   0.019  -      (259.236,255.519)   12.222   -       
CTS_ccl_buf_01605/Y
-     BUFx8_ASAP7_75t_R        rise   0.036   0.322   0.021  0.007  (259.416,255.519)    0.180      2    
u_axi_to_apb_cg_icg__RC_CG_HIER_INST228/RC_CGIC_INST/CLK
-     ICGx8DC_ASAP7_75t_L      rise   0.000   0.322   0.021  -      (261.432,253.701)    3.834   -       
u_axi_to_apb_cg_icg__RC_CG_HIER_INST228/RC_CGIC_INST/GCLK
-     ICGx8DC_ASAP7_75t_L      rise   0.019   0.341   0.013  0.005  (261.612,253.809)    0.288      2    
CTS_ccl_a_buf_00513/A
-     BUFx10_ASAP7_75t_R       rise   0.001   0.342   0.013  -      (260.568,250.119)    4.734   -       
CTS_ccl_a_buf_00513/Y
-     BUFx10_ASAP7_75t_R       rise   0.033   0.375   0.027  0.012  (260.388,250.119)    0.180     20    
u_axi_to_apb_m_apb_paddr_reg[30]/CLK
-     DFFASRHQNx1_ASAP7_75t_R  rise   0.003   0.378   0.029  -      (259.002,238.275)   13.230   -       
---------------------------------------------------------------------------------------------------------------

Timing for timing corner dc_ss:setup.late, min clock_path:
==========================================================

PathID    : 111
Path type : skew group _clock_gen_CLK_SYS_en_latch_reg_08/mode_func (path 1 of 1)
Start     : clk
End       : u_apb_syscon/clk_gate_reg_reg[2]/CLK
Delay     :   0.404

---------------------------------------------------------------------------------------------------------------
Name  Lib cell                 Event  Incr   Arrival  Slew   Cap    Location           Distance  Fanout  Status
                                      (ns)   (ns)     (ns)   (pF)                      (um)              
-- Clockpath trace --------------------------------------------------------------------------------------------
clk
-     -                        rise   -       0.150   0.004  0.019  (139.684,0.000)    -            2    
CTS_ccl_buf_01624/A
-     BUFx12f_ASAP7_75t_R      rise   0.015   0.165   0.038  -      (193.950,103.779)  158.045   -       
CTS_ccl_buf_01624/Y
-     BUFx12f_ASAP7_75t_R      rise   0.033   0.198   0.017  0.008  (194.238,103.779)    0.288      2    
CTS_ccl_buf_01623/A
-     BUFx10_ASAP7_75t_R       rise   0.003   0.200   0.019  -      (217.800,123.669)   43.452   -       
CTS_ccl_buf_01623/Y
-     BUFx10_ASAP7_75t_R       rise   0.037   0.237   0.032  0.014  (217.620,123.669)    0.180      3    
CTS_ccl_buf_01620/A
-     BUFx8_ASAP7_75t_R        rise   0.008   0.245   0.037  -      (247.464,186.939)   93.114   -       
CTS_ccl_buf_01620/Y
-     BUFx8_ASAP7_75t_R        rise   0.045   0.291   0.027  0.008  (247.644,186.939)    0.180      2    
CTS_cdb_buf_04712/A
-     BUFx4_ASAP7_75t_R        rise   0.004   0.295   0.029  -      (248.436,251.235)   65.088   -       
CTS_cdb_buf_04712/Y
-     BUFx4_ASAP7_75t_R        rise   0.038   0.333   0.014  0.001  (248.580,251.199)    0.180      1    
CTS_ccl_a_buf_01201/A
-     BUFx4_ASAP7_75t_R        rise   0.000   0.333   0.014  -      (248.976,253.773)    2.970   -       
CTS_ccl_a_buf_01201/Y
-     BUFx4_ASAP7_75t_R        rise   0.041   0.374   0.032  0.006  (249.120,253.809)    0.180      2    
u_apb_syscon/cg_icg__RC_CG_HIER_INST53/RC_CGIC_INST/CLK
-     ICGx3_ASAP7_75t_L        rise   0.001   0.374   0.032  -      (250.650,254.547)    2.268   -       
u_apb_syscon/cg_icg__RC_CG_HIER_INST53/RC_CGIC_INST/GCLK
-     ICGx3_ASAP7_75t_L        rise   0.030   0.404   0.028  0.006  (251.334,254.439)    0.792     10    
u_apb_syscon/clk_gate_reg_reg[2]/CLK
-     DFFASRHQNx1_ASAP7_75t_R  rise   0.000   0.404   0.029  -      (249.282,255.015)    2.628   -       
---------------------------------------------------------------------------------------------------------------

Timing for timing corner dc_ss:setup.late, max clock_path:
==========================================================

PathID    : 112
Path type : skew group _clock_gen_CLK_SYS_en_latch_reg_08/mode_func (path 1 of 1)
Start     : clk
End       : u_axi_to_apb_m_apb_paddr_reg[30]/CLK
Delay     :   0.429

---------------------------------------------------------------------------------------------------------------
Name  Lib cell                 Event  Incr   Arrival  Slew   Cap    Location           Distance  Fanout  Status
                                      (ns)   (ns)     (ns)   (pF)                      (um)              
-- Clockpath trace --------------------------------------------------------------------------------------------
clk
-     -                        rise   -       0.150   0.004  0.019  (139.684,0.000)    -            2    
CTS_ccl_buf_01624/A
-     BUFx12f_ASAP7_75t_R      rise   0.015   0.165   0.038  -      (193.950,103.779)  158.045   -       
CTS_ccl_buf_01624/Y
-     BUFx12f_ASAP7_75t_R      rise   0.033   0.198   0.017  0.008  (194.238,103.779)    0.288      2    
CTS_ccl_buf_01623/A
-     BUFx10_ASAP7_75t_R       rise   0.003   0.200   0.019  -      (217.800,123.669)   43.452   -       
CTS_ccl_buf_01623/Y
-     BUFx10_ASAP7_75t_R       rise   0.037   0.237   0.032  0.014  (217.620,123.669)    0.180      3    
CTS_ccl_buf_01620/A
-     BUFx8_ASAP7_75t_R        rise   0.008   0.245   0.037  -      (247.464,186.939)   93.114   -       
CTS_ccl_buf_01620/Y
-     BUFx8_ASAP7_75t_R        rise   0.045   0.291   0.027  0.008  (247.644,186.939)    0.180      2    
CTS_ccl_a_buf_01613/A
-     BUFx8_ASAP7_75t_R        rise   0.004   0.295   0.029  -      (248.364,254.349)   68.130   -       
CTS_ccl_a_buf_01613/Y
-     BUFx8_ASAP7_75t_R        rise   0.040   0.335   0.019  0.004  (248.184,254.349)    0.180      2    
CTS_ccl_buf_01605/A
-     BUFx8_ASAP7_75t_R        rise   0.001   0.335   0.019  -      (259.236,255.519)   12.222   -       
CTS_ccl_buf_01605/Y
-     BUFx8_ASAP7_75t_R        rise   0.037   0.372   0.024  0.007  (259.416,255.519)    0.180      2    
u_axi_to_apb_cg_icg__RC_CG_HIER_INST228/RC_CGIC_INST/CLK
-     ICGx8DC_ASAP7_75t_L      rise   0.000   0.373   0.024  -      (261.432,253.701)    3.834   -       
u_axi_to_apb_cg_icg__RC_CG_HIER_INST228/RC_CGIC_INST/GCLK
-     ICGx8DC_ASAP7_75t_L      rise   0.020   0.393   0.013  0.005  (261.612,253.809)    0.288      2    
CTS_ccl_a_buf_00513/A
-     BUFx10_ASAP7_75t_R       rise   0.001   0.393   0.013  -      (260.568,250.119)    4.734   -       
CTS_ccl_a_buf_00513/Y
-     BUFx10_ASAP7_75t_R       rise   0.033   0.426   0.027  0.012  (260.388,250.119)    0.180     20    
u_axi_to_apb_m_apb_paddr_reg[30]/CLK
-     DFFASRHQNx1_ASAP7_75t_R  rise   0.003   0.429   0.030  -      (259.002,238.275)   13.230   -       
---------------------------------------------------------------------------------------------------------------

Timing for timing corner dc_tt:both.early, min clock_path:
==========================================================

PathID    : 113
Path type : skew group _clock_gen_CLK_SYS_en_latch_reg_08/mode_func (path 1 of 1)
Start     : clk
End       : u_apb_syscon/clk_gate_reg_reg[2]/CLK
Delay     :   0.280

---------------------------------------------------------------------------------------------------------------
Name  Lib cell                 Event  Incr   Arrival  Slew   Cap    Location           Distance  Fanout  Status
                                      (ns)   (ns)     (ns)   (pF)                      (um)              
-- Clockpath trace --------------------------------------------------------------------------------------------
clk
-     -                        rise   -       0.100   0.004  0.019  (139.684,0.000)    -            2    
CTS_ccl_buf_01624/A
-     BUFx12f_ASAP7_75t_R      rise   0.013   0.113   0.032  -      (193.950,103.779)  158.045   -       
CTS_ccl_buf_01624/Y
-     BUFx12f_ASAP7_75t_R      rise   0.023   0.136   0.012  0.008  (194.238,103.779)    0.288      2    
CTS_ccl_buf_01623/A
-     BUFx10_ASAP7_75t_R       rise   0.003   0.139   0.014  -      (217.800,123.669)   43.452   -       
CTS_ccl_buf_01623/Y
-     BUFx10_ASAP7_75t_R       rise   0.025   0.164   0.021  0.015  (217.620,123.669)    0.180      3    
CTS_ccl_buf_01620/A
-     BUFx8_ASAP7_75t_R        rise   0.007   0.170   0.026  -      (247.464,186.939)   93.114   -       
CTS_ccl_buf_01620/Y
-     BUFx8_ASAP7_75t_R        rise   0.031   0.201   0.018  0.009  (247.644,186.939)    0.180      2    
CTS_cdb_buf_04712/A
-     BUFx4_ASAP7_75t_R        rise   0.004   0.205   0.020  -      (248.436,251.235)   65.088   -       
CTS_cdb_buf_04712/Y
-     BUFx4_ASAP7_75t_R        rise   0.026   0.231   0.009  0.001  (248.580,251.199)    0.180      1    
CTS_ccl_a_buf_01201/A
-     BUFx4_ASAP7_75t_R        rise   0.000   0.231   0.009  -      (248.976,253.773)    2.970   -       
CTS_ccl_a_buf_01201/Y
-     BUFx4_ASAP7_75t_R        rise   0.028   0.259   0.020  0.006  (249.120,253.809)    0.180      2    
u_apb_syscon/cg_icg__RC_CG_HIER_INST53/RC_CGIC_INST/CLK
-     ICGx3_ASAP7_75t_L        rise   0.000   0.260   0.021  -      (250.650,254.547)    2.268   -       
u_apb_syscon/cg_icg__RC_CG_HIER_INST53/RC_CGIC_INST/GCLK
-     ICGx3_ASAP7_75t_L        rise   0.021   0.280   0.019  0.006  (251.334,254.439)    0.792     10    
u_apb_syscon/clk_gate_reg_reg[2]/CLK
-     DFFASRHQNx1_ASAP7_75t_R  rise   0.000   0.280   0.019  -      (249.282,255.015)    2.628   -       
---------------------------------------------------------------------------------------------------------------

Timing for timing corner dc_tt:both.early, max clock_path:
==========================================================

PathID    : 114
Path type : skew group _clock_gen_CLK_SYS_en_latch_reg_08/mode_func (path 1 of 1)
Start     : clk
End       : u_axi_to_apb_m_apb_paddr_reg[29]/CLK
Delay     :   0.298

---------------------------------------------------------------------------------------------------------------
Name  Lib cell                 Event  Incr   Arrival  Slew   Cap    Location           Distance  Fanout  Status
                                      (ns)   (ns)     (ns)   (pF)                      (um)              
-- Clockpath trace --------------------------------------------------------------------------------------------
clk
-     -                        rise   -       0.100   0.004  0.019  (139.684,0.000)    -            2    
CTS_ccl_buf_01624/A
-     BUFx12f_ASAP7_75t_R      rise   0.013   0.113   0.032  -      (193.950,103.779)  158.045   -       
CTS_ccl_buf_01624/Y
-     BUFx12f_ASAP7_75t_R      rise   0.023   0.136   0.012  0.008  (194.238,103.779)    0.288      2    
CTS_ccl_buf_01623/A
-     BUFx10_ASAP7_75t_R       rise   0.003   0.139   0.014  -      (217.800,123.669)   43.452   -       
CTS_ccl_buf_01623/Y
-     BUFx10_ASAP7_75t_R       rise   0.025   0.164   0.021  0.015  (217.620,123.669)    0.180      3    
CTS_ccl_buf_01620/A
-     BUFx8_ASAP7_75t_R        rise   0.007   0.170   0.026  -      (247.464,186.939)   93.114   -       
CTS_ccl_buf_01620/Y
-     BUFx8_ASAP7_75t_R        rise   0.031   0.201   0.018  0.009  (247.644,186.939)    0.180      2    
CTS_ccl_a_buf_01613/A
-     BUFx8_ASAP7_75t_R        rise   0.004   0.205   0.020  -      (248.364,254.349)   68.130   -       
CTS_ccl_a_buf_01613/Y
-     BUFx8_ASAP7_75t_R        rise   0.027   0.232   0.013  0.004  (248.184,254.349)    0.180      2    
CTS_ccl_buf_01605/A
-     BUFx8_ASAP7_75t_R        rise   0.001   0.233   0.013  -      (259.236,255.519)   12.222   -       
CTS_ccl_buf_01605/Y
-     BUFx8_ASAP7_75t_R        rise   0.025   0.258   0.014  0.007  (259.416,255.519)    0.180      2    
u_axi_to_apb_cg_icg__RC_CG_HIER_INST228/RC_CGIC_INST/CLK
-     ICGx8DC_ASAP7_75t_L      rise   0.000   0.259   0.014  -      (261.432,253.701)    3.834   -       
u_axi_to_apb_cg_icg__RC_CG_HIER_INST228/RC_CGIC_INST/GCLK
-     ICGx8DC_ASAP7_75t_L      rise   0.013   0.272   0.009  0.005  (261.612,253.809)    0.288      2    
CTS_ccl_a_buf_00513/A
-     BUFx10_ASAP7_75t_R       rise   0.001   0.273   0.009  -      (260.568,250.119)    4.734   -       
CTS_ccl_a_buf_00513/Y
-     BUFx10_ASAP7_75t_R       rise   0.023   0.295   0.019  0.013  (260.388,250.119)    0.180     20    
u_axi_to_apb_m_apb_paddr_reg[29]/CLK
-     DFFASRHQNx1_ASAP7_75t_R  rise   0.002   0.298   0.020  -      (258.894,239.733)   11.880   -       
---------------------------------------------------------------------------------------------------------------

Timing for timing corner dc_tt:both.late, min clock_path:
=========================================================

PathID    : 115
Path type : skew group _clock_gen_CLK_SYS_en_latch_reg_08/mode_func (path 1 of 1)
Start     : clk
End       : u_apb_syscon/clk_gate_reg_reg[2]/CLK
Delay     :   0.331

---------------------------------------------------------------------------------------------------------------
Name  Lib cell                 Event  Incr   Arrival  Slew   Cap    Location           Distance  Fanout  Status
                                      (ns)   (ns)     (ns)   (pF)                      (um)              
-- Clockpath trace --------------------------------------------------------------------------------------------
clk
-     -                        rise   -       0.150   0.004  0.019  (139.684,0.000)    -            2    
CTS_ccl_buf_01624/A
-     BUFx12f_ASAP7_75t_R      rise   0.013   0.163   0.032  -      (193.950,103.779)  158.045   -       
CTS_ccl_buf_01624/Y
-     BUFx12f_ASAP7_75t_R      rise   0.023   0.186   0.012  0.008  (194.238,103.779)    0.288      2    
CTS_ccl_buf_01623/A
-     BUFx10_ASAP7_75t_R       rise   0.003   0.189   0.014  -      (217.800,123.669)   43.452   -       
CTS_ccl_buf_01623/Y
-     BUFx10_ASAP7_75t_R       rise   0.025   0.214   0.021  0.015  (217.620,123.669)    0.180      3    
CTS_ccl_buf_01620/A
-     BUFx8_ASAP7_75t_R        rise   0.007   0.220   0.026  -      (247.464,186.939)   93.114   -       
CTS_ccl_buf_01620/Y
-     BUFx8_ASAP7_75t_R        rise   0.031   0.251   0.018  0.009  (247.644,186.939)    0.180      2    
CTS_cdb_buf_04712/A
-     BUFx4_ASAP7_75t_R        rise   0.004   0.255   0.020  -      (248.436,251.235)   65.088   -       
CTS_cdb_buf_04712/Y
-     BUFx4_ASAP7_75t_R        rise   0.026   0.281   0.009  0.001  (248.580,251.199)    0.180      1    
CTS_ccl_a_buf_01201/A
-     BUFx4_ASAP7_75t_R        rise   0.000   0.281   0.009  -      (248.976,253.773)    2.970   -       
CTS_ccl_a_buf_01201/Y
-     BUFx4_ASAP7_75t_R        rise   0.028   0.309   0.021  0.006  (249.120,253.809)    0.180      2    
u_apb_syscon/cg_icg__RC_CG_HIER_INST53/RC_CGIC_INST/CLK
-     ICGx3_ASAP7_75t_L        rise   0.001   0.310   0.021  -      (250.650,254.547)    2.268   -       
u_apb_syscon/cg_icg__RC_CG_HIER_INST53/RC_CGIC_INST/GCLK
-     ICGx3_ASAP7_75t_L        rise   0.021   0.331   0.019  0.006  (251.334,254.439)    0.792     10    
u_apb_syscon/clk_gate_reg_reg[2]/CLK
-     DFFASRHQNx1_ASAP7_75t_R  rise   0.000   0.331   0.020  -      (249.282,255.015)    2.628   -       
---------------------------------------------------------------------------------------------------------------

Timing for timing corner dc_tt:both.late, max clock_path:
=========================================================

PathID    : 116
Path type : skew group _clock_gen_CLK_SYS_en_latch_reg_08/mode_func (path 1 of 1)
Start     : clk
End       : u_axi_to_apb_m_apb_paddr_reg[30]/CLK
Delay     :   0.349

---------------------------------------------------------------------------------------------------------------
Name  Lib cell                 Event  Incr   Arrival  Slew   Cap    Location           Distance  Fanout  Status
                                      (ns)   (ns)     (ns)   (pF)                      (um)              
-- Clockpath trace --------------------------------------------------------------------------------------------
clk
-     -                        rise   -       0.150   0.004  0.019  (139.684,0.000)    -            2    
CTS_ccl_buf_01624/A
-     BUFx12f_ASAP7_75t_R      rise   0.013   0.163   0.032  -      (193.950,103.779)  158.045   -       
CTS_ccl_buf_01624/Y
-     BUFx12f_ASAP7_75t_R      rise   0.023   0.186   0.012  0.008  (194.238,103.779)    0.288      2    
CTS_ccl_buf_01623/A
-     BUFx10_ASAP7_75t_R       rise   0.003   0.189   0.014  -      (217.800,123.669)   43.452   -       
CTS_ccl_buf_01623/Y
-     BUFx10_ASAP7_75t_R       rise   0.025   0.214   0.021  0.015  (217.620,123.669)    0.180      3    
CTS_ccl_buf_01620/A
-     BUFx8_ASAP7_75t_R        rise   0.007   0.220   0.026  -      (247.464,186.939)   93.114   -       
CTS_ccl_buf_01620/Y
-     BUFx8_ASAP7_75t_R        rise   0.031   0.251   0.018  0.009  (247.644,186.939)    0.180      2    
CTS_ccl_a_buf_01613/A
-     BUFx8_ASAP7_75t_R        rise   0.004   0.255   0.020  -      (248.364,254.349)   68.130   -       
CTS_ccl_a_buf_01613/Y
-     BUFx8_ASAP7_75t_R        rise   0.027   0.282   0.013  0.004  (248.184,254.349)    0.180      2    
CTS_ccl_buf_01605/A
-     BUFx8_ASAP7_75t_R        rise   0.001   0.283   0.013  -      (259.236,255.519)   12.222   -       
CTS_ccl_buf_01605/Y
-     BUFx8_ASAP7_75t_R        rise   0.026   0.309   0.016  0.007  (259.416,255.519)    0.180      2    
u_axi_to_apb_cg_icg__RC_CG_HIER_INST228/RC_CGIC_INST/CLK
-     ICGx8DC_ASAP7_75t_L      rise   0.000   0.309   0.016  -      (261.432,253.701)    3.834   -       
u_axi_to_apb_cg_icg__RC_CG_HIER_INST228/RC_CGIC_INST/GCLK
-     ICGx8DC_ASAP7_75t_L      rise   0.014   0.323   0.009  0.005  (261.612,253.809)    0.288      2    
CTS_ccl_a_buf_00513/A
-     BUFx10_ASAP7_75t_R       rise   0.001   0.324   0.009  -      (260.568,250.119)    4.734   -       
CTS_ccl_a_buf_00513/Y
-     BUFx10_ASAP7_75t_R       rise   0.023   0.347   0.019  0.013  (260.388,250.119)    0.180     20    
u_axi_to_apb_m_apb_paddr_reg[30]/CLK
-     DFFASRHQNx1_ASAP7_75t_R  rise   0.002   0.349   0.021  -      (259.002,238.275)   13.230   -       
---------------------------------------------------------------------------------------------------------------

Timing for timing corner dc_ff:hold.early, min clock_path:
==========================================================

PathID    : 117
Path type : skew group _clock_gen_CLK_SYS_en_latch_reg_08/mode_func (path 1 of 1)
Start     : clk
End       : u_apb_syscon/clk_gate_reg_reg[2]/CLK
Delay     :   0.240

---------------------------------------------------------------------------------------------------------------
Name  Lib cell                 Event  Incr   Arrival  Slew   Cap    Location           Distance  Fanout  Status
                                      (ns)   (ns)     (ns)   (pF)                      (um)              
-- Clockpath trace --------------------------------------------------------------------------------------------
clk
-     -                        rise   -       0.100   0.004  0.020  (139.684,0.000)    -            2    
CTS_ccl_buf_01624/A
-     BUFx12f_ASAP7_75t_R      rise   0.012   0.112   0.031  -      (193.950,103.779)  158.045   -       
CTS_ccl_buf_01624/Y
-     BUFx12f_ASAP7_75t_R      rise   0.018   0.130   0.009  0.008  (194.238,103.779)    0.288      2    
CTS_ccl_buf_01623/A
-     BUFx10_ASAP7_75t_R       rise   0.003   0.133   0.012  -      (217.800,123.669)   43.452   -       
CTS_ccl_buf_01623/Y
-     BUFx10_ASAP7_75t_R       rise   0.019   0.151   0.016  0.015  (217.620,123.669)    0.180      3    
CTS_ccl_buf_01620/A
-     BUFx8_ASAP7_75t_R        rise   0.006   0.157   0.021  -      (247.464,186.939)   93.114   -       
CTS_ccl_buf_01620/Y
-     BUFx8_ASAP7_75t_R        rise   0.023   0.180   0.013  0.009  (247.644,186.939)    0.180      2    
CTS_cdb_buf_04712/A
-     BUFx4_ASAP7_75t_R        rise   0.003   0.183   0.016  -      (248.436,251.235)   65.088   -       
CTS_cdb_buf_04712/Y
-     BUFx4_ASAP7_75t_R        rise   0.019   0.203   0.007  0.001  (248.580,251.199)    0.180      1    
CTS_ccl_a_buf_01201/A
-     BUFx4_ASAP7_75t_R        rise   0.000   0.203   0.007  -      (248.976,253.773)    2.970   -       
CTS_ccl_a_buf_01201/Y
-     BUFx4_ASAP7_75t_R        rise   0.021   0.224   0.015  0.006  (249.120,253.809)    0.180      2    
u_apb_syscon/cg_icg__RC_CG_HIER_INST53/RC_CGIC_INST/CLK
-     ICGx3_ASAP7_75t_L        rise   0.001   0.224   0.015  -      (250.650,254.547)    2.268   -       
u_apb_syscon/cg_icg__RC_CG_HIER_INST53/RC_CGIC_INST/GCLK
-     ICGx3_ASAP7_75t_L        rise   0.015   0.239   0.015  0.007  (251.334,254.439)    0.792     10    
u_apb_syscon/clk_gate_reg_reg[2]/CLK
-     DFFASRHQNx1_ASAP7_75t_R  rise   0.000   0.240   0.015  -      (249.282,255.015)    2.628   -       
---------------------------------------------------------------------------------------------------------------

Timing for timing corner dc_ff:hold.early, max clock_path:
==========================================================

PathID    : 118
Path type : skew group _clock_gen_CLK_SYS_en_latch_reg_08/mode_func (path 1 of 1)
Start     : clk
End       : u_axi_to_apb_m_apb_paddr_reg[29]/CLK
Delay     :   0.253

---------------------------------------------------------------------------------------------------------------
Name  Lib cell                 Event  Incr   Arrival  Slew   Cap    Location           Distance  Fanout  Status
                                      (ns)   (ns)     (ns)   (pF)                      (um)              
-- Clockpath trace --------------------------------------------------------------------------------------------
clk
-     -                        rise   -       0.100   0.004  0.020  (139.684,0.000)    -            2    
CTS_ccl_buf_01624/A
-     BUFx12f_ASAP7_75t_R      rise   0.012   0.112   0.031  -      (193.950,103.779)  158.045   -       
CTS_ccl_buf_01624/Y
-     BUFx12f_ASAP7_75t_R      rise   0.018   0.130   0.009  0.008  (194.238,103.779)    0.288      2    
CTS_ccl_buf_01623/A
-     BUFx10_ASAP7_75t_R       rise   0.003   0.133   0.012  -      (217.800,123.669)   43.452   -       
CTS_ccl_buf_01623/Y
-     BUFx10_ASAP7_75t_R       rise   0.019   0.151   0.016  0.015  (217.620,123.669)    0.180      3    
CTS_ccl_buf_01620/A
-     BUFx8_ASAP7_75t_R        rise   0.006   0.157   0.021  -      (247.464,186.939)   93.114   -       
CTS_ccl_buf_01620/Y
-     BUFx8_ASAP7_75t_R        rise   0.023   0.180   0.013  0.009  (247.644,186.939)    0.180      2    
CTS_ccl_a_buf_01613/A
-     BUFx8_ASAP7_75t_R        rise   0.004   0.183   0.016  -      (248.364,254.349)   68.130   -       
CTS_ccl_a_buf_01613/Y
-     BUFx8_ASAP7_75t_R        rise   0.020   0.204   0.009  0.005  (248.184,254.349)    0.180      2    
CTS_ccl_buf_01605/A
-     BUFx8_ASAP7_75t_R        rise   0.001   0.204   0.009  -      (259.236,255.519)   12.222   -       
CTS_ccl_buf_01605/Y
-     BUFx8_ASAP7_75t_R        rise   0.018   0.223   0.010  0.008  (259.416,255.519)    0.180      2    
u_axi_to_apb_cg_icg__RC_CG_HIER_INST228/RC_CGIC_INST/CLK
-     ICGx8DC_ASAP7_75t_L      rise   0.000   0.223   0.011  -      (261.432,253.701)    3.834   -       
u_axi_to_apb_cg_icg__RC_CG_HIER_INST228/RC_CGIC_INST/GCLK
-     ICGx8DC_ASAP7_75t_L      rise   0.010   0.233   0.007  0.006  (261.612,253.809)    0.288      2    
CTS_ccl_a_buf_00513/A
-     BUFx10_ASAP7_75t_R       rise   0.001   0.234   0.007  -      (260.568,250.119)    4.734   -       
CTS_ccl_a_buf_00513/Y
-     BUFx10_ASAP7_75t_R       rise   0.017   0.251   0.015  0.013  (260.388,250.119)    0.180     20    
u_axi_to_apb_m_apb_paddr_reg[29]/CLK
-     DFFASRHQNx1_ASAP7_75t_R  rise   0.002   0.253   0.017  -      (258.894,239.733)   11.880   -       
---------------------------------------------------------------------------------------------------------------

Timing for timing corner dc_ff:hold.late, min clock_path:
=========================================================

PathID    : 119
Path type : skew group _clock_gen_CLK_SYS_en_latch_reg_08/mode_func (path 1 of 1)
Start     : clk
End       : u_apb_syscon/clk_gate_reg_reg[2]/CLK
Delay     :   0.291

---------------------------------------------------------------------------------------------------------------
Name  Lib cell                 Event  Incr   Arrival  Slew   Cap    Location           Distance  Fanout  Status
                                      (ns)   (ns)     (ns)   (pF)                      (um)              
-- Clockpath trace --------------------------------------------------------------------------------------------
clk
-     -                        rise   -       0.150   0.004  0.020  (139.684,0.000)    -            2    
CTS_ccl_buf_01624/A
-     BUFx12f_ASAP7_75t_R      rise   0.012   0.162   0.031  -      (193.950,103.779)  158.045   -       
CTS_ccl_buf_01624/Y
-     BUFx12f_ASAP7_75t_R      rise   0.018   0.180   0.009  0.008  (194.238,103.779)    0.288      2    
CTS_ccl_buf_01623/A
-     BUFx10_ASAP7_75t_R       rise   0.003   0.182   0.012  -      (217.800,123.669)   43.452   -       
CTS_ccl_buf_01623/Y
-     BUFx10_ASAP7_75t_R       rise   0.019   0.201   0.016  0.015  (217.620,123.669)    0.180      3    
CTS_ccl_buf_01620/A
-     BUFx8_ASAP7_75t_R        rise   0.006   0.207   0.022  -      (247.464,186.939)   93.114   -       
CTS_ccl_buf_01620/Y
-     BUFx8_ASAP7_75t_R        rise   0.023   0.230   0.013  0.009  (247.644,186.939)    0.180      2    
CTS_cdb_buf_04712/A
-     BUFx4_ASAP7_75t_R        rise   0.003   0.234   0.016  -      (248.436,251.235)   65.088   -       
CTS_cdb_buf_04712/Y
-     BUFx4_ASAP7_75t_R        rise   0.019   0.253   0.007  0.001  (248.580,251.199)    0.180      1    
CTS_ccl_a_buf_01201/A
-     BUFx4_ASAP7_75t_R        rise   0.000   0.253   0.007  -      (248.976,253.773)    2.970   -       
CTS_ccl_a_buf_01201/Y
-     BUFx4_ASAP7_75t_R        rise   0.021   0.274   0.015  0.006  (249.120,253.809)    0.180      2    
u_apb_syscon/cg_icg__RC_CG_HIER_INST53/RC_CGIC_INST/CLK
-     ICGx3_ASAP7_75t_L        rise   0.001   0.275   0.016  -      (250.650,254.547)    2.268   -       
u_apb_syscon/cg_icg__RC_CG_HIER_INST53/RC_CGIC_INST/GCLK
-     ICGx3_ASAP7_75t_L        rise   0.016   0.290   0.015  0.007  (251.334,254.439)    0.792     10    
u_apb_syscon/clk_gate_reg_reg[2]/CLK
-     DFFASRHQNx1_ASAP7_75t_R  rise   0.000   0.291   0.015  -      (249.282,255.015)    2.628   -       
---------------------------------------------------------------------------------------------------------------

Timing for timing corner dc_ff:hold.late, max clock_path:
=========================================================

PathID    : 120
Path type : skew group _clock_gen_CLK_SYS_en_latch_reg_08/mode_func (path 1 of 1)
Start     : clk
End       : u_axi_to_apb_m_apb_paddr_reg[30]/CLK
Delay     :   0.304

---------------------------------------------------------------------------------------------------------------
Name  Lib cell                 Event  Incr   Arrival  Slew   Cap    Location           Distance  Fanout  Status
                                      (ns)   (ns)     (ns)   (pF)                      (um)              
-- Clockpath trace --------------------------------------------------------------------------------------------
clk
-     -                        rise   -       0.150   0.004  0.020  (139.684,0.000)    -            2    
CTS_ccl_buf_01624/A
-     BUFx12f_ASAP7_75t_R      rise   0.012   0.162   0.031  -      (193.950,103.779)  158.045   -       
CTS_ccl_buf_01624/Y
-     BUFx12f_ASAP7_75t_R      rise   0.018   0.180   0.009  0.008  (194.238,103.779)    0.288      2    
CTS_ccl_buf_01623/A
-     BUFx10_ASAP7_75t_R       rise   0.003   0.182   0.012  -      (217.800,123.669)   43.452   -       
CTS_ccl_buf_01623/Y
-     BUFx10_ASAP7_75t_R       rise   0.019   0.201   0.016  0.015  (217.620,123.669)    0.180      3    
CTS_ccl_buf_01620/A
-     BUFx8_ASAP7_75t_R        rise   0.006   0.207   0.022  -      (247.464,186.939)   93.114   -       
CTS_ccl_buf_01620/Y
-     BUFx8_ASAP7_75t_R        rise   0.023   0.230   0.013  0.009  (247.644,186.939)    0.180      2    
CTS_ccl_a_buf_01613/A
-     BUFx8_ASAP7_75t_R        rise   0.003   0.234   0.016  -      (248.364,254.349)   68.130   -       
CTS_ccl_a_buf_01613/Y
-     BUFx8_ASAP7_75t_R        rise   0.020   0.254   0.009  0.005  (248.184,254.349)    0.180      2    
CTS_ccl_buf_01605/A
-     BUFx8_ASAP7_75t_R        rise   0.001   0.255   0.009  -      (259.236,255.519)   12.222   -       
CTS_ccl_buf_01605/Y
-     BUFx8_ASAP7_75t_R        rise   0.019   0.274   0.012  0.008  (259.416,255.519)    0.180      2    
u_axi_to_apb_cg_icg__RC_CG_HIER_INST228/RC_CGIC_INST/CLK
-     ICGx8DC_ASAP7_75t_L      rise   0.000   0.274   0.013  -      (261.432,253.701)    3.834   -       
u_axi_to_apb_cg_icg__RC_CG_HIER_INST228/RC_CGIC_INST/GCLK
-     ICGx8DC_ASAP7_75t_L      rise   0.010   0.285   0.007  0.006  (261.612,253.809)    0.288      2    
CTS_ccl_a_buf_00513/A
-     BUFx10_ASAP7_75t_R       rise   0.001   0.285   0.007  -      (260.568,250.119)    4.734   -       
CTS_ccl_a_buf_00513/Y
-     BUFx10_ASAP7_75t_R       rise   0.017   0.302   0.015  0.013  (260.388,250.119)    0.180     20    
u_axi_to_apb_m_apb_paddr_reg[30]/CLK
-     DFFASRHQNx1_ASAP7_75t_R  rise   0.002   0.304   0.018  -      (259.002,238.275)   13.230   -       
---------------------------------------------------------------------------------------------------------------

Timing for timing corner dc_ss:setup.early, min clock_path:
===========================================================

PathID    : 121
Path type : skew group _clock_gen_CLK_SYS_en_latch_reg_09/mode_func (path 1 of 1)
Start     : clk
End       : u_apb_syscon/clk_gate_reg_reg[9]/CLK
Delay     :   0.354

---------------------------------------------------------------------------------------------------------------
Name  Lib cell                 Event  Incr   Arrival  Slew   Cap    Location           Distance  Fanout  Status
                                      (ns)   (ns)     (ns)   (pF)                      (um)              
-- Clockpath trace --------------------------------------------------------------------------------------------
clk
-     -                        rise   -       0.100   0.004  0.019  (139.684,0.000)    -            2    
CTS_ccl_buf_01624/A
-     BUFx12f_ASAP7_75t_R      rise   0.015   0.115   0.038  -      (193.950,103.779)  158.045   -       
CTS_ccl_buf_01624/Y
-     BUFx12f_ASAP7_75t_R      rise   0.033   0.147   0.017  0.008  (194.238,103.779)    0.288      2    
CTS_ccl_buf_01623/A
-     BUFx10_ASAP7_75t_R       rise   0.003   0.150   0.019  -      (217.800,123.669)   43.452   -       
CTS_ccl_buf_01623/Y
-     BUFx10_ASAP7_75t_R       rise   0.037   0.188   0.032  0.014  (217.620,123.669)    0.180      3    
CTS_ccl_buf_01620/A
-     BUFx8_ASAP7_75t_R        rise   0.008   0.195   0.036  -      (247.464,186.939)   93.114   -       
CTS_ccl_buf_01620/Y
-     BUFx8_ASAP7_75t_R        rise   0.045   0.241   0.027  0.008  (247.644,186.939)    0.180      2    
CTS_cdb_buf_04712/A
-     BUFx4_ASAP7_75t_R        rise   0.004   0.245   0.029  -      (248.436,251.235)   65.088   -       
CTS_cdb_buf_04712/Y
-     BUFx4_ASAP7_75t_R        rise   0.038   0.283   0.014  0.001  (248.580,251.199)    0.180      1    
CTS_ccl_a_buf_01201/A
-     BUFx4_ASAP7_75t_R        rise   0.000   0.283   0.014  -      (248.976,253.773)    2.970   -       
CTS_ccl_a_buf_01201/Y
-     BUFx4_ASAP7_75t_R        rise   0.040   0.323   0.030  0.006  (249.120,253.809)    0.180      2    
u_apb_syscon/cg_icg__RC_CG_HIER_INST53/RC_CGIC_INST/CLK
-     ICGx3_ASAP7_75t_L        rise   0.001   0.324   0.031  -      (250.650,254.547)    2.268   -       
u_apb_syscon/cg_icg__RC_CG_HIER_INST53/RC_CGIC_INST/GCLK
-     ICGx3_ASAP7_75t_L        rise   0.030   0.353   0.027  0.006  (251.334,254.439)    0.792     10    
u_apb_syscon/clk_gate_reg_reg[9]/CLK
-     DFFASRHQNx1_ASAP7_75t_R  rise   0.000   0.354   0.027  -      (252.576,254.475)    1.278   -       
---------------------------------------------------------------------------------------------------------------

Timing for timing corner dc_ss:setup.early, max clock_path:
===========================================================

PathID    : 122
Path type : skew group _clock_gen_CLK_SYS_en_latch_reg_09/mode_func (path 1 of 1)
Start     : clk
End       : u_axi_to_apb_m_apb_paddr_reg[30]/CLK
Delay     :   0.378

---------------------------------------------------------------------------------------------------------------
Name  Lib cell                 Event  Incr   Arrival  Slew   Cap    Location           Distance  Fanout  Status
                                      (ns)   (ns)     (ns)   (pF)                      (um)              
-- Clockpath trace --------------------------------------------------------------------------------------------
clk
-     -                        rise   -       0.100   0.004  0.019  (139.684,0.000)    -            2    
CTS_ccl_buf_01624/A
-     BUFx12f_ASAP7_75t_R      rise   0.015   0.115   0.038  -      (193.950,103.779)  158.045   -       
CTS_ccl_buf_01624/Y
-     BUFx12f_ASAP7_75t_R      rise   0.033   0.147   0.017  0.008  (194.238,103.779)    0.288      2    
CTS_ccl_buf_01623/A
-     BUFx10_ASAP7_75t_R       rise   0.003   0.150   0.019  -      (217.800,123.669)   43.452   -       
CTS_ccl_buf_01623/Y
-     BUFx10_ASAP7_75t_R       rise   0.037   0.188   0.032  0.014  (217.620,123.669)    0.180      3    
CTS_ccl_buf_01620/A
-     BUFx8_ASAP7_75t_R        rise   0.008   0.195   0.036  -      (247.464,186.939)   93.114   -       
CTS_ccl_buf_01620/Y
-     BUFx8_ASAP7_75t_R        rise   0.045   0.241   0.027  0.008  (247.644,186.939)    0.180      2    
CTS_ccl_a_buf_01613/A
-     BUFx8_ASAP7_75t_R        rise   0.004   0.245   0.029  -      (248.364,254.349)   68.130   -       
CTS_ccl_a_buf_01613/Y
-     BUFx8_ASAP7_75t_R        rise   0.040   0.285   0.019  0.004  (248.184,254.349)    0.180      2    
CTS_ccl_buf_01605/A
-     BUFx8_ASAP7_75t_R        rise   0.001   0.285   0.019  -      (259.236,255.519)   12.222   -       
CTS_ccl_buf_01605/Y
-     BUFx8_ASAP7_75t_R        rise   0.036   0.322   0.021  0.007  (259.416,255.519)    0.180      2    
u_axi_to_apb_cg_icg__RC_CG_HIER_INST228/RC_CGIC_INST/CLK
-     ICGx8DC_ASAP7_75t_L      rise   0.000   0.322   0.021  -      (261.432,253.701)    3.834   -       
u_axi_to_apb_cg_icg__RC_CG_HIER_INST228/RC_CGIC_INST/GCLK
-     ICGx8DC_ASAP7_75t_L      rise   0.019   0.341   0.013  0.005  (261.612,253.809)    0.288      2    
CTS_ccl_a_buf_00513/A
-     BUFx10_ASAP7_75t_R       rise   0.001   0.342   0.013  -      (260.568,250.119)    4.734   -       
CTS_ccl_a_buf_00513/Y
-     BUFx10_ASAP7_75t_R       rise   0.033   0.375   0.027  0.012  (260.388,250.119)    0.180     20    
u_axi_to_apb_m_apb_paddr_reg[30]/CLK
-     DFFASRHQNx1_ASAP7_75t_R  rise   0.003   0.378   0.029  -      (259.002,238.275)   13.230   -       
---------------------------------------------------------------------------------------------------------------

Timing for timing corner dc_ss:setup.late, min clock_path:
==========================================================

PathID    : 123
Path type : skew group _clock_gen_CLK_SYS_en_latch_reg_09/mode_func (path 1 of 1)
Start     : clk
End       : u_apb_syscon/clk_gate_reg_reg[9]/CLK
Delay     :   0.404

---------------------------------------------------------------------------------------------------------------
Name  Lib cell                 Event  Incr   Arrival  Slew   Cap    Location           Distance  Fanout  Status
                                      (ns)   (ns)     (ns)   (pF)                      (um)              
-- Clockpath trace --------------------------------------------------------------------------------------------
clk
-     -                        rise   -       0.150   0.004  0.019  (139.684,0.000)    -            2    
CTS_ccl_buf_01624/A
-     BUFx12f_ASAP7_75t_R      rise   0.015   0.165   0.038  -      (193.950,103.779)  158.045   -       
CTS_ccl_buf_01624/Y
-     BUFx12f_ASAP7_75t_R      rise   0.033   0.198   0.017  0.008  (194.238,103.779)    0.288      2    
CTS_ccl_buf_01623/A
-     BUFx10_ASAP7_75t_R       rise   0.003   0.200   0.019  -      (217.800,123.669)   43.452   -       
CTS_ccl_buf_01623/Y
-     BUFx10_ASAP7_75t_R       rise   0.037   0.237   0.032  0.014  (217.620,123.669)    0.180      3    
CTS_ccl_buf_01620/A
-     BUFx8_ASAP7_75t_R        rise   0.008   0.245   0.037  -      (247.464,186.939)   93.114   -       
CTS_ccl_buf_01620/Y
-     BUFx8_ASAP7_75t_R        rise   0.045   0.291   0.027  0.008  (247.644,186.939)    0.180      2    
CTS_cdb_buf_04712/A
-     BUFx4_ASAP7_75t_R        rise   0.004   0.295   0.029  -      (248.436,251.235)   65.088   -       
CTS_cdb_buf_04712/Y
-     BUFx4_ASAP7_75t_R        rise   0.038   0.333   0.014  0.001  (248.580,251.199)    0.180      1    
CTS_ccl_a_buf_01201/A
-     BUFx4_ASAP7_75t_R        rise   0.000   0.333   0.014  -      (248.976,253.773)    2.970   -       
CTS_ccl_a_buf_01201/Y
-     BUFx4_ASAP7_75t_R        rise   0.041   0.374   0.032  0.006  (249.120,253.809)    0.180      2    
u_apb_syscon/cg_icg__RC_CG_HIER_INST53/RC_CGIC_INST/CLK
-     ICGx3_ASAP7_75t_L        rise   0.001   0.374   0.032  -      (250.650,254.547)    2.268   -       
u_apb_syscon/cg_icg__RC_CG_HIER_INST53/RC_CGIC_INST/GCLK
-     ICGx3_ASAP7_75t_L        rise   0.030   0.404   0.028  0.006  (251.334,254.439)    0.792     10    
u_apb_syscon/clk_gate_reg_reg[9]/CLK
-     DFFASRHQNx1_ASAP7_75t_R  rise   0.000   0.404   0.029  -      (252.576,254.475)    1.278   -       
---------------------------------------------------------------------------------------------------------------

Timing for timing corner dc_ss:setup.late, max clock_path:
==========================================================

PathID    : 124
Path type : skew group _clock_gen_CLK_SYS_en_latch_reg_09/mode_func (path 1 of 1)
Start     : clk
End       : u_axi_to_apb_m_apb_paddr_reg[30]/CLK
Delay     :   0.429

---------------------------------------------------------------------------------------------------------------
Name  Lib cell                 Event  Incr   Arrival  Slew   Cap    Location           Distance  Fanout  Status
                                      (ns)   (ns)     (ns)   (pF)                      (um)              
-- Clockpath trace --------------------------------------------------------------------------------------------
clk
-     -                        rise   -       0.150   0.004  0.019  (139.684,0.000)    -            2    
CTS_ccl_buf_01624/A
-     BUFx12f_ASAP7_75t_R      rise   0.015   0.165   0.038  -      (193.950,103.779)  158.045   -       
CTS_ccl_buf_01624/Y
-     BUFx12f_ASAP7_75t_R      rise   0.033   0.198   0.017  0.008  (194.238,103.779)    0.288      2    
CTS_ccl_buf_01623/A
-     BUFx10_ASAP7_75t_R       rise   0.003   0.200   0.019  -      (217.800,123.669)   43.452   -       
CTS_ccl_buf_01623/Y
-     BUFx10_ASAP7_75t_R       rise   0.037   0.237   0.032  0.014  (217.620,123.669)    0.180      3    
CTS_ccl_buf_01620/A
-     BUFx8_ASAP7_75t_R        rise   0.008   0.245   0.037  -      (247.464,186.939)   93.114   -       
CTS_ccl_buf_01620/Y
-     BUFx8_ASAP7_75t_R        rise   0.045   0.291   0.027  0.008  (247.644,186.939)    0.180      2    
CTS_ccl_a_buf_01613/A
-     BUFx8_ASAP7_75t_R        rise   0.004   0.295   0.029  -      (248.364,254.349)   68.130   -       
CTS_ccl_a_buf_01613/Y
-     BUFx8_ASAP7_75t_R        rise   0.040   0.335   0.019  0.004  (248.184,254.349)    0.180      2    
CTS_ccl_buf_01605/A
-     BUFx8_ASAP7_75t_R        rise   0.001   0.335   0.019  -      (259.236,255.519)   12.222   -       
CTS_ccl_buf_01605/Y
-     BUFx8_ASAP7_75t_R        rise   0.037   0.372   0.024  0.007  (259.416,255.519)    0.180      2    
u_axi_to_apb_cg_icg__RC_CG_HIER_INST228/RC_CGIC_INST/CLK
-     ICGx8DC_ASAP7_75t_L      rise   0.000   0.373   0.024  -      (261.432,253.701)    3.834   -       
u_axi_to_apb_cg_icg__RC_CG_HIER_INST228/RC_CGIC_INST/GCLK
-     ICGx8DC_ASAP7_75t_L      rise   0.020   0.393   0.013  0.005  (261.612,253.809)    0.288      2    
CTS_ccl_a_buf_00513/A
-     BUFx10_ASAP7_75t_R       rise   0.001   0.393   0.013  -      (260.568,250.119)    4.734   -       
CTS_ccl_a_buf_00513/Y
-     BUFx10_ASAP7_75t_R       rise   0.033   0.426   0.027  0.012  (260.388,250.119)    0.180     20    
u_axi_to_apb_m_apb_paddr_reg[30]/CLK
-     DFFASRHQNx1_ASAP7_75t_R  rise   0.003   0.429   0.030  -      (259.002,238.275)   13.230   -       
---------------------------------------------------------------------------------------------------------------

Timing for timing corner dc_tt:both.early, min clock_path:
==========================================================

PathID    : 125
Path type : skew group _clock_gen_CLK_SYS_en_latch_reg_09/mode_func (path 1 of 1)
Start     : clk
End       : u_apb_syscon/clk_gate_reg_reg[9]/CLK
Delay     :   0.280

---------------------------------------------------------------------------------------------------------------
Name  Lib cell                 Event  Incr   Arrival  Slew   Cap    Location           Distance  Fanout  Status
                                      (ns)   (ns)     (ns)   (pF)                      (um)              
-- Clockpath trace --------------------------------------------------------------------------------------------
clk
-     -                        rise   -       0.100   0.004  0.019  (139.684,0.000)    -            2    
CTS_ccl_buf_01624/A
-     BUFx12f_ASAP7_75t_R      rise   0.013   0.113   0.032  -      (193.950,103.779)  158.045   -       
CTS_ccl_buf_01624/Y
-     BUFx12f_ASAP7_75t_R      rise   0.023   0.136   0.012  0.008  (194.238,103.779)    0.288      2    
CTS_ccl_buf_01623/A
-     BUFx10_ASAP7_75t_R       rise   0.003   0.139   0.014  -      (217.800,123.669)   43.452   -       
CTS_ccl_buf_01623/Y
-     BUFx10_ASAP7_75t_R       rise   0.025   0.164   0.021  0.015  (217.620,123.669)    0.180      3    
CTS_ccl_buf_01620/A
-     BUFx8_ASAP7_75t_R        rise   0.007   0.170   0.026  -      (247.464,186.939)   93.114   -       
CTS_ccl_buf_01620/Y
-     BUFx8_ASAP7_75t_R        rise   0.031   0.201   0.018  0.009  (247.644,186.939)    0.180      2    
CTS_cdb_buf_04712/A
-     BUFx4_ASAP7_75t_R        rise   0.004   0.205   0.020  -      (248.436,251.235)   65.088   -       
CTS_cdb_buf_04712/Y
-     BUFx4_ASAP7_75t_R        rise   0.026   0.231   0.009  0.001  (248.580,251.199)    0.180      1    
CTS_ccl_a_buf_01201/A
-     BUFx4_ASAP7_75t_R        rise   0.000   0.231   0.009  -      (248.976,253.773)    2.970   -       
CTS_ccl_a_buf_01201/Y
-     BUFx4_ASAP7_75t_R        rise   0.028   0.259   0.020  0.006  (249.120,253.809)    0.180      2    
u_apb_syscon/cg_icg__RC_CG_HIER_INST53/RC_CGIC_INST/CLK
-     ICGx3_ASAP7_75t_L        rise   0.000   0.260   0.021  -      (250.650,254.547)    2.268   -       
u_apb_syscon/cg_icg__RC_CG_HIER_INST53/RC_CGIC_INST/GCLK
-     ICGx3_ASAP7_75t_L        rise   0.021   0.280   0.019  0.006  (251.334,254.439)    0.792     10    
u_apb_syscon/clk_gate_reg_reg[9]/CLK
-     DFFASRHQNx1_ASAP7_75t_R  rise   0.000   0.280   0.019  -      (252.576,254.475)    1.278   -       
---------------------------------------------------------------------------------------------------------------

Timing for timing corner dc_tt:both.early, max clock_path:
==========================================================

PathID    : 126
Path type : skew group _clock_gen_CLK_SYS_en_latch_reg_09/mode_func (path 1 of 1)
Start     : clk
End       : u_axi_to_apb_m_apb_paddr_reg[29]/CLK
Delay     :   0.298

---------------------------------------------------------------------------------------------------------------
Name  Lib cell                 Event  Incr   Arrival  Slew   Cap    Location           Distance  Fanout  Status
                                      (ns)   (ns)     (ns)   (pF)                      (um)              
-- Clockpath trace --------------------------------------------------------------------------------------------
clk
-     -                        rise   -       0.100   0.004  0.019  (139.684,0.000)    -            2    
CTS_ccl_buf_01624/A
-     BUFx12f_ASAP7_75t_R      rise   0.013   0.113   0.032  -      (193.950,103.779)  158.045   -       
CTS_ccl_buf_01624/Y
-     BUFx12f_ASAP7_75t_R      rise   0.023   0.136   0.012  0.008  (194.238,103.779)    0.288      2    
CTS_ccl_buf_01623/A
-     BUFx10_ASAP7_75t_R       rise   0.003   0.139   0.014  -      (217.800,123.669)   43.452   -       
CTS_ccl_buf_01623/Y
-     BUFx10_ASAP7_75t_R       rise   0.025   0.164   0.021  0.015  (217.620,123.669)    0.180      3    
CTS_ccl_buf_01620/A
-     BUFx8_ASAP7_75t_R        rise   0.007   0.170   0.026  -      (247.464,186.939)   93.114   -       
CTS_ccl_buf_01620/Y
-     BUFx8_ASAP7_75t_R        rise   0.031   0.201   0.018  0.009  (247.644,186.939)    0.180      2    
CTS_ccl_a_buf_01613/A
-     BUFx8_ASAP7_75t_R        rise   0.004   0.205   0.020  -      (248.364,254.349)   68.130   -       
CTS_ccl_a_buf_01613/Y
-     BUFx8_ASAP7_75t_R        rise   0.027   0.232   0.013  0.004  (248.184,254.349)    0.180      2    
CTS_ccl_buf_01605/A
-     BUFx8_ASAP7_75t_R        rise   0.001   0.233   0.013  -      (259.236,255.519)   12.222   -       
CTS_ccl_buf_01605/Y
-     BUFx8_ASAP7_75t_R        rise   0.025   0.258   0.014  0.007  (259.416,255.519)    0.180      2    
u_axi_to_apb_cg_icg__RC_CG_HIER_INST228/RC_CGIC_INST/CLK
-     ICGx8DC_ASAP7_75t_L      rise   0.000   0.259   0.014  -      (261.432,253.701)    3.834   -       
u_axi_to_apb_cg_icg__RC_CG_HIER_INST228/RC_CGIC_INST/GCLK
-     ICGx8DC_ASAP7_75t_L      rise   0.013   0.272   0.009  0.005  (261.612,253.809)    0.288      2    
CTS_ccl_a_buf_00513/A
-     BUFx10_ASAP7_75t_R       rise   0.001   0.273   0.009  -      (260.568,250.119)    4.734   -       
CTS_ccl_a_buf_00513/Y
-     BUFx10_ASAP7_75t_R       rise   0.023   0.295   0.019  0.013  (260.388,250.119)    0.180     20    
u_axi_to_apb_m_apb_paddr_reg[29]/CLK
-     DFFASRHQNx1_ASAP7_75t_R  rise   0.002   0.298   0.020  -      (258.894,239.733)   11.880   -       
---------------------------------------------------------------------------------------------------------------

Timing for timing corner dc_tt:both.late, min clock_path:
=========================================================

PathID    : 127
Path type : skew group _clock_gen_CLK_SYS_en_latch_reg_09/mode_func (path 1 of 1)
Start     : clk
End       : u_apb_syscon/clk_gate_reg_reg[9]/CLK
Delay     :   0.331

---------------------------------------------------------------------------------------------------------------
Name  Lib cell                 Event  Incr   Arrival  Slew   Cap    Location           Distance  Fanout  Status
                                      (ns)   (ns)     (ns)   (pF)                      (um)              
-- Clockpath trace --------------------------------------------------------------------------------------------
clk
-     -                        rise   -       0.150   0.004  0.019  (139.684,0.000)    -            2    
CTS_ccl_buf_01624/A
-     BUFx12f_ASAP7_75t_R      rise   0.013   0.163   0.032  -      (193.950,103.779)  158.045   -       
CTS_ccl_buf_01624/Y
-     BUFx12f_ASAP7_75t_R      rise   0.023   0.186   0.012  0.008  (194.238,103.779)    0.288      2    
CTS_ccl_buf_01623/A
-     BUFx10_ASAP7_75t_R       rise   0.003   0.189   0.014  -      (217.800,123.669)   43.452   -       
CTS_ccl_buf_01623/Y
-     BUFx10_ASAP7_75t_R       rise   0.025   0.214   0.021  0.015  (217.620,123.669)    0.180      3    
CTS_ccl_buf_01620/A
-     BUFx8_ASAP7_75t_R        rise   0.007   0.220   0.026  -      (247.464,186.939)   93.114   -       
CTS_ccl_buf_01620/Y
-     BUFx8_ASAP7_75t_R        rise   0.031   0.251   0.018  0.009  (247.644,186.939)    0.180      2    
CTS_cdb_buf_04712/A
-     BUFx4_ASAP7_75t_R        rise   0.004   0.255   0.020  -      (248.436,251.235)   65.088   -       
CTS_cdb_buf_04712/Y
-     BUFx4_ASAP7_75t_R        rise   0.026   0.281   0.009  0.001  (248.580,251.199)    0.180      1    
CTS_ccl_a_buf_01201/A
-     BUFx4_ASAP7_75t_R        rise   0.000   0.281   0.009  -      (248.976,253.773)    2.970   -       
CTS_ccl_a_buf_01201/Y
-     BUFx4_ASAP7_75t_R        rise   0.028   0.309   0.021  0.006  (249.120,253.809)    0.180      2    
u_apb_syscon/cg_icg__RC_CG_HIER_INST53/RC_CGIC_INST/CLK
-     ICGx3_ASAP7_75t_L        rise   0.001   0.310   0.021  -      (250.650,254.547)    2.268   -       
u_apb_syscon/cg_icg__RC_CG_HIER_INST53/RC_CGIC_INST/GCLK
-     ICGx3_ASAP7_75t_L        rise   0.021   0.331   0.019  0.006  (251.334,254.439)    0.792     10    
u_apb_syscon/clk_gate_reg_reg[9]/CLK
-     DFFASRHQNx1_ASAP7_75t_R  rise   0.000   0.331   0.020  -      (252.576,254.475)    1.278   -       
---------------------------------------------------------------------------------------------------------------

Timing for timing corner dc_tt:both.late, max clock_path:
=========================================================

PathID    : 128
Path type : skew group _clock_gen_CLK_SYS_en_latch_reg_09/mode_func (path 1 of 1)
Start     : clk
End       : u_axi_to_apb_m_apb_paddr_reg[30]/CLK
Delay     :   0.349

---------------------------------------------------------------------------------------------------------------
Name  Lib cell                 Event  Incr   Arrival  Slew   Cap    Location           Distance  Fanout  Status
                                      (ns)   (ns)     (ns)   (pF)                      (um)              
-- Clockpath trace --------------------------------------------------------------------------------------------
clk
-     -                        rise   -       0.150   0.004  0.019  (139.684,0.000)    -            2    
CTS_ccl_buf_01624/A
-     BUFx12f_ASAP7_75t_R      rise   0.013   0.163   0.032  -      (193.950,103.779)  158.045   -       
CTS_ccl_buf_01624/Y
-     BUFx12f_ASAP7_75t_R      rise   0.023   0.186   0.012  0.008  (194.238,103.779)    0.288      2    
CTS_ccl_buf_01623/A
-     BUFx10_ASAP7_75t_R       rise   0.003   0.189   0.014  -      (217.800,123.669)   43.452   -       
CTS_ccl_buf_01623/Y
-     BUFx10_ASAP7_75t_R       rise   0.025   0.214   0.021  0.015  (217.620,123.669)    0.180      3    
CTS_ccl_buf_01620/A
-     BUFx8_ASAP7_75t_R        rise   0.007   0.220   0.026  -      (247.464,186.939)   93.114   -       
CTS_ccl_buf_01620/Y
-     BUFx8_ASAP7_75t_R        rise   0.031   0.251   0.018  0.009  (247.644,186.939)    0.180      2    
CTS_ccl_a_buf_01613/A
-     BUFx8_ASAP7_75t_R        rise   0.004   0.255   0.020  -      (248.364,254.349)   68.130   -       
CTS_ccl_a_buf_01613/Y
-     BUFx8_ASAP7_75t_R        rise   0.027   0.282   0.013  0.004  (248.184,254.349)    0.180      2    
CTS_ccl_buf_01605/A
-     BUFx8_ASAP7_75t_R        rise   0.001   0.283   0.013  -      (259.236,255.519)   12.222   -       
CTS_ccl_buf_01605/Y
-     BUFx8_ASAP7_75t_R        rise   0.026   0.309   0.016  0.007  (259.416,255.519)    0.180      2    
u_axi_to_apb_cg_icg__RC_CG_HIER_INST228/RC_CGIC_INST/CLK
-     ICGx8DC_ASAP7_75t_L      rise   0.000   0.309   0.016  -      (261.432,253.701)    3.834   -       
u_axi_to_apb_cg_icg__RC_CG_HIER_INST228/RC_CGIC_INST/GCLK
-     ICGx8DC_ASAP7_75t_L      rise   0.014   0.323   0.009  0.005  (261.612,253.809)    0.288      2    
CTS_ccl_a_buf_00513/A
-     BUFx10_ASAP7_75t_R       rise   0.001   0.324   0.009  -      (260.568,250.119)    4.734   -       
CTS_ccl_a_buf_00513/Y
-     BUFx10_ASAP7_75t_R       rise   0.023   0.347   0.019  0.013  (260.388,250.119)    0.180     20    
u_axi_to_apb_m_apb_paddr_reg[30]/CLK
-     DFFASRHQNx1_ASAP7_75t_R  rise   0.002   0.349   0.021  -      (259.002,238.275)   13.230   -       
---------------------------------------------------------------------------------------------------------------

Timing for timing corner dc_ff:hold.early, min clock_path:
==========================================================

PathID    : 129
Path type : skew group _clock_gen_CLK_SYS_en_latch_reg_09/mode_func (path 1 of 1)
Start     : clk
End       : u_apb_syscon/clk_gate_reg_reg[9]/CLK
Delay     :   0.240

---------------------------------------------------------------------------------------------------------------
Name  Lib cell                 Event  Incr   Arrival  Slew   Cap    Location           Distance  Fanout  Status
                                      (ns)   (ns)     (ns)   (pF)                      (um)              
-- Clockpath trace --------------------------------------------------------------------------------------------
clk
-     -                        rise   -       0.100   0.004  0.020  (139.684,0.000)    -            2    
CTS_ccl_buf_01624/A
-     BUFx12f_ASAP7_75t_R      rise   0.012   0.112   0.031  -      (193.950,103.779)  158.045   -       
CTS_ccl_buf_01624/Y
-     BUFx12f_ASAP7_75t_R      rise   0.018   0.130   0.009  0.008  (194.238,103.779)    0.288      2    
CTS_ccl_buf_01623/A
-     BUFx10_ASAP7_75t_R       rise   0.003   0.133   0.012  -      (217.800,123.669)   43.452   -       
CTS_ccl_buf_01623/Y
-     BUFx10_ASAP7_75t_R       rise   0.019   0.151   0.016  0.015  (217.620,123.669)    0.180      3    
CTS_ccl_buf_01620/A
-     BUFx8_ASAP7_75t_R        rise   0.006   0.157   0.021  -      (247.464,186.939)   93.114   -       
CTS_ccl_buf_01620/Y
-     BUFx8_ASAP7_75t_R        rise   0.023   0.180   0.013  0.009  (247.644,186.939)    0.180      2    
CTS_cdb_buf_04712/A
-     BUFx4_ASAP7_75t_R        rise   0.003   0.183   0.016  -      (248.436,251.235)   65.088   -       
CTS_cdb_buf_04712/Y
-     BUFx4_ASAP7_75t_R        rise   0.019   0.203   0.007  0.001  (248.580,251.199)    0.180      1    
CTS_ccl_a_buf_01201/A
-     BUFx4_ASAP7_75t_R        rise   0.000   0.203   0.007  -      (248.976,253.773)    2.970   -       
CTS_ccl_a_buf_01201/Y
-     BUFx4_ASAP7_75t_R        rise   0.021   0.224   0.015  0.006  (249.120,253.809)    0.180      2    
u_apb_syscon/cg_icg__RC_CG_HIER_INST53/RC_CGIC_INST/CLK
-     ICGx3_ASAP7_75t_L        rise   0.001   0.224   0.015  -      (250.650,254.547)    2.268   -       
u_apb_syscon/cg_icg__RC_CG_HIER_INST53/RC_CGIC_INST/GCLK
-     ICGx3_ASAP7_75t_L        rise   0.015   0.239   0.015  0.007  (251.334,254.439)    0.792     10    
u_apb_syscon/clk_gate_reg_reg[9]/CLK
-     DFFASRHQNx1_ASAP7_75t_R  rise   0.000   0.240   0.015  -      (252.576,254.475)    1.278   -       
---------------------------------------------------------------------------------------------------------------

Timing for timing corner dc_ff:hold.early, max clock_path:
==========================================================

PathID    : 130
Path type : skew group _clock_gen_CLK_SYS_en_latch_reg_09/mode_func (path 1 of 1)
Start     : clk
End       : u_axi_to_apb_m_apb_paddr_reg[29]/CLK
Delay     :   0.253

---------------------------------------------------------------------------------------------------------------
Name  Lib cell                 Event  Incr   Arrival  Slew   Cap    Location           Distance  Fanout  Status
                                      (ns)   (ns)     (ns)   (pF)                      (um)              
-- Clockpath trace --------------------------------------------------------------------------------------------
clk
-     -                        rise   -       0.100   0.004  0.020  (139.684,0.000)    -            2    
CTS_ccl_buf_01624/A
-     BUFx12f_ASAP7_75t_R      rise   0.012   0.112   0.031  -      (193.950,103.779)  158.045   -       
CTS_ccl_buf_01624/Y
-     BUFx12f_ASAP7_75t_R      rise   0.018   0.130   0.009  0.008  (194.238,103.779)    0.288      2    
CTS_ccl_buf_01623/A
-     BUFx10_ASAP7_75t_R       rise   0.003   0.133   0.012  -      (217.800,123.669)   43.452   -       
CTS_ccl_buf_01623/Y
-     BUFx10_ASAP7_75t_R       rise   0.019   0.151   0.016  0.015  (217.620,123.669)    0.180      3    
CTS_ccl_buf_01620/A
-     BUFx8_ASAP7_75t_R        rise   0.006   0.157   0.021  -      (247.464,186.939)   93.114   -       
CTS_ccl_buf_01620/Y
-     BUFx8_ASAP7_75t_R        rise   0.023   0.180   0.013  0.009  (247.644,186.939)    0.180      2    
CTS_ccl_a_buf_01613/A
-     BUFx8_ASAP7_75t_R        rise   0.004   0.183   0.016  -      (248.364,254.349)   68.130   -       
CTS_ccl_a_buf_01613/Y
-     BUFx8_ASAP7_75t_R        rise   0.020   0.204   0.009  0.005  (248.184,254.349)    0.180      2    
CTS_ccl_buf_01605/A
-     BUFx8_ASAP7_75t_R        rise   0.001   0.204   0.009  -      (259.236,255.519)   12.222   -       
CTS_ccl_buf_01605/Y
-     BUFx8_ASAP7_75t_R        rise   0.018   0.223   0.010  0.008  (259.416,255.519)    0.180      2    
u_axi_to_apb_cg_icg__RC_CG_HIER_INST228/RC_CGIC_INST/CLK
-     ICGx8DC_ASAP7_75t_L      rise   0.000   0.223   0.011  -      (261.432,253.701)    3.834   -       
u_axi_to_apb_cg_icg__RC_CG_HIER_INST228/RC_CGIC_INST/GCLK
-     ICGx8DC_ASAP7_75t_L      rise   0.010   0.233   0.007  0.006  (261.612,253.809)    0.288      2    
CTS_ccl_a_buf_00513/A
-     BUFx10_ASAP7_75t_R       rise   0.001   0.234   0.007  -      (260.568,250.119)    4.734   -       
CTS_ccl_a_buf_00513/Y
-     BUFx10_ASAP7_75t_R       rise   0.017   0.251   0.015  0.013  (260.388,250.119)    0.180     20    
u_axi_to_apb_m_apb_paddr_reg[29]/CLK
-     DFFASRHQNx1_ASAP7_75t_R  rise   0.002   0.253   0.017  -      (258.894,239.733)   11.880   -       
---------------------------------------------------------------------------------------------------------------

Timing for timing corner dc_ff:hold.late, min clock_path:
=========================================================

PathID    : 131
Path type : skew group _clock_gen_CLK_SYS_en_latch_reg_09/mode_func (path 1 of 1)
Start     : clk
End       : u_apb_syscon/clk_gate_reg_reg[9]/CLK
Delay     :   0.291

---------------------------------------------------------------------------------------------------------------
Name  Lib cell                 Event  Incr   Arrival  Slew   Cap    Location           Distance  Fanout  Status
                                      (ns)   (ns)     (ns)   (pF)                      (um)              
-- Clockpath trace --------------------------------------------------------------------------------------------
clk
-     -                        rise   -       0.150   0.004  0.020  (139.684,0.000)    -            2    
CTS_ccl_buf_01624/A
-     BUFx12f_ASAP7_75t_R      rise   0.012   0.162   0.031  -      (193.950,103.779)  158.045   -       
CTS_ccl_buf_01624/Y
-     BUFx12f_ASAP7_75t_R      rise   0.018   0.180   0.009  0.008  (194.238,103.779)    0.288      2    
CTS_ccl_buf_01623/A
-     BUFx10_ASAP7_75t_R       rise   0.003   0.182   0.012  -      (217.800,123.669)   43.452   -       
CTS_ccl_buf_01623/Y
-     BUFx10_ASAP7_75t_R       rise   0.019   0.201   0.016  0.015  (217.620,123.669)    0.180      3    
CTS_ccl_buf_01620/A
-     BUFx8_ASAP7_75t_R        rise   0.006   0.207   0.022  -      (247.464,186.939)   93.114   -       
CTS_ccl_buf_01620/Y
-     BUFx8_ASAP7_75t_R        rise   0.023   0.230   0.013  0.009  (247.644,186.939)    0.180      2    
CTS_cdb_buf_04712/A
-     BUFx4_ASAP7_75t_R        rise   0.003   0.234   0.016  -      (248.436,251.235)   65.088   -       
CTS_cdb_buf_04712/Y
-     BUFx4_ASAP7_75t_R        rise   0.019   0.253   0.007  0.001  (248.580,251.199)    0.180      1    
CTS_ccl_a_buf_01201/A
-     BUFx4_ASAP7_75t_R        rise   0.000   0.253   0.007  -      (248.976,253.773)    2.970   -       
CTS_ccl_a_buf_01201/Y
-     BUFx4_ASAP7_75t_R        rise   0.021   0.274   0.015  0.006  (249.120,253.809)    0.180      2    
u_apb_syscon/cg_icg__RC_CG_HIER_INST53/RC_CGIC_INST/CLK
-     ICGx3_ASAP7_75t_L        rise   0.001   0.275   0.016  -      (250.650,254.547)    2.268   -       
u_apb_syscon/cg_icg__RC_CG_HIER_INST53/RC_CGIC_INST/GCLK
-     ICGx3_ASAP7_75t_L        rise   0.016   0.290   0.015  0.007  (251.334,254.439)    0.792     10    
u_apb_syscon/clk_gate_reg_reg[9]/CLK
-     DFFASRHQNx1_ASAP7_75t_R  rise   0.000   0.291   0.015  -      (252.576,254.475)    1.278   -       
---------------------------------------------------------------------------------------------------------------

Timing for timing corner dc_ff:hold.late, max clock_path:
=========================================================

PathID    : 132
Path type : skew group _clock_gen_CLK_SYS_en_latch_reg_09/mode_func (path 1 of 1)
Start     : clk
End       : u_axi_to_apb_m_apb_paddr_reg[30]/CLK
Delay     :   0.304

---------------------------------------------------------------------------------------------------------------
Name  Lib cell                 Event  Incr   Arrival  Slew   Cap    Location           Distance  Fanout  Status
                                      (ns)   (ns)     (ns)   (pF)                      (um)              
-- Clockpath trace --------------------------------------------------------------------------------------------
clk
-     -                        rise   -       0.150   0.004  0.020  (139.684,0.000)    -            2    
CTS_ccl_buf_01624/A
-     BUFx12f_ASAP7_75t_R      rise   0.012   0.162   0.031  -      (193.950,103.779)  158.045   -       
CTS_ccl_buf_01624/Y
-     BUFx12f_ASAP7_75t_R      rise   0.018   0.180   0.009  0.008  (194.238,103.779)    0.288      2    
CTS_ccl_buf_01623/A
-     BUFx10_ASAP7_75t_R       rise   0.003   0.182   0.012  -      (217.800,123.669)   43.452   -       
CTS_ccl_buf_01623/Y
-     BUFx10_ASAP7_75t_R       rise   0.019   0.201   0.016  0.015  (217.620,123.669)    0.180      3    
CTS_ccl_buf_01620/A
-     BUFx8_ASAP7_75t_R        rise   0.006   0.207   0.022  -      (247.464,186.939)   93.114   -       
CTS_ccl_buf_01620/Y
-     BUFx8_ASAP7_75t_R        rise   0.023   0.230   0.013  0.009  (247.644,186.939)    0.180      2    
CTS_ccl_a_buf_01613/A
-     BUFx8_ASAP7_75t_R        rise   0.003   0.234   0.016  -      (248.364,254.349)   68.130   -       
CTS_ccl_a_buf_01613/Y
-     BUFx8_ASAP7_75t_R        rise   0.020   0.254   0.009  0.005  (248.184,254.349)    0.180      2    
CTS_ccl_buf_01605/A
-     BUFx8_ASAP7_75t_R        rise   0.001   0.255   0.009  -      (259.236,255.519)   12.222   -       
CTS_ccl_buf_01605/Y
-     BUFx8_ASAP7_75t_R        rise   0.019   0.274   0.012  0.008  (259.416,255.519)    0.180      2    
u_axi_to_apb_cg_icg__RC_CG_HIER_INST228/RC_CGIC_INST/CLK
-     ICGx8DC_ASAP7_75t_L      rise   0.000   0.274   0.013  -      (261.432,253.701)    3.834   -       
u_axi_to_apb_cg_icg__RC_CG_HIER_INST228/RC_CGIC_INST/GCLK
-     ICGx8DC_ASAP7_75t_L      rise   0.010   0.285   0.007  0.006  (261.612,253.809)    0.288      2    
CTS_ccl_a_buf_00513/A
-     BUFx10_ASAP7_75t_R       rise   0.001   0.285   0.007  -      (260.568,250.119)    4.734   -       
CTS_ccl_a_buf_00513/Y
-     BUFx10_ASAP7_75t_R       rise   0.017   0.302   0.015  0.013  (260.388,250.119)    0.180     20    
u_axi_to_apb_m_apb_paddr_reg[30]/CLK
-     DFFASRHQNx1_ASAP7_75t_R  rise   0.002   0.304   0.018  -      (259.002,238.275)   13.230   -       
---------------------------------------------------------------------------------------------------------------

Timing for timing corner dc_ss:setup.early, min clock_path:
===========================================================

PathID    : 133
Path type : skew group _clock_gen_CLK_SYS_en_latch_reg_10/mode_func (path 1 of 1)
Start     : clk
End       : u_apb_syscon/clk_gate_reg_reg[10]/CLK
Delay     :   0.354

---------------------------------------------------------------------------------------------------------------
Name  Lib cell                 Event  Incr   Arrival  Slew   Cap    Location           Distance  Fanout  Status
                                      (ns)   (ns)     (ns)   (pF)                      (um)              
-- Clockpath trace --------------------------------------------------------------------------------------------
clk
-     -                        rise   -       0.100   0.004  0.019  (139.684,0.000)    -            2    
CTS_ccl_buf_01624/A
-     BUFx12f_ASAP7_75t_R      rise   0.015   0.115   0.038  -      (193.950,103.779)  158.045   -       
CTS_ccl_buf_01624/Y
-     BUFx12f_ASAP7_75t_R      rise   0.033   0.147   0.017  0.008  (194.238,103.779)    0.288      2    
CTS_ccl_buf_01623/A
-     BUFx10_ASAP7_75t_R       rise   0.003   0.150   0.019  -      (217.800,123.669)   43.452   -       
CTS_ccl_buf_01623/Y
-     BUFx10_ASAP7_75t_R       rise   0.037   0.188   0.032  0.014  (217.620,123.669)    0.180      3    
CTS_ccl_buf_01620/A
-     BUFx8_ASAP7_75t_R        rise   0.008   0.195   0.036  -      (247.464,186.939)   93.114   -       
CTS_ccl_buf_01620/Y
-     BUFx8_ASAP7_75t_R        rise   0.045   0.241   0.027  0.008  (247.644,186.939)    0.180      2    
CTS_cdb_buf_04712/A
-     BUFx4_ASAP7_75t_R        rise   0.004   0.245   0.029  -      (248.436,251.235)   65.088   -       
CTS_cdb_buf_04712/Y
-     BUFx4_ASAP7_75t_R        rise   0.038   0.283   0.014  0.001  (248.580,251.199)    0.180      1    
CTS_ccl_a_buf_01201/A
-     BUFx4_ASAP7_75t_R        rise   0.000   0.283   0.014  -      (248.976,253.773)    2.970   -       
CTS_ccl_a_buf_01201/Y
-     BUFx4_ASAP7_75t_R        rise   0.040   0.323   0.030  0.006  (249.120,253.809)    0.180      2    
u_apb_syscon/cg_icg__RC_CG_HIER_INST53/RC_CGIC_INST/CLK
-     ICGx3_ASAP7_75t_L        rise   0.001   0.324   0.031  -      (250.650,254.547)    2.268   -       
u_apb_syscon/cg_icg__RC_CG_HIER_INST53/RC_CGIC_INST/GCLK
-     ICGx3_ASAP7_75t_L        rise   0.030   0.353   0.027  0.006  (251.334,254.439)    0.792     10    
u_apb_syscon/clk_gate_reg_reg[10]/CLK
-     DFFASRHQNx1_ASAP7_75t_R  rise   0.000   0.354   0.027  -      (252.684,254.853)    1.764   -       
---------------------------------------------------------------------------------------------------------------

Timing for timing corner dc_ss:setup.early, max clock_path:
===========================================================

PathID    : 134
Path type : skew group _clock_gen_CLK_SYS_en_latch_reg_10/mode_func (path 1 of 1)
Start     : clk
End       : u_axi_to_apb_m_apb_paddr_reg[30]/CLK
Delay     :   0.378

---------------------------------------------------------------------------------------------------------------
Name  Lib cell                 Event  Incr   Arrival  Slew   Cap    Location           Distance  Fanout  Status
                                      (ns)   (ns)     (ns)   (pF)                      (um)              
-- Clockpath trace --------------------------------------------------------------------------------------------
clk
-     -                        rise   -       0.100   0.004  0.019  (139.684,0.000)    -            2    
CTS_ccl_buf_01624/A
-     BUFx12f_ASAP7_75t_R      rise   0.015   0.115   0.038  -      (193.950,103.779)  158.045   -       
CTS_ccl_buf_01624/Y
-     BUFx12f_ASAP7_75t_R      rise   0.033   0.147   0.017  0.008  (194.238,103.779)    0.288      2    
CTS_ccl_buf_01623/A
-     BUFx10_ASAP7_75t_R       rise   0.003   0.150   0.019  -      (217.800,123.669)   43.452   -       
CTS_ccl_buf_01623/Y
-     BUFx10_ASAP7_75t_R       rise   0.037   0.188   0.032  0.014  (217.620,123.669)    0.180      3    
CTS_ccl_buf_01620/A
-     BUFx8_ASAP7_75t_R        rise   0.008   0.195   0.036  -      (247.464,186.939)   93.114   -       
CTS_ccl_buf_01620/Y
-     BUFx8_ASAP7_75t_R        rise   0.045   0.241   0.027  0.008  (247.644,186.939)    0.180      2    
CTS_ccl_a_buf_01613/A
-     BUFx8_ASAP7_75t_R        rise   0.004   0.245   0.029  -      (248.364,254.349)   68.130   -       
CTS_ccl_a_buf_01613/Y
-     BUFx8_ASAP7_75t_R        rise   0.040   0.285   0.019  0.004  (248.184,254.349)    0.180      2    
CTS_ccl_buf_01605/A
-     BUFx8_ASAP7_75t_R        rise   0.001   0.285   0.019  -      (259.236,255.519)   12.222   -       
CTS_ccl_buf_01605/Y
-     BUFx8_ASAP7_75t_R        rise   0.036   0.322   0.021  0.007  (259.416,255.519)    0.180      2    
u_axi_to_apb_cg_icg__RC_CG_HIER_INST228/RC_CGIC_INST/CLK
-     ICGx8DC_ASAP7_75t_L      rise   0.000   0.322   0.021  -      (261.432,253.701)    3.834   -       
u_axi_to_apb_cg_icg__RC_CG_HIER_INST228/RC_CGIC_INST/GCLK
-     ICGx8DC_ASAP7_75t_L      rise   0.019   0.341   0.013  0.005  (261.612,253.809)    0.288      2    
CTS_ccl_a_buf_00513/A
-     BUFx10_ASAP7_75t_R       rise   0.001   0.342   0.013  -      (260.568,250.119)    4.734   -       
CTS_ccl_a_buf_00513/Y
-     BUFx10_ASAP7_75t_R       rise   0.033   0.375   0.027  0.012  (260.388,250.119)    0.180     20    
u_axi_to_apb_m_apb_paddr_reg[30]/CLK
-     DFFASRHQNx1_ASAP7_75t_R  rise   0.003   0.378   0.029  -      (259.002,238.275)   13.230   -       
---------------------------------------------------------------------------------------------------------------

Timing for timing corner dc_ss:setup.late, min clock_path:
==========================================================

PathID    : 135
Path type : skew group _clock_gen_CLK_SYS_en_latch_reg_10/mode_func (path 1 of 1)
Start     : clk
End       : u_apb_syscon/clk_gate_reg_reg[10]/CLK
Delay     :   0.404

---------------------------------------------------------------------------------------------------------------
Name  Lib cell                 Event  Incr   Arrival  Slew   Cap    Location           Distance  Fanout  Status
                                      (ns)   (ns)     (ns)   (pF)                      (um)              
-- Clockpath trace --------------------------------------------------------------------------------------------
clk
-     -                        rise   -       0.150   0.004  0.019  (139.684,0.000)    -            2    
CTS_ccl_buf_01624/A
-     BUFx12f_ASAP7_75t_R      rise   0.015   0.165   0.038  -      (193.950,103.779)  158.045   -       
CTS_ccl_buf_01624/Y
-     BUFx12f_ASAP7_75t_R      rise   0.033   0.198   0.017  0.008  (194.238,103.779)    0.288      2    
CTS_ccl_buf_01623/A
-     BUFx10_ASAP7_75t_R       rise   0.003   0.200   0.019  -      (217.800,123.669)   43.452   -       
CTS_ccl_buf_01623/Y
-     BUFx10_ASAP7_75t_R       rise   0.037   0.237   0.032  0.014  (217.620,123.669)    0.180      3    
CTS_ccl_buf_01620/A
-     BUFx8_ASAP7_75t_R        rise   0.008   0.245   0.037  -      (247.464,186.939)   93.114   -       
CTS_ccl_buf_01620/Y
-     BUFx8_ASAP7_75t_R        rise   0.045   0.291   0.027  0.008  (247.644,186.939)    0.180      2    
CTS_cdb_buf_04712/A
-     BUFx4_ASAP7_75t_R        rise   0.004   0.295   0.029  -      (248.436,251.235)   65.088   -       
CTS_cdb_buf_04712/Y
-     BUFx4_ASAP7_75t_R        rise   0.038   0.333   0.014  0.001  (248.580,251.199)    0.180      1    
CTS_ccl_a_buf_01201/A
-     BUFx4_ASAP7_75t_R        rise   0.000   0.333   0.014  -      (248.976,253.773)    2.970   -       
CTS_ccl_a_buf_01201/Y
-     BUFx4_ASAP7_75t_R        rise   0.041   0.374   0.032  0.006  (249.120,253.809)    0.180      2    
u_apb_syscon/cg_icg__RC_CG_HIER_INST53/RC_CGIC_INST/CLK
-     ICGx3_ASAP7_75t_L        rise   0.001   0.374   0.032  -      (250.650,254.547)    2.268   -       
u_apb_syscon/cg_icg__RC_CG_HIER_INST53/RC_CGIC_INST/GCLK
-     ICGx3_ASAP7_75t_L        rise   0.030   0.404   0.028  0.006  (251.334,254.439)    0.792     10    
u_apb_syscon/clk_gate_reg_reg[10]/CLK
-     DFFASRHQNx1_ASAP7_75t_R  rise   0.000   0.404   0.029  -      (252.684,254.853)    1.764   -       
---------------------------------------------------------------------------------------------------------------

Timing for timing corner dc_ss:setup.late, max clock_path:
==========================================================

PathID    : 136
Path type : skew group _clock_gen_CLK_SYS_en_latch_reg_10/mode_func (path 1 of 1)
Start     : clk
End       : u_axi_to_apb_m_apb_paddr_reg[30]/CLK
Delay     :   0.429

---------------------------------------------------------------------------------------------------------------
Name  Lib cell                 Event  Incr   Arrival  Slew   Cap    Location           Distance  Fanout  Status
                                      (ns)   (ns)     (ns)   (pF)                      (um)              
-- Clockpath trace --------------------------------------------------------------------------------------------
clk
-     -                        rise   -       0.150   0.004  0.019  (139.684,0.000)    -            2    
CTS_ccl_buf_01624/A
-     BUFx12f_ASAP7_75t_R      rise   0.015   0.165   0.038  -      (193.950,103.779)  158.045   -       
CTS_ccl_buf_01624/Y
-     BUFx12f_ASAP7_75t_R      rise   0.033   0.198   0.017  0.008  (194.238,103.779)    0.288      2    
CTS_ccl_buf_01623/A
-     BUFx10_ASAP7_75t_R       rise   0.003   0.200   0.019  -      (217.800,123.669)   43.452   -       
CTS_ccl_buf_01623/Y
-     BUFx10_ASAP7_75t_R       rise   0.037   0.237   0.032  0.014  (217.620,123.669)    0.180      3    
CTS_ccl_buf_01620/A
-     BUFx8_ASAP7_75t_R        rise   0.008   0.245   0.037  -      (247.464,186.939)   93.114   -       
CTS_ccl_buf_01620/Y
-     BUFx8_ASAP7_75t_R        rise   0.045   0.291   0.027  0.008  (247.644,186.939)    0.180      2    
CTS_ccl_a_buf_01613/A
-     BUFx8_ASAP7_75t_R        rise   0.004   0.295   0.029  -      (248.364,254.349)   68.130   -       
CTS_ccl_a_buf_01613/Y
-     BUFx8_ASAP7_75t_R        rise   0.040   0.335   0.019  0.004  (248.184,254.349)    0.180      2    
CTS_ccl_buf_01605/A
-     BUFx8_ASAP7_75t_R        rise   0.001   0.335   0.019  -      (259.236,255.519)   12.222   -       
CTS_ccl_buf_01605/Y
-     BUFx8_ASAP7_75t_R        rise   0.037   0.372   0.024  0.007  (259.416,255.519)    0.180      2    
u_axi_to_apb_cg_icg__RC_CG_HIER_INST228/RC_CGIC_INST/CLK
-     ICGx8DC_ASAP7_75t_L      rise   0.000   0.373   0.024  -      (261.432,253.701)    3.834   -       
u_axi_to_apb_cg_icg__RC_CG_HIER_INST228/RC_CGIC_INST/GCLK
-     ICGx8DC_ASAP7_75t_L      rise   0.020   0.393   0.013  0.005  (261.612,253.809)    0.288      2    
CTS_ccl_a_buf_00513/A
-     BUFx10_ASAP7_75t_R       rise   0.001   0.393   0.013  -      (260.568,250.119)    4.734   -       
CTS_ccl_a_buf_00513/Y
-     BUFx10_ASAP7_75t_R       rise   0.033   0.426   0.027  0.012  (260.388,250.119)    0.180     20    
u_axi_to_apb_m_apb_paddr_reg[30]/CLK
-     DFFASRHQNx1_ASAP7_75t_R  rise   0.003   0.429   0.030  -      (259.002,238.275)   13.230   -       
---------------------------------------------------------------------------------------------------------------

Timing for timing corner dc_tt:both.early, min clock_path:
==========================================================

PathID    : 137
Path type : skew group _clock_gen_CLK_SYS_en_latch_reg_10/mode_func (path 1 of 1)
Start     : clk
End       : u_apb_syscon/clk_gate_reg_reg[10]/CLK
Delay     :   0.280

---------------------------------------------------------------------------------------------------------------
Name  Lib cell                 Event  Incr   Arrival  Slew   Cap    Location           Distance  Fanout  Status
                                      (ns)   (ns)     (ns)   (pF)                      (um)              
-- Clockpath trace --------------------------------------------------------------------------------------------
clk
-     -                        rise   -       0.100   0.004  0.019  (139.684,0.000)    -            2    
CTS_ccl_buf_01624/A
-     BUFx12f_ASAP7_75t_R      rise   0.013   0.113   0.032  -      (193.950,103.779)  158.045   -       
CTS_ccl_buf_01624/Y
-     BUFx12f_ASAP7_75t_R      rise   0.023   0.136   0.012  0.008  (194.238,103.779)    0.288      2    
CTS_ccl_buf_01623/A
-     BUFx10_ASAP7_75t_R       rise   0.003   0.139   0.014  -      (217.800,123.669)   43.452   -       
CTS_ccl_buf_01623/Y
-     BUFx10_ASAP7_75t_R       rise   0.025   0.164   0.021  0.015  (217.620,123.669)    0.180      3    
CTS_ccl_buf_01620/A
-     BUFx8_ASAP7_75t_R        rise   0.007   0.170   0.026  -      (247.464,186.939)   93.114   -       
CTS_ccl_buf_01620/Y
-     BUFx8_ASAP7_75t_R        rise   0.031   0.201   0.018  0.009  (247.644,186.939)    0.180      2    
CTS_cdb_buf_04712/A
-     BUFx4_ASAP7_75t_R        rise   0.004   0.205   0.020  -      (248.436,251.235)   65.088   -       
CTS_cdb_buf_04712/Y
-     BUFx4_ASAP7_75t_R        rise   0.026   0.231   0.009  0.001  (248.580,251.199)    0.180      1    
CTS_ccl_a_buf_01201/A
-     BUFx4_ASAP7_75t_R        rise   0.000   0.231   0.009  -      (248.976,253.773)    2.970   -       
CTS_ccl_a_buf_01201/Y
-     BUFx4_ASAP7_75t_R        rise   0.028   0.259   0.020  0.006  (249.120,253.809)    0.180      2    
u_apb_syscon/cg_icg__RC_CG_HIER_INST53/RC_CGIC_INST/CLK
-     ICGx3_ASAP7_75t_L        rise   0.000   0.260   0.021  -      (250.650,254.547)    2.268   -       
u_apb_syscon/cg_icg__RC_CG_HIER_INST53/RC_CGIC_INST/GCLK
-     ICGx3_ASAP7_75t_L        rise   0.021   0.280   0.019  0.006  (251.334,254.439)    0.792     10    
u_apb_syscon/clk_gate_reg_reg[10]/CLK
-     DFFASRHQNx1_ASAP7_75t_R  rise   0.000   0.280   0.019  -      (252.684,254.853)    1.764   -       
---------------------------------------------------------------------------------------------------------------

Timing for timing corner dc_tt:both.early, max clock_path:
==========================================================

PathID    : 138
Path type : skew group _clock_gen_CLK_SYS_en_latch_reg_10/mode_func (path 1 of 1)
Start     : clk
End       : u_axi_to_apb_m_apb_paddr_reg[29]/CLK
Delay     :   0.298

---------------------------------------------------------------------------------------------------------------
Name  Lib cell                 Event  Incr   Arrival  Slew   Cap    Location           Distance  Fanout  Status
                                      (ns)   (ns)     (ns)   (pF)                      (um)              
-- Clockpath trace --------------------------------------------------------------------------------------------
clk
-     -                        rise   -       0.100   0.004  0.019  (139.684,0.000)    -            2    
CTS_ccl_buf_01624/A
-     BUFx12f_ASAP7_75t_R      rise   0.013   0.113   0.032  -      (193.950,103.779)  158.045   -       
CTS_ccl_buf_01624/Y
-     BUFx12f_ASAP7_75t_R      rise   0.023   0.136   0.012  0.008  (194.238,103.779)    0.288      2    
CTS_ccl_buf_01623/A
-     BUFx10_ASAP7_75t_R       rise   0.003   0.139   0.014  -      (217.800,123.669)   43.452   -       
CTS_ccl_buf_01623/Y
-     BUFx10_ASAP7_75t_R       rise   0.025   0.164   0.021  0.015  (217.620,123.669)    0.180      3    
CTS_ccl_buf_01620/A
-     BUFx8_ASAP7_75t_R        rise   0.007   0.170   0.026  -      (247.464,186.939)   93.114   -       
CTS_ccl_buf_01620/Y
-     BUFx8_ASAP7_75t_R        rise   0.031   0.201   0.018  0.009  (247.644,186.939)    0.180      2    
CTS_ccl_a_buf_01613/A
-     BUFx8_ASAP7_75t_R        rise   0.004   0.205   0.020  -      (248.364,254.349)   68.130   -       
CTS_ccl_a_buf_01613/Y
-     BUFx8_ASAP7_75t_R        rise   0.027   0.232   0.013  0.004  (248.184,254.349)    0.180      2    
CTS_ccl_buf_01605/A
-     BUFx8_ASAP7_75t_R        rise   0.001   0.233   0.013  -      (259.236,255.519)   12.222   -       
CTS_ccl_buf_01605/Y
-     BUFx8_ASAP7_75t_R        rise   0.025   0.258   0.014  0.007  (259.416,255.519)    0.180      2    
u_axi_to_apb_cg_icg__RC_CG_HIER_INST228/RC_CGIC_INST/CLK
-     ICGx8DC_ASAP7_75t_L      rise   0.000   0.259   0.014  -      (261.432,253.701)    3.834   -       
u_axi_to_apb_cg_icg__RC_CG_HIER_INST228/RC_CGIC_INST/GCLK
-     ICGx8DC_ASAP7_75t_L      rise   0.013   0.272   0.009  0.005  (261.612,253.809)    0.288      2    
CTS_ccl_a_buf_00513/A
-     BUFx10_ASAP7_75t_R       rise   0.001   0.273   0.009  -      (260.568,250.119)    4.734   -       
CTS_ccl_a_buf_00513/Y
-     BUFx10_ASAP7_75t_R       rise   0.023   0.295   0.019  0.013  (260.388,250.119)    0.180     20    
u_axi_to_apb_m_apb_paddr_reg[29]/CLK
-     DFFASRHQNx1_ASAP7_75t_R  rise   0.002   0.298   0.020  -      (258.894,239.733)   11.880   -       
---------------------------------------------------------------------------------------------------------------

Timing for timing corner dc_tt:both.late, min clock_path:
=========================================================

PathID    : 139
Path type : skew group _clock_gen_CLK_SYS_en_latch_reg_10/mode_func (path 1 of 1)
Start     : clk
End       : u_apb_syscon/clk_gate_reg_reg[10]/CLK
Delay     :   0.331

---------------------------------------------------------------------------------------------------------------
Name  Lib cell                 Event  Incr   Arrival  Slew   Cap    Location           Distance  Fanout  Status
                                      (ns)   (ns)     (ns)   (pF)                      (um)              
-- Clockpath trace --------------------------------------------------------------------------------------------
clk
-     -                        rise   -       0.150   0.004  0.019  (139.684,0.000)    -            2    
CTS_ccl_buf_01624/A
-     BUFx12f_ASAP7_75t_R      rise   0.013   0.163   0.032  -      (193.950,103.779)  158.045   -       
CTS_ccl_buf_01624/Y
-     BUFx12f_ASAP7_75t_R      rise   0.023   0.186   0.012  0.008  (194.238,103.779)    0.288      2    
CTS_ccl_buf_01623/A
-     BUFx10_ASAP7_75t_R       rise   0.003   0.189   0.014  -      (217.800,123.669)   43.452   -       
CTS_ccl_buf_01623/Y
-     BUFx10_ASAP7_75t_R       rise   0.025   0.214   0.021  0.015  (217.620,123.669)    0.180      3    
CTS_ccl_buf_01620/A
-     BUFx8_ASAP7_75t_R        rise   0.007   0.220   0.026  -      (247.464,186.939)   93.114   -       
CTS_ccl_buf_01620/Y
-     BUFx8_ASAP7_75t_R        rise   0.031   0.251   0.018  0.009  (247.644,186.939)    0.180      2    
CTS_cdb_buf_04712/A
-     BUFx4_ASAP7_75t_R        rise   0.004   0.255   0.020  -      (248.436,251.235)   65.088   -       
CTS_cdb_buf_04712/Y
-     BUFx4_ASAP7_75t_R        rise   0.026   0.281   0.009  0.001  (248.580,251.199)    0.180      1    
CTS_ccl_a_buf_01201/A
-     BUFx4_ASAP7_75t_R        rise   0.000   0.281   0.009  -      (248.976,253.773)    2.970   -       
CTS_ccl_a_buf_01201/Y
-     BUFx4_ASAP7_75t_R        rise   0.028   0.309   0.021  0.006  (249.120,253.809)    0.180      2    
u_apb_syscon/cg_icg__RC_CG_HIER_INST53/RC_CGIC_INST/CLK
-     ICGx3_ASAP7_75t_L        rise   0.001   0.310   0.021  -      (250.650,254.547)    2.268   -       
u_apb_syscon/cg_icg__RC_CG_HIER_INST53/RC_CGIC_INST/GCLK
-     ICGx3_ASAP7_75t_L        rise   0.021   0.331   0.019  0.006  (251.334,254.439)    0.792     10    
u_apb_syscon/clk_gate_reg_reg[10]/CLK
-     DFFASRHQNx1_ASAP7_75t_R  rise   0.000   0.331   0.020  -      (252.684,254.853)    1.764   -       
---------------------------------------------------------------------------------------------------------------

Timing for timing corner dc_tt:both.late, max clock_path:
=========================================================

PathID    : 140
Path type : skew group _clock_gen_CLK_SYS_en_latch_reg_10/mode_func (path 1 of 1)
Start     : clk
End       : u_axi_to_apb_m_apb_paddr_reg[30]/CLK
Delay     :   0.349

---------------------------------------------------------------------------------------------------------------
Name  Lib cell                 Event  Incr   Arrival  Slew   Cap    Location           Distance  Fanout  Status
                                      (ns)   (ns)     (ns)   (pF)                      (um)              
-- Clockpath trace --------------------------------------------------------------------------------------------
clk
-     -                        rise   -       0.150   0.004  0.019  (139.684,0.000)    -            2    
CTS_ccl_buf_01624/A
-     BUFx12f_ASAP7_75t_R      rise   0.013   0.163   0.032  -      (193.950,103.779)  158.045   -       
CTS_ccl_buf_01624/Y
-     BUFx12f_ASAP7_75t_R      rise   0.023   0.186   0.012  0.008  (194.238,103.779)    0.288      2    
CTS_ccl_buf_01623/A
-     BUFx10_ASAP7_75t_R       rise   0.003   0.189   0.014  -      (217.800,123.669)   43.452   -       
CTS_ccl_buf_01623/Y
-     BUFx10_ASAP7_75t_R       rise   0.025   0.214   0.021  0.015  (217.620,123.669)    0.180      3    
CTS_ccl_buf_01620/A
-     BUFx8_ASAP7_75t_R        rise   0.007   0.220   0.026  -      (247.464,186.939)   93.114   -       
CTS_ccl_buf_01620/Y
-     BUFx8_ASAP7_75t_R        rise   0.031   0.251   0.018  0.009  (247.644,186.939)    0.180      2    
CTS_ccl_a_buf_01613/A
-     BUFx8_ASAP7_75t_R        rise   0.004   0.255   0.020  -      (248.364,254.349)   68.130   -       
CTS_ccl_a_buf_01613/Y
-     BUFx8_ASAP7_75t_R        rise   0.027   0.282   0.013  0.004  (248.184,254.349)    0.180      2    
CTS_ccl_buf_01605/A
-     BUFx8_ASAP7_75t_R        rise   0.001   0.283   0.013  -      (259.236,255.519)   12.222   -       
CTS_ccl_buf_01605/Y
-     BUFx8_ASAP7_75t_R        rise   0.026   0.309   0.016  0.007  (259.416,255.519)    0.180      2    
u_axi_to_apb_cg_icg__RC_CG_HIER_INST228/RC_CGIC_INST/CLK
-     ICGx8DC_ASAP7_75t_L      rise   0.000   0.309   0.016  -      (261.432,253.701)    3.834   -       
u_axi_to_apb_cg_icg__RC_CG_HIER_INST228/RC_CGIC_INST/GCLK
-     ICGx8DC_ASAP7_75t_L      rise   0.014   0.323   0.009  0.005  (261.612,253.809)    0.288      2    
CTS_ccl_a_buf_00513/A
-     BUFx10_ASAP7_75t_R       rise   0.001   0.324   0.009  -      (260.568,250.119)    4.734   -       
CTS_ccl_a_buf_00513/Y
-     BUFx10_ASAP7_75t_R       rise   0.023   0.347   0.019  0.013  (260.388,250.119)    0.180     20    
u_axi_to_apb_m_apb_paddr_reg[30]/CLK
-     DFFASRHQNx1_ASAP7_75t_R  rise   0.002   0.349   0.021  -      (259.002,238.275)   13.230   -       
---------------------------------------------------------------------------------------------------------------

Timing for timing corner dc_ff:hold.early, min clock_path:
==========================================================

PathID    : 141
Path type : skew group _clock_gen_CLK_SYS_en_latch_reg_10/mode_func (path 1 of 1)
Start     : clk
End       : u_apb_syscon/clk_gate_reg_reg[10]/CLK
Delay     :   0.240

---------------------------------------------------------------------------------------------------------------
Name  Lib cell                 Event  Incr   Arrival  Slew   Cap    Location           Distance  Fanout  Status
                                      (ns)   (ns)     (ns)   (pF)                      (um)              
-- Clockpath trace --------------------------------------------------------------------------------------------
clk
-     -                        rise   -       0.100   0.004  0.020  (139.684,0.000)    -            2    
CTS_ccl_buf_01624/A
-     BUFx12f_ASAP7_75t_R      rise   0.012   0.112   0.031  -      (193.950,103.779)  158.045   -       
CTS_ccl_buf_01624/Y
-     BUFx12f_ASAP7_75t_R      rise   0.018   0.130   0.009  0.008  (194.238,103.779)    0.288      2    
CTS_ccl_buf_01623/A
-     BUFx10_ASAP7_75t_R       rise   0.003   0.133   0.012  -      (217.800,123.669)   43.452   -       
CTS_ccl_buf_01623/Y
-     BUFx10_ASAP7_75t_R       rise   0.019   0.151   0.016  0.015  (217.620,123.669)    0.180      3    
CTS_ccl_buf_01620/A
-     BUFx8_ASAP7_75t_R        rise   0.006   0.157   0.021  -      (247.464,186.939)   93.114   -       
CTS_ccl_buf_01620/Y
-     BUFx8_ASAP7_75t_R        rise   0.023   0.180   0.013  0.009  (247.644,186.939)    0.180      2    
CTS_cdb_buf_04712/A
-     BUFx4_ASAP7_75t_R        rise   0.003   0.183   0.016  -      (248.436,251.235)   65.088   -       
CTS_cdb_buf_04712/Y
-     BUFx4_ASAP7_75t_R        rise   0.019   0.203   0.007  0.001  (248.580,251.199)    0.180      1    
CTS_ccl_a_buf_01201/A
-     BUFx4_ASAP7_75t_R        rise   0.000   0.203   0.007  -      (248.976,253.773)    2.970   -       
CTS_ccl_a_buf_01201/Y
-     BUFx4_ASAP7_75t_R        rise   0.021   0.224   0.015  0.006  (249.120,253.809)    0.180      2    
u_apb_syscon/cg_icg__RC_CG_HIER_INST53/RC_CGIC_INST/CLK
-     ICGx3_ASAP7_75t_L        rise   0.001   0.224   0.015  -      (250.650,254.547)    2.268   -       
u_apb_syscon/cg_icg__RC_CG_HIER_INST53/RC_CGIC_INST/GCLK
-     ICGx3_ASAP7_75t_L        rise   0.015   0.239   0.015  0.007  (251.334,254.439)    0.792     10    
u_apb_syscon/clk_gate_reg_reg[10]/CLK
-     DFFASRHQNx1_ASAP7_75t_R  rise   0.000   0.240   0.015  -      (252.684,254.853)    1.764   -       
---------------------------------------------------------------------------------------------------------------

Timing for timing corner dc_ff:hold.early, max clock_path:
==========================================================

PathID    : 142
Path type : skew group _clock_gen_CLK_SYS_en_latch_reg_10/mode_func (path 1 of 1)
Start     : clk
End       : u_axi_to_apb_m_apb_paddr_reg[29]/CLK
Delay     :   0.253

---------------------------------------------------------------------------------------------------------------
Name  Lib cell                 Event  Incr   Arrival  Slew   Cap    Location           Distance  Fanout  Status
                                      (ns)   (ns)     (ns)   (pF)                      (um)              
-- Clockpath trace --------------------------------------------------------------------------------------------
clk
-     -                        rise   -       0.100   0.004  0.020  (139.684,0.000)    -            2    
CTS_ccl_buf_01624/A
-     BUFx12f_ASAP7_75t_R      rise   0.012   0.112   0.031  -      (193.950,103.779)  158.045   -       
CTS_ccl_buf_01624/Y
-     BUFx12f_ASAP7_75t_R      rise   0.018   0.130   0.009  0.008  (194.238,103.779)    0.288      2    
CTS_ccl_buf_01623/A
-     BUFx10_ASAP7_75t_R       rise   0.003   0.133   0.012  -      (217.800,123.669)   43.452   -       
CTS_ccl_buf_01623/Y
-     BUFx10_ASAP7_75t_R       rise   0.019   0.151   0.016  0.015  (217.620,123.669)    0.180      3    
CTS_ccl_buf_01620/A
-     BUFx8_ASAP7_75t_R        rise   0.006   0.157   0.021  -      (247.464,186.939)   93.114   -       
CTS_ccl_buf_01620/Y
-     BUFx8_ASAP7_75t_R        rise   0.023   0.180   0.013  0.009  (247.644,186.939)    0.180      2    
CTS_ccl_a_buf_01613/A
-     BUFx8_ASAP7_75t_R        rise   0.004   0.183   0.016  -      (248.364,254.349)   68.130   -       
CTS_ccl_a_buf_01613/Y
-     BUFx8_ASAP7_75t_R        rise   0.020   0.204   0.009  0.005  (248.184,254.349)    0.180      2    
CTS_ccl_buf_01605/A
-     BUFx8_ASAP7_75t_R        rise   0.001   0.204   0.009  -      (259.236,255.519)   12.222   -       
CTS_ccl_buf_01605/Y
-     BUFx8_ASAP7_75t_R        rise   0.018   0.223   0.010  0.008  (259.416,255.519)    0.180      2    
u_axi_to_apb_cg_icg__RC_CG_HIER_INST228/RC_CGIC_INST/CLK
-     ICGx8DC_ASAP7_75t_L      rise   0.000   0.223   0.011  -      (261.432,253.701)    3.834   -       
u_axi_to_apb_cg_icg__RC_CG_HIER_INST228/RC_CGIC_INST/GCLK
-     ICGx8DC_ASAP7_75t_L      rise   0.010   0.233   0.007  0.006  (261.612,253.809)    0.288      2    
CTS_ccl_a_buf_00513/A
-     BUFx10_ASAP7_75t_R       rise   0.001   0.234   0.007  -      (260.568,250.119)    4.734   -       
CTS_ccl_a_buf_00513/Y
-     BUFx10_ASAP7_75t_R       rise   0.017   0.251   0.015  0.013  (260.388,250.119)    0.180     20    
u_axi_to_apb_m_apb_paddr_reg[29]/CLK
-     DFFASRHQNx1_ASAP7_75t_R  rise   0.002   0.253   0.017  -      (258.894,239.733)   11.880   -       
---------------------------------------------------------------------------------------------------------------

Timing for timing corner dc_ff:hold.late, min clock_path:
=========================================================

PathID    : 143
Path type : skew group _clock_gen_CLK_SYS_en_latch_reg_10/mode_func (path 1 of 1)
Start     : clk
End       : u_apb_syscon/clk_gate_reg_reg[10]/CLK
Delay     :   0.291

---------------------------------------------------------------------------------------------------------------
Name  Lib cell                 Event  Incr   Arrival  Slew   Cap    Location           Distance  Fanout  Status
                                      (ns)   (ns)     (ns)   (pF)                      (um)              
-- Clockpath trace --------------------------------------------------------------------------------------------
clk
-     -                        rise   -       0.150   0.004  0.020  (139.684,0.000)    -            2    
CTS_ccl_buf_01624/A
-     BUFx12f_ASAP7_75t_R      rise   0.012   0.162   0.031  -      (193.950,103.779)  158.045   -       
CTS_ccl_buf_01624/Y
-     BUFx12f_ASAP7_75t_R      rise   0.018   0.180   0.009  0.008  (194.238,103.779)    0.288      2    
CTS_ccl_buf_01623/A
-     BUFx10_ASAP7_75t_R       rise   0.003   0.182   0.012  -      (217.800,123.669)   43.452   -       
CTS_ccl_buf_01623/Y
-     BUFx10_ASAP7_75t_R       rise   0.019   0.201   0.016  0.015  (217.620,123.669)    0.180      3    
CTS_ccl_buf_01620/A
-     BUFx8_ASAP7_75t_R        rise   0.006   0.207   0.022  -      (247.464,186.939)   93.114   -       
CTS_ccl_buf_01620/Y
-     BUFx8_ASAP7_75t_R        rise   0.023   0.230   0.013  0.009  (247.644,186.939)    0.180      2    
CTS_cdb_buf_04712/A
-     BUFx4_ASAP7_75t_R        rise   0.003   0.234   0.016  -      (248.436,251.235)   65.088   -       
CTS_cdb_buf_04712/Y
-     BUFx4_ASAP7_75t_R        rise   0.019   0.253   0.007  0.001  (248.580,251.199)    0.180      1    
CTS_ccl_a_buf_01201/A
-     BUFx4_ASAP7_75t_R        rise   0.000   0.253   0.007  -      (248.976,253.773)    2.970   -       
CTS_ccl_a_buf_01201/Y
-     BUFx4_ASAP7_75t_R        rise   0.021   0.274   0.015  0.006  (249.120,253.809)    0.180      2    
u_apb_syscon/cg_icg__RC_CG_HIER_INST53/RC_CGIC_INST/CLK
-     ICGx3_ASAP7_75t_L        rise   0.001   0.275   0.016  -      (250.650,254.547)    2.268   -       
u_apb_syscon/cg_icg__RC_CG_HIER_INST53/RC_CGIC_INST/GCLK
-     ICGx3_ASAP7_75t_L        rise   0.016   0.290   0.015  0.007  (251.334,254.439)    0.792     10    
u_apb_syscon/clk_gate_reg_reg[10]/CLK
-     DFFASRHQNx1_ASAP7_75t_R  rise   0.000   0.291   0.015  -      (252.684,254.853)    1.764   -       
---------------------------------------------------------------------------------------------------------------

Timing for timing corner dc_ff:hold.late, max clock_path:
=========================================================

PathID    : 144
Path type : skew group _clock_gen_CLK_SYS_en_latch_reg_10/mode_func (path 1 of 1)
Start     : clk
End       : u_axi_to_apb_m_apb_paddr_reg[30]/CLK
Delay     :   0.304

---------------------------------------------------------------------------------------------------------------
Name  Lib cell                 Event  Incr   Arrival  Slew   Cap    Location           Distance  Fanout  Status
                                      (ns)   (ns)     (ns)   (pF)                      (um)              
-- Clockpath trace --------------------------------------------------------------------------------------------
clk
-     -                        rise   -       0.150   0.004  0.020  (139.684,0.000)    -            2    
CTS_ccl_buf_01624/A
-     BUFx12f_ASAP7_75t_R      rise   0.012   0.162   0.031  -      (193.950,103.779)  158.045   -       
CTS_ccl_buf_01624/Y
-     BUFx12f_ASAP7_75t_R      rise   0.018   0.180   0.009  0.008  (194.238,103.779)    0.288      2    
CTS_ccl_buf_01623/A
-     BUFx10_ASAP7_75t_R       rise   0.003   0.182   0.012  -      (217.800,123.669)   43.452   -       
CTS_ccl_buf_01623/Y
-     BUFx10_ASAP7_75t_R       rise   0.019   0.201   0.016  0.015  (217.620,123.669)    0.180      3    
CTS_ccl_buf_01620/A
-     BUFx8_ASAP7_75t_R        rise   0.006   0.207   0.022  -      (247.464,186.939)   93.114   -       
CTS_ccl_buf_01620/Y
-     BUFx8_ASAP7_75t_R        rise   0.023   0.230   0.013  0.009  (247.644,186.939)    0.180      2    
CTS_ccl_a_buf_01613/A
-     BUFx8_ASAP7_75t_R        rise   0.003   0.234   0.016  -      (248.364,254.349)   68.130   -       
CTS_ccl_a_buf_01613/Y
-     BUFx8_ASAP7_75t_R        rise   0.020   0.254   0.009  0.005  (248.184,254.349)    0.180      2    
CTS_ccl_buf_01605/A
-     BUFx8_ASAP7_75t_R        rise   0.001   0.255   0.009  -      (259.236,255.519)   12.222   -       
CTS_ccl_buf_01605/Y
-     BUFx8_ASAP7_75t_R        rise   0.019   0.274   0.012  0.008  (259.416,255.519)    0.180      2    
u_axi_to_apb_cg_icg__RC_CG_HIER_INST228/RC_CGIC_INST/CLK
-     ICGx8DC_ASAP7_75t_L      rise   0.000   0.274   0.013  -      (261.432,253.701)    3.834   -       
u_axi_to_apb_cg_icg__RC_CG_HIER_INST228/RC_CGIC_INST/GCLK
-     ICGx8DC_ASAP7_75t_L      rise   0.010   0.285   0.007  0.006  (261.612,253.809)    0.288      2    
CTS_ccl_a_buf_00513/A
-     BUFx10_ASAP7_75t_R       rise   0.001   0.285   0.007  -      (260.568,250.119)    4.734   -       
CTS_ccl_a_buf_00513/Y
-     BUFx10_ASAP7_75t_R       rise   0.017   0.302   0.015  0.013  (260.388,250.119)    0.180     20    
u_axi_to_apb_m_apb_paddr_reg[30]/CLK
-     DFFASRHQNx1_ASAP7_75t_R  rise   0.002   0.304   0.018  -      (259.002,238.275)   13.230   -       
---------------------------------------------------------------------------------------------------------------

Timing for timing corner dc_ss:setup.early, min clock_path:
===========================================================

PathID    : 145
Path type : skew group _clock_gen_CLK_SYS_en_latch_reg_11/mode_func (path 1 of 1)
Start     : clk
End       : u_apb_syscon/clk_gate_reg_reg[1]/CLK
Delay     :   0.354

---------------------------------------------------------------------------------------------------------------
Name  Lib cell                 Event  Incr   Arrival  Slew   Cap    Location           Distance  Fanout  Status
                                      (ns)   (ns)     (ns)   (pF)                      (um)              
-- Clockpath trace --------------------------------------------------------------------------------------------
clk
-     -                        rise   -       0.100   0.004  0.019  (139.684,0.000)    -            2    
CTS_ccl_buf_01624/A
-     BUFx12f_ASAP7_75t_R      rise   0.015   0.115   0.038  -      (193.950,103.779)  158.045   -       
CTS_ccl_buf_01624/Y
-     BUFx12f_ASAP7_75t_R      rise   0.033   0.147   0.017  0.008  (194.238,103.779)    0.288      2    
CTS_ccl_buf_01623/A
-     BUFx10_ASAP7_75t_R       rise   0.003   0.150   0.019  -      (217.800,123.669)   43.452   -       
CTS_ccl_buf_01623/Y
-     BUFx10_ASAP7_75t_R       rise   0.037   0.188   0.032  0.014  (217.620,123.669)    0.180      3    
CTS_ccl_buf_01620/A
-     BUFx8_ASAP7_75t_R        rise   0.008   0.195   0.036  -      (247.464,186.939)   93.114   -       
CTS_ccl_buf_01620/Y
-     BUFx8_ASAP7_75t_R        rise   0.045   0.241   0.027  0.008  (247.644,186.939)    0.180      2    
CTS_cdb_buf_04712/A
-     BUFx4_ASAP7_75t_R        rise   0.004   0.245   0.029  -      (248.436,251.235)   65.088   -       
CTS_cdb_buf_04712/Y
-     BUFx4_ASAP7_75t_R        rise   0.038   0.283   0.014  0.001  (248.580,251.199)    0.180      1    
CTS_ccl_a_buf_01201/A
-     BUFx4_ASAP7_75t_R        rise   0.000   0.283   0.014  -      (248.976,253.773)    2.970   -       
CTS_ccl_a_buf_01201/Y
-     BUFx4_ASAP7_75t_R        rise   0.040   0.323   0.030  0.006  (249.120,253.809)    0.180      2    
u_apb_syscon/cg_icg__RC_CG_HIER_INST53/RC_CGIC_INST/CLK
-     ICGx3_ASAP7_75t_L        rise   0.001   0.324   0.031  -      (250.650,254.547)    2.268   -       
u_apb_syscon/cg_icg__RC_CG_HIER_INST53/RC_CGIC_INST/GCLK
-     ICGx3_ASAP7_75t_L        rise   0.030   0.353   0.027  0.006  (251.334,254.439)    0.792     10    
u_apb_syscon/clk_gate_reg_reg[1]/CLK
-     DFFASRHQNx1_ASAP7_75t_R  rise   0.000   0.354   0.028  -      (248.850,255.393)    3.438   -       
---------------------------------------------------------------------------------------------------------------

Timing for timing corner dc_ss:setup.early, max clock_path:
===========================================================

PathID    : 146
Path type : skew group _clock_gen_CLK_SYS_en_latch_reg_11/mode_func (path 1 of 1)
Start     : clk
End       : u_axi_to_apb_m_apb_paddr_reg[30]/CLK
Delay     :   0.378

---------------------------------------------------------------------------------------------------------------
Name  Lib cell                 Event  Incr   Arrival  Slew   Cap    Location           Distance  Fanout  Status
                                      (ns)   (ns)     (ns)   (pF)                      (um)              
-- Clockpath trace --------------------------------------------------------------------------------------------
clk
-     -                        rise   -       0.100   0.004  0.019  (139.684,0.000)    -            2    
CTS_ccl_buf_01624/A
-     BUFx12f_ASAP7_75t_R      rise   0.015   0.115   0.038  -      (193.950,103.779)  158.045   -       
CTS_ccl_buf_01624/Y
-     BUFx12f_ASAP7_75t_R      rise   0.033   0.147   0.017  0.008  (194.238,103.779)    0.288      2    
CTS_ccl_buf_01623/A
-     BUFx10_ASAP7_75t_R       rise   0.003   0.150   0.019  -      (217.800,123.669)   43.452   -       
CTS_ccl_buf_01623/Y
-     BUFx10_ASAP7_75t_R       rise   0.037   0.188   0.032  0.014  (217.620,123.669)    0.180      3    
CTS_ccl_buf_01620/A
-     BUFx8_ASAP7_75t_R        rise   0.008   0.195   0.036  -      (247.464,186.939)   93.114   -       
CTS_ccl_buf_01620/Y
-     BUFx8_ASAP7_75t_R        rise   0.045   0.241   0.027  0.008  (247.644,186.939)    0.180      2    
CTS_ccl_a_buf_01613/A
-     BUFx8_ASAP7_75t_R        rise   0.004   0.245   0.029  -      (248.364,254.349)   68.130   -       
CTS_ccl_a_buf_01613/Y
-     BUFx8_ASAP7_75t_R        rise   0.040   0.285   0.019  0.004  (248.184,254.349)    0.180      2    
CTS_ccl_buf_01605/A
-     BUFx8_ASAP7_75t_R        rise   0.001   0.285   0.019  -      (259.236,255.519)   12.222   -       
CTS_ccl_buf_01605/Y
-     BUFx8_ASAP7_75t_R        rise   0.036   0.322   0.021  0.007  (259.416,255.519)    0.180      2    
u_axi_to_apb_cg_icg__RC_CG_HIER_INST228/RC_CGIC_INST/CLK
-     ICGx8DC_ASAP7_75t_L      rise   0.000   0.322   0.021  -      (261.432,253.701)    3.834   -       
u_axi_to_apb_cg_icg__RC_CG_HIER_INST228/RC_CGIC_INST/GCLK
-     ICGx8DC_ASAP7_75t_L      rise   0.019   0.341   0.013  0.005  (261.612,253.809)    0.288      2    
CTS_ccl_a_buf_00513/A
-     BUFx10_ASAP7_75t_R       rise   0.001   0.342   0.013  -      (260.568,250.119)    4.734   -       
CTS_ccl_a_buf_00513/Y
-     BUFx10_ASAP7_75t_R       rise   0.033   0.375   0.027  0.012  (260.388,250.119)    0.180     20    
u_axi_to_apb_m_apb_paddr_reg[30]/CLK
-     DFFASRHQNx1_ASAP7_75t_R  rise   0.003   0.378   0.029  -      (259.002,238.275)   13.230   -       
---------------------------------------------------------------------------------------------------------------

Timing for timing corner dc_ss:setup.late, min clock_path:
==========================================================

PathID    : 147
Path type : skew group _clock_gen_CLK_SYS_en_latch_reg_11/mode_func (path 1 of 1)
Start     : clk
End       : u_apb_syscon/clk_gate_reg_reg[1]/CLK
Delay     :   0.404

---------------------------------------------------------------------------------------------------------------
Name  Lib cell                 Event  Incr   Arrival  Slew   Cap    Location           Distance  Fanout  Status
                                      (ns)   (ns)     (ns)   (pF)                      (um)              
-- Clockpath trace --------------------------------------------------------------------------------------------
clk
-     -                        rise   -       0.150   0.004  0.019  (139.684,0.000)    -            2    
CTS_ccl_buf_01624/A
-     BUFx12f_ASAP7_75t_R      rise   0.015   0.165   0.038  -      (193.950,103.779)  158.045   -       
CTS_ccl_buf_01624/Y
-     BUFx12f_ASAP7_75t_R      rise   0.033   0.198   0.017  0.008  (194.238,103.779)    0.288      2    
CTS_ccl_buf_01623/A
-     BUFx10_ASAP7_75t_R       rise   0.003   0.200   0.019  -      (217.800,123.669)   43.452   -       
CTS_ccl_buf_01623/Y
-     BUFx10_ASAP7_75t_R       rise   0.037   0.237   0.032  0.014  (217.620,123.669)    0.180      3    
CTS_ccl_buf_01620/A
-     BUFx8_ASAP7_75t_R        rise   0.008   0.245   0.037  -      (247.464,186.939)   93.114   -       
CTS_ccl_buf_01620/Y
-     BUFx8_ASAP7_75t_R        rise   0.045   0.291   0.027  0.008  (247.644,186.939)    0.180      2    
CTS_cdb_buf_04712/A
-     BUFx4_ASAP7_75t_R        rise   0.004   0.295   0.029  -      (248.436,251.235)   65.088   -       
CTS_cdb_buf_04712/Y
-     BUFx4_ASAP7_75t_R        rise   0.038   0.333   0.014  0.001  (248.580,251.199)    0.180      1    
CTS_ccl_a_buf_01201/A
-     BUFx4_ASAP7_75t_R        rise   0.000   0.333   0.014  -      (248.976,253.773)    2.970   -       
CTS_ccl_a_buf_01201/Y
-     BUFx4_ASAP7_75t_R        rise   0.041   0.374   0.032  0.006  (249.120,253.809)    0.180      2    
u_apb_syscon/cg_icg__RC_CG_HIER_INST53/RC_CGIC_INST/CLK
-     ICGx3_ASAP7_75t_L        rise   0.001   0.374   0.032  -      (250.650,254.547)    2.268   -       
u_apb_syscon/cg_icg__RC_CG_HIER_INST53/RC_CGIC_INST/GCLK
-     ICGx3_ASAP7_75t_L        rise   0.030   0.404   0.028  0.006  (251.334,254.439)    0.792     10    
u_apb_syscon/clk_gate_reg_reg[1]/CLK
-     DFFASRHQNx1_ASAP7_75t_R  rise   0.000   0.404   0.029  -      (248.850,255.393)    3.438   -       
---------------------------------------------------------------------------------------------------------------

Timing for timing corner dc_ss:setup.late, max clock_path:
==========================================================

PathID    : 148
Path type : skew group _clock_gen_CLK_SYS_en_latch_reg_11/mode_func (path 1 of 1)
Start     : clk
End       : u_axi_to_apb_m_apb_paddr_reg[30]/CLK
Delay     :   0.429

---------------------------------------------------------------------------------------------------------------
Name  Lib cell                 Event  Incr   Arrival  Slew   Cap    Location           Distance  Fanout  Status
                                      (ns)   (ns)     (ns)   (pF)                      (um)              
-- Clockpath trace --------------------------------------------------------------------------------------------
clk
-     -                        rise   -       0.150   0.004  0.019  (139.684,0.000)    -            2    
CTS_ccl_buf_01624/A
-     BUFx12f_ASAP7_75t_R      rise   0.015   0.165   0.038  -      (193.950,103.779)  158.045   -       
CTS_ccl_buf_01624/Y
-     BUFx12f_ASAP7_75t_R      rise   0.033   0.198   0.017  0.008  (194.238,103.779)    0.288      2    
CTS_ccl_buf_01623/A
-     BUFx10_ASAP7_75t_R       rise   0.003   0.200   0.019  -      (217.800,123.669)   43.452   -       
CTS_ccl_buf_01623/Y
-     BUFx10_ASAP7_75t_R       rise   0.037   0.237   0.032  0.014  (217.620,123.669)    0.180      3    
CTS_ccl_buf_01620/A
-     BUFx8_ASAP7_75t_R        rise   0.008   0.245   0.037  -      (247.464,186.939)   93.114   -       
CTS_ccl_buf_01620/Y
-     BUFx8_ASAP7_75t_R        rise   0.045   0.291   0.027  0.008  (247.644,186.939)    0.180      2    
CTS_ccl_a_buf_01613/A
-     BUFx8_ASAP7_75t_R        rise   0.004   0.295   0.029  -      (248.364,254.349)   68.130   -       
CTS_ccl_a_buf_01613/Y
-     BUFx8_ASAP7_75t_R        rise   0.040   0.335   0.019  0.004  (248.184,254.349)    0.180      2    
CTS_ccl_buf_01605/A
-     BUFx8_ASAP7_75t_R        rise   0.001   0.335   0.019  -      (259.236,255.519)   12.222   -       
CTS_ccl_buf_01605/Y
-     BUFx8_ASAP7_75t_R        rise   0.037   0.372   0.024  0.007  (259.416,255.519)    0.180      2    
u_axi_to_apb_cg_icg__RC_CG_HIER_INST228/RC_CGIC_INST/CLK
-     ICGx8DC_ASAP7_75t_L      rise   0.000   0.373   0.024  -      (261.432,253.701)    3.834   -       
u_axi_to_apb_cg_icg__RC_CG_HIER_INST228/RC_CGIC_INST/GCLK
-     ICGx8DC_ASAP7_75t_L      rise   0.020   0.393   0.013  0.005  (261.612,253.809)    0.288      2    
CTS_ccl_a_buf_00513/A
-     BUFx10_ASAP7_75t_R       rise   0.001   0.393   0.013  -      (260.568,250.119)    4.734   -       
CTS_ccl_a_buf_00513/Y
-     BUFx10_ASAP7_75t_R       rise   0.033   0.426   0.027  0.012  (260.388,250.119)    0.180     20    
u_axi_to_apb_m_apb_paddr_reg[30]/CLK
-     DFFASRHQNx1_ASAP7_75t_R  rise   0.003   0.429   0.030  -      (259.002,238.275)   13.230   -       
---------------------------------------------------------------------------------------------------------------

Timing for timing corner dc_tt:both.early, min clock_path:
==========================================================

PathID    : 149
Path type : skew group _clock_gen_CLK_SYS_en_latch_reg_11/mode_func (path 1 of 1)
Start     : clk
End       : u_apb_syscon/clk_gate_reg_reg[1]/CLK
Delay     :   0.280

---------------------------------------------------------------------------------------------------------------
Name  Lib cell                 Event  Incr   Arrival  Slew   Cap    Location           Distance  Fanout  Status
                                      (ns)   (ns)     (ns)   (pF)                      (um)              
-- Clockpath trace --------------------------------------------------------------------------------------------
clk
-     -                        rise   -       0.100   0.004  0.019  (139.684,0.000)    -            2    
CTS_ccl_buf_01624/A
-     BUFx12f_ASAP7_75t_R      rise   0.013   0.113   0.032  -      (193.950,103.779)  158.045   -       
CTS_ccl_buf_01624/Y
-     BUFx12f_ASAP7_75t_R      rise   0.023   0.136   0.012  0.008  (194.238,103.779)    0.288      2    
CTS_ccl_buf_01623/A
-     BUFx10_ASAP7_75t_R       rise   0.003   0.139   0.014  -      (217.800,123.669)   43.452   -       
CTS_ccl_buf_01623/Y
-     BUFx10_ASAP7_75t_R       rise   0.025   0.164   0.021  0.015  (217.620,123.669)    0.180      3    
CTS_ccl_buf_01620/A
-     BUFx8_ASAP7_75t_R        rise   0.007   0.170   0.026  -      (247.464,186.939)   93.114   -       
CTS_ccl_buf_01620/Y
-     BUFx8_ASAP7_75t_R        rise   0.031   0.201   0.018  0.009  (247.644,186.939)    0.180      2    
CTS_cdb_buf_04712/A
-     BUFx4_ASAP7_75t_R        rise   0.004   0.205   0.020  -      (248.436,251.235)   65.088   -       
CTS_cdb_buf_04712/Y
-     BUFx4_ASAP7_75t_R        rise   0.026   0.231   0.009  0.001  (248.580,251.199)    0.180      1    
CTS_ccl_a_buf_01201/A
-     BUFx4_ASAP7_75t_R        rise   0.000   0.231   0.009  -      (248.976,253.773)    2.970   -       
CTS_ccl_a_buf_01201/Y
-     BUFx4_ASAP7_75t_R        rise   0.028   0.259   0.020  0.006  (249.120,253.809)    0.180      2    
u_apb_syscon/cg_icg__RC_CG_HIER_INST53/RC_CGIC_INST/CLK
-     ICGx3_ASAP7_75t_L        rise   0.000   0.260   0.021  -      (250.650,254.547)    2.268   -       
u_apb_syscon/cg_icg__RC_CG_HIER_INST53/RC_CGIC_INST/GCLK
-     ICGx3_ASAP7_75t_L        rise   0.021   0.280   0.019  0.006  (251.334,254.439)    0.792     10    
u_apb_syscon/clk_gate_reg_reg[1]/CLK
-     DFFASRHQNx1_ASAP7_75t_R  rise   0.000   0.280   0.019  -      (248.850,255.393)    3.438   -       
---------------------------------------------------------------------------------------------------------------

Timing for timing corner dc_tt:both.early, max clock_path:
==========================================================

PathID    : 150
Path type : skew group _clock_gen_CLK_SYS_en_latch_reg_11/mode_func (path 1 of 1)
Start     : clk
End       : u_axi_to_apb_m_apb_paddr_reg[29]/CLK
Delay     :   0.298

---------------------------------------------------------------------------------------------------------------
Name  Lib cell                 Event  Incr   Arrival  Slew   Cap    Location           Distance  Fanout  Status
                                      (ns)   (ns)     (ns)   (pF)                      (um)              
-- Clockpath trace --------------------------------------------------------------------------------------------
clk
-     -                        rise   -       0.100   0.004  0.019  (139.684,0.000)    -            2    
CTS_ccl_buf_01624/A
-     BUFx12f_ASAP7_75t_R      rise   0.013   0.113   0.032  -      (193.950,103.779)  158.045   -       
CTS_ccl_buf_01624/Y
-     BUFx12f_ASAP7_75t_R      rise   0.023   0.136   0.012  0.008  (194.238,103.779)    0.288      2    
CTS_ccl_buf_01623/A
-     BUFx10_ASAP7_75t_R       rise   0.003   0.139   0.014  -      (217.800,123.669)   43.452   -       
CTS_ccl_buf_01623/Y
-     BUFx10_ASAP7_75t_R       rise   0.025   0.164   0.021  0.015  (217.620,123.669)    0.180      3    
CTS_ccl_buf_01620/A
-     BUFx8_ASAP7_75t_R        rise   0.007   0.170   0.026  -      (247.464,186.939)   93.114   -       
CTS_ccl_buf_01620/Y
-     BUFx8_ASAP7_75t_R        rise   0.031   0.201   0.018  0.009  (247.644,186.939)    0.180      2    
CTS_ccl_a_buf_01613/A
-     BUFx8_ASAP7_75t_R        rise   0.004   0.205   0.020  -      (248.364,254.349)   68.130   -       
CTS_ccl_a_buf_01613/Y
-     BUFx8_ASAP7_75t_R        rise   0.027   0.232   0.013  0.004  (248.184,254.349)    0.180      2    
CTS_ccl_buf_01605/A
-     BUFx8_ASAP7_75t_R        rise   0.001   0.233   0.013  -      (259.236,255.519)   12.222   -       
CTS_ccl_buf_01605/Y
-     BUFx8_ASAP7_75t_R        rise   0.025   0.258   0.014  0.007  (259.416,255.519)    0.180      2    
u_axi_to_apb_cg_icg__RC_CG_HIER_INST228/RC_CGIC_INST/CLK
-     ICGx8DC_ASAP7_75t_L      rise   0.000   0.259   0.014  -      (261.432,253.701)    3.834   -       
u_axi_to_apb_cg_icg__RC_CG_HIER_INST228/RC_CGIC_INST/GCLK
-     ICGx8DC_ASAP7_75t_L      rise   0.013   0.272   0.009  0.005  (261.612,253.809)    0.288      2    
CTS_ccl_a_buf_00513/A
-     BUFx10_ASAP7_75t_R       rise   0.001   0.273   0.009  -      (260.568,250.119)    4.734   -       
CTS_ccl_a_buf_00513/Y
-     BUFx10_ASAP7_75t_R       rise   0.023   0.295   0.019  0.013  (260.388,250.119)    0.180     20    
u_axi_to_apb_m_apb_paddr_reg[29]/CLK
-     DFFASRHQNx1_ASAP7_75t_R  rise   0.002   0.298   0.020  -      (258.894,239.733)   11.880   -       
---------------------------------------------------------------------------------------------------------------

Timing for timing corner dc_tt:both.late, min clock_path:
=========================================================

PathID    : 151
Path type : skew group _clock_gen_CLK_SYS_en_latch_reg_11/mode_func (path 1 of 1)
Start     : clk
End       : u_apb_syscon/clk_gate_reg_reg[1]/CLK
Delay     :   0.331

---------------------------------------------------------------------------------------------------------------
Name  Lib cell                 Event  Incr   Arrival  Slew   Cap    Location           Distance  Fanout  Status
                                      (ns)   (ns)     (ns)   (pF)                      (um)              
-- Clockpath trace --------------------------------------------------------------------------------------------
clk
-     -                        rise   -       0.150   0.004  0.019  (139.684,0.000)    -            2    
CTS_ccl_buf_01624/A
-     BUFx12f_ASAP7_75t_R      rise   0.013   0.163   0.032  -      (193.950,103.779)  158.045   -       
CTS_ccl_buf_01624/Y
-     BUFx12f_ASAP7_75t_R      rise   0.023   0.186   0.012  0.008  (194.238,103.779)    0.288      2    
CTS_ccl_buf_01623/A
-     BUFx10_ASAP7_75t_R       rise   0.003   0.189   0.014  -      (217.800,123.669)   43.452   -       
CTS_ccl_buf_01623/Y
-     BUFx10_ASAP7_75t_R       rise   0.025   0.214   0.021  0.015  (217.620,123.669)    0.180      3    
CTS_ccl_buf_01620/A
-     BUFx8_ASAP7_75t_R        rise   0.007   0.220   0.026  -      (247.464,186.939)   93.114   -       
CTS_ccl_buf_01620/Y
-     BUFx8_ASAP7_75t_R        rise   0.031   0.251   0.018  0.009  (247.644,186.939)    0.180      2    
CTS_cdb_buf_04712/A
-     BUFx4_ASAP7_75t_R        rise   0.004   0.255   0.020  -      (248.436,251.235)   65.088   -       
CTS_cdb_buf_04712/Y
-     BUFx4_ASAP7_75t_R        rise   0.026   0.281   0.009  0.001  (248.580,251.199)    0.180      1    
CTS_ccl_a_buf_01201/A
-     BUFx4_ASAP7_75t_R        rise   0.000   0.281   0.009  -      (248.976,253.773)    2.970   -       
CTS_ccl_a_buf_01201/Y
-     BUFx4_ASAP7_75t_R        rise   0.028   0.309   0.021  0.006  (249.120,253.809)    0.180      2    
u_apb_syscon/cg_icg__RC_CG_HIER_INST53/RC_CGIC_INST/CLK
-     ICGx3_ASAP7_75t_L        rise   0.001   0.310   0.021  -      (250.650,254.547)    2.268   -       
u_apb_syscon/cg_icg__RC_CG_HIER_INST53/RC_CGIC_INST/GCLK
-     ICGx3_ASAP7_75t_L        rise   0.021   0.331   0.019  0.006  (251.334,254.439)    0.792     10    
u_apb_syscon/clk_gate_reg_reg[1]/CLK
-     DFFASRHQNx1_ASAP7_75t_R  rise   0.000   0.331   0.020  -      (248.850,255.393)    3.438   -       
---------------------------------------------------------------------------------------------------------------

Timing for timing corner dc_tt:both.late, max clock_path:
=========================================================

PathID    : 152
Path type : skew group _clock_gen_CLK_SYS_en_latch_reg_11/mode_func (path 1 of 1)
Start     : clk
End       : u_axi_to_apb_m_apb_paddr_reg[30]/CLK
Delay     :   0.349

---------------------------------------------------------------------------------------------------------------
Name  Lib cell                 Event  Incr   Arrival  Slew   Cap    Location           Distance  Fanout  Status
                                      (ns)   (ns)     (ns)   (pF)                      (um)              
-- Clockpath trace --------------------------------------------------------------------------------------------
clk
-     -                        rise   -       0.150   0.004  0.019  (139.684,0.000)    -            2    
CTS_ccl_buf_01624/A
-     BUFx12f_ASAP7_75t_R      rise   0.013   0.163   0.032  -      (193.950,103.779)  158.045   -       
CTS_ccl_buf_01624/Y
-     BUFx12f_ASAP7_75t_R      rise   0.023   0.186   0.012  0.008  (194.238,103.779)    0.288      2    
CTS_ccl_buf_01623/A
-     BUFx10_ASAP7_75t_R       rise   0.003   0.189   0.014  -      (217.800,123.669)   43.452   -       
CTS_ccl_buf_01623/Y
-     BUFx10_ASAP7_75t_R       rise   0.025   0.214   0.021  0.015  (217.620,123.669)    0.180      3    
CTS_ccl_buf_01620/A
-     BUFx8_ASAP7_75t_R        rise   0.007   0.220   0.026  -      (247.464,186.939)   93.114   -       
CTS_ccl_buf_01620/Y
-     BUFx8_ASAP7_75t_R        rise   0.031   0.251   0.018  0.009  (247.644,186.939)    0.180      2    
CTS_ccl_a_buf_01613/A
-     BUFx8_ASAP7_75t_R        rise   0.004   0.255   0.020  -      (248.364,254.349)   68.130   -       
CTS_ccl_a_buf_01613/Y
-     BUFx8_ASAP7_75t_R        rise   0.027   0.282   0.013  0.004  (248.184,254.349)    0.180      2    
CTS_ccl_buf_01605/A
-     BUFx8_ASAP7_75t_R        rise   0.001   0.283   0.013  -      (259.236,255.519)   12.222   -       
CTS_ccl_buf_01605/Y
-     BUFx8_ASAP7_75t_R        rise   0.026   0.309   0.016  0.007  (259.416,255.519)    0.180      2    
u_axi_to_apb_cg_icg__RC_CG_HIER_INST228/RC_CGIC_INST/CLK
-     ICGx8DC_ASAP7_75t_L      rise   0.000   0.309   0.016  -      (261.432,253.701)    3.834   -       
u_axi_to_apb_cg_icg__RC_CG_HIER_INST228/RC_CGIC_INST/GCLK
-     ICGx8DC_ASAP7_75t_L      rise   0.014   0.323   0.009  0.005  (261.612,253.809)    0.288      2    
CTS_ccl_a_buf_00513/A
-     BUFx10_ASAP7_75t_R       rise   0.001   0.324   0.009  -      (260.568,250.119)    4.734   -       
CTS_ccl_a_buf_00513/Y
-     BUFx10_ASAP7_75t_R       rise   0.023   0.347   0.019  0.013  (260.388,250.119)    0.180     20    
u_axi_to_apb_m_apb_paddr_reg[30]/CLK
-     DFFASRHQNx1_ASAP7_75t_R  rise   0.002   0.349   0.021  -      (259.002,238.275)   13.230   -       
---------------------------------------------------------------------------------------------------------------

Timing for timing corner dc_ff:hold.early, min clock_path:
==========================================================

PathID    : 153
Path type : skew group _clock_gen_CLK_SYS_en_latch_reg_11/mode_func (path 1 of 1)
Start     : clk
End       : u_apb_syscon/clk_gate_reg_reg[1]/CLK
Delay     :   0.240

---------------------------------------------------------------------------------------------------------------
Name  Lib cell                 Event  Incr   Arrival  Slew   Cap    Location           Distance  Fanout  Status
                                      (ns)   (ns)     (ns)   (pF)                      (um)              
-- Clockpath trace --------------------------------------------------------------------------------------------
clk
-     -                        rise   -       0.100   0.004  0.020  (139.684,0.000)    -            2    
CTS_ccl_buf_01624/A
-     BUFx12f_ASAP7_75t_R      rise   0.012   0.112   0.031  -      (193.950,103.779)  158.045   -       
CTS_ccl_buf_01624/Y
-     BUFx12f_ASAP7_75t_R      rise   0.018   0.130   0.009  0.008  (194.238,103.779)    0.288      2    
CTS_ccl_buf_01623/A
-     BUFx10_ASAP7_75t_R       rise   0.003   0.133   0.012  -      (217.800,123.669)   43.452   -       
CTS_ccl_buf_01623/Y
-     BUFx10_ASAP7_75t_R       rise   0.019   0.151   0.016  0.015  (217.620,123.669)    0.180      3    
CTS_ccl_buf_01620/A
-     BUFx8_ASAP7_75t_R        rise   0.006   0.157   0.021  -      (247.464,186.939)   93.114   -       
CTS_ccl_buf_01620/Y
-     BUFx8_ASAP7_75t_R        rise   0.023   0.180   0.013  0.009  (247.644,186.939)    0.180      2    
CTS_cdb_buf_04712/A
-     BUFx4_ASAP7_75t_R        rise   0.003   0.183   0.016  -      (248.436,251.235)   65.088   -       
CTS_cdb_buf_04712/Y
-     BUFx4_ASAP7_75t_R        rise   0.019   0.203   0.007  0.001  (248.580,251.199)    0.180      1    
CTS_ccl_a_buf_01201/A
-     BUFx4_ASAP7_75t_R        rise   0.000   0.203   0.007  -      (248.976,253.773)    2.970   -       
CTS_ccl_a_buf_01201/Y
-     BUFx4_ASAP7_75t_R        rise   0.021   0.224   0.015  0.006  (249.120,253.809)    0.180      2    
u_apb_syscon/cg_icg__RC_CG_HIER_INST53/RC_CGIC_INST/CLK
-     ICGx3_ASAP7_75t_L        rise   0.001   0.224   0.015  -      (250.650,254.547)    2.268   -       
u_apb_syscon/cg_icg__RC_CG_HIER_INST53/RC_CGIC_INST/GCLK
-     ICGx3_ASAP7_75t_L        rise   0.015   0.239   0.015  0.007  (251.334,254.439)    0.792     10    
u_apb_syscon/clk_gate_reg_reg[1]/CLK
-     DFFASRHQNx1_ASAP7_75t_R  rise   0.000   0.240   0.015  -      (248.850,255.393)    3.438   -       
---------------------------------------------------------------------------------------------------------------

Timing for timing corner dc_ff:hold.early, max clock_path:
==========================================================

PathID    : 154
Path type : skew group _clock_gen_CLK_SYS_en_latch_reg_11/mode_func (path 1 of 1)
Start     : clk
End       : u_axi_to_apb_m_apb_paddr_reg[29]/CLK
Delay     :   0.253

---------------------------------------------------------------------------------------------------------------
Name  Lib cell                 Event  Incr   Arrival  Slew   Cap    Location           Distance  Fanout  Status
                                      (ns)   (ns)     (ns)   (pF)                      (um)              
-- Clockpath trace --------------------------------------------------------------------------------------------
clk
-     -                        rise   -       0.100   0.004  0.020  (139.684,0.000)    -            2    
CTS_ccl_buf_01624/A
-     BUFx12f_ASAP7_75t_R      rise   0.012   0.112   0.031  -      (193.950,103.779)  158.045   -       
CTS_ccl_buf_01624/Y
-     BUFx12f_ASAP7_75t_R      rise   0.018   0.130   0.009  0.008  (194.238,103.779)    0.288      2    
CTS_ccl_buf_01623/A
-     BUFx10_ASAP7_75t_R       rise   0.003   0.133   0.012  -      (217.800,123.669)   43.452   -       
CTS_ccl_buf_01623/Y
-     BUFx10_ASAP7_75t_R       rise   0.019   0.151   0.016  0.015  (217.620,123.669)    0.180      3    
CTS_ccl_buf_01620/A
-     BUFx8_ASAP7_75t_R        rise   0.006   0.157   0.021  -      (247.464,186.939)   93.114   -       
CTS_ccl_buf_01620/Y
-     BUFx8_ASAP7_75t_R        rise   0.023   0.180   0.013  0.009  (247.644,186.939)    0.180      2    
CTS_ccl_a_buf_01613/A
-     BUFx8_ASAP7_75t_R        rise   0.004   0.183   0.016  -      (248.364,254.349)   68.130   -       
CTS_ccl_a_buf_01613/Y
-     BUFx8_ASAP7_75t_R        rise   0.020   0.204   0.009  0.005  (248.184,254.349)    0.180      2    
CTS_ccl_buf_01605/A
-     BUFx8_ASAP7_75t_R        rise   0.001   0.204   0.009  -      (259.236,255.519)   12.222   -       
CTS_ccl_buf_01605/Y
-     BUFx8_ASAP7_75t_R        rise   0.018   0.223   0.010  0.008  (259.416,255.519)    0.180      2    
u_axi_to_apb_cg_icg__RC_CG_HIER_INST228/RC_CGIC_INST/CLK
-     ICGx8DC_ASAP7_75t_L      rise   0.000   0.223   0.011  -      (261.432,253.701)    3.834   -       
u_axi_to_apb_cg_icg__RC_CG_HIER_INST228/RC_CGIC_INST/GCLK
-     ICGx8DC_ASAP7_75t_L      rise   0.010   0.233   0.007  0.006  (261.612,253.809)    0.288      2    
CTS_ccl_a_buf_00513/A
-     BUFx10_ASAP7_75t_R       rise   0.001   0.234   0.007  -      (260.568,250.119)    4.734   -       
CTS_ccl_a_buf_00513/Y
-     BUFx10_ASAP7_75t_R       rise   0.017   0.251   0.015  0.013  (260.388,250.119)    0.180     20    
u_axi_to_apb_m_apb_paddr_reg[29]/CLK
-     DFFASRHQNx1_ASAP7_75t_R  rise   0.002   0.253   0.017  -      (258.894,239.733)   11.880   -       
---------------------------------------------------------------------------------------------------------------

Timing for timing corner dc_ff:hold.late, min clock_path:
=========================================================

PathID    : 155
Path type : skew group _clock_gen_CLK_SYS_en_latch_reg_11/mode_func (path 1 of 1)
Start     : clk
End       : u_apb_syscon/clk_gate_reg_reg[1]/CLK
Delay     :   0.291

---------------------------------------------------------------------------------------------------------------
Name  Lib cell                 Event  Incr   Arrival  Slew   Cap    Location           Distance  Fanout  Status
                                      (ns)   (ns)     (ns)   (pF)                      (um)              
-- Clockpath trace --------------------------------------------------------------------------------------------
clk
-     -                        rise   -       0.150   0.004  0.020  (139.684,0.000)    -            2    
CTS_ccl_buf_01624/A
-     BUFx12f_ASAP7_75t_R      rise   0.012   0.162   0.031  -      (193.950,103.779)  158.045   -       
CTS_ccl_buf_01624/Y
-     BUFx12f_ASAP7_75t_R      rise   0.018   0.180   0.009  0.008  (194.238,103.779)    0.288      2    
CTS_ccl_buf_01623/A
-     BUFx10_ASAP7_75t_R       rise   0.003   0.182   0.012  -      (217.800,123.669)   43.452   -       
CTS_ccl_buf_01623/Y
-     BUFx10_ASAP7_75t_R       rise   0.019   0.201   0.016  0.015  (217.620,123.669)    0.180      3    
CTS_ccl_buf_01620/A
-     BUFx8_ASAP7_75t_R        rise   0.006   0.207   0.022  -      (247.464,186.939)   93.114   -       
CTS_ccl_buf_01620/Y
-     BUFx8_ASAP7_75t_R        rise   0.023   0.230   0.013  0.009  (247.644,186.939)    0.180      2    
CTS_cdb_buf_04712/A
-     BUFx4_ASAP7_75t_R        rise   0.003   0.234   0.016  -      (248.436,251.235)   65.088   -       
CTS_cdb_buf_04712/Y
-     BUFx4_ASAP7_75t_R        rise   0.019   0.253   0.007  0.001  (248.580,251.199)    0.180      1    
CTS_ccl_a_buf_01201/A
-     BUFx4_ASAP7_75t_R        rise   0.000   0.253   0.007  -      (248.976,253.773)    2.970   -       
CTS_ccl_a_buf_01201/Y
-     BUFx4_ASAP7_75t_R        rise   0.021   0.274   0.015  0.006  (249.120,253.809)    0.180      2    
u_apb_syscon/cg_icg__RC_CG_HIER_INST53/RC_CGIC_INST/CLK
-     ICGx3_ASAP7_75t_L        rise   0.001   0.275   0.016  -      (250.650,254.547)    2.268   -       
u_apb_syscon/cg_icg__RC_CG_HIER_INST53/RC_CGIC_INST/GCLK
-     ICGx3_ASAP7_75t_L        rise   0.016   0.290   0.015  0.007  (251.334,254.439)    0.792     10    
u_apb_syscon/clk_gate_reg_reg[1]/CLK
-     DFFASRHQNx1_ASAP7_75t_R  rise   0.000   0.291   0.015  -      (248.850,255.393)    3.438   -       
---------------------------------------------------------------------------------------------------------------

Timing for timing corner dc_ff:hold.late, max clock_path:
=========================================================

PathID    : 156
Path type : skew group _clock_gen_CLK_SYS_en_latch_reg_11/mode_func (path 1 of 1)
Start     : clk
End       : u_axi_to_apb_m_apb_paddr_reg[30]/CLK
Delay     :   0.304

---------------------------------------------------------------------------------------------------------------
Name  Lib cell                 Event  Incr   Arrival  Slew   Cap    Location           Distance  Fanout  Status
                                      (ns)   (ns)     (ns)   (pF)                      (um)              
-- Clockpath trace --------------------------------------------------------------------------------------------
clk
-     -                        rise   -       0.150   0.004  0.020  (139.684,0.000)    -            2    
CTS_ccl_buf_01624/A
-     BUFx12f_ASAP7_75t_R      rise   0.012   0.162   0.031  -      (193.950,103.779)  158.045   -       
CTS_ccl_buf_01624/Y
-     BUFx12f_ASAP7_75t_R      rise   0.018   0.180   0.009  0.008  (194.238,103.779)    0.288      2    
CTS_ccl_buf_01623/A
-     BUFx10_ASAP7_75t_R       rise   0.003   0.182   0.012  -      (217.800,123.669)   43.452   -       
CTS_ccl_buf_01623/Y
-     BUFx10_ASAP7_75t_R       rise   0.019   0.201   0.016  0.015  (217.620,123.669)    0.180      3    
CTS_ccl_buf_01620/A
-     BUFx8_ASAP7_75t_R        rise   0.006   0.207   0.022  -      (247.464,186.939)   93.114   -       
CTS_ccl_buf_01620/Y
-     BUFx8_ASAP7_75t_R        rise   0.023   0.230   0.013  0.009  (247.644,186.939)    0.180      2    
CTS_ccl_a_buf_01613/A
-     BUFx8_ASAP7_75t_R        rise   0.003   0.234   0.016  -      (248.364,254.349)   68.130   -       
CTS_ccl_a_buf_01613/Y
-     BUFx8_ASAP7_75t_R        rise   0.020   0.254   0.009  0.005  (248.184,254.349)    0.180      2    
CTS_ccl_buf_01605/A
-     BUFx8_ASAP7_75t_R        rise   0.001   0.255   0.009  -      (259.236,255.519)   12.222   -       
CTS_ccl_buf_01605/Y
-     BUFx8_ASAP7_75t_R        rise   0.019   0.274   0.012  0.008  (259.416,255.519)    0.180      2    
u_axi_to_apb_cg_icg__RC_CG_HIER_INST228/RC_CGIC_INST/CLK
-     ICGx8DC_ASAP7_75t_L      rise   0.000   0.274   0.013  -      (261.432,253.701)    3.834   -       
u_axi_to_apb_cg_icg__RC_CG_HIER_INST228/RC_CGIC_INST/GCLK
-     ICGx8DC_ASAP7_75t_L      rise   0.010   0.285   0.007  0.006  (261.612,253.809)    0.288      2    
CTS_ccl_a_buf_00513/A
-     BUFx10_ASAP7_75t_R       rise   0.001   0.285   0.007  -      (260.568,250.119)    4.734   -       
CTS_ccl_a_buf_00513/Y
-     BUFx10_ASAP7_75t_R       rise   0.017   0.302   0.015  0.013  (260.388,250.119)    0.180     20    
u_axi_to_apb_m_apb_paddr_reg[30]/CLK
-     DFFASRHQNx1_ASAP7_75t_R  rise   0.002   0.304   0.018  -      (259.002,238.275)   13.230   -       
---------------------------------------------------------------------------------------------------------------

Timing for timing corner dc_ss:setup.early, min clock_path:
===========================================================

PathID    : 157
Path type : skew group _clock_gen_CLK_SYS_en_latch_reg_12/mode_func (path 1 of 1)
Start     : clk
End       : u_apb_syscon/clk_gate_reg_reg[8]/CLK
Delay     :   0.354

---------------------------------------------------------------------------------------------------------------
Name  Lib cell                 Event  Incr   Arrival  Slew   Cap    Location           Distance  Fanout  Status
                                      (ns)   (ns)     (ns)   (pF)                      (um)              
-- Clockpath trace --------------------------------------------------------------------------------------------
clk
-     -                        rise   -       0.100   0.004  0.019  (139.684,0.000)    -            2    
CTS_ccl_buf_01624/A
-     BUFx12f_ASAP7_75t_R      rise   0.015   0.115   0.038  -      (193.950,103.779)  158.045   -       
CTS_ccl_buf_01624/Y
-     BUFx12f_ASAP7_75t_R      rise   0.033   0.147   0.017  0.008  (194.238,103.779)    0.288      2    
CTS_ccl_buf_01623/A
-     BUFx10_ASAP7_75t_R       rise   0.003   0.150   0.019  -      (217.800,123.669)   43.452   -       
CTS_ccl_buf_01623/Y
-     BUFx10_ASAP7_75t_R       rise   0.037   0.188   0.032  0.014  (217.620,123.669)    0.180      3    
CTS_ccl_buf_01620/A
-     BUFx8_ASAP7_75t_R        rise   0.008   0.195   0.036  -      (247.464,186.939)   93.114   -       
CTS_ccl_buf_01620/Y
-     BUFx8_ASAP7_75t_R        rise   0.045   0.241   0.027  0.008  (247.644,186.939)    0.180      2    
CTS_cdb_buf_04712/A
-     BUFx4_ASAP7_75t_R        rise   0.004   0.245   0.029  -      (248.436,251.235)   65.088   -       
CTS_cdb_buf_04712/Y
-     BUFx4_ASAP7_75t_R        rise   0.038   0.283   0.014  0.001  (248.580,251.199)    0.180      1    
CTS_ccl_a_buf_01201/A
-     BUFx4_ASAP7_75t_R        rise   0.000   0.283   0.014  -      (248.976,253.773)    2.970   -       
CTS_ccl_a_buf_01201/Y
-     BUFx4_ASAP7_75t_R        rise   0.040   0.323   0.030  0.006  (249.120,253.809)    0.180      2    
u_apb_syscon/cg_icg__RC_CG_HIER_INST53/RC_CGIC_INST/CLK
-     ICGx3_ASAP7_75t_L        rise   0.001   0.324   0.031  -      (250.650,254.547)    2.268   -       
u_apb_syscon/cg_icg__RC_CG_HIER_INST53/RC_CGIC_INST/GCLK
-     ICGx3_ASAP7_75t_L        rise   0.030   0.353   0.027  0.006  (251.334,254.439)    0.792     10    
u_apb_syscon/clk_gate_reg_reg[8]/CLK
-     DFFASRHQNx1_ASAP7_75t_R  rise   0.000   0.354   0.027  -      (252.738,255.015)    1.980   -       
---------------------------------------------------------------------------------------------------------------

Timing for timing corner dc_ss:setup.early, max clock_path:
===========================================================

PathID    : 158
Path type : skew group _clock_gen_CLK_SYS_en_latch_reg_12/mode_func (path 1 of 1)
Start     : clk
End       : u_axi_to_apb_m_apb_paddr_reg[30]/CLK
Delay     :   0.378

---------------------------------------------------------------------------------------------------------------
Name  Lib cell                 Event  Incr   Arrival  Slew   Cap    Location           Distance  Fanout  Status
                                      (ns)   (ns)     (ns)   (pF)                      (um)              
-- Clockpath trace --------------------------------------------------------------------------------------------
clk
-     -                        rise   -       0.100   0.004  0.019  (139.684,0.000)    -            2    
CTS_ccl_buf_01624/A
-     BUFx12f_ASAP7_75t_R      rise   0.015   0.115   0.038  -      (193.950,103.779)  158.045   -       
CTS_ccl_buf_01624/Y
-     BUFx12f_ASAP7_75t_R      rise   0.033   0.147   0.017  0.008  (194.238,103.779)    0.288      2    
CTS_ccl_buf_01623/A
-     BUFx10_ASAP7_75t_R       rise   0.003   0.150   0.019  -      (217.800,123.669)   43.452   -       
CTS_ccl_buf_01623/Y
-     BUFx10_ASAP7_75t_R       rise   0.037   0.188   0.032  0.014  (217.620,123.669)    0.180      3    
CTS_ccl_buf_01620/A
-     BUFx8_ASAP7_75t_R        rise   0.008   0.195   0.036  -      (247.464,186.939)   93.114   -       
CTS_ccl_buf_01620/Y
-     BUFx8_ASAP7_75t_R        rise   0.045   0.241   0.027  0.008  (247.644,186.939)    0.180      2    
CTS_ccl_a_buf_01613/A
-     BUFx8_ASAP7_75t_R        rise   0.004   0.245   0.029  -      (248.364,254.349)   68.130   -       
CTS_ccl_a_buf_01613/Y
-     BUFx8_ASAP7_75t_R        rise   0.040   0.285   0.019  0.004  (248.184,254.349)    0.180      2    
CTS_ccl_buf_01605/A
-     BUFx8_ASAP7_75t_R        rise   0.001   0.285   0.019  -      (259.236,255.519)   12.222   -       
CTS_ccl_buf_01605/Y
-     BUFx8_ASAP7_75t_R        rise   0.036   0.322   0.021  0.007  (259.416,255.519)    0.180      2    
u_axi_to_apb_cg_icg__RC_CG_HIER_INST228/RC_CGIC_INST/CLK
-     ICGx8DC_ASAP7_75t_L      rise   0.000   0.322   0.021  -      (261.432,253.701)    3.834   -       
u_axi_to_apb_cg_icg__RC_CG_HIER_INST228/RC_CGIC_INST/GCLK
-     ICGx8DC_ASAP7_75t_L      rise   0.019   0.341   0.013  0.005  (261.612,253.809)    0.288      2    
CTS_ccl_a_buf_00513/A
-     BUFx10_ASAP7_75t_R       rise   0.001   0.342   0.013  -      (260.568,250.119)    4.734   -       
CTS_ccl_a_buf_00513/Y
-     BUFx10_ASAP7_75t_R       rise   0.033   0.375   0.027  0.012  (260.388,250.119)    0.180     20    
u_axi_to_apb_m_apb_paddr_reg[30]/CLK
-     DFFASRHQNx1_ASAP7_75t_R  rise   0.003   0.378   0.029  -      (259.002,238.275)   13.230   -       
---------------------------------------------------------------------------------------------------------------

Timing for timing corner dc_ss:setup.late, min clock_path:
==========================================================

PathID    : 159
Path type : skew group _clock_gen_CLK_SYS_en_latch_reg_12/mode_func (path 1 of 1)
Start     : clk
End       : u_apb_syscon/clk_gate_reg_reg[8]/CLK
Delay     :   0.404

---------------------------------------------------------------------------------------------------------------
Name  Lib cell                 Event  Incr   Arrival  Slew   Cap    Location           Distance  Fanout  Status
                                      (ns)   (ns)     (ns)   (pF)                      (um)              
-- Clockpath trace --------------------------------------------------------------------------------------------
clk
-     -                        rise   -       0.150   0.004  0.019  (139.684,0.000)    -            2    
CTS_ccl_buf_01624/A
-     BUFx12f_ASAP7_75t_R      rise   0.015   0.165   0.038  -      (193.950,103.779)  158.045   -       
CTS_ccl_buf_01624/Y
-     BUFx12f_ASAP7_75t_R      rise   0.033   0.198   0.017  0.008  (194.238,103.779)    0.288      2    
CTS_ccl_buf_01623/A
-     BUFx10_ASAP7_75t_R       rise   0.003   0.200   0.019  -      (217.800,123.669)   43.452   -       
CTS_ccl_buf_01623/Y
-     BUFx10_ASAP7_75t_R       rise   0.037   0.237   0.032  0.014  (217.620,123.669)    0.180      3    
CTS_ccl_buf_01620/A
-     BUFx8_ASAP7_75t_R        rise   0.008   0.245   0.037  -      (247.464,186.939)   93.114   -       
CTS_ccl_buf_01620/Y
-     BUFx8_ASAP7_75t_R        rise   0.045   0.291   0.027  0.008  (247.644,186.939)    0.180      2    
CTS_cdb_buf_04712/A
-     BUFx4_ASAP7_75t_R        rise   0.004   0.295   0.029  -      (248.436,251.235)   65.088   -       
CTS_cdb_buf_04712/Y
-     BUFx4_ASAP7_75t_R        rise   0.038   0.333   0.014  0.001  (248.580,251.199)    0.180      1    
CTS_ccl_a_buf_01201/A
-     BUFx4_ASAP7_75t_R        rise   0.000   0.333   0.014  -      (248.976,253.773)    2.970   -       
CTS_ccl_a_buf_01201/Y
-     BUFx4_ASAP7_75t_R        rise   0.041   0.374   0.032  0.006  (249.120,253.809)    0.180      2    
u_apb_syscon/cg_icg__RC_CG_HIER_INST53/RC_CGIC_INST/CLK
-     ICGx3_ASAP7_75t_L        rise   0.001   0.374   0.032  -      (250.650,254.547)    2.268   -       
u_apb_syscon/cg_icg__RC_CG_HIER_INST53/RC_CGIC_INST/GCLK
-     ICGx3_ASAP7_75t_L        rise   0.030   0.404   0.028  0.006  (251.334,254.439)    0.792     10    
u_apb_syscon/clk_gate_reg_reg[8]/CLK
-     DFFASRHQNx1_ASAP7_75t_R  rise   0.000   0.404   0.029  -      (252.738,255.015)    1.980   -       
---------------------------------------------------------------------------------------------------------------

Timing for timing corner dc_ss:setup.late, max clock_path:
==========================================================

PathID    : 160
Path type : skew group _clock_gen_CLK_SYS_en_latch_reg_12/mode_func (path 1 of 1)
Start     : clk
End       : u_axi_to_apb_m_apb_paddr_reg[30]/CLK
Delay     :   0.429

---------------------------------------------------------------------------------------------------------------
Name  Lib cell                 Event  Incr   Arrival  Slew   Cap    Location           Distance  Fanout  Status
                                      (ns)   (ns)     (ns)   (pF)                      (um)              
-- Clockpath trace --------------------------------------------------------------------------------------------
clk
-     -                        rise   -       0.150   0.004  0.019  (139.684,0.000)    -            2    
CTS_ccl_buf_01624/A
-     BUFx12f_ASAP7_75t_R      rise   0.015   0.165   0.038  -      (193.950,103.779)  158.045   -       
CTS_ccl_buf_01624/Y
-     BUFx12f_ASAP7_75t_R      rise   0.033   0.198   0.017  0.008  (194.238,103.779)    0.288      2    
CTS_ccl_buf_01623/A
-     BUFx10_ASAP7_75t_R       rise   0.003   0.200   0.019  -      (217.800,123.669)   43.452   -       
CTS_ccl_buf_01623/Y
-     BUFx10_ASAP7_75t_R       rise   0.037   0.237   0.032  0.014  (217.620,123.669)    0.180      3    
CTS_ccl_buf_01620/A
-     BUFx8_ASAP7_75t_R        rise   0.008   0.245   0.037  -      (247.464,186.939)   93.114   -       
CTS_ccl_buf_01620/Y
-     BUFx8_ASAP7_75t_R        rise   0.045   0.291   0.027  0.008  (247.644,186.939)    0.180      2    
CTS_ccl_a_buf_01613/A
-     BUFx8_ASAP7_75t_R        rise   0.004   0.295   0.029  -      (248.364,254.349)   68.130   -       
CTS_ccl_a_buf_01613/Y
-     BUFx8_ASAP7_75t_R        rise   0.040   0.335   0.019  0.004  (248.184,254.349)    0.180      2    
CTS_ccl_buf_01605/A
-     BUFx8_ASAP7_75t_R        rise   0.001   0.335   0.019  -      (259.236,255.519)   12.222   -       
CTS_ccl_buf_01605/Y
-     BUFx8_ASAP7_75t_R        rise   0.037   0.372   0.024  0.007  (259.416,255.519)    0.180      2    
u_axi_to_apb_cg_icg__RC_CG_HIER_INST228/RC_CGIC_INST/CLK
-     ICGx8DC_ASAP7_75t_L      rise   0.000   0.373   0.024  -      (261.432,253.701)    3.834   -       
u_axi_to_apb_cg_icg__RC_CG_HIER_INST228/RC_CGIC_INST/GCLK
-     ICGx8DC_ASAP7_75t_L      rise   0.020   0.393   0.013  0.005  (261.612,253.809)    0.288      2    
CTS_ccl_a_buf_00513/A
-     BUFx10_ASAP7_75t_R       rise   0.001   0.393   0.013  -      (260.568,250.119)    4.734   -       
CTS_ccl_a_buf_00513/Y
-     BUFx10_ASAP7_75t_R       rise   0.033   0.426   0.027  0.012  (260.388,250.119)    0.180     20    
u_axi_to_apb_m_apb_paddr_reg[30]/CLK
-     DFFASRHQNx1_ASAP7_75t_R  rise   0.003   0.429   0.030  -      (259.002,238.275)   13.230   -       
---------------------------------------------------------------------------------------------------------------

Timing for timing corner dc_tt:both.early, min clock_path:
==========================================================

PathID    : 161
Path type : skew group _clock_gen_CLK_SYS_en_latch_reg_12/mode_func (path 1 of 1)
Start     : clk
End       : u_apb_syscon/clk_gate_reg_reg[8]/CLK
Delay     :   0.280

---------------------------------------------------------------------------------------------------------------
Name  Lib cell                 Event  Incr   Arrival  Slew   Cap    Location           Distance  Fanout  Status
                                      (ns)   (ns)     (ns)   (pF)                      (um)              
-- Clockpath trace --------------------------------------------------------------------------------------------
clk
-     -                        rise   -       0.100   0.004  0.019  (139.684,0.000)    -            2    
CTS_ccl_buf_01624/A
-     BUFx12f_ASAP7_75t_R      rise   0.013   0.113   0.032  -      (193.950,103.779)  158.045   -       
CTS_ccl_buf_01624/Y
-     BUFx12f_ASAP7_75t_R      rise   0.023   0.136   0.012  0.008  (194.238,103.779)    0.288      2    
CTS_ccl_buf_01623/A
-     BUFx10_ASAP7_75t_R       rise   0.003   0.139   0.014  -      (217.800,123.669)   43.452   -       
CTS_ccl_buf_01623/Y
-     BUFx10_ASAP7_75t_R       rise   0.025   0.164   0.021  0.015  (217.620,123.669)    0.180      3    
CTS_ccl_buf_01620/A
-     BUFx8_ASAP7_75t_R        rise   0.007   0.170   0.026  -      (247.464,186.939)   93.114   -       
CTS_ccl_buf_01620/Y
-     BUFx8_ASAP7_75t_R        rise   0.031   0.201   0.018  0.009  (247.644,186.939)    0.180      2    
CTS_cdb_buf_04712/A
-     BUFx4_ASAP7_75t_R        rise   0.004   0.205   0.020  -      (248.436,251.235)   65.088   -       
CTS_cdb_buf_04712/Y
-     BUFx4_ASAP7_75t_R        rise   0.026   0.231   0.009  0.001  (248.580,251.199)    0.180      1    
CTS_ccl_a_buf_01201/A
-     BUFx4_ASAP7_75t_R        rise   0.000   0.231   0.009  -      (248.976,253.773)    2.970   -       
CTS_ccl_a_buf_01201/Y
-     BUFx4_ASAP7_75t_R        rise   0.028   0.259   0.020  0.006  (249.120,253.809)    0.180      2    
u_apb_syscon/cg_icg__RC_CG_HIER_INST53/RC_CGIC_INST/CLK
-     ICGx3_ASAP7_75t_L        rise   0.000   0.260   0.021  -      (250.650,254.547)    2.268   -       
u_apb_syscon/cg_icg__RC_CG_HIER_INST53/RC_CGIC_INST/GCLK
-     ICGx3_ASAP7_75t_L        rise   0.021   0.280   0.019  0.006  (251.334,254.439)    0.792     10    
u_apb_syscon/clk_gate_reg_reg[8]/CLK
-     DFFASRHQNx1_ASAP7_75t_R  rise   0.000   0.280   0.019  -      (252.738,255.015)    1.980   -       
---------------------------------------------------------------------------------------------------------------

Timing for timing corner dc_tt:both.early, max clock_path:
==========================================================

PathID    : 162
Path type : skew group _clock_gen_CLK_SYS_en_latch_reg_12/mode_func (path 1 of 1)
Start     : clk
End       : u_axi_to_apb_m_apb_paddr_reg[29]/CLK
Delay     :   0.298

---------------------------------------------------------------------------------------------------------------
Name  Lib cell                 Event  Incr   Arrival  Slew   Cap    Location           Distance  Fanout  Status
                                      (ns)   (ns)     (ns)   (pF)                      (um)              
-- Clockpath trace --------------------------------------------------------------------------------------------
clk
-     -                        rise   -       0.100   0.004  0.019  (139.684,0.000)    -            2    
CTS_ccl_buf_01624/A
-     BUFx12f_ASAP7_75t_R      rise   0.013   0.113   0.032  -      (193.950,103.779)  158.045   -       
CTS_ccl_buf_01624/Y
-     BUFx12f_ASAP7_75t_R      rise   0.023   0.136   0.012  0.008  (194.238,103.779)    0.288      2    
CTS_ccl_buf_01623/A
-     BUFx10_ASAP7_75t_R       rise   0.003   0.139   0.014  -      (217.800,123.669)   43.452   -       
CTS_ccl_buf_01623/Y
-     BUFx10_ASAP7_75t_R       rise   0.025   0.164   0.021  0.015  (217.620,123.669)    0.180      3    
CTS_ccl_buf_01620/A
-     BUFx8_ASAP7_75t_R        rise   0.007   0.170   0.026  -      (247.464,186.939)   93.114   -       
CTS_ccl_buf_01620/Y
-     BUFx8_ASAP7_75t_R        rise   0.031   0.201   0.018  0.009  (247.644,186.939)    0.180      2    
CTS_ccl_a_buf_01613/A
-     BUFx8_ASAP7_75t_R        rise   0.004   0.205   0.020  -      (248.364,254.349)   68.130   -       
CTS_ccl_a_buf_01613/Y
-     BUFx8_ASAP7_75t_R        rise   0.027   0.232   0.013  0.004  (248.184,254.349)    0.180      2    
CTS_ccl_buf_01605/A
-     BUFx8_ASAP7_75t_R        rise   0.001   0.233   0.013  -      (259.236,255.519)   12.222   -       
CTS_ccl_buf_01605/Y
-     BUFx8_ASAP7_75t_R        rise   0.025   0.258   0.014  0.007  (259.416,255.519)    0.180      2    
u_axi_to_apb_cg_icg__RC_CG_HIER_INST228/RC_CGIC_INST/CLK
-     ICGx8DC_ASAP7_75t_L      rise   0.000   0.259   0.014  -      (261.432,253.701)    3.834   -       
u_axi_to_apb_cg_icg__RC_CG_HIER_INST228/RC_CGIC_INST/GCLK
-     ICGx8DC_ASAP7_75t_L      rise   0.013   0.272   0.009  0.005  (261.612,253.809)    0.288      2    
CTS_ccl_a_buf_00513/A
-     BUFx10_ASAP7_75t_R       rise   0.001   0.273   0.009  -      (260.568,250.119)    4.734   -       
CTS_ccl_a_buf_00513/Y
-     BUFx10_ASAP7_75t_R       rise   0.023   0.295   0.019  0.013  (260.388,250.119)    0.180     20    
u_axi_to_apb_m_apb_paddr_reg[29]/CLK
-     DFFASRHQNx1_ASAP7_75t_R  rise   0.002   0.298   0.020  -      (258.894,239.733)   11.880   -       
---------------------------------------------------------------------------------------------------------------

Timing for timing corner dc_tt:both.late, min clock_path:
=========================================================

PathID    : 163
Path type : skew group _clock_gen_CLK_SYS_en_latch_reg_12/mode_func (path 1 of 1)
Start     : clk
End       : u_apb_syscon/clk_gate_reg_reg[8]/CLK
Delay     :   0.331

---------------------------------------------------------------------------------------------------------------
Name  Lib cell                 Event  Incr   Arrival  Slew   Cap    Location           Distance  Fanout  Status
                                      (ns)   (ns)     (ns)   (pF)                      (um)              
-- Clockpath trace --------------------------------------------------------------------------------------------
clk
-     -                        rise   -       0.150   0.004  0.019  (139.684,0.000)    -            2    
CTS_ccl_buf_01624/A
-     BUFx12f_ASAP7_75t_R      rise   0.013   0.163   0.032  -      (193.950,103.779)  158.045   -       
CTS_ccl_buf_01624/Y
-     BUFx12f_ASAP7_75t_R      rise   0.023   0.186   0.012  0.008  (194.238,103.779)    0.288      2    
CTS_ccl_buf_01623/A
-     BUFx10_ASAP7_75t_R       rise   0.003   0.189   0.014  -      (217.800,123.669)   43.452   -       
CTS_ccl_buf_01623/Y
-     BUFx10_ASAP7_75t_R       rise   0.025   0.214   0.021  0.015  (217.620,123.669)    0.180      3    
CTS_ccl_buf_01620/A
-     BUFx8_ASAP7_75t_R        rise   0.007   0.220   0.026  -      (247.464,186.939)   93.114   -       
CTS_ccl_buf_01620/Y
-     BUFx8_ASAP7_75t_R        rise   0.031   0.251   0.018  0.009  (247.644,186.939)    0.180      2    
CTS_cdb_buf_04712/A
-     BUFx4_ASAP7_75t_R        rise   0.004   0.255   0.020  -      (248.436,251.235)   65.088   -       
CTS_cdb_buf_04712/Y
-     BUFx4_ASAP7_75t_R        rise   0.026   0.281   0.009  0.001  (248.580,251.199)    0.180      1    
CTS_ccl_a_buf_01201/A
-     BUFx4_ASAP7_75t_R        rise   0.000   0.281   0.009  -      (248.976,253.773)    2.970   -       
CTS_ccl_a_buf_01201/Y
-     BUFx4_ASAP7_75t_R        rise   0.028   0.309   0.021  0.006  (249.120,253.809)    0.180      2    
u_apb_syscon/cg_icg__RC_CG_HIER_INST53/RC_CGIC_INST/CLK
-     ICGx3_ASAP7_75t_L        rise   0.001   0.310   0.021  -      (250.650,254.547)    2.268   -       
u_apb_syscon/cg_icg__RC_CG_HIER_INST53/RC_CGIC_INST/GCLK
-     ICGx3_ASAP7_75t_L        rise   0.021   0.331   0.019  0.006  (251.334,254.439)    0.792     10    
u_apb_syscon/clk_gate_reg_reg[8]/CLK
-     DFFASRHQNx1_ASAP7_75t_R  rise   0.000   0.331   0.020  -      (252.738,255.015)    1.980   -       
---------------------------------------------------------------------------------------------------------------

Timing for timing corner dc_tt:both.late, max clock_path:
=========================================================

PathID    : 164
Path type : skew group _clock_gen_CLK_SYS_en_latch_reg_12/mode_func (path 1 of 1)
Start     : clk
End       : u_axi_to_apb_m_apb_paddr_reg[30]/CLK
Delay     :   0.349

---------------------------------------------------------------------------------------------------------------
Name  Lib cell                 Event  Incr   Arrival  Slew   Cap    Location           Distance  Fanout  Status
                                      (ns)   (ns)     (ns)   (pF)                      (um)              
-- Clockpath trace --------------------------------------------------------------------------------------------
clk
-     -                        rise   -       0.150   0.004  0.019  (139.684,0.000)    -            2    
CTS_ccl_buf_01624/A
-     BUFx12f_ASAP7_75t_R      rise   0.013   0.163   0.032  -      (193.950,103.779)  158.045   -       
CTS_ccl_buf_01624/Y
-     BUFx12f_ASAP7_75t_R      rise   0.023   0.186   0.012  0.008  (194.238,103.779)    0.288      2    
CTS_ccl_buf_01623/A
-     BUFx10_ASAP7_75t_R       rise   0.003   0.189   0.014  -      (217.800,123.669)   43.452   -       
CTS_ccl_buf_01623/Y
-     BUFx10_ASAP7_75t_R       rise   0.025   0.214   0.021  0.015  (217.620,123.669)    0.180      3    
CTS_ccl_buf_01620/A
-     BUFx8_ASAP7_75t_R        rise   0.007   0.220   0.026  -      (247.464,186.939)   93.114   -       
CTS_ccl_buf_01620/Y
-     BUFx8_ASAP7_75t_R        rise   0.031   0.251   0.018  0.009  (247.644,186.939)    0.180      2    
CTS_ccl_a_buf_01613/A
-     BUFx8_ASAP7_75t_R        rise   0.004   0.255   0.020  -      (248.364,254.349)   68.130   -       
CTS_ccl_a_buf_01613/Y
-     BUFx8_ASAP7_75t_R        rise   0.027   0.282   0.013  0.004  (248.184,254.349)    0.180      2    
CTS_ccl_buf_01605/A
-     BUFx8_ASAP7_75t_R        rise   0.001   0.283   0.013  -      (259.236,255.519)   12.222   -       
CTS_ccl_buf_01605/Y
-     BUFx8_ASAP7_75t_R        rise   0.026   0.309   0.016  0.007  (259.416,255.519)    0.180      2    
u_axi_to_apb_cg_icg__RC_CG_HIER_INST228/RC_CGIC_INST/CLK
-     ICGx8DC_ASAP7_75t_L      rise   0.000   0.309   0.016  -      (261.432,253.701)    3.834   -       
u_axi_to_apb_cg_icg__RC_CG_HIER_INST228/RC_CGIC_INST/GCLK
-     ICGx8DC_ASAP7_75t_L      rise   0.014   0.323   0.009  0.005  (261.612,253.809)    0.288      2    
CTS_ccl_a_buf_00513/A
-     BUFx10_ASAP7_75t_R       rise   0.001   0.324   0.009  -      (260.568,250.119)    4.734   -       
CTS_ccl_a_buf_00513/Y
-     BUFx10_ASAP7_75t_R       rise   0.023   0.347   0.019  0.013  (260.388,250.119)    0.180     20    
u_axi_to_apb_m_apb_paddr_reg[30]/CLK
-     DFFASRHQNx1_ASAP7_75t_R  rise   0.002   0.349   0.021  -      (259.002,238.275)   13.230   -       
---------------------------------------------------------------------------------------------------------------

Timing for timing corner dc_ff:hold.early, min clock_path:
==========================================================

PathID    : 165
Path type : skew group _clock_gen_CLK_SYS_en_latch_reg_12/mode_func (path 1 of 1)
Start     : clk
End       : u_apb_syscon/clk_gate_reg_reg[8]/CLK
Delay     :   0.240

---------------------------------------------------------------------------------------------------------------
Name  Lib cell                 Event  Incr   Arrival  Slew   Cap    Location           Distance  Fanout  Status
                                      (ns)   (ns)     (ns)   (pF)                      (um)              
-- Clockpath trace --------------------------------------------------------------------------------------------
clk
-     -                        rise   -       0.100   0.004  0.020  (139.684,0.000)    -            2    
CTS_ccl_buf_01624/A
-     BUFx12f_ASAP7_75t_R      rise   0.012   0.112   0.031  -      (193.950,103.779)  158.045   -       
CTS_ccl_buf_01624/Y
-     BUFx12f_ASAP7_75t_R      rise   0.018   0.130   0.009  0.008  (194.238,103.779)    0.288      2    
CTS_ccl_buf_01623/A
-     BUFx10_ASAP7_75t_R       rise   0.003   0.133   0.012  -      (217.800,123.669)   43.452   -       
CTS_ccl_buf_01623/Y
-     BUFx10_ASAP7_75t_R       rise   0.019   0.151   0.016  0.015  (217.620,123.669)    0.180      3    
CTS_ccl_buf_01620/A
-     BUFx8_ASAP7_75t_R        rise   0.006   0.157   0.021  -      (247.464,186.939)   93.114   -       
CTS_ccl_buf_01620/Y
-     BUFx8_ASAP7_75t_R        rise   0.023   0.180   0.013  0.009  (247.644,186.939)    0.180      2    
CTS_cdb_buf_04712/A
-     BUFx4_ASAP7_75t_R        rise   0.003   0.183   0.016  -      (248.436,251.235)   65.088   -       
CTS_cdb_buf_04712/Y
-     BUFx4_ASAP7_75t_R        rise   0.019   0.203   0.007  0.001  (248.580,251.199)    0.180      1    
CTS_ccl_a_buf_01201/A
-     BUFx4_ASAP7_75t_R        rise   0.000   0.203   0.007  -      (248.976,253.773)    2.970   -       
CTS_ccl_a_buf_01201/Y
-     BUFx4_ASAP7_75t_R        rise   0.021   0.224   0.015  0.006  (249.120,253.809)    0.180      2    
u_apb_syscon/cg_icg__RC_CG_HIER_INST53/RC_CGIC_INST/CLK
-     ICGx3_ASAP7_75t_L        rise   0.001   0.224   0.015  -      (250.650,254.547)    2.268   -       
u_apb_syscon/cg_icg__RC_CG_HIER_INST53/RC_CGIC_INST/GCLK
-     ICGx3_ASAP7_75t_L        rise   0.015   0.239   0.015  0.007  (251.334,254.439)    0.792     10    
u_apb_syscon/clk_gate_reg_reg[8]/CLK
-     DFFASRHQNx1_ASAP7_75t_R  rise   0.000   0.240   0.015  -      (252.738,255.015)    1.980   -       
---------------------------------------------------------------------------------------------------------------

Timing for timing corner dc_ff:hold.early, max clock_path:
==========================================================

PathID    : 166
Path type : skew group _clock_gen_CLK_SYS_en_latch_reg_12/mode_func (path 1 of 1)
Start     : clk
End       : u_axi_to_apb_m_apb_paddr_reg[29]/CLK
Delay     :   0.253

---------------------------------------------------------------------------------------------------------------
Name  Lib cell                 Event  Incr   Arrival  Slew   Cap    Location           Distance  Fanout  Status
                                      (ns)   (ns)     (ns)   (pF)                      (um)              
-- Clockpath trace --------------------------------------------------------------------------------------------
clk
-     -                        rise   -       0.100   0.004  0.020  (139.684,0.000)    -            2    
CTS_ccl_buf_01624/A
-     BUFx12f_ASAP7_75t_R      rise   0.012   0.112   0.031  -      (193.950,103.779)  158.045   -       
CTS_ccl_buf_01624/Y
-     BUFx12f_ASAP7_75t_R      rise   0.018   0.130   0.009  0.008  (194.238,103.779)    0.288      2    
CTS_ccl_buf_01623/A
-     BUFx10_ASAP7_75t_R       rise   0.003   0.133   0.012  -      (217.800,123.669)   43.452   -       
CTS_ccl_buf_01623/Y
-     BUFx10_ASAP7_75t_R       rise   0.019   0.151   0.016  0.015  (217.620,123.669)    0.180      3    
CTS_ccl_buf_01620/A
-     BUFx8_ASAP7_75t_R        rise   0.006   0.157   0.021  -      (247.464,186.939)   93.114   -       
CTS_ccl_buf_01620/Y
-     BUFx8_ASAP7_75t_R        rise   0.023   0.180   0.013  0.009  (247.644,186.939)    0.180      2    
CTS_ccl_a_buf_01613/A
-     BUFx8_ASAP7_75t_R        rise   0.004   0.183   0.016  -      (248.364,254.349)   68.130   -       
CTS_ccl_a_buf_01613/Y
-     BUFx8_ASAP7_75t_R        rise   0.020   0.204   0.009  0.005  (248.184,254.349)    0.180      2    
CTS_ccl_buf_01605/A
-     BUFx8_ASAP7_75t_R        rise   0.001   0.204   0.009  -      (259.236,255.519)   12.222   -       
CTS_ccl_buf_01605/Y
-     BUFx8_ASAP7_75t_R        rise   0.018   0.223   0.010  0.008  (259.416,255.519)    0.180      2    
u_axi_to_apb_cg_icg__RC_CG_HIER_INST228/RC_CGIC_INST/CLK
-     ICGx8DC_ASAP7_75t_L      rise   0.000   0.223   0.011  -      (261.432,253.701)    3.834   -       
u_axi_to_apb_cg_icg__RC_CG_HIER_INST228/RC_CGIC_INST/GCLK
-     ICGx8DC_ASAP7_75t_L      rise   0.010   0.233   0.007  0.006  (261.612,253.809)    0.288      2    
CTS_ccl_a_buf_00513/A
-     BUFx10_ASAP7_75t_R       rise   0.001   0.234   0.007  -      (260.568,250.119)    4.734   -       
CTS_ccl_a_buf_00513/Y
-     BUFx10_ASAP7_75t_R       rise   0.017   0.251   0.015  0.013  (260.388,250.119)    0.180     20    
u_axi_to_apb_m_apb_paddr_reg[29]/CLK
-     DFFASRHQNx1_ASAP7_75t_R  rise   0.002   0.253   0.017  -      (258.894,239.733)   11.880   -       
---------------------------------------------------------------------------------------------------------------

Timing for timing corner dc_ff:hold.late, min clock_path:
=========================================================

PathID    : 167
Path type : skew group _clock_gen_CLK_SYS_en_latch_reg_12/mode_func (path 1 of 1)
Start     : clk
End       : u_apb_syscon/clk_gate_reg_reg[8]/CLK
Delay     :   0.291

---------------------------------------------------------------------------------------------------------------
Name  Lib cell                 Event  Incr   Arrival  Slew   Cap    Location           Distance  Fanout  Status
                                      (ns)   (ns)     (ns)   (pF)                      (um)              
-- Clockpath trace --------------------------------------------------------------------------------------------
clk
-     -                        rise   -       0.150   0.004  0.020  (139.684,0.000)    -            2    
CTS_ccl_buf_01624/A
-     BUFx12f_ASAP7_75t_R      rise   0.012   0.162   0.031  -      (193.950,103.779)  158.045   -       
CTS_ccl_buf_01624/Y
-     BUFx12f_ASAP7_75t_R      rise   0.018   0.180   0.009  0.008  (194.238,103.779)    0.288      2    
CTS_ccl_buf_01623/A
-     BUFx10_ASAP7_75t_R       rise   0.003   0.182   0.012  -      (217.800,123.669)   43.452   -       
CTS_ccl_buf_01623/Y
-     BUFx10_ASAP7_75t_R       rise   0.019   0.201   0.016  0.015  (217.620,123.669)    0.180      3    
CTS_ccl_buf_01620/A
-     BUFx8_ASAP7_75t_R        rise   0.006   0.207   0.022  -      (247.464,186.939)   93.114   -       
CTS_ccl_buf_01620/Y
-     BUFx8_ASAP7_75t_R        rise   0.023   0.230   0.013  0.009  (247.644,186.939)    0.180      2    
CTS_cdb_buf_04712/A
-     BUFx4_ASAP7_75t_R        rise   0.003   0.234   0.016  -      (248.436,251.235)   65.088   -       
CTS_cdb_buf_04712/Y
-     BUFx4_ASAP7_75t_R        rise   0.019   0.253   0.007  0.001  (248.580,251.199)    0.180      1    
CTS_ccl_a_buf_01201/A
-     BUFx4_ASAP7_75t_R        rise   0.000   0.253   0.007  -      (248.976,253.773)    2.970   -       
CTS_ccl_a_buf_01201/Y
-     BUFx4_ASAP7_75t_R        rise   0.021   0.274   0.015  0.006  (249.120,253.809)    0.180      2    
u_apb_syscon/cg_icg__RC_CG_HIER_INST53/RC_CGIC_INST/CLK
-     ICGx3_ASAP7_75t_L        rise   0.001   0.275   0.016  -      (250.650,254.547)    2.268   -       
u_apb_syscon/cg_icg__RC_CG_HIER_INST53/RC_CGIC_INST/GCLK
-     ICGx3_ASAP7_75t_L        rise   0.016   0.290   0.015  0.007  (251.334,254.439)    0.792     10    
u_apb_syscon/clk_gate_reg_reg[8]/CLK
-     DFFASRHQNx1_ASAP7_75t_R  rise   0.000   0.291   0.015  -      (252.738,255.015)    1.980   -       
---------------------------------------------------------------------------------------------------------------

Timing for timing corner dc_ff:hold.late, max clock_path:
=========================================================

PathID    : 168
Path type : skew group _clock_gen_CLK_SYS_en_latch_reg_12/mode_func (path 1 of 1)
Start     : clk
End       : u_axi_to_apb_m_apb_paddr_reg[30]/CLK
Delay     :   0.304

---------------------------------------------------------------------------------------------------------------
Name  Lib cell                 Event  Incr   Arrival  Slew   Cap    Location           Distance  Fanout  Status
                                      (ns)   (ns)     (ns)   (pF)                      (um)              
-- Clockpath trace --------------------------------------------------------------------------------------------
clk
-     -                        rise   -       0.150   0.004  0.020  (139.684,0.000)    -            2    
CTS_ccl_buf_01624/A
-     BUFx12f_ASAP7_75t_R      rise   0.012   0.162   0.031  -      (193.950,103.779)  158.045   -       
CTS_ccl_buf_01624/Y
-     BUFx12f_ASAP7_75t_R      rise   0.018   0.180   0.009  0.008  (194.238,103.779)    0.288      2    
CTS_ccl_buf_01623/A
-     BUFx10_ASAP7_75t_R       rise   0.003   0.182   0.012  -      (217.800,123.669)   43.452   -       
CTS_ccl_buf_01623/Y
-     BUFx10_ASAP7_75t_R       rise   0.019   0.201   0.016  0.015  (217.620,123.669)    0.180      3    
CTS_ccl_buf_01620/A
-     BUFx8_ASAP7_75t_R        rise   0.006   0.207   0.022  -      (247.464,186.939)   93.114   -       
CTS_ccl_buf_01620/Y
-     BUFx8_ASAP7_75t_R        rise   0.023   0.230   0.013  0.009  (247.644,186.939)    0.180      2    
CTS_ccl_a_buf_01613/A
-     BUFx8_ASAP7_75t_R        rise   0.003   0.234   0.016  -      (248.364,254.349)   68.130   -       
CTS_ccl_a_buf_01613/Y
-     BUFx8_ASAP7_75t_R        rise   0.020   0.254   0.009  0.005  (248.184,254.349)    0.180      2    
CTS_ccl_buf_01605/A
-     BUFx8_ASAP7_75t_R        rise   0.001   0.255   0.009  -      (259.236,255.519)   12.222   -       
CTS_ccl_buf_01605/Y
-     BUFx8_ASAP7_75t_R        rise   0.019   0.274   0.012  0.008  (259.416,255.519)    0.180      2    
u_axi_to_apb_cg_icg__RC_CG_HIER_INST228/RC_CGIC_INST/CLK
-     ICGx8DC_ASAP7_75t_L      rise   0.000   0.274   0.013  -      (261.432,253.701)    3.834   -       
u_axi_to_apb_cg_icg__RC_CG_HIER_INST228/RC_CGIC_INST/GCLK
-     ICGx8DC_ASAP7_75t_L      rise   0.010   0.285   0.007  0.006  (261.612,253.809)    0.288      2    
CTS_ccl_a_buf_00513/A
-     BUFx10_ASAP7_75t_R       rise   0.001   0.285   0.007  -      (260.568,250.119)    4.734   -       
CTS_ccl_a_buf_00513/Y
-     BUFx10_ASAP7_75t_R       rise   0.017   0.302   0.015  0.013  (260.388,250.119)    0.180     20    
u_axi_to_apb_m_apb_paddr_reg[30]/CLK
-     DFFASRHQNx1_ASAP7_75t_R  rise   0.002   0.304   0.018  -      (259.002,238.275)   13.230   -       
---------------------------------------------------------------------------------------------------------------

