============================================================
  Generated by:           Genus(TM) Synthesis Solution 23.14-s090_1
  Generated on:           Aug 11 2026  11:40:47 pm
  Module:                 riscv_pipeline
  Operating conditions:   PVT_0P7V_25C (balanced_tree)
  Wireload mode:          enclosed
  Area mode:              timing library
============================================================


Path 1: MET (4026 ps) Late External Delay Assertion at pin dbg_reg_read_data[3]
           View: tt
          Group: I2O
     Startpoint: (F) dbg_reg_read_addr[3]
          Clock: (R) CLK
       Endpoint: (R) dbg_reg_read_data[3]
          Clock: (R) CLK

                     Capture       Launch     
        Clock Edge:+   10000            0     
        Drv Adjust:+       0            0     
       Src Latency:+     100          150     
       Net Latency:+       0 (I)        0 (I) 
           Arrival:=   10100          150     
                                              
      Output Delay:-    3000                  
       Uncertainty:-      50                  
     Required Time:=    7050                  
      Launch Clock:-     150                  
       Input Delay:-    2500                  
         Data Path:-     374                  
             Slack:=    4026                  

Exceptions/Constraints:
  input_delay              2500            constraint.sdc_line_49_113_1   
  output_delay             3000            constraint.sdc_line_62_461_1   

#-----------------------------------------------------------------------------------------------------------
#     Timing Point       Flags   Arc   Edge         Cell           Fanout Load Trans Delay Arrival Instance 
#                                                                         (fF)  (ps)  (ps)   (ps)  Location 
#-----------------------------------------------------------------------------------------------------------
  dbg_reg_read_addr[3]   -       -     F     (arrival)                  6  3.2    40     0    2650    (-,-) 
  CSR_RF/g15905/Y        -       A->Y  R     INVx1_ASAP7_75t_L          1  0.5    14    11    2661    (-,-) 
  CSR_RF/g15883/Y        -       A->Y  F     NAND3xp33_ASAP7_75t_L      2  1.0    27    14    2674    (-,-) 
  CSR_RF/g15875/Y        -       B->Y  F     OR2x2_ASAP7_75t_L          3  1.5    11    23    2698    (-,-) 
  CSR_RF/g15863/Y        -       A2->Y R     AOI21xp5_ASAP7_75t_L       1  0.5    21    10    2708    (-,-) 
  CSR_RF/g15859/Y        -       B->Y  F     OAI211xp5_ASAP7_75t_L      4  2.0    42    23    2731    (-,-) 
  CSR_RF/g15803/Y        -       B->Y  R     NOR5xp2_ASAP7_75t_L       17  7.2   268   129    2860    (-,-) 
  CSR_RF/drc_bufs15916/Y -       A->Y  F     INVx1_ASAP7_75t_L          1  0.6    41    10    2870    (-,-) 
  CSR_RF/drc_bufs15915/Y -       A->Y  R     INVx1_ASAP7_75t_L         16  6.5    55    36    2906    (-,-) 
  CSR_RF/g15767/Y        -       A2->Y F     AOI22xp33_ASAP7_75t_L      1  0.5    58    18    2923    (-,-) 
  CSR_RF/g15430/Y        -       D->Y  R     NAND4xp25_ASAP7_75t_L      1  0.6    29    22    2946    (-,-) 
  CSR_RF/g15397/Y        -       B->Y  F     AOI21xp5_ASAP7_75t_L       1  0.5    37    10    2956    (-,-) 
  CSR_RF/g15328/Y        -       D->Y  R     NAND4xp25_ASAP7_75t_L      1  0.4    22    18    2974    (-,-) 
  g3354/Y                -       B1->Y R     AO22x1_ASAP7_75t_L         1 10.0    78    50    3024    (-,-) 
  dbg_reg_read_data[3]   -       -     R     (port)                     -    -     -     0    3024    (-,-) 
#-----------------------------------------------------------------------------------------------------------



Path 2: MET (4037 ps) Late External Delay Assertion at pin dbg_reg_read_data[17]
           View: tt
          Group: I2O
     Startpoint: (F) dbg_reg_read_addr[3]
          Clock: (R) CLK
       Endpoint: (R) dbg_reg_read_data[17]
          Clock: (R) CLK

                     Capture       Launch     
        Clock Edge:+   10000            0     
        Drv Adjust:+       0            0     
       Src Latency:+     100          150     
       Net Latency:+       0 (I)        0 (I) 
           Arrival:=   10100          150     
                                              
      Output Delay:-    3000                  
       Uncertainty:-      50                  
     Required Time:=    7050                  
      Launch Clock:-     150                  
       Input Delay:-    2500                  
         Data Path:-     363                  
             Slack:=    4037                  

Exceptions/Constraints:
  input_delay              2500            constraint.sdc_line_49_113_1   
  output_delay             3000            constraint.sdc_line_62_447_1   

#-----------------------------------------------------------------------------------------------------------
#     Timing Point       Flags   Arc   Edge         Cell           Fanout Load Trans Delay Arrival Instance 
#                                                                         (fF)  (ps)  (ps)   (ps)  Location 
#-----------------------------------------------------------------------------------------------------------
  dbg_reg_read_addr[3]   -       -     F     (arrival)                  6  3.2    40     0    2650    (-,-) 
  CSR_RF/g15905/Y        -       A->Y  R     INVx1_ASAP7_75t_L          1  0.5    14    11    2661    (-,-) 
  CSR_RF/g15883/Y        -       A->Y  F     NAND3xp33_ASAP7_75t_L      2  1.0    27    14    2674    (-,-) 
  CSR_RF/g15875/Y        -       B->Y  F     OR2x2_ASAP7_75t_L          3  1.5    11    23    2698    (-,-) 
  CSR_RF/g15863/Y        -       A2->Y R     AOI21xp5_ASAP7_75t_L       1  0.5    21    10    2708    (-,-) 
  CSR_RF/g15859/Y        -       B->Y  F     OAI211xp5_ASAP7_75t_L      4  2.0    42    23    2731    (-,-) 
  CSR_RF/g15803/Y        -       B->Y  R     NOR5xp2_ASAP7_75t_L       17  7.2   268   129    2860    (-,-) 
  CSR_RF/drc_bufs15916/Y -       A->Y  F     INVx1_ASAP7_75t_L          1  0.6    41    10    2870    (-,-) 
  CSR_RF/drc_bufs15915/Y -       A->Y  R     INVx1_ASAP7_75t_L         16  6.5    55    36    2906    (-,-) 
  CSR_RF/g15750/Y        -       A2->Y R     AO22x1_ASAP7_75t_L         1  0.5    13    25    2931    (-,-) 
  CSR_RF/g15519/Y        -       C->Y  F     AOI221xp5_ASAP7_75t_L      1  0.5    52    10    2941    (-,-) 
  CSR_RF/g15371/Y        -       C->Y  R     NAND5xp2_ASAP7_75t_L       1  0.4    26    20    2962    (-,-) 
  g3361/Y                -       B1->Y R     AO22x1_ASAP7_75t_L         1 10.0    81    51    3013    (-,-) 
  dbg_reg_read_data[17]  -       -     R     (port)                     -    -     -     0    3013    (-,-) 
#-----------------------------------------------------------------------------------------------------------



Path 3: MET (4037 ps) Late External Delay Assertion at pin dbg_reg_read_data[31]
           View: tt
          Group: I2O
     Startpoint: (F) dbg_reg_read_addr[3]
          Clock: (R) CLK
       Endpoint: (R) dbg_reg_read_data[31]
          Clock: (R) CLK

                     Capture       Launch     
        Clock Edge:+   10000            0     
        Drv Adjust:+       0            0     
       Src Latency:+     100          150     
       Net Latency:+       0 (I)        0 (I) 
           Arrival:=   10100          150     
                                              
      Output Delay:-    3000                  
       Uncertainty:-      50                  
     Required Time:=    7050                  
      Launch Clock:-     150                  
       Input Delay:-    2500                  
         Data Path:-     363                  
             Slack:=    4037                  

Exceptions/Constraints:
  input_delay              2500            constraint.sdc_line_49_113_1   
  output_delay             3000            constraint.sdc_line_62_433_1   

#-----------------------------------------------------------------------------------------------------------
#     Timing Point       Flags   Arc   Edge         Cell           Fanout Load Trans Delay Arrival Instance 
#                                                                         (fF)  (ps)  (ps)   (ps)  Location 
#-----------------------------------------------------------------------------------------------------------
  dbg_reg_read_addr[3]   -       -     F     (arrival)                  6  3.2    40     0    2650    (-,-) 
  CSR_RF/g15905/Y        -       A->Y  R     INVx1_ASAP7_75t_L          1  0.5    14    11    2661    (-,-) 
  CSR_RF/g15883/Y        -       A->Y  F     NAND3xp33_ASAP7_75t_L      2  1.0    27    14    2674    (-,-) 
  CSR_RF/g15875/Y        -       B->Y  F     OR2x2_ASAP7_75t_L          3  1.5    11    23    2698    (-,-) 
  CSR_RF/g15863/Y        -       A2->Y R     AOI21xp5_ASAP7_75t_L       1  0.5    21    10    2708    (-,-) 
  CSR_RF/g15859/Y        -       B->Y  F     OAI211xp5_ASAP7_75t_L      4  2.0    42    23    2731    (-,-) 
  CSR_RF/g15803/Y        -       B->Y  R     NOR5xp2_ASAP7_75t_L       17  7.2   268   129    2860    (-,-) 
  CSR_RF/drc_bufs15916/Y -       A->Y  F     INVx1_ASAP7_75t_L          1  0.6    41    10    2870    (-,-) 
  CSR_RF/drc_bufs15915/Y -       A->Y  R     INVx1_ASAP7_75t_L         16  6.5    55    36    2906    (-,-) 
  CSR_RF/g15753/Y        -       A2->Y R     AO22x1_ASAP7_75t_L         1  0.5    13    25    2931    (-,-) 
  CSR_RF/g15505/Y        -       C->Y  F     AOI221xp5_ASAP7_75t_L      1  0.5    52    10    2941    (-,-) 
  CSR_RF/g15359/Y        -       C->Y  R     NAND5xp2_ASAP7_75t_L       1  0.4    26    20    2962    (-,-) 
  g3355/Y                -       B1->Y R     AO22x1_ASAP7_75t_L         1 10.0    81    51    3013    (-,-) 
  dbg_reg_read_data[31]  -       -     R     (port)                     -    -     -     0    3013    (-,-) 
#-----------------------------------------------------------------------------------------------------------



Path 4: MET (4038 ps) Late External Delay Assertion at pin dbg_reg_read_data[0]
           View: tt
          Group: I2O
     Startpoint: (F) dbg_reg_read_addr[3]
          Clock: (R) CLK
       Endpoint: (R) dbg_reg_read_data[0]
          Clock: (R) CLK

                     Capture       Launch     
        Clock Edge:+   10000            0     
        Drv Adjust:+       0            0     
       Src Latency:+     100          150     
       Net Latency:+       0 (I)        0 (I) 
           Arrival:=   10100          150     
                                              
      Output Delay:-    3000                  
       Uncertainty:-      50                  
     Required Time:=    7050                  
      Launch Clock:-     150                  
       Input Delay:-    2500                  
         Data Path:-     362                  
             Slack:=    4038                  

Exceptions/Constraints:
  input_delay              2500            constraint.sdc_line_49_113_1   
  output_delay             3000            constraint.sdc_line_62_464_1   

#-----------------------------------------------------------------------------------------------------------
#     Timing Point       Flags   Arc   Edge         Cell           Fanout Load Trans Delay Arrival Instance 
#                                                                         (fF)  (ps)  (ps)   (ps)  Location 
#-----------------------------------------------------------------------------------------------------------
  dbg_reg_read_addr[3]   -       -     F     (arrival)                  6  3.2    40     0    2650    (-,-) 
  CSR_RF/g15905/Y        -       A->Y  R     INVx1_ASAP7_75t_L          1  0.5    14    11    2661    (-,-) 
  CSR_RF/g15883/Y        -       A->Y  F     NAND3xp33_ASAP7_75t_L      2  1.0    27    14    2674    (-,-) 
  CSR_RF/g15875/Y        -       B->Y  F     OR2x2_ASAP7_75t_L          3  1.5    11    23    2698    (-,-) 
  CSR_RF/g15863/Y        -       A2->Y R     AOI21xp5_ASAP7_75t_L       1  0.5    21    10    2708    (-,-) 
  CSR_RF/g15859/Y        -       B->Y  F     OAI211xp5_ASAP7_75t_L      4  2.0    42    23    2731    (-,-) 
  CSR_RF/g15803/Y        -       B->Y  R     NOR5xp2_ASAP7_75t_L       17  7.2   268   129    2860    (-,-) 
  CSR_RF/drc_bufs15916/Y -       A->Y  F     INVx1_ASAP7_75t_L          1  0.6    41    10    2870    (-,-) 
  CSR_RF/drc_bufs15915/Y -       A->Y  R     INVx1_ASAP7_75t_L         16  6.5    55    36    2906    (-,-) 
  CSR_RF/g15731/Y        -       A2->Y R     AO22x1_ASAP7_75t_L         1  0.5    13    25    2931    (-,-) 
  CSR_RF/g15504/Y        -       C->Y  F     AOI221xp5_ASAP7_75t_L      1  0.5    52    10    2941    (-,-) 
  CSR_RF/g15358/Y        -       C->Y  R     NAND5xp2_ASAP7_75t_L       1  0.4    25    20    2962    (-,-) 
  g3360/Y                -       B1->Y R     AO22x1_ASAP7_75t_L         1 10.0    81    51    3012    (-,-) 
  dbg_reg_read_data[0]   -       -     R     (port)                     -    -     -     0    3012    (-,-) 
#-----------------------------------------------------------------------------------------------------------



Path 5: MET (4038 ps) Late External Delay Assertion at pin dbg_reg_read_data[1]
           View: tt
          Group: I2O
     Startpoint: (F) dbg_reg_read_addr[3]
          Clock: (R) CLK
       Endpoint: (R) dbg_reg_read_data[1]
          Clock: (R) CLK

                     Capture       Launch     
        Clock Edge:+   10000            0     
        Drv Adjust:+       0            0     
       Src Latency:+     100          150     
       Net Latency:+       0 (I)        0 (I) 
           Arrival:=   10100          150     
                                              
      Output Delay:-    3000                  
       Uncertainty:-      50                  
     Required Time:=    7050                  
      Launch Clock:-     150                  
       Input Delay:-    2500                  
         Data Path:-     362                  
             Slack:=    4038                  

Exceptions/Constraints:
  input_delay              2500            constraint.sdc_line_49_113_1   
  output_delay             3000            constraint.sdc_line_62_463_1   

#-----------------------------------------------------------------------------------------------------------
#     Timing Point       Flags   Arc   Edge         Cell           Fanout Load Trans Delay Arrival Instance 
#                                                                         (fF)  (ps)  (ps)   (ps)  Location 
#-----------------------------------------------------------------------------------------------------------
  dbg_reg_read_addr[3]   -       -     F     (arrival)                  6  3.2    40     0    2650    (-,-) 
  CSR_RF/g15905/Y        -       A->Y  R     INVx1_ASAP7_75t_L          1  0.5    14    11    2661    (-,-) 
  CSR_RF/g15883/Y        -       A->Y  F     NAND3xp33_ASAP7_75t_L      2  1.0    27    14    2674    (-,-) 
  CSR_RF/g15875/Y        -       B->Y  F     OR2x2_ASAP7_75t_L          3  1.5    11    23    2698    (-,-) 
  CSR_RF/g15863/Y        -       A2->Y R     AOI21xp5_ASAP7_75t_L       1  0.5    21    10    2708    (-,-) 
  CSR_RF/g15859/Y        -       B->Y  F     OAI211xp5_ASAP7_75t_L      4  2.0    42    23    2731    (-,-) 
  CSR_RF/g15803/Y        -       B->Y  R     NOR5xp2_ASAP7_75t_L       17  7.2   268   129    2860    (-,-) 
  CSR_RF/drc_bufs15916/Y -       A->Y  F     INVx1_ASAP7_75t_L          1  0.6    41    10    2870    (-,-) 
  CSR_RF/drc_bufs15915/Y -       A->Y  R     INVx1_ASAP7_75t_L         16  6.5    55    36    2906    (-,-) 
  CSR_RF/g15730/Y        -       A2->Y R     AO22x1_ASAP7_75t_L         1  0.5    11    25    2931    (-,-) 
  CSR_RF/g15503/Y        -       C->Y  F     AOI221xp5_ASAP7_75t_L      1  0.5    52     9    2941    (-,-) 
  CSR_RF/g15364/Y        -       C->Y  R     NAND5xp2_ASAP7_75t_L       1  0.4    25    20    2961    (-,-) 
  g3357/Y                -       B1->Y R     AO22x1_ASAP7_75t_L         1 10.0    78    51    3012    (-,-) 
  dbg_reg_read_data[1]   -       -     R     (port)                     -    -     -     0    3012    (-,-) 
#-----------------------------------------------------------------------------------------------------------



Path 6: MET (4038 ps) Late External Delay Assertion at pin dbg_reg_read_data[4]
           View: tt
          Group: I2O
     Startpoint: (F) dbg_reg_read_addr[3]
          Clock: (R) CLK
       Endpoint: (R) dbg_reg_read_data[4]
          Clock: (R) CLK

                     Capture       Launch     
        Clock Edge:+   10000            0     
        Drv Adjust:+       0            0     
       Src Latency:+     100          150     
       Net Latency:+       0 (I)        0 (I) 
           Arrival:=   10100          150     
                                              
      Output Delay:-    3000                  
       Uncertainty:-      50                  
     Required Time:=    7050                  
      Launch Clock:-     150                  
       Input Delay:-    2500                  
         Data Path:-     362                  
             Slack:=    4038                  

Exceptions/Constraints:
  input_delay              2500            constraint.sdc_line_49_113_1   
  output_delay             3000            constraint.sdc_line_62_460_1   

#-----------------------------------------------------------------------------------------------------------
#     Timing Point       Flags   Arc   Edge         Cell           Fanout Load Trans Delay Arrival Instance 
#                                                                         (fF)  (ps)  (ps)   (ps)  Location 
#-----------------------------------------------------------------------------------------------------------
  dbg_reg_read_addr[3]   -       -     F     (arrival)                  6  3.2    40     0    2650    (-,-) 
  CSR_RF/g15905/Y        -       A->Y  R     INVx1_ASAP7_75t_L          1  0.5    14    11    2661    (-,-) 
  CSR_RF/g15883/Y        -       A->Y  F     NAND3xp33_ASAP7_75t_L      2  1.0    27    14    2674    (-,-) 
  CSR_RF/g15875/Y        -       B->Y  F     OR2x2_ASAP7_75t_L          3  1.5    11    23    2698    (-,-) 
  CSR_RF/g15863/Y        -       A2->Y R     AOI21xp5_ASAP7_75t_L       1  0.5    21    10    2708    (-,-) 
  CSR_RF/g15859/Y        -       B->Y  F     OAI211xp5_ASAP7_75t_L      4  2.0    42    23    2731    (-,-) 
  CSR_RF/g15803/Y        -       B->Y  R     NOR5xp2_ASAP7_75t_L       17  7.2   268   129    2860    (-,-) 
  CSR_RF/drc_bufs15916/Y -       A->Y  F     INVx1_ASAP7_75t_L          1  0.6    41    10    2870    (-,-) 
  CSR_RF/drc_bufs15915/Y -       A->Y  R     INVx1_ASAP7_75t_L         16  6.5    55    36    2906    (-,-) 
  CSR_RF/g15765/Y        -       A2->Y R     AO22x1_ASAP7_75t_L         1  0.5    11    25    2931    (-,-) 
  CSR_RF/g15529/Y        -       C->Y  F     AOI221xp5_ASAP7_75t_L      1  0.5    52     9    2941    (-,-) 
  CSR_RF/g15379/Y        -       C->Y  R     NAND5xp2_ASAP7_75t_L       1  0.4    25    20    2961    (-,-) 
  g3353/Y                -       B1->Y R     AO22x1_ASAP7_75t_L         1 10.0    78    51    3012    (-,-) 
  dbg_reg_read_data[4]   -       -     R     (port)                     -    -     -     0    3012    (-,-) 
#-----------------------------------------------------------------------------------------------------------



Path 7: MET (4040 ps) Late External Delay Assertion at pin dbg_reg_read_data[8]
           View: tt
          Group: I2O
     Startpoint: (F) dbg_reg_read_addr[3]
          Clock: (R) CLK
       Endpoint: (R) dbg_reg_read_data[8]
          Clock: (R) CLK

                     Capture       Launch     
        Clock Edge:+   10000            0     
        Drv Adjust:+       0            0     
       Src Latency:+     100          150     
       Net Latency:+       0 (I)        0 (I) 
           Arrival:=   10100          150     
                                              
      Output Delay:-    3000                  
       Uncertainty:-      50                  
     Required Time:=    7050                  
      Launch Clock:-     150                  
       Input Delay:-    2500                  
         Data Path:-     360                  
             Slack:=    4040                  

Exceptions/Constraints:
  input_delay              2500            constraint.sdc_line_49_113_1   
  output_delay             3000            constraint.sdc_line_62_456_1   

#-----------------------------------------------------------------------------------------------------------
#     Timing Point       Flags   Arc   Edge         Cell           Fanout Load Trans Delay Arrival Instance 
#                                                                         (fF)  (ps)  (ps)   (ps)  Location 
#-----------------------------------------------------------------------------------------------------------
  dbg_reg_read_addr[3]   -       -     F     (arrival)                  6  3.2    40     0    2650    (-,-) 
  CSR_RF/g15905/Y        -       A->Y  R     INVx1_ASAP7_75t_L          1  0.5    14    11    2661    (-,-) 
  CSR_RF/g15883/Y        -       A->Y  F     NAND3xp33_ASAP7_75t_L      2  1.0    27    14    2674    (-,-) 
  CSR_RF/g15875/Y        -       B->Y  F     OR2x2_ASAP7_75t_L          3  1.5    11    23    2698    (-,-) 
  CSR_RF/g15863/Y        -       A2->Y R     AOI21xp5_ASAP7_75t_L       1  0.5    21    10    2708    (-,-) 
  CSR_RF/g15859/Y        -       B->Y  F     OAI211xp5_ASAP7_75t_L      4  2.0    42    23    2731    (-,-) 
  CSR_RF/g15803/Y        -       B->Y  R     NOR5xp2_ASAP7_75t_L       17  7.2   268   129    2860    (-,-) 
  CSR_RF/drc_bufs15916/Y -       A->Y  F     INVx1_ASAP7_75t_L          1  0.6    41    10    2870    (-,-) 
  CSR_RF/drc_bufs15915/Y -       A->Y  R     INVx1_ASAP7_75t_L         16  6.5    55    36    2906    (-,-) 
  CSR_RF/g15760/Y        -       A2->Y F     AOI22xp33_ASAP7_75t_L      1  0.5    27    18    2923    (-,-) 
  CSR_RF/g15433/Y        -       C->Y  R     NAND5xp2_ASAP7_75t_L       1  0.6    24    16    2940    (-,-) 
  CSR_RF/g15391/Y        -       B->Y  F     AOI21xp5_ASAP7_75t_L       1  0.5    20    10    2949    (-,-) 
  CSR_RF/g15385/Y        -       A->Y  R     NAND3xp33_ASAP7_75t_L      1  0.4    24    10    2960    (-,-) 
  g3346/Y                -       B1->Y R     AO22x1_ASAP7_75t_L         1 10.0    81    51    3010    (-,-) 
  dbg_reg_read_data[8]   -       -     R     (port)                     -    -     -     0    3010    (-,-) 
#-----------------------------------------------------------------------------------------------------------



Path 8: MET (4042 ps) Late External Delay Assertion at pin dbg_reg_read_data[14]
           View: tt
          Group: I2O
     Startpoint: (F) dbg_reg_read_addr[3]
          Clock: (R) CLK
       Endpoint: (R) dbg_reg_read_data[14]
          Clock: (R) CLK

                     Capture       Launch     
        Clock Edge:+   10000            0     
        Drv Adjust:+       0            0     
       Src Latency:+     100          150     
       Net Latency:+       0 (I)        0 (I) 
           Arrival:=   10100          150     
                                              
      Output Delay:-    3000                  
       Uncertainty:-      50                  
     Required Time:=    7050                  
      Launch Clock:-     150                  
       Input Delay:-    2500                  
         Data Path:-     358                  
             Slack:=    4042                  

Exceptions/Constraints:
  input_delay              2500            constraint.sdc_line_49_113_1   
  output_delay             3000            constraint.sdc_line_62_450_1   

#-----------------------------------------------------------------------------------------------------------
#     Timing Point       Flags   Arc   Edge         Cell           Fanout Load Trans Delay Arrival Instance 
#                                                                         (fF)  (ps)  (ps)   (ps)  Location 
#-----------------------------------------------------------------------------------------------------------
  dbg_reg_read_addr[3]   -       -     F     (arrival)                  6  3.2    40     0    2650    (-,-) 
  CSR_RF/g15905/Y        -       A->Y  R     INVx1_ASAP7_75t_L          1  0.5    14    11    2661    (-,-) 
  CSR_RF/g15883/Y        -       A->Y  F     NAND3xp33_ASAP7_75t_L      2  1.0    27    14    2674    (-,-) 
  CSR_RF/g15875/Y        -       B->Y  F     OR2x2_ASAP7_75t_L          3  1.5    11    23    2698    (-,-) 
  CSR_RF/g15863/Y        -       A2->Y R     AOI21xp5_ASAP7_75t_L       1  0.5    21    10    2708    (-,-) 
  CSR_RF/g15859/Y        -       B->Y  F     OAI211xp5_ASAP7_75t_L      4  2.0    42    23    2731    (-,-) 
  CSR_RF/g15803/Y        -       B->Y  R     NOR5xp2_ASAP7_75t_L       17  7.2   268   129    2860    (-,-) 
  CSR_RF/drc_bufs15916/Y -       A->Y  F     INVx1_ASAP7_75t_L          1  0.6    41    10    2870    (-,-) 
  CSR_RF/drc_bufs15915/Y -       A->Y  R     INVx1_ASAP7_75t_L         16  6.5    55    36    2906    (-,-) 
  CSR_RF/g15734/Y        -       A2->Y R     AO22x1_ASAP7_75t_L         1  0.5    13    25    2931    (-,-) 
  CSR_RF/g15522/Y        -       C->Y  F     AOI221xp5_ASAP7_75t_L      1  0.5    28    10    2941    (-,-) 
  CSR_RF/g15374/Y        -       C->Y  R     NAND5xp2_ASAP7_75t_L       1  0.4    26    16    2957    (-,-) 
  g3367/Y                -       B1->Y R     AO22x1_ASAP7_75t_L         1 10.0    81    51    3008    (-,-) 
  dbg_reg_read_data[14]  -       -     R     (port)                     -    -     -     0    3008    (-,-) 
#-----------------------------------------------------------------------------------------------------------



Path 9: MET (4042 ps) Late External Delay Assertion at pin dbg_reg_read_data[16]
           View: tt
          Group: I2O
     Startpoint: (F) dbg_reg_read_addr[3]
          Clock: (R) CLK
       Endpoint: (R) dbg_reg_read_data[16]
          Clock: (R) CLK

                     Capture       Launch     
        Clock Edge:+   10000            0     
        Drv Adjust:+       0            0     
       Src Latency:+     100          150     
       Net Latency:+       0 (I)        0 (I) 
           Arrival:=   10100          150     
                                              
      Output Delay:-    3000                  
       Uncertainty:-      50                  
     Required Time:=    7050                  
      Launch Clock:-     150                  
       Input Delay:-    2500                  
         Data Path:-     358                  
             Slack:=    4042                  

Exceptions/Constraints:
  input_delay              2500            constraint.sdc_line_49_113_1   
  output_delay             3000            constraint.sdc_line_62_448_1   

#-----------------------------------------------------------------------------------------------------------
#     Timing Point       Flags   Arc   Edge         Cell           Fanout Load Trans Delay Arrival Instance 
#                                                                         (fF)  (ps)  (ps)   (ps)  Location 
#-----------------------------------------------------------------------------------------------------------
  dbg_reg_read_addr[3]   -       -     F     (arrival)                  6  3.2    40     0    2650    (-,-) 
  CSR_RF/g15905/Y        -       A->Y  R     INVx1_ASAP7_75t_L          1  0.5    14    11    2661    (-,-) 
  CSR_RF/g15883/Y        -       A->Y  F     NAND3xp33_ASAP7_75t_L      2  1.0    27    14    2674    (-,-) 
  CSR_RF/g15875/Y        -       B->Y  F     OR2x2_ASAP7_75t_L          3  1.5    11    23    2698    (-,-) 
  CSR_RF/g15863/Y        -       A2->Y R     AOI21xp5_ASAP7_75t_L       1  0.5    21    10    2708    (-,-) 
  CSR_RF/g15859/Y        -       B->Y  F     OAI211xp5_ASAP7_75t_L      4  2.0    42    23    2731    (-,-) 
  CSR_RF/g15803/Y        -       B->Y  R     NOR5xp2_ASAP7_75t_L       17  7.2   268   129    2860    (-,-) 
  CSR_RF/drc_bufs15916/Y -       A->Y  F     INVx1_ASAP7_75t_L          1  0.6    41    10    2870    (-,-) 
  CSR_RF/drc_bufs15915/Y -       A->Y  R     INVx1_ASAP7_75t_L         16  6.5    55    36    2906    (-,-) 
  CSR_RF/g15752/Y        -       A2->Y R     AO22x1_ASAP7_75t_L         1  0.5    13    25    2931    (-,-) 
  CSR_RF/g15520/Y        -       C->Y  F     AOI221xp5_ASAP7_75t_L      1  0.5    28    10    2941    (-,-) 
  CSR_RF/g15387/Y        -       C->Y  R     NAND5xp2_ASAP7_75t_L       1  0.4    26    16    2957    (-,-) 
  g3364/Y                -       B1->Y R     AO22x1_ASAP7_75t_L         1 10.0    81    51    3008    (-,-) 
  dbg_reg_read_data[16]  -       -     R     (port)                     -    -     -     0    3008    (-,-) 
#-----------------------------------------------------------------------------------------------------------



Path 10: MET (4042 ps) Late External Delay Assertion at pin dbg_reg_read_data[26]
           View: tt
          Group: I2O
     Startpoint: (F) dbg_reg_read_addr[3]
          Clock: (R) CLK
       Endpoint: (R) dbg_reg_read_data[26]
          Clock: (R) CLK

                     Capture       Launch     
        Clock Edge:+   10000            0     
        Drv Adjust:+       0            0     
       Src Latency:+     100          150     
       Net Latency:+       0 (I)        0 (I) 
           Arrival:=   10100          150     
                                              
      Output Delay:-    3000                  
       Uncertainty:-      50                  
     Required Time:=    7050                  
      Launch Clock:-     150                  
       Input Delay:-    2500                  
         Data Path:-     358                  
             Slack:=    4042                  

Exceptions/Constraints:
  input_delay              2500            constraint.sdc_line_49_113_1   
  output_delay             3000            constraint.sdc_line_62_438_1   

#-----------------------------------------------------------------------------------------------------------
#     Timing Point       Flags   Arc   Edge         Cell           Fanout Load Trans Delay Arrival Instance 
#                                                                         (fF)  (ps)  (ps)   (ps)  Location 
#-----------------------------------------------------------------------------------------------------------
  dbg_reg_read_addr[3]   -       -     F     (arrival)                  6  3.2    40     0    2650    (-,-) 
  CSR_RF/g15905/Y        -       A->Y  R     INVx1_ASAP7_75t_L          1  0.5    14    11    2661    (-,-) 
  CSR_RF/g15883/Y        -       A->Y  F     NAND3xp33_ASAP7_75t_L      2  1.0    27    14    2674    (-,-) 
  CSR_RF/g15875/Y        -       B->Y  F     OR2x2_ASAP7_75t_L          3  1.5    11    23    2698    (-,-) 
  CSR_RF/g15863/Y        -       A2->Y R     AOI21xp5_ASAP7_75t_L       1  0.5    21    10    2708    (-,-) 
  CSR_RF/g15859/Y        -       B->Y  F     OAI211xp5_ASAP7_75t_L      4  2.0    42    23    2731    (-,-) 
  CSR_RF/g15803/Y        -       B->Y  R     NOR5xp2_ASAP7_75t_L       17  7.2   268   129    2860    (-,-) 
  CSR_RF/drc_bufs15916/Y -       A->Y  F     INVx1_ASAP7_75t_L          1  0.6    41    10    2870    (-,-) 
  CSR_RF/drc_bufs15915/Y -       A->Y  R     INVx1_ASAP7_75t_L         16  6.5    55    36    2906    (-,-) 
  CSR_RF/g15741/Y        -       A2->Y R     AO22x1_ASAP7_75t_L         1  0.5    13    25    2931    (-,-) 
  CSR_RF/g15509/Y        -       C->Y  F     AOI221xp5_ASAP7_75t_L      1  0.5    28    10    2941    (-,-) 
  CSR_RF/g15363/Y        -       C->Y  R     NAND5xp2_ASAP7_75t_L       1  0.4    26    16    2957    (-,-) 
  g3363/Y                -       B1->Y R     AO22x1_ASAP7_75t_L         1 10.0    78    51    3008    (-,-) 
  dbg_reg_read_data[26]  -       -     R     (port)                     -    -     -     0    3008    (-,-) 
#-----------------------------------------------------------------------------------------------------------



Path 11: MET (4042 ps) Late External Delay Assertion at pin dbg_reg_read_data[15]
           View: tt
          Group: I2O
     Startpoint: (F) dbg_reg_read_addr[3]
          Clock: (R) CLK
       Endpoint: (R) dbg_reg_read_data[15]
          Clock: (R) CLK

                     Capture       Launch     
        Clock Edge:+   10000            0     
        Drv Adjust:+       0            0     
       Src Latency:+     100          150     
       Net Latency:+       0 (I)        0 (I) 
           Arrival:=   10100          150     
                                              
      Output Delay:-    3000                  
       Uncertainty:-      50                  
     Required Time:=    7050                  
      Launch Clock:-     150                  
       Input Delay:-    2500                  
         Data Path:-     358                  
             Slack:=    4042                  

Exceptions/Constraints:
  input_delay              2500            constraint.sdc_line_49_113_1   
  output_delay             3000            constraint.sdc_line_62_449_1   

#-----------------------------------------------------------------------------------------------------------
#     Timing Point       Flags   Arc   Edge         Cell           Fanout Load Trans Delay Arrival Instance 
#                                                                         (fF)  (ps)  (ps)   (ps)  Location 
#-----------------------------------------------------------------------------------------------------------
  dbg_reg_read_addr[3]   -       -     F     (arrival)                  6  3.2    40     0    2650    (-,-) 
  CSR_RF/g15905/Y        -       A->Y  R     INVx1_ASAP7_75t_L          1  0.5    14    11    2661    (-,-) 
  CSR_RF/g15883/Y        -       A->Y  F     NAND3xp33_ASAP7_75t_L      2  1.0    27    14    2674    (-,-) 
  CSR_RF/g15875/Y        -       B->Y  F     OR2x2_ASAP7_75t_L          3  1.5    11    23    2698    (-,-) 
  CSR_RF/g15863/Y        -       A2->Y R     AOI21xp5_ASAP7_75t_L       1  0.5    21    10    2708    (-,-) 
  CSR_RF/g15859/Y        -       B->Y  F     OAI211xp5_ASAP7_75t_L      4  2.0    42    23    2731    (-,-) 
  CSR_RF/g15803/Y        -       B->Y  R     NOR5xp2_ASAP7_75t_L       17  7.2   268   129    2860    (-,-) 
  CSR_RF/drc_bufs15916/Y -       A->Y  F     INVx1_ASAP7_75t_L          1  0.6    41    10    2870    (-,-) 
  CSR_RF/drc_bufs15915/Y -       A->Y  R     INVx1_ASAP7_75t_L         16  6.5    55    36    2906    (-,-) 
  CSR_RF/g15754/Y        -       A2->Y R     AO22x1_ASAP7_75t_L         1  0.5    13    25    2931    (-,-) 
  CSR_RF/g15521/Y        -       C->Y  F     AOI221xp5_ASAP7_75t_L      1  0.5    28    10    2941    (-,-) 
  CSR_RF/g15373/Y        -       C->Y  R     NAND5xp2_ASAP7_75t_L       1  0.4    25    16    2957    (-,-) 
  g3366/Y                -       B1->Y R     AO22x1_ASAP7_75t_L         1 10.0    78    51    3008    (-,-) 
  dbg_reg_read_data[15]  -       -     R     (port)                     -    -     -     0    3008    (-,-) 
#-----------------------------------------------------------------------------------------------------------



Path 12: MET (4043 ps) Late External Delay Assertion at pin dbg_reg_read_data[25]
           View: tt
          Group: I2O
     Startpoint: (F) dbg_reg_read_addr[3]
          Clock: (R) CLK
       Endpoint: (R) dbg_reg_read_data[25]
          Clock: (R) CLK

                     Capture       Launch     
        Clock Edge:+   10000            0     
        Drv Adjust:+       0            0     
       Src Latency:+     100          150     
       Net Latency:+       0 (I)        0 (I) 
           Arrival:=   10100          150     
                                              
      Output Delay:-    3000                  
       Uncertainty:-      50                  
     Required Time:=    7050                  
      Launch Clock:-     150                  
       Input Delay:-    2500                  
         Data Path:-     357                  
             Slack:=    4043                  

Exceptions/Constraints:
  input_delay              2500            constraint.sdc_line_49_113_1   
  output_delay             3000            constraint.sdc_line_62_439_1   

#-----------------------------------------------------------------------------------------------------------
#     Timing Point       Flags   Arc   Edge         Cell           Fanout Load Trans Delay Arrival Instance 
#                                                                         (fF)  (ps)  (ps)   (ps)  Location 
#-----------------------------------------------------------------------------------------------------------
  dbg_reg_read_addr[3]   -       -     F     (arrival)                  6  3.2    40     0    2650    (-,-) 
  CSR_RF/g15905/Y        -       A->Y  R     INVx1_ASAP7_75t_L          1  0.5    14    11    2661    (-,-) 
  CSR_RF/g15883/Y        -       A->Y  F     NAND3xp33_ASAP7_75t_L      2  1.0    27    14    2674    (-,-) 
  CSR_RF/g15875/Y        -       B->Y  F     OR2x2_ASAP7_75t_L          3  1.5    11    23    2698    (-,-) 
  CSR_RF/g15863/Y        -       A2->Y R     AOI21xp5_ASAP7_75t_L       1  0.5    21    10    2708    (-,-) 
  CSR_RF/g15859/Y        -       B->Y  F     OAI211xp5_ASAP7_75t_L      4  2.0    42    23    2731    (-,-) 
  CSR_RF/g15803/Y        -       B->Y  R     NOR5xp2_ASAP7_75t_L       17  7.2   268   129    2860    (-,-) 
  CSR_RF/drc_bufs15916/Y -       A->Y  F     INVx1_ASAP7_75t_L          1  0.6    41    10    2870    (-,-) 
  CSR_RF/drc_bufs15915/Y -       A->Y  R     INVx1_ASAP7_75t_L         16  6.5    55    36    2906    (-,-) 
  CSR_RF/g15743/Y        -       A2->Y R     AO22x1_ASAP7_75t_L         1  0.5    11    25    2931    (-,-) 
  CSR_RF/g15510/Y        -       C->Y  F     AOI221xp5_ASAP7_75t_L      1  0.5    28     9    2941    (-,-) 
  CSR_RF/g15357/Y        -       C->Y  R     NAND5xp2_ASAP7_75t_L       1  0.4    26    16    2956    (-,-) 
  g3365/Y                -       B1->Y R     AO22x1_ASAP7_75t_L         1 10.0    78    51    3007    (-,-) 
  dbg_reg_read_data[25]  -       -     R     (port)                     -    -     -     0    3007    (-,-) 
#-----------------------------------------------------------------------------------------------------------



Path 13: MET (4043 ps) Late External Delay Assertion at pin dbg_reg_read_data[28]
           View: tt
          Group: I2O
     Startpoint: (F) dbg_reg_read_addr[3]
          Clock: (R) CLK
       Endpoint: (R) dbg_reg_read_data[28]
          Clock: (R) CLK

                     Capture       Launch     
        Clock Edge:+   10000            0     
        Drv Adjust:+       0            0     
       Src Latency:+     100          150     
       Net Latency:+       0 (I)        0 (I) 
           Arrival:=   10100          150     
                                              
      Output Delay:-    3000                  
       Uncertainty:-      50                  
     Required Time:=    7050                  
      Launch Clock:-     150                  
       Input Delay:-    2500                  
         Data Path:-     357                  
             Slack:=    4043                  

Exceptions/Constraints:
  input_delay              2500            constraint.sdc_line_49_113_1   
  output_delay             3000            constraint.sdc_line_62_436_1   

#-----------------------------------------------------------------------------------------------------------
#     Timing Point       Flags   Arc   Edge         Cell           Fanout Load Trans Delay Arrival Instance 
#                                                                         (fF)  (ps)  (ps)   (ps)  Location 
#-----------------------------------------------------------------------------------------------------------
  dbg_reg_read_addr[3]   -       -     F     (arrival)                  6  3.2    40     0    2650    (-,-) 
  CSR_RF/g15905/Y        -       A->Y  R     INVx1_ASAP7_75t_L          1  0.5    14    11    2661    (-,-) 
  CSR_RF/g15883/Y        -       A->Y  F     NAND3xp33_ASAP7_75t_L      2  1.0    27    14    2674    (-,-) 
  CSR_RF/g15875/Y        -       B->Y  F     OR2x2_ASAP7_75t_L          3  1.5    11    23    2698    (-,-) 
  CSR_RF/g15863/Y        -       A2->Y R     AOI21xp5_ASAP7_75t_L       1  0.5    21    10    2708    (-,-) 
  CSR_RF/g15859/Y        -       B->Y  F     OAI211xp5_ASAP7_75t_L      4  2.0    42    23    2731    (-,-) 
  CSR_RF/g15803/Y        -       B->Y  R     NOR5xp2_ASAP7_75t_L       17  7.2   268   129    2860    (-,-) 
  CSR_RF/drc_bufs15916/Y -       A->Y  F     INVx1_ASAP7_75t_L          1  0.6    41    10    2870    (-,-) 
  CSR_RF/drc_bufs15915/Y -       A->Y  R     INVx1_ASAP7_75t_L         16  6.5    55    36    2906    (-,-) 
  CSR_RF/g15738/Y        -       A2->Y R     AO22x1_ASAP7_75t_L         1  0.5    11    25    2931    (-,-) 
  CSR_RF/g15507/Y        -       C->Y  F     AOI221xp5_ASAP7_75t_L      1  0.5    28     9    2941    (-,-) 
  CSR_RF/g15361/Y        -       C->Y  R     NAND5xp2_ASAP7_75t_L       1  0.4    26    16    2956    (-,-) 
  g3351/Y                -       B1->Y R     AO22x1_ASAP7_75t_L         1 10.0    78    51    3007    (-,-) 
  dbg_reg_read_data[28]  -       -     R     (port)                     -    -     -     0    3007    (-,-) 
#-----------------------------------------------------------------------------------------------------------



Path 14: MET (4043 ps) Late External Delay Assertion at pin dbg_reg_read_data[22]
           View: tt
          Group: I2O
     Startpoint: (F) dbg_reg_read_addr[3]
          Clock: (R) CLK
       Endpoint: (R) dbg_reg_read_data[22]
          Clock: (R) CLK

                     Capture       Launch     
        Clock Edge:+   10000            0     
        Drv Adjust:+       0            0     
       Src Latency:+     100          150     
       Net Latency:+       0 (I)        0 (I) 
           Arrival:=   10100          150     
                                              
      Output Delay:-    3000                  
       Uncertainty:-      50                  
     Required Time:=    7050                  
      Launch Clock:-     150                  
       Input Delay:-    2500                  
         Data Path:-     357                  
             Slack:=    4043                  

Exceptions/Constraints:
  input_delay              2500            constraint.sdc_line_49_113_1   
  output_delay             3000            constraint.sdc_line_62_442_1   

#-----------------------------------------------------------------------------------------------------------
#     Timing Point       Flags   Arc   Edge         Cell           Fanout Load Trans Delay Arrival Instance 
#                                                                         (fF)  (ps)  (ps)   (ps)  Location 
#-----------------------------------------------------------------------------------------------------------
  dbg_reg_read_addr[3]   -       -     F     (arrival)                  6  3.2    40     0    2650    (-,-) 
  CSR_RF/g15905/Y        -       A->Y  R     INVx1_ASAP7_75t_L          1  0.5    14    11    2661    (-,-) 
  CSR_RF/g15883/Y        -       A->Y  F     NAND3xp33_ASAP7_75t_L      2  1.0    27    14    2674    (-,-) 
  CSR_RF/g15875/Y        -       B->Y  F     OR2x2_ASAP7_75t_L          3  1.5    11    23    2698    (-,-) 
  CSR_RF/g15863/Y        -       A2->Y R     AOI21xp5_ASAP7_75t_L       1  0.5    21    10    2708    (-,-) 
  CSR_RF/g15859/Y        -       B->Y  F     OAI211xp5_ASAP7_75t_L      4  2.0    42    23    2731    (-,-) 
  CSR_RF/g15803/Y        -       B->Y  R     NOR5xp2_ASAP7_75t_L       17  7.2   268   129    2860    (-,-) 
  CSR_RF/drc_bufs15916/Y -       A->Y  F     INVx1_ASAP7_75t_L          1  0.6    41    10    2870    (-,-) 
  CSR_RF/drc_bufs15915/Y -       A->Y  R     INVx1_ASAP7_75t_L         16  6.5    55    36    2906    (-,-) 
  CSR_RF/g15745/Y        -       A2->Y R     AO22x1_ASAP7_75t_L         1  0.5    11    25    2931    (-,-) 
  CSR_RF/g15514/Y        -       C->Y  F     AOI221xp5_ASAP7_75t_L      1  0.5    28     9    2941    (-,-) 
  CSR_RF/g15366/Y        -       C->Y  R     NAND5xp2_ASAP7_75t_L       1  0.4    25    16    2956    (-,-) 
  g3343/Y                -       B1->Y R     AO22x1_ASAP7_75t_L         1 10.0    78    51    3007    (-,-) 
  dbg_reg_read_data[22]  -       -     R     (port)                     -    -     -     0    3007    (-,-) 
#-----------------------------------------------------------------------------------------------------------



Path 15: MET (4043 ps) Late External Delay Assertion at pin dbg_reg_read_data[19]
           View: tt
          Group: I2O
     Startpoint: (F) dbg_reg_read_addr[3]
          Clock: (R) CLK
       Endpoint: (R) dbg_reg_read_data[19]
          Clock: (R) CLK

                     Capture       Launch     
        Clock Edge:+   10000            0     
        Drv Adjust:+       0            0     
       Src Latency:+     100          150     
       Net Latency:+       0 (I)        0 (I) 
           Arrival:=   10100          150     
                                              
      Output Delay:-    3000                  
       Uncertainty:-      50                  
     Required Time:=    7050                  
      Launch Clock:-     150                  
       Input Delay:-    2500                  
         Data Path:-     357                  
             Slack:=    4043                  

Exceptions/Constraints:
  input_delay              2500            constraint.sdc_line_49_113_1   
  output_delay             3000            constraint.sdc_line_62_445_1   

#-----------------------------------------------------------------------------------------------------------
#     Timing Point       Flags   Arc   Edge         Cell           Fanout Load Trans Delay Arrival Instance 
#                                                                         (fF)  (ps)  (ps)   (ps)  Location 
#-----------------------------------------------------------------------------------------------------------
  dbg_reg_read_addr[3]   -       -     F     (arrival)                  6  3.2    40     0    2650    (-,-) 
  CSR_RF/g15905/Y        -       A->Y  R     INVx1_ASAP7_75t_L          1  0.5    14    11    2661    (-,-) 
  CSR_RF/g15883/Y        -       A->Y  F     NAND3xp33_ASAP7_75t_L      2  1.0    27    14    2674    (-,-) 
  CSR_RF/g15875/Y        -       B->Y  F     OR2x2_ASAP7_75t_L          3  1.5    11    23    2698    (-,-) 
  CSR_RF/g15863/Y        -       A2->Y R     AOI21xp5_ASAP7_75t_L       1  0.5    21    10    2708    (-,-) 
  CSR_RF/g15859/Y        -       B->Y  F     OAI211xp5_ASAP7_75t_L      4  2.0    42    23    2731    (-,-) 
  CSR_RF/g15803/Y        -       B->Y  R     NOR5xp2_ASAP7_75t_L       17  7.2   268   129    2860    (-,-) 
  CSR_RF/drc_bufs15916/Y -       A->Y  F     INVx1_ASAP7_75t_L          1  0.6    41    10    2870    (-,-) 
  CSR_RF/drc_bufs15915/Y -       A->Y  R     INVx1_ASAP7_75t_L         16  6.5    55    36    2906    (-,-) 
  CSR_RF/g15748/Y        -       A2->Y R     AO22x1_ASAP7_75t_L         1  0.5    11    25    2931    (-,-) 
  CSR_RF/g15517/Y        -       C->Y  F     AOI221xp5_ASAP7_75t_L      1  0.5    28     9    2941    (-,-) 
  CSR_RF/g15369/Y        -       C->Y  R     NAND5xp2_ASAP7_75t_L       1  0.4    21    16    2956    (-,-) 
  g3340/Y                -       B1->Y R     AO22x1_ASAP7_75t_L         1 10.0    78    50    3007    (-,-) 
  dbg_reg_read_data[19]  -       -     R     (port)                     -    -     -     0    3007    (-,-) 
#-----------------------------------------------------------------------------------------------------------



Path 16: MET (4059 ps) Late External Delay Assertion at pin dbg_reg_read_data[24]
           View: tt
          Group: I2O
     Startpoint: (F) dbg_reg_read_addr[3]
          Clock: (R) CLK
       Endpoint: (R) dbg_reg_read_data[24]
          Clock: (R) CLK

                     Capture       Launch     
        Clock Edge:+   10000            0     
        Drv Adjust:+       0            0     
       Src Latency:+     100          150     
       Net Latency:+       0 (I)        0 (I) 
           Arrival:=   10100          150     
                                              
      Output Delay:-    3000                  
       Uncertainty:-      50                  
     Required Time:=    7050                  
      Launch Clock:-     150                  
       Input Delay:-    2500                  
         Data Path:-     341                  
             Slack:=    4059                  

Exceptions/Constraints:
  input_delay              2500            constraint.sdc_line_49_113_1   
  output_delay             3000            constraint.sdc_line_62_440_1   

#-----------------------------------------------------------------------------------------------------------
#     Timing Point       Flags   Arc   Edge         Cell           Fanout Load Trans Delay Arrival Instance 
#                                                                         (fF)  (ps)  (ps)   (ps)  Location 
#-----------------------------------------------------------------------------------------------------------
  dbg_reg_read_addr[3]   -       -     F     (arrival)                  6  3.2    40     0    2650    (-,-) 
  CSR_RF/g15905/Y        -       A->Y  R     INVx1_ASAP7_75t_L          1  0.5    14    11    2661    (-,-) 
  CSR_RF/g15883/Y        -       A->Y  F     NAND3xp33_ASAP7_75t_L      2  1.0    27    14    2674    (-,-) 
  CSR_RF/g15875/Y        -       B->Y  F     OR2x2_ASAP7_75t_L          3  1.5    11    23    2698    (-,-) 
  CSR_RF/g15863/Y        -       A2->Y R     AOI21xp5_ASAP7_75t_L       1  0.5    21    10    2708    (-,-) 
  CSR_RF/g15859/Y        -       B->Y  F     OAI211xp5_ASAP7_75t_L      4  2.0    42    23    2731    (-,-) 
  CSR_RF/g15803/Y        -       B->Y  R     NOR5xp2_ASAP7_75t_L       17  7.2   268   129    2860    (-,-) 
  CSR_RF/drc_bufs15916/Y -       A->Y  F     INVx1_ASAP7_75t_L          1  0.6    41    10    2870    (-,-) 
  CSR_RF/drc_bufs15915/Y -       A->Y  R     INVx1_ASAP7_75t_L         16  6.5    55    36    2906    (-,-) 
  CSR_RF/g15512/Y        -       A2->Y F     AOI221xp5_ASAP7_75t_L      1  0.5    28    18    2924    (-,-) 
  CSR_RF/g15383/Y        -       C->Y  R     NAND5xp2_ASAP7_75t_L       1  0.4    26    16    2940    (-,-) 
  g3368/Y                -       B1->Y R     AO22x1_ASAP7_75t_L         1 10.0    81    51    2991    (-,-) 
  dbg_reg_read_data[24]  -       -     R     (port)                     -    -     -     0    2991    (-,-) 
#-----------------------------------------------------------------------------------------------------------



Path 17: MET (4060 ps) Late External Delay Assertion at pin dbg_reg_read_data[7]
           View: tt
          Group: I2O
     Startpoint: (F) dbg_reg_read_addr[3]
          Clock: (R) CLK
       Endpoint: (R) dbg_reg_read_data[7]
          Clock: (R) CLK

                     Capture       Launch     
        Clock Edge:+   10000            0     
        Drv Adjust:+       0            0     
       Src Latency:+     100          150     
       Net Latency:+       0 (I)        0 (I) 
           Arrival:=   10100          150     
                                              
      Output Delay:-    3000                  
       Uncertainty:-      50                  
     Required Time:=    7050                  
      Launch Clock:-     150                  
       Input Delay:-    2500                  
         Data Path:-     340                  
             Slack:=    4060                  

Exceptions/Constraints:
  input_delay              2500            constraint.sdc_line_49_113_1   
  output_delay             3000            constraint.sdc_line_62_457_1   

#-----------------------------------------------------------------------------------------------------------
#     Timing Point       Flags   Arc   Edge         Cell           Fanout Load Trans Delay Arrival Instance 
#                                                                         (fF)  (ps)  (ps)   (ps)  Location 
#-----------------------------------------------------------------------------------------------------------
  dbg_reg_read_addr[3]   -       -     F     (arrival)                  6  3.2    40     0    2650    (-,-) 
  CSR_RF/g15905/Y        -       A->Y  R     INVx1_ASAP7_75t_L          1  0.5    14    11    2661    (-,-) 
  CSR_RF/g15883/Y        -       A->Y  F     NAND3xp33_ASAP7_75t_L      2  1.0    27    14    2674    (-,-) 
  CSR_RF/g15875/Y        -       B->Y  F     OR2x2_ASAP7_75t_L          3  1.5    11    23    2698    (-,-) 
  CSR_RF/g15870/Y        -       B->Y  R     NOR5xp2_ASAP7_75t_L        3  1.6    81    39    2737    (-,-) 
  CSR_RF/g15851/Y        -       D->Y  F     NAND4xp25_ASAP7_75t_L      2  0.8    34    18    2755    (-,-) 
  CSR_RF/g15805/Y        -       B->Y  R     NOR2xp33_ASAP7_75t_L      17  7.1   154    79    2834    (-,-) 
  CSR_RF/drc_bufs15986/Y -       A->Y  F     INVx1_ASAP7_75t_L          1  0.6    28    10    2844    (-,-) 
  CSR_RF/drc_bufs15985/Y -       A->Y  R     INVx1_ASAP7_75t_L         16  6.5    53    32    2876    (-,-) 
  CSR_RF/g15724/Y        -       B2->Y F     AOI22xp33_ASAP7_75t_L      1  0.5    48    15    2892    (-,-) 
  CSR_RF/g15429/Y        -       C->Y  R     NAND4xp25_ASAP7_75t_L      1  0.6    30    20    2911    (-,-) 
  CSR_RF/g15393/Y        -       B->Y  F     AOI21xp5_ASAP7_75t_L       1  0.5    37    10    2921    (-,-) 
  CSR_RF/g15327/Y        -       D->Y  R     NAND4xp25_ASAP7_75t_L      1  0.4    25    18    2939    (-,-) 
  g3348/Y                -       B1->Y R     AO22x1_ASAP7_75t_L         1 10.0    81    51    2990    (-,-) 
  dbg_reg_read_data[7]   -       -     R     (port)                     -    -     -     0    2990    (-,-) 
#-----------------------------------------------------------------------------------------------------------



Path 18: MET (4060 ps) Late External Delay Assertion at pin dbg_reg_read_data[12]
           View: tt
          Group: I2O
     Startpoint: (F) dbg_reg_read_addr[3]
          Clock: (R) CLK
       Endpoint: (R) dbg_reg_read_data[12]
          Clock: (R) CLK

                     Capture       Launch     
        Clock Edge:+   10000            0     
        Drv Adjust:+       0            0     
       Src Latency:+     100          150     
       Net Latency:+       0 (I)        0 (I) 
           Arrival:=   10100          150     
                                              
      Output Delay:-    3000                  
       Uncertainty:-      50                  
     Required Time:=    7050                  
      Launch Clock:-     150                  
       Input Delay:-    2500                  
         Data Path:-     340                  
             Slack:=    4060                  

Exceptions/Constraints:
  input_delay              2500            constraint.sdc_line_49_113_1   
  output_delay             3000            constraint.sdc_line_62_452_1   

#-----------------------------------------------------------------------------------------------------------
#     Timing Point       Flags   Arc   Edge         Cell           Fanout Load Trans Delay Arrival Instance 
#                                                                         (fF)  (ps)  (ps)   (ps)  Location 
#-----------------------------------------------------------------------------------------------------------
  dbg_reg_read_addr[3]   -       -     F     (arrival)                  6  3.2    40     0    2650    (-,-) 
  CSR_RF/g15905/Y        -       A->Y  R     INVx1_ASAP7_75t_L          1  0.5    14    11    2661    (-,-) 
  CSR_RF/g15883/Y        -       A->Y  F     NAND3xp33_ASAP7_75t_L      2  1.0    27    14    2674    (-,-) 
  CSR_RF/g15875/Y        -       B->Y  F     OR2x2_ASAP7_75t_L          3  1.5    11    23    2698    (-,-) 
  CSR_RF/g15870/Y        -       B->Y  R     NOR5xp2_ASAP7_75t_L        3  1.6    81    39    2737    (-,-) 
  CSR_RF/g15851/Y        -       D->Y  F     NAND4xp25_ASAP7_75t_L      2  0.8    34    18    2755    (-,-) 
  CSR_RF/g15805/Y        -       B->Y  R     NOR2xp33_ASAP7_75t_L      17  7.1   154    79    2834    (-,-) 
  CSR_RF/drc_bufs15986/Y -       A->Y  F     INVx1_ASAP7_75t_L          1  0.6    28    10    2844    (-,-) 
  CSR_RF/drc_bufs15985/Y -       A->Y  R     INVx1_ASAP7_75t_L         16  6.5    53    32    2876    (-,-) 
  CSR_RF/g15725/Y        -       B2->Y F     AOI22xp33_ASAP7_75t_L      1  0.5    48    15    2892    (-,-) 
  CSR_RF/g15432/Y        -       C->Y  R     NAND5xp2_ASAP7_75t_L       1  0.5    27    20    2912    (-,-) 
  CSR_RF/g15388/Y        -       C->Y  F     AOI221xp5_ASAP7_75t_L      1  0.5    52    12    2924    (-,-) 
  CSR_RF/g15381/Y        -       A->Y  R     NAND3xp33_ASAP7_75t_L      1  0.4    24    15    2939    (-,-) 
  g3370/Y                -       B1->Y R     AO22x1_ASAP7_75t_L         1 10.0    81    51    2990    (-,-) 
  dbg_reg_read_data[12]  -       -     R     (port)                     -    -     -     0    2990    (-,-) 
#-----------------------------------------------------------------------------------------------------------



Path 19: MET (4064 ps) Late External Delay Assertion at pin dbg_reg_read_data[30]
           View: tt
          Group: I2O
     Startpoint: (F) dbg_reg_read_addr[3]
          Clock: (R) CLK
       Endpoint: (R) dbg_reg_read_data[30]
          Clock: (R) CLK

                     Capture       Launch     
        Clock Edge:+   10000            0     
        Drv Adjust:+       0            0     
       Src Latency:+     100          150     
       Net Latency:+       0 (I)        0 (I) 
           Arrival:=   10100          150     
                                              
      Output Delay:-    3000                  
       Uncertainty:-      50                  
     Required Time:=    7050                  
      Launch Clock:-     150                  
       Input Delay:-    2500                  
         Data Path:-     336                  
             Slack:=    4064                  

Exceptions/Constraints:
  input_delay              2500            constraint.sdc_line_49_113_1   
  output_delay             3000            constraint.sdc_line_62_434_1   

#-----------------------------------------------------------------------------------------------------------
#     Timing Point       Flags   Arc   Edge         Cell           Fanout Load Trans Delay Arrival Instance 
#                                                                         (fF)  (ps)  (ps)   (ps)  Location 
#-----------------------------------------------------------------------------------------------------------
  dbg_reg_read_addr[3]   -       -     F     (arrival)                  6  3.2    40     0    2650    (-,-) 
  CSR_RF/g15905/Y        -       A->Y  R     INVx1_ASAP7_75t_L          1  0.5    14    11    2661    (-,-) 
  CSR_RF/g15883/Y        -       A->Y  F     NAND3xp33_ASAP7_75t_L      2  1.0    27    14    2674    (-,-) 
  CSR_RF/g15875/Y        -       B->Y  F     OR2x2_ASAP7_75t_L          3  1.5    11    23    2698    (-,-) 
  CSR_RF/g15863/Y        -       A2->Y R     AOI21xp5_ASAP7_75t_L       1  0.5    21    10    2708    (-,-) 
  CSR_RF/g15859/Y        -       B->Y  F     OAI211xp5_ASAP7_75t_L      4  2.0    42    23    2731    (-,-) 
  CSR_RF/g15818/Y        -       D->Y  R     NOR4xp25_ASAP7_75t_L      17  8.4   246   119    2849    (-,-) 
  CSR_RF/drc_bufs15930/Y -       A->Y  F     INVx1_ASAP7_75t_L          1  0.6    38    10    2860    (-,-) 
  CSR_RF/drc_bufs15929/Y -       A->Y  R     INVx1_ASAP7_75t_L         16  7.7    63    39    2899    (-,-) 
  CSR_RF/g15735/Y        -       A2->Y F     AOI22xp33_ASAP7_75t_L      1  0.5    54    18    2917    (-,-) 
  CSR_RF/g15382/Y        -       C->Y  R     NAND3xp33_ASAP7_75t_L      1  0.4    23    18    2935    (-,-) 
  g3362/Y                -       B1->Y R     AO22x1_ASAP7_75t_L         1 10.0    81    51    2986    (-,-) 
  dbg_reg_read_data[30]  -       -     R     (port)                     -    -     -     0    2986    (-,-) 
#-----------------------------------------------------------------------------------------------------------



Path 20: MET (4064 ps) Late External Delay Assertion at pin dbg_reg_read_data[11]
           View: tt
          Group: I2O
     Startpoint: (F) dbg_reg_read_addr[3]
          Clock: (R) CLK
       Endpoint: (R) dbg_reg_read_data[11]
          Clock: (R) CLK

                     Capture       Launch     
        Clock Edge:+   10000            0     
        Drv Adjust:+       0            0     
       Src Latency:+     100          150     
       Net Latency:+       0 (I)        0 (I) 
           Arrival:=   10100          150     
                                              
      Output Delay:-    3000                  
       Uncertainty:-      50                  
     Required Time:=    7050                  
      Launch Clock:-     150                  
       Input Delay:-    2500                  
         Data Path:-     336                  
             Slack:=    4064                  

Exceptions/Constraints:
  input_delay              2500            constraint.sdc_line_49_113_1   
  output_delay             3000            constraint.sdc_line_62_453_1   

#----------------------------------------------------------------------------------------------------------
#     Timing Point      Flags   Arc   Edge         Cell           Fanout Load Trans Delay Arrival Instance 
#                                                                        (fF)  (ps)  (ps)   (ps)  Location 
#----------------------------------------------------------------------------------------------------------
  dbg_reg_read_addr[3]  -       -     F     (arrival)                  6  3.2    40     0    2650    (-,-) 
  CSR_RF/g15905/Y       -       A->Y  R     INVx1_ASAP7_75t_L          1  0.5    14    11    2661    (-,-) 
  CSR_RF/g15883/Y       -       A->Y  F     NAND3xp33_ASAP7_75t_L      2  1.0    27    14    2674    (-,-) 
  CSR_RF/g15875/Y       -       B->Y  F     OR2x2_ASAP7_75t_L          3  1.5    11    23    2698    (-,-) 
  CSR_RF/g15863/Y       -       A2->Y R     AOI21xp5_ASAP7_75t_L       1  0.5    21    10    2708    (-,-) 
  CSR_RF/g15859/Y       -       B->Y  F     OAI211xp5_ASAP7_75t_L      4  2.0    42    23    2731    (-,-) 
  CSR_RF/g15803/Y       -       B->Y  R     NOR5xp2_ASAP7_75t_L       17  7.2   268   129    2860    (-,-) 
  CSR_RF/g15756/Y       -       A2->Y F     AOI22xp33_ASAP7_75t_L      1  0.5    61    28    2888    (-,-) 
  CSR_RF/g15428/Y       -       D->Y  R     NAND4xp25_ASAP7_75t_L      1  0.6    30    23    2911    (-,-) 
  CSR_RF/g15394/Y       -       B->Y  F     AOI21xp5_ASAP7_75t_L       1  0.5    20    10    2921    (-,-) 
  CSR_RF/g15326/Y       -       D->Y  R     NAND4xp25_ASAP7_75t_L      1  0.4    25    14    2935    (-,-) 
  g3356/Y               -       B1->Y R     AO22x1_ASAP7_75t_L         1 10.0    78    51    2986    (-,-) 
  dbg_reg_read_data[11] -       -     R     (port)                     -    -     -     0    2986    (-,-) 
#----------------------------------------------------------------------------------------------------------



Path 21: MET (4065 ps) Late External Delay Assertion at pin dbg_reg_read_data[6]
           View: tt
          Group: I2O
     Startpoint: (F) dbg_reg_read_addr[3]
          Clock: (R) CLK
       Endpoint: (R) dbg_reg_read_data[6]
          Clock: (R) CLK

                     Capture       Launch     
        Clock Edge:+   10000            0     
        Drv Adjust:+       0            0     
       Src Latency:+     100          150     
       Net Latency:+       0 (I)        0 (I) 
           Arrival:=   10100          150     
                                              
      Output Delay:-    3000                  
       Uncertainty:-      50                  
     Required Time:=    7050                  
      Launch Clock:-     150                  
       Input Delay:-    2500                  
         Data Path:-     335                  
             Slack:=    4065                  

Exceptions/Constraints:
  input_delay              2500            constraint.sdc_line_49_113_1   
  output_delay             3000            constraint.sdc_line_62_458_1   

#------------------------------------------------------------------------------------------------------------
#     Timing Point       Flags   Arc   Edge          Cell           Fanout Load Trans Delay Arrival Instance 
#                                                                          (fF)  (ps)  (ps)   (ps)  Location 
#------------------------------------------------------------------------------------------------------------
  dbg_reg_read_addr[3]   -       -     F     (arrival)                   6  3.2    40     0    2650    (-,-) 
  CSR_RF/g15905/Y        -       A->Y  R     INVx1_ASAP7_75t_L           1  0.5    14    11    2661    (-,-) 
  CSR_RF/g15883/Y        -       A->Y  F     NAND3xp33_ASAP7_75t_L       2  1.0    27    14    2674    (-,-) 
  CSR_RF/g15875/Y        -       B->Y  F     OR2x2_ASAP7_75t_L           3  1.5    11    23    2698    (-,-) 
  CSR_RF/g15863/Y        -       A2->Y R     AOI21xp5_ASAP7_75t_L        1  0.5    21    10    2708    (-,-) 
  CSR_RF/g15859/Y        -       B->Y  F     OAI211xp5_ASAP7_75t_L       4  2.0    42    23    2731    (-,-) 
  CSR_RF/g15814/Y        -       D->Y  R     NOR4xp25_ASAP7_75t_L       17  8.3   243   118    2848    (-,-) 
  CSR_RF/drc_bufs15937/Y -       A->Y  F     INVx1_ASAP7_75t_L           1  0.6    38    10    2858    (-,-) 
  CSR_RF/drc_bufs15936/Y -       A->Y  R     INVx1_ASAP7_75t_L          16  7.7    63    39    2898    (-,-) 
  CSR_RF/g15552/Y        -       A2->Y F     AOI222xp33_ASAP7_75t_L      1  0.5    69    16    2914    (-,-) 
  CSR_RF/g15377/Y        -       A->Y  R     NAND5xp2_ASAP7_75t_L        1  0.4    26    20    2934    (-,-) 
  g3349/Y                -       B1->Y R     AO22x1_ASAP7_75t_L          1 10.0    78    51    2985    (-,-) 
  dbg_reg_read_data[6]   -       -     R     (port)                      -    -     -     0    2985    (-,-) 
#------------------------------------------------------------------------------------------------------------



Path 22: MET (4065 ps) Late External Delay Assertion at pin dbg_reg_read_data[21]
           View: tt
          Group: I2O
     Startpoint: (F) dbg_reg_read_addr[3]
          Clock: (R) CLK
       Endpoint: (R) dbg_reg_read_data[21]
          Clock: (R) CLK

                     Capture       Launch     
        Clock Edge:+   10000            0     
        Drv Adjust:+       0            0     
       Src Latency:+     100          150     
       Net Latency:+       0 (I)        0 (I) 
           Arrival:=   10100          150     
                                              
      Output Delay:-    3000                  
       Uncertainty:-      50                  
     Required Time:=    7050                  
      Launch Clock:-     150                  
       Input Delay:-    2500                  
         Data Path:-     335                  
             Slack:=    4065                  

Exceptions/Constraints:
  input_delay              2500            constraint.sdc_line_49_113_1   
  output_delay             3000            constraint.sdc_line_62_443_1   

#------------------------------------------------------------------------------------------------------------
#     Timing Point       Flags   Arc   Edge          Cell           Fanout Load Trans Delay Arrival Instance 
#                                                                          (fF)  (ps)  (ps)   (ps)  Location 
#------------------------------------------------------------------------------------------------------------
  dbg_reg_read_addr[3]   -       -     F     (arrival)                   6  3.2    40     0    2650    (-,-) 
  CSR_RF/g15905/Y        -       A->Y  R     INVx1_ASAP7_75t_L           1  0.5    14    11    2661    (-,-) 
  CSR_RF/g15883/Y        -       A->Y  F     NAND3xp33_ASAP7_75t_L       2  1.0    27    14    2674    (-,-) 
  CSR_RF/g15875/Y        -       B->Y  F     OR2x2_ASAP7_75t_L           3  1.5    11    23    2698    (-,-) 
  CSR_RF/g15863/Y        -       A2->Y R     AOI21xp5_ASAP7_75t_L        1  0.5    21    10    2708    (-,-) 
  CSR_RF/g15859/Y        -       B->Y  F     OAI211xp5_ASAP7_75t_L       4  2.0    42    23    2731    (-,-) 
  CSR_RF/g15814/Y        -       D->Y  R     NOR4xp25_ASAP7_75t_L       17  8.3   243   118    2848    (-,-) 
  CSR_RF/drc_bufs15937/Y -       A->Y  F     INVx1_ASAP7_75t_L           1  0.6    38    10    2858    (-,-) 
  CSR_RF/drc_bufs15936/Y -       A->Y  R     INVx1_ASAP7_75t_L          16  7.7    63    39    2898    (-,-) 
  CSR_RF/g15542/Y        -       A2->Y F     AOI222xp33_ASAP7_75t_L      1  0.5    69    16    2914    (-,-) 
  CSR_RF/g15367/Y        -       A->Y  R     NAND5xp2_ASAP7_75t_L        1  0.4    25    20    2934    (-,-) 
  g3347/Y                -       B1->Y R     AO22x1_ASAP7_75t_L          1 10.0    81    51    2985    (-,-) 
  dbg_reg_read_data[21]  -       -     R     (port)                      -    -     -     0    2985    (-,-) 
#------------------------------------------------------------------------------------------------------------



Path 23: MET (4065 ps) Late External Delay Assertion at pin dbg_reg_read_data[18]
           View: tt
          Group: I2O
     Startpoint: (F) dbg_reg_read_addr[3]
          Clock: (R) CLK
       Endpoint: (R) dbg_reg_read_data[18]
          Clock: (R) CLK

                     Capture       Launch     
        Clock Edge:+   10000            0     
        Drv Adjust:+       0            0     
       Src Latency:+     100          150     
       Net Latency:+       0 (I)        0 (I) 
           Arrival:=   10100          150     
                                              
      Output Delay:-    3000                  
       Uncertainty:-      50                  
     Required Time:=    7050                  
      Launch Clock:-     150                  
       Input Delay:-    2500                  
         Data Path:-     335                  
             Slack:=    4065                  

Exceptions/Constraints:
  input_delay              2500            constraint.sdc_line_49_113_1   
  output_delay             3000            constraint.sdc_line_62_446_1   

#------------------------------------------------------------------------------------------------------------
#     Timing Point       Flags   Arc   Edge          Cell           Fanout Load Trans Delay Arrival Instance 
#                                                                          (fF)  (ps)  (ps)   (ps)  Location 
#------------------------------------------------------------------------------------------------------------
  dbg_reg_read_addr[3]   -       -     F     (arrival)                   6  3.2    40     0    2650    (-,-) 
  CSR_RF/g15905/Y        -       A->Y  R     INVx1_ASAP7_75t_L           1  0.5    14    11    2661    (-,-) 
  CSR_RF/g15883/Y        -       A->Y  F     NAND3xp33_ASAP7_75t_L       2  1.0    27    14    2674    (-,-) 
  CSR_RF/g15875/Y        -       B->Y  F     OR2x2_ASAP7_75t_L           3  1.5    11    23    2698    (-,-) 
  CSR_RF/g15863/Y        -       A2->Y R     AOI21xp5_ASAP7_75t_L        1  0.5    21    10    2708    (-,-) 
  CSR_RF/g15859/Y        -       B->Y  F     OAI211xp5_ASAP7_75t_L       4  2.0    42    23    2731    (-,-) 
  CSR_RF/g15814/Y        -       D->Y  R     NOR4xp25_ASAP7_75t_L       17  8.3   243   118    2848    (-,-) 
  CSR_RF/drc_bufs15937/Y -       A->Y  F     INVx1_ASAP7_75t_L           1  0.6    38    10    2858    (-,-) 
  CSR_RF/drc_bufs15936/Y -       A->Y  R     INVx1_ASAP7_75t_L          16  7.7    63    39    2898    (-,-) 
  CSR_RF/g15545/Y        -       A2->Y F     AOI222xp33_ASAP7_75t_L      1  0.5    69    16    2914    (-,-) 
  CSR_RF/g15370/Y        -       A->Y  R     NAND5xp2_ASAP7_75t_L        1  0.4    25    20    2934    (-,-) 
  g3359/Y                -       B1->Y R     AO22x1_ASAP7_75t_L          1 10.0    81    51    2985    (-,-) 
  dbg_reg_read_data[18]  -       -     R     (port)                      -    -     -     0    2985    (-,-) 
#------------------------------------------------------------------------------------------------------------



Path 24: MET (4067 ps) Late External Delay Assertion at pin dbg_reg_read_data[13]
           View: tt
          Group: I2O
     Startpoint: (F) dbg_reg_read_addr[3]
          Clock: (R) CLK
       Endpoint: (R) dbg_reg_read_data[13]
          Clock: (R) CLK

                     Capture       Launch     
        Clock Edge:+   10000            0     
        Drv Adjust:+       0            0     
       Src Latency:+     100          150     
       Net Latency:+       0 (I)        0 (I) 
           Arrival:=   10100          150     
                                              
      Output Delay:-    3000                  
       Uncertainty:-      50                  
     Required Time:=    7050                  
      Launch Clock:-     150                  
       Input Delay:-    2500                  
         Data Path:-     333                  
             Slack:=    4067                  

Exceptions/Constraints:
  input_delay              2500            constraint.sdc_line_49_113_1   
  output_delay             3000            constraint.sdc_line_62_451_1   

#-----------------------------------------------------------------------------------------------------------
#     Timing Point       Flags   Arc   Edge         Cell           Fanout Load Trans Delay Arrival Instance 
#                                                                         (fF)  (ps)  (ps)   (ps)  Location 
#-----------------------------------------------------------------------------------------------------------
  dbg_reg_read_addr[3]   -       -     F     (arrival)                  6  3.2    40     0    2650    (-,-) 
  CSR_RF/g15905/Y        -       A->Y  R     INVx1_ASAP7_75t_L          1  0.5    14    11    2661    (-,-) 
  CSR_RF/g15883/Y        -       A->Y  F     NAND3xp33_ASAP7_75t_L      2  1.0    27    14    2674    (-,-) 
  CSR_RF/g15875/Y        -       B->Y  F     OR2x2_ASAP7_75t_L          3  1.5    11    23    2698    (-,-) 
  CSR_RF/g15863/Y        -       A2->Y R     AOI21xp5_ASAP7_75t_L       1  0.5    21    10    2708    (-,-) 
  CSR_RF/g15859/Y        -       B->Y  F     OAI211xp5_ASAP7_75t_L      4  2.0    42    23    2731    (-,-) 
  CSR_RF/g15818/Y        -       D->Y  R     NOR4xp25_ASAP7_75t_L      17  8.4   246   119    2849    (-,-) 
  CSR_RF/drc_bufs15930/Y -       A->Y  F     INVx1_ASAP7_75t_L          1  0.6    38    10    2860    (-,-) 
  CSR_RF/drc_bufs15929/Y -       A->Y  R     INVx1_ASAP7_75t_L         16  7.7    63    39    2899    (-,-) 
  CSR_RF/g15523/Y        -       A2->Y F     AOI221xp5_ASAP7_75t_L      1  0.5    30    19    2918    (-,-) 
  CSR_RF/g15384/Y        -       A->Y  R     NAND5xp2_ASAP7_75t_L       1  0.4    27    14    2932    (-,-) 
  g3369/Y                -       B1->Y R     AO22x1_ASAP7_75t_L         1 10.0    78    51    2983    (-,-) 
  dbg_reg_read_data[13]  -       -     R     (port)                     -    -     -     0    2983    (-,-) 
#-----------------------------------------------------------------------------------------------------------



Path 25: MET (4067 ps) Late External Delay Assertion at pin dbg_reg_read_data[27]
           View: tt
          Group: I2O
     Startpoint: (F) dbg_reg_read_addr[3]
          Clock: (R) CLK
       Endpoint: (R) dbg_reg_read_data[27]
          Clock: (R) CLK

                     Capture       Launch     
        Clock Edge:+   10000            0     
        Drv Adjust:+       0            0     
       Src Latency:+     100          150     
       Net Latency:+       0 (I)        0 (I) 
           Arrival:=   10100          150     
                                              
      Output Delay:-    3000                  
       Uncertainty:-      50                  
     Required Time:=    7050                  
      Launch Clock:-     150                  
       Input Delay:-    2500                  
         Data Path:-     333                  
             Slack:=    4067                  

Exceptions/Constraints:
  input_delay              2500            constraint.sdc_line_49_113_1   
  output_delay             3000            constraint.sdc_line_62_437_1   

#------------------------------------------------------------------------------------------------------------
#     Timing Point       Flags   Arc   Edge          Cell           Fanout Load Trans Delay Arrival Instance 
#                                                                          (fF)  (ps)  (ps)   (ps)  Location 
#------------------------------------------------------------------------------------------------------------
  dbg_reg_read_addr[3]   -       -     F     (arrival)                   6  3.2    40     0    2650    (-,-) 
  CSR_RF/g15905/Y        -       A->Y  R     INVx1_ASAP7_75t_L           1  0.5    14    11    2661    (-,-) 
  CSR_RF/g15883/Y        -       A->Y  F     NAND3xp33_ASAP7_75t_L       2  1.0    27    14    2674    (-,-) 
  CSR_RF/g15875/Y        -       B->Y  F     OR2x2_ASAP7_75t_L           3  1.5    11    23    2698    (-,-) 
  CSR_RF/g15863/Y        -       A2->Y R     AOI21xp5_ASAP7_75t_L        1  0.5    21    10    2708    (-,-) 
  CSR_RF/g15859/Y        -       B->Y  F     OAI211xp5_ASAP7_75t_L       4  2.0    42    23    2731    (-,-) 
  CSR_RF/g15814/Y        -       D->Y  R     NOR4xp25_ASAP7_75t_L       17  8.3   243   118    2848    (-,-) 
  CSR_RF/drc_bufs15937/Y -       A->Y  F     INVx1_ASAP7_75t_L           1  0.6    38    10    2858    (-,-) 
  CSR_RF/drc_bufs15936/Y -       A->Y  R     INVx1_ASAP7_75t_L          16  7.7    63    39    2898    (-,-) 
  CSR_RF/g15537/Y        -       A2->Y F     AOI222xp33_ASAP7_75t_L      1  0.5    49    16    2914    (-,-) 
  CSR_RF/g15362/Y        -       A->Y  R     NAND5xp2_ASAP7_75t_L        1  0.4    26    18    2932    (-,-) 
  g3358/Y                -       B1->Y R     AO22x1_ASAP7_75t_L          1 10.0    81    51    2983    (-,-) 
  dbg_reg_read_data[27]  -       -     R     (port)                      -    -     -     0    2983    (-,-) 
#------------------------------------------------------------------------------------------------------------



Path 26: MET (4069 ps) Late External Delay Assertion at pin dbg_reg_read_data[23]
           View: tt
          Group: I2O
     Startpoint: (F) dbg_reg_read_addr[3]
          Clock: (R) CLK
       Endpoint: (R) dbg_reg_read_data[23]
          Clock: (R) CLK

                     Capture       Launch     
        Clock Edge:+   10000            0     
        Drv Adjust:+       0            0     
       Src Latency:+     100          150     
       Net Latency:+       0 (I)        0 (I) 
           Arrival:=   10100          150     
                                              
      Output Delay:-    3000                  
       Uncertainty:-      50                  
     Required Time:=    7050                  
      Launch Clock:-     150                  
       Input Delay:-    2500                  
         Data Path:-     331                  
             Slack:=    4069                  

Exceptions/Constraints:
  input_delay              2500            constraint.sdc_line_49_113_1   
  output_delay             3000            constraint.sdc_line_62_441_1   

#-----------------------------------------------------------------------------------------------------------
#     Timing Point       Flags   Arc   Edge         Cell           Fanout Load Trans Delay Arrival Instance 
#                                                                         (fF)  (ps)  (ps)   (ps)  Location 
#-----------------------------------------------------------------------------------------------------------
  dbg_reg_read_addr[3]   -       -     F     (arrival)                  6  3.2    40     0    2650    (-,-) 
  CSR_RF/g15905/Y        -       A->Y  R     INVx1_ASAP7_75t_L          1  0.5    14    11    2661    (-,-) 
  CSR_RF/g15883/Y        -       A->Y  F     NAND3xp33_ASAP7_75t_L      2  1.0    27    14    2674    (-,-) 
  CSR_RF/g15875/Y        -       B->Y  F     OR2x2_ASAP7_75t_L          3  1.5    11    23    2698    (-,-) 
  CSR_RF/g15870/Y        -       B->Y  R     NOR5xp2_ASAP7_75t_L        3  1.6    81    39    2737    (-,-) 
  CSR_RF/g15851/Y        -       D->Y  F     NAND4xp25_ASAP7_75t_L      2  0.8    34    18    2755    (-,-) 
  CSR_RF/g15805/Y        -       B->Y  R     NOR2xp33_ASAP7_75t_L      17  7.1   154    79    2834    (-,-) 
  CSR_RF/drc_bufs15986/Y -       A->Y  F     INVx1_ASAP7_75t_L          1  0.6    28    10    2844    (-,-) 
  CSR_RF/drc_bufs15985/Y -       A->Y  R     INVx1_ASAP7_75t_L         16  6.5    53    32    2876    (-,-) 
  CSR_RF/g15739/Y        -       B2->Y R     AO22x1_ASAP7_75t_L         1  0.5    15    23    2899    (-,-) 
  CSR_RF/g15513/Y        -       C->Y  F     AOI221xp5_ASAP7_75t_L      1  0.5    52    10    2910    (-,-) 
  CSR_RF/g15365/Y        -       C->Y  R     NAND5xp2_ASAP7_75t_L       1  0.4    26    20    2930    (-,-) 
  g3342/Y                -       B1->Y R     AO22x1_ASAP7_75t_L         1 10.0    78    51    2981    (-,-) 
  dbg_reg_read_data[23]  -       -     R     (port)                     -    -     -     0    2981    (-,-) 
#-----------------------------------------------------------------------------------------------------------



Path 27: MET (4069 ps) Late External Delay Assertion at pin dbg_reg_read_data[29]
           View: tt
          Group: I2O
     Startpoint: (F) dbg_reg_read_addr[3]
          Clock: (R) CLK
       Endpoint: (R) dbg_reg_read_data[29]
          Clock: (R) CLK

                     Capture       Launch     
        Clock Edge:+   10000            0     
        Drv Adjust:+       0            0     
       Src Latency:+     100          150     
       Net Latency:+       0 (I)        0 (I) 
           Arrival:=   10100          150     
                                              
      Output Delay:-    3000                  
       Uncertainty:-      50                  
     Required Time:=    7050                  
      Launch Clock:-     150                  
       Input Delay:-    2500                  
         Data Path:-     331                  
             Slack:=    4069                  

Exceptions/Constraints:
  input_delay              2500            constraint.sdc_line_49_113_1   
  output_delay             3000            constraint.sdc_line_62_435_1   

#-----------------------------------------------------------------------------------------------------------
#     Timing Point       Flags   Arc   Edge         Cell           Fanout Load Trans Delay Arrival Instance 
#                                                                         (fF)  (ps)  (ps)   (ps)  Location 
#-----------------------------------------------------------------------------------------------------------
  dbg_reg_read_addr[3]   -       -     F     (arrival)                  6  3.2    40     0    2650    (-,-) 
  CSR_RF/g15905/Y        -       A->Y  R     INVx1_ASAP7_75t_L          1  0.5    14    11    2661    (-,-) 
  CSR_RF/g15883/Y        -       A->Y  F     NAND3xp33_ASAP7_75t_L      2  1.0    27    14    2674    (-,-) 
  CSR_RF/g15875/Y        -       B->Y  F     OR2x2_ASAP7_75t_L          3  1.5    11    23    2698    (-,-) 
  CSR_RF/g15870/Y        -       B->Y  R     NOR5xp2_ASAP7_75t_L        3  1.6    81    39    2737    (-,-) 
  CSR_RF/g15851/Y        -       D->Y  F     NAND4xp25_ASAP7_75t_L      2  0.8    34    18    2755    (-,-) 
  CSR_RF/g15805/Y        -       B->Y  R     NOR2xp33_ASAP7_75t_L      17  7.1   154    79    2834    (-,-) 
  CSR_RF/drc_bufs15986/Y -       A->Y  F     INVx1_ASAP7_75t_L          1  0.6    28    10    2844    (-,-) 
  CSR_RF/drc_bufs15985/Y -       A->Y  R     INVx1_ASAP7_75t_L         16  6.5    53    32    2876    (-,-) 
  CSR_RF/g15737/Y        -       B2->Y R     AO22x1_ASAP7_75t_L         1  0.5    15    23    2899    (-,-) 
  CSR_RF/g15506/Y        -       C->Y  F     AOI221xp5_ASAP7_75t_L      1  0.5    52    10    2910    (-,-) 
  CSR_RF/g15360/Y        -       C->Y  R     NAND5xp2_ASAP7_75t_L       1  0.4    25    20    2930    (-,-) 
  g3341/Y                -       B1->Y R     AO22x1_ASAP7_75t_L         1 10.0    81    51    2981    (-,-) 
  dbg_reg_read_data[29]  -       -     R     (port)                     -    -     -     0    2981    (-,-) 
#-----------------------------------------------------------------------------------------------------------



Path 28: MET (4069 ps) Late External Delay Assertion at pin dbg_reg_read_data[10]
           View: tt
          Group: I2O
     Startpoint: (F) dbg_reg_read_addr[3]
          Clock: (R) CLK
       Endpoint: (R) dbg_reg_read_data[10]
          Clock: (R) CLK

                     Capture       Launch     
        Clock Edge:+   10000            0     
        Drv Adjust:+       0            0     
       Src Latency:+     100          150     
       Net Latency:+       0 (I)        0 (I) 
           Arrival:=   10100          150     
                                              
      Output Delay:-    3000                  
       Uncertainty:-      50                  
     Required Time:=    7050                  
      Launch Clock:-     150                  
       Input Delay:-    2500                  
         Data Path:-     331                  
             Slack:=    4069                  

Exceptions/Constraints:
  input_delay              2500            constraint.sdc_line_49_113_1   
  output_delay             3000            constraint.sdc_line_62_454_1   

#-----------------------------------------------------------------------------------------------------------
#     Timing Point       Flags   Arc   Edge         Cell           Fanout Load Trans Delay Arrival Instance 
#                                                                         (fF)  (ps)  (ps)   (ps)  Location 
#-----------------------------------------------------------------------------------------------------------
  dbg_reg_read_addr[3]   -       -     F     (arrival)                  6  3.2    40     0    2650    (-,-) 
  CSR_RF/g15905/Y        -       A->Y  R     INVx1_ASAP7_75t_L          1  0.5    14    11    2661    (-,-) 
  CSR_RF/g15883/Y        -       A->Y  F     NAND3xp33_ASAP7_75t_L      2  1.0    27    14    2674    (-,-) 
  CSR_RF/g15875/Y        -       B->Y  F     OR2x2_ASAP7_75t_L          3  1.5    11    23    2698    (-,-) 
  CSR_RF/g15870/Y        -       B->Y  R     NOR5xp2_ASAP7_75t_L        3  1.6    81    39    2737    (-,-) 
  CSR_RF/g15851/Y        -       D->Y  F     NAND4xp25_ASAP7_75t_L      2  0.8    34    18    2755    (-,-) 
  CSR_RF/g15805/Y        -       B->Y  R     NOR2xp33_ASAP7_75t_L      17  7.1   154    79    2834    (-,-) 
  CSR_RF/drc_bufs15986/Y -       A->Y  F     INVx1_ASAP7_75t_L          1  0.6    28    10    2844    (-,-) 
  CSR_RF/drc_bufs15985/Y -       A->Y  R     INVx1_ASAP7_75t_L         16  6.5    53    32    2876    (-,-) 
  CSR_RF/g15744/Y        -       B2->Y R     AO22x1_ASAP7_75t_L         1  0.5    15    23    2899    (-,-) 
  CSR_RF/g15525/Y        -       C->Y  F     AOI221xp5_ASAP7_75t_L      1  0.5    52    10    2910    (-,-) 
  CSR_RF/g15375/Y        -       C->Y  R     NAND5xp2_ASAP7_75t_L       1  0.4    25    20    2930    (-,-) 
  g3344/Y                -       B1->Y R     AO22x1_ASAP7_75t_L         1 10.0    81    51    2981    (-,-) 
  dbg_reg_read_data[10]  -       -     R     (port)                     -    -     -     0    2981    (-,-) 
#-----------------------------------------------------------------------------------------------------------



Path 29: MET (4069 ps) Late External Delay Assertion at pin dbg_reg_read_data[2]
           View: tt
          Group: I2O
     Startpoint: (F) dbg_reg_read_addr[3]
          Clock: (R) CLK
       Endpoint: (R) dbg_reg_read_data[2]
          Clock: (R) CLK

                     Capture       Launch     
        Clock Edge:+   10000            0     
        Drv Adjust:+       0            0     
       Src Latency:+     100          150     
       Net Latency:+       0 (I)        0 (I) 
           Arrival:=   10100          150     
                                              
      Output Delay:-    3000                  
       Uncertainty:-      50                  
     Required Time:=    7050                  
      Launch Clock:-     150                  
       Input Delay:-    2500                  
         Data Path:-     331                  
             Slack:=    4069                  

Exceptions/Constraints:
  input_delay              2500            constraint.sdc_line_49_113_1   
  output_delay             3000            constraint.sdc_line_62_462_1   

#---------------------------------------------------------------------------------------------------------
#    Timing Point      Flags   Arc   Edge         Cell           Fanout Load Trans Delay Arrival Instance 
#                                                                       (fF)  (ps)  (ps)   (ps)  Location 
#---------------------------------------------------------------------------------------------------------
  dbg_reg_read_addr[3] -       -     F     (arrival)                  6  3.2    40     0    2650    (-,-) 
  CSR_RF/g15905/Y      -       A->Y  R     INVx1_ASAP7_75t_L          1  0.5    14    11    2661    (-,-) 
  CSR_RF/g15883/Y      -       A->Y  F     NAND3xp33_ASAP7_75t_L      2  1.0    27    14    2674    (-,-) 
  CSR_RF/g15875/Y      -       B->Y  F     OR2x2_ASAP7_75t_L          3  1.5    11    23    2698    (-,-) 
  CSR_RF/g15863/Y      -       A2->Y R     AOI21xp5_ASAP7_75t_L       1  0.5    21    10    2708    (-,-) 
  CSR_RF/g15859/Y      -       B->Y  F     OAI211xp5_ASAP7_75t_L      4  2.0    42    23    2731    (-,-) 
  CSR_RF/g15803/Y      -       B->Y  R     NOR5xp2_ASAP7_75t_L       17  7.2   268   129    2860    (-,-) 
  CSR_RF/g15769/Y      -       A2->Y R     AO22x1_ASAP7_75t_L         1  0.5    15    40    2899    (-,-) 
  CSR_RF/g15530/Y      -       C->Y  F     AOI221xp5_ASAP7_75t_L      1  0.5    52    10    2909    (-,-) 
  CSR_RF/g15380/Y      -       C->Y  R     NAND5xp2_ASAP7_75t_L       1  0.4    26    20    2930    (-,-) 
  g3371/Y              -       B1->Y R     AO22x1_ASAP7_75t_L         1 10.0    78    51    2981    (-,-) 
  dbg_reg_read_data[2] -       -     R     (port)                     -    -     -     0    2981    (-,-) 
#---------------------------------------------------------------------------------------------------------



Path 30: MET (4069 ps) Late External Delay Assertion at pin dbg_reg_read_data[20]
           View: tt
          Group: I2O
     Startpoint: (F) dbg_reg_read_addr[3]
          Clock: (R) CLK
       Endpoint: (R) dbg_reg_read_data[20]
          Clock: (R) CLK

                     Capture       Launch     
        Clock Edge:+   10000            0     
        Drv Adjust:+       0            0     
       Src Latency:+     100          150     
       Net Latency:+       0 (I)        0 (I) 
           Arrival:=   10100          150     
                                              
      Output Delay:-    3000                  
       Uncertainty:-      50                  
     Required Time:=    7050                  
      Launch Clock:-     150                  
       Input Delay:-    2500                  
         Data Path:-     331                  
             Slack:=    4069                  

Exceptions/Constraints:
  input_delay              2500            constraint.sdc_line_49_113_1   
  output_delay             3000            constraint.sdc_line_62_444_1   

#----------------------------------------------------------------------------------------------------------
#     Timing Point      Flags   Arc   Edge         Cell           Fanout Load Trans Delay Arrival Instance 
#                                                                        (fF)  (ps)  (ps)   (ps)  Location 
#----------------------------------------------------------------------------------------------------------
  dbg_reg_read_addr[3]  -       -     F     (arrival)                  6  3.2    40     0    2650    (-,-) 
  CSR_RF/g15905/Y       -       A->Y  R     INVx1_ASAP7_75t_L          1  0.5    14    11    2661    (-,-) 
  CSR_RF/g15883/Y       -       A->Y  F     NAND3xp33_ASAP7_75t_L      2  1.0    27    14    2674    (-,-) 
  CSR_RF/g15875/Y       -       B->Y  F     OR2x2_ASAP7_75t_L          3  1.5    11    23    2698    (-,-) 
  CSR_RF/g15863/Y       -       A2->Y R     AOI21xp5_ASAP7_75t_L       1  0.5    21    10    2708    (-,-) 
  CSR_RF/g15859/Y       -       B->Y  F     OAI211xp5_ASAP7_75t_L      4  2.0    42    23    2731    (-,-) 
  CSR_RF/g15803/Y       -       B->Y  R     NOR5xp2_ASAP7_75t_L       17  7.2   268   129    2860    (-,-) 
  CSR_RF/g15747/Y       -       A2->Y R     AO22x1_ASAP7_75t_L         1  0.5    15    40    2899    (-,-) 
  CSR_RF/g15516/Y       -       C->Y  F     AOI221xp5_ASAP7_75t_L      1  0.5    52    10    2909    (-,-) 
  CSR_RF/g15368/Y       -       C->Y  R     NAND5xp2_ASAP7_75t_L       1  0.4    26    20    2930    (-,-) 
  g3352/Y               -       B1->Y R     AO22x1_ASAP7_75t_L         1 10.0    81    51    2981    (-,-) 
  dbg_reg_read_data[20] -       -     R     (port)                     -    -     -     0    2981    (-,-) 
#----------------------------------------------------------------------------------------------------------



Path 31: MET (4070 ps) Late External Delay Assertion at pin dbg_reg_read_data[9]
           View: tt
          Group: I2O
     Startpoint: (F) dbg_reg_read_addr[3]
          Clock: (R) CLK
       Endpoint: (R) dbg_reg_read_data[9]
          Clock: (R) CLK

                     Capture       Launch     
        Clock Edge:+   10000            0     
        Drv Adjust:+       0            0     
       Src Latency:+     100          150     
       Net Latency:+       0 (I)        0 (I) 
           Arrival:=   10100          150     
                                              
      Output Delay:-    3000                  
       Uncertainty:-      50                  
     Required Time:=    7050                  
      Launch Clock:-     150                  
       Input Delay:-    2500                  
         Data Path:-     330                  
             Slack:=    4070                  

Exceptions/Constraints:
  input_delay              2500            constraint.sdc_line_49_113_1   
  output_delay             3000            constraint.sdc_line_62_455_1   

#-----------------------------------------------------------------------------------------------------------
#     Timing Point       Flags   Arc   Edge         Cell           Fanout Load Trans Delay Arrival Instance 
#                                                                         (fF)  (ps)  (ps)   (ps)  Location 
#-----------------------------------------------------------------------------------------------------------
  dbg_reg_read_addr[3]   -       -     F     (arrival)                  6  3.2    40     0    2650    (-,-) 
  CSR_RF/g15905/Y        -       A->Y  R     INVx1_ASAP7_75t_L          1  0.5    14    11    2661    (-,-) 
  CSR_RF/g15883/Y        -       A->Y  F     NAND3xp33_ASAP7_75t_L      2  1.0    27    14    2674    (-,-) 
  CSR_RF/g15875/Y        -       B->Y  F     OR2x2_ASAP7_75t_L          3  1.5    11    23    2698    (-,-) 
  CSR_RF/g15863/Y        -       A2->Y R     AOI21xp5_ASAP7_75t_L       1  0.5    21    10    2708    (-,-) 
  CSR_RF/g15859/Y        -       B->Y  F     OAI211xp5_ASAP7_75t_L      4  2.0    42    23    2731    (-,-) 
  CSR_RF/g15818/Y        -       D->Y  R     NOR4xp25_ASAP7_75t_L      17  8.4   246   119    2849    (-,-) 
  CSR_RF/drc_bufs15930/Y -       A->Y  F     INVx1_ASAP7_75t_L          1  0.6    38    10    2860    (-,-) 
  CSR_RF/drc_bufs15929/Y -       A->Y  R     INVx1_ASAP7_75t_L         16  7.7    63    39    2899    (-,-) 
  CSR_RF/g15526/Y        -       B2->Y F     AOI221xp5_ASAP7_75t_L      1  0.5    28    15    2914    (-,-) 
  CSR_RF/g15376/Y        -       C->Y  R     NAND5xp2_ASAP7_75t_L       1  0.4    24    16    2930    (-,-) 
  g3345/Y                -       B1->Y R     AO22x1_ASAP7_75t_L         1 10.0    78    51    2980    (-,-) 
  dbg_reg_read_data[9]   -       -     R     (port)                     -    -     -     0    2980    (-,-) 
#-----------------------------------------------------------------------------------------------------------



Path 32: MET (4070 ps) Late External Delay Assertion at pin dbg_reg_read_data[5]
           View: tt
          Group: I2O
     Startpoint: (F) dbg_reg_read_addr[3]
          Clock: (R) CLK
       Endpoint: (R) dbg_reg_read_data[5]
          Clock: (R) CLK

                     Capture       Launch     
        Clock Edge:+   10000            0     
        Drv Adjust:+       0            0     
       Src Latency:+     100          150     
       Net Latency:+       0 (I)        0 (I) 
           Arrival:=   10100          150     
                                              
      Output Delay:-    3000                  
       Uncertainty:-      50                  
     Required Time:=    7050                  
      Launch Clock:-     150                  
       Input Delay:-    2500                  
         Data Path:-     330                  
             Slack:=    4070                  

Exceptions/Constraints:
  input_delay              2500            constraint.sdc_line_49_113_1   
  output_delay             3000            constraint.sdc_line_62_459_1   

#-----------------------------------------------------------------------------------------------------------
#     Timing Point       Flags   Arc   Edge         Cell           Fanout Load Trans Delay Arrival Instance 
#                                                                         (fF)  (ps)  (ps)   (ps)  Location 
#-----------------------------------------------------------------------------------------------------------
  dbg_reg_read_addr[3]   -       -     F     (arrival)                  6  3.2    40     0    2650    (-,-) 
  CSR_RF/g15905/Y        -       A->Y  R     INVx1_ASAP7_75t_L          1  0.5    14    11    2661    (-,-) 
  CSR_RF/g15883/Y        -       A->Y  F     NAND3xp33_ASAP7_75t_L      2  1.0    27    14    2674    (-,-) 
  CSR_RF/g15875/Y        -       B->Y  F     OR2x2_ASAP7_75t_L          3  1.5    11    23    2698    (-,-) 
  CSR_RF/g15863/Y        -       A2->Y R     AOI21xp5_ASAP7_75t_L       1  0.5    21    10    2708    (-,-) 
  CSR_RF/g15859/Y        -       B->Y  F     OAI211xp5_ASAP7_75t_L      4  2.0    42    23    2731    (-,-) 
  CSR_RF/g15818/Y        -       D->Y  R     NOR4xp25_ASAP7_75t_L      17  8.4   246   119    2849    (-,-) 
  CSR_RF/drc_bufs15930/Y -       A->Y  F     INVx1_ASAP7_75t_L          1  0.6    38    10    2860    (-,-) 
  CSR_RF/drc_bufs15929/Y -       A->Y  R     INVx1_ASAP7_75t_L         16  7.7    63    39    2899    (-,-) 
  CSR_RF/g15528/Y        -       B2->Y F     AOI221xp5_ASAP7_75t_L      1  0.5    28    15    2914    (-,-) 
  CSR_RF/g15378/Y        -       C->Y  R     NAND5xp2_ASAP7_75t_L       1  0.4    20    16    2930    (-,-) 
  g3350/Y                -       B1->Y R     AO22x1_ASAP7_75t_L         1 10.0    78    50    2980    (-,-) 
  dbg_reg_read_data[5]   -       -     R     (port)                     -    -     -     0    2980    (-,-) 
#-----------------------------------------------------------------------------------------------------------



Path 33: MET (6781 ps) Late External Delay Assertion at pin dcache_write_req
           View: tt
          Group: C2O
     Startpoint: (R) EX_MEM/ex_mem_valid_reg/CLK
          Clock: (R) CLK
       Endpoint: (F) dcache_write_req
          Clock: (R) CLK

                     Capture       Launch     
        Clock Edge:+   10000            0     
       Src Latency:+     100          150     
       Net Latency:+       0 (I)        0 (I) 
           Arrival:=   10100          150     
                                              
      Output Delay:-    3000                  
       Uncertainty:-      50                  
     Required Time:=    7050                  
      Launch Clock:-     150                  
         Data Path:-     119                  
             Slack:=    6781                  

Exceptions/Constraints:
  output_delay             3000            constraint.sdc_line_62_363_1   

#--------------------------------------------------------------------------------------------------------------------
#        Timing Point         Flags    Arc    Edge          Cell            Fanout Load Trans Delay Arrival Instance 
#                                                                                  (fF)  (ps)  (ps)   (ps)  Location 
#--------------------------------------------------------------------------------------------------------------------
  EX_MEM/ex_mem_valid_reg/CLK -       -       R     (arrival)                 6114    -    40     0     150    (-,-) 
  EX_MEM/ex_mem_valid_reg/QN  -       CLK->QN F     DFFASRHQNx1_ASAP7_75t_L     15  7.9    60    76     226    (-,-) 
  g5014/Y                     -       A->Y    F     AND2x2_ASAP7_75t_L           1 10.0    34    43     269    (-,-) 
  dcache_write_req            -       -       F     (port)                       -    -     -     0     269    (-,-) 
#--------------------------------------------------------------------------------------------------------------------



Path 34: MET (6781 ps) Late External Delay Assertion at pin dcache_read_req
           View: tt
          Group: C2O
     Startpoint: (R) EX_MEM/ex_mem_valid_reg/CLK
          Clock: (R) CLK
       Endpoint: (F) dcache_read_req
          Clock: (R) CLK

                     Capture       Launch     
        Clock Edge:+   10000            0     
       Src Latency:+     100          150     
       Net Latency:+       0 (I)        0 (I) 
           Arrival:=   10100          150     
                                              
      Output Delay:-    3000                  
       Uncertainty:-      50                  
     Required Time:=    7050                  
      Launch Clock:-     150                  
         Data Path:-     119                  
             Slack:=    6781                  

Exceptions/Constraints:
  output_delay             3000            constraint.sdc_line_62_362_1   

#--------------------------------------------------------------------------------------------------------------------
#        Timing Point         Flags    Arc    Edge          Cell            Fanout Load Trans Delay Arrival Instance 
#                                                                                  (fF)  (ps)  (ps)   (ps)  Location 
#--------------------------------------------------------------------------------------------------------------------
  EX_MEM/ex_mem_valid_reg/CLK -       -       R     (arrival)                 6114    -    40     0     150    (-,-) 
  EX_MEM/ex_mem_valid_reg/QN  -       CLK->QN F     DFFASRHQNx1_ASAP7_75t_L     15  7.9    60    76     226    (-,-) 
  g5024/Y                     -       A->Y    F     AND2x2_ASAP7_75t_L           1 10.0    34    43     269    (-,-) 
  dcache_read_req             -       -       F     (port)                       -    -     -     0     269    (-,-) 
#--------------------------------------------------------------------------------------------------------------------



Path 35: MET (6785 ps) Late External Delay Assertion at pin icache_addr[4]
           View: tt
          Group: C2O
     Startpoint: (R) pc_reg_reg[4]/CLK
          Clock: (R) CLK
       Endpoint: (R) icache_addr[4]
          Clock: (R) CLK

                     Capture       Launch     
        Clock Edge:+   10000            0     
       Src Latency:+     100          150     
       Net Latency:+       0 (I)        0 (I) 
           Arrival:=   10100          150     
                                              
      Output Delay:-    3000                  
       Uncertainty:-      50                  
     Required Time:=    7050                  
      Launch Clock:-     150                  
         Data Path:-     115                  
             Slack:=    6785                  

Exceptions/Constraints:
  output_delay             3000            constraint.sdc_line_62_357_1   

#-------------------------------------------------------------------------------------------------------
#   Timing Point    Flags    Arc    Edge         Cell          Fanout Load Trans Delay Arrival Instance 
#                                                                     (fF)  (ps)  (ps)   (ps)  Location 
#-------------------------------------------------------------------------------------------------------
  pc_reg_reg[4]/CLK -       -       R     (arrival)              6114    -    40     0     150    (-,-) 
  pc_reg_reg[4]/QN  -       CLK->QN R     DFFHQNx1_ASAP7_75t_L     22 20.8   159   115     265    (-,-) 
  icache_addr[4]    -       -       R     (port)                    -    -     -     0     265    (-,-) 
#-------------------------------------------------------------------------------------------------------



Path 36: MET (6786 ps) Late External Delay Assertion at pin icache_addr[3]
           View: tt
          Group: C2O
     Startpoint: (R) pc_reg_reg[3]/CLK
          Clock: (R) CLK
       Endpoint: (R) icache_addr[3]
          Clock: (R) CLK

                     Capture       Launch     
        Clock Edge:+   10000            0     
       Src Latency:+     100          150     
       Net Latency:+       0 (I)        0 (I) 
           Arrival:=   10100          150     
                                              
      Output Delay:-    3000                  
       Uncertainty:-      50                  
     Required Time:=    7050                  
      Launch Clock:-     150                  
         Data Path:-     114                  
             Slack:=    6786                  

Exceptions/Constraints:
  output_delay             3000            constraint.sdc_line_62_358_1   

#-------------------------------------------------------------------------------------------------------
#   Timing Point    Flags    Arc    Edge         Cell          Fanout Load Trans Delay Arrival Instance 
#                                                                     (fF)  (ps)  (ps)   (ps)  Location 
#-------------------------------------------------------------------------------------------------------
  pc_reg_reg[3]/CLK -       -       R     (arrival)              6114    -    40     0     150    (-,-) 
  pc_reg_reg[3]/QN  -       CLK->QN R     DFFHQNx1_ASAP7_75t_L     21 20.2   155   114     264    (-,-) 
  icache_addr[3]    -       -       R     (port)                    -    -     -     0     264    (-,-) 
#-------------------------------------------------------------------------------------------------------



Path 37: MET (6791 ps) Late External Delay Assertion at pin icache_addr[6]
           View: tt
          Group: C2O
     Startpoint: (R) pc_reg_reg[6]/CLK
          Clock: (R) CLK
       Endpoint: (R) icache_addr[6]
          Clock: (R) CLK

                     Capture       Launch     
        Clock Edge:+   10000            0     
       Src Latency:+     100          150     
       Net Latency:+       0 (I)        0 (I) 
           Arrival:=   10100          150     
                                              
      Output Delay:-    3000                  
       Uncertainty:-      50                  
     Required Time:=    7050                  
      Launch Clock:-     150                  
         Data Path:-     109                  
             Slack:=    6791                  

Exceptions/Constraints:
  output_delay             3000            constraint.sdc_line_62_355_1   

#-------------------------------------------------------------------------------------------------------
#   Timing Point    Flags    Arc    Edge         Cell          Fanout Load Trans Delay Arrival Instance 
#                                                                     (fF)  (ps)  (ps)   (ps)  Location 
#-------------------------------------------------------------------------------------------------------
  pc_reg_reg[6]/CLK -       -       R     (arrival)              6114    -    40     0     150    (-,-) 
  pc_reg_reg[6]/QN  -       CLK->QN R     DFFHQNx1_ASAP7_75t_L     18 18.8   145   109     259    (-,-) 
  icache_addr[6]    -       -       R     (port)                    -    -     -     0     259    (-,-) 
#-------------------------------------------------------------------------------------------------------



Path 38: MET (6792 ps) Late External Delay Assertion at pin dbg_halted
           View: tt
          Group: C2O
     Startpoint: (R) PCU/dbg_halted_reg_reg/CLK
          Clock: (R) CLK
       Endpoint: (R) dbg_halted
          Clock: (R) CLK

                     Capture       Launch     
        Clock Edge:+   10000            0     
       Src Latency:+     100          150     
       Net Latency:+       0 (I)        0 (I) 
           Arrival:=   10100          150     
                                              
      Output Delay:-    3000                  
       Uncertainty:-      50                  
     Required Time:=    7050                  
      Launch Clock:-     150                  
         Data Path:-     108                  
             Slack:=    6792                  

Exceptions/Constraints:
  output_delay             3000            constraint.sdc_line_62_432_1   

#-------------------------------------------------------------------------------------------------------------------
#       Timing Point         Flags    Arc    Edge          Cell            Fanout Load Trans Delay Arrival Instance 
#                                                                                 (fF)  (ps)  (ps)   (ps)  Location 
#-------------------------------------------------------------------------------------------------------------------
  PCU/dbg_halted_reg_reg/CLK -       -       R     (arrival)                 6114    -    40     0     150    (-,-) 
  PCU/dbg_halted_reg_reg/QN  -       CLK->QN R     DFFASRHQNx1_ASAP7_75t_L     15 17.0   134   108     258    (-,-) 
  dbg_halted                 -       -       R     (port)                       -    -     -     0     258    (-,-) 
#-------------------------------------------------------------------------------------------------------------------



Path 39: MET (6794 ps) Late External Delay Assertion at pin icache_addr[5]
           View: tt
          Group: C2O
     Startpoint: (R) pc_reg_reg[5]/CLK
          Clock: (R) CLK
       Endpoint: (R) icache_addr[5]
          Clock: (R) CLK

                     Capture       Launch     
        Clock Edge:+   10000            0     
       Src Latency:+     100          150     
       Net Latency:+       0 (I)        0 (I) 
           Arrival:=   10100          150     
                                              
      Output Delay:-    3000                  
       Uncertainty:-      50                  
     Required Time:=    7050                  
      Launch Clock:-     150                  
         Data Path:-     106                  
             Slack:=    6794                  

Exceptions/Constraints:
  output_delay             3000            constraint.sdc_line_62_356_1   

#-------------------------------------------------------------------------------------------------------
#   Timing Point    Flags    Arc    Edge         Cell          Fanout Load Trans Delay Arrival Instance 
#                                                                     (fF)  (ps)  (ps)   (ps)  Location 
#-------------------------------------------------------------------------------------------------------
  pc_reg_reg[5]/CLK -       -       R     (arrival)              6114    -    40     0     150    (-,-) 
  pc_reg_reg[5]/QN  -       CLK->QN R     DFFHQNx1_ASAP7_75t_L     16 17.9   138   106     256    (-,-) 
  icache_addr[5]    -       -       R     (port)                    -    -     -     0     256    (-,-) 
#-------------------------------------------------------------------------------------------------------



Path 40: MET (6798 ps) Late External Delay Assertion at pin icache_addr[7]
           View: tt
          Group: C2O
     Startpoint: (R) pc_reg_reg[7]/CLK
          Clock: (R) CLK
       Endpoint: (R) icache_addr[7]
          Clock: (R) CLK

                     Capture       Launch     
        Clock Edge:+   10000            0     
       Src Latency:+     100          150     
       Net Latency:+       0 (I)        0 (I) 
           Arrival:=   10100          150     
                                              
      Output Delay:-    3000                  
       Uncertainty:-      50                  
     Required Time:=    7050                  
      Launch Clock:-     150                  
         Data Path:-     102                  
             Slack:=    6798                  

Exceptions/Constraints:
  output_delay             3000            constraint.sdc_line_62_354_1   

#-------------------------------------------------------------------------------------------------------
#   Timing Point    Flags    Arc    Edge         Cell          Fanout Load Trans Delay Arrival Instance 
#                                                                     (fF)  (ps)  (ps)   (ps)  Location 
#-------------------------------------------------------------------------------------------------------
  pc_reg_reg[7]/CLK -       -       R     (arrival)              6114    -    40     0     150    (-,-) 
  pc_reg_reg[7]/QN  -       CLK->QN R     DFFHQNx1_ASAP7_75t_L     14 16.7   130   102     252    (-,-) 
  icache_addr[7]    -       -       R     (port)                    -    -     -     0     252    (-,-) 
#-------------------------------------------------------------------------------------------------------



Path 41: MET (6802 ps) Late External Delay Assertion at pin icache_addr[8]
           View: tt
          Group: C2O
     Startpoint: (R) pc_reg_reg[8]/CLK
          Clock: (R) CLK
       Endpoint: (R) icache_addr[8]
          Clock: (R) CLK

                     Capture       Launch     
        Clock Edge:+   10000            0     
       Src Latency:+     100          150     
       Net Latency:+       0 (I)        0 (I) 
           Arrival:=   10100          150     
                                              
      Output Delay:-    3000                  
       Uncertainty:-      50                  
     Required Time:=    7050                  
      Launch Clock:-     150                  
         Data Path:-      98                  
             Slack:=    6802                  

Exceptions/Constraints:
  output_delay             3000            constraint.sdc_line_62_353_1   

#-------------------------------------------------------------------------------------------------------
#   Timing Point    Flags    Arc    Edge         Cell          Fanout Load Trans Delay Arrival Instance 
#                                                                     (fF)  (ps)  (ps)   (ps)  Location 
#-------------------------------------------------------------------------------------------------------
  pc_reg_reg[8]/CLK -       -       R     (arrival)              6114    -    40     0     150    (-,-) 
  pc_reg_reg[8]/QN  -       CLK->QN R     DFFHQNx1_ASAP7_75t_L     12 15.5   121    98     248    (-,-) 
  icache_addr[8]    -       -       R     (port)                    -    -     -     0     248    (-,-) 
#-------------------------------------------------------------------------------------------------------



Path 42: MET (6802 ps) Late External Delay Assertion at pin icache_addr[10]
           View: tt
          Group: C2O
     Startpoint: (R) pc_reg_reg[10]/CLK
          Clock: (R) CLK
       Endpoint: (R) icache_addr[10]
          Clock: (R) CLK

                     Capture       Launch     
        Clock Edge:+   10000            0     
       Src Latency:+     100          150     
       Net Latency:+       0 (I)        0 (I) 
           Arrival:=   10100          150     
                                              
      Output Delay:-    3000                  
       Uncertainty:-      50                  
     Required Time:=    7050                  
      Launch Clock:-     150                  
         Data Path:-      98                  
             Slack:=    6802                  

Exceptions/Constraints:
  output_delay             3000            constraint.sdc_line_62_351_1   

#--------------------------------------------------------------------------------------------------------
#   Timing Point     Flags    Arc    Edge         Cell          Fanout Load Trans Delay Arrival Instance 
#                                                                      (fF)  (ps)  (ps)   (ps)  Location 
#--------------------------------------------------------------------------------------------------------
  pc_reg_reg[10]/CLK -       -       R     (arrival)              6114    -    40     0     150    (-,-) 
  pc_reg_reg[10]/QN  -       CLK->QN R     DFFHQNx1_ASAP7_75t_L     12 15.5   121    98     248    (-,-) 
  icache_addr[10]    -       -       R     (port)                    -    -     -     0     248    (-,-) 
#--------------------------------------------------------------------------------------------------------



Path 43: MET (6802 ps) Late External Delay Assertion at pin icache_addr[14]
           View: tt
          Group: C2O
     Startpoint: (R) pc_reg_reg[14]/CLK
          Clock: (R) CLK
       Endpoint: (R) icache_addr[14]
          Clock: (R) CLK

                     Capture       Launch     
        Clock Edge:+   10000            0     
       Src Latency:+     100          150     
       Net Latency:+       0 (I)        0 (I) 
           Arrival:=   10100          150     
                                              
      Output Delay:-    3000                  
       Uncertainty:-      50                  
     Required Time:=    7050                  
      Launch Clock:-     150                  
         Data Path:-      98                  
             Slack:=    6802                  

Exceptions/Constraints:
  output_delay             3000            constraint.sdc_line_62_347_1   

#--------------------------------------------------------------------------------------------------------
#   Timing Point     Flags    Arc    Edge         Cell          Fanout Load Trans Delay Arrival Instance 
#                                                                      (fF)  (ps)  (ps)   (ps)  Location 
#--------------------------------------------------------------------------------------------------------
  pc_reg_reg[14]/CLK -       -       R     (arrival)              6114    -    40     0     150    (-,-) 
  pc_reg_reg[14]/QN  -       CLK->QN R     DFFHQNx1_ASAP7_75t_L     12 15.5   121    98     248    (-,-) 
  icache_addr[14]    -       -       R     (port)                    -    -     -     0     248    (-,-) 
#--------------------------------------------------------------------------------------------------------



Path 44: MET (6802 ps) Late External Delay Assertion at pin icache_addr[20]
           View: tt
          Group: C2O
     Startpoint: (R) pc_reg_reg[20]/CLK
          Clock: (R) CLK
       Endpoint: (R) icache_addr[20]
          Clock: (R) CLK

                     Capture       Launch     
        Clock Edge:+   10000            0     
       Src Latency:+     100          150     
       Net Latency:+       0 (I)        0 (I) 
           Arrival:=   10100          150     
                                              
      Output Delay:-    3000                  
       Uncertainty:-      50                  
     Required Time:=    7050                  
      Launch Clock:-     150                  
         Data Path:-      98                  
             Slack:=    6802                  

Exceptions/Constraints:
  output_delay             3000            constraint.sdc_line_62_341_1   

#--------------------------------------------------------------------------------------------------------
#   Timing Point     Flags    Arc    Edge         Cell          Fanout Load Trans Delay Arrival Instance 
#                                                                      (fF)  (ps)  (ps)   (ps)  Location 
#--------------------------------------------------------------------------------------------------------
  pc_reg_reg[20]/CLK -       -       R     (arrival)              6114    -    40     0     150    (-,-) 
  pc_reg_reg[20]/QN  -       CLK->QN R     DFFHQNx1_ASAP7_75t_L     12 15.5   121    98     248    (-,-) 
  icache_addr[20]    -       -       R     (port)                    -    -     -     0     248    (-,-) 
#--------------------------------------------------------------------------------------------------------



Path 45: MET (6802 ps) Late External Delay Assertion at pin icache_addr[22]
           View: tt
          Group: C2O
     Startpoint: (R) pc_reg_reg[22]/CLK
          Clock: (R) CLK
       Endpoint: (R) icache_addr[22]
          Clock: (R) CLK

                     Capture       Launch     
        Clock Edge:+   10000            0     
       Src Latency:+     100          150     
       Net Latency:+       0 (I)        0 (I) 
           Arrival:=   10100          150     
                                              
      Output Delay:-    3000                  
       Uncertainty:-      50                  
     Required Time:=    7050                  
      Launch Clock:-     150                  
         Data Path:-      98                  
             Slack:=    6802                  

Exceptions/Constraints:
  output_delay             3000            constraint.sdc_line_62_339_1   

#--------------------------------------------------------------------------------------------------------
#   Timing Point     Flags    Arc    Edge         Cell          Fanout Load Trans Delay Arrival Instance 
#                                                                      (fF)  (ps)  (ps)   (ps)  Location 
#--------------------------------------------------------------------------------------------------------
  pc_reg_reg[22]/CLK -       -       R     (arrival)              6114    -    40     0     150    (-,-) 
  pc_reg_reg[22]/QN  -       CLK->QN R     DFFHQNx1_ASAP7_75t_L     12 15.5   121    98     248    (-,-) 
  icache_addr[22]    -       -       R     (port)                    -    -     -     0     248    (-,-) 
#--------------------------------------------------------------------------------------------------------



Path 46: MET (6802 ps) Late External Delay Assertion at pin icache_addr[26]
           View: tt
          Group: C2O
     Startpoint: (R) pc_reg_reg[26]/CLK
          Clock: (R) CLK
       Endpoint: (R) icache_addr[26]
          Clock: (R) CLK

                     Capture       Launch     
        Clock Edge:+   10000            0     
       Src Latency:+     100          150     
       Net Latency:+       0 (I)        0 (I) 
           Arrival:=   10100          150     
                                              
      Output Delay:-    3000                  
       Uncertainty:-      50                  
     Required Time:=    7050                  
      Launch Clock:-     150                  
         Data Path:-      98                  
             Slack:=    6802                  

Exceptions/Constraints:
  output_delay             3000            constraint.sdc_line_62_335_1   

#--------------------------------------------------------------------------------------------------------
#   Timing Point     Flags    Arc    Edge         Cell          Fanout Load Trans Delay Arrival Instance 
#                                                                      (fF)  (ps)  (ps)   (ps)  Location 
#--------------------------------------------------------------------------------------------------------
  pc_reg_reg[26]/CLK -       -       R     (arrival)              6114    -    40     0     150    (-,-) 
  pc_reg_reg[26]/QN  -       CLK->QN R     DFFHQNx1_ASAP7_75t_L     12 15.5   121    98     248    (-,-) 
  icache_addr[26]    -       -       R     (port)                    -    -     -     0     248    (-,-) 
#--------------------------------------------------------------------------------------------------------



Path 47: MET (6802 ps) Late External Delay Assertion at pin icache_addr[28]
           View: tt
          Group: C2O
     Startpoint: (R) pc_reg_reg[28]/CLK
          Clock: (R) CLK
       Endpoint: (R) icache_addr[28]
          Clock: (R) CLK

                     Capture       Launch     
        Clock Edge:+   10000            0     
       Src Latency:+     100          150     
       Net Latency:+       0 (I)        0 (I) 
           Arrival:=   10100          150     
                                              
      Output Delay:-    3000                  
       Uncertainty:-      50                  
     Required Time:=    7050                  
      Launch Clock:-     150                  
         Data Path:-      98                  
             Slack:=    6802                  

Exceptions/Constraints:
  output_delay             3000            constraint.sdc_line_62_333_1   

#--------------------------------------------------------------------------------------------------------
#   Timing Point     Flags    Arc    Edge         Cell          Fanout Load Trans Delay Arrival Instance 
#                                                                      (fF)  (ps)  (ps)   (ps)  Location 
#--------------------------------------------------------------------------------------------------------
  pc_reg_reg[28]/CLK -       -       R     (arrival)              6114    -    40     0     150    (-,-) 
  pc_reg_reg[28]/QN  -       CLK->QN R     DFFHQNx1_ASAP7_75t_L     11 15.4   120    98     248    (-,-) 
  icache_addr[28]    -       -       R     (port)                    -    -     -     0     248    (-,-) 
#--------------------------------------------------------------------------------------------------------



Path 48: MET (6802 ps) Late External Delay Assertion at pin icache_addr[30]
           View: tt
          Group: C2O
     Startpoint: (R) pc_reg_reg[30]/CLK
          Clock: (R) CLK
       Endpoint: (R) icache_addr[30]
          Clock: (R) CLK

                     Capture       Launch     
        Clock Edge:+   10000            0     
       Src Latency:+     100          150     
       Net Latency:+       0 (I)        0 (I) 
           Arrival:=   10100          150     
                                              
      Output Delay:-    3000                  
       Uncertainty:-      50                  
     Required Time:=    7050                  
      Launch Clock:-     150                  
         Data Path:-      98                  
             Slack:=    6802                  

Exceptions/Constraints:
  output_delay             3000            constraint.sdc_line_62_331_1   

#--------------------------------------------------------------------------------------------------------
#   Timing Point     Flags    Arc    Edge         Cell          Fanout Load Trans Delay Arrival Instance 
#                                                                      (fF)  (ps)  (ps)   (ps)  Location 
#--------------------------------------------------------------------------------------------------------
  pc_reg_reg[30]/CLK -       -       R     (arrival)              6114    -    40     0     150    (-,-) 
  pc_reg_reg[30]/QN  -       CLK->QN R     DFFHQNx1_ASAP7_75t_L     11 15.4   120    98     248    (-,-) 
  icache_addr[30]    -       -       R     (port)                    -    -     -     0     248    (-,-) 
#--------------------------------------------------------------------------------------------------------



Path 49: MET (6803 ps) Late External Delay Assertion at pin icache_addr[12]
           View: tt
          Group: C2O
     Startpoint: (R) pc_reg_reg[12]/CLK
          Clock: (R) CLK
       Endpoint: (R) icache_addr[12]
          Clock: (R) CLK

                     Capture       Launch     
        Clock Edge:+   10000            0     
       Src Latency:+     100          150     
       Net Latency:+       0 (I)        0 (I) 
           Arrival:=   10100          150     
                                              
      Output Delay:-    3000                  
       Uncertainty:-      50                  
     Required Time:=    7050                  
      Launch Clock:-     150                  
         Data Path:-      97                  
             Slack:=    6803                  

Exceptions/Constraints:
  output_delay             3000            constraint.sdc_line_62_349_1   

#--------------------------------------------------------------------------------------------------------
#   Timing Point     Flags    Arc    Edge         Cell          Fanout Load Trans Delay Arrival Instance 
#                                                                      (fF)  (ps)  (ps)   (ps)  Location 
#--------------------------------------------------------------------------------------------------------
  pc_reg_reg[12]/CLK -       -       R     (arrival)              6114    -    40     0     150    (-,-) 
  pc_reg_reg[12]/QN  -       CLK->QN R     DFFHQNx1_ASAP7_75t_L     11 15.3   120    97     247    (-,-) 
  icache_addr[12]    -       -       R     (port)                    -    -     -     0     247    (-,-) 
#--------------------------------------------------------------------------------------------------------



Path 50: MET (6803 ps) Late External Delay Assertion at pin icache_addr[18]
           View: tt
          Group: C2O
     Startpoint: (R) pc_reg_reg[18]/CLK
          Clock: (R) CLK
       Endpoint: (R) icache_addr[18]
          Clock: (R) CLK

                     Capture       Launch     
        Clock Edge:+   10000            0     
       Src Latency:+     100          150     
       Net Latency:+       0 (I)        0 (I) 
           Arrival:=   10100          150     
                                              
      Output Delay:-    3000                  
       Uncertainty:-      50                  
     Required Time:=    7050                  
      Launch Clock:-     150                  
         Data Path:-      97                  
             Slack:=    6803                  

Exceptions/Constraints:
  output_delay             3000            constraint.sdc_line_62_343_1   

#--------------------------------------------------------------------------------------------------------
#   Timing Point     Flags    Arc    Edge         Cell          Fanout Load Trans Delay Arrival Instance 
#                                                                      (fF)  (ps)  (ps)   (ps)  Location 
#--------------------------------------------------------------------------------------------------------
  pc_reg_reg[18]/CLK -       -       R     (arrival)              6114    -    40     0     150    (-,-) 
  pc_reg_reg[18]/QN  -       CLK->QN R     DFFHQNx1_ASAP7_75t_L     12 15.3   120    97     247    (-,-) 
  icache_addr[18]    -       -       R     (port)                    -    -     -     0     247    (-,-) 
#--------------------------------------------------------------------------------------------------------


