============================================================
  Generated by:           Genus(TM) Synthesis Solution 23.14-s090_1
  Generated on:           Sep 12 2026  04:28:37 pm
  Module:                 top_soc
  Operating conditions:   PVT_0P63V_100C 
  Operating conditions:   PVT_0P7V_25C 
  Interconnect mode:      global
  Area mode:              physical library
============================================================

 
  Hierarchy Report Format : 
 
    level instance ( module ) <status>
 
    status :    preserve_<value> -- indicating preserve hierachy or inherited_preserve value
           :    blackbox --  indicating  unresolved instance
 
==================================================================

 0 top_soc
  1 cg_cpu ( clock_gate ) 
  1 u_axi_apb_dma_u_dma_engine ( dma_engine_N_CH4_N_CH_W2_ADDR_W32_LEN_W4_ID_W4_FIFO_DEPTH16_MAX_BURST64_BURST_W7_TOKEN_W4_OUT_W4_TIMEOUT_W12_PERIPH_NUM_W5_LEN_FIELD_W16_APB_ADDR_W14_DEF_TOKENS4_DEF_OUTS4 ) 
     2 cg_icg__RC_CG_HIER_INST381 ( cg_icg__RC_CG_MOD_381 ) 
     2 cg_icg__RC_CG_HIER_INST382 ( cg_icg__RC_CG_MOD_382 ) 
     2 cg_icg__RC_CG_HIER_INST383 ( cg_icg__RC_CG_MOD_383 ) 
     2 cg_icg__RC_CG_HIER_INST384 ( cg_icg__RC_CG_MOD_384 ) 
     2 cg_icg__RC_CG_HIER_INST385 ( cg_icg__RC_CG_MOD_385 ) 
     2 cg_icg__RC_CG_HIER_INST386 ( cg_icg__RC_CG_MOD_386 ) 
     2 cg_icg__RC_CG_HIER_INST387 ( cg_icg__RC_CG_MOD_387 ) 
     2 cg_icg__RC_CG_HIER_INST388 ( cg_icg__RC_CG_MOD_388 ) 
     2 cg_icg__RC_CG_HIER_INST389 ( cg_icg__RC_CG_MOD_389 ) 
     2 cg_icg__RC_CG_HIER_INST390 ( cg_icg__RC_CG_MOD_390 ) 
     2 cg_icg__RC_CG_HIER_INST391 ( cg_icg__RC_CG_MOD_391 ) 
     2 cg_icg__RC_CG_HIER_INST392 ( cg_icg__RC_CG_MOD_392 ) 
     2 cg_icg__RC_CG_HIER_INST393 ( cg_icg__RC_CG_MOD_393 ) 
     2 cg_icg__RC_CG_HIER_INST394 ( cg_icg__RC_CG_MOD_394 ) 
     2 cg_icg__RC_CG_HIER_INST395 ( cg_icg__RC_CG_MOD_395 ) 
     2 cg_icg__RC_CG_HIER_INST396 ( cg_icg__RC_CG_MOD_396 ) 
     2 cg_icg__RC_CG_HIER_INST397 ( cg_icg__RC_CG_MOD_397 ) 
     2 cg_icg__RC_CG_HIER_INST398 ( cg_icg__RC_CG_MOD_398 ) 
     2 cg_icg__RC_CG_HIER_INST399 ( cg_icg__RC_CG_MOD_399 ) 
     2 cg_icg__RC_CG_HIER_INST1771 ( cg_icg__RC_CG_MOD_1771 ) 
     2 cg_icg__RC_CG_HIER_INST1800 ( cg_icg__RC_CG_MOD_56913_7 ) 
     2 gen_ch[0].u_ch_cg_icg__RC_CG_HIER_INST349 ( cg_icg__RC_CG_MOD_349 ) 
     2 gen_ch[0].u_ch_cg_icg__RC_CG_HIER_INST350 ( cg_icg__RC_CG_MOD_350 ) 
     2 gen_ch[0].u_ch_cg_icg__RC_CG_HIER_INST351 ( cg_icg__RC_CG_MOD_351 ) 
     2 gen_ch[0].u_ch_cg_icg__RC_CG_HIER_INST352 ( cg_icg__RC_CG_MOD_352 ) 
     2 gen_ch[0].u_ch_cg_icg__RC_CG_HIER_INST353 ( cg_icg__RC_CG_MOD_353 ) 
     2 gen_ch[0].u_ch_cg_icg__RC_CG_HIER_INST354 ( cg_icg__RC_CG_MOD_354 ) 
     2 gen_ch[0].u_ch_cg_icg__RC_CG_HIER_INST355 ( cg_icg__RC_CG_MOD_355 ) 
     2 gen_ch[0].u_ch_cg_icg__RC_CG_HIER_INST356 ( cg_icg__RC_CG_MOD_356 ) 
     2 gen_ch[0].u_ch_u_data_fifo_cg_icg__RC_CG_HIER_INST753 ( cg_icg__RC_CG_MOD_753 ) 
     2 gen_ch[0].u_ch_u_data_fifo_cg_icg__RC_CG_HIER_INST754 ( cg_icg__RC_CG_MOD_754 ) 
     2 gen_ch[0].u_ch_u_data_fifo_cg_icg__RC_CG_HIER_INST755 ( cg_icg__RC_CG_MOD_755 ) 
     2 gen_ch[0].u_ch_u_data_fifo_cg_icg__RC_CG_HIER_INST756 ( cg_icg__RC_CG_MOD_756 ) 
     2 gen_ch[0].u_ch_u_data_fifo_cg_icg__RC_CG_HIER_INST757 ( cg_icg__RC_CG_MOD_757 ) 
     2 gen_ch[0].u_ch_u_data_fifo_cg_icg__RC_CG_HIER_INST758 ( cg_icg__RC_CG_MOD_758 ) 
     2 gen_ch[0].u_ch_u_data_fifo_cg_icg__RC_CG_HIER_INST759 ( cg_icg__RC_CG_MOD_759 ) 
     2 gen_ch[0].u_ch_u_data_fifo_cg_icg__RC_CG_HIER_INST760 ( cg_icg__RC_CG_MOD_760 ) 
     2 gen_ch[0].u_ch_u_data_fifo_cg_icg__RC_CG_HIER_INST761 ( cg_icg__RC_CG_MOD_761 ) 
     2 gen_ch[0].u_ch_u_data_fifo_cg_icg__RC_CG_HIER_INST762 ( cg_icg__RC_CG_MOD_762 ) 
     2 gen_ch[0].u_ch_u_data_fifo_cg_icg__RC_CG_HIER_INST763 ( cg_icg__RC_CG_MOD_763 ) 
     2 gen_ch[0].u_ch_u_data_fifo_cg_icg__RC_CG_HIER_INST764 ( cg_icg__RC_CG_MOD_764 ) 
     2 gen_ch[0].u_ch_u_data_fifo_cg_icg__RC_CG_HIER_INST765 ( cg_icg__RC_CG_MOD_765 ) 
     2 gen_ch[0].u_ch_u_data_fifo_cg_icg__RC_CG_HIER_INST766 ( cg_icg__RC_CG_MOD_766 ) 
     2 gen_ch[0].u_ch_u_data_fifo_cg_icg__RC_CG_HIER_INST767 ( cg_icg__RC_CG_MOD_767 ) 
     2 gen_ch[0].u_ch_u_data_fifo_cg_icg__RC_CG_HIER_INST768 ( cg_icg__RC_CG_MOD_768 ) 
     2 gen_ch[0].u_ch_u_data_fifo_cg_icg__RC_CG_HIER_INST769 ( cg_icg__RC_CG_MOD_769 ) 
     2 gen_ch[0].u_ch_u_data_fifo_cg_icg__RC_CG_HIER_INST770 ( cg_icg__RC_CG_MOD_770 ) 
     2 gen_ch[1].u_ch_cg_icg__RC_CG_HIER_INST357 ( cg_icg__RC_CG_MOD_357 ) 
     2 gen_ch[1].u_ch_cg_icg__RC_CG_HIER_INST358 ( cg_icg__RC_CG_MOD_358 ) 
     2 gen_ch[1].u_ch_cg_icg__RC_CG_HIER_INST359 ( cg_icg__RC_CG_MOD_359 ) 
     2 gen_ch[1].u_ch_cg_icg__RC_CG_HIER_INST360 ( cg_icg__RC_CG_MOD_360 ) 
     2 gen_ch[1].u_ch_cg_icg__RC_CG_HIER_INST361 ( cg_icg__RC_CG_MOD_361 ) 
     2 gen_ch[1].u_ch_cg_icg__RC_CG_HIER_INST362 ( cg_icg__RC_CG_MOD_362 ) 
     2 gen_ch[1].u_ch_cg_icg__RC_CG_HIER_INST363 ( cg_icg__RC_CG_MOD_363 ) 
     2 gen_ch[1].u_ch_cg_icg__RC_CG_HIER_INST364 ( cg_icg__RC_CG_MOD_364 ) 
     2 gen_ch[1].u_ch_u_data_fifo_cg_icg__RC_CG_HIER_INST771 ( cg_icg__RC_CG_MOD_771 ) 
     2 gen_ch[1].u_ch_u_data_fifo_cg_icg__RC_CG_HIER_INST772 ( cg_icg__RC_CG_MOD_772 ) 
     2 gen_ch[1].u_ch_u_data_fifo_cg_icg__RC_CG_HIER_INST773 ( cg_icg__RC_CG_MOD_773 ) 
     2 gen_ch[1].u_ch_u_data_fifo_cg_icg__RC_CG_HIER_INST774 ( cg_icg__RC_CG_MOD_774 ) 
     2 gen_ch[1].u_ch_u_data_fifo_cg_icg__RC_CG_HIER_INST775 ( cg_icg__RC_CG_MOD_775 ) 
     2 gen_ch[1].u_ch_u_data_fifo_cg_icg__RC_CG_HIER_INST776 ( cg_icg__RC_CG_MOD_776 ) 
     2 gen_ch[1].u_ch_u_data_fifo_cg_icg__RC_CG_HIER_INST777 ( cg_icg__RC_CG_MOD_777 ) 
     2 gen_ch[1].u_ch_u_data_fifo_cg_icg__RC_CG_HIER_INST778 ( cg_icg__RC_CG_MOD_778 ) 
     2 gen_ch[1].u_ch_u_data_fifo_cg_icg__RC_CG_HIER_INST779 ( cg_icg__RC_CG_MOD_779 ) 
     2 gen_ch[1].u_ch_u_data_fifo_cg_icg__RC_CG_HIER_INST780 ( cg_icg__RC_CG_MOD_780 ) 
     2 gen_ch[1].u_ch_u_data_fifo_cg_icg__RC_CG_HIER_INST781 ( cg_icg__RC_CG_MOD_781 ) 
     2 gen_ch[1].u_ch_u_data_fifo_cg_icg__RC_CG_HIER_INST782 ( cg_icg__RC_CG_MOD_782 ) 
     2 gen_ch[1].u_ch_u_data_fifo_cg_icg__RC_CG_HIER_INST783 ( cg_icg__RC_CG_MOD_783 ) 
     2 gen_ch[1].u_ch_u_data_fifo_cg_icg__RC_CG_HIER_INST784 ( cg_icg__RC_CG_MOD_784 ) 
     2 gen_ch[1].u_ch_u_data_fifo_cg_icg__RC_CG_HIER_INST785 ( cg_icg__RC_CG_MOD_785 ) 
     2 gen_ch[1].u_ch_u_data_fifo_cg_icg__RC_CG_HIER_INST786 ( cg_icg__RC_CG_MOD_786 ) 
     2 gen_ch[1].u_ch_u_data_fifo_cg_icg__RC_CG_HIER_INST787 ( cg_icg__RC_CG_MOD_787 ) 
     2 gen_ch[1].u_ch_u_data_fifo_cg_icg__RC_CG_HIER_INST788 ( cg_icg__RC_CG_MOD_788 ) 
     2 gen_ch[2].u_ch_cg_icg__RC_CG_HIER_INST365 ( cg_icg__RC_CG_MOD_365 ) 
     2 gen_ch[2].u_ch_cg_icg__RC_CG_HIER_INST366 ( cg_icg__RC_CG_MOD_366 ) 
     2 gen_ch[2].u_ch_cg_icg__RC_CG_HIER_INST367 ( cg_icg__RC_CG_MOD_367 ) 
     2 gen_ch[2].u_ch_cg_icg__RC_CG_HIER_INST368 ( cg_icg__RC_CG_MOD_368 ) 
     2 gen_ch[2].u_ch_cg_icg__RC_CG_HIER_INST369 ( cg_icg__RC_CG_MOD_369 ) 
     2 gen_ch[2].u_ch_cg_icg__RC_CG_HIER_INST370 ( cg_icg__RC_CG_MOD_370 ) 
     2 gen_ch[2].u_ch_cg_icg__RC_CG_HIER_INST371 ( cg_icg__RC_CG_MOD_371 ) 
     2 gen_ch[2].u_ch_cg_icg__RC_CG_HIER_INST372 ( cg_icg__RC_CG_MOD_372 ) 
     2 gen_ch[2].u_ch_u_data_fifo_cg_icg__RC_CG_HIER_INST789 ( cg_icg__RC_CG_MOD_789 ) 
     2 gen_ch[2].u_ch_u_data_fifo_cg_icg__RC_CG_HIER_INST790 ( cg_icg__RC_CG_MOD_790 ) 
     2 gen_ch[2].u_ch_u_data_fifo_cg_icg__RC_CG_HIER_INST791 ( cg_icg__RC_CG_MOD_791 ) 
     2 gen_ch[2].u_ch_u_data_fifo_cg_icg__RC_CG_HIER_INST792 ( cg_icg__RC_CG_MOD_792 ) 
     2 gen_ch[2].u_ch_u_data_fifo_cg_icg__RC_CG_HIER_INST793 ( cg_icg__RC_CG_MOD_793 ) 
     2 gen_ch[2].u_ch_u_data_fifo_cg_icg__RC_CG_HIER_INST794 ( cg_icg__RC_CG_MOD_794 ) 
     2 gen_ch[2].u_ch_u_data_fifo_cg_icg__RC_CG_HIER_INST795 ( cg_icg__RC_CG_MOD_795 ) 
     2 gen_ch[2].u_ch_u_data_fifo_cg_icg__RC_CG_HIER_INST796 ( cg_icg__RC_CG_MOD_796 ) 
     2 gen_ch[2].u_ch_u_data_fifo_cg_icg__RC_CG_HIER_INST797 ( cg_icg__RC_CG_MOD_797 ) 
     2 gen_ch[2].u_ch_u_data_fifo_cg_icg__RC_CG_HIER_INST798 ( cg_icg__RC_CG_MOD_798 ) 
     2 gen_ch[2].u_ch_u_data_fifo_cg_icg__RC_CG_HIER_INST799 ( cg_icg__RC_CG_MOD_799 ) 
     2 gen_ch[2].u_ch_u_data_fifo_cg_icg__RC_CG_HIER_INST800 ( cg_icg__RC_CG_MOD_800 ) 
     2 gen_ch[2].u_ch_u_data_fifo_cg_icg__RC_CG_HIER_INST801 ( cg_icg__RC_CG_MOD_801 ) 
     2 gen_ch[2].u_ch_u_data_fifo_cg_icg__RC_CG_HIER_INST802 ( cg_icg__RC_CG_MOD_802 ) 
     2 gen_ch[2].u_ch_u_data_fifo_cg_icg__RC_CG_HIER_INST803 ( cg_icg__RC_CG_MOD_803 ) 
     2 gen_ch[2].u_ch_u_data_fifo_cg_icg__RC_CG_HIER_INST804 ( cg_icg__RC_CG_MOD_804 ) 
     2 gen_ch[2].u_ch_u_data_fifo_cg_icg__RC_CG_HIER_INST805 ( cg_icg__RC_CG_MOD_805 ) 
     2 gen_ch[2].u_ch_u_data_fifo_cg_icg__RC_CG_HIER_INST806 ( cg_icg__RC_CG_MOD_806 ) 
     2 gen_ch[3].u_ch_cg_icg__RC_CG_HIER_INST373 ( cg_icg__RC_CG_MOD_373 ) 
     2 gen_ch[3].u_ch_cg_icg__RC_CG_HIER_INST374 ( cg_icg__RC_CG_MOD_374 ) 
     2 gen_ch[3].u_ch_cg_icg__RC_CG_HIER_INST375 ( cg_icg__RC_CG_MOD_375 ) 
     2 gen_ch[3].u_ch_cg_icg__RC_CG_HIER_INST376 ( cg_icg__RC_CG_MOD_376 ) 
     2 gen_ch[3].u_ch_cg_icg__RC_CG_HIER_INST377 ( cg_icg__RC_CG_MOD_377 ) 
     2 gen_ch[3].u_ch_cg_icg__RC_CG_HIER_INST378 ( cg_icg__RC_CG_MOD_378 ) 
     2 gen_ch[3].u_ch_cg_icg__RC_CG_HIER_INST379 ( cg_icg__RC_CG_MOD_379 ) 
     2 gen_ch[3].u_ch_cg_icg__RC_CG_HIER_INST380 ( cg_icg__RC_CG_MOD_380 ) 
     2 gen_ch[3].u_ch_u_data_fifo_cg_icg__RC_CG_HIER_INST807 ( cg_icg__RC_CG_MOD_807 ) 
     2 gen_ch[3].u_ch_u_data_fifo_cg_icg__RC_CG_HIER_INST808 ( cg_icg__RC_CG_MOD_808 ) 
     2 gen_ch[3].u_ch_u_data_fifo_cg_icg__RC_CG_HIER_INST809 ( cg_icg__RC_CG_MOD_809 ) 
     2 gen_ch[3].u_ch_u_data_fifo_cg_icg__RC_CG_HIER_INST810 ( cg_icg__RC_CG_MOD_810 ) 
     2 gen_ch[3].u_ch_u_data_fifo_cg_icg__RC_CG_HIER_INST811 ( cg_icg__RC_CG_MOD_811 ) 
     2 gen_ch[3].u_ch_u_data_fifo_cg_icg__RC_CG_HIER_INST812 ( cg_icg__RC_CG_MOD_812 ) 
     2 gen_ch[3].u_ch_u_data_fifo_cg_icg__RC_CG_HIER_INST813 ( cg_icg__RC_CG_MOD_813 ) 
     2 gen_ch[3].u_ch_u_data_fifo_cg_icg__RC_CG_HIER_INST814 ( cg_icg__RC_CG_MOD_814 ) 
     2 gen_ch[3].u_ch_u_data_fifo_cg_icg__RC_CG_HIER_INST815 ( cg_icg__RC_CG_MOD_815 ) 
     2 gen_ch[3].u_ch_u_data_fifo_cg_icg__RC_CG_HIER_INST816 ( cg_icg__RC_CG_MOD_816 ) 
     2 gen_ch[3].u_ch_u_data_fifo_cg_icg__RC_CG_HIER_INST817 ( cg_icg__RC_CG_MOD_817 ) 
     2 gen_ch[3].u_ch_u_data_fifo_cg_icg__RC_CG_HIER_INST818 ( cg_icg__RC_CG_MOD_818 ) 
     2 gen_ch[3].u_ch_u_data_fifo_cg_icg__RC_CG_HIER_INST819 ( cg_icg__RC_CG_MOD_819 ) 
     2 gen_ch[3].u_ch_u_data_fifo_cg_icg__RC_CG_HIER_INST820 ( cg_icg__RC_CG_MOD_820 ) 
     2 gen_ch[3].u_ch_u_data_fifo_cg_icg__RC_CG_HIER_INST821 ( cg_icg__RC_CG_MOD_821 ) 
     2 gen_ch[3].u_ch_u_data_fifo_cg_icg__RC_CG_HIER_INST822 ( cg_icg__RC_CG_MOD_822 ) 
     2 gen_ch[3].u_ch_u_data_fifo_cg_icg__RC_CG_HIER_INST823 ( cg_icg__RC_CG_MOD_823 ) 
     2 gen_ch[3].u_ch_u_data_fifo_cg_icg__RC_CG_HIER_INST824 ( cg_icg__RC_CG_MOD_824 ) 
     2 u_rd_master_cg_icg__RC_CG_HIER_INST169 ( cg_icg__RC_CG_MOD_169 ) 
     2 u_rd_master_cg_icg__RC_CG_HIER_INST170 ( cg_icg__RC_CG_MOD_170 ) 
     2 u_rd_master_cg_icg__RC_CG_HIER_INST171 ( cg_icg__RC_CG_MOD_171 ) 
     2 u_rd_master_cg_icg__RC_CG_HIER_INST172 ( cg_icg__RC_CG_MOD_172 ) 
     2 u_rd_master_cg_icg__RC_CG_HIER_INST173 ( cg_icg__RC_CG_MOD_173 ) 
     2 u_wr_master_cg_icg__RC_CG_DECLONE_HIER_INST ( cg_icg__RC_CG_MOD_178 ) 
     2 u_wr_master_cg_icg__RC_CG_HIER_INST174 ( cg_icg__RC_CG_MOD_174 ) 
     2 u_wr_master_cg_icg__RC_CG_HIER_INST175 ( cg_icg__RC_CG_MOD_175 ) 
     2 u_wr_master_cg_icg__RC_CG_HIER_INST176 ( cg_icg__RC_CG_MOD_176 ) 
     2 u_wr_master_cg_icg__RC_CG_HIER_INST177 ( cg_icg__RC_CG_MOD_177 ) 
     2 u_wr_master_cg_icg__RC_CG_HIER_INST180 ( cg_icg__RC_CG_MOD_180 ) 
     2 u_wr_master_u_winfo_fifo_cg_icg__RC_CG_HIER_INST825 ( cg_icg__RC_CG_MOD_825 ) 
     2 u_wr_master_u_winfo_fifo_cg_icg__RC_CG_HIER_INST826 ( cg_icg__RC_CG_MOD_826 ) 
     2 u_wr_master_u_winfo_fifo_cg_icg__RC_CG_HIER_INST827 ( cg_icg__RC_CG_MOD_827 ) 
     2 u_wr_master_u_winfo_fifo_cg_icg__RC_CG_HIER_INST828 ( cg_icg__RC_CG_MOD_828 ) 
     2 u_wr_master_u_winfo_fifo_cg_icg__RC_CG_HIER_INST829 ( cg_icg__RC_CG_MOD_829 ) 
     2 u_wr_master_u_winfo_fifo_cg_icg__RC_CG_HIER_INST830 ( cg_icg__RC_CG_MOD_830 ) 
  1 u_axi_to_apb_cg_icg__RC_CG_HIER_INST228 ( cg_icg__RC_CG_MOD_228 ) 
  1 u_axi_to_apb_cg_icg__RC_CG_HIER_INST231 ( cg_icg__RC_CG_MOD_231 ) 
  1 u_axi_to_apb_u_cmd_fifo_cg_icg__RC_CG_HIER_INST833 ( cg_icg__RC_CG_MOD_833 ) 
  1 u_axi_to_apb_u_cmd_fifo_cg_icg__RC_CG_HIER_INST834 ( cg_icg__RC_CG_MOD_834 ) 
  1 u_axi_to_apb_u_resp_fifo_cg_icg__RC_CG_HIER_INST831 ( cg_icg__RC_CG_MOD_831 ) 
  1 u_axi_to_apb_u_resp_fifo_cg_icg__RC_CG_HIER_INST832 ( cg_icg__RC_CG_MOD_832 ) 
  1 u_core ( riscv_pipeline ) 
     2 BPU_BHT_cg_icg__RC_CG_HIER_INST1767 ( cg_icg__RC_CG_MOD_1767 ) 
     2 BPU_BTB_cg_icg__RC_CG_HIER_INST239 ( cg_icg__RC_CG_MOD_239 ) 
     2 BPU_BTB_cg_icg__RC_CG_HIER_INST240 ( cg_icg__RC_CG_MOD_240 ) 
     2 BPU_BTB_cg_icg__RC_CG_HIER_INST241 ( cg_icg__RC_CG_MOD_241 ) 
     2 BPU_BTB_cg_icg__RC_CG_HIER_INST242 ( cg_icg__RC_CG_MOD_242 ) 
     2 BPU_BTB_cg_icg__RC_CG_HIER_INST243 ( cg_icg__RC_CG_MOD_243 ) 
     2 BPU_BTB_cg_icg__RC_CG_HIER_INST244 ( cg_icg__RC_CG_MOD_244 ) 
     2 BPU_BTB_cg_icg__RC_CG_HIER_INST245 ( cg_icg__RC_CG_MOD_245 ) 
     2 BPU_BTB_cg_icg__RC_CG_HIER_INST246 ( cg_icg__RC_CG_MOD_246 ) 
     2 BPU_BTB_cg_icg__RC_CG_HIER_INST247 ( cg_icg__RC_CG_MOD_247 ) 
     2 BPU_BTB_cg_icg__RC_CG_HIER_INST248 ( cg_icg__RC_CG_MOD_248 ) 
     2 BPU_BTB_cg_icg__RC_CG_HIER_INST249 ( cg_icg__RC_CG_MOD_249 ) 
     2 BPU_BTB_cg_icg__RC_CG_HIER_INST250 ( cg_icg__RC_CG_MOD_250 ) 
     2 BPU_BTB_cg_icg__RC_CG_HIER_INST251 ( cg_icg__RC_CG_MOD_251 ) 
     2 BPU_BTB_cg_icg__RC_CG_HIER_INST252 ( cg_icg__RC_CG_MOD_252 ) 
     2 BPU_BTB_cg_icg__RC_CG_HIER_INST253 ( cg_icg__RC_CG_MOD_253 ) 
     2 BPU_BTB_cg_icg__RC_CG_HIER_INST254 ( cg_icg__RC_CG_MOD_254 ) 
     2 BPU_BTB_cg_icg__RC_CG_HIER_INST1768 ( cg_icg__RC_CG_MOD_1768 ) 
     2 CSR_RF_cg_icg__RC_CG_HIER_INST315 ( cg_icg__RC_CG_MOD_315 ) 
     2 CSR_RF_cg_icg__RC_CG_HIER_INST316 ( cg_icg__RC_CG_MOD_316 ) 
     2 CSR_RF_cg_icg__RC_CG_HIER_INST317 ( cg_icg__RC_CG_MOD_317 ) 
     2 CSR_RF_cg_icg__RC_CG_HIER_INST318 ( cg_icg__RC_CG_MOD_318 ) 
     2 CSR_RF_cg_icg__RC_CG_HIER_INST319 ( cg_icg__RC_CG_MOD_319 ) 
     2 CSR_RF_cg_icg__RC_CG_HIER_INST320 ( cg_icg__RC_CG_MOD_320 ) 
     2 CSR_RF_cg_icg__RC_CG_HIER_INST321 ( cg_icg__RC_CG_MOD_321 ) 
     2 CSR_RF_cg_icg__RC_CG_HIER_INST322 ( cg_icg__RC_CG_MOD_322 ) 
     2 CSR_RF_cg_icg__RC_CG_HIER_INST323 ( cg_icg__RC_CG_MOD_323 ) 
     2 CSR_RF_cg_icg__RC_CG_HIER_INST324 ( cg_icg__RC_CG_MOD_324 ) 
     2 CSR_RF_cg_icg__RC_CG_HIER_INST325 ( cg_icg__RC_CG_MOD_325 ) 
     2 CSR_RF_cg_icg__RC_CG_HIER_INST326 ( cg_icg__RC_CG_MOD_326 ) 
     2 CSR_RF_cg_icg__RC_CG_HIER_INST327 ( cg_icg__RC_CG_MOD_327 ) 
     2 CSR_RF_cg_icg__RC_CG_HIER_INST328 ( cg_icg__RC_CG_MOD_328 ) 
     2 CSR_RF_cg_icg__RC_CG_HIER_INST329 ( cg_icg__RC_CG_MOD_329 ) 
     2 CSR_RF_cg_icg__RC_CG_HIER_INST330 ( cg_icg__RC_CG_MOD_330 ) 
     2 CSR_RF_cg_icg__RC_CG_HIER_INST331 ( cg_icg__RC_CG_MOD_331 ) 
     2 CSR_RF_cg_icg__RC_CG_HIER_INST332 ( cg_icg__RC_CG_MOD_332 ) 
     2 EX_MEM_cg_icg__RC_CG_HIER_INST421 ( cg_icg__RC_CG_MOD_421 ) 
     2 EX_MEM_cg_icg__RC_CG_HIER_INST422 ( cg_icg__RC_CG_MOD_422 ) 
     2 EX_MEM_cg_icg__RC_CG_HIER_INST423 ( cg_icg__RC_CG_MOD_423 ) 
     2 EX_gen_muldiv.DIV_cg_icg__RC_CG_HIER_INST345 ( cg_icg__RC_CG_MOD_345 ) 
     2 EX_gen_muldiv.DIV_cg_icg__RC_CG_HIER_INST346 ( cg_icg__RC_CG_MOD_346 ) 
     2 EX_gen_muldiv.DIV_cg_icg__RC_CG_HIER_INST347 ( cg_icg__RC_CG_MOD_347 ) 
     2 EX_gen_muldiv.DIV_cg_icg__RC_CG_HIER_INST348 ( cg_icg__RC_CG_MOD_348 ) 
     2 EX_gen_muldiv.MUL_cg_icg__RC_CG_HIER_INST437 ( cg_icg__RC_CG_MOD_437 ) 
     2 EX_gen_muldiv.MUL_cg_icg__RC_CG_HIER_INST438 ( cg_icg__RC_CG_MOD_438 ) 
     2 EX_gen_muldiv.MUL_cg_icg__RC_CG_HIER_INST439 ( cg_icg__RC_CG_MOD_439 ) 
     2 EX_gen_muldiv.MUL_cg_icg__RC_CG_HIER_INST440 ( cg_icg__RC_CG_MOD_440 ) 
     2 EX_gen_muldiv.MUL_cg_icg__RC_CG_HIER_INST441 ( cg_icg__RC_CG_MOD_441 ) 
     2 ID_EX_cg_icg__RC_CG_HIER_INST424 ( cg_icg__RC_CG_MOD_424 ) 
     2 ID_EX_cg_icg__RC_CG_HIER_INST425 ( cg_icg__RC_CG_MOD_425 ) 
     2 IF_ID_cg_icg__RC_CG_HIER_INST426 ( cg_icg__RC_CG_MOD_426 ) 
     2 IF_ID_cg_icg__RC_CG_HIER_INST427 ( cg_icg__RC_CG_MOD_427 ) 
     2 IF_cg_icg__RC_CG_HIER_INST433 ( cg_icg__RC_CG_MOD_433 ) 
     2 MEM_WB_cg_icg__RC_CG_HIER_INST434 ( cg_icg__RC_CG_MOD_434 ) 
     2 MEM_cg_icg__RC_CG_HIER_INST435 ( cg_icg__RC_CG_MOD_435 ) 
     2 MEM_cg_icg__RC_CG_HIER_INST436 ( cg_icg__RC_CG_MOD_436 ) 
     2 PCU ( pipeline_control_unit ) 
        3 cg_icg__RC_CG_HIER_INST442 ( cg_icg__RC_CG_MOD_442 ) 
     2 PMP_cg_icg__RC_CG_HIER_INST443 ( cg_icg__RC_CG_MOD_443 ) 
     2 PMP_cg_icg__RC_CG_HIER_INST444 ( cg_icg__RC_CG_MOD_444 ) 
     2 PMP_cg_icg__RC_CG_HIER_INST445 ( cg_icg__RC_CG_MOD_445 ) 
     2 PMP_cg_icg__RC_CG_HIER_INST446 ( cg_icg__RC_CG_MOD_446 ) 
     2 PMP_cg_icg__RC_CG_HIER_INST447 ( cg_icg__RC_CG_MOD_447 ) 
     2 PMP_cg_icg__RC_CG_HIER_INST448 ( cg_icg__RC_CG_MOD_448 ) 
     2 PMP_cg_icg__RC_CG_HIER_INST449 ( cg_icg__RC_CG_MOD_449 ) 
     2 PMP_cg_icg__RC_CG_HIER_INST450 ( cg_icg__RC_CG_MOD_450 ) 
     2 PMP_cg_icg__RC_CG_HIER_INST451 ( cg_icg__RC_CG_MOD_451 ) 
     2 PMP_cg_icg__RC_CG_HIER_INST452 ( cg_icg__RC_CG_MOD_452 ) 
     2 PMP_cg_icg__RC_CG_HIER_INST453 ( cg_icg__RC_CG_MOD_453 ) 
     2 PMP_cg_icg__RC_CG_HIER_INST454 ( cg_icg__RC_CG_MOD_454 ) 
     2 PMP_cg_icg__RC_CG_HIER_INST455 ( cg_icg__RC_CG_MOD_455 ) 
     2 PMP_cg_icg__RC_CG_HIER_INST456 ( cg_icg__RC_CG_MOD_456 ) 
     2 PMP_cg_icg__RC_CG_HIER_INST457 ( cg_icg__RC_CG_MOD_457 ) 
     2 PMP_cg_icg__RC_CG_HIER_INST458 ( cg_icg__RC_CG_MOD_458 ) 
     2 RF_cg_icg__RC_CG_HIER_INST460 ( cg_icg__RC_CG_MOD_460 ) 
     2 RF_cg_icg__RC_CG_HIER_INST461 ( cg_icg__RC_CG_MOD_461 ) 
     2 RF_cg_icg__RC_CG_HIER_INST462 ( cg_icg__RC_CG_MOD_462 ) 
     2 RF_cg_icg__RC_CG_HIER_INST463 ( cg_icg__RC_CG_MOD_463 ) 
     2 RF_cg_icg__RC_CG_HIER_INST464 ( cg_icg__RC_CG_MOD_464 ) 
     2 RF_cg_icg__RC_CG_HIER_INST465 ( cg_icg__RC_CG_MOD_465 ) 
     2 RF_cg_icg__RC_CG_HIER_INST466 ( cg_icg__RC_CG_MOD_466 ) 
     2 RF_cg_icg__RC_CG_HIER_INST467 ( cg_icg__RC_CG_MOD_467 ) 
     2 RF_cg_icg__RC_CG_HIER_INST468 ( cg_icg__RC_CG_MOD_468 ) 
     2 RF_cg_icg__RC_CG_HIER_INST469 ( cg_icg__RC_CG_MOD_469 ) 
     2 RF_cg_icg__RC_CG_HIER_INST470 ( cg_icg__RC_CG_MOD_470 ) 
     2 RF_cg_icg__RC_CG_HIER_INST471 ( cg_icg__RC_CG_MOD_471 ) 
     2 RF_cg_icg__RC_CG_HIER_INST472 ( cg_icg__RC_CG_MOD_472 ) 
     2 RF_cg_icg__RC_CG_HIER_INST473 ( cg_icg__RC_CG_MOD_473 ) 
     2 RF_cg_icg__RC_CG_HIER_INST474 ( cg_icg__RC_CG_MOD_474 ) 
     2 RF_cg_icg__RC_CG_HIER_INST475 ( cg_icg__RC_CG_MOD_475 ) 
     2 RF_cg_icg__RC_CG_HIER_INST476 ( cg_icg__RC_CG_MOD_476 ) 
     2 RF_cg_icg__RC_CG_HIER_INST477 ( cg_icg__RC_CG_MOD_477 ) 
     2 RF_cg_icg__RC_CG_HIER_INST478 ( cg_icg__RC_CG_MOD_478 ) 
     2 RF_cg_icg__RC_CG_HIER_INST479 ( cg_icg__RC_CG_MOD_479 ) 
     2 RF_cg_icg__RC_CG_HIER_INST480 ( cg_icg__RC_CG_MOD_480 ) 
     2 RF_cg_icg__RC_CG_HIER_INST481 ( cg_icg__RC_CG_MOD_481 ) 
     2 RF_cg_icg__RC_CG_HIER_INST482 ( cg_icg__RC_CG_MOD_482 ) 
     2 RF_cg_icg__RC_CG_HIER_INST483 ( cg_icg__RC_CG_MOD_483 ) 
     2 RF_cg_icg__RC_CG_HIER_INST484 ( cg_icg__RC_CG_MOD_484 ) 
     2 RF_cg_icg__RC_CG_HIER_INST485 ( cg_icg__RC_CG_MOD_485 ) 
     2 RF_cg_icg__RC_CG_HIER_INST486 ( cg_icg__RC_CG_MOD_486 ) 
     2 RF_cg_icg__RC_CG_HIER_INST487 ( cg_icg__RC_CG_MOD_487 ) 
     2 RF_cg_icg__RC_CG_HIER_INST488 ( cg_icg__RC_CG_MOD_488 ) 
     2 RF_cg_icg__RC_CG_HIER_INST489 ( cg_icg__RC_CG_MOD_489 ) 
     2 RF_cg_icg__RC_CG_HIER_INST491 ( cg_icg__RC_CG_MOD_491 ) 
     2 cg_icg__RC_CG_HIER_INST492 ( cg_icg__RC_CG_MOD_492 ) 
  1 u_apb_syscon ( apb_syscon ) 
     2 cg_icg__RC_CG_HIER_INST50 ( cg_icg__RC_CG_MOD_50 ) 
     2 cg_icg__RC_CG_HIER_INST51 ( cg_icg__RC_CG_MOD_51 ) 
     2 cg_icg__RC_CG_HIER_INST52 ( cg_icg__RC_CG_MOD_52 ) 
     2 cg_icg__RC_CG_HIER_INST53 ( cg_icg__RC_CG_MOD_53 ) 
     2 cg_icg__RC_CG_HIER_INST1793 ( cg_icg__RC_CG_MOD_56913 ) 
  1 cg_uart ( clock_gate_6 ) 
  1 u_apb_gpio ( apb_gpio ) 
     2 cg_icg__RC_CG_HIER_INST21 ( cg_icg__RC_CG_MOD_21 ) 
     2 cg_icg__RC_CG_HIER_INST22 ( cg_icg__RC_CG_MOD_22 ) 
     2 cg_icg__RC_CG_HIER_INST23 ( cg_icg__RC_CG_MOD_23 ) 
     2 cg_icg__RC_CG_HIER_INST24 ( cg_icg__RC_CG_MOD_24 ) 
     2 cg_icg__RC_CG_HIER_INST25 ( cg_icg__RC_CG_MOD_25 ) 
     2 cg_icg__RC_CG_HIER_INST26 ( cg_icg__RC_CG_MOD_26 ) 
     2 cg_icg__RC_CG_HIER_INST27 ( cg_icg__RC_CG_MOD_27 ) 
  1 cg_gpio ( clock_gate_3 ) 
  1 u_apb_i2c ( apb_i2c ) 
     2 cg_icg__RC_CG_HIER_INST28 ( cg_icg__RC_CG_MOD_28 ) 
     2 cg_icg__RC_CG_HIER_INST29 ( cg_icg__RC_CG_MOD_29 ) 
     2 cg_icg__RC_CG_HIER_INST30 ( cg_icg__RC_CG_MOD_30 ) 
     2 cg_icg__RC_CG_HIER_INST31 ( cg_icg__RC_CG_MOD_31 ) 
     2 cg_icg__RC_CG_HIER_INST32 ( cg_icg__RC_CG_MOD_32 ) 
     2 cg_icg__RC_CG_HIER_INST33 ( cg_icg__RC_CG_MOD_33 ) 
     2 cg_icg__RC_CG_HIER_INST34 ( cg_icg__RC_CG_MOD_34 ) 
     2 cg_icg__RC_CG_HIER_INST35 ( cg_icg__RC_CG_MOD_35 ) 
     2 cg_icg__RC_CG_HIER_INST36 ( cg_icg__RC_CG_MOD_36 ) 
     2 u_rx_fifo_cg_icg__RC_CG_HIER_INST925 ( cg_icg__RC_CG_MOD_925 ) 
     2 u_rx_fifo_cg_icg__RC_CG_HIER_INST926 ( cg_icg__RC_CG_MOD_926 ) 
     2 u_rx_fifo_cg_icg__RC_CG_HIER_INST927 ( cg_icg__RC_CG_MOD_927 ) 
     2 u_rx_fifo_cg_icg__RC_CG_HIER_INST928 ( cg_icg__RC_CG_MOD_928 ) 
     2 u_rx_fifo_cg_icg__RC_CG_HIER_INST929 ( cg_icg__RC_CG_MOD_929 ) 
     2 u_rx_fifo_cg_icg__RC_CG_HIER_INST930 ( cg_icg__RC_CG_MOD_930 ) 
     2 u_rx_fifo_cg_icg__RC_CG_HIER_INST931 ( cg_icg__RC_CG_MOD_931 ) 
     2 u_rx_fifo_cg_icg__RC_CG_HIER_INST932 ( cg_icg__RC_CG_MOD_932 ) 
     2 u_rx_fifo_cg_icg__RC_CG_HIER_INST933 ( cg_icg__RC_CG_MOD_933 ) 
     2 u_rx_fifo_cg_icg__RC_CG_HIER_INST934 ( cg_icg__RC_CG_MOD_934 ) 
     2 u_rx_fifo_cg_icg__RC_CG_HIER_INST935 ( cg_icg__RC_CG_MOD_935 ) 
     2 u_rx_fifo_cg_icg__RC_CG_HIER_INST936 ( cg_icg__RC_CG_MOD_936 ) 
     2 u_rx_fifo_cg_icg__RC_CG_HIER_INST937 ( cg_icg__RC_CG_MOD_937 ) 
     2 u_rx_fifo_cg_icg__RC_CG_HIER_INST938 ( cg_icg__RC_CG_MOD_938 ) 
     2 u_rx_fifo_cg_icg__RC_CG_HIER_INST939 ( cg_icg__RC_CG_MOD_939 ) 
     2 u_rx_fifo_cg_icg__RC_CG_HIER_INST940 ( cg_icg__RC_CG_MOD_940 ) 
     2 u_rx_fifo_cg_icg__RC_CG_HIER_INST941 ( cg_icg__RC_CG_MOD_941 ) 
     2 u_rx_fifo_cg_icg__RC_CG_HIER_INST942 ( cg_icg__RC_CG_MOD_942 ) 
     2 u_tx_fifo_cg_icg__RC_CG_HIER_INST907 ( cg_icg__RC_CG_MOD_907 ) 
     2 u_tx_fifo_cg_icg__RC_CG_HIER_INST908 ( cg_icg__RC_CG_MOD_908 ) 
     2 u_tx_fifo_cg_icg__RC_CG_HIER_INST909 ( cg_icg__RC_CG_MOD_909 ) 
     2 u_tx_fifo_cg_icg__RC_CG_HIER_INST910 ( cg_icg__RC_CG_MOD_910 ) 
     2 u_tx_fifo_cg_icg__RC_CG_HIER_INST911 ( cg_icg__RC_CG_MOD_911 ) 
     2 u_tx_fifo_cg_icg__RC_CG_HIER_INST912 ( cg_icg__RC_CG_MOD_912 ) 
     2 u_tx_fifo_cg_icg__RC_CG_HIER_INST913 ( cg_icg__RC_CG_MOD_913 ) 
     2 u_tx_fifo_cg_icg__RC_CG_HIER_INST914 ( cg_icg__RC_CG_MOD_914 ) 
     2 u_tx_fifo_cg_icg__RC_CG_HIER_INST915 ( cg_icg__RC_CG_MOD_915 ) 
     2 u_tx_fifo_cg_icg__RC_CG_HIER_INST916 ( cg_icg__RC_CG_MOD_916 ) 
     2 u_tx_fifo_cg_icg__RC_CG_HIER_INST917 ( cg_icg__RC_CG_MOD_917 ) 
     2 u_tx_fifo_cg_icg__RC_CG_HIER_INST918 ( cg_icg__RC_CG_MOD_918 ) 
     2 u_tx_fifo_cg_icg__RC_CG_HIER_INST919 ( cg_icg__RC_CG_MOD_919 ) 
     2 u_tx_fifo_cg_icg__RC_CG_HIER_INST920 ( cg_icg__RC_CG_MOD_920 ) 
     2 u_tx_fifo_cg_icg__RC_CG_HIER_INST921 ( cg_icg__RC_CG_MOD_921 ) 
     2 u_tx_fifo_cg_icg__RC_CG_HIER_INST922 ( cg_icg__RC_CG_MOD_922 ) 
     2 u_tx_fifo_cg_icg__RC_CG_HIER_INST923 ( cg_icg__RC_CG_MOD_923 ) 
     2 u_tx_fifo_cg_icg__RC_CG_HIER_INST924 ( cg_icg__RC_CG_MOD_924 ) 
  1 cg_i2c ( clock_gate_8 ) 
  1 u_pinmux_cg_icg__RC_CG_HIER_INST39 ( cg_icg__RC_CG_MOD_39 ) 
  1 u_pinmux_cg_icg__RC_CG_HIER_INST37 ( cg_icg__RC_CG_MOD_37 ) 
  1 cg_cordic ( clock_gate_4 ) 
  1 u_apb_cordic_cg_icg__RC_CG_HIER_INST20 ( cg_icg__RC_CG_MOD_20 ) 
  1 u_apb_watchdog ( apb_watchdog ) 
     2 cg_icg__RC_CG_HIER_INST88 ( cg_icg__RC_CG_MOD_88 ) 
     2 cg_icg__RC_CG_HIER_INST89 ( cg_icg__RC_CG_MOD_89 ) 
     2 cg_icg__RC_CG_HIER_INST90 ( cg_icg__RC_CG_MOD_90 ) 
     2 cg_icg__RC_CG_HIER_INST91 ( cg_icg__RC_CG_MOD_91 ) 
  1 cg_pwm ( clock_gate_2 ) 
  1 cg_spi ( clock_gate_7 ) 
  1 u_clic ( clic_NUM_IRQ32_CTLBITS3_TRIG_EDGE_RST67108864 ) 
     2 cg_icg__RC_CG_DECLONE_HIER_INST ( cg_icg__RC_CG_MOD_256 ) 
     2 cg_icg__RC_CG_HIER_INST255 ( cg_icg__RC_CG_MOD_255 ) 
     2 cg_icg__RC_CG_HIER_INST257 ( cg_icg__RC_CG_MOD_257 ) 
     2 cg_icg__RC_CG_HIER_INST258 ( cg_icg__RC_CG_MOD_258 ) 
     2 cg_icg__RC_CG_HIER_INST259 ( cg_icg__RC_CG_MOD_259 ) 
     2 cg_icg__RC_CG_HIER_INST260 ( cg_icg__RC_CG_MOD_260 ) 
     2 cg_icg__RC_CG_HIER_INST261 ( cg_icg__RC_CG_MOD_261 ) 
     2 cg_icg__RC_CG_HIER_INST262 ( cg_icg__RC_CG_MOD_262 ) 
     2 cg_icg__RC_CG_HIER_INST263 ( cg_icg__RC_CG_MOD_263 ) 
     2 cg_icg__RC_CG_HIER_INST264 ( cg_icg__RC_CG_MOD_264 ) 
     2 cg_icg__RC_CG_HIER_INST265 ( cg_icg__RC_CG_MOD_265 ) 
     2 cg_icg__RC_CG_HIER_INST266 ( cg_icg__RC_CG_MOD_266 ) 
     2 cg_icg__RC_CG_HIER_INST267 ( cg_icg__RC_CG_MOD_267 ) 
     2 cg_icg__RC_CG_HIER_INST268 ( cg_icg__RC_CG_MOD_268 ) 
     2 cg_icg__RC_CG_HIER_INST269 ( cg_icg__RC_CG_MOD_269 ) 
     2 cg_icg__RC_CG_HIER_INST270 ( cg_icg__RC_CG_MOD_270 ) 
     2 cg_icg__RC_CG_HIER_INST271 ( cg_icg__RC_CG_MOD_271 ) 
     2 cg_icg__RC_CG_HIER_INST272 ( cg_icg__RC_CG_MOD_272 ) 
     2 cg_icg__RC_CG_HIER_INST273 ( cg_icg__RC_CG_MOD_273 ) 
     2 cg_icg__RC_CG_HIER_INST274 ( cg_icg__RC_CG_MOD_274 ) 
     2 cg_icg__RC_CG_HIER_INST275 ( cg_icg__RC_CG_MOD_275 ) 
     2 cg_icg__RC_CG_HIER_INST276 ( cg_icg__RC_CG_MOD_276 ) 
     2 cg_icg__RC_CG_HIER_INST277 ( cg_icg__RC_CG_MOD_277 ) 
     2 cg_icg__RC_CG_HIER_INST278 ( cg_icg__RC_CG_MOD_278 ) 
     2 cg_icg__RC_CG_HIER_INST279 ( cg_icg__RC_CG_MOD_279 ) 
     2 cg_icg__RC_CG_HIER_INST280 ( cg_icg__RC_CG_MOD_280 ) 
     2 cg_icg__RC_CG_HIER_INST281 ( cg_icg__RC_CG_MOD_281 ) 
     2 cg_icg__RC_CG_HIER_INST282 ( cg_icg__RC_CG_MOD_282 ) 
     2 cg_icg__RC_CG_HIER_INST283 ( cg_icg__RC_CG_MOD_283 ) 
     2 cg_icg__RC_CG_HIER_INST284 ( cg_icg__RC_CG_MOD_284 ) 
     2 cg_icg__RC_CG_HIER_INST285 ( cg_icg__RC_CG_MOD_285 ) 
     2 cg_icg__RC_CG_HIER_INST286 ( cg_icg__RC_CG_MOD_286 ) 
     2 cg_icg__RC_CG_HIER_INST287 ( cg_icg__RC_CG_MOD_287 ) 
     2 cg_icg__RC_CG_HIER_INST288 ( cg_icg__RC_CG_MOD_288 ) 
     2 cg_icg__RC_CG_HIER_INST289 ( cg_icg__RC_CG_MOD_289 ) 
  1 cg_tim1 ( clock_gate_11 ) 
  1 u_tim1_cg_icg__RC_CG_HIER_INST70 ( cg_icg__RC_CG_MOD_70 ) 
  1 u_tim1_cg_icg__RC_CG_HIER_INST67 ( cg_icg__RC_CG_MOD_67 ) 
  1 u_tim1_cg_icg__RC_CG_HIER_INST76 ( cg_icg__RC_CG_MOD_76 ) 
  1 u_tim1_cg_icg__RC_CG_HIER_INST73 ( cg_icg__RC_CG_MOD_73 ) 
  1 u_tim1_cg_icg__RC_CG_HIER_INST66 ( cg_icg__RC_CG_MOD_66 ) 
  1 u_tim1_cg_icg__RC_CG_HIER_INST75 ( cg_icg__RC_CG_MOD_75 ) 
  1 u_tim1_cg_icg__RC_CG_HIER_INST74 ( cg_icg__RC_CG_MOD_74 ) 
  1 u_tim1_cg_icg__RC_CG_HIER_INST77 ( cg_icg__RC_CG_MOD_77 ) 
  1 u_tim1_cg_icg__RC_CG_HIER_INST68 ( cg_icg__RC_CG_MOD_68 ) 
  1 u_tim1_cg_icg__RC_CG_HIER_INST71 ( cg_icg__RC_CG_MOD_71 ) 
  1 u_tim1_cg_icg__RC_CG_HIER_INST72 ( cg_icg__RC_CG_MOD_72 ) 
  1 cg_tim0 ( clock_gate_10 ) 
  1 u_tim0_cg_icg__RC_CG_HIER_INST58 ( cg_icg__RC_CG_MOD_58 ) 
  1 u_tim0_cg_icg__RC_CG_HIER_INST61 ( cg_icg__RC_CG_MOD_61 ) 
  1 u_tim0_cg_icg__RC_CG_HIER_INST54 ( cg_icg__RC_CG_MOD_54 ) 
  1 u_tim0_cg_icg__RC_CG_HIER_INST63 ( cg_icg__RC_CG_MOD_63 ) 
  1 u_tim0_cg_icg__RC_CG_HIER_INST62 ( cg_icg__RC_CG_MOD_62 ) 
  1 u_tim0_cg_icg__RC_CG_HIER_INST55 ( cg_icg__RC_CG_MOD_55 ) 
  1 u_tim0_cg_icg__RC_CG_HIER_INST64 ( cg_icg__RC_CG_MOD_64 ) 
  1 u_tim0_cg_icg__RC_CG_HIER_INST65 ( cg_icg__RC_CG_MOD_65 ) 
  1 u_tim0_cg_icg__RC_CG_HIER_INST56 ( cg_icg__RC_CG_MOD_56 ) 
  1 u_tim0_cg_icg__RC_CG_HIER_INST59 ( cg_icg__RC_CG_MOD_59 ) 
  1 u_tim0_cg_icg__RC_CG_HIER_INST60 ( cg_icg__RC_CG_MOD_60 ) 
  1 cg_ascon ( clock_gate_5 ) 
  1 u_apb_ascon_u_ascon ( ascon_core ) 
     2 cg_icg__RC_CG_HIER_INST158 ( cg_icg__RC_CG_MOD_158 ) 
     2 cg_icg__RC_CG_HIER_INST159 ( cg_icg__RC_CG_MOD_159 ) 
     2 cg_icg__RC_CG_HIER_INST160 ( cg_icg__RC_CG_MOD_160 ) 
     2 cg_icg__RC_CG_HIER_INST161 ( cg_icg__RC_CG_MOD_161 ) 
     2 cg_icg__RC_CG_HIER_INST162 ( cg_icg__RC_CG_MOD_162 ) 
     2 cg_icg__RC_CG_HIER_INST163 ( cg_icg__RC_CG_MOD_163 ) 
     2 cg_icg__RC_CG_HIER_INST164 ( cg_icg__RC_CG_MOD_164 ) 
     2 cg_icg__RC_CG_HIER_INST165 ( cg_icg__RC_CG_MOD_165 ) 
     2 cg_icg__RC_CG_HIER_INST166 ( cg_icg__RC_CG_MOD_166 ) 
     2 cg_icg__RC_CG_HIER_INST167 ( cg_icg__RC_CG_MOD_167 ) 
     2 cg_icg__RC_CG_HIER_INST168 ( cg_icg__RC_CG_MOD_168 ) 
  1 u_apb_ascon_cg_icg__RC_CG_HIER_INST11 ( cg_icg__RC_CG_MOD_11 ) 
  1 u_apb_ascon_cg_icg__RC_CG_HIER_INST9 ( cg_icg__RC_CG_MOD_9 ) 
  1 u_apb_ascon_cg_icg__RC_CG_HIER_INST8 ( cg_icg__RC_CG_MOD_8 ) 
  1 u_apb_ascon_cg_icg__RC_CG_HIER_INST7 ( cg_icg__RC_CG_MOD_7 ) 
  1 u_apb_ascon_cg_icg__RC_CG_HIER_INST5 ( cg_icg__RC_CG_MOD_5 ) 
  1 u_apb_ascon_cg_icg__RC_CG_HIER_INST6 ( cg_icg__RC_CG_MOD_6 ) 
  1 u_apb_ascon_cg_icg__RC_CG_HIER_INST4 ( cg_icg__RC_CG_MOD_4 ) 
  1 u_apb_ascon_cg_icg__RC_CG_HIER_INST3 ( cg_icg__RC_CG_MOD_3 ) 
  1 u_apb_ascon_cg_icg__RC_CG_HIER_INST2 ( cg_icg__RC_CG_MOD_2 ) 
  1 u_apb_ascon_cg_icg__RC_CG_HIER_INST10 ( cg_icg__RC_CG_MOD_10 ) 
  1 u_apb_ascon_cg_icg__RC_CG_HIER_INST1 ( cg_icg__RC_CG_MOD_1 ) 
  1 u_apb_spi_cg_icg__RC_CG_HIER_INST49 ( cg_icg__RC_CG_MOD_49 ) 
  1 u_apb_spi_u_spi_tx_fifo_cg_icg__RC_CG_HIER_INST888 ( cg_icg__RC_CG_MOD_888 ) 
  1 u_apb_spi_cg_icg__RC_CG_HIER_INST1760 ( cg_icg__RC_CG_MOD_1760 ) 
  1 u_apb_spi_cg_icg__RC_CG_HIER_INST44 ( cg_icg__RC_CG_MOD_44 ) 
  1 u_apb_spi_cg_icg__RC_CG_HIER_INST45 ( cg_icg__RC_CG_MOD_45 ) 
  1 u_apb_spi_cg_icg__RC_CG_HIER_INST47 ( cg_icg__RC_CG_MOD_47 ) 
  1 u_apb_spi_u_spi_tx_fifo_cg_icg__RC_CG_HIER_INST887 ( cg_icg__RC_CG_MOD_887 ) 
  1 u_apb_spi_u_spi_rx_fifo_cg_icg__RC_CG_HIER_INST905 ( cg_icg__RC_CG_MOD_905 ) 
  1 u_apb_spi_u_spi_rx_fifo_cg_icg__RC_CG_HIER_INST906 ( cg_icg__RC_CG_MOD_906 ) 
  1 u_apb_uart1_cg_icg__RC_CG_HIER_INST86 ( cg_icg__RC_CG_MOD_86 ) 
  1 cg_uart1 ( clock_gate_9 ) 
  1 u_apb_uart1_u_tx_fifo_cg_icg__RC_CG_HIER_INST959 ( cg_icg__RC_CG_MOD_959 ) 
  1 u_apb_uart1_u_tx_fifo_cg_icg__RC_CG_HIER_INST960 ( cg_icg__RC_CG_MOD_960 ) 
  1 u_apb_uart1_cg_icg__RC_CG_HIER_INST1763 ( cg_icg__RC_CG_MOD_1763 ) 
  1 u_apb_uart1_cg_icg__RC_CG_HIER_INST84 ( cg_icg__RC_CG_MOD_84 ) 
  1 u_apb_uart1_cg_icg__RC_CG_HIER_INST87 ( cg_icg__RC_CG_MOD_87 ) 
  1 u_apb_uart1_u_rx_fifo_cg_icg__RC_CG_HIER_INST977 ( cg_icg__RC_CG_MOD_977 ) 
  1 u_apb_uart1_u_rx_fifo_cg_icg__RC_CG_HIER_INST978 ( cg_icg__RC_CG_MOD_978 ) 
  1 u_apb_uart1_u_uart_rx_cg_icg__RC_CG_HIER_INST1758 ( cg_icg__RC_CG_MOD_1758 ) 
  1 u_apb_uart1_u_uart_rx_cg_icg__RC_CG_HIER_INST1792 ( cg_icg__RC_CG_MOD_1792 ) 
  1 u_apb_uart1_u_uart_rx_cg_icg__RC_CG_HIER_INST1759 ( cg_icg__RC_CG_MOD_1759 ) 
  1 u_apb_uart_cg_icg__RC_CG_HIER_INST81 ( cg_icg__RC_CG_MOD_81 ) 
  1 u_apb_uart_u_tx_fifo_cg_icg__RC_CG_HIER_INST851 ( cg_icg__RC_CG_MOD_851 ) 
  1 u_apb_uart_u_tx_fifo_cg_icg__RC_CG_HIER_INST852 ( cg_icg__RC_CG_MOD_852 ) 
  1 u_apb_uart_cg_icg__RC_CG_HIER_INST1762 ( cg_icg__RC_CG_MOD_1762 ) 
  1 u_apb_uart_cg_icg__RC_CG_HIER_INST79 ( cg_icg__RC_CG_MOD_79 ) 
  1 u_apb_uart_cg_icg__RC_CG_HIER_INST82 ( cg_icg__RC_CG_MOD_82 ) 
  1 u_apb_uart_u_rx_fifo_cg_icg__RC_CG_HIER_INST869 ( cg_icg__RC_CG_MOD_869 ) 
  1 u_apb_uart_u_rx_fifo_cg_icg__RC_CG_HIER_INST870 ( cg_icg__RC_CG_MOD_870 ) 
  1 u_apb_uart_u_uart_rx_cg_icg__RC_CG_HIER_INST1754 ( cg_icg__RC_CG_MOD_1754 ) 
  1 u_apb_uart_u_uart_rx_cg_icg__RC_CG_HIER_INST1791 ( cg_icg__RC_CG_MOD_1791 ) 
  1 u_apb_uart_u_uart_rx_cg_icg__RC_CG_HIER_INST1755 ( cg_icg__RC_CG_MOD_1755 ) 
  1 cg_icg__RC_CG_HIER_INST1749 ( cg_icg__RC_CG_MOD_1749 ) 
  1 cg_icg__RC_CG_HIER_INST1750 ( cg_icg__RC_CG_MOD_1750 ) 
  1 u_apb_ascon_cg_icg__RC_CG_HIER_INST12 ( cg_icg__RC_CG_MOD_12 ) 
  1 u_apb_ascon_u_trng_ro ( RingOscillator ) 
     2 ro_invs_not_gate_0 ( xilinx_not ) 
        3 inst ( xilinx_primitive_not ) 
     2 ro_invs_not_gate_1 ( xilinx_not_1 ) 
        3 inst ( xilinx_primitive_not_1 ) 
     2 ro_invs_not_gate_2 ( xilinx_not_2 ) 
        3 inst ( xilinx_primitive_not_2 ) 
     2 ro_invs_not_gate_3 ( xilinx_not_3 ) 
        3 inst ( xilinx_primitive_not_3 ) 
     2 ro_invs_not_gate_4 ( xilinx_not_4 ) 
        3 inst ( xilinx_primitive_not_4 ) 
     2 ro_invs_not_gate_5 ( xilinx_not_5 ) 
        3 inst ( xilinx_primitive_not_5 ) 
     2 ro_nand_nand_gate_0 ( xilinx_nand ) 
        3 inst ( xilinx_primitive_nand ) 
  1 u_pinmux_cg_icg__RC_CG_HIER_INST38 ( cg_icg__RC_CG_MOD_38 ) 
  1 u_apb_ascon_cg_icg__RC_CG_HIER_INST0 ( cg_icg__RC_CG_MOD ) 
  1 u_apb_cordic_cg_icg__RC_CG_HIER_INST16 ( cg_icg__RC_CG_MOD_16 ) 
  1 u_apb_cordic_cg_icg__RC_CG_HIER_INST19 ( cg_icg__RC_CG_MOD_19 ) 
  1 u_apb_cordic_cg_icg__RC_CG_HIER_INST15 ( cg_icg__RC_CG_MOD_15 ) 
  1 u_apb_cordic_cg_icg__RC_CG_HIER_INST13 ( cg_icg__RC_CG_MOD_13 ) 
  1 u_apb_cordic_cg_icg__RC_CG_HIER_INST14 ( cg_icg__RC_CG_MOD_14 ) 
  1 u_apb_cordic_cg_icg__RC_CG_HIER_INST17 ( cg_icg__RC_CG_MOD_17 ) 
  1 u_apb_cordic_cg_icg__RC_CG_HIER_INST18 ( cg_icg__RC_CG_MOD_18 ) 
  1 u_apb_pwm_cg_icg__RC_CG_HIER_INST40 ( cg_icg__RC_CG_MOD_40 ) 
  1 u_apb_pwm_cg_icg__RC_CG_HIER_INST42 ( cg_icg__RC_CG_MOD_42 ) 
  1 u_apb_pwm_cg_icg__RC_CG_HIER_INST41 ( cg_icg__RC_CG_MOD_41 ) 
  1 u_apb_pwm_cg_icg__RC_CG_HIER_INST43 ( cg_icg__RC_CG_MOD_43 ) 
  1 u_apb_uart_cg_icg__RC_CG_HIER_INST78 ( cg_icg__RC_CG_MOD_78 ) 
  1 u_apb_spi_cg_icg__RC_CG_HIER_INST46 ( cg_icg__RC_CG_MOD_46 ) 
  1 u_tim0_cg_icg__RC_CG_HIER_INST57 ( cg_icg__RC_CG_MOD_57 ) 
  1 u_tim1_cg_icg__RC_CG_HIER_INST69 ( cg_icg__RC_CG_MOD_69 ) 
  1 u_apb_uart1_cg_icg__RC_CG_HIER_INST83 ( cg_icg__RC_CG_MOD_83 ) 
  1 u_apb_spi_cg_icg__RC_CG_HIER_INST1761 ( cg_icg__RC_CG_MOD_1761 ) 
  1 u_apb_uart_cg_icg__RC_CG_HIER_INST80 ( cg_icg__RC_CG_MOD_80 ) 
  1 u_apb_uart_u_tx_fifo_cg_icg__RC_CG_HIER_INST835 ( cg_icg__RC_CG_MOD_835 ) 
  1 u_apb_uart_u_tx_fifo_cg_icg__RC_CG_HIER_INST841 ( cg_icg__RC_CG_MOD_841 ) 
  1 u_apb_uart_u_tx_fifo_cg_icg__RC_CG_HIER_INST840 ( cg_icg__RC_CG_MOD_840 ) 
  1 u_apb_uart_u_tx_fifo_cg_icg__RC_CG_HIER_INST839 ( cg_icg__RC_CG_MOD_839 ) 
  1 u_apb_uart_u_tx_fifo_cg_icg__RC_CG_HIER_INST845 ( cg_icg__RC_CG_MOD_845 ) 
  1 u_apb_uart_u_tx_fifo_cg_icg__RC_CG_HIER_INST843 ( cg_icg__RC_CG_MOD_843 ) 
  1 u_apb_uart_u_tx_fifo_cg_icg__RC_CG_HIER_INST842 ( cg_icg__RC_CG_MOD_842 ) 
  1 u_apb_uart_u_tx_fifo_cg_icg__RC_CG_HIER_INST846 ( cg_icg__RC_CG_MOD_846 ) 
  1 u_apb_uart_u_tx_fifo_cg_icg__RC_CG_HIER_INST844 ( cg_icg__RC_CG_MOD_844 ) 
  1 u_apb_uart_u_tx_fifo_cg_icg__RC_CG_HIER_INST847 ( cg_icg__RC_CG_MOD_847 ) 
  1 u_apb_uart_u_tx_fifo_cg_icg__RC_CG_HIER_INST838 ( cg_icg__RC_CG_MOD_838 ) 
  1 u_apb_uart_u_tx_fifo_cg_icg__RC_CG_HIER_INST849 ( cg_icg__RC_CG_MOD_849 ) 
  1 u_apb_uart_u_tx_fifo_cg_icg__RC_CG_HIER_INST848 ( cg_icg__RC_CG_MOD_848 ) 
  1 u_apb_uart_u_tx_fifo_cg_icg__RC_CG_HIER_INST850 ( cg_icg__RC_CG_MOD_850 ) 
  1 u_apb_uart_u_tx_fifo_cg_icg__RC_CG_HIER_INST837 ( cg_icg__RC_CG_MOD_837 ) 
  1 u_apb_uart_u_tx_fifo_cg_icg__RC_CG_HIER_INST836 ( cg_icg__RC_CG_MOD_836 ) 
  1 u_apb_uart1_cg_icg__RC_CG_HIER_INST85 ( cg_icg__RC_CG_MOD_85 ) 
  1 u_apb_uart1_u_tx_fifo_cg_icg__RC_CG_HIER_INST952 ( cg_icg__RC_CG_MOD_952 ) 
  1 u_apb_uart1_u_tx_fifo_cg_icg__RC_CG_HIER_INST957 ( cg_icg__RC_CG_MOD_957 ) 
  1 u_apb_uart1_u_tx_fifo_cg_icg__RC_CG_HIER_INST956 ( cg_icg__RC_CG_MOD_956 ) 
  1 u_apb_uart1_u_tx_fifo_cg_icg__RC_CG_HIER_INST955 ( cg_icg__RC_CG_MOD_955 ) 
  1 u_apb_uart1_u_tx_fifo_cg_icg__RC_CG_HIER_INST946 ( cg_icg__RC_CG_MOD_946 ) 
  1 u_apb_uart1_u_tx_fifo_cg_icg__RC_CG_HIER_INST943 ( cg_icg__RC_CG_MOD_943 ) 
  1 u_apb_uart1_u_tx_fifo_cg_icg__RC_CG_HIER_INST944 ( cg_icg__RC_CG_MOD_944 ) 
  1 u_apb_uart1_u_tx_fifo_cg_icg__RC_CG_HIER_INST958 ( cg_icg__RC_CG_MOD_958 ) 
  1 u_apb_uart1_u_tx_fifo_cg_icg__RC_CG_HIER_INST945 ( cg_icg__RC_CG_MOD_945 ) 
  1 u_apb_uart1_u_tx_fifo_cg_icg__RC_CG_HIER_INST947 ( cg_icg__RC_CG_MOD_947 ) 
  1 u_apb_uart1_u_tx_fifo_cg_icg__RC_CG_HIER_INST953 ( cg_icg__RC_CG_MOD_953 ) 
  1 u_apb_uart1_u_tx_fifo_cg_icg__RC_CG_HIER_INST951 ( cg_icg__RC_CG_MOD_951 ) 
  1 u_apb_uart1_u_tx_fifo_cg_icg__RC_CG_HIER_INST950 ( cg_icg__RC_CG_MOD_950 ) 
  1 u_apb_uart1_u_tx_fifo_cg_icg__RC_CG_HIER_INST949 ( cg_icg__RC_CG_MOD_949 ) 
  1 u_apb_uart1_u_tx_fifo_cg_icg__RC_CG_HIER_INST948 ( cg_icg__RC_CG_MOD_948 ) 
  1 u_apb_uart1_u_tx_fifo_cg_icg__RC_CG_HIER_INST954 ( cg_icg__RC_CG_MOD_954 ) 
  1 u_apb_uart1_u_rx_fifo_cg_icg__RC_CG_HIER_INST971 ( cg_icg__RC_CG_MOD_971 ) 
  1 u_apb_uart1_u_uart_rx_cg_icg__RC_CG_HIER_INST1756 ( cg_icg__RC_CG_MOD_1756 ) 
  1 u_apb_uart1_u_uart_rx_cg_icg__RC_CG_HIER_INST1757 ( cg_icg__RC_CG_MOD_1757 ) 
  1 u_apb_uart1_u_rx_fifo_cg_icg__RC_CG_HIER_INST967 ( cg_icg__RC_CG_MOD_967 ) 
  1 u_apb_uart1_u_rx_fifo_cg_icg__RC_CG_HIER_INST968 ( cg_icg__RC_CG_MOD_968 ) 
  1 u_apb_uart1_u_rx_fifo_cg_icg__RC_CG_HIER_INST969 ( cg_icg__RC_CG_MOD_969 ) 
  1 u_apb_uart1_u_rx_fifo_cg_icg__RC_CG_HIER_INST970 ( cg_icg__RC_CG_MOD_970 ) 
  1 u_apb_uart1_u_rx_fifo_cg_icg__RC_CG_HIER_INST965 ( cg_icg__RC_CG_MOD_965 ) 
  1 u_apb_uart1_u_rx_fifo_cg_icg__RC_CG_HIER_INST966 ( cg_icg__RC_CG_MOD_966 ) 
  1 u_apb_uart1_u_rx_fifo_cg_icg__RC_CG_HIER_INST972 ( cg_icg__RC_CG_MOD_972 ) 
  1 u_apb_uart1_u_rx_fifo_cg_icg__RC_CG_HIER_INST964 ( cg_icg__RC_CG_MOD_964 ) 
  1 u_apb_uart1_u_rx_fifo_cg_icg__RC_CG_HIER_INST973 ( cg_icg__RC_CG_MOD_973 ) 
  1 u_apb_uart1_u_rx_fifo_cg_icg__RC_CG_HIER_INST974 ( cg_icg__RC_CG_MOD_974 ) 
  1 u_apb_uart1_u_rx_fifo_cg_icg__RC_CG_HIER_INST976 ( cg_icg__RC_CG_MOD_976 ) 
  1 u_apb_uart1_u_rx_fifo_cg_icg__RC_CG_HIER_INST962 ( cg_icg__RC_CG_MOD_962 ) 
  1 u_apb_uart1_u_rx_fifo_cg_icg__RC_CG_HIER_INST975 ( cg_icg__RC_CG_MOD_975 ) 
  1 u_apb_uart1_u_rx_fifo_cg_icg__RC_CG_HIER_INST963 ( cg_icg__RC_CG_MOD_963 ) 
  1 u_apb_uart1_u_rx_fifo_cg_icg__RC_CG_HIER_INST961 ( cg_icg__RC_CG_MOD_961 ) 
  1 u_apb_spi_u_spi_rx_fifo_cg_icg__RC_CG_HIER_INST893 ( cg_icg__RC_CG_MOD_893 ) 
  1 u_apb_spi_cg_icg__RC_CG_HIER_INST48 ( cg_icg__RC_CG_MOD_48 ) 
  1 u_apb_spi_u_spi_rx_fifo_cg_icg__RC_CG_HIER_INST899 ( cg_icg__RC_CG_MOD_899 ) 
  1 u_apb_spi_u_spi_rx_fifo_cg_icg__RC_CG_HIER_INST894 ( cg_icg__RC_CG_MOD_894 ) 
  1 u_apb_spi_u_spi_rx_fifo_cg_icg__RC_CG_HIER_INST889 ( cg_icg__RC_CG_MOD_889 ) 
  1 u_apb_spi_u_spi_rx_fifo_cg_icg__RC_CG_HIER_INST903 ( cg_icg__RC_CG_MOD_903 ) 
  1 u_apb_spi_u_spi_rx_fifo_cg_icg__RC_CG_HIER_INST891 ( cg_icg__RC_CG_MOD_891 ) 
  1 u_apb_spi_u_spi_rx_fifo_cg_icg__RC_CG_HIER_INST890 ( cg_icg__RC_CG_MOD_890 ) 
  1 u_apb_spi_u_spi_rx_fifo_cg_icg__RC_CG_HIER_INST904 ( cg_icg__RC_CG_MOD_904 ) 
  1 u_apb_spi_u_spi_rx_fifo_cg_icg__RC_CG_HIER_INST898 ( cg_icg__RC_CG_MOD_898 ) 
  1 u_apb_spi_u_spi_rx_fifo_cg_icg__RC_CG_HIER_INST897 ( cg_icg__RC_CG_MOD_897 ) 
  1 u_apb_spi_u_spi_rx_fifo_cg_icg__RC_CG_HIER_INST895 ( cg_icg__RC_CG_MOD_895 ) 
  1 u_apb_spi_u_spi_rx_fifo_cg_icg__RC_CG_HIER_INST896 ( cg_icg__RC_CG_MOD_896 ) 
  1 u_apb_spi_u_spi_rx_fifo_cg_icg__RC_CG_HIER_INST900 ( cg_icg__RC_CG_MOD_900 ) 
  1 u_apb_spi_u_spi_rx_fifo_cg_icg__RC_CG_HIER_INST892 ( cg_icg__RC_CG_MOD_892 ) 
  1 u_apb_spi_u_spi_rx_fifo_cg_icg__RC_CG_HIER_INST902 ( cg_icg__RC_CG_MOD_902 ) 
  1 u_apb_spi_u_spi_rx_fifo_cg_icg__RC_CG_HIER_INST901 ( cg_icg__RC_CG_MOD_901 ) 
  1 u_apb_uart_u_rx_fifo_cg_icg__RC_CG_HIER_INST863 ( cg_icg__RC_CG_MOD_863 ) 
  1 u_apb_uart_u_uart_rx_cg_icg__RC_CG_HIER_INST1752 ( cg_icg__RC_CG_MOD_1752 ) 
  1 u_apb_uart_u_uart_rx_cg_icg__RC_CG_HIER_INST1753 ( cg_icg__RC_CG_MOD_1753 ) 
  1 u_apb_uart_u_rx_fifo_cg_icg__RC_CG_HIER_INST859 ( cg_icg__RC_CG_MOD_859 ) 
  1 u_apb_uart_u_rx_fifo_cg_icg__RC_CG_HIER_INST860 ( cg_icg__RC_CG_MOD_860 ) 
  1 u_apb_uart_u_rx_fifo_cg_icg__RC_CG_HIER_INST864 ( cg_icg__RC_CG_MOD_864 ) 
  1 u_apb_uart_u_rx_fifo_cg_icg__RC_CG_HIER_INST856 ( cg_icg__RC_CG_MOD_856 ) 
  1 u_apb_uart_u_rx_fifo_cg_icg__RC_CG_HIER_INST857 ( cg_icg__RC_CG_MOD_857 ) 
  1 u_apb_uart_u_rx_fifo_cg_icg__RC_CG_HIER_INST858 ( cg_icg__RC_CG_MOD_858 ) 
  1 u_apb_uart_u_rx_fifo_cg_icg__RC_CG_HIER_INST861 ( cg_icg__RC_CG_MOD_861 ) 
  1 u_apb_uart_u_rx_fifo_cg_icg__RC_CG_HIER_INST862 ( cg_icg__RC_CG_MOD_862 ) 
  1 u_apb_uart_u_rx_fifo_cg_icg__RC_CG_HIER_INST866 ( cg_icg__RC_CG_MOD_866 ) 
  1 u_apb_uart_u_rx_fifo_cg_icg__RC_CG_HIER_INST867 ( cg_icg__RC_CG_MOD_867 ) 
  1 u_apb_uart_u_rx_fifo_cg_icg__RC_CG_HIER_INST855 ( cg_icg__RC_CG_MOD_855 ) 
  1 u_apb_uart_u_rx_fifo_cg_icg__RC_CG_HIER_INST853 ( cg_icg__RC_CG_MOD_853 ) 
  1 u_apb_uart_u_rx_fifo_cg_icg__RC_CG_HIER_INST865 ( cg_icg__RC_CG_MOD_865 ) 
  1 u_apb_uart_u_rx_fifo_cg_icg__RC_CG_HIER_INST868 ( cg_icg__RC_CG_MOD_868 ) 
  1 u_apb_uart_u_rx_fifo_cg_icg__RC_CG_HIER_INST854 ( cg_icg__RC_CG_MOD_854 ) 
  1 u_apb_spi_u_spi_tx_fifo_cg_icg__RC_CG_HIER_INST880 ( cg_icg__RC_CG_MOD_880 ) 
  1 u_apb_spi_u_spi_tx_fifo_cg_icg__RC_CG_HIER_INST871 ( cg_icg__RC_CG_MOD_871 ) 
  1 u_apb_spi_u_spi_tx_fifo_cg_icg__RC_CG_HIER_INST872 ( cg_icg__RC_CG_MOD_872 ) 
  1 u_apb_spi_u_spi_tx_fifo_cg_icg__RC_CG_HIER_INST883 ( cg_icg__RC_CG_MOD_883 ) 
  1 u_apb_spi_u_spi_tx_fifo_cg_icg__RC_CG_HIER_INST874 ( cg_icg__RC_CG_MOD_874 ) 
  1 u_apb_spi_u_spi_tx_fifo_cg_icg__RC_CG_HIER_INST885 ( cg_icg__RC_CG_MOD_885 ) 
  1 u_apb_spi_u_spi_tx_fifo_cg_icg__RC_CG_HIER_INST884 ( cg_icg__RC_CG_MOD_884 ) 
  1 u_apb_spi_u_spi_tx_fifo_cg_icg__RC_CG_HIER_INST886 ( cg_icg__RC_CG_MOD_886 ) 
  1 u_apb_spi_u_spi_tx_fifo_cg_icg__RC_CG_HIER_INST873 ( cg_icg__RC_CG_MOD_873 ) 
  1 u_apb_spi_u_spi_tx_fifo_cg_icg__RC_CG_HIER_INST875 ( cg_icg__RC_CG_MOD_875 ) 
  1 u_apb_spi_u_spi_tx_fifo_cg_icg__RC_CG_HIER_INST881 ( cg_icg__RC_CG_MOD_881 ) 
  1 u_apb_spi_u_spi_tx_fifo_cg_icg__RC_CG_HIER_INST877 ( cg_icg__RC_CG_MOD_877 ) 
  1 u_apb_spi_u_spi_tx_fifo_cg_icg__RC_CG_HIER_INST876 ( cg_icg__RC_CG_MOD_876 ) 
  1 u_apb_spi_u_spi_tx_fifo_cg_icg__RC_CG_HIER_INST879 ( cg_icg__RC_CG_MOD_879 ) 
  1 u_apb_spi_u_spi_tx_fifo_cg_icg__RC_CG_HIER_INST878 ( cg_icg__RC_CG_MOD_878 ) 
  1 u_apb_spi_u_spi_tx_fifo_cg_icg__RC_CG_HIER_INST882 ( cg_icg__RC_CG_MOD_882 ) 
  1 u_axi_flash ( axi_spi_flash_ID_WIDTH7 ) 
     2 cg_icg__RC_CG_HIER_INST220 ( cg_icg__RC_CG_MOD_220 ) 
     2 cg_icg__RC_CG_HIER_INST221 ( cg_icg__RC_CG_MOD_221 ) 
     2 cg_icg__RC_CG_HIER_INST222 ( cg_icg__RC_CG_MOD_222 ) 
     2 cg_icg__RC_CG_HIER_INST223 ( cg_icg__RC_CG_MOD_223 ) 
     2 cg_icg__RC_CG_HIER_INST224 ( cg_icg__RC_CG_MOD_224 ) 
     2 cg_icg__RC_CG_HIER_INST225 ( cg_icg__RC_CG_MOD_225 ) 
     2 cg_icg__RC_CG_HIER_INST226 ( cg_icg__RC_CG_MOD_226 ) 
     2 cg_icg__RC_CG_HIER_INST227 ( cg_icg__RC_CG_MOD_227 ) 
     2 cg_icg__RC_CG_HIER_INST1798 ( cg_icg__RC_CG_MOD_56913_5 ) 
     2 cg_icg__RC_CG_HIER_INST1799 ( cg_icg__RC_CG_MOD_56913_6 ) 
  1 u_axi_interconnect ( axi_interconnect_MST_AMT4_SLV_AMT7_OUTSTANDING_AMT4_MST_WEIGHTx00000005000000040000000300000001_TRANS_MST_ID_W5_TRANS_SLV_ID_W7_SLV_BASE_ADDRx20020000020000004000000080000000300000002000000000010000_SLV_ADDR_MASKxfffe0000ffff0000f8000000fc000000ff000000fffe0000ffff8000_SLV_W_FIFO_DEPTHx00000008000000020000000200000008000000020000000800000002_DSP_RDATA_DEPTH2_AXI_SIDEBAND_EN0_AXI_LOCK_CONST0_AXI_CACHE_CONST3_AXI_QOS_CONST0_AXI_REGION_CONST0 ) 
     2 DSP_GEN[0].dispatcher_read_channel_AR_channel_cg_icg__RC_CG_HIER_INST402 ( cg_icg__RC_CG_MOD_402 ) 
     2 DSP_GEN[0].dispatcher_read_channel_AR_channel_cg_icg__RC_CG_HIER_INST403 ( cg_icg__RC_CG_MOD_403 ) 
     2 DSP_GEN[0].dispatcher_read_channel_AR_channel_fifo_xaddr_order_cg_icg__RC_CG_HIER_INST1027 ( cg_icg__RC_CG_MOD_1027 ) 
     2 DSP_GEN[0].dispatcher_read_channel_AR_channel_fifo_xaddr_order_cg_icg__RC_CG_HIER_INST1028 ( cg_icg__RC_CG_MOD_1028 ) 
     2 DSP_GEN[0].dispatcher_read_channel_AR_channel_fifo_xaddr_order_cg_icg__RC_CG_HIER_INST1029 ( cg_icg__RC_CG_MOD_1029 ) 
     2 DSP_GEN[0].dispatcher_read_channel_AR_channel_fifo_xaddr_order_cg_icg__RC_CG_HIER_INST1030 ( cg_icg__RC_CG_MOD_1030 ) 
     2 DSP_GEN[0].dispatcher_read_channel_AR_channel_fifo_xaddr_order_cg_icg__RC_CG_HIER_INST1031 ( cg_icg__RC_CG_MOD_1031 ) 
     2 DSP_GEN[0].dispatcher_read_channel_AR_channel_fifo_xaddr_order_cg_icg__RC_CG_HIER_INST1032 ( cg_icg__RC_CG_MOD_1032 ) 
     2 DSP_GEN[0].dispatcher_read_channel_AR_channel_mst_skid_buffer_cg_icg__RC_CG_HIER_INST704 ( cg_icg__RC_CG_MOD_704 ) 
     2 DSP_GEN[0].dispatcher_read_channel_AR_channel_mst_skid_buffer_cg_icg__RC_CG_HIER_INST705 ( cg_icg__RC_CG_MOD_705 ) 
     2 DSP_GEN[0].dispatcher_read_channel_R_channel_SLV_FIFO[0].fifo_rdata_cg_icg__RC_CG_HIER_INST1177 ( cg_icg__RC_CG_MOD_1177 ) 
     2 DSP_GEN[0].dispatcher_read_channel_R_channel_SLV_FIFO[0].fifo_rdata_cg_icg__RC_CG_HIER_INST1178 ( cg_icg__RC_CG_MOD_1178 ) 
     2 DSP_GEN[0].dispatcher_read_channel_R_channel_SLV_FIFO[1].fifo_rdata_cg_icg__RC_CG_HIER_INST1179 ( cg_icg__RC_CG_MOD_1179 ) 
     2 DSP_GEN[0].dispatcher_read_channel_R_channel_SLV_FIFO[1].fifo_rdata_cg_icg__RC_CG_HIER_INST1180 ( cg_icg__RC_CG_MOD_1180 ) 
     2 DSP_GEN[0].dispatcher_read_channel_R_channel_SLV_FIFO[2].fifo_rdata_cg_icg__RC_CG_HIER_INST1201 ( cg_icg__RC_CG_MOD_1201 ) 
     2 DSP_GEN[0].dispatcher_read_channel_R_channel_SLV_FIFO[2].fifo_rdata_cg_icg__RC_CG_HIER_INST1202 ( cg_icg__RC_CG_MOD_1202 ) 
     2 DSP_GEN[0].dispatcher_read_channel_R_channel_SLV_FIFO[3].fifo_rdata_cg_icg__RC_CG_HIER_INST1219 ( cg_icg__RC_CG_MOD_1219 ) 
     2 DSP_GEN[0].dispatcher_read_channel_R_channel_SLV_FIFO[3].fifo_rdata_cg_icg__RC_CG_HIER_INST1220 ( cg_icg__RC_CG_MOD_1220 ) 
     2 DSP_GEN[0].dispatcher_read_channel_R_channel_SLV_FIFO[4].fifo_rdata_cg_icg__RC_CG_HIER_INST1221 ( cg_icg__RC_CG_MOD_1221 ) 
     2 DSP_GEN[0].dispatcher_read_channel_R_channel_SLV_FIFO[4].fifo_rdata_cg_icg__RC_CG_HIER_INST1222 ( cg_icg__RC_CG_MOD_1222 ) 
     2 DSP_GEN[0].dispatcher_read_channel_R_channel_SLV_FIFO[5].fifo_rdata_cg_icg__RC_CG_HIER_INST1223 ( cg_icg__RC_CG_MOD_1223 ) 
     2 DSP_GEN[0].dispatcher_read_channel_R_channel_SLV_FIFO[5].fifo_rdata_cg_icg__RC_CG_HIER_INST1224 ( cg_icg__RC_CG_MOD_1224 ) 
     2 DSP_GEN[0].dispatcher_read_channel_R_channel_SLV_FIFO[6].fifo_rdata_cg_icg__RC_CG_HIER_INST1225 ( cg_icg__RC_CG_MOD_1225 ) 
     2 DSP_GEN[0].dispatcher_read_channel_R_channel_SLV_FIFO[6].fifo_rdata_cg_icg__RC_CG_HIER_INST1226 ( cg_icg__RC_CG_MOD_1226 ) 
     2 DSP_GEN[0].dispatcher_read_channel_R_channel_mst_skid_buffer_cg_icg__RC_CG_HIER_INST737 ( cg_icg__RC_CG_MOD_737 ) 
     2 DSP_GEN[0].dispatcher_write_channel_B_channel_SLV_FIFO[0].fifo_WRESP_slv_cg_icg__RC_CG_HIER_INST1233 ( cg_icg__RC_CG_MOD_1233 ) 
     2 DSP_GEN[0].dispatcher_write_channel_B_channel_SLV_FIFO[0].fifo_WRESP_slv_cg_icg__RC_CG_HIER_INST1234 ( cg_icg__RC_CG_MOD_1234 ) 
     2 DSP_GEN[0].dispatcher_write_channel_B_channel_SLV_FIFO[1].fifo_WRESP_slv_cg_icg__RC_CG_HIER_INST1236 ( cg_icg__RC_CG_MOD_1236 ) 
     2 DSP_GEN[0].dispatcher_write_channel_B_channel_SLV_FIFO[2].fifo_WRESP_slv_cg_icg__RC_CG_HIER_INST1298 ( cg_icg__RC_CG_MOD_1298 ) 
     2 DSP_GEN[0].dispatcher_write_channel_B_channel_SLV_FIFO[3].fifo_WRESP_slv_cg_icg__RC_CG_HIER_INST1348 ( cg_icg__RC_CG_MOD_1348 ) 
     2 DSP_GEN[0].dispatcher_write_channel_B_channel_SLV_FIFO[4].fifo_WRESP_slv_cg_icg__RC_CG_HIER_INST1350 ( cg_icg__RC_CG_MOD_1350 ) 
     2 DSP_GEN[0].dispatcher_write_channel_B_channel_SLV_FIFO[5].fifo_WRESP_slv_cg_icg__RC_CG_HIER_INST1352 ( cg_icg__RC_CG_MOD_1352 ) 
     2 DSP_GEN[0].dispatcher_write_channel_B_channel_SLV_FIFO[6].fifo_WRESP_slv_cg_icg__RC_CG_HIER_INST1354 ( cg_icg__RC_CG_MOD_1354 ) 
     2 DSP_GEN[1].dispatcher_read_channel_AR_channel_cg_icg__RC_CG_HIER_INST406 ( cg_icg__RC_CG_MOD_406 ) 
     2 DSP_GEN[1].dispatcher_read_channel_AR_channel_cg_icg__RC_CG_HIER_INST407 ( cg_icg__RC_CG_MOD_407 ) 
     2 DSP_GEN[1].dispatcher_read_channel_AR_channel_fifo_xaddr_order_cg_icg__RC_CG_HIER_INST1039 ( cg_icg__RC_CG_MOD_1039 ) 
     2 DSP_GEN[1].dispatcher_read_channel_AR_channel_fifo_xaddr_order_cg_icg__RC_CG_HIER_INST1040 ( cg_icg__RC_CG_MOD_1040 ) 
     2 DSP_GEN[1].dispatcher_read_channel_AR_channel_fifo_xaddr_order_cg_icg__RC_CG_HIER_INST1041 ( cg_icg__RC_CG_MOD_1041 ) 
     2 DSP_GEN[1].dispatcher_read_channel_AR_channel_fifo_xaddr_order_cg_icg__RC_CG_HIER_INST1042 ( cg_icg__RC_CG_MOD_1042 ) 
     2 DSP_GEN[1].dispatcher_read_channel_AR_channel_fifo_xaddr_order_cg_icg__RC_CG_HIER_INST1043 ( cg_icg__RC_CG_MOD_1043 ) 
     2 DSP_GEN[1].dispatcher_read_channel_AR_channel_fifo_xaddr_order_cg_icg__RC_CG_HIER_INST1044 ( cg_icg__RC_CG_MOD_1044 ) 
     2 DSP_GEN[1].dispatcher_read_channel_AR_channel_mst_skid_buffer_cg_icg__RC_CG_HIER_INST708 ( cg_icg__RC_CG_MOD_708 ) 
     2 DSP_GEN[1].dispatcher_read_channel_AR_channel_mst_skid_buffer_cg_icg__RC_CG_HIER_INST709 ( cg_icg__RC_CG_MOD_709 ) 
     2 DSP_GEN[1].dispatcher_read_channel_R_channel_SLV_FIFO[0].fifo_rdata_cg_icg__RC_CG_HIER_INST1227 ( cg_icg__RC_CG_MOD_1227 ) 
     2 DSP_GEN[1].dispatcher_read_channel_R_channel_SLV_FIFO[0].fifo_rdata_cg_icg__RC_CG_HIER_INST1228 ( cg_icg__RC_CG_MOD_1228 ) 
     2 DSP_GEN[1].dispatcher_read_channel_R_channel_SLV_FIFO[1].fifo_rdata_cg_icg__RC_CG_HIER_INST1229 ( cg_icg__RC_CG_MOD_1229 ) 
     2 DSP_GEN[1].dispatcher_read_channel_R_channel_SLV_FIFO[1].fifo_rdata_cg_icg__RC_CG_HIER_INST1230 ( cg_icg__RC_CG_MOD_1230 ) 
     2 DSP_GEN[1].dispatcher_read_channel_R_channel_SLV_FIFO[2].fifo_rdata_cg_icg__RC_CG_HIER_INST1231 ( cg_icg__RC_CG_MOD_1231 ) 
     2 DSP_GEN[1].dispatcher_read_channel_R_channel_SLV_FIFO[2].fifo_rdata_cg_icg__RC_CG_HIER_INST1232 ( cg_icg__RC_CG_MOD_1232 ) 
     2 DSP_GEN[1].dispatcher_read_channel_R_channel_SLV_FIFO[3].fifo_rdata_cg_icg__RC_CG_HIER_INST1181 ( cg_icg__RC_CG_MOD_1181 ) 
     2 DSP_GEN[1].dispatcher_read_channel_R_channel_SLV_FIFO[3].fifo_rdata_cg_icg__RC_CG_HIER_INST1182 ( cg_icg__RC_CG_MOD_1182 ) 
     2 DSP_GEN[1].dispatcher_read_channel_R_channel_SLV_FIFO[4].fifo_rdata_cg_icg__RC_CG_HIER_INST1183 ( cg_icg__RC_CG_MOD_1183 ) 
     2 DSP_GEN[1].dispatcher_read_channel_R_channel_SLV_FIFO[4].fifo_rdata_cg_icg__RC_CG_HIER_INST1184 ( cg_icg__RC_CG_MOD_1184 ) 
     2 DSP_GEN[1].dispatcher_read_channel_R_channel_SLV_FIFO[5].fifo_rdata_cg_icg__RC_CG_HIER_INST1185 ( cg_icg__RC_CG_MOD_1185 ) 
     2 DSP_GEN[1].dispatcher_read_channel_R_channel_SLV_FIFO[5].fifo_rdata_cg_icg__RC_CG_HIER_INST1186 ( cg_icg__RC_CG_MOD_1186 ) 
     2 DSP_GEN[1].dispatcher_read_channel_R_channel_SLV_FIFO[6].fifo_rdata_cg_icg__RC_CG_HIER_INST1187 ( cg_icg__RC_CG_MOD_1187 ) 
     2 DSP_GEN[1].dispatcher_read_channel_R_channel_SLV_FIFO[6].fifo_rdata_cg_icg__RC_CG_HIER_INST1188 ( cg_icg__RC_CG_MOD_1188 ) 
     2 DSP_GEN[1].dispatcher_read_channel_R_channel_mst_skid_buffer_cg_icg__RC_CG_HIER_INST738 ( cg_icg__RC_CG_MOD_738 ) 
     2 DSP_GEN[1].dispatcher_write_channel_AW_channel_cg_icg__RC_CG_HIER_INST404 ( cg_icg__RC_CG_MOD_404 ) 
     2 DSP_GEN[1].dispatcher_write_channel_AW_channel_fifo_xaddr_order_cg_icg__RC_CG_HIER_INST1033 ( cg_icg__RC_CG_MOD_1033 ) 
     2 DSP_GEN[1].dispatcher_write_channel_AW_channel_fifo_xaddr_order_cg_icg__RC_CG_HIER_INST1034 ( cg_icg__RC_CG_MOD_1034 ) 
     2 DSP_GEN[1].dispatcher_write_channel_AW_channel_fifo_xaddr_order_cg_icg__RC_CG_HIER_INST1035 ( cg_icg__RC_CG_MOD_1035 ) 
     2 DSP_GEN[1].dispatcher_write_channel_AW_channel_fifo_xaddr_order_cg_icg__RC_CG_HIER_INST1036 ( cg_icg__RC_CG_MOD_1036 ) 
     2 DSP_GEN[1].dispatcher_write_channel_AW_channel_fifo_xaddr_order_cg_icg__RC_CG_HIER_INST1037 ( cg_icg__RC_CG_MOD_1037 ) 
     2 DSP_GEN[1].dispatcher_write_channel_AW_channel_fifo_xaddr_order_cg_icg__RC_CG_HIER_INST1038 ( cg_icg__RC_CG_MOD_1038 ) 
     2 DSP_GEN[1].dispatcher_write_channel_AW_channel_mst_skid_buffer_cg_icg__RC_CG_HIER_INST706 ( cg_icg__RC_CG_MOD_706 ) 
     2 DSP_GEN[1].dispatcher_write_channel_AW_channel_mst_skid_buffer_cg_icg__RC_CG_HIER_INST707 ( cg_icg__RC_CG_MOD_707 ) 
     2 DSP_GEN[1].dispatcher_write_channel_B_channel_SLV_FIFO[0].fifo_WRESP_slv_cg_icg__RC_CG_HIER_INST1359 ( cg_icg__RC_CG_MOD_1359 ) 
     2 DSP_GEN[1].dispatcher_write_channel_B_channel_SLV_FIFO[0].fifo_WRESP_slv_cg_icg__RC_CG_HIER_INST1360 ( cg_icg__RC_CG_MOD_1360 ) 
     2 DSP_GEN[1].dispatcher_write_channel_B_channel_SLV_FIFO[1].fifo_WRESP_slv_cg_icg__RC_CG_HIER_INST1365 ( cg_icg__RC_CG_MOD_1365 ) 
     2 DSP_GEN[1].dispatcher_write_channel_B_channel_SLV_FIFO[1].fifo_WRESP_slv_cg_icg__RC_CG_HIER_INST1366 ( cg_icg__RC_CG_MOD_1366 ) 
     2 DSP_GEN[1].dispatcher_write_channel_B_channel_SLV_FIFO[2].fifo_WRESP_slv_cg_icg__RC_CG_HIER_INST1371 ( cg_icg__RC_CG_MOD_1371 ) 
     2 DSP_GEN[1].dispatcher_write_channel_B_channel_SLV_FIFO[2].fifo_WRESP_slv_cg_icg__RC_CG_HIER_INST1372 ( cg_icg__RC_CG_MOD_1372 ) 
     2 DSP_GEN[1].dispatcher_write_channel_B_channel_SLV_FIFO[3].fifo_WRESP_slv_cg_icg__RC_CG_HIER_INST1241 ( cg_icg__RC_CG_MOD_1241 ) 
     2 DSP_GEN[1].dispatcher_write_channel_B_channel_SLV_FIFO[3].fifo_WRESP_slv_cg_icg__RC_CG_HIER_INST1242 ( cg_icg__RC_CG_MOD_1242 ) 
     2 DSP_GEN[1].dispatcher_write_channel_B_channel_SLV_FIFO[4].fifo_WRESP_slv_cg_icg__RC_CG_HIER_INST1247 ( cg_icg__RC_CG_MOD_1247 ) 
     2 DSP_GEN[1].dispatcher_write_channel_B_channel_SLV_FIFO[4].fifo_WRESP_slv_cg_icg__RC_CG_HIER_INST1248 ( cg_icg__RC_CG_MOD_1248 ) 
     2 DSP_GEN[1].dispatcher_write_channel_B_channel_SLV_FIFO[5].fifo_WRESP_slv_cg_icg__RC_CG_HIER_INST1253 ( cg_icg__RC_CG_MOD_1253 ) 
     2 DSP_GEN[1].dispatcher_write_channel_B_channel_SLV_FIFO[5].fifo_WRESP_slv_cg_icg__RC_CG_HIER_INST1254 ( cg_icg__RC_CG_MOD_1254 ) 
     2 DSP_GEN[1].dispatcher_write_channel_B_channel_SLV_FIFO[6].fifo_WRESP_slv_cg_icg__RC_CG_HIER_INST1259 ( cg_icg__RC_CG_MOD_1259 ) 
     2 DSP_GEN[1].dispatcher_write_channel_B_channel_SLV_FIFO[6].fifo_WRESP_slv_cg_icg__RC_CG_HIER_INST1260 ( cg_icg__RC_CG_MOD_1260 ) 
     2 DSP_GEN[1].dispatcher_write_channel_B_channel_fifo_slv_order_cg_icg__RC_CG_HIER_INST1421 ( cg_icg__RC_CG_MOD_1421 ) 
     2 DSP_GEN[1].dispatcher_write_channel_B_channel_fifo_slv_order_cg_icg__RC_CG_HIER_INST1422 ( cg_icg__RC_CG_MOD_1422 ) 
     2 DSP_GEN[1].dispatcher_write_channel_B_channel_fifo_slv_order_cg_icg__RC_CG_HIER_INST1423 ( cg_icg__RC_CG_MOD_1423 ) 
     2 DSP_GEN[1].dispatcher_write_channel_B_channel_fifo_slv_order_cg_icg__RC_CG_HIER_INST1424 ( cg_icg__RC_CG_MOD_1424 ) 
     2 DSP_GEN[1].dispatcher_write_channel_B_channel_fifo_slv_order_cg_icg__RC_CG_HIER_INST1425 ( cg_icg__RC_CG_MOD_1425 ) 
     2 DSP_GEN[1].dispatcher_write_channel_B_channel_fifo_slv_order_cg_icg__RC_CG_HIER_INST1426 ( cg_icg__RC_CG_MOD_1426 ) 
     2 DSP_GEN[1].dispatcher_write_channel_W_channel_mst_skid_buffer_cg_icg__RC_CG_HIER_INST670 ( cg_icg__RC_CG_MOD_670 ) 
     2 DSP_GEN[1].dispatcher_write_channel_W_channel_mst_skid_buffer_cg_icg__RC_CG_HIER_INST671 ( cg_icg__RC_CG_MOD_671 ) 
     2 DSP_GEN[2].dispatcher_read_channel_AR_channel_cg_icg__RC_CG_HIER_INST410 ( cg_icg__RC_CG_MOD_410 ) 
     2 DSP_GEN[2].dispatcher_read_channel_AR_channel_fifo_xaddr_order_cg_icg__RC_CG_HIER_INST1051 ( cg_icg__RC_CG_MOD_1051 ) 
     2 DSP_GEN[2].dispatcher_read_channel_AR_channel_fifo_xaddr_order_cg_icg__RC_CG_HIER_INST1052 ( cg_icg__RC_CG_MOD_1052 ) 
     2 DSP_GEN[2].dispatcher_read_channel_AR_channel_fifo_xaddr_order_cg_icg__RC_CG_HIER_INST1053 ( cg_icg__RC_CG_MOD_1053 ) 
     2 DSP_GEN[2].dispatcher_read_channel_AR_channel_fifo_xaddr_order_cg_icg__RC_CG_HIER_INST1054 ( cg_icg__RC_CG_MOD_1054 ) 
     2 DSP_GEN[2].dispatcher_read_channel_AR_channel_fifo_xaddr_order_cg_icg__RC_CG_HIER_INST1055 ( cg_icg__RC_CG_MOD_1055 ) 
     2 DSP_GEN[2].dispatcher_read_channel_AR_channel_fifo_xaddr_order_cg_icg__RC_CG_HIER_INST1056 ( cg_icg__RC_CG_MOD_1056 ) 
     2 DSP_GEN[2].dispatcher_read_channel_AR_channel_mst_skid_buffer_cg_icg__RC_CG_HIER_INST712 ( cg_icg__RC_CG_MOD_712 ) 
     2 DSP_GEN[2].dispatcher_read_channel_AR_channel_mst_skid_buffer_cg_icg__RC_CG_HIER_INST713 ( cg_icg__RC_CG_MOD_713 ) 
     2 DSP_GEN[2].dispatcher_read_channel_R_channel_SLV_FIFO[0].fifo_rdata_cg_icg__RC_CG_HIER_INST1189 ( cg_icg__RC_CG_MOD_1189 ) 
     2 DSP_GEN[2].dispatcher_read_channel_R_channel_SLV_FIFO[0].fifo_rdata_cg_icg__RC_CG_HIER_INST1190 ( cg_icg__RC_CG_MOD_1190 ) 
     2 DSP_GEN[2].dispatcher_read_channel_R_channel_SLV_FIFO[1].fifo_rdata_cg_icg__RC_CG_HIER_INST1191 ( cg_icg__RC_CG_MOD_1191 ) 
     2 DSP_GEN[2].dispatcher_read_channel_R_channel_SLV_FIFO[1].fifo_rdata_cg_icg__RC_CG_HIER_INST1192 ( cg_icg__RC_CG_MOD_1192 ) 
     2 DSP_GEN[2].dispatcher_read_channel_R_channel_SLV_FIFO[2].fifo_rdata_cg_icg__RC_CG_HIER_INST1193 ( cg_icg__RC_CG_MOD_1193 ) 
     2 DSP_GEN[2].dispatcher_read_channel_R_channel_SLV_FIFO[2].fifo_rdata_cg_icg__RC_CG_HIER_INST1194 ( cg_icg__RC_CG_MOD_1194 ) 
     2 DSP_GEN[2].dispatcher_read_channel_R_channel_SLV_FIFO[3].fifo_rdata_cg_icg__RC_CG_HIER_INST1195 ( cg_icg__RC_CG_MOD_1195 ) 
     2 DSP_GEN[2].dispatcher_read_channel_R_channel_SLV_FIFO[3].fifo_rdata_cg_icg__RC_CG_HIER_INST1196 ( cg_icg__RC_CG_MOD_1196 ) 
     2 DSP_GEN[2].dispatcher_read_channel_R_channel_SLV_FIFO[4].fifo_rdata_cg_icg__RC_CG_HIER_INST1197 ( cg_icg__RC_CG_MOD_1197 ) 
     2 DSP_GEN[2].dispatcher_read_channel_R_channel_SLV_FIFO[4].fifo_rdata_cg_icg__RC_CG_HIER_INST1198 ( cg_icg__RC_CG_MOD_1198 ) 
     2 DSP_GEN[2].dispatcher_read_channel_R_channel_SLV_FIFO[5].fifo_rdata_cg_icg__RC_CG_HIER_INST1199 ( cg_icg__RC_CG_MOD_1199 ) 
     2 DSP_GEN[2].dispatcher_read_channel_R_channel_SLV_FIFO[5].fifo_rdata_cg_icg__RC_CG_HIER_INST1200 ( cg_icg__RC_CG_MOD_1200 ) 
     2 DSP_GEN[2].dispatcher_read_channel_R_channel_SLV_FIFO[6].fifo_rdata_cg_icg__RC_CG_HIER_INST1203 ( cg_icg__RC_CG_MOD_1203 ) 
     2 DSP_GEN[2].dispatcher_read_channel_R_channel_SLV_FIFO[6].fifo_rdata_cg_icg__RC_CG_HIER_INST1204 ( cg_icg__RC_CG_MOD_1204 ) 
     2 DSP_GEN[2].dispatcher_read_channel_R_channel_mst_skid_buffer_cg_icg__RC_CG_HIER_INST739 ( cg_icg__RC_CG_MOD_739 ) 
     2 DSP_GEN[2].dispatcher_write_channel_AW_channel_cg_icg__RC_CG_HIER_INST408 ( cg_icg__RC_CG_MOD_408 ) 
     2 DSP_GEN[2].dispatcher_write_channel_AW_channel_fifo_xaddr_order_cg_icg__RC_CG_HIER_INST1045 ( cg_icg__RC_CG_MOD_1045 ) 
     2 DSP_GEN[2].dispatcher_write_channel_AW_channel_fifo_xaddr_order_cg_icg__RC_CG_HIER_INST1046 ( cg_icg__RC_CG_MOD_1046 ) 
     2 DSP_GEN[2].dispatcher_write_channel_AW_channel_fifo_xaddr_order_cg_icg__RC_CG_HIER_INST1047 ( cg_icg__RC_CG_MOD_1047 ) 
     2 DSP_GEN[2].dispatcher_write_channel_AW_channel_fifo_xaddr_order_cg_icg__RC_CG_HIER_INST1048 ( cg_icg__RC_CG_MOD_1048 ) 
     2 DSP_GEN[2].dispatcher_write_channel_AW_channel_fifo_xaddr_order_cg_icg__RC_CG_HIER_INST1049 ( cg_icg__RC_CG_MOD_1049 ) 
     2 DSP_GEN[2].dispatcher_write_channel_AW_channel_fifo_xaddr_order_cg_icg__RC_CG_HIER_INST1050 ( cg_icg__RC_CG_MOD_1050 ) 
     2 DSP_GEN[2].dispatcher_write_channel_AW_channel_mst_skid_buffer_cg_icg__RC_CG_HIER_INST710 ( cg_icg__RC_CG_MOD_710 ) 
     2 DSP_GEN[2].dispatcher_write_channel_AW_channel_mst_skid_buffer_cg_icg__RC_CG_HIER_INST711 ( cg_icg__RC_CG_MOD_711 ) 
     2 DSP_GEN[2].dispatcher_write_channel_B_channel_SLV_FIFO[0].fifo_WRESP_slv_cg_icg__RC_CG_HIER_INST1265 ( cg_icg__RC_CG_MOD_1265 ) 
     2 DSP_GEN[2].dispatcher_write_channel_B_channel_SLV_FIFO[0].fifo_WRESP_slv_cg_icg__RC_CG_HIER_INST1266 ( cg_icg__RC_CG_MOD_1266 ) 
     2 DSP_GEN[2].dispatcher_write_channel_B_channel_SLV_FIFO[1].fifo_WRESP_slv_cg_icg__RC_CG_HIER_INST1271 ( cg_icg__RC_CG_MOD_1271 ) 
     2 DSP_GEN[2].dispatcher_write_channel_B_channel_SLV_FIFO[1].fifo_WRESP_slv_cg_icg__RC_CG_HIER_INST1272 ( cg_icg__RC_CG_MOD_1272 ) 
     2 DSP_GEN[2].dispatcher_write_channel_B_channel_SLV_FIFO[2].fifo_WRESP_slv_cg_icg__RC_CG_HIER_INST1277 ( cg_icg__RC_CG_MOD_1277 ) 
     2 DSP_GEN[2].dispatcher_write_channel_B_channel_SLV_FIFO[2].fifo_WRESP_slv_cg_icg__RC_CG_HIER_INST1278 ( cg_icg__RC_CG_MOD_1278 ) 
     2 DSP_GEN[2].dispatcher_write_channel_B_channel_SLV_FIFO[3].fifo_WRESP_slv_cg_icg__RC_CG_HIER_INST1283 ( cg_icg__RC_CG_MOD_1283 ) 
     2 DSP_GEN[2].dispatcher_write_channel_B_channel_SLV_FIFO[3].fifo_WRESP_slv_cg_icg__RC_CG_HIER_INST1284 ( cg_icg__RC_CG_MOD_1284 ) 
     2 DSP_GEN[2].dispatcher_write_channel_B_channel_SLV_FIFO[4].fifo_WRESP_slv_cg_icg__RC_CG_HIER_INST1289 ( cg_icg__RC_CG_MOD_1289 ) 
     2 DSP_GEN[2].dispatcher_write_channel_B_channel_SLV_FIFO[4].fifo_WRESP_slv_cg_icg__RC_CG_HIER_INST1290 ( cg_icg__RC_CG_MOD_1290 ) 
     2 DSP_GEN[2].dispatcher_write_channel_B_channel_SLV_FIFO[5].fifo_WRESP_slv_cg_icg__RC_CG_HIER_INST1295 ( cg_icg__RC_CG_MOD_1295 ) 
     2 DSP_GEN[2].dispatcher_write_channel_B_channel_SLV_FIFO[5].fifo_WRESP_slv_cg_icg__RC_CG_HIER_INST1296 ( cg_icg__RC_CG_MOD_1296 ) 
     2 DSP_GEN[2].dispatcher_write_channel_B_channel_SLV_FIFO[6].fifo_WRESP_slv_cg_icg__RC_CG_HIER_INST1303 ( cg_icg__RC_CG_MOD_1303 ) 
     2 DSP_GEN[2].dispatcher_write_channel_B_channel_SLV_FIFO[6].fifo_WRESP_slv_cg_icg__RC_CG_HIER_INST1304 ( cg_icg__RC_CG_MOD_1304 ) 
     2 DSP_GEN[2].dispatcher_write_channel_B_channel_cg_icg__RC_CG_HIER_INST1772 ( cg_icg__RC_CG_MOD_1772 ) 
     2 DSP_GEN[2].dispatcher_write_channel_B_channel_fifo_slv_order_cg_icg__RC_CG_HIER_INST1427 ( cg_icg__RC_CG_MOD_1427 ) 
     2 DSP_GEN[2].dispatcher_write_channel_B_channel_fifo_slv_order_cg_icg__RC_CG_HIER_INST1428 ( cg_icg__RC_CG_MOD_1428 ) 
     2 DSP_GEN[2].dispatcher_write_channel_B_channel_fifo_slv_order_cg_icg__RC_CG_HIER_INST1429 ( cg_icg__RC_CG_MOD_1429 ) 
     2 DSP_GEN[2].dispatcher_write_channel_B_channel_fifo_slv_order_cg_icg__RC_CG_HIER_INST1430 ( cg_icg__RC_CG_MOD_1430 ) 
     2 DSP_GEN[2].dispatcher_write_channel_B_channel_fifo_slv_order_cg_icg__RC_CG_HIER_INST1431 ( cg_icg__RC_CG_MOD_1431 ) 
     2 DSP_GEN[2].dispatcher_write_channel_B_channel_fifo_slv_order_cg_icg__RC_CG_HIER_INST1432 ( cg_icg__RC_CG_MOD_1432 ) 
     2 DSP_GEN[2].dispatcher_write_channel_W_channel_mst_skid_buffer_cg_icg__RC_CG_HIER_INST672 ( cg_icg__RC_CG_MOD_672 ) 
     2 DSP_GEN[2].dispatcher_write_channel_W_channel_mst_skid_buffer_cg_icg__RC_CG_HIER_INST673 ( cg_icg__RC_CG_MOD_673 ) 
     2 DSP_GEN[3].dispatcher_read_channel_AR_channel_cg_icg__RC_CG_HIER_INST414 ( cg_icg__RC_CG_MOD_414 ) 
     2 DSP_GEN[3].dispatcher_read_channel_AR_channel_cg_icg__RC_CG_HIER_INST415 ( cg_icg__RC_CG_MOD_415 ) 
     2 DSP_GEN[3].dispatcher_read_channel_AR_channel_fifo_xaddr_order_cg_icg__RC_CG_HIER_INST1063 ( cg_icg__RC_CG_MOD_1063 ) 
     2 DSP_GEN[3].dispatcher_read_channel_AR_channel_fifo_xaddr_order_cg_icg__RC_CG_HIER_INST1064 ( cg_icg__RC_CG_MOD_1064 ) 
     2 DSP_GEN[3].dispatcher_read_channel_AR_channel_fifo_xaddr_order_cg_icg__RC_CG_HIER_INST1065 ( cg_icg__RC_CG_MOD_1065 ) 
     2 DSP_GEN[3].dispatcher_read_channel_AR_channel_fifo_xaddr_order_cg_icg__RC_CG_HIER_INST1066 ( cg_icg__RC_CG_MOD_1066 ) 
     2 DSP_GEN[3].dispatcher_read_channel_AR_channel_fifo_xaddr_order_cg_icg__RC_CG_HIER_INST1067 ( cg_icg__RC_CG_MOD_1067 ) 
     2 DSP_GEN[3].dispatcher_read_channel_AR_channel_fifo_xaddr_order_cg_icg__RC_CG_HIER_INST1068 ( cg_icg__RC_CG_MOD_1068 ) 
     2 DSP_GEN[3].dispatcher_read_channel_AR_channel_mst_skid_buffer_cg_icg__RC_CG_HIER_INST716 ( cg_icg__RC_CG_MOD_716 ) 
     2 DSP_GEN[3].dispatcher_read_channel_AR_channel_mst_skid_buffer_cg_icg__RC_CG_HIER_INST717 ( cg_icg__RC_CG_MOD_717 ) 
     2 DSP_GEN[3].dispatcher_read_channel_R_channel_SLV_FIFO[0].fifo_rdata_cg_icg__RC_CG_HIER_INST1205 ( cg_icg__RC_CG_MOD_1205 ) 
     2 DSP_GEN[3].dispatcher_read_channel_R_channel_SLV_FIFO[0].fifo_rdata_cg_icg__RC_CG_HIER_INST1206 ( cg_icg__RC_CG_MOD_1206 ) 
     2 DSP_GEN[3].dispatcher_read_channel_R_channel_SLV_FIFO[1].fifo_rdata_cg_icg__RC_CG_HIER_INST1207 ( cg_icg__RC_CG_MOD_1207 ) 
     2 DSP_GEN[3].dispatcher_read_channel_R_channel_SLV_FIFO[1].fifo_rdata_cg_icg__RC_CG_HIER_INST1208 ( cg_icg__RC_CG_MOD_1208 ) 
     2 DSP_GEN[3].dispatcher_read_channel_R_channel_SLV_FIFO[2].fifo_rdata_cg_icg__RC_CG_HIER_INST1209 ( cg_icg__RC_CG_MOD_1209 ) 
     2 DSP_GEN[3].dispatcher_read_channel_R_channel_SLV_FIFO[2].fifo_rdata_cg_icg__RC_CG_HIER_INST1210 ( cg_icg__RC_CG_MOD_1210 ) 
     2 DSP_GEN[3].dispatcher_read_channel_R_channel_SLV_FIFO[3].fifo_rdata_cg_icg__RC_CG_HIER_INST1211 ( cg_icg__RC_CG_MOD_1211 ) 
     2 DSP_GEN[3].dispatcher_read_channel_R_channel_SLV_FIFO[3].fifo_rdata_cg_icg__RC_CG_HIER_INST1212 ( cg_icg__RC_CG_MOD_1212 ) 
     2 DSP_GEN[3].dispatcher_read_channel_R_channel_SLV_FIFO[4].fifo_rdata_cg_icg__RC_CG_HIER_INST1213 ( cg_icg__RC_CG_MOD_1213 ) 
     2 DSP_GEN[3].dispatcher_read_channel_R_channel_SLV_FIFO[4].fifo_rdata_cg_icg__RC_CG_HIER_INST1214 ( cg_icg__RC_CG_MOD_1214 ) 
     2 DSP_GEN[3].dispatcher_read_channel_R_channel_SLV_FIFO[5].fifo_rdata_cg_icg__RC_CG_HIER_INST1215 ( cg_icg__RC_CG_MOD_1215 ) 
     2 DSP_GEN[3].dispatcher_read_channel_R_channel_SLV_FIFO[5].fifo_rdata_cg_icg__RC_CG_HIER_INST1216 ( cg_icg__RC_CG_MOD_1216 ) 
     2 DSP_GEN[3].dispatcher_read_channel_R_channel_SLV_FIFO[6].fifo_rdata_cg_icg__RC_CG_HIER_INST1217 ( cg_icg__RC_CG_MOD_1217 ) 
     2 DSP_GEN[3].dispatcher_read_channel_R_channel_SLV_FIFO[6].fifo_rdata_cg_icg__RC_CG_HIER_INST1218 ( cg_icg__RC_CG_MOD_1218 ) 
     2 DSP_GEN[3].dispatcher_read_channel_R_channel_mst_skid_buffer_cg_icg__RC_CG_HIER_INST740 ( cg_icg__RC_CG_MOD_740 ) 
     2 DSP_GEN[3].dispatcher_write_channel_AW_channel_cg_icg__RC_CG_HIER_INST412 ( cg_icg__RC_CG_MOD_412 ) 
     2 DSP_GEN[3].dispatcher_write_channel_AW_channel_cg_icg__RC_CG_HIER_INST413 ( cg_icg__RC_CG_MOD_413 ) 
     2 DSP_GEN[3].dispatcher_write_channel_AW_channel_fifo_xaddr_order_cg_icg__RC_CG_HIER_INST1057 ( cg_icg__RC_CG_MOD_1057 ) 
     2 DSP_GEN[3].dispatcher_write_channel_AW_channel_fifo_xaddr_order_cg_icg__RC_CG_HIER_INST1058 ( cg_icg__RC_CG_MOD_1058 ) 
     2 DSP_GEN[3].dispatcher_write_channel_AW_channel_fifo_xaddr_order_cg_icg__RC_CG_HIER_INST1059 ( cg_icg__RC_CG_MOD_1059 ) 
     2 DSP_GEN[3].dispatcher_write_channel_AW_channel_fifo_xaddr_order_cg_icg__RC_CG_HIER_INST1060 ( cg_icg__RC_CG_MOD_1060 ) 
     2 DSP_GEN[3].dispatcher_write_channel_AW_channel_fifo_xaddr_order_cg_icg__RC_CG_HIER_INST1061 ( cg_icg__RC_CG_MOD_1061 ) 
     2 DSP_GEN[3].dispatcher_write_channel_AW_channel_fifo_xaddr_order_cg_icg__RC_CG_HIER_INST1062 ( cg_icg__RC_CG_MOD_1062 ) 
     2 DSP_GEN[3].dispatcher_write_channel_AW_channel_mst_skid_buffer_cg_icg__RC_CG_HIER_INST714 ( cg_icg__RC_CG_MOD_714 ) 
     2 DSP_GEN[3].dispatcher_write_channel_AW_channel_mst_skid_buffer_cg_icg__RC_CG_HIER_INST715 ( cg_icg__RC_CG_MOD_715 ) 
     2 DSP_GEN[3].dispatcher_write_channel_B_channel_SLV_FIFO[0].fifo_WRESP_slv_cg_icg__RC_CG_HIER_INST1305 ( cg_icg__RC_CG_MOD_1305 ) 
     2 DSP_GEN[3].dispatcher_write_channel_B_channel_SLV_FIFO[0].fifo_WRESP_slv_cg_icg__RC_CG_HIER_INST1306 ( cg_icg__RC_CG_MOD_1306 ) 
     2 DSP_GEN[3].dispatcher_write_channel_B_channel_SLV_FIFO[0].fifo_WRESP_slv_cg_icg__RC_CG_HIER_INST1307 ( cg_icg__RC_CG_MOD_1307 ) 
     2 DSP_GEN[3].dispatcher_write_channel_B_channel_SLV_FIFO[0].fifo_WRESP_slv_cg_icg__RC_CG_HIER_INST1308 ( cg_icg__RC_CG_MOD_1308 ) 
     2 DSP_GEN[3].dispatcher_write_channel_B_channel_SLV_FIFO[0].fifo_WRESP_slv_cg_icg__RC_CG_HIER_INST1309 ( cg_icg__RC_CG_MOD_1309 ) 
     2 DSP_GEN[3].dispatcher_write_channel_B_channel_SLV_FIFO[0].fifo_WRESP_slv_cg_icg__RC_CG_HIER_INST1310 ( cg_icg__RC_CG_MOD_1310 ) 
     2 DSP_GEN[3].dispatcher_write_channel_B_channel_SLV_FIFO[1].fifo_WRESP_slv_cg_icg__RC_CG_HIER_INST1311 ( cg_icg__RC_CG_MOD_1311 ) 
     2 DSP_GEN[3].dispatcher_write_channel_B_channel_SLV_FIFO[1].fifo_WRESP_slv_cg_icg__RC_CG_HIER_INST1312 ( cg_icg__RC_CG_MOD_1312 ) 
     2 DSP_GEN[3].dispatcher_write_channel_B_channel_SLV_FIFO[1].fifo_WRESP_slv_cg_icg__RC_CG_HIER_INST1313 ( cg_icg__RC_CG_MOD_1313 ) 
     2 DSP_GEN[3].dispatcher_write_channel_B_channel_SLV_FIFO[1].fifo_WRESP_slv_cg_icg__RC_CG_HIER_INST1314 ( cg_icg__RC_CG_MOD_1314 ) 
     2 DSP_GEN[3].dispatcher_write_channel_B_channel_SLV_FIFO[1].fifo_WRESP_slv_cg_icg__RC_CG_HIER_INST1315 ( cg_icg__RC_CG_MOD_1315 ) 
     2 DSP_GEN[3].dispatcher_write_channel_B_channel_SLV_FIFO[1].fifo_WRESP_slv_cg_icg__RC_CG_HIER_INST1316 ( cg_icg__RC_CG_MOD_1316 ) 
     2 DSP_GEN[3].dispatcher_write_channel_B_channel_SLV_FIFO[2].fifo_WRESP_slv_cg_icg__RC_CG_HIER_INST1317 ( cg_icg__RC_CG_MOD_1317 ) 
     2 DSP_GEN[3].dispatcher_write_channel_B_channel_SLV_FIFO[2].fifo_WRESP_slv_cg_icg__RC_CG_HIER_INST1318 ( cg_icg__RC_CG_MOD_1318 ) 
     2 DSP_GEN[3].dispatcher_write_channel_B_channel_SLV_FIFO[2].fifo_WRESP_slv_cg_icg__RC_CG_HIER_INST1319 ( cg_icg__RC_CG_MOD_1319 ) 
     2 DSP_GEN[3].dispatcher_write_channel_B_channel_SLV_FIFO[2].fifo_WRESP_slv_cg_icg__RC_CG_HIER_INST1320 ( cg_icg__RC_CG_MOD_1320 ) 
     2 DSP_GEN[3].dispatcher_write_channel_B_channel_SLV_FIFO[2].fifo_WRESP_slv_cg_icg__RC_CG_HIER_INST1321 ( cg_icg__RC_CG_MOD_1321 ) 
     2 DSP_GEN[3].dispatcher_write_channel_B_channel_SLV_FIFO[2].fifo_WRESP_slv_cg_icg__RC_CG_HIER_INST1322 ( cg_icg__RC_CG_MOD_1322 ) 
     2 DSP_GEN[3].dispatcher_write_channel_B_channel_SLV_FIFO[3].fifo_WRESP_slv_cg_icg__RC_CG_HIER_INST1327 ( cg_icg__RC_CG_MOD_1327 ) 
     2 DSP_GEN[3].dispatcher_write_channel_B_channel_SLV_FIFO[3].fifo_WRESP_slv_cg_icg__RC_CG_HIER_INST1328 ( cg_icg__RC_CG_MOD_1328 ) 
     2 DSP_GEN[3].dispatcher_write_channel_B_channel_SLV_FIFO[4].fifo_WRESP_slv_cg_icg__RC_CG_HIER_INST1329 ( cg_icg__RC_CG_MOD_1329 ) 
     2 DSP_GEN[3].dispatcher_write_channel_B_channel_SLV_FIFO[4].fifo_WRESP_slv_cg_icg__RC_CG_HIER_INST1330 ( cg_icg__RC_CG_MOD_1330 ) 
     2 DSP_GEN[3].dispatcher_write_channel_B_channel_SLV_FIFO[4].fifo_WRESP_slv_cg_icg__RC_CG_HIER_INST1331 ( cg_icg__RC_CG_MOD_1331 ) 
     2 DSP_GEN[3].dispatcher_write_channel_B_channel_SLV_FIFO[4].fifo_WRESP_slv_cg_icg__RC_CG_HIER_INST1332 ( cg_icg__RC_CG_MOD_1332 ) 
     2 DSP_GEN[3].dispatcher_write_channel_B_channel_SLV_FIFO[4].fifo_WRESP_slv_cg_icg__RC_CG_HIER_INST1333 ( cg_icg__RC_CG_MOD_1333 ) 
     2 DSP_GEN[3].dispatcher_write_channel_B_channel_SLV_FIFO[4].fifo_WRESP_slv_cg_icg__RC_CG_HIER_INST1334 ( cg_icg__RC_CG_MOD_1334 ) 
     2 DSP_GEN[3].dispatcher_write_channel_B_channel_SLV_FIFO[5].fifo_WRESP_slv_cg_icg__RC_CG_HIER_INST1335 ( cg_icg__RC_CG_MOD_1335 ) 
     2 DSP_GEN[3].dispatcher_write_channel_B_channel_SLV_FIFO[5].fifo_WRESP_slv_cg_icg__RC_CG_HIER_INST1336 ( cg_icg__RC_CG_MOD_1336 ) 
     2 DSP_GEN[3].dispatcher_write_channel_B_channel_SLV_FIFO[5].fifo_WRESP_slv_cg_icg__RC_CG_HIER_INST1337 ( cg_icg__RC_CG_MOD_1337 ) 
     2 DSP_GEN[3].dispatcher_write_channel_B_channel_SLV_FIFO[5].fifo_WRESP_slv_cg_icg__RC_CG_HIER_INST1338 ( cg_icg__RC_CG_MOD_1338 ) 
     2 DSP_GEN[3].dispatcher_write_channel_B_channel_SLV_FIFO[5].fifo_WRESP_slv_cg_icg__RC_CG_HIER_INST1339 ( cg_icg__RC_CG_MOD_1339 ) 
     2 DSP_GEN[3].dispatcher_write_channel_B_channel_SLV_FIFO[5].fifo_WRESP_slv_cg_icg__RC_CG_HIER_INST1340 ( cg_icg__RC_CG_MOD_1340 ) 
     2 DSP_GEN[3].dispatcher_write_channel_B_channel_SLV_FIFO[6].fifo_WRESP_slv_cg_icg__RC_CG_HIER_INST1341 ( cg_icg__RC_CG_MOD_1341 ) 
     2 DSP_GEN[3].dispatcher_write_channel_B_channel_SLV_FIFO[6].fifo_WRESP_slv_cg_icg__RC_CG_HIER_INST1342 ( cg_icg__RC_CG_MOD_1342 ) 
     2 DSP_GEN[3].dispatcher_write_channel_B_channel_SLV_FIFO[6].fifo_WRESP_slv_cg_icg__RC_CG_HIER_INST1343 ( cg_icg__RC_CG_MOD_1343 ) 
     2 DSP_GEN[3].dispatcher_write_channel_B_channel_SLV_FIFO[6].fifo_WRESP_slv_cg_icg__RC_CG_HIER_INST1344 ( cg_icg__RC_CG_MOD_1344 ) 
     2 DSP_GEN[3].dispatcher_write_channel_B_channel_SLV_FIFO[6].fifo_WRESP_slv_cg_icg__RC_CG_HIER_INST1345 ( cg_icg__RC_CG_MOD_1345 ) 
     2 DSP_GEN[3].dispatcher_write_channel_B_channel_SLV_FIFO[6].fifo_WRESP_slv_cg_icg__RC_CG_HIER_INST1346 ( cg_icg__RC_CG_MOD_1346 ) 
     2 DSP_GEN[3].dispatcher_write_channel_B_channel_cg_icg__RC_CG_HIER_INST416 ( cg_icg__RC_CG_MOD_416 ) 
     2 DSP_GEN[3].dispatcher_write_channel_B_channel_fifo_slv_order_cg_icg__RC_CG_HIER_INST1433 ( cg_icg__RC_CG_MOD_1433 ) 
     2 DSP_GEN[3].dispatcher_write_channel_B_channel_fifo_slv_order_cg_icg__RC_CG_HIER_INST1434 ( cg_icg__RC_CG_MOD_1434 ) 
     2 DSP_GEN[3].dispatcher_write_channel_B_channel_fifo_slv_order_cg_icg__RC_CG_HIER_INST1435 ( cg_icg__RC_CG_MOD_1435 ) 
     2 DSP_GEN[3].dispatcher_write_channel_B_channel_fifo_slv_order_cg_icg__RC_CG_HIER_INST1436 ( cg_icg__RC_CG_MOD_1436 ) 
     2 DSP_GEN[3].dispatcher_write_channel_B_channel_fifo_slv_order_cg_icg__RC_CG_HIER_INST1437 ( cg_icg__RC_CG_MOD_1437 ) 
     2 DSP_GEN[3].dispatcher_write_channel_B_channel_fifo_slv_order_cg_icg__RC_CG_HIER_INST1438 ( cg_icg__RC_CG_MOD_1438 ) 
     2 DSP_GEN[3].dispatcher_write_channel_W_channel_mst_skid_buffer_cg_icg__RC_CG_HIER_INST674 ( cg_icg__RC_CG_MOD_674 ) 
     2 DSP_GEN[3].dispatcher_write_channel_W_channel_mst_skid_buffer_cg_icg__RC_CG_HIER_INST675 ( cg_icg__RC_CG_MOD_675 ) 
     2 SA_GEN[0].genblk1.slave_arbitration_AR_channel_MST_FIFO[0].fifo_Ax_channel_cg_icg__RC_CG_HIER_INST1627 ( cg_icg__RC_CG_MOD_1627 ) 
     2 SA_GEN[0].genblk1.slave_arbitration_AR_channel_MST_FIFO[0].fifo_Ax_channel_cg_icg__RC_CG_HIER_INST1628 ( cg_icg__RC_CG_MOD_1628 ) 
     2 SA_GEN[0].genblk1.slave_arbitration_AR_channel_MST_FIFO[0].fifo_Ax_channel_cg_icg__RC_CG_HIER_INST1629 ( cg_icg__RC_CG_MOD_1629 ) 
     2 SA_GEN[0].genblk1.slave_arbitration_AR_channel_MST_FIFO[0].fifo_Ax_channel_cg_icg__RC_CG_HIER_INST1630 ( cg_icg__RC_CG_MOD_1630 ) 
     2 SA_GEN[0].genblk1.slave_arbitration_AR_channel_MST_FIFO[0].fifo_Ax_channel_cg_icg__RC_CG_HIER_INST1631 ( cg_icg__RC_CG_MOD_1631 ) 
     2 SA_GEN[0].genblk1.slave_arbitration_AR_channel_MST_FIFO[0].fifo_Ax_channel_cg_icg__RC_CG_HIER_INST1632 ( cg_icg__RC_CG_MOD_1632 ) 
     2 SA_GEN[0].genblk1.slave_arbitration_AR_channel_MST_FIFO[1].fifo_Ax_channel_cg_icg__RC_CG_HIER_INST1685 ( cg_icg__RC_CG_MOD_1685 ) 
     2 SA_GEN[0].genblk1.slave_arbitration_AR_channel_MST_FIFO[1].fifo_Ax_channel_cg_icg__RC_CG_HIER_INST1686 ( cg_icg__RC_CG_MOD_1686 ) 
     2 SA_GEN[0].genblk1.slave_arbitration_AR_channel_MST_FIFO[1].fifo_Ax_channel_cg_icg__RC_CG_HIER_INST1687 ( cg_icg__RC_CG_MOD_1687 ) 
     2 SA_GEN[0].genblk1.slave_arbitration_AR_channel_MST_FIFO[1].fifo_Ax_channel_cg_icg__RC_CG_HIER_INST1688 ( cg_icg__RC_CG_MOD_1688 ) 
     2 SA_GEN[0].genblk1.slave_arbitration_AR_channel_MST_FIFO[1].fifo_Ax_channel_cg_icg__RC_CG_HIER_INST1689 ( cg_icg__RC_CG_MOD_1689 ) 
     2 SA_GEN[0].genblk1.slave_arbitration_AR_channel_MST_FIFO[1].fifo_Ax_channel_cg_icg__RC_CG_HIER_INST1690 ( cg_icg__RC_CG_MOD_1690 ) 
     2 SA_GEN[0].genblk1.slave_arbitration_AR_channel_MST_FIFO[2].fifo_Ax_channel_cg_icg__RC_CG_HIER_INST1727 ( cg_icg__RC_CG_MOD_1727 ) 
     2 SA_GEN[0].genblk1.slave_arbitration_AR_channel_MST_FIFO[2].fifo_Ax_channel_cg_icg__RC_CG_HIER_INST1728 ( cg_icg__RC_CG_MOD_1728 ) 
     2 SA_GEN[0].genblk1.slave_arbitration_AR_channel_MST_FIFO[2].fifo_Ax_channel_cg_icg__RC_CG_HIER_INST1729 ( cg_icg__RC_CG_MOD_1729 ) 
     2 SA_GEN[0].genblk1.slave_arbitration_AR_channel_MST_FIFO[2].fifo_Ax_channel_cg_icg__RC_CG_HIER_INST1730 ( cg_icg__RC_CG_MOD_1730 ) 
     2 SA_GEN[0].genblk1.slave_arbitration_AR_channel_MST_FIFO[2].fifo_Ax_channel_cg_icg__RC_CG_HIER_INST1731 ( cg_icg__RC_CG_MOD_1731 ) 
     2 SA_GEN[0].genblk1.slave_arbitration_AR_channel_MST_FIFO[2].fifo_Ax_channel_cg_icg__RC_CG_HIER_INST1732 ( cg_icg__RC_CG_MOD_1732 ) 
     2 SA_GEN[0].genblk1.slave_arbitration_AR_channel_MST_FIFO[3].fifo_Ax_channel_cg_icg__RC_CG_HIER_INST1733 ( cg_icg__RC_CG_MOD_1733 ) 
     2 SA_GEN[0].genblk1.slave_arbitration_AR_channel_MST_FIFO[3].fifo_Ax_channel_cg_icg__RC_CG_HIER_INST1734 ( cg_icg__RC_CG_MOD_1734 ) 
     2 SA_GEN[0].genblk1.slave_arbitration_AR_channel_MST_FIFO[3].fifo_Ax_channel_cg_icg__RC_CG_HIER_INST1735 ( cg_icg__RC_CG_MOD_1735 ) 
     2 SA_GEN[0].genblk1.slave_arbitration_AR_channel_MST_FIFO[3].fifo_Ax_channel_cg_icg__RC_CG_HIER_INST1736 ( cg_icg__RC_CG_MOD_1736 ) 
     2 SA_GEN[0].genblk1.slave_arbitration_AR_channel_MST_FIFO[3].fifo_Ax_channel_cg_icg__RC_CG_HIER_INST1737 ( cg_icg__RC_CG_MOD_1737 ) 
     2 SA_GEN[0].genblk1.slave_arbitration_AR_channel_MST_FIFO[3].fifo_Ax_channel_cg_icg__RC_CG_HIER_INST1738 ( cg_icg__RC_CG_MOD_1738 ) 
     2 SA_GEN[0].genblk1.slave_arbitration_AR_channel_arbiter_cg_icg__RC_CG_HIER_INST104 ( cg_icg__RC_CG_MOD_104 ) 
     2 SA_GEN[0].genblk1.slave_arbitration_AR_channel_arbiter_cg_icg__RC_CG_HIER_INST107 ( cg_icg__RC_CG_MOD_107 ) 
     2 SA_GEN[0].genblk1.slave_arbitration_AR_channel_cg_icg__RC_CG_HIER_INST512 ( cg_icg__RC_CG_MOD_512 ) 
     2 SA_GEN[0].genblk1.slave_arbitration_AR_channel_slv_skid_buffer_cg_icg__RC_CG_HIER_INST741 ( cg_icg__RC_CG_MOD_741 ) 
     2 SA_GEN[0].genblk1.slave_arbitration_AW_channel_MST_FIFO[1].fifo_Ax_channel_cg_icg__RC_CG_HIER_INST1445 ( cg_icg__RC_CG_MOD_1445 ) 
     2 SA_GEN[0].genblk1.slave_arbitration_AW_channel_MST_FIFO[1].fifo_Ax_channel_cg_icg__RC_CG_HIER_INST1446 ( cg_icg__RC_CG_MOD_1446 ) 
     2 SA_GEN[0].genblk1.slave_arbitration_AW_channel_MST_FIFO[2].fifo_Ax_channel_cg_icg__RC_CG_HIER_INST1507 ( cg_icg__RC_CG_MOD_1507 ) 
     2 SA_GEN[0].genblk1.slave_arbitration_AW_channel_MST_FIFO[2].fifo_Ax_channel_cg_icg__RC_CG_HIER_INST1508 ( cg_icg__RC_CG_MOD_1508 ) 
     2 SA_GEN[0].genblk1.slave_arbitration_AW_channel_MST_FIFO[3].fifo_Ax_channel_cg_icg__RC_CG_HIER_INST1565 ( cg_icg__RC_CG_MOD_1565 ) 
     2 SA_GEN[0].genblk1.slave_arbitration_AW_channel_MST_FIFO[3].fifo_Ax_channel_cg_icg__RC_CG_HIER_INST1566 ( cg_icg__RC_CG_MOD_1566 ) 
     2 SA_GEN[0].genblk1.slave_arbitration_AW_channel_MST_FIFO[3].fifo_Ax_channel_cg_icg__RC_CG_HIER_INST1567 ( cg_icg__RC_CG_MOD_1567 ) 
     2 SA_GEN[0].genblk1.slave_arbitration_AW_channel_MST_FIFO[3].fifo_Ax_channel_cg_icg__RC_CG_HIER_INST1568 ( cg_icg__RC_CG_MOD_1568 ) 
     2 SA_GEN[0].genblk1.slave_arbitration_AW_channel_MST_FIFO[3].fifo_Ax_channel_cg_icg__RC_CG_HIER_INST1569 ( cg_icg__RC_CG_MOD_1569 ) 
     2 SA_GEN[0].genblk1.slave_arbitration_AW_channel_MST_FIFO[3].fifo_Ax_channel_cg_icg__RC_CG_HIER_INST1570 ( cg_icg__RC_CG_MOD_1570 ) 
     2 SA_GEN[0].genblk1.slave_arbitration_AW_channel_arbiter_cg_icg__RC_CG_HIER_INST103 ( cg_icg__RC_CG_MOD_103 ) 
     2 SA_GEN[0].genblk1.slave_arbitration_AW_channel_cg_icg__RC_CG_HIER_INST509 ( cg_icg__RC_CG_MOD_509 ) 
     2 SA_GEN[0].genblk1.slave_arbitration_AW_channel_cg_icg__RC_CG_HIER_INST510 ( cg_icg__RC_CG_MOD_510 ) 
     2 SA_GEN[0].genblk1.slave_arbitration_AW_channel_cg_icg__RC_CG_HIER_INST511 ( cg_icg__RC_CG_MOD_511 ) 
     2 SA_GEN[0].genblk1.slave_arbitration_B_channel ( sa_B_channel_MST_AMT4_OUTSTANDING_AMT4_MST_ID_W2_TRANS_MST_ID_W5_TRANS_SLV_ID_W7_TRANS_WR_RESP_W2 ) 
        3 fifo_wresp_filter_cg_icg__RC_CG_HIER_INST1373 ( cg_icg__RC_CG_MOD_1373 ) 
        3 fifo_wresp_filter_cg_icg__RC_CG_HIER_INST1374 ( cg_icg__RC_CG_MOD_1374 ) 
        3 fifo_wresp_filter_cg_icg__RC_CG_HIER_INST1375 ( cg_icg__RC_CG_MOD_1375 ) 
        3 fifo_wresp_filter_cg_icg__RC_CG_HIER_INST1376 ( cg_icg__RC_CG_MOD_1376 ) 
        3 fifo_wresp_filter_cg_icg__RC_CG_HIER_INST1377 ( cg_icg__RC_CG_MOD_1377 ) 
        3 fifo_wresp_filter_cg_icg__RC_CG_HIER_INST1378 ( cg_icg__RC_CG_MOD_1378 ) 
        3 slv_skid_buffer_cg_icg__RC_CG_HIER_INST718 ( cg_icg__RC_CG_MOD_718 ) 
        3 slv_skid_buffer_cg_icg__RC_CG_HIER_INST719 ( cg_icg__RC_CG_MOD_719 ) 
     2 SA_GEN[0].genblk1.slave_arbitration_R_channel ( sa_R_channel_MST_AMT4_OUTSTANDING_AMT4_MST_ID_W2_DATA_WIDTH32_ADDR_WIDTH32_TRANS_MST_ID_W5_TRANS_SLV_ID_W7_DSP_RID_W5 ) 
        3 cg_icg__RC_CG_HIER_INST539 ( cg_icg__RC_CG_MOD_539 ) 
        3 cg_icg__RC_CG_HIER_INST540 ( cg_icg__RC_CG_MOD_540 ) 
        3 cg_icg__RC_CG_HIER_INST541 ( cg_icg__RC_CG_MOD_541 ) 
        3 cg_icg__RC_CG_HIER_INST542 ( cg_icg__RC_CG_MOD_542 ) 
        3 cg_icg__RC_CG_HIER_INST543 ( cg_icg__RC_CG_MOD_543 ) 
        3 cg_icg__RC_CG_HIER_INST544 ( cg_icg__RC_CG_MOD_544 ) 
        3 cg_icg__RC_CG_HIER_INST545 ( cg_icg__RC_CG_MOD_545 ) 
        3 cg_icg__RC_CG_HIER_INST546 ( cg_icg__RC_CG_MOD_546 ) 
        3 cg_icg__RC_CG_HIER_INST547 ( cg_icg__RC_CG_MOD_547 ) 
        3 cg_icg__RC_CG_HIER_INST548 ( cg_icg__RC_CG_MOD_548 ) 
        3 cg_icg__RC_CG_HIER_INST549 ( cg_icg__RC_CG_MOD_549 ) 
        3 cg_icg__RC_CG_HIER_INST550 ( cg_icg__RC_CG_MOD_550 ) 
        3 cg_icg__RC_CG_HIER_INST551 ( cg_icg__RC_CG_MOD_551 ) 
        3 cg_icg__RC_CG_HIER_INST552 ( cg_icg__RC_CG_MOD_552 ) 
        3 cg_icg__RC_CG_HIER_INST553 ( cg_icg__RC_CG_MOD_553 ) 
        3 cg_icg__RC_CG_HIER_INST554 ( cg_icg__RC_CG_MOD_554 ) 
        3 cg_icg__RC_CG_HIER_INST555 ( cg_icg__RC_CG_MOD_555 ) 
        3 dsp_skid_buffer_cg_icg__RC_CG_HIER_INST678 ( cg_icg__RC_CG_MOD_678 ) 
        3 dsp_skid_buffer_cg_icg__RC_CG_HIER_INST679 ( cg_icg__RC_CG_MOD_679 ) 
        3 slv_skid_buffer_cg_icg__RC_CG_HIER_INST676 ( cg_icg__RC_CG_MOD_676 ) 
        3 slv_skid_buffer_cg_icg__RC_CG_HIER_INST677 ( cg_icg__RC_CG_MOD_677 ) 
     2 SA_GEN[0].genblk1.slave_arbitration_W_channel_cg_icg__RC_CG_HIER_INST658 ( cg_icg__RC_CG_MOD_658 ) 
     2 SA_GEN[0].genblk1.slave_arbitration_W_channel_fifo_wdata_order_cg_icg__RC_CG_HIER_INST979 ( cg_icg__RC_CG_MOD_979 ) 
     2 SA_GEN[0].genblk1.slave_arbitration_W_channel_fifo_wdata_order_cg_icg__RC_CG_HIER_INST980 ( cg_icg__RC_CG_MOD_980 ) 
     2 SA_GEN[0].genblk1.slave_arbitration_W_channel_fifo_wdata_order_cg_icg__RC_CG_HIER_INST981 ( cg_icg__RC_CG_MOD_981 ) 
     2 SA_GEN[0].genblk1.slave_arbitration_W_channel_fifo_wdata_order_cg_icg__RC_CG_HIER_INST982 ( cg_icg__RC_CG_MOD_982 ) 
     2 SA_GEN[0].genblk1.slave_arbitration_W_channel_fifo_wdata_order_cg_icg__RC_CG_HIER_INST983 ( cg_icg__RC_CG_MOD_983 ) 
     2 SA_GEN[0].genblk1.slave_arbitration_W_channel_fifo_wdata_order_cg_icg__RC_CG_HIER_INST984 ( cg_icg__RC_CG_MOD_984 ) 
     2 SA_GEN[1].genblk1.slave_arbitration_AR_channel_MST_FIFO[0].fifo_Ax_channel_cg_icg__RC_CG_HIER_INST1459 ( cg_icg__RC_CG_MOD_1459 ) 
     2 SA_GEN[1].genblk1.slave_arbitration_AR_channel_MST_FIFO[0].fifo_Ax_channel_cg_icg__RC_CG_HIER_INST1460 ( cg_icg__RC_CG_MOD_1460 ) 
     2 SA_GEN[1].genblk1.slave_arbitration_AR_channel_MST_FIFO[0].fifo_Ax_channel_cg_icg__RC_CG_HIER_INST1461 ( cg_icg__RC_CG_MOD_1461 ) 
     2 SA_GEN[1].genblk1.slave_arbitration_AR_channel_MST_FIFO[0].fifo_Ax_channel_cg_icg__RC_CG_HIER_INST1462 ( cg_icg__RC_CG_MOD_1462 ) 
     2 SA_GEN[1].genblk1.slave_arbitration_AR_channel_MST_FIFO[0].fifo_Ax_channel_cg_icg__RC_CG_HIER_INST1463 ( cg_icg__RC_CG_MOD_1463 ) 
     2 SA_GEN[1].genblk1.slave_arbitration_AR_channel_MST_FIFO[0].fifo_Ax_channel_cg_icg__RC_CG_HIER_INST1464 ( cg_icg__RC_CG_MOD_1464 ) 
     2 SA_GEN[1].genblk1.slave_arbitration_AR_channel_MST_FIFO[1].fifo_Ax_channel_cg_icg__RC_CG_HIER_INST1465 ( cg_icg__RC_CG_MOD_1465 ) 
     2 SA_GEN[1].genblk1.slave_arbitration_AR_channel_MST_FIFO[1].fifo_Ax_channel_cg_icg__RC_CG_HIER_INST1466 ( cg_icg__RC_CG_MOD_1466 ) 
     2 SA_GEN[1].genblk1.slave_arbitration_AR_channel_MST_FIFO[1].fifo_Ax_channel_cg_icg__RC_CG_HIER_INST1467 ( cg_icg__RC_CG_MOD_1467 ) 
     2 SA_GEN[1].genblk1.slave_arbitration_AR_channel_MST_FIFO[1].fifo_Ax_channel_cg_icg__RC_CG_HIER_INST1468 ( cg_icg__RC_CG_MOD_1468 ) 
     2 SA_GEN[1].genblk1.slave_arbitration_AR_channel_MST_FIFO[1].fifo_Ax_channel_cg_icg__RC_CG_HIER_INST1469 ( cg_icg__RC_CG_MOD_1469 ) 
     2 SA_GEN[1].genblk1.slave_arbitration_AR_channel_MST_FIFO[1].fifo_Ax_channel_cg_icg__RC_CG_HIER_INST1470 ( cg_icg__RC_CG_MOD_1470 ) 
     2 SA_GEN[1].genblk1.slave_arbitration_AR_channel_MST_FIFO[2].fifo_Ax_channel_cg_icg__RC_CG_HIER_INST1471 ( cg_icg__RC_CG_MOD_1471 ) 
     2 SA_GEN[1].genblk1.slave_arbitration_AR_channel_MST_FIFO[2].fifo_Ax_channel_cg_icg__RC_CG_HIER_INST1472 ( cg_icg__RC_CG_MOD_1472 ) 
     2 SA_GEN[1].genblk1.slave_arbitration_AR_channel_MST_FIFO[2].fifo_Ax_channel_cg_icg__RC_CG_HIER_INST1473 ( cg_icg__RC_CG_MOD_1473 ) 
     2 SA_GEN[1].genblk1.slave_arbitration_AR_channel_MST_FIFO[2].fifo_Ax_channel_cg_icg__RC_CG_HIER_INST1474 ( cg_icg__RC_CG_MOD_1474 ) 
     2 SA_GEN[1].genblk1.slave_arbitration_AR_channel_MST_FIFO[2].fifo_Ax_channel_cg_icg__RC_CG_HIER_INST1475 ( cg_icg__RC_CG_MOD_1475 ) 
     2 SA_GEN[1].genblk1.slave_arbitration_AR_channel_MST_FIFO[2].fifo_Ax_channel_cg_icg__RC_CG_HIER_INST1476 ( cg_icg__RC_CG_MOD_1476 ) 
     2 SA_GEN[1].genblk1.slave_arbitration_AR_channel_MST_FIFO[3].fifo_Ax_channel_cg_icg__RC_CG_HIER_INST1477 ( cg_icg__RC_CG_MOD_1477 ) 
     2 SA_GEN[1].genblk1.slave_arbitration_AR_channel_MST_FIFO[3].fifo_Ax_channel_cg_icg__RC_CG_HIER_INST1478 ( cg_icg__RC_CG_MOD_1478 ) 
     2 SA_GEN[1].genblk1.slave_arbitration_AR_channel_MST_FIFO[3].fifo_Ax_channel_cg_icg__RC_CG_HIER_INST1479 ( cg_icg__RC_CG_MOD_1479 ) 
     2 SA_GEN[1].genblk1.slave_arbitration_AR_channel_MST_FIFO[3].fifo_Ax_channel_cg_icg__RC_CG_HIER_INST1480 ( cg_icg__RC_CG_MOD_1480 ) 
     2 SA_GEN[1].genblk1.slave_arbitration_AR_channel_MST_FIFO[3].fifo_Ax_channel_cg_icg__RC_CG_HIER_INST1481 ( cg_icg__RC_CG_MOD_1481 ) 
     2 SA_GEN[1].genblk1.slave_arbitration_AR_channel_MST_FIFO[3].fifo_Ax_channel_cg_icg__RC_CG_HIER_INST1482 ( cg_icg__RC_CG_MOD_1482 ) 
     2 SA_GEN[1].genblk1.slave_arbitration_AR_channel_arbiter ( arbiter_iwrr_1cycle_P_REQUESTER_NUM4_P_REQUESTER_WEIGHTx00000005000000040000000300000001_P_NUM_GRANT_REQ_W1_3 ) 
        3 cg_icg__RC_CG_HIER_INST128 ( cg_icg__RC_CG_MOD_128 ) 
        3 cg_icg__RC_CG_HIER_INST131 ( cg_icg__RC_CG_MOD_131 ) 
     2 SA_GEN[1].genblk1.slave_arbitration_AR_channel_cg_icg__RC_CG_HIER_INST516 ( cg_icg__RC_CG_MOD_516 ) 
     2 SA_GEN[1].genblk1.slave_arbitration_AR_channel_slv_skid_buffer_cg_icg__RC_CG_HIER_INST747 ( cg_icg__RC_CG_MOD_747 ) 
     2 SA_GEN[1].genblk1.slave_arbitration_AW_channel_MST_FIFO[1].fifo_Ax_channel_cg_icg__RC_CG_HIER_INST1741 ( cg_icg__RC_CG_MOD_1741 ) 
     2 SA_GEN[1].genblk1.slave_arbitration_AW_channel_MST_FIFO[1].fifo_Ax_channel_cg_icg__RC_CG_HIER_INST1742 ( cg_icg__RC_CG_MOD_1742 ) 
     2 SA_GEN[1].genblk1.slave_arbitration_AW_channel_MST_FIFO[1].fifo_Ax_channel_cg_icg__RC_CG_HIER_INST1743 ( cg_icg__RC_CG_MOD_1743 ) 
     2 SA_GEN[1].genblk1.slave_arbitration_AW_channel_MST_FIFO[1].fifo_Ax_channel_cg_icg__RC_CG_HIER_INST1744 ( cg_icg__RC_CG_MOD_1744 ) 
     2 SA_GEN[1].genblk1.slave_arbitration_AW_channel_MST_FIFO[1].fifo_Ax_channel_cg_icg__RC_CG_HIER_INST1745 ( cg_icg__RC_CG_MOD_1745 ) 
     2 SA_GEN[1].genblk1.slave_arbitration_AW_channel_MST_FIFO[1].fifo_Ax_channel_cg_icg__RC_CG_HIER_INST1746 ( cg_icg__RC_CG_MOD_1746 ) 
     2 SA_GEN[1].genblk1.slave_arbitration_AW_channel_MST_FIFO[2].fifo_Ax_channel_cg_icg__RC_CG_HIER_INST1447 ( cg_icg__RC_CG_MOD_1447 ) 
     2 SA_GEN[1].genblk1.slave_arbitration_AW_channel_MST_FIFO[2].fifo_Ax_channel_cg_icg__RC_CG_HIER_INST1448 ( cg_icg__RC_CG_MOD_1448 ) 
     2 SA_GEN[1].genblk1.slave_arbitration_AW_channel_MST_FIFO[2].fifo_Ax_channel_cg_icg__RC_CG_HIER_INST1449 ( cg_icg__RC_CG_MOD_1449 ) 
     2 SA_GEN[1].genblk1.slave_arbitration_AW_channel_MST_FIFO[2].fifo_Ax_channel_cg_icg__RC_CG_HIER_INST1450 ( cg_icg__RC_CG_MOD_1450 ) 
     2 SA_GEN[1].genblk1.slave_arbitration_AW_channel_MST_FIFO[2].fifo_Ax_channel_cg_icg__RC_CG_HIER_INST1451 ( cg_icg__RC_CG_MOD_1451 ) 
     2 SA_GEN[1].genblk1.slave_arbitration_AW_channel_MST_FIFO[2].fifo_Ax_channel_cg_icg__RC_CG_HIER_INST1452 ( cg_icg__RC_CG_MOD_1452 ) 
     2 SA_GEN[1].genblk1.slave_arbitration_AW_channel_MST_FIFO[3].fifo_Ax_channel_cg_icg__RC_CG_HIER_INST1453 ( cg_icg__RC_CG_MOD_1453 ) 
     2 SA_GEN[1].genblk1.slave_arbitration_AW_channel_MST_FIFO[3].fifo_Ax_channel_cg_icg__RC_CG_HIER_INST1454 ( cg_icg__RC_CG_MOD_1454 ) 
     2 SA_GEN[1].genblk1.slave_arbitration_AW_channel_MST_FIFO[3].fifo_Ax_channel_cg_icg__RC_CG_HIER_INST1455 ( cg_icg__RC_CG_MOD_1455 ) 
     2 SA_GEN[1].genblk1.slave_arbitration_AW_channel_MST_FIFO[3].fifo_Ax_channel_cg_icg__RC_CG_HIER_INST1456 ( cg_icg__RC_CG_MOD_1456 ) 
     2 SA_GEN[1].genblk1.slave_arbitration_AW_channel_MST_FIFO[3].fifo_Ax_channel_cg_icg__RC_CG_HIER_INST1457 ( cg_icg__RC_CG_MOD_1457 ) 
     2 SA_GEN[1].genblk1.slave_arbitration_AW_channel_MST_FIFO[3].fifo_Ax_channel_cg_icg__RC_CG_HIER_INST1458 ( cg_icg__RC_CG_MOD_1458 ) 
     2 SA_GEN[1].genblk1.slave_arbitration_AW_channel_arbiter_cg_icg__RC_CG_HIER_INST127 ( cg_icg__RC_CG_MOD_127 ) 
     2 SA_GEN[1].genblk1.slave_arbitration_AW_channel_cg_icg__RC_CG_HIER_INST514 ( cg_icg__RC_CG_MOD_514 ) 
     2 SA_GEN[1].genblk1.slave_arbitration_AW_channel_cg_icg__RC_CG_HIER_INST515 ( cg_icg__RC_CG_MOD_515 ) 
     2 SA_GEN[1].genblk1.slave_arbitration_AW_channel_slv_skid_buffer_cg_icg__RC_CG_HIER_INST746 ( cg_icg__RC_CG_MOD_746 ) 
     2 SA_GEN[1].genblk1.slave_arbitration_B_channel ( sa_B_channel_MST_AMT4_OUTSTANDING_AMT4_MST_ID_W2_TRANS_MST_ID_W5_TRANS_SLV_ID_W7_TRANS_WR_RESP_W2_1 ) 
        3 fifo_wresp_filter_cg_icg__RC_CG_HIER_INST1379 ( cg_icg__RC_CG_MOD_1379 ) 
        3 fifo_wresp_filter_cg_icg__RC_CG_HIER_INST1380 ( cg_icg__RC_CG_MOD_1380 ) 
        3 fifo_wresp_filter_cg_icg__RC_CG_HIER_INST1381 ( cg_icg__RC_CG_MOD_1381 ) 
        3 fifo_wresp_filter_cg_icg__RC_CG_HIER_INST1382 ( cg_icg__RC_CG_MOD_1382 ) 
        3 fifo_wresp_filter_cg_icg__RC_CG_HIER_INST1383 ( cg_icg__RC_CG_MOD_1383 ) 
        3 fifo_wresp_filter_cg_icg__RC_CG_HIER_INST1384 ( cg_icg__RC_CG_MOD_1384 ) 
        3 slv_skid_buffer_cg_icg__RC_CG_HIER_INST720 ( cg_icg__RC_CG_MOD_720 ) 
        3 slv_skid_buffer_cg_icg__RC_CG_HIER_INST721 ( cg_icg__RC_CG_MOD_721 ) 
     2 SA_GEN[1].genblk1.slave_arbitration_R_channel ( sa_R_channel_MST_AMT4_OUTSTANDING_AMT4_MST_ID_W2_DATA_WIDTH32_ADDR_WIDTH32_TRANS_MST_ID_W5_TRANS_SLV_ID_W7_DSP_RID_W5_1 ) 
        3 cg_icg__RC_CG_HIER_INST556 ( cg_icg__RC_CG_MOD_556 ) 
        3 cg_icg__RC_CG_HIER_INST557 ( cg_icg__RC_CG_MOD_557 ) 
        3 cg_icg__RC_CG_HIER_INST558 ( cg_icg__RC_CG_MOD_558 ) 
        3 cg_icg__RC_CG_HIER_INST559 ( cg_icg__RC_CG_MOD_559 ) 
        3 cg_icg__RC_CG_HIER_INST560 ( cg_icg__RC_CG_MOD_560 ) 
        3 cg_icg__RC_CG_HIER_INST561 ( cg_icg__RC_CG_MOD_561 ) 
        3 cg_icg__RC_CG_HIER_INST562 ( cg_icg__RC_CG_MOD_562 ) 
        3 cg_icg__RC_CG_HIER_INST563 ( cg_icg__RC_CG_MOD_563 ) 
        3 cg_icg__RC_CG_HIER_INST564 ( cg_icg__RC_CG_MOD_564 ) 
        3 cg_icg__RC_CG_HIER_INST565 ( cg_icg__RC_CG_MOD_565 ) 
        3 cg_icg__RC_CG_HIER_INST566 ( cg_icg__RC_CG_MOD_566 ) 
        3 cg_icg__RC_CG_HIER_INST567 ( cg_icg__RC_CG_MOD_567 ) 
        3 cg_icg__RC_CG_HIER_INST568 ( cg_icg__RC_CG_MOD_568 ) 
        3 cg_icg__RC_CG_HIER_INST569 ( cg_icg__RC_CG_MOD_569 ) 
        3 cg_icg__RC_CG_HIER_INST570 ( cg_icg__RC_CG_MOD_570 ) 
        3 cg_icg__RC_CG_HIER_INST571 ( cg_icg__RC_CG_MOD_571 ) 
        3 cg_icg__RC_CG_HIER_INST572 ( cg_icg__RC_CG_MOD_572 ) 
        3 dsp_skid_buffer_cg_icg__RC_CG_HIER_INST690 ( cg_icg__RC_CG_MOD_690 ) 
        3 dsp_skid_buffer_cg_icg__RC_CG_HIER_INST691 ( cg_icg__RC_CG_MOD_691 ) 
        3 slv_skid_buffer_cg_icg__RC_CG_HIER_INST688 ( cg_icg__RC_CG_MOD_688 ) 
        3 slv_skid_buffer_cg_icg__RC_CG_HIER_INST689 ( cg_icg__RC_CG_MOD_689 ) 
     2 SA_GEN[1].genblk1.slave_arbitration_W_channel_MST_W_FIFO[0].fifo_wdata_cg_icg__RC_CG_HIER_INST1081 ( cg_icg__RC_CG_MOD_1081 ) 
     2 SA_GEN[1].genblk1.slave_arbitration_W_channel_MST_W_FIFO[1].fifo_wdata_cg_icg__RC_CG_HIER_INST1083 ( cg_icg__RC_CG_MOD_1083 ) 
     2 SA_GEN[1].genblk1.slave_arbitration_W_channel_MST_W_FIFO[1].fifo_wdata_cg_icg__RC_CG_HIER_INST1084 ( cg_icg__RC_CG_MOD_1084 ) 
     2 SA_GEN[1].genblk1.slave_arbitration_W_channel_MST_W_FIFO[1].fifo_wdata_cg_icg__RC_CG_HIER_INST1085 ( cg_icg__RC_CG_MOD_1085 ) 
     2 SA_GEN[1].genblk1.slave_arbitration_W_channel_MST_W_FIFO[1].fifo_wdata_cg_icg__RC_CG_HIER_INST1086 ( cg_icg__RC_CG_MOD_1086 ) 
     2 SA_GEN[1].genblk1.slave_arbitration_W_channel_MST_W_FIFO[1].fifo_wdata_cg_icg__RC_CG_HIER_INST1087 ( cg_icg__RC_CG_MOD_1087 ) 
     2 SA_GEN[1].genblk1.slave_arbitration_W_channel_MST_W_FIFO[1].fifo_wdata_cg_icg__RC_CG_HIER_INST1088 ( cg_icg__RC_CG_MOD_1088 ) 
     2 SA_GEN[1].genblk1.slave_arbitration_W_channel_MST_W_FIFO[1].fifo_wdata_cg_icg__RC_CG_HIER_INST1089 ( cg_icg__RC_CG_MOD_1089 ) 
     2 SA_GEN[1].genblk1.slave_arbitration_W_channel_MST_W_FIFO[1].fifo_wdata_cg_icg__RC_CG_HIER_INST1090 ( cg_icg__RC_CG_MOD_1090 ) 
     2 SA_GEN[1].genblk1.slave_arbitration_W_channel_MST_W_FIFO[1].fifo_wdata_cg_icg__RC_CG_HIER_INST1091 ( cg_icg__RC_CG_MOD_1091 ) 
     2 SA_GEN[1].genblk1.slave_arbitration_W_channel_MST_W_FIFO[1].fifo_wdata_cg_icg__RC_CG_HIER_INST1092 ( cg_icg__RC_CG_MOD_1092 ) 
     2 SA_GEN[1].genblk1.slave_arbitration_W_channel_MST_W_FIFO[2].fifo_wdata_cg_icg__RC_CG_HIER_INST1113 ( cg_icg__RC_CG_MOD_1113 ) 
     2 SA_GEN[1].genblk1.slave_arbitration_W_channel_MST_W_FIFO[2].fifo_wdata_cg_icg__RC_CG_HIER_INST1114 ( cg_icg__RC_CG_MOD_1114 ) 
     2 SA_GEN[1].genblk1.slave_arbitration_W_channel_MST_W_FIFO[2].fifo_wdata_cg_icg__RC_CG_HIER_INST1115 ( cg_icg__RC_CG_MOD_1115 ) 
     2 SA_GEN[1].genblk1.slave_arbitration_W_channel_MST_W_FIFO[2].fifo_wdata_cg_icg__RC_CG_HIER_INST1116 ( cg_icg__RC_CG_MOD_1116 ) 
     2 SA_GEN[1].genblk1.slave_arbitration_W_channel_MST_W_FIFO[2].fifo_wdata_cg_icg__RC_CG_HIER_INST1117 ( cg_icg__RC_CG_MOD_1117 ) 
     2 SA_GEN[1].genblk1.slave_arbitration_W_channel_MST_W_FIFO[2].fifo_wdata_cg_icg__RC_CG_HIER_INST1118 ( cg_icg__RC_CG_MOD_1118 ) 
     2 SA_GEN[1].genblk1.slave_arbitration_W_channel_MST_W_FIFO[2].fifo_wdata_cg_icg__RC_CG_HIER_INST1119 ( cg_icg__RC_CG_MOD_1119 ) 
     2 SA_GEN[1].genblk1.slave_arbitration_W_channel_MST_W_FIFO[2].fifo_wdata_cg_icg__RC_CG_HIER_INST1120 ( cg_icg__RC_CG_MOD_1120 ) 
     2 SA_GEN[1].genblk1.slave_arbitration_W_channel_MST_W_FIFO[2].fifo_wdata_cg_icg__RC_CG_HIER_INST1121 ( cg_icg__RC_CG_MOD_1121 ) 
     2 SA_GEN[1].genblk1.slave_arbitration_W_channel_MST_W_FIFO[2].fifo_wdata_cg_icg__RC_CG_HIER_INST1122 ( cg_icg__RC_CG_MOD_1122 ) 
     2 SA_GEN[1].genblk1.slave_arbitration_W_channel_MST_W_FIFO[3].fifo_wdata_cg_icg__RC_CG_HIER_INST1123 ( cg_icg__RC_CG_MOD_1123 ) 
     2 SA_GEN[1].genblk1.slave_arbitration_W_channel_MST_W_FIFO[3].fifo_wdata_cg_icg__RC_CG_HIER_INST1124 ( cg_icg__RC_CG_MOD_1124 ) 
     2 SA_GEN[1].genblk1.slave_arbitration_W_channel_MST_W_FIFO[3].fifo_wdata_cg_icg__RC_CG_HIER_INST1125 ( cg_icg__RC_CG_MOD_1125 ) 
     2 SA_GEN[1].genblk1.slave_arbitration_W_channel_MST_W_FIFO[3].fifo_wdata_cg_icg__RC_CG_HIER_INST1126 ( cg_icg__RC_CG_MOD_1126 ) 
     2 SA_GEN[1].genblk1.slave_arbitration_W_channel_MST_W_FIFO[3].fifo_wdata_cg_icg__RC_CG_HIER_INST1127 ( cg_icg__RC_CG_MOD_1127 ) 
     2 SA_GEN[1].genblk1.slave_arbitration_W_channel_MST_W_FIFO[3].fifo_wdata_cg_icg__RC_CG_HIER_INST1128 ( cg_icg__RC_CG_MOD_1128 ) 
     2 SA_GEN[1].genblk1.slave_arbitration_W_channel_MST_W_FIFO[3].fifo_wdata_cg_icg__RC_CG_HIER_INST1129 ( cg_icg__RC_CG_MOD_1129 ) 
     2 SA_GEN[1].genblk1.slave_arbitration_W_channel_MST_W_FIFO[3].fifo_wdata_cg_icg__RC_CG_HIER_INST1130 ( cg_icg__RC_CG_MOD_1130 ) 
     2 SA_GEN[1].genblk1.slave_arbitration_W_channel_MST_W_FIFO[3].fifo_wdata_cg_icg__RC_CG_HIER_INST1131 ( cg_icg__RC_CG_MOD_1131 ) 
     2 SA_GEN[1].genblk1.slave_arbitration_W_channel_MST_W_FIFO[3].fifo_wdata_cg_icg__RC_CG_HIER_INST1132 ( cg_icg__RC_CG_MOD_1132 ) 
     2 SA_GEN[1].genblk1.slave_arbitration_W_channel_cg_icg__RC_CG_HIER_INST664 ( cg_icg__RC_CG_MOD_664 ) 
     2 SA_GEN[1].genblk1.slave_arbitration_W_channel_cg_icg__RC_CG_HIER_INST665 ( cg_icg__RC_CG_MOD_665 ) 
     2 SA_GEN[1].genblk1.slave_arbitration_W_channel_fifo_wdata_order_cg_icg__RC_CG_HIER_INST985 ( cg_icg__RC_CG_MOD_985 ) 
     2 SA_GEN[1].genblk1.slave_arbitration_W_channel_fifo_wdata_order_cg_icg__RC_CG_HIER_INST986 ( cg_icg__RC_CG_MOD_986 ) 
     2 SA_GEN[1].genblk1.slave_arbitration_W_channel_fifo_wdata_order_cg_icg__RC_CG_HIER_INST987 ( cg_icg__RC_CG_MOD_987 ) 
     2 SA_GEN[1].genblk1.slave_arbitration_W_channel_fifo_wdata_order_cg_icg__RC_CG_HIER_INST988 ( cg_icg__RC_CG_MOD_988 ) 
     2 SA_GEN[1].genblk1.slave_arbitration_W_channel_fifo_wdata_order_cg_icg__RC_CG_HIER_INST989 ( cg_icg__RC_CG_MOD_989 ) 
     2 SA_GEN[1].genblk1.slave_arbitration_W_channel_fifo_wdata_order_cg_icg__RC_CG_HIER_INST990 ( cg_icg__RC_CG_MOD_990 ) 
     2 SA_GEN[1].genblk1.slave_arbitration_W_channel_slv_skid_buffer_cg_icg__RC_CG_HIER_INST732 ( cg_icg__RC_CG_MOD_732 ) 
     2 SA_GEN[2].genblk1.slave_arbitration_AR_channel_MST_FIFO[0].fifo_Ax_channel_cg_icg__RC_CG_HIER_INST1509 ( cg_icg__RC_CG_MOD_1509 ) 
     2 SA_GEN[2].genblk1.slave_arbitration_AR_channel_MST_FIFO[0].fifo_Ax_channel_cg_icg__RC_CG_HIER_INST1510 ( cg_icg__RC_CG_MOD_1510 ) 
     2 SA_GEN[2].genblk1.slave_arbitration_AR_channel_MST_FIFO[0].fifo_Ax_channel_cg_icg__RC_CG_HIER_INST1511 ( cg_icg__RC_CG_MOD_1511 ) 
     2 SA_GEN[2].genblk1.slave_arbitration_AR_channel_MST_FIFO[0].fifo_Ax_channel_cg_icg__RC_CG_HIER_INST1512 ( cg_icg__RC_CG_MOD_1512 ) 
     2 SA_GEN[2].genblk1.slave_arbitration_AR_channel_MST_FIFO[0].fifo_Ax_channel_cg_icg__RC_CG_HIER_INST1513 ( cg_icg__RC_CG_MOD_1513 ) 
     2 SA_GEN[2].genblk1.slave_arbitration_AR_channel_MST_FIFO[0].fifo_Ax_channel_cg_icg__RC_CG_HIER_INST1514 ( cg_icg__RC_CG_MOD_1514 ) 
     2 SA_GEN[2].genblk1.slave_arbitration_AR_channel_MST_FIFO[1].fifo_Ax_channel_cg_icg__RC_CG_HIER_INST1515 ( cg_icg__RC_CG_MOD_1515 ) 
     2 SA_GEN[2].genblk1.slave_arbitration_AR_channel_MST_FIFO[1].fifo_Ax_channel_cg_icg__RC_CG_HIER_INST1516 ( cg_icg__RC_CG_MOD_1516 ) 
     2 SA_GEN[2].genblk1.slave_arbitration_AR_channel_MST_FIFO[1].fifo_Ax_channel_cg_icg__RC_CG_HIER_INST1517 ( cg_icg__RC_CG_MOD_1517 ) 
     2 SA_GEN[2].genblk1.slave_arbitration_AR_channel_MST_FIFO[1].fifo_Ax_channel_cg_icg__RC_CG_HIER_INST1518 ( cg_icg__RC_CG_MOD_1518 ) 
     2 SA_GEN[2].genblk1.slave_arbitration_AR_channel_MST_FIFO[1].fifo_Ax_channel_cg_icg__RC_CG_HIER_INST1519 ( cg_icg__RC_CG_MOD_1519 ) 
     2 SA_GEN[2].genblk1.slave_arbitration_AR_channel_MST_FIFO[1].fifo_Ax_channel_cg_icg__RC_CG_HIER_INST1520 ( cg_icg__RC_CG_MOD_1520 ) 
     2 SA_GEN[2].genblk1.slave_arbitration_AR_channel_MST_FIFO[2].fifo_Ax_channel_cg_icg__RC_CG_HIER_INST1521 ( cg_icg__RC_CG_MOD_1521 ) 
     2 SA_GEN[2].genblk1.slave_arbitration_AR_channel_MST_FIFO[2].fifo_Ax_channel_cg_icg__RC_CG_HIER_INST1522 ( cg_icg__RC_CG_MOD_1522 ) 
     2 SA_GEN[2].genblk1.slave_arbitration_AR_channel_MST_FIFO[2].fifo_Ax_channel_cg_icg__RC_CG_HIER_INST1523 ( cg_icg__RC_CG_MOD_1523 ) 
     2 SA_GEN[2].genblk1.slave_arbitration_AR_channel_MST_FIFO[2].fifo_Ax_channel_cg_icg__RC_CG_HIER_INST1524 ( cg_icg__RC_CG_MOD_1524 ) 
     2 SA_GEN[2].genblk1.slave_arbitration_AR_channel_MST_FIFO[2].fifo_Ax_channel_cg_icg__RC_CG_HIER_INST1525 ( cg_icg__RC_CG_MOD_1525 ) 
     2 SA_GEN[2].genblk1.slave_arbitration_AR_channel_MST_FIFO[2].fifo_Ax_channel_cg_icg__RC_CG_HIER_INST1526 ( cg_icg__RC_CG_MOD_1526 ) 
     2 SA_GEN[2].genblk1.slave_arbitration_AR_channel_MST_FIFO[3].fifo_Ax_channel_cg_icg__RC_CG_HIER_INST1527 ( cg_icg__RC_CG_MOD_1527 ) 
     2 SA_GEN[2].genblk1.slave_arbitration_AR_channel_MST_FIFO[3].fifo_Ax_channel_cg_icg__RC_CG_HIER_INST1528 ( cg_icg__RC_CG_MOD_1528 ) 
     2 SA_GEN[2].genblk1.slave_arbitration_AR_channel_MST_FIFO[3].fifo_Ax_channel_cg_icg__RC_CG_HIER_INST1529 ( cg_icg__RC_CG_MOD_1529 ) 
     2 SA_GEN[2].genblk1.slave_arbitration_AR_channel_MST_FIFO[3].fifo_Ax_channel_cg_icg__RC_CG_HIER_INST1530 ( cg_icg__RC_CG_MOD_1530 ) 
     2 SA_GEN[2].genblk1.slave_arbitration_AR_channel_MST_FIFO[3].fifo_Ax_channel_cg_icg__RC_CG_HIER_INST1531 ( cg_icg__RC_CG_MOD_1531 ) 
     2 SA_GEN[2].genblk1.slave_arbitration_AR_channel_MST_FIFO[3].fifo_Ax_channel_cg_icg__RC_CG_HIER_INST1532 ( cg_icg__RC_CG_MOD_1532 ) 
     2 SA_GEN[2].genblk1.slave_arbitration_AR_channel_arbiter ( arbiter_iwrr_1cycle_P_REQUESTER_NUM4_P_REQUESTER_WEIGHTx00000005000000040000000300000001_P_NUM_GRANT_REQ_W1_5 ) 
        3 cg_icg__RC_CG_HIER_INST136 ( cg_icg__RC_CG_MOD_136 ) 
        3 cg_icg__RC_CG_HIER_INST139 ( cg_icg__RC_CG_MOD_139 ) 
     2 SA_GEN[2].genblk1.slave_arbitration_AR_channel_cg_icg__RC_CG_HIER_INST521 ( cg_icg__RC_CG_MOD_521 ) 
     2 SA_GEN[2].genblk1.slave_arbitration_AR_channel_slv_skid_buffer_cg_icg__RC_CG_HIER_INST748 ( cg_icg__RC_CG_MOD_748 ) 
     2 SA_GEN[2].genblk1.slave_arbitration_AW_channel_MST_FIFO[1].fifo_Ax_channel_cg_icg__RC_CG_HIER_INST1489 ( cg_icg__RC_CG_MOD_1489 ) 
     2 SA_GEN[2].genblk1.slave_arbitration_AW_channel_MST_FIFO[1].fifo_Ax_channel_cg_icg__RC_CG_HIER_INST1490 ( cg_icg__RC_CG_MOD_1490 ) 
     2 SA_GEN[2].genblk1.slave_arbitration_AW_channel_MST_FIFO[2].fifo_Ax_channel_cg_icg__RC_CG_HIER_INST1495 ( cg_icg__RC_CG_MOD_1495 ) 
     2 SA_GEN[2].genblk1.slave_arbitration_AW_channel_MST_FIFO[2].fifo_Ax_channel_cg_icg__RC_CG_HIER_INST1496 ( cg_icg__RC_CG_MOD_1496 ) 
     2 SA_GEN[2].genblk1.slave_arbitration_AW_channel_MST_FIFO[3].fifo_Ax_channel_cg_icg__RC_CG_HIER_INST1497 ( cg_icg__RC_CG_MOD_1497 ) 
     2 SA_GEN[2].genblk1.slave_arbitration_AW_channel_MST_FIFO[3].fifo_Ax_channel_cg_icg__RC_CG_HIER_INST1498 ( cg_icg__RC_CG_MOD_1498 ) 
     2 SA_GEN[2].genblk1.slave_arbitration_AW_channel_MST_FIFO[3].fifo_Ax_channel_cg_icg__RC_CG_HIER_INST1499 ( cg_icg__RC_CG_MOD_1499 ) 
     2 SA_GEN[2].genblk1.slave_arbitration_AW_channel_MST_FIFO[3].fifo_Ax_channel_cg_icg__RC_CG_HIER_INST1500 ( cg_icg__RC_CG_MOD_1500 ) 
     2 SA_GEN[2].genblk1.slave_arbitration_AW_channel_MST_FIFO[3].fifo_Ax_channel_cg_icg__RC_CG_HIER_INST1501 ( cg_icg__RC_CG_MOD_1501 ) 
     2 SA_GEN[2].genblk1.slave_arbitration_AW_channel_MST_FIFO[3].fifo_Ax_channel_cg_icg__RC_CG_HIER_INST1502 ( cg_icg__RC_CG_MOD_1502 ) 
     2 SA_GEN[2].genblk1.slave_arbitration_AW_channel_arbiter_cg_icg__RC_CG_HIER_INST135 ( cg_icg__RC_CG_MOD_135 ) 
     2 SA_GEN[2].genblk1.slave_arbitration_AW_channel_cg_icg__RC_CG_HIER_INST518 ( cg_icg__RC_CG_MOD_518 ) 
     2 SA_GEN[2].genblk1.slave_arbitration_AW_channel_cg_icg__RC_CG_HIER_INST519 ( cg_icg__RC_CG_MOD_519 ) 
     2 SA_GEN[2].genblk1.slave_arbitration_AW_channel_cg_icg__RC_CG_HIER_INST520 ( cg_icg__RC_CG_MOD_520 ) 
     2 SA_GEN[2].genblk1.slave_arbitration_B_channel ( sa_B_channel_MST_AMT4_OUTSTANDING_AMT4_MST_ID_W2_TRANS_MST_ID_W5_TRANS_SLV_ID_W7_TRANS_WR_RESP_W2_2 ) 
        3 fifo_wresp_filter_cg_icg__RC_CG_HIER_INST1385 ( cg_icg__RC_CG_MOD_1385 ) 
        3 fifo_wresp_filter_cg_icg__RC_CG_HIER_INST1386 ( cg_icg__RC_CG_MOD_1386 ) 
        3 fifo_wresp_filter_cg_icg__RC_CG_HIER_INST1387 ( cg_icg__RC_CG_MOD_1387 ) 
        3 fifo_wresp_filter_cg_icg__RC_CG_HIER_INST1388 ( cg_icg__RC_CG_MOD_1388 ) 
        3 fifo_wresp_filter_cg_icg__RC_CG_HIER_INST1389 ( cg_icg__RC_CG_MOD_1389 ) 
        3 fifo_wresp_filter_cg_icg__RC_CG_HIER_INST1390 ( cg_icg__RC_CG_MOD_1390 ) 
        3 slv_skid_buffer_cg_icg__RC_CG_HIER_INST722 ( cg_icg__RC_CG_MOD_722 ) 
        3 slv_skid_buffer_cg_icg__RC_CG_HIER_INST723 ( cg_icg__RC_CG_MOD_723 ) 
     2 SA_GEN[2].genblk1.slave_arbitration_R_channel ( sa_R_channel_MST_AMT4_OUTSTANDING_AMT4_MST_ID_W2_DATA_WIDTH32_ADDR_WIDTH32_TRANS_MST_ID_W5_TRANS_SLV_ID_W7_DSP_RID_W5_2 ) 
        3 cg_icg__RC_CG_HIER_INST573 ( cg_icg__RC_CG_MOD_573 ) 
        3 cg_icg__RC_CG_HIER_INST574 ( cg_icg__RC_CG_MOD_574 ) 
        3 cg_icg__RC_CG_HIER_INST575 ( cg_icg__RC_CG_MOD_575 ) 
        3 cg_icg__RC_CG_HIER_INST576 ( cg_icg__RC_CG_MOD_576 ) 
        3 cg_icg__RC_CG_HIER_INST577 ( cg_icg__RC_CG_MOD_577 ) 
        3 cg_icg__RC_CG_HIER_INST578 ( cg_icg__RC_CG_MOD_578 ) 
        3 cg_icg__RC_CG_HIER_INST579 ( cg_icg__RC_CG_MOD_579 ) 
        3 cg_icg__RC_CG_HIER_INST580 ( cg_icg__RC_CG_MOD_580 ) 
        3 cg_icg__RC_CG_HIER_INST581 ( cg_icg__RC_CG_MOD_581 ) 
        3 cg_icg__RC_CG_HIER_INST582 ( cg_icg__RC_CG_MOD_582 ) 
        3 cg_icg__RC_CG_HIER_INST583 ( cg_icg__RC_CG_MOD_583 ) 
        3 cg_icg__RC_CG_HIER_INST584 ( cg_icg__RC_CG_MOD_584 ) 
        3 cg_icg__RC_CG_HIER_INST585 ( cg_icg__RC_CG_MOD_585 ) 
        3 cg_icg__RC_CG_HIER_INST586 ( cg_icg__RC_CG_MOD_586 ) 
        3 cg_icg__RC_CG_HIER_INST587 ( cg_icg__RC_CG_MOD_587 ) 
        3 cg_icg__RC_CG_HIER_INST588 ( cg_icg__RC_CG_MOD_588 ) 
        3 cg_icg__RC_CG_HIER_INST589 ( cg_icg__RC_CG_MOD_589 ) 
        3 dsp_skid_buffer_cg_icg__RC_CG_HIER_INST694 ( cg_icg__RC_CG_MOD_694 ) 
        3 dsp_skid_buffer_cg_icg__RC_CG_HIER_INST695 ( cg_icg__RC_CG_MOD_695 ) 
        3 slv_skid_buffer_cg_icg__RC_CG_HIER_INST692 ( cg_icg__RC_CG_MOD_692 ) 
        3 slv_skid_buffer_cg_icg__RC_CG_HIER_INST693 ( cg_icg__RC_CG_MOD_693 ) 
     2 SA_GEN[2].genblk1.slave_arbitration_W_channel_cg_icg__RC_CG_HIER_INST659 ( cg_icg__RC_CG_MOD_659 ) 
     2 SA_GEN[2].genblk1.slave_arbitration_W_channel_fifo_wdata_order_cg_icg__RC_CG_HIER_INST991 ( cg_icg__RC_CG_MOD_991 ) 
     2 SA_GEN[2].genblk1.slave_arbitration_W_channel_fifo_wdata_order_cg_icg__RC_CG_HIER_INST992 ( cg_icg__RC_CG_MOD_992 ) 
     2 SA_GEN[2].genblk1.slave_arbitration_W_channel_fifo_wdata_order_cg_icg__RC_CG_HIER_INST993 ( cg_icg__RC_CG_MOD_993 ) 
     2 SA_GEN[2].genblk1.slave_arbitration_W_channel_fifo_wdata_order_cg_icg__RC_CG_HIER_INST994 ( cg_icg__RC_CG_MOD_994 ) 
     2 SA_GEN[2].genblk1.slave_arbitration_W_channel_fifo_wdata_order_cg_icg__RC_CG_HIER_INST995 ( cg_icg__RC_CG_MOD_995 ) 
     2 SA_GEN[2].genblk1.slave_arbitration_W_channel_fifo_wdata_order_cg_icg__RC_CG_HIER_INST996 ( cg_icg__RC_CG_MOD_996 ) 
     2 SA_GEN[3].genblk1.slave_arbitration_AR_channel_MST_FIFO[0].fifo_Ax_channel_cg_icg__RC_CG_HIER_INST1553 ( cg_icg__RC_CG_MOD_1553 ) 
     2 SA_GEN[3].genblk1.slave_arbitration_AR_channel_MST_FIFO[0].fifo_Ax_channel_cg_icg__RC_CG_HIER_INST1554 ( cg_icg__RC_CG_MOD_1554 ) 
     2 SA_GEN[3].genblk1.slave_arbitration_AR_channel_MST_FIFO[0].fifo_Ax_channel_cg_icg__RC_CG_HIER_INST1555 ( cg_icg__RC_CG_MOD_1555 ) 
     2 SA_GEN[3].genblk1.slave_arbitration_AR_channel_MST_FIFO[0].fifo_Ax_channel_cg_icg__RC_CG_HIER_INST1556 ( cg_icg__RC_CG_MOD_1556 ) 
     2 SA_GEN[3].genblk1.slave_arbitration_AR_channel_MST_FIFO[0].fifo_Ax_channel_cg_icg__RC_CG_HIER_INST1557 ( cg_icg__RC_CG_MOD_1557 ) 
     2 SA_GEN[3].genblk1.slave_arbitration_AR_channel_MST_FIFO[0].fifo_Ax_channel_cg_icg__RC_CG_HIER_INST1558 ( cg_icg__RC_CG_MOD_1558 ) 
     2 SA_GEN[3].genblk1.slave_arbitration_AR_channel_MST_FIFO[1].fifo_Ax_channel_cg_icg__RC_CG_HIER_INST1559 ( cg_icg__RC_CG_MOD_1559 ) 
     2 SA_GEN[3].genblk1.slave_arbitration_AR_channel_MST_FIFO[1].fifo_Ax_channel_cg_icg__RC_CG_HIER_INST1560 ( cg_icg__RC_CG_MOD_1560 ) 
     2 SA_GEN[3].genblk1.slave_arbitration_AR_channel_MST_FIFO[1].fifo_Ax_channel_cg_icg__RC_CG_HIER_INST1561 ( cg_icg__RC_CG_MOD_1561 ) 
     2 SA_GEN[3].genblk1.slave_arbitration_AR_channel_MST_FIFO[1].fifo_Ax_channel_cg_icg__RC_CG_HIER_INST1562 ( cg_icg__RC_CG_MOD_1562 ) 
     2 SA_GEN[3].genblk1.slave_arbitration_AR_channel_MST_FIFO[1].fifo_Ax_channel_cg_icg__RC_CG_HIER_INST1563 ( cg_icg__RC_CG_MOD_1563 ) 
     2 SA_GEN[3].genblk1.slave_arbitration_AR_channel_MST_FIFO[1].fifo_Ax_channel_cg_icg__RC_CG_HIER_INST1564 ( cg_icg__RC_CG_MOD_1564 ) 
     2 SA_GEN[3].genblk1.slave_arbitration_AR_channel_MST_FIFO[2].fifo_Ax_channel_cg_icg__RC_CG_HIER_INST1571 ( cg_icg__RC_CG_MOD_1571 ) 
     2 SA_GEN[3].genblk1.slave_arbitration_AR_channel_MST_FIFO[2].fifo_Ax_channel_cg_icg__RC_CG_HIER_INST1572 ( cg_icg__RC_CG_MOD_1572 ) 
     2 SA_GEN[3].genblk1.slave_arbitration_AR_channel_MST_FIFO[2].fifo_Ax_channel_cg_icg__RC_CG_HIER_INST1573 ( cg_icg__RC_CG_MOD_1573 ) 
     2 SA_GEN[3].genblk1.slave_arbitration_AR_channel_MST_FIFO[2].fifo_Ax_channel_cg_icg__RC_CG_HIER_INST1574 ( cg_icg__RC_CG_MOD_1574 ) 
     2 SA_GEN[3].genblk1.slave_arbitration_AR_channel_MST_FIFO[2].fifo_Ax_channel_cg_icg__RC_CG_HIER_INST1575 ( cg_icg__RC_CG_MOD_1575 ) 
     2 SA_GEN[3].genblk1.slave_arbitration_AR_channel_MST_FIFO[2].fifo_Ax_channel_cg_icg__RC_CG_HIER_INST1576 ( cg_icg__RC_CG_MOD_1576 ) 
     2 SA_GEN[3].genblk1.slave_arbitration_AR_channel_MST_FIFO[3].fifo_Ax_channel_cg_icg__RC_CG_HIER_INST1577 ( cg_icg__RC_CG_MOD_1577 ) 
     2 SA_GEN[3].genblk1.slave_arbitration_AR_channel_MST_FIFO[3].fifo_Ax_channel_cg_icg__RC_CG_HIER_INST1578 ( cg_icg__RC_CG_MOD_1578 ) 
     2 SA_GEN[3].genblk1.slave_arbitration_AR_channel_MST_FIFO[3].fifo_Ax_channel_cg_icg__RC_CG_HIER_INST1579 ( cg_icg__RC_CG_MOD_1579 ) 
     2 SA_GEN[3].genblk1.slave_arbitration_AR_channel_MST_FIFO[3].fifo_Ax_channel_cg_icg__RC_CG_HIER_INST1580 ( cg_icg__RC_CG_MOD_1580 ) 
     2 SA_GEN[3].genblk1.slave_arbitration_AR_channel_MST_FIFO[3].fifo_Ax_channel_cg_icg__RC_CG_HIER_INST1581 ( cg_icg__RC_CG_MOD_1581 ) 
     2 SA_GEN[3].genblk1.slave_arbitration_AR_channel_MST_FIFO[3].fifo_Ax_channel_cg_icg__RC_CG_HIER_INST1582 ( cg_icg__RC_CG_MOD_1582 ) 
     2 SA_GEN[3].genblk1.slave_arbitration_AR_channel_arbiter ( arbiter_iwrr_1cycle_P_REQUESTER_NUM4_P_REQUESTER_WEIGHTx00000005000000040000000300000001_P_NUM_GRANT_REQ_W1_7 ) 
        3 cg_icg__RC_CG_HIER_INST144 ( cg_icg__RC_CG_MOD_144 ) 
        3 cg_icg__RC_CG_HIER_INST147 ( cg_icg__RC_CG_MOD_147 ) 
     2 SA_GEN[3].genblk1.slave_arbitration_AR_channel_cg_icg__RC_CG_HIER_INST525 ( cg_icg__RC_CG_MOD_525 ) 
     2 SA_GEN[3].genblk1.slave_arbitration_AR_channel_slv_skid_buffer_cg_icg__RC_CG_HIER_INST750 ( cg_icg__RC_CG_MOD_750 ) 
     2 SA_GEN[3].genblk1.slave_arbitration_AW_channel_MST_FIFO[1].fifo_Ax_channel_cg_icg__RC_CG_HIER_INST1535 ( cg_icg__RC_CG_MOD_1535 ) 
     2 SA_GEN[3].genblk1.slave_arbitration_AW_channel_MST_FIFO[1].fifo_Ax_channel_cg_icg__RC_CG_HIER_INST1536 ( cg_icg__RC_CG_MOD_1536 ) 
     2 SA_GEN[3].genblk1.slave_arbitration_AW_channel_MST_FIFO[1].fifo_Ax_channel_cg_icg__RC_CG_HIER_INST1537 ( cg_icg__RC_CG_MOD_1537 ) 
     2 SA_GEN[3].genblk1.slave_arbitration_AW_channel_MST_FIFO[1].fifo_Ax_channel_cg_icg__RC_CG_HIER_INST1538 ( cg_icg__RC_CG_MOD_1538 ) 
     2 SA_GEN[3].genblk1.slave_arbitration_AW_channel_MST_FIFO[1].fifo_Ax_channel_cg_icg__RC_CG_HIER_INST1539 ( cg_icg__RC_CG_MOD_1539 ) 
     2 SA_GEN[3].genblk1.slave_arbitration_AW_channel_MST_FIFO[1].fifo_Ax_channel_cg_icg__RC_CG_HIER_INST1540 ( cg_icg__RC_CG_MOD_1540 ) 
     2 SA_GEN[3].genblk1.slave_arbitration_AW_channel_MST_FIFO[2].fifo_Ax_channel_cg_icg__RC_CG_HIER_INST1541 ( cg_icg__RC_CG_MOD_1541 ) 
     2 SA_GEN[3].genblk1.slave_arbitration_AW_channel_MST_FIFO[2].fifo_Ax_channel_cg_icg__RC_CG_HIER_INST1542 ( cg_icg__RC_CG_MOD_1542 ) 
     2 SA_GEN[3].genblk1.slave_arbitration_AW_channel_MST_FIFO[2].fifo_Ax_channel_cg_icg__RC_CG_HIER_INST1543 ( cg_icg__RC_CG_MOD_1543 ) 
     2 SA_GEN[3].genblk1.slave_arbitration_AW_channel_MST_FIFO[2].fifo_Ax_channel_cg_icg__RC_CG_HIER_INST1544 ( cg_icg__RC_CG_MOD_1544 ) 
     2 SA_GEN[3].genblk1.slave_arbitration_AW_channel_MST_FIFO[2].fifo_Ax_channel_cg_icg__RC_CG_HIER_INST1545 ( cg_icg__RC_CG_MOD_1545 ) 
     2 SA_GEN[3].genblk1.slave_arbitration_AW_channel_MST_FIFO[2].fifo_Ax_channel_cg_icg__RC_CG_HIER_INST1546 ( cg_icg__RC_CG_MOD_1546 ) 
     2 SA_GEN[3].genblk1.slave_arbitration_AW_channel_MST_FIFO[3].fifo_Ax_channel_cg_icg__RC_CG_HIER_INST1547 ( cg_icg__RC_CG_MOD_1547 ) 
     2 SA_GEN[3].genblk1.slave_arbitration_AW_channel_MST_FIFO[3].fifo_Ax_channel_cg_icg__RC_CG_HIER_INST1548 ( cg_icg__RC_CG_MOD_1548 ) 
     2 SA_GEN[3].genblk1.slave_arbitration_AW_channel_MST_FIFO[3].fifo_Ax_channel_cg_icg__RC_CG_HIER_INST1549 ( cg_icg__RC_CG_MOD_1549 ) 
     2 SA_GEN[3].genblk1.slave_arbitration_AW_channel_MST_FIFO[3].fifo_Ax_channel_cg_icg__RC_CG_HIER_INST1550 ( cg_icg__RC_CG_MOD_1550 ) 
     2 SA_GEN[3].genblk1.slave_arbitration_AW_channel_MST_FIFO[3].fifo_Ax_channel_cg_icg__RC_CG_HIER_INST1551 ( cg_icg__RC_CG_MOD_1551 ) 
     2 SA_GEN[3].genblk1.slave_arbitration_AW_channel_MST_FIFO[3].fifo_Ax_channel_cg_icg__RC_CG_HIER_INST1552 ( cg_icg__RC_CG_MOD_1552 ) 
     2 SA_GEN[3].genblk1.slave_arbitration_AW_channel_arbiter_cg_icg__RC_CG_HIER_INST143 ( cg_icg__RC_CG_MOD_143 ) 
     2 SA_GEN[3].genblk1.slave_arbitration_AW_channel_cg_icg__RC_CG_HIER_INST523 ( cg_icg__RC_CG_MOD_523 ) 
     2 SA_GEN[3].genblk1.slave_arbitration_AW_channel_cg_icg__RC_CG_HIER_INST524 ( cg_icg__RC_CG_MOD_524 ) 
     2 SA_GEN[3].genblk1.slave_arbitration_AW_channel_slv_skid_buffer_cg_icg__RC_CG_HIER_INST749 ( cg_icg__RC_CG_MOD_749 ) 
     2 SA_GEN[3].genblk1.slave_arbitration_B_channel ( sa_B_channel_MST_AMT4_OUTSTANDING_AMT4_MST_ID_W2_TRANS_MST_ID_W5_TRANS_SLV_ID_W7_TRANS_WR_RESP_W2_3 ) 
        3 fifo_wresp_filter_cg_icg__RC_CG_HIER_INST1391 ( cg_icg__RC_CG_MOD_1391 ) 
        3 fifo_wresp_filter_cg_icg__RC_CG_HIER_INST1392 ( cg_icg__RC_CG_MOD_1392 ) 
        3 fifo_wresp_filter_cg_icg__RC_CG_HIER_INST1393 ( cg_icg__RC_CG_MOD_1393 ) 
        3 fifo_wresp_filter_cg_icg__RC_CG_HIER_INST1394 ( cg_icg__RC_CG_MOD_1394 ) 
        3 fifo_wresp_filter_cg_icg__RC_CG_HIER_INST1395 ( cg_icg__RC_CG_MOD_1395 ) 
        3 fifo_wresp_filter_cg_icg__RC_CG_HIER_INST1396 ( cg_icg__RC_CG_MOD_1396 ) 
        3 slv_skid_buffer_cg_icg__RC_CG_HIER_INST724 ( cg_icg__RC_CG_MOD_724 ) 
        3 slv_skid_buffer_cg_icg__RC_CG_HIER_INST725 ( cg_icg__RC_CG_MOD_725 ) 
     2 SA_GEN[3].genblk1.slave_arbitration_R_channel ( sa_R_channel_MST_AMT4_OUTSTANDING_AMT4_MST_ID_W2_DATA_WIDTH32_ADDR_WIDTH32_TRANS_MST_ID_W5_TRANS_SLV_ID_W7_DSP_RID_W5_3 ) 
        3 cg_icg__RC_CG_HIER_INST590 ( cg_icg__RC_CG_MOD_590 ) 
        3 cg_icg__RC_CG_HIER_INST591 ( cg_icg__RC_CG_MOD_591 ) 
        3 cg_icg__RC_CG_HIER_INST592 ( cg_icg__RC_CG_MOD_592 ) 
        3 cg_icg__RC_CG_HIER_INST593 ( cg_icg__RC_CG_MOD_593 ) 
        3 cg_icg__RC_CG_HIER_INST594 ( cg_icg__RC_CG_MOD_594 ) 
        3 cg_icg__RC_CG_HIER_INST595 ( cg_icg__RC_CG_MOD_595 ) 
        3 cg_icg__RC_CG_HIER_INST596 ( cg_icg__RC_CG_MOD_596 ) 
        3 cg_icg__RC_CG_HIER_INST597 ( cg_icg__RC_CG_MOD_597 ) 
        3 cg_icg__RC_CG_HIER_INST598 ( cg_icg__RC_CG_MOD_598 ) 
        3 cg_icg__RC_CG_HIER_INST599 ( cg_icg__RC_CG_MOD_599 ) 
        3 cg_icg__RC_CG_HIER_INST600 ( cg_icg__RC_CG_MOD_600 ) 
        3 cg_icg__RC_CG_HIER_INST601 ( cg_icg__RC_CG_MOD_601 ) 
        3 cg_icg__RC_CG_HIER_INST602 ( cg_icg__RC_CG_MOD_602 ) 
        3 cg_icg__RC_CG_HIER_INST603 ( cg_icg__RC_CG_MOD_603 ) 
        3 cg_icg__RC_CG_HIER_INST604 ( cg_icg__RC_CG_MOD_604 ) 
        3 cg_icg__RC_CG_HIER_INST605 ( cg_icg__RC_CG_MOD_605 ) 
        3 cg_icg__RC_CG_HIER_INST606 ( cg_icg__RC_CG_MOD_606 ) 
        3 dsp_skid_buffer_cg_icg__RC_CG_HIER_INST698 ( cg_icg__RC_CG_MOD_698 ) 
        3 dsp_skid_buffer_cg_icg__RC_CG_HIER_INST699 ( cg_icg__RC_CG_MOD_699 ) 
        3 slv_skid_buffer_cg_icg__RC_CG_HIER_INST696 ( cg_icg__RC_CG_MOD_696 ) 
        3 slv_skid_buffer_cg_icg__RC_CG_HIER_INST697 ( cg_icg__RC_CG_MOD_697 ) 
     2 SA_GEN[3].genblk1.slave_arbitration_W_channel_MST_W_FIFO[0].fifo_wdata_cg_icg__RC_CG_HIER_INST1133 ( cg_icg__RC_CG_MOD_1133 ) 
     2 SA_GEN[3].genblk1.slave_arbitration_W_channel_MST_W_FIFO[1].fifo_wdata_cg_icg__RC_CG_HIER_INST1135 ( cg_icg__RC_CG_MOD_1135 ) 
     2 SA_GEN[3].genblk1.slave_arbitration_W_channel_MST_W_FIFO[1].fifo_wdata_cg_icg__RC_CG_HIER_INST1136 ( cg_icg__RC_CG_MOD_1136 ) 
     2 SA_GEN[3].genblk1.slave_arbitration_W_channel_MST_W_FIFO[1].fifo_wdata_cg_icg__RC_CG_HIER_INST1137 ( cg_icg__RC_CG_MOD_1137 ) 
     2 SA_GEN[3].genblk1.slave_arbitration_W_channel_MST_W_FIFO[1].fifo_wdata_cg_icg__RC_CG_HIER_INST1138 ( cg_icg__RC_CG_MOD_1138 ) 
     2 SA_GEN[3].genblk1.slave_arbitration_W_channel_MST_W_FIFO[1].fifo_wdata_cg_icg__RC_CG_HIER_INST1139 ( cg_icg__RC_CG_MOD_1139 ) 
     2 SA_GEN[3].genblk1.slave_arbitration_W_channel_MST_W_FIFO[1].fifo_wdata_cg_icg__RC_CG_HIER_INST1140 ( cg_icg__RC_CG_MOD_1140 ) 
     2 SA_GEN[3].genblk1.slave_arbitration_W_channel_MST_W_FIFO[1].fifo_wdata_cg_icg__RC_CG_HIER_INST1141 ( cg_icg__RC_CG_MOD_1141 ) 
     2 SA_GEN[3].genblk1.slave_arbitration_W_channel_MST_W_FIFO[1].fifo_wdata_cg_icg__RC_CG_HIER_INST1142 ( cg_icg__RC_CG_MOD_1142 ) 
     2 SA_GEN[3].genblk1.slave_arbitration_W_channel_MST_W_FIFO[1].fifo_wdata_cg_icg__RC_CG_HIER_INST1143 ( cg_icg__RC_CG_MOD_1143 ) 
     2 SA_GEN[3].genblk1.slave_arbitration_W_channel_MST_W_FIFO[1].fifo_wdata_cg_icg__RC_CG_HIER_INST1144 ( cg_icg__RC_CG_MOD_1144 ) 
     2 SA_GEN[3].genblk1.slave_arbitration_W_channel_MST_W_FIFO[2].fifo_wdata_cg_icg__RC_CG_HIER_INST1145 ( cg_icg__RC_CG_MOD_1145 ) 
     2 SA_GEN[3].genblk1.slave_arbitration_W_channel_MST_W_FIFO[2].fifo_wdata_cg_icg__RC_CG_HIER_INST1146 ( cg_icg__RC_CG_MOD_1146 ) 
     2 SA_GEN[3].genblk1.slave_arbitration_W_channel_MST_W_FIFO[2].fifo_wdata_cg_icg__RC_CG_HIER_INST1147 ( cg_icg__RC_CG_MOD_1147 ) 
     2 SA_GEN[3].genblk1.slave_arbitration_W_channel_MST_W_FIFO[2].fifo_wdata_cg_icg__RC_CG_HIER_INST1148 ( cg_icg__RC_CG_MOD_1148 ) 
     2 SA_GEN[3].genblk1.slave_arbitration_W_channel_MST_W_FIFO[2].fifo_wdata_cg_icg__RC_CG_HIER_INST1149 ( cg_icg__RC_CG_MOD_1149 ) 
     2 SA_GEN[3].genblk1.slave_arbitration_W_channel_MST_W_FIFO[2].fifo_wdata_cg_icg__RC_CG_HIER_INST1150 ( cg_icg__RC_CG_MOD_1150 ) 
     2 SA_GEN[3].genblk1.slave_arbitration_W_channel_MST_W_FIFO[2].fifo_wdata_cg_icg__RC_CG_HIER_INST1151 ( cg_icg__RC_CG_MOD_1151 ) 
     2 SA_GEN[3].genblk1.slave_arbitration_W_channel_MST_W_FIFO[2].fifo_wdata_cg_icg__RC_CG_HIER_INST1152 ( cg_icg__RC_CG_MOD_1152 ) 
     2 SA_GEN[3].genblk1.slave_arbitration_W_channel_MST_W_FIFO[2].fifo_wdata_cg_icg__RC_CG_HIER_INST1153 ( cg_icg__RC_CG_MOD_1153 ) 
     2 SA_GEN[3].genblk1.slave_arbitration_W_channel_MST_W_FIFO[2].fifo_wdata_cg_icg__RC_CG_HIER_INST1154 ( cg_icg__RC_CG_MOD_1154 ) 
     2 SA_GEN[3].genblk1.slave_arbitration_W_channel_MST_W_FIFO[3].fifo_wdata_cg_icg__RC_CG_HIER_INST1155 ( cg_icg__RC_CG_MOD_1155 ) 
     2 SA_GEN[3].genblk1.slave_arbitration_W_channel_MST_W_FIFO[3].fifo_wdata_cg_icg__RC_CG_HIER_INST1156 ( cg_icg__RC_CG_MOD_1156 ) 
     2 SA_GEN[3].genblk1.slave_arbitration_W_channel_MST_W_FIFO[3].fifo_wdata_cg_icg__RC_CG_HIER_INST1157 ( cg_icg__RC_CG_MOD_1157 ) 
     2 SA_GEN[3].genblk1.slave_arbitration_W_channel_MST_W_FIFO[3].fifo_wdata_cg_icg__RC_CG_HIER_INST1158 ( cg_icg__RC_CG_MOD_1158 ) 
     2 SA_GEN[3].genblk1.slave_arbitration_W_channel_MST_W_FIFO[3].fifo_wdata_cg_icg__RC_CG_HIER_INST1159 ( cg_icg__RC_CG_MOD_1159 ) 
     2 SA_GEN[3].genblk1.slave_arbitration_W_channel_MST_W_FIFO[3].fifo_wdata_cg_icg__RC_CG_HIER_INST1160 ( cg_icg__RC_CG_MOD_1160 ) 
     2 SA_GEN[3].genblk1.slave_arbitration_W_channel_MST_W_FIFO[3].fifo_wdata_cg_icg__RC_CG_HIER_INST1161 ( cg_icg__RC_CG_MOD_1161 ) 
     2 SA_GEN[3].genblk1.slave_arbitration_W_channel_MST_W_FIFO[3].fifo_wdata_cg_icg__RC_CG_HIER_INST1162 ( cg_icg__RC_CG_MOD_1162 ) 
     2 SA_GEN[3].genblk1.slave_arbitration_W_channel_MST_W_FIFO[3].fifo_wdata_cg_icg__RC_CG_HIER_INST1163 ( cg_icg__RC_CG_MOD_1163 ) 
     2 SA_GEN[3].genblk1.slave_arbitration_W_channel_MST_W_FIFO[3].fifo_wdata_cg_icg__RC_CG_HIER_INST1164 ( cg_icg__RC_CG_MOD_1164 ) 
     2 SA_GEN[3].genblk1.slave_arbitration_W_channel_cg_icg__RC_CG_HIER_INST666 ( cg_icg__RC_CG_MOD_666 ) 
     2 SA_GEN[3].genblk1.slave_arbitration_W_channel_cg_icg__RC_CG_HIER_INST667 ( cg_icg__RC_CG_MOD_667 ) 
     2 SA_GEN[3].genblk1.slave_arbitration_W_channel_fifo_wdata_order_cg_icg__RC_CG_HIER_INST997 ( cg_icg__RC_CG_MOD_997 ) 
     2 SA_GEN[3].genblk1.slave_arbitration_W_channel_fifo_wdata_order_cg_icg__RC_CG_HIER_INST998 ( cg_icg__RC_CG_MOD_998 ) 
     2 SA_GEN[3].genblk1.slave_arbitration_W_channel_fifo_wdata_order_cg_icg__RC_CG_HIER_INST999 ( cg_icg__RC_CG_MOD_999 ) 
     2 SA_GEN[3].genblk1.slave_arbitration_W_channel_fifo_wdata_order_cg_icg__RC_CG_HIER_INST1000 ( cg_icg__RC_CG_MOD_1000 ) 
     2 SA_GEN[3].genblk1.slave_arbitration_W_channel_fifo_wdata_order_cg_icg__RC_CG_HIER_INST1001 ( cg_icg__RC_CG_MOD_1001 ) 
     2 SA_GEN[3].genblk1.slave_arbitration_W_channel_fifo_wdata_order_cg_icg__RC_CG_HIER_INST1002 ( cg_icg__RC_CG_MOD_1002 ) 
     2 SA_GEN[3].genblk1.slave_arbitration_W_channel_slv_skid_buffer_cg_icg__RC_CG_HIER_INST733 ( cg_icg__RC_CG_MOD_733 ) 
     2 SA_GEN[4].genblk1.slave_arbitration_AR_channel_MST_FIFO[0].fifo_Ax_channel_cg_icg__RC_CG_HIER_INST1603 ( cg_icg__RC_CG_MOD_1603 ) 
     2 SA_GEN[4].genblk1.slave_arbitration_AR_channel_MST_FIFO[0].fifo_Ax_channel_cg_icg__RC_CG_HIER_INST1604 ( cg_icg__RC_CG_MOD_1604 ) 
     2 SA_GEN[4].genblk1.slave_arbitration_AR_channel_MST_FIFO[0].fifo_Ax_channel_cg_icg__RC_CG_HIER_INST1605 ( cg_icg__RC_CG_MOD_1605 ) 
     2 SA_GEN[4].genblk1.slave_arbitration_AR_channel_MST_FIFO[0].fifo_Ax_channel_cg_icg__RC_CG_HIER_INST1606 ( cg_icg__RC_CG_MOD_1606 ) 
     2 SA_GEN[4].genblk1.slave_arbitration_AR_channel_MST_FIFO[0].fifo_Ax_channel_cg_icg__RC_CG_HIER_INST1607 ( cg_icg__RC_CG_MOD_1607 ) 
     2 SA_GEN[4].genblk1.slave_arbitration_AR_channel_MST_FIFO[0].fifo_Ax_channel_cg_icg__RC_CG_HIER_INST1608 ( cg_icg__RC_CG_MOD_1608 ) 
     2 SA_GEN[4].genblk1.slave_arbitration_AR_channel_MST_FIFO[1].fifo_Ax_channel_cg_icg__RC_CG_HIER_INST1609 ( cg_icg__RC_CG_MOD_1609 ) 
     2 SA_GEN[4].genblk1.slave_arbitration_AR_channel_MST_FIFO[1].fifo_Ax_channel_cg_icg__RC_CG_HIER_INST1610 ( cg_icg__RC_CG_MOD_1610 ) 
     2 SA_GEN[4].genblk1.slave_arbitration_AR_channel_MST_FIFO[1].fifo_Ax_channel_cg_icg__RC_CG_HIER_INST1611 ( cg_icg__RC_CG_MOD_1611 ) 
     2 SA_GEN[4].genblk1.slave_arbitration_AR_channel_MST_FIFO[1].fifo_Ax_channel_cg_icg__RC_CG_HIER_INST1612 ( cg_icg__RC_CG_MOD_1612 ) 
     2 SA_GEN[4].genblk1.slave_arbitration_AR_channel_MST_FIFO[1].fifo_Ax_channel_cg_icg__RC_CG_HIER_INST1613 ( cg_icg__RC_CG_MOD_1613 ) 
     2 SA_GEN[4].genblk1.slave_arbitration_AR_channel_MST_FIFO[1].fifo_Ax_channel_cg_icg__RC_CG_HIER_INST1614 ( cg_icg__RC_CG_MOD_1614 ) 
     2 SA_GEN[4].genblk1.slave_arbitration_AR_channel_MST_FIFO[2].fifo_Ax_channel_cg_icg__RC_CG_HIER_INST1615 ( cg_icg__RC_CG_MOD_1615 ) 
     2 SA_GEN[4].genblk1.slave_arbitration_AR_channel_MST_FIFO[2].fifo_Ax_channel_cg_icg__RC_CG_HIER_INST1616 ( cg_icg__RC_CG_MOD_1616 ) 
     2 SA_GEN[4].genblk1.slave_arbitration_AR_channel_MST_FIFO[2].fifo_Ax_channel_cg_icg__RC_CG_HIER_INST1617 ( cg_icg__RC_CG_MOD_1617 ) 
     2 SA_GEN[4].genblk1.slave_arbitration_AR_channel_MST_FIFO[2].fifo_Ax_channel_cg_icg__RC_CG_HIER_INST1618 ( cg_icg__RC_CG_MOD_1618 ) 
     2 SA_GEN[4].genblk1.slave_arbitration_AR_channel_MST_FIFO[2].fifo_Ax_channel_cg_icg__RC_CG_HIER_INST1619 ( cg_icg__RC_CG_MOD_1619 ) 
     2 SA_GEN[4].genblk1.slave_arbitration_AR_channel_MST_FIFO[2].fifo_Ax_channel_cg_icg__RC_CG_HIER_INST1620 ( cg_icg__RC_CG_MOD_1620 ) 
     2 SA_GEN[4].genblk1.slave_arbitration_AR_channel_MST_FIFO[3].fifo_Ax_channel_cg_icg__RC_CG_HIER_INST1621 ( cg_icg__RC_CG_MOD_1621 ) 
     2 SA_GEN[4].genblk1.slave_arbitration_AR_channel_MST_FIFO[3].fifo_Ax_channel_cg_icg__RC_CG_HIER_INST1622 ( cg_icg__RC_CG_MOD_1622 ) 
     2 SA_GEN[4].genblk1.slave_arbitration_AR_channel_MST_FIFO[3].fifo_Ax_channel_cg_icg__RC_CG_HIER_INST1623 ( cg_icg__RC_CG_MOD_1623 ) 
     2 SA_GEN[4].genblk1.slave_arbitration_AR_channel_MST_FIFO[3].fifo_Ax_channel_cg_icg__RC_CG_HIER_INST1624 ( cg_icg__RC_CG_MOD_1624 ) 
     2 SA_GEN[4].genblk1.slave_arbitration_AR_channel_MST_FIFO[3].fifo_Ax_channel_cg_icg__RC_CG_HIER_INST1625 ( cg_icg__RC_CG_MOD_1625 ) 
     2 SA_GEN[4].genblk1.slave_arbitration_AR_channel_MST_FIFO[3].fifo_Ax_channel_cg_icg__RC_CG_HIER_INST1626 ( cg_icg__RC_CG_MOD_1626 ) 
     2 SA_GEN[4].genblk1.slave_arbitration_AR_channel_arbiter ( arbiter_iwrr_1cycle_P_REQUESTER_NUM4_P_REQUESTER_WEIGHTx00000005000000040000000300000001_P_NUM_GRANT_REQ_W1_9 ) 
        3 cg_icg__RC_CG_HIER_INST152 ( cg_icg__RC_CG_MOD_152 ) 
        3 cg_icg__RC_CG_HIER_INST155 ( cg_icg__RC_CG_MOD_155 ) 
     2 SA_GEN[4].genblk1.slave_arbitration_AR_channel_cg_icg__RC_CG_HIER_INST529 ( cg_icg__RC_CG_MOD_529 ) 
     2 SA_GEN[4].genblk1.slave_arbitration_AR_channel_slv_skid_buffer_cg_icg__RC_CG_HIER_INST752 ( cg_icg__RC_CG_MOD_752 ) 
     2 SA_GEN[4].genblk1.slave_arbitration_AW_channel_MST_FIFO[1].fifo_Ax_channel_cg_icg__RC_CG_HIER_INST1585 ( cg_icg__RC_CG_MOD_1585 ) 
     2 SA_GEN[4].genblk1.slave_arbitration_AW_channel_MST_FIFO[1].fifo_Ax_channel_cg_icg__RC_CG_HIER_INST1586 ( cg_icg__RC_CG_MOD_1586 ) 
     2 SA_GEN[4].genblk1.slave_arbitration_AW_channel_MST_FIFO[1].fifo_Ax_channel_cg_icg__RC_CG_HIER_INST1587 ( cg_icg__RC_CG_MOD_1587 ) 
     2 SA_GEN[4].genblk1.slave_arbitration_AW_channel_MST_FIFO[1].fifo_Ax_channel_cg_icg__RC_CG_HIER_INST1588 ( cg_icg__RC_CG_MOD_1588 ) 
     2 SA_GEN[4].genblk1.slave_arbitration_AW_channel_MST_FIFO[1].fifo_Ax_channel_cg_icg__RC_CG_HIER_INST1589 ( cg_icg__RC_CG_MOD_1589 ) 
     2 SA_GEN[4].genblk1.slave_arbitration_AW_channel_MST_FIFO[1].fifo_Ax_channel_cg_icg__RC_CG_HIER_INST1590 ( cg_icg__RC_CG_MOD_1590 ) 
     2 SA_GEN[4].genblk1.slave_arbitration_AW_channel_MST_FIFO[2].fifo_Ax_channel_cg_icg__RC_CG_HIER_INST1591 ( cg_icg__RC_CG_MOD_1591 ) 
     2 SA_GEN[4].genblk1.slave_arbitration_AW_channel_MST_FIFO[2].fifo_Ax_channel_cg_icg__RC_CG_HIER_INST1592 ( cg_icg__RC_CG_MOD_1592 ) 
     2 SA_GEN[4].genblk1.slave_arbitration_AW_channel_MST_FIFO[2].fifo_Ax_channel_cg_icg__RC_CG_HIER_INST1593 ( cg_icg__RC_CG_MOD_1593 ) 
     2 SA_GEN[4].genblk1.slave_arbitration_AW_channel_MST_FIFO[2].fifo_Ax_channel_cg_icg__RC_CG_HIER_INST1594 ( cg_icg__RC_CG_MOD_1594 ) 
     2 SA_GEN[4].genblk1.slave_arbitration_AW_channel_MST_FIFO[2].fifo_Ax_channel_cg_icg__RC_CG_HIER_INST1595 ( cg_icg__RC_CG_MOD_1595 ) 
     2 SA_GEN[4].genblk1.slave_arbitration_AW_channel_MST_FIFO[2].fifo_Ax_channel_cg_icg__RC_CG_HIER_INST1596 ( cg_icg__RC_CG_MOD_1596 ) 
     2 SA_GEN[4].genblk1.slave_arbitration_AW_channel_MST_FIFO[3].fifo_Ax_channel_cg_icg__RC_CG_HIER_INST1597 ( cg_icg__RC_CG_MOD_1597 ) 
     2 SA_GEN[4].genblk1.slave_arbitration_AW_channel_MST_FIFO[3].fifo_Ax_channel_cg_icg__RC_CG_HIER_INST1598 ( cg_icg__RC_CG_MOD_1598 ) 
     2 SA_GEN[4].genblk1.slave_arbitration_AW_channel_MST_FIFO[3].fifo_Ax_channel_cg_icg__RC_CG_HIER_INST1599 ( cg_icg__RC_CG_MOD_1599 ) 
     2 SA_GEN[4].genblk1.slave_arbitration_AW_channel_MST_FIFO[3].fifo_Ax_channel_cg_icg__RC_CG_HIER_INST1600 ( cg_icg__RC_CG_MOD_1600 ) 
     2 SA_GEN[4].genblk1.slave_arbitration_AW_channel_MST_FIFO[3].fifo_Ax_channel_cg_icg__RC_CG_HIER_INST1601 ( cg_icg__RC_CG_MOD_1601 ) 
     2 SA_GEN[4].genblk1.slave_arbitration_AW_channel_MST_FIFO[3].fifo_Ax_channel_cg_icg__RC_CG_HIER_INST1602 ( cg_icg__RC_CG_MOD_1602 ) 
     2 SA_GEN[4].genblk1.slave_arbitration_AW_channel_arbiter ( arbiter_iwrr_1cycle_P_REQUESTER_NUM4_P_REQUESTER_WEIGHTx00000005000000040000000300000001_P_NUM_GRANT_REQ_W1_8 ) 
        3 cg_icg__RC_CG_HIER_INST151 ( cg_icg__RC_CG_MOD_151 ) 
     2 SA_GEN[4].genblk1.slave_arbitration_AW_channel_cg_icg__RC_CG_HIER_INST527 ( cg_icg__RC_CG_MOD_527 ) 
     2 SA_GEN[4].genblk1.slave_arbitration_AW_channel_cg_icg__RC_CG_HIER_INST528 ( cg_icg__RC_CG_MOD_528 ) 
     2 SA_GEN[4].genblk1.slave_arbitration_AW_channel_slv_skid_buffer_cg_icg__RC_CG_HIER_INST751 ( cg_icg__RC_CG_MOD_751 ) 
     2 SA_GEN[4].genblk1.slave_arbitration_B_channel ( sa_B_channel_MST_AMT4_OUTSTANDING_AMT4_MST_ID_W2_TRANS_MST_ID_W5_TRANS_SLV_ID_W7_TRANS_WR_RESP_W2_4 ) 
        3 fifo_wresp_filter_cg_icg__RC_CG_HIER_INST1397 ( cg_icg__RC_CG_MOD_1397 ) 
        3 fifo_wresp_filter_cg_icg__RC_CG_HIER_INST1398 ( cg_icg__RC_CG_MOD_1398 ) 
        3 fifo_wresp_filter_cg_icg__RC_CG_HIER_INST1399 ( cg_icg__RC_CG_MOD_1399 ) 
        3 fifo_wresp_filter_cg_icg__RC_CG_HIER_INST1400 ( cg_icg__RC_CG_MOD_1400 ) 
        3 fifo_wresp_filter_cg_icg__RC_CG_HIER_INST1401 ( cg_icg__RC_CG_MOD_1401 ) 
        3 fifo_wresp_filter_cg_icg__RC_CG_HIER_INST1402 ( cg_icg__RC_CG_MOD_1402 ) 
        3 slv_skid_buffer_cg_icg__RC_CG_HIER_INST726 ( cg_icg__RC_CG_MOD_726 ) 
        3 slv_skid_buffer_cg_icg__RC_CG_HIER_INST727 ( cg_icg__RC_CG_MOD_727 ) 
     2 SA_GEN[4].genblk1.slave_arbitration_R_channel ( sa_R_channel_MST_AMT4_OUTSTANDING_AMT4_MST_ID_W2_DATA_WIDTH32_ADDR_WIDTH32_TRANS_MST_ID_W5_TRANS_SLV_ID_W7_DSP_RID_W5_4 ) 
        3 cg_icg__RC_CG_HIER_INST607 ( cg_icg__RC_CG_MOD_607 ) 
        3 cg_icg__RC_CG_HIER_INST608 ( cg_icg__RC_CG_MOD_608 ) 
        3 cg_icg__RC_CG_HIER_INST609 ( cg_icg__RC_CG_MOD_609 ) 
        3 cg_icg__RC_CG_HIER_INST610 ( cg_icg__RC_CG_MOD_610 ) 
        3 cg_icg__RC_CG_HIER_INST611 ( cg_icg__RC_CG_MOD_611 ) 
        3 cg_icg__RC_CG_HIER_INST612 ( cg_icg__RC_CG_MOD_612 ) 
        3 cg_icg__RC_CG_HIER_INST613 ( cg_icg__RC_CG_MOD_613 ) 
        3 cg_icg__RC_CG_HIER_INST614 ( cg_icg__RC_CG_MOD_614 ) 
        3 cg_icg__RC_CG_HIER_INST615 ( cg_icg__RC_CG_MOD_615 ) 
        3 cg_icg__RC_CG_HIER_INST616 ( cg_icg__RC_CG_MOD_616 ) 
        3 cg_icg__RC_CG_HIER_INST617 ( cg_icg__RC_CG_MOD_617 ) 
        3 cg_icg__RC_CG_HIER_INST618 ( cg_icg__RC_CG_MOD_618 ) 
        3 cg_icg__RC_CG_HIER_INST619 ( cg_icg__RC_CG_MOD_619 ) 
        3 cg_icg__RC_CG_HIER_INST620 ( cg_icg__RC_CG_MOD_620 ) 
        3 cg_icg__RC_CG_HIER_INST621 ( cg_icg__RC_CG_MOD_621 ) 
        3 cg_icg__RC_CG_HIER_INST622 ( cg_icg__RC_CG_MOD_622 ) 
        3 cg_icg__RC_CG_HIER_INST623 ( cg_icg__RC_CG_MOD_623 ) 
        3 dsp_skid_buffer_cg_icg__RC_CG_HIER_INST702 ( cg_icg__RC_CG_MOD_702 ) 
        3 dsp_skid_buffer_cg_icg__RC_CG_HIER_INST703 ( cg_icg__RC_CG_MOD_703 ) 
        3 slv_skid_buffer_cg_icg__RC_CG_HIER_INST700 ( cg_icg__RC_CG_MOD_700 ) 
        3 slv_skid_buffer_cg_icg__RC_CG_HIER_INST701 ( cg_icg__RC_CG_MOD_701 ) 
     2 SA_GEN[4].genblk1.slave_arbitration_W_channel_MST_W_FIFO[1].fifo_wdata_cg_icg__RC_CG_HIER_INST1079 ( cg_icg__RC_CG_MOD_1079 ) 
     2 SA_GEN[4].genblk1.slave_arbitration_W_channel_MST_W_FIFO[1].fifo_wdata_cg_icg__RC_CG_HIER_INST1080 ( cg_icg__RC_CG_MOD_1080 ) 
     2 SA_GEN[4].genblk1.slave_arbitration_W_channel_MST_W_FIFO[2].fifo_wdata_cg_icg__RC_CG_HIER_INST1069 ( cg_icg__RC_CG_MOD_1069 ) 
     2 SA_GEN[4].genblk1.slave_arbitration_W_channel_MST_W_FIFO[2].fifo_wdata_cg_icg__RC_CG_HIER_INST1070 ( cg_icg__RC_CG_MOD_1070 ) 
     2 SA_GEN[4].genblk1.slave_arbitration_W_channel_MST_W_FIFO[3].fifo_wdata_cg_icg__RC_CG_HIER_INST1071 ( cg_icg__RC_CG_MOD_1071 ) 
     2 SA_GEN[4].genblk1.slave_arbitration_W_channel_MST_W_FIFO[3].fifo_wdata_cg_icg__RC_CG_HIER_INST1072 ( cg_icg__RC_CG_MOD_1072 ) 
     2 SA_GEN[4].genblk1.slave_arbitration_W_channel_cg_icg__RC_CG_HIER_INST660 ( cg_icg__RC_CG_MOD_660 ) 
     2 SA_GEN[4].genblk1.slave_arbitration_W_channel_cg_icg__RC_CG_HIER_INST661 ( cg_icg__RC_CG_MOD_661 ) 
     2 SA_GEN[4].genblk1.slave_arbitration_W_channel_cg_icg__RC_CG_HIER_INST1802 ( cg_icg__RC_CG_MOD_56913_9 ) 
     2 SA_GEN[4].genblk1.slave_arbitration_W_channel_fifo_wdata_order_cg_icg__RC_CG_HIER_INST1003 ( cg_icg__RC_CG_MOD_1003 ) 
     2 SA_GEN[4].genblk1.slave_arbitration_W_channel_fifo_wdata_order_cg_icg__RC_CG_HIER_INST1004 ( cg_icg__RC_CG_MOD_1004 ) 
     2 SA_GEN[4].genblk1.slave_arbitration_W_channel_fifo_wdata_order_cg_icg__RC_CG_HIER_INST1005 ( cg_icg__RC_CG_MOD_1005 ) 
     2 SA_GEN[4].genblk1.slave_arbitration_W_channel_fifo_wdata_order_cg_icg__RC_CG_HIER_INST1006 ( cg_icg__RC_CG_MOD_1006 ) 
     2 SA_GEN[4].genblk1.slave_arbitration_W_channel_fifo_wdata_order_cg_icg__RC_CG_HIER_INST1007 ( cg_icg__RC_CG_MOD_1007 ) 
     2 SA_GEN[4].genblk1.slave_arbitration_W_channel_fifo_wdata_order_cg_icg__RC_CG_HIER_INST1008 ( cg_icg__RC_CG_MOD_1008 ) 
     2 SA_GEN[4].genblk1.slave_arbitration_W_channel_slv_skid_buffer_cg_icg__RC_CG_HIER_INST734 ( cg_icg__RC_CG_MOD_734 ) 
     2 SA_GEN[5].genblk1.slave_arbitration_AR_channel_MST_FIFO[0].fifo_Ax_channel_cg_icg__RC_CG_HIER_INST1653 ( cg_icg__RC_CG_MOD_1653 ) 
     2 SA_GEN[5].genblk1.slave_arbitration_AR_channel_MST_FIFO[0].fifo_Ax_channel_cg_icg__RC_CG_HIER_INST1654 ( cg_icg__RC_CG_MOD_1654 ) 
     2 SA_GEN[5].genblk1.slave_arbitration_AR_channel_MST_FIFO[0].fifo_Ax_channel_cg_icg__RC_CG_HIER_INST1655 ( cg_icg__RC_CG_MOD_1655 ) 
     2 SA_GEN[5].genblk1.slave_arbitration_AR_channel_MST_FIFO[0].fifo_Ax_channel_cg_icg__RC_CG_HIER_INST1656 ( cg_icg__RC_CG_MOD_1656 ) 
     2 SA_GEN[5].genblk1.slave_arbitration_AR_channel_MST_FIFO[0].fifo_Ax_channel_cg_icg__RC_CG_HIER_INST1657 ( cg_icg__RC_CG_MOD_1657 ) 
     2 SA_GEN[5].genblk1.slave_arbitration_AR_channel_MST_FIFO[0].fifo_Ax_channel_cg_icg__RC_CG_HIER_INST1658 ( cg_icg__RC_CG_MOD_1658 ) 
     2 SA_GEN[5].genblk1.slave_arbitration_AR_channel_MST_FIFO[1].fifo_Ax_channel_cg_icg__RC_CG_HIER_INST1659 ( cg_icg__RC_CG_MOD_1659 ) 
     2 SA_GEN[5].genblk1.slave_arbitration_AR_channel_MST_FIFO[1].fifo_Ax_channel_cg_icg__RC_CG_HIER_INST1660 ( cg_icg__RC_CG_MOD_1660 ) 
     2 SA_GEN[5].genblk1.slave_arbitration_AR_channel_MST_FIFO[1].fifo_Ax_channel_cg_icg__RC_CG_HIER_INST1661 ( cg_icg__RC_CG_MOD_1661 ) 
     2 SA_GEN[5].genblk1.slave_arbitration_AR_channel_MST_FIFO[1].fifo_Ax_channel_cg_icg__RC_CG_HIER_INST1662 ( cg_icg__RC_CG_MOD_1662 ) 
     2 SA_GEN[5].genblk1.slave_arbitration_AR_channel_MST_FIFO[1].fifo_Ax_channel_cg_icg__RC_CG_HIER_INST1663 ( cg_icg__RC_CG_MOD_1663 ) 
     2 SA_GEN[5].genblk1.slave_arbitration_AR_channel_MST_FIFO[1].fifo_Ax_channel_cg_icg__RC_CG_HIER_INST1664 ( cg_icg__RC_CG_MOD_1664 ) 
     2 SA_GEN[5].genblk1.slave_arbitration_AR_channel_MST_FIFO[2].fifo_Ax_channel_cg_icg__RC_CG_HIER_INST1665 ( cg_icg__RC_CG_MOD_1665 ) 
     2 SA_GEN[5].genblk1.slave_arbitration_AR_channel_MST_FIFO[2].fifo_Ax_channel_cg_icg__RC_CG_HIER_INST1666 ( cg_icg__RC_CG_MOD_1666 ) 
     2 SA_GEN[5].genblk1.slave_arbitration_AR_channel_MST_FIFO[2].fifo_Ax_channel_cg_icg__RC_CG_HIER_INST1667 ( cg_icg__RC_CG_MOD_1667 ) 
     2 SA_GEN[5].genblk1.slave_arbitration_AR_channel_MST_FIFO[2].fifo_Ax_channel_cg_icg__RC_CG_HIER_INST1668 ( cg_icg__RC_CG_MOD_1668 ) 
     2 SA_GEN[5].genblk1.slave_arbitration_AR_channel_MST_FIFO[2].fifo_Ax_channel_cg_icg__RC_CG_HIER_INST1669 ( cg_icg__RC_CG_MOD_1669 ) 
     2 SA_GEN[5].genblk1.slave_arbitration_AR_channel_MST_FIFO[2].fifo_Ax_channel_cg_icg__RC_CG_HIER_INST1670 ( cg_icg__RC_CG_MOD_1670 ) 
     2 SA_GEN[5].genblk1.slave_arbitration_AR_channel_MST_FIFO[3].fifo_Ax_channel_cg_icg__RC_CG_HIER_INST1671 ( cg_icg__RC_CG_MOD_1671 ) 
     2 SA_GEN[5].genblk1.slave_arbitration_AR_channel_MST_FIFO[3].fifo_Ax_channel_cg_icg__RC_CG_HIER_INST1672 ( cg_icg__RC_CG_MOD_1672 ) 
     2 SA_GEN[5].genblk1.slave_arbitration_AR_channel_MST_FIFO[3].fifo_Ax_channel_cg_icg__RC_CG_HIER_INST1673 ( cg_icg__RC_CG_MOD_1673 ) 
     2 SA_GEN[5].genblk1.slave_arbitration_AR_channel_MST_FIFO[3].fifo_Ax_channel_cg_icg__RC_CG_HIER_INST1674 ( cg_icg__RC_CG_MOD_1674 ) 
     2 SA_GEN[5].genblk1.slave_arbitration_AR_channel_MST_FIFO[3].fifo_Ax_channel_cg_icg__RC_CG_HIER_INST1675 ( cg_icg__RC_CG_MOD_1675 ) 
     2 SA_GEN[5].genblk1.slave_arbitration_AR_channel_MST_FIFO[3].fifo_Ax_channel_cg_icg__RC_CG_HIER_INST1676 ( cg_icg__RC_CG_MOD_1676 ) 
     2 SA_GEN[5].genblk1.slave_arbitration_AR_channel_arbiter ( arbiter_iwrr_1cycle_P_REQUESTER_NUM4_P_REQUESTER_WEIGHTx00000005000000040000000300000001_P_NUM_GRANT_REQ_W1_11 ) 
        3 cg_icg__RC_CG_HIER_INST112 ( cg_icg__RC_CG_MOD_112 ) 
        3 cg_icg__RC_CG_HIER_INST115 ( cg_icg__RC_CG_MOD_115 ) 
     2 SA_GEN[5].genblk1.slave_arbitration_AR_channel_cg_icg__RC_CG_HIER_INST533 ( cg_icg__RC_CG_MOD_533 ) 
     2 SA_GEN[5].genblk1.slave_arbitration_AR_channel_slv_skid_buffer_cg_icg__RC_CG_HIER_INST743 ( cg_icg__RC_CG_MOD_743 ) 
     2 SA_GEN[5].genblk1.slave_arbitration_AW_channel_MST_FIFO[1].fifo_Ax_channel_cg_icg__RC_CG_HIER_INST1635 ( cg_icg__RC_CG_MOD_1635 ) 
     2 SA_GEN[5].genblk1.slave_arbitration_AW_channel_MST_FIFO[1].fifo_Ax_channel_cg_icg__RC_CG_HIER_INST1636 ( cg_icg__RC_CG_MOD_1636 ) 
     2 SA_GEN[5].genblk1.slave_arbitration_AW_channel_MST_FIFO[1].fifo_Ax_channel_cg_icg__RC_CG_HIER_INST1637 ( cg_icg__RC_CG_MOD_1637 ) 
     2 SA_GEN[5].genblk1.slave_arbitration_AW_channel_MST_FIFO[1].fifo_Ax_channel_cg_icg__RC_CG_HIER_INST1638 ( cg_icg__RC_CG_MOD_1638 ) 
     2 SA_GEN[5].genblk1.slave_arbitration_AW_channel_MST_FIFO[1].fifo_Ax_channel_cg_icg__RC_CG_HIER_INST1639 ( cg_icg__RC_CG_MOD_1639 ) 
     2 SA_GEN[5].genblk1.slave_arbitration_AW_channel_MST_FIFO[1].fifo_Ax_channel_cg_icg__RC_CG_HIER_INST1640 ( cg_icg__RC_CG_MOD_1640 ) 
     2 SA_GEN[5].genblk1.slave_arbitration_AW_channel_MST_FIFO[2].fifo_Ax_channel_cg_icg__RC_CG_HIER_INST1641 ( cg_icg__RC_CG_MOD_1641 ) 
     2 SA_GEN[5].genblk1.slave_arbitration_AW_channel_MST_FIFO[2].fifo_Ax_channel_cg_icg__RC_CG_HIER_INST1642 ( cg_icg__RC_CG_MOD_1642 ) 
     2 SA_GEN[5].genblk1.slave_arbitration_AW_channel_MST_FIFO[2].fifo_Ax_channel_cg_icg__RC_CG_HIER_INST1643 ( cg_icg__RC_CG_MOD_1643 ) 
     2 SA_GEN[5].genblk1.slave_arbitration_AW_channel_MST_FIFO[2].fifo_Ax_channel_cg_icg__RC_CG_HIER_INST1644 ( cg_icg__RC_CG_MOD_1644 ) 
     2 SA_GEN[5].genblk1.slave_arbitration_AW_channel_MST_FIFO[2].fifo_Ax_channel_cg_icg__RC_CG_HIER_INST1645 ( cg_icg__RC_CG_MOD_1645 ) 
     2 SA_GEN[5].genblk1.slave_arbitration_AW_channel_MST_FIFO[2].fifo_Ax_channel_cg_icg__RC_CG_HIER_INST1646 ( cg_icg__RC_CG_MOD_1646 ) 
     2 SA_GEN[5].genblk1.slave_arbitration_AW_channel_MST_FIFO[3].fifo_Ax_channel_cg_icg__RC_CG_HIER_INST1647 ( cg_icg__RC_CG_MOD_1647 ) 
     2 SA_GEN[5].genblk1.slave_arbitration_AW_channel_MST_FIFO[3].fifo_Ax_channel_cg_icg__RC_CG_HIER_INST1648 ( cg_icg__RC_CG_MOD_1648 ) 
     2 SA_GEN[5].genblk1.slave_arbitration_AW_channel_MST_FIFO[3].fifo_Ax_channel_cg_icg__RC_CG_HIER_INST1649 ( cg_icg__RC_CG_MOD_1649 ) 
     2 SA_GEN[5].genblk1.slave_arbitration_AW_channel_MST_FIFO[3].fifo_Ax_channel_cg_icg__RC_CG_HIER_INST1650 ( cg_icg__RC_CG_MOD_1650 ) 
     2 SA_GEN[5].genblk1.slave_arbitration_AW_channel_MST_FIFO[3].fifo_Ax_channel_cg_icg__RC_CG_HIER_INST1651 ( cg_icg__RC_CG_MOD_1651 ) 
     2 SA_GEN[5].genblk1.slave_arbitration_AW_channel_MST_FIFO[3].fifo_Ax_channel_cg_icg__RC_CG_HIER_INST1652 ( cg_icg__RC_CG_MOD_1652 ) 
     2 SA_GEN[5].genblk1.slave_arbitration_AW_channel_arbiter ( arbiter_iwrr_1cycle_P_REQUESTER_NUM4_P_REQUESTER_WEIGHTx00000005000000040000000300000001_P_NUM_GRANT_REQ_W1_10 ) 
        3 cg_icg__RC_CG_HIER_INST111 ( cg_icg__RC_CG_MOD_111 ) 
     2 SA_GEN[5].genblk1.slave_arbitration_AW_channel_cg_icg__RC_CG_HIER_INST531 ( cg_icg__RC_CG_MOD_531 ) 
     2 SA_GEN[5].genblk1.slave_arbitration_AW_channel_cg_icg__RC_CG_HIER_INST532 ( cg_icg__RC_CG_MOD_532 ) 
     2 SA_GEN[5].genblk1.slave_arbitration_AW_channel_slv_skid_buffer_cg_icg__RC_CG_HIER_INST742 ( cg_icg__RC_CG_MOD_742 ) 
     2 SA_GEN[5].genblk1.slave_arbitration_B_channel ( sa_B_channel_MST_AMT4_OUTSTANDING_AMT4_MST_ID_W2_TRANS_MST_ID_W5_TRANS_SLV_ID_W7_TRANS_WR_RESP_W2_5 ) 
        3 fifo_wresp_filter_cg_icg__RC_CG_HIER_INST1403 ( cg_icg__RC_CG_MOD_1403 ) 
        3 fifo_wresp_filter_cg_icg__RC_CG_HIER_INST1404 ( cg_icg__RC_CG_MOD_1404 ) 
        3 fifo_wresp_filter_cg_icg__RC_CG_HIER_INST1405 ( cg_icg__RC_CG_MOD_1405 ) 
        3 fifo_wresp_filter_cg_icg__RC_CG_HIER_INST1406 ( cg_icg__RC_CG_MOD_1406 ) 
        3 fifo_wresp_filter_cg_icg__RC_CG_HIER_INST1407 ( cg_icg__RC_CG_MOD_1407 ) 
        3 fifo_wresp_filter_cg_icg__RC_CG_HIER_INST1408 ( cg_icg__RC_CG_MOD_1408 ) 
        3 slv_skid_buffer_cg_icg__RC_CG_HIER_INST728 ( cg_icg__RC_CG_MOD_728 ) 
        3 slv_skid_buffer_cg_icg__RC_CG_HIER_INST729 ( cg_icg__RC_CG_MOD_729 ) 
     2 SA_GEN[5].genblk1.slave_arbitration_R_channel ( sa_R_channel_MST_AMT4_OUTSTANDING_AMT4_MST_ID_W2_DATA_WIDTH32_ADDR_WIDTH32_TRANS_MST_ID_W5_TRANS_SLV_ID_W7_DSP_RID_W5_5 ) 
        3 cg_icg__RC_CG_HIER_INST624 ( cg_icg__RC_CG_MOD_624 ) 
        3 cg_icg__RC_CG_HIER_INST625 ( cg_icg__RC_CG_MOD_625 ) 
        3 cg_icg__RC_CG_HIER_INST626 ( cg_icg__RC_CG_MOD_626 ) 
        3 cg_icg__RC_CG_HIER_INST627 ( cg_icg__RC_CG_MOD_627 ) 
        3 cg_icg__RC_CG_HIER_INST628 ( cg_icg__RC_CG_MOD_628 ) 
        3 cg_icg__RC_CG_HIER_INST629 ( cg_icg__RC_CG_MOD_629 ) 
        3 cg_icg__RC_CG_HIER_INST630 ( cg_icg__RC_CG_MOD_630 ) 
        3 cg_icg__RC_CG_HIER_INST631 ( cg_icg__RC_CG_MOD_631 ) 
        3 cg_icg__RC_CG_HIER_INST632 ( cg_icg__RC_CG_MOD_632 ) 
        3 cg_icg__RC_CG_HIER_INST633 ( cg_icg__RC_CG_MOD_633 ) 
        3 cg_icg__RC_CG_HIER_INST634 ( cg_icg__RC_CG_MOD_634 ) 
        3 cg_icg__RC_CG_HIER_INST635 ( cg_icg__RC_CG_MOD_635 ) 
        3 cg_icg__RC_CG_HIER_INST636 ( cg_icg__RC_CG_MOD_636 ) 
        3 cg_icg__RC_CG_HIER_INST637 ( cg_icg__RC_CG_MOD_637 ) 
        3 cg_icg__RC_CG_HIER_INST638 ( cg_icg__RC_CG_MOD_638 ) 
        3 cg_icg__RC_CG_HIER_INST639 ( cg_icg__RC_CG_MOD_639 ) 
        3 cg_icg__RC_CG_HIER_INST640 ( cg_icg__RC_CG_MOD_640 ) 
        3 dsp_skid_buffer_cg_icg__RC_CG_HIER_INST682 ( cg_icg__RC_CG_MOD_682 ) 
        3 dsp_skid_buffer_cg_icg__RC_CG_HIER_INST683 ( cg_icg__RC_CG_MOD_683 ) 
        3 slv_skid_buffer_cg_icg__RC_CG_HIER_INST680 ( cg_icg__RC_CG_MOD_680 ) 
        3 slv_skid_buffer_cg_icg__RC_CG_HIER_INST681 ( cg_icg__RC_CG_MOD_681 ) 
     2 SA_GEN[5].genblk1.slave_arbitration_W_channel_MST_W_FIFO[1].fifo_wdata_cg_icg__RC_CG_HIER_INST1073 ( cg_icg__RC_CG_MOD_1073 ) 
     2 SA_GEN[5].genblk1.slave_arbitration_W_channel_MST_W_FIFO[1].fifo_wdata_cg_icg__RC_CG_HIER_INST1074 ( cg_icg__RC_CG_MOD_1074 ) 
     2 SA_GEN[5].genblk1.slave_arbitration_W_channel_MST_W_FIFO[2].fifo_wdata_cg_icg__RC_CG_HIER_INST1075 ( cg_icg__RC_CG_MOD_1075 ) 
     2 SA_GEN[5].genblk1.slave_arbitration_W_channel_MST_W_FIFO[2].fifo_wdata_cg_icg__RC_CG_HIER_INST1076 ( cg_icg__RC_CG_MOD_1076 ) 
     2 SA_GEN[5].genblk1.slave_arbitration_W_channel_MST_W_FIFO[3].fifo_wdata_cg_icg__RC_CG_HIER_INST1077 ( cg_icg__RC_CG_MOD_1077 ) 
     2 SA_GEN[5].genblk1.slave_arbitration_W_channel_MST_W_FIFO[3].fifo_wdata_cg_icg__RC_CG_HIER_INST1078 ( cg_icg__RC_CG_MOD_1078 ) 
     2 SA_GEN[5].genblk1.slave_arbitration_W_channel_cg_icg__RC_CG_HIER_INST662 ( cg_icg__RC_CG_MOD_662 ) 
     2 SA_GEN[5].genblk1.slave_arbitration_W_channel_cg_icg__RC_CG_HIER_INST663 ( cg_icg__RC_CG_MOD_663 ) 
     2 SA_GEN[5].genblk1.slave_arbitration_W_channel_cg_icg__RC_CG_HIER_INST1803 ( cg_icg__RC_CG_MOD_56913_10 ) 
     2 SA_GEN[5].genblk1.slave_arbitration_W_channel_fifo_wdata_order_cg_icg__RC_CG_HIER_INST1009 ( cg_icg__RC_CG_MOD_1009 ) 
     2 SA_GEN[5].genblk1.slave_arbitration_W_channel_fifo_wdata_order_cg_icg__RC_CG_HIER_INST1010 ( cg_icg__RC_CG_MOD_1010 ) 
     2 SA_GEN[5].genblk1.slave_arbitration_W_channel_fifo_wdata_order_cg_icg__RC_CG_HIER_INST1011 ( cg_icg__RC_CG_MOD_1011 ) 
     2 SA_GEN[5].genblk1.slave_arbitration_W_channel_fifo_wdata_order_cg_icg__RC_CG_HIER_INST1012 ( cg_icg__RC_CG_MOD_1012 ) 
     2 SA_GEN[5].genblk1.slave_arbitration_W_channel_fifo_wdata_order_cg_icg__RC_CG_HIER_INST1013 ( cg_icg__RC_CG_MOD_1013 ) 
     2 SA_GEN[5].genblk1.slave_arbitration_W_channel_fifo_wdata_order_cg_icg__RC_CG_HIER_INST1014 ( cg_icg__RC_CG_MOD_1014 ) 
     2 SA_GEN[5].genblk1.slave_arbitration_W_channel_slv_skid_buffer_cg_icg__RC_CG_HIER_INST735 ( cg_icg__RC_CG_MOD_735 ) 
     2 SA_GEN[6].genblk1.slave_arbitration_AR_channel_MST_FIFO[0].fifo_Ax_channel_cg_icg__RC_CG_HIER_INST1703 ( cg_icg__RC_CG_MOD_1703 ) 
     2 SA_GEN[6].genblk1.slave_arbitration_AR_channel_MST_FIFO[0].fifo_Ax_channel_cg_icg__RC_CG_HIER_INST1704 ( cg_icg__RC_CG_MOD_1704 ) 
     2 SA_GEN[6].genblk1.slave_arbitration_AR_channel_MST_FIFO[0].fifo_Ax_channel_cg_icg__RC_CG_HIER_INST1705 ( cg_icg__RC_CG_MOD_1705 ) 
     2 SA_GEN[6].genblk1.slave_arbitration_AR_channel_MST_FIFO[0].fifo_Ax_channel_cg_icg__RC_CG_HIER_INST1706 ( cg_icg__RC_CG_MOD_1706 ) 
     2 SA_GEN[6].genblk1.slave_arbitration_AR_channel_MST_FIFO[0].fifo_Ax_channel_cg_icg__RC_CG_HIER_INST1707 ( cg_icg__RC_CG_MOD_1707 ) 
     2 SA_GEN[6].genblk1.slave_arbitration_AR_channel_MST_FIFO[0].fifo_Ax_channel_cg_icg__RC_CG_HIER_INST1708 ( cg_icg__RC_CG_MOD_1708 ) 
     2 SA_GEN[6].genblk1.slave_arbitration_AR_channel_MST_FIFO[1].fifo_Ax_channel_cg_icg__RC_CG_HIER_INST1709 ( cg_icg__RC_CG_MOD_1709 ) 
     2 SA_GEN[6].genblk1.slave_arbitration_AR_channel_MST_FIFO[1].fifo_Ax_channel_cg_icg__RC_CG_HIER_INST1710 ( cg_icg__RC_CG_MOD_1710 ) 
     2 SA_GEN[6].genblk1.slave_arbitration_AR_channel_MST_FIFO[1].fifo_Ax_channel_cg_icg__RC_CG_HIER_INST1711 ( cg_icg__RC_CG_MOD_1711 ) 
     2 SA_GEN[6].genblk1.slave_arbitration_AR_channel_MST_FIFO[1].fifo_Ax_channel_cg_icg__RC_CG_HIER_INST1712 ( cg_icg__RC_CG_MOD_1712 ) 
     2 SA_GEN[6].genblk1.slave_arbitration_AR_channel_MST_FIFO[1].fifo_Ax_channel_cg_icg__RC_CG_HIER_INST1713 ( cg_icg__RC_CG_MOD_1713 ) 
     2 SA_GEN[6].genblk1.slave_arbitration_AR_channel_MST_FIFO[1].fifo_Ax_channel_cg_icg__RC_CG_HIER_INST1714 ( cg_icg__RC_CG_MOD_1714 ) 
     2 SA_GEN[6].genblk1.slave_arbitration_AR_channel_MST_FIFO[2].fifo_Ax_channel_cg_icg__RC_CG_HIER_INST1715 ( cg_icg__RC_CG_MOD_1715 ) 
     2 SA_GEN[6].genblk1.slave_arbitration_AR_channel_MST_FIFO[2].fifo_Ax_channel_cg_icg__RC_CG_HIER_INST1716 ( cg_icg__RC_CG_MOD_1716 ) 
     2 SA_GEN[6].genblk1.slave_arbitration_AR_channel_MST_FIFO[2].fifo_Ax_channel_cg_icg__RC_CG_HIER_INST1717 ( cg_icg__RC_CG_MOD_1717 ) 
     2 SA_GEN[6].genblk1.slave_arbitration_AR_channel_MST_FIFO[2].fifo_Ax_channel_cg_icg__RC_CG_HIER_INST1718 ( cg_icg__RC_CG_MOD_1718 ) 
     2 SA_GEN[6].genblk1.slave_arbitration_AR_channel_MST_FIFO[2].fifo_Ax_channel_cg_icg__RC_CG_HIER_INST1719 ( cg_icg__RC_CG_MOD_1719 ) 
     2 SA_GEN[6].genblk1.slave_arbitration_AR_channel_MST_FIFO[2].fifo_Ax_channel_cg_icg__RC_CG_HIER_INST1720 ( cg_icg__RC_CG_MOD_1720 ) 
     2 SA_GEN[6].genblk1.slave_arbitration_AR_channel_MST_FIFO[3].fifo_Ax_channel_cg_icg__RC_CG_HIER_INST1721 ( cg_icg__RC_CG_MOD_1721 ) 
     2 SA_GEN[6].genblk1.slave_arbitration_AR_channel_MST_FIFO[3].fifo_Ax_channel_cg_icg__RC_CG_HIER_INST1722 ( cg_icg__RC_CG_MOD_1722 ) 
     2 SA_GEN[6].genblk1.slave_arbitration_AR_channel_MST_FIFO[3].fifo_Ax_channel_cg_icg__RC_CG_HIER_INST1723 ( cg_icg__RC_CG_MOD_1723 ) 
     2 SA_GEN[6].genblk1.slave_arbitration_AR_channel_MST_FIFO[3].fifo_Ax_channel_cg_icg__RC_CG_HIER_INST1724 ( cg_icg__RC_CG_MOD_1724 ) 
     2 SA_GEN[6].genblk1.slave_arbitration_AR_channel_MST_FIFO[3].fifo_Ax_channel_cg_icg__RC_CG_HIER_INST1725 ( cg_icg__RC_CG_MOD_1725 ) 
     2 SA_GEN[6].genblk1.slave_arbitration_AR_channel_MST_FIFO[3].fifo_Ax_channel_cg_icg__RC_CG_HIER_INST1726 ( cg_icg__RC_CG_MOD_1726 ) 
     2 SA_GEN[6].genblk1.slave_arbitration_AR_channel_arbiter ( arbiter_iwrr_1cycle_P_REQUESTER_NUM4_P_REQUESTER_WEIGHTx00000005000000040000000300000001_P_NUM_GRANT_REQ_W1_13 ) 
        3 cg_icg__RC_CG_HIER_INST120 ( cg_icg__RC_CG_MOD_120 ) 
        3 cg_icg__RC_CG_HIER_INST123 ( cg_icg__RC_CG_MOD_123 ) 
     2 SA_GEN[6].genblk1.slave_arbitration_AR_channel_cg_icg__RC_CG_HIER_INST537 ( cg_icg__RC_CG_MOD_537 ) 
     2 SA_GEN[6].genblk1.slave_arbitration_AR_channel_slv_skid_buffer_cg_icg__RC_CG_HIER_INST745 ( cg_icg__RC_CG_MOD_745 ) 
     2 SA_GEN[6].genblk1.slave_arbitration_AW_channel_MST_FIFO[1].fifo_Ax_channel_cg_icg__RC_CG_HIER_INST1679 ( cg_icg__RC_CG_MOD_1679 ) 
     2 SA_GEN[6].genblk1.slave_arbitration_AW_channel_MST_FIFO[1].fifo_Ax_channel_cg_icg__RC_CG_HIER_INST1680 ( cg_icg__RC_CG_MOD_1680 ) 
     2 SA_GEN[6].genblk1.slave_arbitration_AW_channel_MST_FIFO[1].fifo_Ax_channel_cg_icg__RC_CG_HIER_INST1681 ( cg_icg__RC_CG_MOD_1681 ) 
     2 SA_GEN[6].genblk1.slave_arbitration_AW_channel_MST_FIFO[1].fifo_Ax_channel_cg_icg__RC_CG_HIER_INST1682 ( cg_icg__RC_CG_MOD_1682 ) 
     2 SA_GEN[6].genblk1.slave_arbitration_AW_channel_MST_FIFO[1].fifo_Ax_channel_cg_icg__RC_CG_HIER_INST1683 ( cg_icg__RC_CG_MOD_1683 ) 
     2 SA_GEN[6].genblk1.slave_arbitration_AW_channel_MST_FIFO[1].fifo_Ax_channel_cg_icg__RC_CG_HIER_INST1684 ( cg_icg__RC_CG_MOD_1684 ) 
     2 SA_GEN[6].genblk1.slave_arbitration_AW_channel_MST_FIFO[2].fifo_Ax_channel_cg_icg__RC_CG_HIER_INST1691 ( cg_icg__RC_CG_MOD_1691 ) 
     2 SA_GEN[6].genblk1.slave_arbitration_AW_channel_MST_FIFO[2].fifo_Ax_channel_cg_icg__RC_CG_HIER_INST1692 ( cg_icg__RC_CG_MOD_1692 ) 
     2 SA_GEN[6].genblk1.slave_arbitration_AW_channel_MST_FIFO[2].fifo_Ax_channel_cg_icg__RC_CG_HIER_INST1693 ( cg_icg__RC_CG_MOD_1693 ) 
     2 SA_GEN[6].genblk1.slave_arbitration_AW_channel_MST_FIFO[2].fifo_Ax_channel_cg_icg__RC_CG_HIER_INST1694 ( cg_icg__RC_CG_MOD_1694 ) 
     2 SA_GEN[6].genblk1.slave_arbitration_AW_channel_MST_FIFO[2].fifo_Ax_channel_cg_icg__RC_CG_HIER_INST1695 ( cg_icg__RC_CG_MOD_1695 ) 
     2 SA_GEN[6].genblk1.slave_arbitration_AW_channel_MST_FIFO[2].fifo_Ax_channel_cg_icg__RC_CG_HIER_INST1696 ( cg_icg__RC_CG_MOD_1696 ) 
     2 SA_GEN[6].genblk1.slave_arbitration_AW_channel_MST_FIFO[3].fifo_Ax_channel_cg_icg__RC_CG_HIER_INST1697 ( cg_icg__RC_CG_MOD_1697 ) 
     2 SA_GEN[6].genblk1.slave_arbitration_AW_channel_MST_FIFO[3].fifo_Ax_channel_cg_icg__RC_CG_HIER_INST1698 ( cg_icg__RC_CG_MOD_1698 ) 
     2 SA_GEN[6].genblk1.slave_arbitration_AW_channel_MST_FIFO[3].fifo_Ax_channel_cg_icg__RC_CG_HIER_INST1699 ( cg_icg__RC_CG_MOD_1699 ) 
     2 SA_GEN[6].genblk1.slave_arbitration_AW_channel_MST_FIFO[3].fifo_Ax_channel_cg_icg__RC_CG_HIER_INST1700 ( cg_icg__RC_CG_MOD_1700 ) 
     2 SA_GEN[6].genblk1.slave_arbitration_AW_channel_MST_FIFO[3].fifo_Ax_channel_cg_icg__RC_CG_HIER_INST1701 ( cg_icg__RC_CG_MOD_1701 ) 
     2 SA_GEN[6].genblk1.slave_arbitration_AW_channel_MST_FIFO[3].fifo_Ax_channel_cg_icg__RC_CG_HIER_INST1702 ( cg_icg__RC_CG_MOD_1702 ) 
     2 SA_GEN[6].genblk1.slave_arbitration_AW_channel_arbiter_cg_icg__RC_CG_HIER_INST119 ( cg_icg__RC_CG_MOD_119 ) 
     2 SA_GEN[6].genblk1.slave_arbitration_AW_channel_cg_icg__RC_CG_HIER_INST535 ( cg_icg__RC_CG_MOD_535 ) 
     2 SA_GEN[6].genblk1.slave_arbitration_AW_channel_cg_icg__RC_CG_HIER_INST536 ( cg_icg__RC_CG_MOD_536 ) 
     2 SA_GEN[6].genblk1.slave_arbitration_AW_channel_slv_skid_buffer_cg_icg__RC_CG_HIER_INST744 ( cg_icg__RC_CG_MOD_744 ) 
     2 SA_GEN[6].genblk1.slave_arbitration_B_channel ( sa_B_channel_MST_AMT4_OUTSTANDING_AMT4_MST_ID_W2_TRANS_MST_ID_W5_TRANS_SLV_ID_W7_TRANS_WR_RESP_W2_6 ) 
        3 fifo_wresp_filter_cg_icg__RC_CG_HIER_INST1409 ( cg_icg__RC_CG_MOD_1409 ) 
        3 fifo_wresp_filter_cg_icg__RC_CG_HIER_INST1410 ( cg_icg__RC_CG_MOD_1410 ) 
        3 fifo_wresp_filter_cg_icg__RC_CG_HIER_INST1411 ( cg_icg__RC_CG_MOD_1411 ) 
        3 fifo_wresp_filter_cg_icg__RC_CG_HIER_INST1412 ( cg_icg__RC_CG_MOD_1412 ) 
        3 fifo_wresp_filter_cg_icg__RC_CG_HIER_INST1413 ( cg_icg__RC_CG_MOD_1413 ) 
        3 fifo_wresp_filter_cg_icg__RC_CG_HIER_INST1414 ( cg_icg__RC_CG_MOD_1414 ) 
        3 slv_skid_buffer_cg_icg__RC_CG_HIER_INST730 ( cg_icg__RC_CG_MOD_730 ) 
        3 slv_skid_buffer_cg_icg__RC_CG_HIER_INST731 ( cg_icg__RC_CG_MOD_731 ) 
     2 SA_GEN[6].genblk1.slave_arbitration_R_channel ( sa_R_channel_MST_AMT4_OUTSTANDING_AMT4_MST_ID_W2_DATA_WIDTH32_ADDR_WIDTH32_TRANS_MST_ID_W5_TRANS_SLV_ID_W7_DSP_RID_W5_6 ) 
        3 cg_icg__RC_CG_HIER_INST641 ( cg_icg__RC_CG_MOD_641 ) 
        3 cg_icg__RC_CG_HIER_INST642 ( cg_icg__RC_CG_MOD_642 ) 
        3 cg_icg__RC_CG_HIER_INST643 ( cg_icg__RC_CG_MOD_643 ) 
        3 cg_icg__RC_CG_HIER_INST644 ( cg_icg__RC_CG_MOD_644 ) 
        3 cg_icg__RC_CG_HIER_INST645 ( cg_icg__RC_CG_MOD_645 ) 
        3 cg_icg__RC_CG_HIER_INST646 ( cg_icg__RC_CG_MOD_646 ) 
        3 cg_icg__RC_CG_HIER_INST647 ( cg_icg__RC_CG_MOD_647 ) 
        3 cg_icg__RC_CG_HIER_INST648 ( cg_icg__RC_CG_MOD_648 ) 
        3 cg_icg__RC_CG_HIER_INST649 ( cg_icg__RC_CG_MOD_649 ) 
        3 cg_icg__RC_CG_HIER_INST650 ( cg_icg__RC_CG_MOD_650 ) 
        3 cg_icg__RC_CG_HIER_INST651 ( cg_icg__RC_CG_MOD_651 ) 
        3 cg_icg__RC_CG_HIER_INST652 ( cg_icg__RC_CG_MOD_652 ) 
        3 cg_icg__RC_CG_HIER_INST653 ( cg_icg__RC_CG_MOD_653 ) 
        3 cg_icg__RC_CG_HIER_INST654 ( cg_icg__RC_CG_MOD_654 ) 
        3 cg_icg__RC_CG_HIER_INST655 ( cg_icg__RC_CG_MOD_655 ) 
        3 cg_icg__RC_CG_HIER_INST656 ( cg_icg__RC_CG_MOD_656 ) 
        3 cg_icg__RC_CG_HIER_INST657 ( cg_icg__RC_CG_MOD_657 ) 
        3 dsp_skid_buffer_cg_icg__RC_CG_HIER_INST686 ( cg_icg__RC_CG_MOD_686 ) 
        3 dsp_skid_buffer_cg_icg__RC_CG_HIER_INST687 ( cg_icg__RC_CG_MOD_687 ) 
        3 slv_skid_buffer_cg_icg__RC_CG_HIER_INST684 ( cg_icg__RC_CG_MOD_684 ) 
        3 slv_skid_buffer_cg_icg__RC_CG_HIER_INST685 ( cg_icg__RC_CG_MOD_685 ) 
     2 SA_GEN[6].genblk1.slave_arbitration_W_channel_MST_W_FIFO[0].fifo_wdata_cg_icg__RC_CG_HIER_INST1165 ( cg_icg__RC_CG_MOD_1165 ) 
     2 SA_GEN[6].genblk1.slave_arbitration_W_channel_MST_W_FIFO[1].fifo_wdata_cg_icg__RC_CG_HIER_INST1167 ( cg_icg__RC_CG_MOD_1167 ) 
     2 SA_GEN[6].genblk1.slave_arbitration_W_channel_MST_W_FIFO[1].fifo_wdata_cg_icg__RC_CG_HIER_INST1168 ( cg_icg__RC_CG_MOD_1168 ) 
     2 SA_GEN[6].genblk1.slave_arbitration_W_channel_MST_W_FIFO[1].fifo_wdata_cg_icg__RC_CG_HIER_INST1169 ( cg_icg__RC_CG_MOD_1169 ) 
     2 SA_GEN[6].genblk1.slave_arbitration_W_channel_MST_W_FIFO[1].fifo_wdata_cg_icg__RC_CG_HIER_INST1170 ( cg_icg__RC_CG_MOD_1170 ) 
     2 SA_GEN[6].genblk1.slave_arbitration_W_channel_MST_W_FIFO[1].fifo_wdata_cg_icg__RC_CG_HIER_INST1171 ( cg_icg__RC_CG_MOD_1171 ) 
     2 SA_GEN[6].genblk1.slave_arbitration_W_channel_MST_W_FIFO[1].fifo_wdata_cg_icg__RC_CG_HIER_INST1172 ( cg_icg__RC_CG_MOD_1172 ) 
     2 SA_GEN[6].genblk1.slave_arbitration_W_channel_MST_W_FIFO[1].fifo_wdata_cg_icg__RC_CG_HIER_INST1173 ( cg_icg__RC_CG_MOD_1173 ) 
     2 SA_GEN[6].genblk1.slave_arbitration_W_channel_MST_W_FIFO[1].fifo_wdata_cg_icg__RC_CG_HIER_INST1174 ( cg_icg__RC_CG_MOD_1174 ) 
     2 SA_GEN[6].genblk1.slave_arbitration_W_channel_MST_W_FIFO[1].fifo_wdata_cg_icg__RC_CG_HIER_INST1175 ( cg_icg__RC_CG_MOD_1175 ) 
     2 SA_GEN[6].genblk1.slave_arbitration_W_channel_MST_W_FIFO[1].fifo_wdata_cg_icg__RC_CG_HIER_INST1176 ( cg_icg__RC_CG_MOD_1176 ) 
     2 SA_GEN[6].genblk1.slave_arbitration_W_channel_MST_W_FIFO[2].fifo_wdata_cg_icg__RC_CG_HIER_INST1093 ( cg_icg__RC_CG_MOD_1093 ) 
     2 SA_GEN[6].genblk1.slave_arbitration_W_channel_MST_W_FIFO[2].fifo_wdata_cg_icg__RC_CG_HIER_INST1094 ( cg_icg__RC_CG_MOD_1094 ) 
     2 SA_GEN[6].genblk1.slave_arbitration_W_channel_MST_W_FIFO[2].fifo_wdata_cg_icg__RC_CG_HIER_INST1095 ( cg_icg__RC_CG_MOD_1095 ) 
     2 SA_GEN[6].genblk1.slave_arbitration_W_channel_MST_W_FIFO[2].fifo_wdata_cg_icg__RC_CG_HIER_INST1096 ( cg_icg__RC_CG_MOD_1096 ) 
     2 SA_GEN[6].genblk1.slave_arbitration_W_channel_MST_W_FIFO[2].fifo_wdata_cg_icg__RC_CG_HIER_INST1097 ( cg_icg__RC_CG_MOD_1097 ) 
     2 SA_GEN[6].genblk1.slave_arbitration_W_channel_MST_W_FIFO[2].fifo_wdata_cg_icg__RC_CG_HIER_INST1098 ( cg_icg__RC_CG_MOD_1098 ) 
     2 SA_GEN[6].genblk1.slave_arbitration_W_channel_MST_W_FIFO[2].fifo_wdata_cg_icg__RC_CG_HIER_INST1099 ( cg_icg__RC_CG_MOD_1099 ) 
     2 SA_GEN[6].genblk1.slave_arbitration_W_channel_MST_W_FIFO[2].fifo_wdata_cg_icg__RC_CG_HIER_INST1100 ( cg_icg__RC_CG_MOD_1100 ) 
     2 SA_GEN[6].genblk1.slave_arbitration_W_channel_MST_W_FIFO[2].fifo_wdata_cg_icg__RC_CG_HIER_INST1101 ( cg_icg__RC_CG_MOD_1101 ) 
     2 SA_GEN[6].genblk1.slave_arbitration_W_channel_MST_W_FIFO[2].fifo_wdata_cg_icg__RC_CG_HIER_INST1102 ( cg_icg__RC_CG_MOD_1102 ) 
     2 SA_GEN[6].genblk1.slave_arbitration_W_channel_MST_W_FIFO[3].fifo_wdata_cg_icg__RC_CG_HIER_INST1103 ( cg_icg__RC_CG_MOD_1103 ) 
     2 SA_GEN[6].genblk1.slave_arbitration_W_channel_MST_W_FIFO[3].fifo_wdata_cg_icg__RC_CG_HIER_INST1104 ( cg_icg__RC_CG_MOD_1104 ) 
     2 SA_GEN[6].genblk1.slave_arbitration_W_channel_MST_W_FIFO[3].fifo_wdata_cg_icg__RC_CG_HIER_INST1105 ( cg_icg__RC_CG_MOD_1105 ) 
     2 SA_GEN[6].genblk1.slave_arbitration_W_channel_MST_W_FIFO[3].fifo_wdata_cg_icg__RC_CG_HIER_INST1106 ( cg_icg__RC_CG_MOD_1106 ) 
     2 SA_GEN[6].genblk1.slave_arbitration_W_channel_MST_W_FIFO[3].fifo_wdata_cg_icg__RC_CG_HIER_INST1107 ( cg_icg__RC_CG_MOD_1107 ) 
     2 SA_GEN[6].genblk1.slave_arbitration_W_channel_MST_W_FIFO[3].fifo_wdata_cg_icg__RC_CG_HIER_INST1108 ( cg_icg__RC_CG_MOD_1108 ) 
     2 SA_GEN[6].genblk1.slave_arbitration_W_channel_MST_W_FIFO[3].fifo_wdata_cg_icg__RC_CG_HIER_INST1109 ( cg_icg__RC_CG_MOD_1109 ) 
     2 SA_GEN[6].genblk1.slave_arbitration_W_channel_MST_W_FIFO[3].fifo_wdata_cg_icg__RC_CG_HIER_INST1110 ( cg_icg__RC_CG_MOD_1110 ) 
     2 SA_GEN[6].genblk1.slave_arbitration_W_channel_MST_W_FIFO[3].fifo_wdata_cg_icg__RC_CG_HIER_INST1111 ( cg_icg__RC_CG_MOD_1111 ) 
     2 SA_GEN[6].genblk1.slave_arbitration_W_channel_MST_W_FIFO[3].fifo_wdata_cg_icg__RC_CG_HIER_INST1112 ( cg_icg__RC_CG_MOD_1112 ) 
     2 SA_GEN[6].genblk1.slave_arbitration_W_channel_cg_icg__RC_CG_HIER_INST668 ( cg_icg__RC_CG_MOD_668 ) 
     2 SA_GEN[6].genblk1.slave_arbitration_W_channel_cg_icg__RC_CG_HIER_INST669 ( cg_icg__RC_CG_MOD_669 ) 
     2 SA_GEN[6].genblk1.slave_arbitration_W_channel_fifo_wdata_order_cg_icg__RC_CG_HIER_INST1015 ( cg_icg__RC_CG_MOD_1015 ) 
     2 SA_GEN[6].genblk1.slave_arbitration_W_channel_fifo_wdata_order_cg_icg__RC_CG_HIER_INST1016 ( cg_icg__RC_CG_MOD_1016 ) 
     2 SA_GEN[6].genblk1.slave_arbitration_W_channel_fifo_wdata_order_cg_icg__RC_CG_HIER_INST1017 ( cg_icg__RC_CG_MOD_1017 ) 
     2 SA_GEN[6].genblk1.slave_arbitration_W_channel_fifo_wdata_order_cg_icg__RC_CG_HIER_INST1018 ( cg_icg__RC_CG_MOD_1018 ) 
     2 SA_GEN[6].genblk1.slave_arbitration_W_channel_fifo_wdata_order_cg_icg__RC_CG_HIER_INST1019 ( cg_icg__RC_CG_MOD_1019 ) 
     2 SA_GEN[6].genblk1.slave_arbitration_W_channel_fifo_wdata_order_cg_icg__RC_CG_HIER_INST1020 ( cg_icg__RC_CG_MOD_1020 ) 
     2 SA_GEN[6].genblk1.slave_arbitration_W_channel_slv_skid_buffer_cg_icg__RC_CG_HIER_INST736 ( cg_icg__RC_CG_MOD_736 ) 
     2 cg_icg__RC_CG_DECLONE_HIER_INST ( cg_icg__RC_CG_MOD_513 ) 
     2 cg_icg__RC_CG_DECLONE_HIER_INST83840 ( cg_icg__RC_CG_MOD_517 ) 
     2 cg_icg__RC_CG_DECLONE_HIER_INST83841 ( cg_icg__RC_CG_MOD_522 ) 
     2 cg_icg__RC_CG_DECLONE_HIER_INST83842 ( cg_icg__RC_CG_MOD_526 ) 
     2 cg_icg__RC_CG_DECLONE_HIER_INST83843 ( cg_icg__RC_CG_MOD_530 ) 
     2 cg_icg__RC_CG_DECLONE_HIER_INST83844 ( cg_icg__RC_CG_MOD_534 ) 
     2 cg_icg__RC_CG_DECLONE_HIER_INST83845 ( cg_icg__RC_CG_MOD_538 ) 
     2 cg_icg__RC_CG_HIER_INST1794 ( cg_icg__RC_CG_MOD_56913_1 ) 
     2 cg_icg__RC_CG_HIER_INST1795 ( cg_icg__RC_CG_MOD_56913_2 ) 
     2 cg_icg__RC_CG_HIER_INST1796 ( cg_icg__RC_CG_MOD_56913_3 ) 
     2 cg_icg__RC_CG_HIER_INST1797 ( cg_icg__RC_CG_MOD_56913_4 ) 
  1 u_dcache ( data_cache_C_CACHE_SIZE16384_C_BLOCK_SIZE16_C_WAYS2_STORE_BUF_DEPTH4 ) 
     2 DATA_RAM_G_DATA_WAY[0].u_sram ( asap7_sram_1rw_ADDR_W11_DATA_W32_2 ) 
     2 DATA_RAM_G_DATA_WAY[1].u_sram ( asap7_sram_1rw_ADDR_W11_DATA_W32_3 ) 
     2 TAG_RAM_G_TAG_WAY[0].G_TAG_MACRO.u_sram ( asap7_sram_tag_512x20_ADDR_W9_DATA_W19_2 ) 
     2 TAG_RAM_G_TAG_WAY[1].G_TAG_MACRO.u_sram ( asap7_sram_tag_512x20_ADDR_W9_DATA_W19_3 ) 
     2 cg_icg__RC_CG_HIER_INST333 ( cg_icg__RC_CG_MOD_333 ) 
     2 cg_icg__RC_CG_HIER_INST334 ( cg_icg__RC_CG_MOD_334 ) 
     2 cg_icg__RC_CG_HIER_INST335 ( cg_icg__RC_CG_MOD_335 ) 
     2 cg_icg__RC_CG_HIER_INST336 ( cg_icg__RC_CG_MOD_336 ) 
     2 cg_icg__RC_CG_HIER_INST337 ( cg_icg__RC_CG_MOD_337 ) 
     2 cg_icg__RC_CG_HIER_INST338 ( cg_icg__RC_CG_MOD_338 ) 
     2 cg_icg__RC_CG_HIER_INST339 ( cg_icg__RC_CG_MOD_339 ) 
     2 cg_icg__RC_CG_HIER_INST340 ( cg_icg__RC_CG_MOD_340 ) 
     2 cg_icg__RC_CG_HIER_INST341 ( cg_icg__RC_CG_MOD_341 ) 
     2 cg_icg__RC_CG_HIER_INST342 ( cg_icg__RC_CG_MOD_342 ) 
     2 cg_icg__RC_CG_HIER_INST343 ( cg_icg__RC_CG_MOD_343 ) 
     2 cg_icg__RC_CG_HIER_INST344 ( cg_icg__RC_CG_MOD_344 ) 
     2 cg_icg__RC_CG_HIER_INST1770 ( cg_icg__RC_CG_MOD_1770 ) 
  1 u_debug_module ( rv_debug_module_sba ) 
     2 cg_icg__RC_CG_HIER_INST493 ( cg_icg__RC_CG_MOD_493 ) 
     2 cg_icg__RC_CG_HIER_INST494 ( cg_icg__RC_CG_MOD_494 ) 
     2 cg_icg__RC_CG_HIER_INST495 ( cg_icg__RC_CG_MOD_495 ) 
     2 cg_icg__RC_CG_HIER_INST496 ( cg_icg__RC_CG_MOD_496 ) 
     2 cg_icg__RC_CG_HIER_INST497 ( cg_icg__RC_CG_MOD_497 ) 
     2 cg_icg__RC_CG_HIER_INST498 ( cg_icg__RC_CG_MOD_498 ) 
     2 cg_icg__RC_CG_HIER_INST499 ( cg_icg__RC_CG_MOD_499 ) 
     2 cg_icg__RC_CG_HIER_INST500 ( cg_icg__RC_CG_MOD_500 ) 
     2 cg_icg__RC_CG_HIER_INST501 ( cg_icg__RC_CG_MOD_501 ) 
     2 cg_icg__RC_CG_HIER_INST502 ( cg_icg__RC_CG_MOD_502 ) 
     2 cg_icg__RC_CG_HIER_INST1774 ( cg_icg__RC_CG_MOD_1774 ) 
     2 cg_icg__RC_CG_HIER_INST1775 ( cg_icg__RC_CG_MOD_1775 ) 
  1 u_jtag_dtm ( rv_jtag_dtm ) 
     2 cg_icg__RC_CG_HIER_INST503 ( cg_icg__RC_CG_MOD_503 ) 
     2 cg_icg__RC_CG_HIER_INST504 ( cg_icg__RC_CG_MOD_504 ) 
     2 cg_icg__RC_CG_HIER_INST505 ( cg_icg__RC_CG_MOD_505 ) 
     2 cg_icg__RC_CG_HIER_INST506 ( cg_icg__RC_CG_MOD_506 ) 
     2 cg_icg__RC_CG_HIER_INST507 ( cg_icg__RC_CG_MOD_507 ) 
     2 cg_icg__RC_CG_HIER_INST508 ( cg_icg__RC_CG_MOD_508 ) 
  1 u_dtm_axi_cg_icg__RC_CG_HIER_INST417 ( cg_icg__RC_CG_MOD_417 ) 
  1 u_dtm_axi_cg_icg__RC_CG_HIER_INST420 ( cg_icg__RC_CG_MOD_420 ) 
  1 cg_dbg ( clock_gate_1 ) 
  1 u_dtm_axi_cg_icg__RC_CG_HIER_INST1801 ( cg_icg__RC_CG_MOD_56913_8 ) 
  1 u_dtm_axi_cg_icg__RC_CG_HIER_INST419 ( cg_icg__RC_CG_MOD_419 ) 
  1 u_icache ( instruction_cache_C_CACHE_SIZE16384_C_BLOCK_SIZE16_C_WAYS2 ) 
     2 DATA_RAM_G_DATA_WAY[0].u_sram ( asap7_sram_1rw_ADDR_W11_DATA_W32 ) 
     2 DATA_RAM_G_DATA_WAY[1].u_sram ( asap7_sram_1rw_ADDR_W11_DATA_W32_1 ) 
     2 TAG_RAM_G_TAG_WAY[0].G_TAG_MACRO.u_sram ( asap7_sram_tag_512x20_ADDR_W9_DATA_W19 ) 
     2 TAG_RAM_G_TAG_WAY[1].G_TAG_MACRO.u_sram ( asap7_sram_tag_512x20_ADDR_W9_DATA_W19_1 ) 
     2 cg_icg__RC_CG_HIER_INST428 ( cg_icg__RC_CG_MOD_428 ) 
     2 cg_icg__RC_CG_HIER_INST429 ( cg_icg__RC_CG_MOD_429 ) 
     2 cg_icg__RC_CG_HIER_INST430 ( cg_icg__RC_CG_MOD_430 ) 
     2 cg_icg__RC_CG_HIER_INST431 ( cg_icg__RC_CG_MOD_431 ) 
     2 cg_icg__RC_CG_HIER_INST432 ( cg_icg__RC_CG_MOD_432 ) 
     2 cg_icg__RC_CG_HIER_INST1773 ( cg_icg__RC_CG_MOD_1773 ) 
  1 u_axi_to_apb_cg_icg__RC_CG_HIER_INST235 ( cg_icg__RC_CG_MOD_235 ) 
  1 u_axi_to_apb_cg_icg__RC_CG_HIER_INST237 ( cg_icg__RC_CG_MOD_237 ) 
  1 u_axi_to_apb_cg_icg__RC_CG_HIER_INST234 ( cg_icg__RC_CG_MOD_234 ) 
  1 u_axi_to_apb_cg_icg__RC_CG_HIER_INST236 ( cg_icg__RC_CG_MOD_236 ) 
  1 u_axi_sdram_cg_icg__RC_CG_HIER_INST1765 ( cg_icg__RC_CG_MOD_1765 ) 
  1 u_axi_sdram_cg_icg__RC_CG_HIER_INST208 ( cg_icg__RC_CG_MOD_208 ) 
  1 u_axi_sdram_cg_icg__RC_CG_HIER_INST219 ( cg_icg__RC_CG_MOD_219 ) 
  1 u_axi_sdram_cg_icg__RC_CG_HIER_INST211 ( cg_icg__RC_CG_MOD_211 ) 
  1 u_axi_sdram_cg_icg__RC_CG_HIER_INST205 ( cg_icg__RC_CG_MOD_205 ) 
  1 u_axi_sdram_cg_icg__RC_CG_HIER_INST1764 ( cg_icg__RC_CG_MOD_1764 ) 
  1 u_axi_sdram_cg_icg__RC_CG_HIER_INST216 ( cg_icg__RC_CG_MOD_216 ) 
  1 u_axi_sdram_cg_icg__RC_CG_HIER_INST212 ( cg_icg__RC_CG_MOD_212 ) 
  1 u_axi_sdram_cg_icg__RC_CG_HIER_INST213 ( cg_icg__RC_CG_MOD_213 ) 
  1 u_axi_sdram_cg_icg__RC_CG_HIER_INST214 ( cg_icg__RC_CG_MOD_214 ) 
  1 u_axi_rom ( axi_rom_ID_WIDTH7_ADDR_MASK32h00007fff_MEM_DEPTH8192_INIT_FILE152h72746c2f6d656d6f72792f626f6f742e6d656d ) 
     2 cg_icg__RC_CG_DECLONE_HIER_INST ( cg_icg__RC_CG_MOD_201 ) 
     2 cg_icg__RC_CG_HIER_INST203 ( cg_icg__RC_CG_MOD_203 ) 
     2 cg_icg__RC_CG_HIER_INST204 ( cg_icg__RC_CG_MOD_204 ) 
  1 u_axi_ram_hi ( axi_ram_ID_WIDTH7_ADDR_MASK32h0001ffff_MEM_DEPTH32768_1 ) 
     2 cg_icg__RC_CG_HIER_INST191 ( cg_icg__RC_CG_MOD_191 ) 
     2 cg_icg__RC_CG_HIER_INST192 ( cg_icg__RC_CG_MOD_192 ) 
     2 cg_icg__RC_CG_HIER_INST193 ( cg_icg__RC_CG_MOD_193 ) 
     2 cg_icg__RC_CG_HIER_INST194 ( cg_icg__RC_CG_MOD_194 ) 
     2 cg_icg__RC_CG_HIER_INST195 ( cg_icg__RC_CG_MOD_195 ) 
     2 cg_icg__RC_CG_HIER_INST196 ( cg_icg__RC_CG_MOD_196 ) 
     2 cg_icg__RC_CG_HIER_INST197 ( cg_icg__RC_CG_MOD_197 ) 
     2 cg_icg__RC_CG_HIER_INST198 ( cg_icg__RC_CG_MOD_198 ) 
     2 cg_icg__RC_CG_HIER_INST199 ( cg_icg__RC_CG_MOD_199 ) 
     2 cg_icg__RC_CG_HIER_INST200 ( cg_icg__RC_CG_MOD_200 ) 
     2 u_mem ( asap7_sram_1rw_ADDR_W15_DATA_W32_1 ) 
        3 cg_icg__RC_CG_HIER_INST157 ( cg_icg__RC_CG_MOD_157 ) 
  1 u_axi_ram_lo ( axi_ram_ID_WIDTH7_ADDR_MASK32h0001ffff_MEM_DEPTH32768 ) 
     2 cg_icg__RC_CG_HIER_INST181 ( cg_icg__RC_CG_MOD_181 ) 
     2 cg_icg__RC_CG_HIER_INST182 ( cg_icg__RC_CG_MOD_182 ) 
     2 cg_icg__RC_CG_HIER_INST183 ( cg_icg__RC_CG_MOD_183 ) 
     2 cg_icg__RC_CG_HIER_INST184 ( cg_icg__RC_CG_MOD_184 ) 
     2 cg_icg__RC_CG_HIER_INST185 ( cg_icg__RC_CG_MOD_185 ) 
     2 cg_icg__RC_CG_HIER_INST186 ( cg_icg__RC_CG_MOD_186 ) 
     2 cg_icg__RC_CG_HIER_INST187 ( cg_icg__RC_CG_MOD_187 ) 
     2 cg_icg__RC_CG_HIER_INST188 ( cg_icg__RC_CG_MOD_188 ) 
     2 cg_icg__RC_CG_HIER_INST189 ( cg_icg__RC_CG_MOD_189 ) 
     2 cg_icg__RC_CG_HIER_INST190 ( cg_icg__RC_CG_MOD_190 ) 
     2 u_mem ( asap7_sram_1rw_ADDR_W15_DATA_W32 ) 
        3 cg_icg__RC_CG_HIER_INST156 ( cg_icg__RC_CG_MOD_156 ) 
  1 u_clint_u_slave_cg_icg__RC_CG_HIER_INST296 ( cg_icg__RC_CG_MOD_296 ) 
  1 u_clint_u_slave_cg_icg__RC_CG_HIER_INST297 ( cg_icg__RC_CG_MOD_297 ) 
  1 u_clint_u_slave_cg_icg__RC_CG_HIER_INST290 ( cg_icg__RC_CG_MOD_290 ) 
  1 u_axi_to_apb_cg_icg__RC_CG_HIER_INST238 ( cg_icg__RC_CG_MOD_238 ) 
  1 u_axi_sdram_cg_icg__RC_CG_HIER_INST217 ( cg_icg__RC_CG_MOD_217 ) 
  1 u_clint_u_slave_cg_icg__RC_CG_HIER_INST293 ( cg_icg__RC_CG_MOD_293 ) 
  1 cg_icg__RC_CG_HIER_INST1805 ( cg_icg__RC_CG_MOD_56913_12 ) 
  1 u_clint_u_slave_cg_icg__RC_CG_HIER_INST294 ( cg_icg__RC_CG_MOD_294 ) 
  1 u_clint_u_slave_cg_icg__RC_CG_HIER_INST295 ( cg_icg__RC_CG_MOD_295 ) 
  1 u_clint_u_slave_cg_icg__RC_CG_HIER_INST292 ( cg_icg__RC_CG_MOD_292 ) 
  1 u_axi_to_apb_cg_icg__RC_CG_HIER_INST229 ( cg_icg__RC_CG_MOD_229 ) 
  1 u_axi_sdram_cg_icg__RC_CG_HIER_INST218 ( cg_icg__RC_CG_MOD_218 ) 
  1 u_clint_u_slave_cg_icg__RC_CG_HIER_INST291 ( cg_icg__RC_CG_MOD_291 ) 
  1 u_clint_u_timer_cg_icg__RC_CG_HIER_INST306 ( cg_icg__RC_CG_MOD_306 ) 
  1 u_clint_u_timer_cg_icg__RC_CG_HIER_INST312 ( cg_icg__RC_CG_MOD_312 ) 
  1 u_clint_u_timer_cg_icg__RC_CG_HIER_INST307 ( cg_icg__RC_CG_MOD_307 ) 
  1 u_clint_u_timer_cg_icg__RC_CG_HIER_INST310 ( cg_icg__RC_CG_MOD_310 ) 
  1 u_clint_u_timer_cg_icg__RC_CG_HIER_INST309 ( cg_icg__RC_CG_MOD_309 ) 
  1 u_clint_u_timer_cg_icg__RC_CG_HIER_INST308 ( cg_icg__RC_CG_MOD_308 ) 
  1 u_clint_u_timer_cg_icg__RC_CG_HIER_INST314 ( cg_icg__RC_CG_MOD_314 ) 
  1 u_clint_u_timer_cg_icg__RC_CG_HIER_INST311 ( cg_icg__RC_CG_MOD_311 ) 
  1 u_clint_u_timer_cg_icg__RC_CG_HIER_INST313 ( cg_icg__RC_CG_MOD_313 ) 
  1 u_clint_u_regfile_cg_icg__RC_CG_HIER_INST303 ( cg_icg__RC_CG_MOD_303 ) 
  1 u_clint_u_regfile_cg_icg__RC_CG_HIER_INST299 ( cg_icg__RC_CG_MOD_299 ) 
  1 u_clint_u_regfile_cg_icg__RC_CG_HIER_INST300 ( cg_icg__RC_CG_MOD_300 ) 
  1 u_clint_u_regfile_cg_icg__RC_CG_HIER_INST304 ( cg_icg__RC_CG_MOD_304 ) 
  1 u_clint_u_regfile_cg_icg__RC_CG_HIER_INST301 ( cg_icg__RC_CG_MOD_301 ) 
  1 u_clint_u_regfile_cg_icg__RC_CG_HIER_INST305 ( cg_icg__RC_CG_MOD_305 ) 
  1 u_clint_u_regfile_cg_icg__RC_CG_HIER_INST302 ( cg_icg__RC_CG_MOD_302 ) 
  1 u_clint_u_regfile_cg_icg__RC_CG_HIER_INST298 ( cg_icg__RC_CG_MOD_298 ) 
  1 u_axi_sdram_cg_icg__RC_CG_HIER_INST206 ( cg_icg__RC_CG_MOD_206 ) 
  1 u_axi_sdram_cg_icg__RC_CG_HIER_INST210 ( cg_icg__RC_CG_MOD_210 ) 
  1 u_dtm_axi_cg_icg__RC_CG_HIER_INST418 ( cg_icg__RC_CG_MOD_418 ) 
  1 u_axi_sdram_cg_icg__RC_CG_HIER_INST207 ( cg_icg__RC_CG_MOD_207 ) 
  1 cg_icg__RC_CG_HIER_INST1751 ( cg_icg__RC_CG_MOD_1751 ) 
  1 u_axi_to_apb_cg_icg__RC_CG_HIER_INST232 ( cg_icg__RC_CG_MOD_232 ) 
  1 u_axi_to_apb_cg_icg__RC_CG_HIER_INST233 ( cg_icg__RC_CG_MOD_233 ) 
  1 u_axi_to_apb_cg_icg__RC_CG_HIER_INST230 ( cg_icg__RC_CG_MOD_230 ) 
  1 u_itcm ( tcm_SIZE_BYTES16384_HAS_FETCH_PORT1 ) 
     2 cg_icg__RC_CG_HIER_INST1748 ( cg_icg__RC_CG_MOD_1748 ) 
     2 u_mem ( asap7_sram_1rw_ADDR_W12_DATA_W32 ) 
  1 u_dtcm ( tcm_SIZE_BYTES16384_HAS_FETCH_PORT0 ) 
     2 cg_icg__RC_CG_HIER_INST1747 ( cg_icg__RC_CG_MOD_1747 ) 
     2 u_mem ( asap7_sram_1rw_ADDR_W12_DATA_W32_1 ) 
  1 u_axi_sdram_cg_icg__RC_CG_HIER_INST209 ( cg_icg__RC_CG_MOD_209 ) 
  1 u_axi_sdram_cg_icg__RC_CG_HIER_INST215 ( cg_icg__RC_CG_MOD_215 ) 
