============================================================
  Generated by:           Genus(TM) Synthesis Solution 23.14-s090_1
  Generated on:           Sep 25 2026  01:05:58 am
  Module:                 top_soc
  Library domain:         tc_ss
    Domain index:         0
    Technology libraries: asap7sc7p5t_SIMPLE_RVT_SS_ccs_211120 1.0
                          asap7sc7p5t_INVBUF_RVT_SS_ccs_211120 1.0
                          asap7sc7p5t_AO_RVT_SS_ccs_211120 1.0
                          asap7sc7p5t_OA_RVT_SS_ccs_211120 1.0
                          asap7sc7p5t_SEQ_RVT_SS_ccs_220123 1.0
                          asap7sc7p5t_SIMPLE_LVT_SS_ccs_211120 1.0
                          asap7sc7p5t_INVBUF_LVT_SS_ccs_211120 1.0
                          asap7sc7p5t_AO_LVT_SS_ccs_211120 1.0
                          asap7sc7p5t_OA_LVT_SS_ccs_211120 1.0
                          asap7sc7p5t_SEQ_LVT_SS_ccs_220123 1.0
                          srambank_256x4x32_6t122 1.0
                          srambank_128x4x20_6t122 1.0
  Library domain:         tc_tt
    Domain index:         1
    Technology libraries: asap7sc7p5t_SIMPLE_RVT_TT_ccs_211120 1.0
                          asap7sc7p5t_INVBUF_RVT_TT_ccs_211120 1.0
                          asap7sc7p5t_AO_RVT_TT_ccs_211120 1.0
                          asap7sc7p5t_OA_RVT_TT_ccs_211120 1.0
                          asap7sc7p5t_SEQ_RVT_TT_ccs_220123 1.0
                          asap7sc7p5t_SIMPLE_LVT_TT_ccs_211120 1.0
                          asap7sc7p5t_INVBUF_LVT_TT_ccs_211120 1.0
                          asap7sc7p5t_AO_LVT_TT_ccs_211120 1.0
                          asap7sc7p5t_OA_LVT_TT_ccs_211120 1.0
                          asap7sc7p5t_SEQ_LVT_TT_ccs_220123 1.0
                          srambank_256x4x32_6t122 1.0
                          srambank_128x4x20_6t122 1.0
  Operating conditions:   PVT_0P63V_100C 
  Operating conditions:   PVT_0P7V_25C 
  Interconnect mode:      global
  Area mode:              physical library
============================================================

 
  Hierarchy Report Format : 
 
    level instance ( module ) <status>
 
    status :    preserve_<value> -- indicating preserve hierachy or inherited_preserve value
           :    blackbox --  indicating  unresolved instance
 
==================================================================

 0 top_soc
  1 u_sys_rst_sync ( reset_sync ) 
  1 u_dbg_rst_sync ( reset_sync_1 ) 
  1 u_por_rst_sync ( reset_sync_2 ) 
  1 u_sync_rtc_pin ( cdc_sync_bit ) 
  1 cg_cpu ( clock_gate ) 
  1 cg_dbg ( clock_gate_1 ) 
  1 cg_pwm ( clock_gate_2 ) 
  1 cg_gpio ( clock_gate_3 ) 
  1 cg_cordic ( clock_gate_4 ) 
  1 cg_ascon ( clock_gate_5 ) 
  1 cg_uart ( clock_gate_6 ) 
  1 cg_spi ( clock_gate_7 ) 
  1 cg_i2c ( clock_gate_8 ) 
  1 cg_uart1 ( clock_gate_9 ) 
  1 cg_tim0 ( clock_gate_10 ) 
  1 cg_tim1 ( clock_gate_11 ) 
  1 u_core ( riscv_pipeline ) 
     2 IF ( instruction_fetch ) 
        3 C_DEC0 ( riscv_c_decompressor ) 
           4 neq_89_37 ( nequal_unsigned ) 
           4 eq_111_33 ( equal_unsigned ) 
           4 neq_112_43 ( nequal_unsigned_1 ) 
           4 neq_162_44 ( nequal_unsigned_6 ) 
           4 eq_167_38 ( equal_unsigned_8 ) 
           4 eq_177_53 ( equal_unsigned_8_1 ) 
           4 neq_170_47 ( nequal_unsigned_6_1 ) 
           4 mux_instr32_89_37 ( bmux_13 ) 
           4 ctl_funct3_c_87_23 ( case_box ) 
           4 mux_instr32_87_23 ( mux ) 
           4 mux_instr32_112_43 ( bmux_14 ) 
           4 mux_instr32_116_42 ( bmux_15 ) 
           4 mux_instr32_111_33 ( bmux_15_1 ) 
           4 ctl_134_33 ( case_box_6 ) 
           4 mux_instr32_134_33 ( mux_17 ) 
           4 mux_instr32_123_31 ( bmux_19 ) 
           4 ctl_funct3_c_104_23 ( case_box_9 ) 
           4 mux_instr32_104_23 ( mux_20 ) 
           4 mux_instr32_104_12 ( bmux_21 ) 
           4 mux_162_44 ( bmux_22 ) 
           4 mux_instr32_170_55 ( bmux_23 ) 
           4 mux_instr32_167_46 ( bmux_24 ) 
           4 ctl_166_29 ( case_box_12 ) 
           4 mux_instr32_166_29 ( mux_25 ) 
           4 ctl_funct3_c_160_23 ( case_box_15 ) 
           4 mux_instr32_160_23 ( mux_26 ) 
           4 mux_instr32_160_15 ( bmux_27 ) 
           4 mux_instr32_82_15 ( bmux_28 ) 
           4 mux_instr32_134_11 ( bmux_6606 ) 
        3 neq_300_52 ( nequal_unsigned_30 ) 
        3 neq_360_31 ( nequal_unsigned_32 ) 
        3 eq_306_52 ( equal_unsigned_38 ) 
        3 add_338_31 ( add_unsigned ) 
        3 add_339_31 ( add_unsigned_40 ) 
        3 add_464_30 ( add_unsigned_42 ) 
        3 add_430_58 ( add_unsigned_40_1 ) 
        3 mux_299_31 ( bmux_45 ) 
        3 mux_430_26 ( bmux_46 ) 
        3 mux_310_30 ( bmux ) 
        3 ctl_449_21 ( case_box_36 ) 
        3 mux_449_21 ( mux_50 ) 
        3 mux_340_26 ( bmux_46_2 ) 
        3 ctl_393_13 ( case_box_37 ) 
        3 mux_pc_out_393_13 ( mux_52 ) 
        3 ctl_rl_state_351_19 ( case_box_40 ) 
        3 mux_rl_state_351_19 ( mux_53 ) 
     2 IF_ID ( if_id_register ) 
        3 mux_if_id_fault_48_17 ( bmux_5 ) 
        3 mux_if_id_valid_48_17 ( bmux_7 ) 
        3 mux_if_id_btb_hit_48_17 ( bmux_9 ) 
        3 mux_if_id_predict_taken_48_17 ( bmux_11 ) 
        3 mux_if_id_instr_48_17 ( bmux_46_5 ) 
     2 ID ( instruction_decode_ENABLE_F_EXTENSION0 ) 
        3 MCU ( main_control_unit_ENABLE_F_EXTENSION0 ) 
           4 neq_227_41 ( nequal_unsigned_68 ) 
           4 eq_255_41 ( equal_unsigned_70 ) 
           4 neq_136_79 ( nequal_unsigned_72 ) 
           4 neq_147_54 ( nequal_unsigned_74 ) 
           4 neq_149_54 ( nequal_unsigned_76 ) 
           4 eq_216_41 ( equal_unsigned_78 ) 
           4 eq_216_63 ( equal_unsigned_78_1 ) 
           4 eq_268_45 ( equal_unsigned_82 ) 
           4 ctl_funct7_131_23 ( case_box_50 ) 
           4 mux_illegal_instr_131_23 ( mux_83 ) 
           4 ctl_funct3_145_23 ( case_box_51 ) 
           4 mux_illegal_instr_145_23 ( mux_84 ) 
           4 ctl_160_23 ( case_box_54 ) 
           4 mux_cmbsop_mem_size_160_23 ( mux_85 ) 
           4 ctl_176_23 ( case_box_57 ) 
           4 mux_cmbsop_mem_size_176_23 ( mux_86 ) 
           4 ctl_opcode_124_15 ( case_box_60 ) 
           4 mux_reg_write_124_15 ( mux_87 ) 
           4 mux_illegal_instr_266_28 ( bmux_16 ) 
           4 mux_illegal_instr_124_15 ( mux_89 ) 
           4 mux_fence_op_124_15 ( mux_53_1 ) 
           4 ctl_124_15 ( case_box_63 ) 
           4 mux_cmbsop_alu_op_124_15 ( mux_91 ) 
           4 mux_md_operation_124_15 ( mux_92 ) 
           4 mux_mem_size_124_15 ( mux_93 ) 
           4 mux_mem_unsigned_124_15 ( mux_53_2 ) 
           4 mux_mem_read_124_15 ( mux_84_1 ) 
           4 mux_mem_write_124_15 ( mux_84_2 ) 
           4 mux_reg_write_266_28 ( bmux_17 ) 
           4 ctl_124_18 ( case_box_66 ) 
           4 mux_reg_write_124_19 ( mux_53_3 ) 
        3 ACU ( alu_control_unit ) 
           4 eq_483_28 ( equal_unsigned_100 ) 
           4 ctl_funct3_484_27 ( case_box_76 ) 
           4 mux_alu_ctrl_484_27 ( mux_101 ) 
           4 mux_alu_ctrl_493_33 ( bmux_20 ) 
           4 ctl_484_27 ( case_box_77 ) 
           4 mux_alu_ctrl_484_3 ( mux_103 ) 
           4 ctl_funct3_501_27 ( case_box_80 ) 
           4 mux_alu_ctrl_501_27 ( mux_104 ) 
           4 ctl_501_27 ( case_box_83 ) 
           4 mux_alu_ctrl_501_4 ( mux_107 ) 
           4 mux_alu_ctrl_483_28 ( bmux_108 ) 
           4 mux_alu_ctrl_479_15 ( bmux_109 ) 
        3 eq_562_30 ( equal_unsigned_111 ) 
        3 eq_562_54 ( equal_unsigned_100_1 ) 
        3 eq_563_30 ( equal_unsigned_115 ) 
        3 eq_563_54 ( equal_unsigned_100_2 ) 
        3 eq_564_30 ( equal_unsigned_119 ) 
        3 eq_564_54 ( equal_unsigned_121 ) 
        3 eq_565_30 ( equal_unsigned_111_1 ) 
        3 eq_565_54 ( equal_unsigned_111_2 ) 
        3 eq_566_30 ( equal_unsigned_119_1 ) 
        3 eq_567_30 ( equal_unsigned_119_2 ) 
        3 add_572_37 ( add_unsigned_131 ) 
        3 add_574_40 ( add_unsigned_131_1 ) 
        3 eq_570_30 ( equal_unsigned_111_3 ) 
        3 eq_570_54 ( equal_unsigned_137 ) 
        3 eq_577_33 ( equal_unsigned_139 ) 
        3 eq_578_34 ( equal_unsigned_141 ) 
        3 eq_579_32 ( equal_unsigned_143 ) 
        3 eq_576_30 ( equal_unsigned_119_3 ) 
        3 neq_607_49 ( nequal_unsigned_68_1 ) 
        3 neq_606_41 ( nequal_unsigned_149 ) 
        3 eq_605_33 ( equal_unsigned_8_2 ) 
        3 eq_580_35 ( equal_unsigned_153 ) 
        3 mux_611_21 ( bmux_2 ) 
        3 ctl_562_44 ( case_box_96 ) 
        3 mux_562_44 ( mux_50_1 ) 
     2 CSR_RF ( csr_register_file_ENABLE_F_EXTENSION0 ) 
        3 g14 ( or_op ) 
        3 neq_666_36 ( nequal_unsigned_149_1 ) 
        3 neq_536_56 ( nequal_unsigned_149_2 ) 
        3 eq_361_42 ( equal_unsigned_162 ) 
        3 eq_724_60 ( equal_unsigned_162_1 ) 
        3 eq_617_61 ( equal_unsigned_166 ) 
        3 eq_620_61 ( equal_unsigned_166_1 ) 
        3 eq_632_38 ( equal_unsigned_166_2 ) 
        3 add_637_34 ( add_unsigned_172 ) 
        3 add_641_38 ( add_unsigned_172_1 ) 
        3 eq_399_41 ( equal_unsigned_162_2 ) 
        3 eq_537_55 ( equal_unsigned_162_3 ) 
        3 ctl_csr_write_addr_690_23 ( case_box_129 ) 
        3 mux_minstret_690_23 ( mux_180 ) 
        3 mux_minstret_687_38 ( bmux_181 ) 
        3 mux_minstret_681_26 ( bmux_181_1 ) 
        3 mux_minstret_670_17 ( bmux_181_2 ) 
        3 mux_mcycle_690_23 ( mux_180_1 ) 
        3 mux_mcycle_687_38 ( bmux_181_4 ) 
        3 mux_mcycle_681_26 ( bmux_181_5 ) 
        3 mux_mcycle_670_17 ( bmux_181_6 ) 
        3 mux_724_60 ( bmux_191 ) 
        3 mux_685_24 ( bmux_190 ) 
        3 mux_mil_670_17 ( bmux_190_2 ) 
        3 mux_mpil_670_17 ( bmux_190_4 ) 
        3 mux_dpc_617_39 ( bmux_46_9 ) 
        3 mux_dpc_606_28 ( bmux_46_10 ) 
        3 mux_dcsr_610_21 ( bmux_202 ) 
        3 mux_dcsr_606_28 ( bmux_202_1 ) 
        3 mux_dcsr_690_23 ( mux_204 ) 
        3 mux_dcsr_687_38 ( bmux_46_12 ) 
        3 mux_dcsr_681_26 ( bmux_46_13 ) 
        3 mux_dcsr_670_17 ( bmux_46_14 ) 
        3 mux_mtval_670_17 ( bmux_46_16 ) 
        3 mux_mcause_733_29 ( bmux_24_1 ) 
        3 mux_mcause_670_17 ( bmux_46_18 ) 
        3 mux_mepc_670_17 ( bmux_46_20 ) 
        3 mux_frm_690_23 ( mux_92_1 ) 
        3 mux_fflags_690_23 ( mux_220 ) 
        3 mux_fflags_687_38 ( bmux_221 ) 
        3 mux_fflags_681_26 ( bmux_221_1 ) 
        3 mux_fflags_670_17 ( bmux_221_2 ) 
        3 mux_mstatus_690_23 ( mux_225 ) 
        3 mux_mstatus_687_38 ( bmux_2_2 ) 
        3 mux_mstatus_681_26 ( bmux_191_1 ) 
        3 mux_mstatus_670_17 ( bmux_191_2 ) 
        3 mux_365_27 ( bmux_46_24 ) 
        3 mux_366_29 ( bmux_24_2 ) 
        3 mux_363_27 ( bmux_202_3 ) 
        3 ctl_addr_411_19 ( case_box_132 ) 
        3 mux_csr_read_value_411_19 ( mux_233 ) 
        3 ctl_addr_411_181 ( case_box_135 ) 
        3 mux_csr_read_value_411_182 ( mux_233_1 ) 
        3 ctl_addr_411_183 ( case_box_138 ) 
        3 mux_csr_read_value_411_184 ( mux_233_2 ) 
        3 ctl_addr_492_19 ( case_box_97 ) 
        3 csr_exists_550_48:mux_csr_exists_492_19 ( mux_83_1 ) 
     2 PMP ( pmp_unit_PMP_ENTRIES8 ) 
        3 g61 ( and_op_181 ) 
        3 g64 ( and_op_184 ) 
        3 g67 ( and_op_187 ) 
        3 g70 ( and_op_190 ) 
        3 g73 ( and_op_193 ) 
        3 g76 ( and_op_196 ) 
        3 g79 ( and_op_199 ) 
        3 g82 ( and_op_202 ) 
        3 g84 ( not_op_204 ) 
        3 g85 ( not_op_205 ) 
        3 g86 ( not_op_206 ) 
        3 g87 ( not_op_207 ) 
        3 g88 ( not_op_208 ) 
        3 g89 ( not_op_209 ) 
        3 g90 ( not_op_210 ) 
        3 g91 ( not_op_211 ) 
        3 g109 ( and_op_213 ) 
        3 g112 ( and_op_216 ) 
        3 g115 ( and_op_219 ) 
        3 g118 ( and_op_222 ) 
        3 g121 ( and_op_225 ) 
        3 g124 ( and_op_228 ) 
        3 g127 ( and_op_231 ) 
        3 g130 ( and_op_234 ) 
        3 mux_flat_cfg_134_27 ( mux_236 ) 
        3 decode_gint ( Decoder_7_56_-7 ) 
        3 mux_flat_cfg_136_21 ( mux_236_1 ) 
        3 decode_gint140 ( Decoder_7_56_-7_247 ) 
        3 mux_flat_cfg_137_22 ( mux_238 ) 
        3 decode_gint141 ( Decoder_7_60_-4 ) 
        3 csr_after_write_191_20:csr_value_167_31:eq_148_25 ( equal_unsigned_243 ) 
        3 lt_241_50_I4 ( lt_unsigned ) 
        3 lt_241_50_I3 ( lt_unsigned_1 ) 
        3 lt_241_50_I2 ( lt_unsigned_2 ) 
        3 lt_241_50_I1 ( lt_unsigned_249 ) 
        3 csr_after_write_191_20:csr_value_167_31:eq_154_34 ( equal_unsigned_251 ) 
        3 csr_after_write_191_20:csr_value_167_31:lt_155_28 ( lt_unsigned_249_1 ) 
        3 addr_locked_246_26:add_135_19 ( add_signed ) 
        3 addr_locked_246_26:lt_135_23 ( lt_signed ) 
        3 addr_locked_246_26:eq_137_49 ( equal_unsigned_255 ) 
        3 csr_value_189_20:eq_148_25 ( equal_unsigned_243_1 ) 
        3 csr_value_189_20:lt_151_27_I4 ( lt_signed_1 ) 
        3 csr_value_189_20:lt_151_27_I3 ( lt_signed_2 ) 
        3 csr_value_189_20:lt_151_27_I2 ( lt_signed_3 ) 
        3 csr_value_189_20:lt_151_27_I1 ( lt_signed_4 ) 
        3 csr_value_189_20:eq_154_34 ( equal_unsigned_251_1 ) 
        3 csr_value_189_20:lt_155_28 ( lt_unsigned_249_2 ) 
        3 csr_value_190_20:eq_148_25 ( equal_unsigned_243_2 ) 
        3 csr_value_190_20:lt_151_27_I4 ( lt_signed_5 ) 
        3 csr_value_190_20:lt_151_27_I3 ( lt_signed_6 ) 
        3 csr_value_190_20:lt_151_27_I2 ( lt_signed_7 ) 
        3 csr_value_190_20:lt_151_27_I1 ( lt_signed_8 ) 
        3 csr_value_190_20:eq_154_34 ( equal_unsigned_251_2 ) 
        3 csr_value_190_20:lt_155_28 ( lt_unsigned_249_3 ) 
        3 csr_after_write_191_20:lt_171_27_I4 ( lt_signed_9 ) 
        3 csr_after_write_191_20:lt_171_27_I3 ( lt_signed_10 ) 
        3 csr_after_write_191_20:lt_171_27_I2 ( lt_signed_11 ) 
        3 csr_after_write_191_20:lt_171_27_I1 ( lt_signed_12 ) 
        3 match_vec_337_25:eq_313_49_I1 ( equal_unsigned_38_1 ) 
        3 match_vec_337_25:eq_313_49_I2 ( equal_unsigned_38_2 ) 
        3 match_vec_337_25:eq_313_49_I3 ( equal_unsigned_38_3 ) 
        3 match_vec_337_25:eq_313_49_I4 ( equal_unsigned_38_4 ) 
        3 match_vec_337_25:eq_313_49_I5 ( equal_unsigned_38_5 ) 
        3 match_vec_337_25:eq_313_49_I6 ( equal_unsigned_38_6 ) 
        3 match_vec_337_25:eq_313_49_I7 ( equal_unsigned_38_7 ) 
        3 match_vec_337_25:eq_313_49_I8 ( equal_unsigned_38_8 ) 
        3 match_vec_338_25:eq_313_49_I1 ( equal_unsigned_38_9 ) 
        3 match_vec_338_25:eq_313_49_I2 ( equal_unsigned_38_10 ) 
        3 match_vec_338_25:eq_313_49_I3 ( equal_unsigned_38_11 ) 
        3 match_vec_338_25:eq_313_49_I4 ( equal_unsigned_38_12 ) 
        3 match_vec_338_25:eq_313_49_I5 ( equal_unsigned_38_13 ) 
        3 match_vec_338_25:eq_313_49_I6 ( equal_unsigned_38_14 ) 
        3 match_vec_338_25:eq_313_49_I7 ( equal_unsigned_38_15 ) 
        3 match_vec_338_25:eq_313_49_I8 ( equal_unsigned_38_16 ) 
        3 csr_after_write_191_20:csr_value_167_31:add_150_36_I2 ( add_unsigned_343 ) 
        3 csr_after_write_191_20:csr_value_167_31:add_150_36_I3 ( add_unsigned_345 ) 
        3 csr_after_write_191_20:csr_value_167_31:add_150_36_I4 ( add_unsigned_345_1 ) 
        3 csr_value_189_20:add_150_36_I4 ( add_unsigned_345_2 ) 
        3 csr_value_189_20:add_150_36_I3 ( add_unsigned_345_3 ) 
        3 csr_value_189_20:add_150_36_I2 ( add_unsigned_343_1 ) 
        3 csr_value_190_20:add_150_36_I4 ( add_unsigned_345_4 ) 
        3 csr_value_190_20:add_150_36_I3 ( add_unsigned_345_5 ) 
        3 csr_value_190_20:add_150_36_I2 ( add_unsigned_343_2 ) 
        3 ctl_csr_waddr_239_33 ( case_box_262 ) 
        3 ctl_csr_waddr_239_162 ( case_box_263 ) 
        3 mux_cfg_q[1]_243_29 ( mux_360 ) 
        3 mux_cfg_q[5]_243_29 ( mux_360_2 ) 
        3 mux_cfg_q[2]_243_29 ( mux_360_4 ) 
        3 mux_cfg_q[6]_243_29 ( mux_360_5 ) 
        3 mux_cfg_q[3]_243_29 ( mux_360_7 ) 
        3 mux_cfg_q[7]_243_29 ( mux_360_8 ) 
        3 mux_addr_locked_135_23 ( bmux_30 ) 
        3 mux_match_vec_311_23 ( bmux_388 ) 
        3 mux_match_vec_311_179 ( bmux_388_1 ) 
        3 mux_match_vec_311_180 ( bmux_388_2 ) 
        3 mux_match_vec_311_181 ( bmux_388_3 ) 
        3 mux_match_vec_311_182 ( bmux_388_4 ) 
        3 mux_match_vec_311_183 ( bmux_388_5 ) 
        3 mux_match_vec_311_184 ( bmux_388_6 ) 
        3 mux_match_vec_311_185 ( bmux_388_7 ) 
        3 ctl_m_329_21 ( case_box_281 ) 
        3 mux_match_vec_311_199 ( bmux_388_8 ) 
        3 mux_match_vec_311_200 ( bmux_388_9 ) 
        3 mux_match_vec_311_201 ( bmux_388_10 ) 
        3 mux_match_vec_311_202 ( bmux_388_11 ) 
        3 mux_match_vec_311_203 ( bmux_388_12 ) 
        3 mux_match_vec_311_204 ( bmux_388_13 ) 
        3 mux_match_vec_311_205 ( bmux_388_14 ) 
        3 mux_match_vec_311_206 ( bmux_388_15 ) 
        3 ctl_m_329_214 ( case_box_284 ) 
        3 ctl_a_168_25 ( case_box_287 ) 
        3 mux_flat_cfg_172_30 ( mux_53_4 ) 
        3 mux_flat_cfg_172_220 ( mux_53_5 ) 
        3 mux_flat_cfg_172_224 ( mux_53_6 ) 
        3 mux_flat_cfg_172_228 ( mux_53_7 ) 
        3 mux_flat_cfg_152_47 ( mux_360_10 ) 
        3 mux_flat_cfg_152_235 ( mux_360_11 ) 
        3 mux_flat_cfg_152_238 ( mux_360_12 ) 
        3 mux_flat_cfg_152_241 ( mux_360_13 ) 
        3 mux_flat_addr_156_33 ( bmux_432 ) 
        3 mux_csr_after_write_168_25 ( bmux_46_39 ) 
        3 ctl_a_148_257 ( case_box_311 ) 
        3 mux_flat_cfg_152_258 ( mux_360_14 ) 
        3 mux_csr_value_151_259 ( bmux_190_18 ) 
        3 mux_flat_cfg_152_261 ( mux_360_15 ) 
        3 mux_csr_value_151_262 ( bmux_190_19 ) 
        3 mux_flat_cfg_152_264 ( mux_360_16 ) 
        3 mux_csr_value_151_265 ( bmux_190_20 ) 
        3 mux_flat_cfg_152_267 ( mux_360_17 ) 
        3 mux_csr_value_151_268 ( bmux_190_21 ) 
        3 mux_flat_addr_156_271 ( bmux_432_1 ) 
        3 mux_csr_value_155_272 ( bmux_46_40 ) 
        3 mux_csr_value_154_273 ( bmux_46_41 ) 
        3 mux_csr_value_148_274 ( bmux_46_42 ) 
        3 ctl_a_148_280 ( case_box_323 ) 
        3 mux_flat_cfg_152_281 ( mux_360_18 ) 
        3 mux_csr_value_151_282 ( bmux_190_22 ) 
        3 mux_flat_cfg_152_284 ( mux_360_19 ) 
        3 mux_csr_value_151_285 ( bmux_190_23 ) 
        3 mux_flat_cfg_152_287 ( mux_360_20 ) 
        3 mux_csr_value_151_288 ( bmux_190_24 ) 
        3 mux_flat_cfg_152_290 ( mux_360_21 ) 
        3 mux_csr_value_151_291 ( bmux_190_25 ) 
        3 mux_flat_addr_156_294 ( bmux_432_2 ) 
        3 mux_csr_value_155_295 ( bmux_46_43 ) 
        3 mux_csr_value_154_296 ( bmux_46_44 ) 
        3 mux_csr_value_148_297 ( bmux_46_45 ) 
        3 mux_cfg_q[1]_242_29 ( bmux_190_26 ) 
        3 mux_cfg_q[1]_241_50 ( bmux_190_27 ) 
        3 mux_cfg_q[5]_242_29 ( bmux_190_29 ) 
        3 mux_cfg_q[5]_241_50 ( bmux_190_30 ) 
        3 mux_cfg_q[2]_242_29 ( bmux_190_32 ) 
        3 mux_cfg_q[2]_241_50 ( bmux_190_33 ) 
        3 mux_cfg_q[6]_242_29 ( bmux_190_35 ) 
        3 mux_cfg_q[6]_241_50 ( bmux_190_36 ) 
        3 mux_cfg_q[3]_242_29 ( bmux_190_38 ) 
        3 mux_cfg_q[3]_241_50 ( bmux_190_39 ) 
        3 mux_cfg_q[7]_242_29 ( bmux_190_41 ) 
        3 mux_cfg_q[7]_241_50 ( bmux_190_42 ) 
        3 ctl_csr_waddr_247_25 ( case_box_338 ) 
        3 g1158 ( not_op ) 
        3 g1161 ( not_op_145 ) 
        3 g1278 ( not_op_1 ) 
        3 g1281 ( not_op_145_1 ) 
        3 g1401 ( not_op_2 ) 
        3 g1404 ( not_op_145_2 ) 
        3 g1525 ( not_op_3 ) 
        3 g1528 ( not_op_145_3 ) 
        3 g1648 ( not_op_4 ) 
        3 g1651 ( not_op_145_4 ) 
        3 g1772 ( not_op_5 ) 
        3 g1775 ( not_op_145_5 ) 
        3 g1895 ( not_op_6 ) 
        3 g1898 ( not_op_145_6 ) 
        3 g2019 ( not_op_7 ) 
        3 g2022 ( not_op_145_7 ) 
        3 g2146 ( not_op_145_8 ) 
        3 g2270 ( not_op_145_9 ) 
        3 g2393 ( not_op_145_10 ) 
        3 g2516 ( not_op_145_11 ) 
        3 g2641 ( not_op_145_12 ) 
        3 g2766 ( not_op_145_13 ) 
        3 g2891 ( not_op_145_14 ) 
        3 g3016 ( not_op_145_15 ) 
        3 mux_csr_after_write_175_34 ( bmux_46_613 ) 
        3 mux_csr_after_write_171_248 ( bmux_190_259 ) 
        3 mux_csr_after_write_171_246 ( bmux_190_272 ) 
        3 mux_csr_after_write_171_244 ( bmux_190_276 ) 
        3 mux_csr_after_write_171_27 ( bmux_190_278 ) 
        3 mux_csr_after_write_176_28 ( bmux_46_618 ) 
        3 mux_csr_after_write_177_25 ( bmux_46_611 ) 
        3 mux_decide_329_21 ( mux_5847 ) 
        3 mux_decide_329_215 ( mux_5848 ) 
        3 mux_cfg_q[sll_242_51_I1]_242_30 ( mux_5849 ) 
        3 mux_cfg_q[add_242_55_I2]_242_30 ( mux_5850 ) 
        3 mux_cfg_q[add_242_55_I3]_242_30 ( mux_5851 ) 
        3 mux_cfg_q[add_242_55_I4]_242_30 ( mux_5852 ) 
        3 mux_330_30 ( bmux_6470 ) 
        3 mux_330_188 ( bmux_6471 ) 
        3 mux_330_190 ( bmux_6477 ) 
        3 mux_330_192 ( bmux_6481 ) 
        3 mux_330_194 ( bmux_6482 ) 
        3 mux_330_196 ( bmux_6483 ) 
        3 mux_330_198 ( bmux_6488 ) 
        3 mux_csr_after_write_172_29 ( bmux_190_290 ) 
        3 mux_csr_after_write_172_243 ( bmux_190_279 ) 
        3 mux_csr_after_write_172_245 ( bmux_190_277 ) 
        3 mux_csr_after_write_172_247 ( bmux_190_274 ) 
     2 RF ( register_file ) 
        3 eq_51_36 ( equal_unsigned_1 ) 
        3 neq_53_45 ( nequal_unsigned_6_2 ) 
        3 eq_82_40 ( equal_unsigned_2 ) 
        3 neq_84_49 ( nequal_unsigned_6_3 ) 
        3 eq_75_40 ( equal_unsigned_3 ) 
        3 neq_77_49 ( nequal_unsigned_6_4 ) 
        3 eq_68_41 ( equal_unsigned_4 ) 
        3 neq_70_50 ( nequal_unsigned_6_5 ) 
        3 eq_61_35 ( equal_unsigned_5 ) 
        3 neq_63_44 ( nequal_unsigned_6_6 ) 
        3 eq_93_36 ( equal_unsigned_8_3 ) 
        3 eq_94_36 ( equal_unsigned_6 ) 
        3 eq_96_36 ( equal_unsigned_8_4 ) 
        3 eq_97_36 ( equal_unsigned_7 ) 
        3 eq_99_48 ( equal_unsigned_8_5 ) 
        3 eq_100_48 ( equal_unsigned_9 ) 
        3 eq_102_48 ( equal_unsigned_8_6 ) 
        3 eq_103_48 ( equal_unsigned_10 ) 
        3 eq_106_43 ( equal_unsigned_8_7 ) 
        3 eq_107_43 ( equal_unsigned_11 ) 
        3 mux_x2_sp_68_41 ( bmux_46_46 ) 
        3 mux_x2_sp_67_21 ( bmux_46_47 ) 
        3 mux_x2_sp_75_40 ( bmux_46_48 ) 
        3 mux_x2_sp_74_21 ( bmux_46_49 ) 
        3 mux_x2_sp_82_40 ( bmux_46_50 ) 
        3 mux_x2_sp_81_21 ( bmux_46_51 ) 
        3 mux_x2_sp_50_26 ( bmux_46_52 ) 
        3 ctl_mem_wb_rd_lane1_71_25 ( case_box_431 ) 
        3 mux_rf_main[0]_71_25 ( mux_204_1 ) 
        3 mux_rf_main[0]_70_50 ( bmux_46_54 ) 
        3 mux_rf_main[0]_68_41 ( bmux_46_55 ) 
        3 mux_rf_main[0]_67_21 ( bmux_46_56 ) 
        3 ctl_ooo_commit_rd0_78_25 ( case_box_432 ) 
        3 mux_rf_main[0]_78_25 ( mux_204_2 ) 
        3 mux_rf_main[0]_77_49 ( bmux_46_57 ) 
        3 mux_rf_main[0]_75_40 ( bmux_46_58 ) 
        3 mux_rf_main[0]_74_21 ( bmux_46_59 ) 
        3 ctl_ooo_commit_rd1_85_25 ( case_box_435 ) 
        3 mux_rf_main[0]_85_25 ( mux_204_3 ) 
        3 mux_rf_main[0]_84_49 ( bmux_46_60 ) 
        3 mux_rf_main[0]_82_40 ( bmux_46_61 ) 
        3 mux_rf_main[0]_81_21 ( bmux_46_62 ) 
        3 mux_rf_main[0]_50_26 ( bmux_46_63 ) 
        3 mux_rf_main[1]_71_25 ( mux_204_4 ) 
        3 mux_rf_main[1]_70_50 ( bmux_46_64 ) 
        3 mux_rf_main[1]_68_41 ( bmux_46_65 ) 
        3 mux_rf_main[1]_67_21 ( bmux_46_66 ) 
        3 mux_rf_main[1]_78_25 ( mux_204_5 ) 
        3 mux_rf_main[1]_77_49 ( bmux_46_67 ) 
        3 mux_rf_main[1]_75_40 ( bmux_46_68 ) 
        3 mux_rf_main[1]_74_21 ( bmux_46_69 ) 
        3 mux_rf_main[1]_85_25 ( mux_204_6 ) 
        3 mux_rf_main[1]_84_49 ( bmux_46_70 ) 
        3 mux_rf_main[1]_82_40 ( bmux_46_71 ) 
        3 mux_rf_main[1]_81_21 ( bmux_46_72 ) 
        3 mux_rf_main[1]_50_26 ( bmux_46_73 ) 
        3 mux_rf_main[2]_71_25 ( mux_204_7 ) 
        3 mux_rf_main[2]_70_50 ( bmux_46_74 ) 
        3 mux_rf_main[2]_68_41 ( bmux_46_75 ) 
        3 mux_rf_main[2]_67_21 ( bmux_46_76 ) 
        3 mux_rf_main[2]_78_25 ( mux_204_8 ) 
        3 mux_rf_main[2]_77_49 ( bmux_46_77 ) 
        3 mux_rf_main[2]_75_40 ( bmux_46_78 ) 
        3 mux_rf_main[2]_74_21 ( bmux_46_79 ) 
        3 mux_rf_main[2]_85_25 ( mux_204_9 ) 
        3 mux_rf_main[2]_84_49 ( bmux_46_80 ) 
        3 mux_rf_main[2]_82_40 ( bmux_46_81 ) 
        3 mux_rf_main[2]_81_21 ( bmux_46_82 ) 
        3 mux_rf_main[2]_50_26 ( bmux_46_83 ) 
        3 mux_rf_main[3]_71_25 ( mux_204_10 ) 
        3 mux_rf_main[3]_70_50 ( bmux_46_84 ) 
        3 mux_rf_main[3]_68_41 ( bmux_46_85 ) 
        3 mux_rf_main[3]_67_21 ( bmux_46_86 ) 
        3 mux_rf_main[3]_78_25 ( mux_204_11 ) 
        3 mux_rf_main[3]_77_49 ( bmux_46_87 ) 
        3 mux_rf_main[3]_75_40 ( bmux_46_88 ) 
        3 mux_rf_main[3]_74_21 ( bmux_46_89 ) 
        3 mux_rf_main[3]_85_25 ( mux_204_12 ) 
        3 mux_rf_main[3]_84_49 ( bmux_46_90 ) 
        3 mux_rf_main[3]_82_40 ( bmux_46_91 ) 
        3 mux_rf_main[3]_81_21 ( bmux_46_92 ) 
        3 mux_rf_main[3]_50_26 ( bmux_46_93 ) 
        3 mux_rf_main[4]_71_25 ( mux_204_13 ) 
        3 mux_rf_main[4]_70_50 ( bmux_46_94 ) 
        3 mux_rf_main[4]_68_41 ( bmux_46_95 ) 
        3 mux_rf_main[4]_67_21 ( bmux_46_96 ) 
        3 mux_rf_main[4]_78_25 ( mux_204_14 ) 
        3 mux_rf_main[4]_77_49 ( bmux_46_97 ) 
        3 mux_rf_main[4]_75_40 ( bmux_46_98 ) 
        3 mux_rf_main[4]_74_21 ( bmux_46_99 ) 
        3 mux_rf_main[4]_85_25 ( mux_204_15 ) 
        3 mux_rf_main[4]_84_49 ( bmux_46_100 ) 
        3 mux_rf_main[4]_82_40 ( bmux_46_101 ) 
        3 mux_rf_main[4]_81_21 ( bmux_46_102 ) 
        3 mux_rf_main[4]_50_26 ( bmux_46_103 ) 
        3 mux_rf_main[5]_71_25 ( mux_204_16 ) 
        3 mux_rf_main[5]_70_50 ( bmux_46_104 ) 
        3 mux_rf_main[5]_68_41 ( bmux_46_105 ) 
        3 mux_rf_main[5]_67_21 ( bmux_46_106 ) 
        3 mux_rf_main[5]_78_25 ( mux_204_17 ) 
        3 mux_rf_main[5]_77_49 ( bmux_46_107 ) 
        3 mux_rf_main[5]_75_40 ( bmux_46_108 ) 
        3 mux_rf_main[5]_74_21 ( bmux_46_109 ) 
        3 mux_rf_main[5]_85_25 ( mux_204_18 ) 
        3 mux_rf_main[5]_84_49 ( bmux_46_110 ) 
        3 mux_rf_main[5]_82_40 ( bmux_46_111 ) 
        3 mux_rf_main[5]_81_21 ( bmux_46_112 ) 
        3 mux_rf_main[5]_50_26 ( bmux_46_113 ) 
        3 mux_rf_main[6]_71_25 ( mux_204_19 ) 
        3 mux_rf_main[6]_70_50 ( bmux_46_114 ) 
        3 mux_rf_main[6]_68_41 ( bmux_46_115 ) 
        3 mux_rf_main[6]_67_21 ( bmux_46_116 ) 
        3 mux_rf_main[6]_78_25 ( mux_204_20 ) 
        3 mux_rf_main[6]_77_49 ( bmux_46_117 ) 
        3 mux_rf_main[6]_75_40 ( bmux_46_118 ) 
        3 mux_rf_main[6]_74_21 ( bmux_46_119 ) 
        3 mux_rf_main[6]_85_25 ( mux_204_21 ) 
        3 mux_rf_main[6]_84_49 ( bmux_46_120 ) 
        3 mux_rf_main[6]_82_40 ( bmux_46_121 ) 
        3 mux_rf_main[6]_81_21 ( bmux_46_122 ) 
        3 mux_rf_main[6]_50_26 ( bmux_46_123 ) 
        3 mux_rf_main[7]_71_25 ( mux_204_22 ) 
        3 mux_rf_main[7]_70_50 ( bmux_46_124 ) 
        3 mux_rf_main[7]_68_41 ( bmux_46_125 ) 
        3 mux_rf_main[7]_67_21 ( bmux_46_126 ) 
        3 mux_rf_main[7]_78_25 ( mux_204_23 ) 
        3 mux_rf_main[7]_77_49 ( bmux_46_127 ) 
        3 mux_rf_main[7]_75_40 ( bmux_46_128 ) 
        3 mux_rf_main[7]_74_21 ( bmux_46_129 ) 
        3 mux_rf_main[7]_85_25 ( mux_204_24 ) 
        3 mux_rf_main[7]_84_49 ( bmux_46_130 ) 
        3 mux_rf_main[7]_82_40 ( bmux_46_131 ) 
        3 mux_rf_main[7]_81_21 ( bmux_46_132 ) 
        3 mux_rf_main[7]_50_26 ( bmux_46_133 ) 
        3 mux_rf_main[8]_71_25 ( mux_204_25 ) 
        3 mux_rf_main[8]_70_50 ( bmux_46_134 ) 
        3 mux_rf_main[8]_68_41 ( bmux_46_135 ) 
        3 mux_rf_main[8]_67_21 ( bmux_46_136 ) 
        3 mux_rf_main[8]_78_25 ( mux_204_26 ) 
        3 mux_rf_main[8]_77_49 ( bmux_46_137 ) 
        3 mux_rf_main[8]_75_40 ( bmux_46_138 ) 
        3 mux_rf_main[8]_74_21 ( bmux_46_139 ) 
        3 mux_rf_main[8]_85_25 ( mux_204_27 ) 
        3 mux_rf_main[8]_84_49 ( bmux_46_140 ) 
        3 mux_rf_main[8]_82_40 ( bmux_46_141 ) 
        3 mux_rf_main[8]_81_21 ( bmux_46_142 ) 
        3 mux_rf_main[8]_50_26 ( bmux_46_143 ) 
        3 mux_rf_main[9]_71_25 ( mux_204_28 ) 
        3 mux_rf_main[9]_70_50 ( bmux_46_144 ) 
        3 mux_rf_main[9]_68_41 ( bmux_46_145 ) 
        3 mux_rf_main[9]_67_21 ( bmux_46_146 ) 
        3 mux_rf_main[9]_78_25 ( mux_204_29 ) 
        3 mux_rf_main[9]_77_49 ( bmux_46_147 ) 
        3 mux_rf_main[9]_75_40 ( bmux_46_148 ) 
        3 mux_rf_main[9]_74_21 ( bmux_46_149 ) 
        3 mux_rf_main[9]_85_25 ( mux_204_30 ) 
        3 mux_rf_main[9]_84_49 ( bmux_46_150 ) 
        3 mux_rf_main[9]_82_40 ( bmux_46_151 ) 
        3 mux_rf_main[9]_81_21 ( bmux_46_152 ) 
        3 mux_rf_main[9]_50_26 ( bmux_46_153 ) 
        3 mux_rf_main[10]_71_25 ( mux_204_31 ) 
        3 mux_rf_main[10]_70_50 ( bmux_46_154 ) 
        3 mux_rf_main[10]_68_41 ( bmux_46_155 ) 
        3 mux_rf_main[10]_67_21 ( bmux_46_156 ) 
        3 mux_rf_main[10]_78_25 ( mux_204_32 ) 
        3 mux_rf_main[10]_77_49 ( bmux_46_157 ) 
        3 mux_rf_main[10]_75_40 ( bmux_46_158 ) 
        3 mux_rf_main[10]_74_21 ( bmux_46_159 ) 
        3 mux_rf_main[10]_85_25 ( mux_204_33 ) 
        3 mux_rf_main[10]_84_49 ( bmux_46_160 ) 
        3 mux_rf_main[10]_82_40 ( bmux_46_161 ) 
        3 mux_rf_main[10]_81_21 ( bmux_46_162 ) 
        3 mux_rf_main[10]_50_26 ( bmux_46_163 ) 
        3 mux_rf_main[11]_71_25 ( mux_204_34 ) 
        3 mux_rf_main[11]_70_50 ( bmux_46_164 ) 
        3 mux_rf_main[11]_68_41 ( bmux_46_165 ) 
        3 mux_rf_main[11]_67_21 ( bmux_46_166 ) 
        3 mux_rf_main[11]_78_25 ( mux_204_35 ) 
        3 mux_rf_main[11]_77_49 ( bmux_46_167 ) 
        3 mux_rf_main[11]_75_40 ( bmux_46_168 ) 
        3 mux_rf_main[11]_74_21 ( bmux_46_169 ) 
        3 mux_rf_main[11]_85_25 ( mux_204_36 ) 
        3 mux_rf_main[11]_84_49 ( bmux_46_170 ) 
        3 mux_rf_main[11]_82_40 ( bmux_46_171 ) 
        3 mux_rf_main[11]_81_21 ( bmux_46_172 ) 
        3 mux_rf_main[11]_50_26 ( bmux_46_173 ) 
        3 mux_rf_main[12]_71_25 ( mux_204_37 ) 
        3 mux_rf_main[12]_70_50 ( bmux_46_174 ) 
        3 mux_rf_main[12]_68_41 ( bmux_46_175 ) 
        3 mux_rf_main[12]_67_21 ( bmux_46_176 ) 
        3 mux_rf_main[12]_78_25 ( mux_204_38 ) 
        3 mux_rf_main[12]_77_49 ( bmux_46_177 ) 
        3 mux_rf_main[12]_75_40 ( bmux_46_178 ) 
        3 mux_rf_main[12]_74_21 ( bmux_46_179 ) 
        3 mux_rf_main[12]_85_25 ( mux_204_39 ) 
        3 mux_rf_main[12]_84_49 ( bmux_46_180 ) 
        3 mux_rf_main[12]_82_40 ( bmux_46_181 ) 
        3 mux_rf_main[12]_81_21 ( bmux_46_182 ) 
        3 mux_rf_main[12]_50_26 ( bmux_46_183 ) 
        3 mux_rf_main[13]_71_25 ( mux_204_40 ) 
        3 mux_rf_main[13]_70_50 ( bmux_46_184 ) 
        3 mux_rf_main[13]_68_41 ( bmux_46_185 ) 
        3 mux_rf_main[13]_67_21 ( bmux_46_186 ) 
        3 mux_rf_main[13]_78_25 ( mux_204_41 ) 
        3 mux_rf_main[13]_77_49 ( bmux_46_187 ) 
        3 mux_rf_main[13]_75_40 ( bmux_46_188 ) 
        3 mux_rf_main[13]_74_21 ( bmux_46_189 ) 
        3 mux_rf_main[13]_85_25 ( mux_204_42 ) 
        3 mux_rf_main[13]_84_49 ( bmux_46_190 ) 
        3 mux_rf_main[13]_82_40 ( bmux_46_191 ) 
        3 mux_rf_main[13]_81_21 ( bmux_46_192 ) 
        3 mux_rf_main[13]_50_26 ( bmux_46_193 ) 
        3 mux_rf_main[14]_71_25 ( mux_204_43 ) 
        3 mux_rf_main[14]_70_50 ( bmux_46_194 ) 
        3 mux_rf_main[14]_68_41 ( bmux_46_195 ) 
        3 mux_rf_main[14]_67_21 ( bmux_46_196 ) 
        3 mux_rf_main[14]_78_25 ( mux_204_44 ) 
        3 mux_rf_main[14]_77_49 ( bmux_46_197 ) 
        3 mux_rf_main[14]_75_40 ( bmux_46_198 ) 
        3 mux_rf_main[14]_74_21 ( bmux_46_199 ) 
        3 mux_rf_main[14]_85_25 ( mux_204_45 ) 
        3 mux_rf_main[14]_84_49 ( bmux_46_200 ) 
        3 mux_rf_main[14]_82_40 ( bmux_46_201 ) 
        3 mux_rf_main[14]_81_21 ( bmux_46_202 ) 
        3 mux_rf_main[14]_50_26 ( bmux_46_203 ) 
        3 mux_rf_main[15]_71_25 ( mux_204_46 ) 
        3 mux_rf_main[15]_70_50 ( bmux_46_204 ) 
        3 mux_rf_main[15]_68_41 ( bmux_46_205 ) 
        3 mux_rf_main[15]_67_21 ( bmux_46_206 ) 
        3 mux_rf_main[15]_78_25 ( mux_204_47 ) 
        3 mux_rf_main[15]_77_49 ( bmux_46_207 ) 
        3 mux_rf_main[15]_75_40 ( bmux_46_208 ) 
        3 mux_rf_main[15]_74_21 ( bmux_46_209 ) 
        3 mux_rf_main[15]_85_25 ( mux_204_48 ) 
        3 mux_rf_main[15]_84_49 ( bmux_46_210 ) 
        3 mux_rf_main[15]_82_40 ( bmux_46_211 ) 
        3 mux_rf_main[15]_81_21 ( bmux_46_212 ) 
        3 mux_rf_main[15]_50_26 ( bmux_46_213 ) 
        3 mux_rf_main[16]_71_25 ( mux_204_49 ) 
        3 mux_rf_main[16]_70_50 ( bmux_46_214 ) 
        3 mux_rf_main[16]_68_41 ( bmux_46_215 ) 
        3 mux_rf_main[16]_67_21 ( bmux_46_216 ) 
        3 mux_rf_main[16]_78_25 ( mux_204_50 ) 
        3 mux_rf_main[16]_77_49 ( bmux_46_217 ) 
        3 mux_rf_main[16]_75_40 ( bmux_46_218 ) 
        3 mux_rf_main[16]_74_21 ( bmux_46_219 ) 
        3 mux_rf_main[16]_85_25 ( mux_204_51 ) 
        3 mux_rf_main[16]_84_49 ( bmux_46_220 ) 
        3 mux_rf_main[16]_82_40 ( bmux_46_221 ) 
        3 mux_rf_main[16]_81_21 ( bmux_46_222 ) 
        3 mux_rf_main[16]_50_26 ( bmux_46_223 ) 
        3 mux_rf_main[17]_71_25 ( mux_204_52 ) 
        3 mux_rf_main[17]_70_50 ( bmux_46_224 ) 
        3 mux_rf_main[17]_68_41 ( bmux_46_225 ) 
        3 mux_rf_main[17]_67_21 ( bmux_46_226 ) 
        3 mux_rf_main[17]_78_25 ( mux_204_53 ) 
        3 mux_rf_main[17]_77_49 ( bmux_46_227 ) 
        3 mux_rf_main[17]_75_40 ( bmux_46_228 ) 
        3 mux_rf_main[17]_74_21 ( bmux_46_229 ) 
        3 mux_rf_main[17]_85_25 ( mux_204_54 ) 
        3 mux_rf_main[17]_84_49 ( bmux_46_230 ) 
        3 mux_rf_main[17]_82_40 ( bmux_46_231 ) 
        3 mux_rf_main[17]_81_21 ( bmux_46_232 ) 
        3 mux_rf_main[17]_50_26 ( bmux_46_233 ) 
        3 mux_rf_main[18]_71_25 ( mux_204_55 ) 
        3 mux_rf_main[18]_70_50 ( bmux_46_234 ) 
        3 mux_rf_main[18]_68_41 ( bmux_46_235 ) 
        3 mux_rf_main[18]_67_21 ( bmux_46_236 ) 
        3 mux_rf_main[18]_78_25 ( mux_204_56 ) 
        3 mux_rf_main[18]_77_49 ( bmux_46_237 ) 
        3 mux_rf_main[18]_75_40 ( bmux_46_238 ) 
        3 mux_rf_main[18]_74_21 ( bmux_46_239 ) 
        3 mux_rf_main[18]_85_25 ( mux_204_57 ) 
        3 mux_rf_main[18]_84_49 ( bmux_46_240 ) 
        3 mux_rf_main[18]_82_40 ( bmux_46_241 ) 
        3 mux_rf_main[18]_81_21 ( bmux_46_242 ) 
        3 mux_rf_main[18]_50_26 ( bmux_46_243 ) 
        3 mux_rf_main[19]_71_25 ( mux_204_58 ) 
        3 mux_rf_main[19]_70_50 ( bmux_46_244 ) 
        3 mux_rf_main[19]_68_41 ( bmux_46_245 ) 
        3 mux_rf_main[19]_67_21 ( bmux_46_246 ) 
        3 mux_rf_main[19]_78_25 ( mux_204_59 ) 
        3 mux_rf_main[19]_77_49 ( bmux_46_247 ) 
        3 mux_rf_main[19]_75_40 ( bmux_46_248 ) 
        3 mux_rf_main[19]_74_21 ( bmux_46_249 ) 
        3 mux_rf_main[19]_85_25 ( mux_204_60 ) 
        3 mux_rf_main[19]_84_49 ( bmux_46_250 ) 
        3 mux_rf_main[19]_82_40 ( bmux_46_251 ) 
        3 mux_rf_main[19]_81_21 ( bmux_46_252 ) 
        3 mux_rf_main[19]_50_26 ( bmux_46_253 ) 
        3 mux_rf_main[20]_71_25 ( mux_204_61 ) 
        3 mux_rf_main[20]_70_50 ( bmux_46_254 ) 
        3 mux_rf_main[20]_68_41 ( bmux_46_255 ) 
        3 mux_rf_main[20]_67_21 ( bmux_46_256 ) 
        3 mux_rf_main[20]_78_25 ( mux_204_62 ) 
        3 mux_rf_main[20]_77_49 ( bmux_46_257 ) 
        3 mux_rf_main[20]_75_40 ( bmux_46_258 ) 
        3 mux_rf_main[20]_74_21 ( bmux_46_259 ) 
        3 mux_rf_main[20]_85_25 ( mux_204_63 ) 
        3 mux_rf_main[20]_84_49 ( bmux_46_260 ) 
        3 mux_rf_main[20]_82_40 ( bmux_46_261 ) 
        3 mux_rf_main[20]_81_21 ( bmux_46_262 ) 
        3 mux_rf_main[20]_50_26 ( bmux_46_263 ) 
        3 mux_rf_main[21]_71_25 ( mux_204_64 ) 
        3 mux_rf_main[21]_70_50 ( bmux_46_264 ) 
        3 mux_rf_main[21]_68_41 ( bmux_46_265 ) 
        3 mux_rf_main[21]_67_21 ( bmux_46_266 ) 
        3 mux_rf_main[21]_78_25 ( mux_204_65 ) 
        3 mux_rf_main[21]_77_49 ( bmux_46_267 ) 
        3 mux_rf_main[21]_75_40 ( bmux_46_268 ) 
        3 mux_rf_main[21]_74_21 ( bmux_46_269 ) 
        3 mux_rf_main[21]_85_25 ( mux_204_66 ) 
        3 mux_rf_main[21]_84_49 ( bmux_46_270 ) 
        3 mux_rf_main[21]_82_40 ( bmux_46_271 ) 
        3 mux_rf_main[21]_81_21 ( bmux_46_272 ) 
        3 mux_rf_main[21]_50_26 ( bmux_46_273 ) 
        3 mux_rf_main[22]_71_25 ( mux_204_67 ) 
        3 mux_rf_main[22]_70_50 ( bmux_46_274 ) 
        3 mux_rf_main[22]_68_41 ( bmux_46_275 ) 
        3 mux_rf_main[22]_67_21 ( bmux_46_276 ) 
        3 mux_rf_main[22]_78_25 ( mux_204_68 ) 
        3 mux_rf_main[22]_77_49 ( bmux_46_277 ) 
        3 mux_rf_main[22]_75_40 ( bmux_46_278 ) 
        3 mux_rf_main[22]_74_21 ( bmux_46_279 ) 
        3 mux_rf_main[22]_85_25 ( mux_204_69 ) 
        3 mux_rf_main[22]_84_49 ( bmux_46_280 ) 
        3 mux_rf_main[22]_82_40 ( bmux_46_281 ) 
        3 mux_rf_main[22]_81_21 ( bmux_46_282 ) 
        3 mux_rf_main[22]_50_26 ( bmux_46_283 ) 
        3 mux_rf_main[23]_71_25 ( mux_204_70 ) 
        3 mux_rf_main[23]_70_50 ( bmux_46_284 ) 
        3 mux_rf_main[23]_68_41 ( bmux_46_285 ) 
        3 mux_rf_main[23]_67_21 ( bmux_46_286 ) 
        3 mux_rf_main[23]_78_25 ( mux_204_71 ) 
        3 mux_rf_main[23]_77_49 ( bmux_46_287 ) 
        3 mux_rf_main[23]_75_40 ( bmux_46_288 ) 
        3 mux_rf_main[23]_74_21 ( bmux_46_289 ) 
        3 mux_rf_main[23]_85_25 ( mux_204_72 ) 
        3 mux_rf_main[23]_84_49 ( bmux_46_290 ) 
        3 mux_rf_main[23]_82_40 ( bmux_46_291 ) 
        3 mux_rf_main[23]_81_21 ( bmux_46_292 ) 
        3 mux_rf_main[23]_50_26 ( bmux_46_293 ) 
        3 mux_rf_main[24]_71_25 ( mux_204_73 ) 
        3 mux_rf_main[24]_70_50 ( bmux_46_294 ) 
        3 mux_rf_main[24]_68_41 ( bmux_46_295 ) 
        3 mux_rf_main[24]_67_21 ( bmux_46_296 ) 
        3 mux_rf_main[24]_78_25 ( mux_204_74 ) 
        3 mux_rf_main[24]_77_49 ( bmux_46_297 ) 
        3 mux_rf_main[24]_75_40 ( bmux_46_298 ) 
        3 mux_rf_main[24]_74_21 ( bmux_46_299 ) 
        3 mux_rf_main[24]_85_25 ( mux_204_75 ) 
        3 mux_rf_main[24]_84_49 ( bmux_46_300 ) 
        3 mux_rf_main[24]_82_40 ( bmux_46_301 ) 
        3 mux_rf_main[24]_81_21 ( bmux_46_302 ) 
        3 mux_rf_main[24]_50_26 ( bmux_46_303 ) 
        3 mux_rf_main[25]_71_25 ( mux_204_76 ) 
        3 mux_rf_main[25]_70_50 ( bmux_46_304 ) 
        3 mux_rf_main[25]_68_41 ( bmux_46_305 ) 
        3 mux_rf_main[25]_67_21 ( bmux_46_306 ) 
        3 mux_rf_main[25]_78_25 ( mux_204_77 ) 
        3 mux_rf_main[25]_77_49 ( bmux_46_307 ) 
        3 mux_rf_main[25]_75_40 ( bmux_46_308 ) 
        3 mux_rf_main[25]_74_21 ( bmux_46_309 ) 
        3 mux_rf_main[25]_85_25 ( mux_204_78 ) 
        3 mux_rf_main[25]_84_49 ( bmux_46_310 ) 
        3 mux_rf_main[25]_82_40 ( bmux_46_311 ) 
        3 mux_rf_main[25]_81_21 ( bmux_46_312 ) 
        3 mux_rf_main[25]_50_26 ( bmux_46_313 ) 
        3 mux_rf_main[26]_71_25 ( mux_204_79 ) 
        3 mux_rf_main[26]_70_50 ( bmux_46_314 ) 
        3 mux_rf_main[26]_68_41 ( bmux_46_315 ) 
        3 mux_rf_main[26]_67_21 ( bmux_46_316 ) 
        3 mux_rf_main[26]_78_25 ( mux_204_80 ) 
        3 mux_rf_main[26]_77_49 ( bmux_46_317 ) 
        3 mux_rf_main[26]_75_40 ( bmux_46_318 ) 
        3 mux_rf_main[26]_74_21 ( bmux_46_319 ) 
        3 mux_rf_main[26]_85_25 ( mux_204_81 ) 
        3 mux_rf_main[26]_84_49 ( bmux_46_320 ) 
        3 mux_rf_main[26]_82_40 ( bmux_46_321 ) 
        3 mux_rf_main[26]_81_21 ( bmux_46_322 ) 
        3 mux_rf_main[26]_50_26 ( bmux_46_323 ) 
        3 mux_rf_main[27]_71_25 ( mux_204_82 ) 
        3 mux_rf_main[27]_70_50 ( bmux_46_324 ) 
        3 mux_rf_main[27]_68_41 ( bmux_46_325 ) 
        3 mux_rf_main[27]_67_21 ( bmux_46_326 ) 
        3 mux_rf_main[27]_78_25 ( mux_204_83 ) 
        3 mux_rf_main[27]_77_49 ( bmux_46_327 ) 
        3 mux_rf_main[27]_75_40 ( bmux_46_328 ) 
        3 mux_rf_main[27]_74_21 ( bmux_46_329 ) 
        3 mux_rf_main[27]_85_25 ( mux_204_84 ) 
        3 mux_rf_main[27]_84_49 ( bmux_46_330 ) 
        3 mux_rf_main[27]_82_40 ( bmux_46_331 ) 
        3 mux_rf_main[27]_81_21 ( bmux_46_332 ) 
        3 mux_rf_main[27]_50_26 ( bmux_46_333 ) 
        3 mux_rf_main[28]_71_25 ( mux_204_85 ) 
        3 mux_rf_main[28]_70_50 ( bmux_46_334 ) 
        3 mux_rf_main[28]_68_41 ( bmux_46_335 ) 
        3 mux_rf_main[28]_67_21 ( bmux_46_336 ) 
        3 mux_rf_main[28]_78_25 ( mux_204_86 ) 
        3 mux_rf_main[28]_77_49 ( bmux_46_337 ) 
        3 mux_rf_main[28]_75_40 ( bmux_46_338 ) 
        3 mux_rf_main[28]_74_21 ( bmux_46_339 ) 
        3 mux_rf_main[28]_85_25 ( mux_204_87 ) 
        3 mux_rf_main[28]_84_49 ( bmux_46_340 ) 
        3 mux_rf_main[28]_82_40 ( bmux_46_341 ) 
        3 mux_rf_main[28]_81_21 ( bmux_46_342 ) 
        3 mux_rf_main[28]_50_26 ( bmux_46_343 ) 
        3 mux_rf_main[29]_71_25 ( mux_204_88 ) 
        3 mux_rf_main[29]_70_50 ( bmux_46_344 ) 
        3 mux_rf_main[29]_68_41 ( bmux_46_345 ) 
        3 mux_rf_main[29]_67_21 ( bmux_46_346 ) 
        3 mux_rf_main[29]_78_25 ( mux_204_89 ) 
        3 mux_rf_main[29]_77_49 ( bmux_46_347 ) 
        3 mux_rf_main[29]_75_40 ( bmux_46_348 ) 
        3 mux_rf_main[29]_74_21 ( bmux_46_349 ) 
        3 mux_rf_main[29]_85_25 ( mux_204_90 ) 
        3 mux_rf_main[29]_84_49 ( bmux_46_350 ) 
        3 mux_rf_main[29]_82_40 ( bmux_46_351 ) 
        3 mux_rf_main[29]_81_21 ( bmux_46_352 ) 
        3 mux_rf_main[29]_50_26 ( bmux_46_353 ) 
        3 mux_rf_main[30]_71_25 ( mux_204_91 ) 
        3 mux_rf_main[30]_70_50 ( bmux_46_354 ) 
        3 mux_rf_main[30]_68_41 ( bmux_46_355 ) 
        3 mux_rf_main[30]_67_21 ( bmux_46_356 ) 
        3 mux_rf_main[30]_78_25 ( mux_204_92 ) 
        3 mux_rf_main[30]_77_49 ( bmux_46_357 ) 
        3 mux_rf_main[30]_75_40 ( bmux_46_358 ) 
        3 mux_rf_main[30]_74_21 ( bmux_46_359 ) 
        3 mux_rf_main[30]_85_25 ( mux_204_93 ) 
        3 mux_rf_main[30]_84_49 ( bmux_46_360 ) 
        3 mux_rf_main[30]_82_40 ( bmux_46_361 ) 
        3 mux_rf_main[30]_81_21 ( bmux_46_362 ) 
        3 mux_rf_main[30]_50_26 ( bmux_46_363 ) 
        3 mux_rf_main[31]_71_25 ( mux_204_94 ) 
        3 mux_rf_main[31]_70_50 ( bmux_46_364 ) 
        3 mux_rf_main[31]_68_41 ( bmux_46_365 ) 
        3 mux_rf_main[31]_67_21 ( bmux_46_366 ) 
        3 mux_rf_main[31]_78_25 ( mux_204_95 ) 
        3 mux_rf_main[31]_77_49 ( bmux_46_367 ) 
        3 mux_rf_main[31]_75_40 ( bmux_46_368 ) 
        3 mux_rf_main[31]_74_21 ( bmux_46_369 ) 
        3 mux_rf_main[31]_85_25 ( mux_204_96 ) 
        3 mux_rf_main[31]_84_49 ( bmux_46_370 ) 
        3 mux_rf_main[31]_82_40 ( bmux_46_371 ) 
        3 mux_rf_main[31]_81_21 ( bmux_46_372 ) 
        3 mux_rf_main[31]_50_26 ( bmux_46_373 ) 
        3 mux_rf_main[dbg_read_addr]_107_62 ( bmux_956 ) 
        3 mux_107_43 ( bmux_46_374 ) 
        3 mux_106_43 ( bmux_46_375 ) 
        3 mux_rf_main[read_reg2_lane1]_103_67 ( bmux_956_1 ) 
        3 mux_103_48 ( bmux_46_376 ) 
        3 mux_102_48 ( bmux_46_377 ) 
        3 mux_rf_main[read_reg1_lane1]_100_67 ( bmux_956_2 ) 
        3 mux_100_48 ( bmux_46_378 ) 
        3 mux_99_48 ( bmux_46_379 ) 
        3 mux_rf_main[read_reg2]_97_55 ( bmux_956_3 ) 
        3 mux_97_36 ( bmux_46_380 ) 
        3 mux_96_36 ( bmux_46_381 ) 
        3 mux_rf_main[read_reg1]_94_55 ( bmux_956_4 ) 
        3 mux_94_36 ( bmux_46_382 ) 
        3 mux_93_36 ( bmux_46_383 ) 
        3 ctl_dbg_write_addr_54_21 ( case_box_438 ) 
        3 ctl_mem_wb_rd_64_25 ( case_box_441 ) 
     2 ID_EX ( id_ex_register_ROB_TAG_W1 ) 
        3 neq_215_53 ( nequal_unsigned_6_7 ) 
        3 mux_id_ex_fault_157_17 ( bmux_32 ) 
        3 mux_id_ex_illegal_157_17 ( bmux_34 ) 
        3 mux_id_ex_valid_157_17 ( bmux_36 ) 
        3 mux_id_ex_rob_valid_157_17 ( bmux_38 ) 
        3 mux_id_ex_x_to_f_157_17 ( bmux_41 ) 
        3 mux_id_ex_f_to_x_157_17 ( bmux_43 ) 
        3 mux_id_ex_f_mem_write_157_17 ( bmux_47 ) 
        3 mux_id_ex_f_mem_to_reg_157_17 ( bmux_49 ) 
        3 mux_id_ex_f_reg_write_157_17 ( bmux_51 ) 
        3 mux_id_ex_fpu_en_157_17 ( bmux_53 ) 
        3 mux_id_ex_instr_157_17 ( bmux_46_384 ) 
        3 mux_id_ex_md_operation_157_17 ( bmux_202_4 ) 
        3 mux_id_ex_md_type_157_17 ( bmux_55 ) 
        3 mux_id_ex_csr_we_157_17 ( bmux_57 ) 
        3 mux_id_ex_csr_op_157_17 ( bmux_2_3 ) 
        3 mux_id_ex_fence_op_157_17 ( bmux_59 ) 
        3 mux_id_ex_mret_157_17 ( bmux_61 ) 
        3 mux_id_ex_ebreak_157_17 ( bmux_63 ) 
        3 mux_id_ex_ecall_157_17 ( bmux_65 ) 
        3 mux_id_ex_btb_hit_157_17 ( bmux_67 ) 
        3 mux_id_ex_predict_taken_157_17 ( bmux_69 ) 
        3 mux_id_ex_alu_ctrl_157_17 ( bmux_108_15 ) 
        3 mux_id_ex_mem_size_157_17 ( bmux_2_5 ) 
        3 mux_id_ex_mem_unsigned_157_17 ( bmux_71 ) 
        3 mux_id_ex_auipc_157_17 ( bmux_73 ) 
        3 mux_id_ex_lui_157_17 ( bmux_75 ) 
        3 mux_id_ex_jalr_157_17 ( bmux_77 ) 
        3 mux_id_ex_jal_157_17 ( bmux_79 ) 
        3 mux_id_ex_branch_157_17 ( bmux_81 ) 
        3 mux_id_ex_mem_to_reg_157_17 ( bmux_83 ) 
        3 mux_id_ex_mem_read_157_17 ( bmux_85 ) 
        3 mux_id_ex_mem_write_157_17 ( bmux_87 ) 
        3 mux_id_ex_alu_src_157_17 ( bmux_89 ) 
        3 mux_id_ex_reg_write_157_17 ( bmux_91 ) 
     2 FU ( forwarding_unit ) 
        3 eq_58_33 ( equal_unsigned_255_2 ) 
        3 eq_59_33 ( equal_unsigned_255_3 ) 
        3 eq_64_40 ( equal_unsigned_255_4 ) 
        3 eq_65_40 ( equal_unsigned_255_5 ) 
        3 eq_43_67 ( equal_unsigned_1052 ) 
        3 eq_91_55 ( equal_unsigned_1052_1 ) 
        3 eq_50_67 ( equal_unsigned_1052_2 ) 
        3 eq_93_55 ( equal_unsigned_1052_3 ) 
        3 eq_94_55 ( equal_unsigned_1052_4 ) 
        3 eq_95_55 ( equal_unsigned_1052_5 ) 
        3 neq_43_44 ( nequal_unsigned_6_8 ) 
        3 neq_45_53 ( nequal_unsigned_6_9 ) 
        3 mux_104_22 ( bmux_46_386 ) 
        3 mux_103_22 ( bmux_46_387 ) 
        3 mux_101_22 ( bmux_46_388 ) 
        3 mux_100_22 ( bmux_46_389 ) 
        3 mux_98_22 ( bmux_46_390 ) 
        3 mux_97_22 ( bmux_46_391 ) 
        3 mux_forward_b_52_90 ( bmux_93 ) 
        3 mux_forward_b_50_53 ( bmux_2_7 ) 
        3 mux_65_40 ( bmux_46_392 ) 
        3 mux_64_40 ( bmux_46_393 ) 
        3 mux_62_23 ( bmux_46_394 ) 
        3 mux_forward_a_45_90 ( bmux_94 ) 
        3 mux_forward_a_43_53 ( bmux_2_8 ) 
        3 mux_59_33 ( bmux_46_395 ) 
        3 mux_58_33 ( bmux_46_396 ) 
     2 EX ( execute_ENABLE_MULDIV1_ENABLE_FPU0_ENABLE_CSR1_ENABLE_BRANCH1 ) 
        3 gen_muldiv.MUL ( multiplier ) 
           4 eq_59_29 ( equal_unsigned_255_6 ) 
           4 gte_185_32 ( geq_unsigned ) 
           4 minus_131_53 ( sub_unsigned ) 
           4 lt_168_40_I4 ( lt_unsigned_1086 ) 
           4 lt_168_40_I3 ( lt_unsigned_1086_1 ) 
           4 lt_168_40_I2 ( lt_unsigned_1086_2 ) 
           4 lt_168_40_I1 ( lt_unsigned_1086_3 ) 
           4 minus_137_43 ( sub_unsigned_1 ) 
           4 add_170_55_I4 ( add_unsigned_1099 ) 
           4 add_170_55_I3 ( add_unsigned_1099_1 ) 
           4 add_170_55_I2 ( add_unsigned_1099_2 ) 
           4 add_170_55_I1 ( add_unsigned_1099_3 ) 
           4 add_175_53_I4 ( add_unsigned_1107 ) 
           4 add_175_53_I3 ( add_unsigned_1107_1 ) 
           4 add_175_53_I2 ( add_unsigned_1107_2 ) 
           4 add_175_53_I1 ( add_unsigned_1107_3 ) 
           4 minus_198_42 ( sub_unsigned_1115 ) 
           4 eq_272_34 ( equal_unsigned_255_7 ) 
           4 eq_271_33 ( equal_unsigned_162_4 ) 
           4 mux_state_next_94_21 ( bmux_2_9 ) 
           4 mux_count_temp_168_40 ( bmux_191_6 ) 
           4 mux_count_temp_168_30 ( bmux_191_7 ) 
           4 mux_count_temp_168_32 ( bmux_191_8 ) 
           4 mux_count_temp_168_34 ( bmux_191_9 ) 
           4 mux_state_next_185_32 ( bmux_2_10 ) 
           4 mux_state_next_153_21 ( bmux_2_11 ) 
           4 mux_state_next_230_21 ( bmux_95 ) 
           4 ctl_97_27 ( case_box_525 ) 
           4 mux_cmbsop_a_signed_flag_next_97_27 ( mux_93_1 ) 
           4 mux_multiplier_next_136_44 ( bmux_46_397 ) 
           4 mux_mplier_temp_168_40 ( bmux_46_398 ) 
           4 mux_mplier_temp_168_38 ( bmux_46_399 ) 
           4 mux_mplier_temp_168_39 ( bmux_46_400 ) 
           4 mux_multiplicand_next_130_44 ( bmux_46_401 ) 
           4 mux_prod_temp_169_33 ( bmux_181_8 ) 
           4 mux_prod_temp_168_40 ( bmux_181_9 ) 
           4 mux_prod_temp_169_45 ( bmux_181_10 ) 
           4 mux_prod_temp_168_46 ( bmux_181_11 ) 
           4 mux_prod_temp_169_47 ( bmux_181_12 ) 
           4 mux_prod_temp_168_48 ( bmux_181_13 ) 
           4 mux_prod_temp_169_49 ( bmux_181_14 ) 
           4 mux_prod_temp_168_50 ( bmux_181_15 ) 
           4 mux_a_val_next_94_21 ( bmux_46_402 ) 
           4 ctl_state_92_15 ( case_box_526 ) 
           4 mux_a_val_next_92_15 ( mux_204_97 ) 
           4 ctl_opcode_reg_191_25 ( case_box_529 ) 
           4 mux_result_sign_191_25 ( mux_84_3 ) 
           4 mux_md_result_next_203_27 ( bmux_432_3 ) 
           4 mux_md_result_next_185_32 ( bmux_46_404 ) 
           4 mux_md_result_next_153_21 ( bmux_46_405 ) 
           4 mux_md_result_next_92_15 ( bmux_1150 ) 
           4 mux_counter_next_94_21 ( bmux_191_10 ) 
           4 mux_counter_next_153_21 ( bmux_191_11 ) 
           4 mux_counter_next_92_15 ( bmux_1154 ) 
           4 mux_state_next_92_15 ( bmux_1156 ) 
           4 mux_opcode_reg_next_94_21 ( bmux_202_6 ) 
           4 mux_opcode_reg_next_92_15 ( mux_92_2 ) 
           4 mux_multiplier_next_94_21 ( bmux_46_407 ) 
           4 mux_mplier_temp_168_53 ( bmux_46_408 ) 
           4 mux_multiplier_next_153_21 ( bmux_46_409 ) 
           4 mux_multiplier_next_92_15 ( bmux_1150_1 ) 
           4 mux_product_next_94_21 ( bmux_181_17 ) 
           4 mux_product_next_153_21 ( bmux_181_18 ) 
           4 mux_product_next_92_15 ( bmux_1168 ) 
           4 mux_multiplicand_next_94_21 ( bmux_181_20 ) 
           4 mux_mcand_temp_168_40 ( bmux_181_21 ) 
           4 mux_mcand_temp_168_54 ( bmux_181_22 ) 
           4 mux_mcand_temp_168_55 ( bmux_181_23 ) 
           4 mux_mcand_temp_168_56 ( bmux_181_24 ) 
           4 mux_multiplicand_next_153_21 ( bmux_181_25 ) 
           4 mux_multiplicand_next_92_15 ( bmux_1168_1 ) 
           4 mux_a_signed_flag_next_94_21 ( bmux_96 ) 
           4 mux_a_signed_flag_next_92_15 ( mux_53_8 ) 
           4 mux_b_val_next_94_21 ( bmux_46_411 ) 
           4 mux_b_val_next_92_15 ( mux_204_98 ) 
           4 mux_b_signed_flag_next_94_21 ( bmux_98 ) 
           4 mux_b_signed_flag_next_92_15 ( mux_53_9 ) 
           4 mux_signed_product_197_25 ( bmux_6489 ) 
        3 gen_muldiv.DIV ( divider ) 
           4 g25 ( and_op_551 ) 
           4 g28 ( or_op_554 ) 
           4 g29 ( and_op_555 ) 
           4 g32 ( or_op_558 ) 
           4 eq_329_29 ( equal_unsigned_255_8 ) 
           4 eq_386_34 ( equal_unsigned_1190 ) 
           4 eq_294_51 ( equal_unsigned_255_9 ) 
           4 eq_296_51 ( equal_unsigned_162_5 ) 
           4 minus_353_49 ( sub_unsigned_2 ) 
           4 minus_359_48 ( sub_unsigned_3 ) 
           4 neq_422_34_I2 ( nequal_unsigned_1200 ) 
           4 gte_429_38_I2 ( geq_unsigned_1203 ) 
           4 neq_429_70_I1 ( nequal_unsigned_1200_1 ) 
           4 neq_422_34_I1 ( nequal_unsigned_1200_2 ) 
           4 gte_429_38_I1 ( geq_unsigned_1203_1 ) 
           4 sub_430_47_I2 ( sub_unsigned_1212 ) 
           4 sub_430_47_I1 ( sub_unsigned_1212_1 ) 
           4 neq_372_90 ( nequal_unsigned_1200_3 ) 
           4 eq_295_52 ( equal_unsigned_255_10 ) 
           4 eq_446_33 ( equal_unsigned_1190_1 ) 
           4 minus_454_42 ( sub_unsigned_4 ) 
           4 minus_460_42 ( sub_unsigned_5 ) 
           4 eq_476_34 ( equal_unsigned_255_11 ) 
           4 eq_476_59 ( equal_unsigned_162_6 ) 
           4 eq_477_33 ( equal_unsigned_162_7 ) 
           4 mux_mask_tmp_422_34 ( bmux_46_413 ) 
           4 mux_mask_tmp_422_39 ( bmux_46_414 ) 
           4 ctl_state_346_19 ( case_box_561 ) 
           4 mux_state_346_19 ( mux_1233 ) 
           4 mux_divisor_abs_358_33 ( bmux_46_415 ) 
           4 mux_divisor_abs_351_29 ( bmux_46_416 ) 
           4 mux_md_result_next_447_25 ( bmux_46_419 ) 
           4 mux_dividend_abs_352_33 ( bmux_46_420 ) 
           4 mux_dividend_abs_351_29 ( bmux_46_421 ) 
           4 mux_rem_tmp_423_42 ( bmux_46_423 ) 
           4 mux_rem_tmp_429_54 ( bmux_46_424 ) 
           4 mux_rem_tmp_422_34 ( bmux_46_425 ) 
           4 mux_rem_tmp_423_53 ( bmux_46_426 ) 
           4 mux_md_result_next_453_25 ( bmux_46_427 ) 
           4 mux_md_result_next_459_25 ( bmux_46_428 ) 
           4 mux_md_result_next_452_30 ( bmux_46_429 ) 
           4 mux_md_result_next_446_33 ( bmux_46_430 ) 
           4 mux_md_result_next_412_15 ( bmux_1150_2 ) 
           4 mux_mask_tmp_412_15 ( mux_204_99 ) 
           4 mux_rem_tmp_429_56 ( bmux_46_432 ) 
           4 mux_rem_tmp_422_57 ( bmux_46_433 ) 
           4 mux_rem_tmp_412_15 ( mux_204_100 ) 
           4 mux_remainder_346_19 ( mux_204_101 ) 
           4 mux_quo_tmp_429_54 ( bmux_46_435 ) 
           4 mux_quo_tmp_422_34 ( bmux_46_436 ) 
           4 mux_quo_tmp_429_59 ( bmux_46_437 ) 
           4 mux_quo_tmp_422_60 ( bmux_46_438 ) 
           4 mux_quo_tmp_412_15 ( mux_204_102 ) 
           4 mux_quotient_346_19 ( mux_204_103 ) 
           4 mux_mask_346_19 ( mux_204_104 ) 
        3 g3 ( or_op_567 ) 
        3 g4 ( not_op_568 ) 
        3 g5 ( and_op ) 
        3 g6 ( and_op_569 ) 
        3 g7 ( or_op_570 ) 
        3 g8 ( xor_op ) 
        3 add_864_38 ( add_unsigned_131_2 ) 
        3 add_877_47 ( add_unsigned_131_3 ) 
        3 sub_879_42 ( sub_unsigned_1212_2 ) 
        3 lt_894_42 ( lt_signed_1277 ) 
        3 lt_901_33 ( lt_unsigned_1280 ) 
        3 sll_907_47 ( shift_left_vlog_unsigned ) 
        3 srl_908_47 ( shift_right_vlog_unsigned ) 
        3 sra_909_56 ( arith_shift_right_vlog_signed ) 
        3 eq_882_64 ( equal_unsigned_1190_2 ) 
        3 neq_883_64 ( nequal_unsigned_1200_4 ) 
        3 gte_885_70 ( geq_signed ) 
        3 gte_887_61 ( geq_unsigned_1203_2 ) 
        3 add_756_36 ( add_unsigned_131_4 ) 
        3 mux_845_31 ( bmux_46_441 ) 
        3 mux_csr_write_data_853_19 ( bmux_1150_3 ) 
        3 mux_csr_write_data_851_24 ( bmux_46_442 ) 
        3 mux_branch_taken_881_31 ( bmux_1773 ) 
        3 mux_branch_taken_880_39 ( bmux_102 ) 
        3 ctl_id_ex_alu_ctrl_874_19 ( case_box_571 ) 
        3 mux_branch_taken_874_19 ( mux_53_10 ) 
        3 mux_branch_taken_865_36 ( bmux_103 ) 
        3 mux_branch_taken_863_22 ( bmux_104 ) 
        3 mux_branch_taken_861_22 ( bmux_105 ) 
        3 mux_branch_taken_851_24 ( bmux_106 ) 
        3 mux_alu_result_868_26 ( bmux_46_443 ) 
        3 mux_alu_result_866_17 ( bmux_46_444 ) 
        3 mux_alu_result_894_42 ( bmux_107 ) 
        3 mux_alu_result_901_33 ( bmux_110 ) 
        3 mux_alu_result_874_19 ( bmux_1784 ) 
        3 mux_alu_result_865_36 ( bmux_46_445 ) 
        3 mux_alu_result_863_22 ( bmux_46_446 ) 
        3 mux_alu_result_861_22 ( bmux_46_447 ) 
        3 mux_alu_result_851_24 ( bmux_46_448 ) 
     2 EX_MEM ( ex_mem_register_ROB_TAG_W1 ) 
        3 mux_ex_mem_fault_315_17 ( bmux_111 ) 
        3 mux_ex_mem_illegal_315_17 ( bmux_113 ) 
        3 mux_ex_mem_valid_315_17 ( bmux_115 ) 
        3 mux_ex_mem_rob_valid_315_17 ( bmux_117 ) 
        3 mux_ex_mem_fp_active_315_17 ( bmux_120 ) 
        3 mux_ex_mem_f_mem_write_315_17 ( bmux_122 ) 
        3 mux_ex_mem_f_reg_write_315_17 ( bmux_125 ) 
        3 mux_ex_mem_instr_315_17 ( bmux_46_449 ) 
        3 mux_ex_mem_csr_we_315_17 ( bmux_127 ) 
        3 mux_ex_mem_fence_op_315_17 ( bmux_129 ) 
        3 mux_ex_mem_mret_315_17 ( bmux_131 ) 
        3 mux_ex_mem_ebreak_315_17 ( bmux_133 ) 
        3 mux_ex_mem_ecall_315_17 ( bmux_135 ) 
        3 mux_ex_mem_btb_hit_315_17 ( bmux_137 ) 
        3 mux_ex_mem_predict_taken_315_17 ( bmux_139 ) 
        3 mux_ex_mem_jalr_315_17 ( bmux_141 ) 
        3 mux_ex_mem_jal_315_17 ( bmux_144 ) 
        3 mux_ex_mem_branch_taken_315_17 ( bmux_146 ) 
        3 mux_ex_mem_branch_315_17 ( bmux_148 ) 
        3 mux_ex_mem_reg_write_315_17 ( bmux_150 ) 
        3 mux_ex_mem_mem_to_reg_315_17 ( bmux_152 ) 
        3 mux_ex_mem_mem_read_315_17 ( bmux_154 ) 
        3 mux_ex_mem_mem_write_315_17 ( bmux_156 ) 
     2 MEM ( memory_access ) 
        3 mux_1116_31 ( bmux_158 ) 
        3 mux_1108_31 ( bmux_159 ) 
     2 MEM_WB ( mem_wb_register_ROB_TAG_W1 ) 
        3 mux_mem_wb_rob_valid_407_17 ( bmux_160 ) 
        3 mux_mem_wb_f_reg_write_407_17 ( bmux_164 ) 
        3 mux_mem_wb_ecall_407_17 ( bmux_166 ) 
        3 mux_mem_wb_reg_write_407_17 ( bmux_169 ) 
     2 WB ( write_back ) 
        3 mux_1141_33 ( bmux_46_451 ) 
        3 mux_1140_33 ( bmux_46_452 ) 
     2 PCU ( pipeline_control_unit ) 
        3 neq_194_43 ( nequal_unsigned_6_10 ) 
        3 neq_113_37 ( nequal_unsigned_68_2 ) 
        3 eq_184_40 ( equal_unsigned_1052_6 ) 
        3 eq_185_40 ( equal_unsigned_1052_7 ) 
        3 eq_186_40 ( equal_unsigned_1052_8 ) 
        3 lt_281_35 ( lt_unsigned_1871 ) 
        3 add_282_48 ( add_unsigned_1873 ) 
        3 ctl_opcode_121_15 ( case_box_669 ) 
        3 mux_uses_rs1_121_15 ( mux_1874 ) 
        3 ctl_121_15 ( case_box_670 ) 
        3 mux_121_15 ( mux_84_4 ) 
        3 mux_uses_rs2_121_15 ( mux_53_11 ) 
        3 mux_f_load_use_hazard_185_49 ( bmux_172 ) 
        3 mux_f_load_use_hazard_183_13 ( bmux_173 ) 
        3 mux_load_use_hazard_194_30 ( bmux_174 ) 
        3 mux_step_active_268_32 ( bmux_175 ) 
        3 mux_drain_cnt_268_32 ( bmux_1884 ) 
     2 BPU ( branch_prediction_unit ) 
        3 BTB ( branch_target_buffer ) 
           4 eq_71_64 ( equal_unsigned_1889 ) 
           4 add_72_78 ( add_unsigned_40_2 ) 
           4 ctl_update_btb_81_17 ( case_box_721 ) 
           4 mux_valids[0]_81_17 ( mux_53_12 ) 
           4 mux_valids[fetch_index]_71_22 ( bmux_1924 ) 
           4 mux_tags[fetch_index]_71_46 ( bmux_1925 ) 
           4 mux_targets[fetch_index]_72_40 ( bmux_1926 ) 
           4 mux_72_29 ( bmux_46_453 ) 
           4 ctl_update_index_82_17 ( case_box_722 ) 
        3 BHT ( branch_history_table ) 
           4 neq_119_37 ( nequal_unsigned_30_1 ) 
           4 add_120_56 ( add_unsigned_1931 ) 
           4 neq_123_37 ( nequal_unsigned_149_3 ) 
           4 sub_124_56 ( sub_unsigned_1935 ) 
           4 eq_109_68 ( equal_unsigned_162_8 ) 
           4 eq_109_101 ( equal_unsigned_162_9 ) 
           4 mux_predicts[index]_119_21 ( bmux_1940 ) 
           4 mux_predicts[0]_118_17 ( bmux_2_16 ) 
           4 mux_predicts[pc_in]_109_47 ( bmux_1940_1 ) 
           4 mux_109_77 ( bmux_200 ) 
           4 mux_109_28 ( bmux_201 ) 
           4 ctl_index_120_21 ( case_box_751 ) 
        3 mux_15_46 ( bmux_203 ) 
        3 mux_13_81 ( bmux_2_48 ) 
        3 mux_12_29 ( bmux_2_49 ) 
     2 neq_1095_53 ( nequal_unsigned_149_4 ) 
     2 eq_539_45 ( equal_unsigned_162_10 ) 
     2 neq_539_82 ( nequal_unsigned_149_5 ) 
     2 eq_540_45 ( equal_unsigned_255_12 ) 
     2 eq_1120_44 ( equal_unsigned_1998 ) 
     2 eq_1003_69 ( equal_unsigned_2000 ) 
     2 gt_392_77 ( gt_unsigned ) 
     2 neq_1155_30 ( nequal_unsigned_6_11 ) 
     2 eq_1155_45 ( equal_unsigned_1052_9 ) 
     2 eq_1000_69 ( equal_unsigned_2007 ) 
     2 neq_1157_30 ( nequal_unsigned_6_12 ) 
     2 eq_1157_45 ( equal_unsigned_1052_10 ) 
     2 eq_1220_61 ( equal_unsigned_1052_11 ) 
     2 add_603_44 ( add_unsigned_131_5 ) 
     2 eq_991_45 ( equal_unsigned_2000_1 ) 
     2 eq_992_45 ( equal_unsigned_2007_1 ) 
     2 gt_391_38 ( gt_unsigned_1 ) 
     2 ctl_is_clic_irq_558_30 ( case_box_819 ) 
     2 mux_558_30 ( mux_2025 ) 
     2 ctl_trap_instr_access_615_34 ( case_box_820 ) 
     2 mux_615_34 ( mux_2026 ) 
     2 mux_600_32 ( bmux_207 ) 
     2 mux_602_32 ( bmux_46_454 ) 
     2 ctl_boot_load_q_820_17 ( case_box_823 ) 
     2 mux_pc_reg_820_17 ( mux_2030 ) 
     2 mux_391_38 ( bmux_190_44 ) 
     2 mux_1529_9 ( bmux_46_456 ) 
     2 mux_1155_58 ( bmux_46_457 ) 
     2 mux_1157_58 ( bmux_46_458 ) 
     2 mux_1225_30 ( bmux_46_459 ) 
     2 mux_1216_47 ( bmux_46_460 ) 
     2 mux_1218_47 ( bmux_46_461 ) 
     2 mux_1220_47 ( bmux_46_462 ) 
     2 mux_1121_10 ( bmux_46_463 ) 
     2 mux_1112_32 ( bmux_46_464 ) 
     2 mux_1120_24 ( bmux_46_465 ) 
     2 mux_395_27 ( bmux_208 ) 
     2 mux_1113_32 ( bmux_46_466 ) 
     2 mux_1006_32 ( bmux_46_467 ) 
     2 mux_1005_32 ( bmux_46_468 ) 
     2 is_pmp_csr_1096_50:eq_1085_35 ( equal_unsigned_243_3 ) 
     2 is_pmp_csr_1096_50:eq_1085_68 ( equal_unsigned_251_3 ) 
     2 is_pmp_csr_1112_32:eq_1085_35 ( equal_unsigned_243_4 ) 
     2 is_pmp_csr_1112_32:eq_1085_68 ( equal_unsigned_251_4 ) 
     2 is_pmp_csr_1113_32:eq_1085_35 ( equal_unsigned_243_5 ) 
     2 is_pmp_csr_1113_32:eq_1085_68 ( equal_unsigned_251_5 ) 
  1 u_icache ( instruction_cache_C_CACHE_SIZE16384_C_BLOCK_SIZE16_C_WAYS2 ) 
     2 DATA_RAM ( cache_data_array_WAYS2_ADDR_W11 ) 
        3 G_DATA_WAY[0].u_sram ( asap7_sram_1rw_ADDR_W11_DATA_W32 ) 
           4 ctl_G_BANKED_RDATA.read_bank_q_96_33 ( case_box_834 ) 
           4 mux_bank_rdata[G_BANKED_RDATA.read_bank_q]_96_33 ( mux_204_105 ) 
        3 G_DATA_WAY[1].u_sram ( asap7_sram_1rw_ADDR_W11_DATA_W32_1 ) 
           4 ctl_G_BANKED_RDATA.read_bank_q_96_33 ( case_box_834_1 ) 
           4 mux_bank_rdata[G_BANKED_RDATA.read_bank_q]_96_33 ( mux_204_106 ) 
     2 TAG_RAM ( cache_tag_array_WAYS2_ADDR_W9_TAG_W19 ) 
        3 G_TAG_WAY[0].G_TAG_MACRO.u_sram ( asap7_sram_tag_512x20_ADDR_W9_DATA_W19 ) 
        3 G_TAG_WAY[1].G_TAG_MACRO.u_sram ( asap7_sram_tag_512x20_ADDR_W9_DATA_W19_1 ) 
     2 dcd_data_write_en_189_26 ( Decoder_1_1_0 ) 
     2 mux_data_write_en_189_26 ( bmux_210 ) 
     2 mux_data_write_en_189_7 ( bmux_211 ) 
     2 eq_142_30 ( equal_unsigned_70_1 ) 
     2 eq_351_69 ( equal_unsigned_38_17 ) 
     2 eq_270_70_I2 ( equal_unsigned_2062 ) 
     2 eq_270_70_I1 ( equal_unsigned_2062_1 ) 
     2 eq_177_52 ( equal_unsigned_78_2 ) 
     2 eq_250_44 ( equal_unsigned_162_11 ) 
     2 add_249_38 ( add_unsigned_1931_1 ) 
     2 eq_246_23 ( equal_unsigned_78_3 ) 
     2 eq_351_34 ( equal_unsigned_82_1 ) 
     2 add_256_48 ( add_unsigned_2076 ) 
     2 mux_142_30 ( bmux_215 ) 
     2 mux_300_36 ( bmux_2_50 ) 
     2 mux_next_state_298_21 ( bmux_202_8 ) 
     2 mux_166_53 ( bmux_46_470 ) 
     2 ctl_294_15 ( case_box_1893 ) 
     2 mux_cmbsop_m_axi_arvalid_294_15 ( mux_2083 ) 
     2 mux_rr_ptr[index]_256_34 ( bmux_2086 ) 
     2 mux_way_update_343_33 ( bmux_2_51 ) 
     2 ctl_state_294_15 ( case_box_1894 ) 
     2 mux_way_update_294_15 ( mux_2089 ) 
     2 ctl_index_255_40 ( case_box_1897 ) 
     2 mux_valid_arr[0]_255_40 ( mux_53_28 ) 
     2 mux_valid_arr[0]_255_25 ( bmux_218 ) 
     2 mux_valid_arr[0]_255_1070 ( mux_53_29 ) 
     2 mux_valid_arr[0]_255_1071 ( bmux_219 ) 
     2 mux_valid_arr[1]_255_40 ( mux_53_30 ) 
     2 mux_valid_arr[1]_255_25 ( bmux_220 ) 
     2 mux_valid_arr[1]_255_1074 ( mux_53_31 ) 
     2 mux_valid_arr[1]_255_1075 ( bmux_222 ) 
     2 mux_valid_arr[2]_255_40 ( mux_53_32 ) 
     2 mux_valid_arr[2]_255_25 ( bmux_223 ) 
     2 mux_valid_arr[2]_255_1078 ( mux_53_33 ) 
     2 mux_valid_arr[2]_255_1079 ( bmux_224 ) 
     2 mux_valid_arr[3]_255_40 ( mux_53_34 ) 
     2 mux_valid_arr[3]_255_25 ( bmux_225 ) 
     2 mux_valid_arr[3]_255_1082 ( mux_53_35 ) 
     2 mux_valid_arr[3]_255_1083 ( bmux_226 ) 
     2 mux_valid_arr[4]_255_40 ( mux_53_36 ) 
     2 mux_valid_arr[4]_255_25 ( bmux_227 ) 
     2 mux_valid_arr[4]_255_1086 ( mux_53_37 ) 
     2 mux_valid_arr[4]_255_1087 ( bmux_228 ) 
     2 mux_valid_arr[5]_255_40 ( mux_53_38 ) 
     2 mux_valid_arr[5]_255_25 ( bmux_229 ) 
     2 mux_valid_arr[5]_255_1090 ( mux_53_39 ) 
     2 mux_valid_arr[5]_255_1091 ( bmux_230 ) 
     2 mux_valid_arr[6]_255_40 ( mux_53_40 ) 
     2 mux_valid_arr[6]_255_25 ( bmux_231 ) 
     2 mux_valid_arr[6]_255_1094 ( mux_53_41 ) 
     2 mux_valid_arr[6]_255_1095 ( bmux_232 ) 
     2 mux_valid_arr[7]_255_40 ( mux_53_42 ) 
     2 mux_valid_arr[7]_255_25 ( bmux_233 ) 
     2 mux_valid_arr[7]_255_1098 ( mux_53_43 ) 
     2 mux_valid_arr[7]_255_1099 ( bmux_234 ) 
     2 mux_valid_arr[8]_255_40 ( mux_53_44 ) 
     2 mux_valid_arr[8]_255_25 ( bmux_235 ) 
     2 mux_valid_arr[8]_255_1102 ( mux_53_45 ) 
     2 mux_valid_arr[8]_255_1103 ( bmux_236 ) 
     2 mux_valid_arr[9]_255_40 ( mux_53_46 ) 
     2 mux_valid_arr[9]_255_25 ( bmux_237 ) 
     2 mux_valid_arr[9]_255_1106 ( mux_53_47 ) 
     2 mux_valid_arr[9]_255_1107 ( bmux_238 ) 
     2 mux_valid_arr[10]_255_40 ( mux_53_48 ) 
     2 mux_valid_arr[10]_255_25 ( bmux_239 ) 
     2 mux_valid_arr[10]_255_1110 ( mux_53_49 ) 
     2 mux_valid_arr[10]_255_1111 ( bmux_240 ) 
     2 mux_valid_arr[11]_255_40 ( mux_53_50 ) 
     2 mux_valid_arr[11]_255_25 ( bmux_241 ) 
     2 mux_valid_arr[11]_255_1114 ( mux_53_51 ) 
     2 mux_valid_arr[11]_255_1115 ( bmux_242 ) 
     2 mux_valid_arr[12]_255_40 ( mux_53_52 ) 
     2 mux_valid_arr[12]_255_25 ( bmux_243 ) 
     2 mux_valid_arr[12]_255_1118 ( mux_53_53 ) 
     2 mux_valid_arr[12]_255_1119 ( bmux_244 ) 
     2 mux_valid_arr[13]_255_40 ( mux_53_54 ) 
     2 mux_valid_arr[13]_255_25 ( bmux_245 ) 
     2 mux_valid_arr[13]_255_1122 ( mux_53_55 ) 
     2 mux_valid_arr[13]_255_1123 ( bmux_246 ) 
     2 mux_valid_arr[14]_255_40 ( mux_53_56 ) 
     2 mux_valid_arr[14]_255_25 ( bmux_247 ) 
     2 mux_valid_arr[14]_255_1126 ( mux_53_57 ) 
     2 mux_valid_arr[14]_255_1127 ( bmux_248 ) 
     2 mux_valid_arr[15]_255_40 ( mux_53_58 ) 
     2 mux_valid_arr[15]_255_25 ( bmux_249 ) 
     2 mux_valid_arr[15]_255_1130 ( mux_53_59 ) 
     2 mux_valid_arr[15]_255_1131 ( bmux_250 ) 
     2 mux_valid_arr[16]_255_40 ( mux_53_60 ) 
     2 mux_valid_arr[16]_255_25 ( bmux_251 ) 
     2 mux_valid_arr[16]_255_1134 ( mux_53_61 ) 
     2 mux_valid_arr[16]_255_1135 ( bmux_252 ) 
     2 mux_valid_arr[17]_255_40 ( mux_53_62 ) 
     2 mux_valid_arr[17]_255_25 ( bmux_253 ) 
     2 mux_valid_arr[17]_255_1138 ( mux_53_63 ) 
     2 mux_valid_arr[17]_255_1139 ( bmux_254 ) 
     2 mux_valid_arr[18]_255_40 ( mux_53_64 ) 
     2 mux_valid_arr[18]_255_25 ( bmux_255 ) 
     2 mux_valid_arr[18]_255_1142 ( mux_53_65 ) 
     2 mux_valid_arr[18]_255_1143 ( bmux_256 ) 
     2 mux_valid_arr[19]_255_40 ( mux_53_66 ) 
     2 mux_valid_arr[19]_255_25 ( bmux_257 ) 
     2 mux_valid_arr[19]_255_1146 ( mux_53_67 ) 
     2 mux_valid_arr[19]_255_1147 ( bmux_258 ) 
     2 mux_valid_arr[20]_255_40 ( mux_53_68 ) 
     2 mux_valid_arr[20]_255_25 ( bmux_259 ) 
     2 mux_valid_arr[20]_255_1150 ( mux_53_69 ) 
     2 mux_valid_arr[20]_255_1151 ( bmux_260 ) 
     2 mux_valid_arr[21]_255_40 ( mux_53_70 ) 
     2 mux_valid_arr[21]_255_25 ( bmux_261 ) 
     2 mux_valid_arr[21]_255_1154 ( mux_53_71 ) 
     2 mux_valid_arr[21]_255_1155 ( bmux_262 ) 
     2 mux_valid_arr[22]_255_40 ( mux_53_72 ) 
     2 mux_valid_arr[22]_255_25 ( bmux_263 ) 
     2 mux_valid_arr[22]_255_1158 ( mux_53_73 ) 
     2 mux_valid_arr[22]_255_1159 ( bmux_264 ) 
     2 mux_valid_arr[23]_255_40 ( mux_53_74 ) 
     2 mux_valid_arr[23]_255_25 ( bmux_265 ) 
     2 mux_valid_arr[23]_255_1162 ( mux_53_75 ) 
     2 mux_valid_arr[23]_255_1163 ( bmux_266 ) 
     2 mux_valid_arr[24]_255_40 ( mux_53_76 ) 
     2 mux_valid_arr[24]_255_25 ( bmux_267 ) 
     2 mux_valid_arr[24]_255_1166 ( mux_53_77 ) 
     2 mux_valid_arr[24]_255_1167 ( bmux_268 ) 
     2 mux_valid_arr[25]_255_40 ( mux_53_78 ) 
     2 mux_valid_arr[25]_255_25 ( bmux_269 ) 
     2 mux_valid_arr[25]_255_1170 ( mux_53_79 ) 
     2 mux_valid_arr[25]_255_1171 ( bmux_270 ) 
     2 mux_valid_arr[26]_255_40 ( mux_53_80 ) 
     2 mux_valid_arr[26]_255_25 ( bmux_271 ) 
     2 mux_valid_arr[26]_255_1174 ( mux_53_81 ) 
     2 mux_valid_arr[26]_255_1175 ( bmux_272 ) 
     2 mux_valid_arr[27]_255_40 ( mux_53_82 ) 
     2 mux_valid_arr[27]_255_25 ( bmux_273 ) 
     2 mux_valid_arr[27]_255_1178 ( mux_53_83 ) 
     2 mux_valid_arr[27]_255_1179 ( bmux_274 ) 
     2 mux_valid_arr[28]_255_40 ( mux_53_84 ) 
     2 mux_valid_arr[28]_255_25 ( bmux_275 ) 
     2 mux_valid_arr[28]_255_1182 ( mux_53_85 ) 
     2 mux_valid_arr[28]_255_1183 ( bmux_276 ) 
     2 mux_valid_arr[29]_255_40 ( mux_53_86 ) 
     2 mux_valid_arr[29]_255_25 ( bmux_277 ) 
     2 mux_valid_arr[29]_255_1186 ( mux_53_87 ) 
     2 mux_valid_arr[29]_255_1187 ( bmux_278 ) 
     2 mux_valid_arr[30]_255_40 ( mux_53_88 ) 
     2 mux_valid_arr[30]_255_25 ( bmux_279 ) 
     2 mux_valid_arr[30]_255_1190 ( mux_53_89 ) 
     2 mux_valid_arr[30]_255_1191 ( bmux_280 ) 
     2 mux_valid_arr[31]_255_40 ( mux_53_90 ) 
     2 mux_valid_arr[31]_255_25 ( bmux_281 ) 
     2 mux_valid_arr[31]_255_1194 ( mux_53_91 ) 
     2 mux_valid_arr[31]_255_1195 ( bmux_282 ) 
     2 mux_valid_arr[32]_255_40 ( mux_53_92 ) 
     2 mux_valid_arr[32]_255_25 ( bmux_283 ) 
     2 mux_valid_arr[32]_255_1198 ( mux_53_93 ) 
     2 mux_valid_arr[32]_255_1199 ( bmux_284 ) 
     2 mux_valid_arr[33]_255_40 ( mux_53_94 ) 
     2 mux_valid_arr[33]_255_25 ( bmux_285 ) 
     2 mux_valid_arr[33]_255_1202 ( mux_53_95 ) 
     2 mux_valid_arr[33]_255_1203 ( bmux_286 ) 
     2 mux_valid_arr[34]_255_40 ( mux_53_96 ) 
     2 mux_valid_arr[34]_255_25 ( bmux_287 ) 
     2 mux_valid_arr[34]_255_1206 ( mux_53_97 ) 
     2 mux_valid_arr[34]_255_1207 ( bmux_288 ) 
     2 mux_valid_arr[35]_255_40 ( mux_53_98 ) 
     2 mux_valid_arr[35]_255_25 ( bmux_289 ) 
     2 mux_valid_arr[35]_255_1210 ( mux_53_99 ) 
     2 mux_valid_arr[35]_255_1211 ( bmux_290 ) 
     2 mux_valid_arr[36]_255_40 ( mux_53_100 ) 
     2 mux_valid_arr[36]_255_25 ( bmux_291 ) 
     2 mux_valid_arr[36]_255_1214 ( mux_53_101 ) 
     2 mux_valid_arr[36]_255_1215 ( bmux_292 ) 
     2 mux_valid_arr[37]_255_40 ( mux_53_102 ) 
     2 mux_valid_arr[37]_255_25 ( bmux_293 ) 
     2 mux_valid_arr[37]_255_1218 ( mux_53_103 ) 
     2 mux_valid_arr[37]_255_1219 ( bmux_294 ) 
     2 mux_valid_arr[38]_255_40 ( mux_53_104 ) 
     2 mux_valid_arr[38]_255_25 ( bmux_295 ) 
     2 mux_valid_arr[38]_255_1222 ( mux_53_105 ) 
     2 mux_valid_arr[38]_255_1223 ( bmux_296 ) 
     2 mux_valid_arr[39]_255_40 ( mux_53_106 ) 
     2 mux_valid_arr[39]_255_25 ( bmux_297 ) 
     2 mux_valid_arr[39]_255_1226 ( mux_53_107 ) 
     2 mux_valid_arr[39]_255_1227 ( bmux_298 ) 
     2 mux_valid_arr[40]_255_40 ( mux_53_108 ) 
     2 mux_valid_arr[40]_255_25 ( bmux_299 ) 
     2 mux_valid_arr[40]_255_1230 ( mux_53_109 ) 
     2 mux_valid_arr[40]_255_1231 ( bmux_300 ) 
     2 mux_valid_arr[41]_255_40 ( mux_53_110 ) 
     2 mux_valid_arr[41]_255_25 ( bmux_301 ) 
     2 mux_valid_arr[41]_255_1234 ( mux_53_111 ) 
     2 mux_valid_arr[41]_255_1235 ( bmux_302 ) 
     2 mux_valid_arr[42]_255_40 ( mux_53_112 ) 
     2 mux_valid_arr[42]_255_25 ( bmux_303 ) 
     2 mux_valid_arr[42]_255_1238 ( mux_53_113 ) 
     2 mux_valid_arr[42]_255_1239 ( bmux_304 ) 
     2 mux_valid_arr[43]_255_40 ( mux_53_114 ) 
     2 mux_valid_arr[43]_255_25 ( bmux_305 ) 
     2 mux_valid_arr[43]_255_1242 ( mux_53_115 ) 
     2 mux_valid_arr[43]_255_1243 ( bmux_306 ) 
     2 mux_valid_arr[44]_255_40 ( mux_53_116 ) 
     2 mux_valid_arr[44]_255_25 ( bmux_307 ) 
     2 mux_valid_arr[44]_255_1246 ( mux_53_117 ) 
     2 mux_valid_arr[44]_255_1247 ( bmux_308 ) 
     2 mux_valid_arr[45]_255_40 ( mux_53_118 ) 
     2 mux_valid_arr[45]_255_25 ( bmux_309 ) 
     2 mux_valid_arr[45]_255_1250 ( mux_53_119 ) 
     2 mux_valid_arr[45]_255_1251 ( bmux_310 ) 
     2 mux_valid_arr[46]_255_40 ( mux_53_120 ) 
     2 mux_valid_arr[46]_255_25 ( bmux_311 ) 
     2 mux_valid_arr[46]_255_1254 ( mux_53_121 ) 
     2 mux_valid_arr[46]_255_1255 ( bmux_312 ) 
     2 mux_valid_arr[47]_255_40 ( mux_53_122 ) 
     2 mux_valid_arr[47]_255_25 ( bmux_313 ) 
     2 mux_valid_arr[47]_255_1258 ( mux_53_123 ) 
     2 mux_valid_arr[47]_255_1259 ( bmux_314 ) 
     2 mux_valid_arr[48]_255_40 ( mux_53_124 ) 
     2 mux_valid_arr[48]_255_25 ( bmux_315 ) 
     2 mux_valid_arr[48]_255_1262 ( mux_53_125 ) 
     2 mux_valid_arr[48]_255_1263 ( bmux_316 ) 
     2 mux_valid_arr[49]_255_40 ( mux_53_126 ) 
     2 mux_valid_arr[49]_255_25 ( bmux_317 ) 
     2 mux_valid_arr[49]_255_1266 ( mux_53_127 ) 
     2 mux_valid_arr[49]_255_1267 ( bmux_318 ) 
     2 mux_valid_arr[50]_255_40 ( mux_53_128 ) 
     2 mux_valid_arr[50]_255_25 ( bmux_319 ) 
     2 mux_valid_arr[50]_255_1270 ( mux_53_129 ) 
     2 mux_valid_arr[50]_255_1271 ( bmux_320 ) 
     2 mux_valid_arr[51]_255_40 ( mux_53_130 ) 
     2 mux_valid_arr[51]_255_25 ( bmux_321 ) 
     2 mux_valid_arr[51]_255_1274 ( mux_53_131 ) 
     2 mux_valid_arr[51]_255_1275 ( bmux_322 ) 
     2 mux_valid_arr[52]_255_40 ( mux_53_132 ) 
     2 mux_valid_arr[52]_255_25 ( bmux_323 ) 
     2 mux_valid_arr[52]_255_1278 ( mux_53_133 ) 
     2 mux_valid_arr[52]_255_1279 ( bmux_324 ) 
     2 mux_valid_arr[53]_255_40 ( mux_53_134 ) 
     2 mux_valid_arr[53]_255_25 ( bmux_325 ) 
     2 mux_valid_arr[53]_255_1282 ( mux_53_135 ) 
     2 mux_valid_arr[53]_255_1283 ( bmux_326 ) 
     2 mux_valid_arr[54]_255_40 ( mux_53_136 ) 
     2 mux_valid_arr[54]_255_25 ( bmux_327 ) 
     2 mux_valid_arr[54]_255_1286 ( mux_53_137 ) 
     2 mux_valid_arr[54]_255_1287 ( bmux_328 ) 
     2 mux_valid_arr[55]_255_40 ( mux_53_138 ) 
     2 mux_valid_arr[55]_255_25 ( bmux_329 ) 
     2 mux_valid_arr[55]_255_1290 ( mux_53_139 ) 
     2 mux_valid_arr[55]_255_1291 ( bmux_330 ) 
     2 mux_valid_arr[56]_255_40 ( mux_53_140 ) 
     2 mux_valid_arr[56]_255_25 ( bmux_331 ) 
     2 mux_valid_arr[56]_255_1294 ( mux_53_141 ) 
     2 mux_valid_arr[56]_255_1295 ( bmux_332 ) 
     2 mux_valid_arr[57]_255_40 ( mux_53_142 ) 
     2 mux_valid_arr[57]_255_25 ( bmux_333 ) 
     2 mux_valid_arr[57]_255_1298 ( mux_53_143 ) 
     2 mux_valid_arr[57]_255_1299 ( bmux_334 ) 
     2 mux_valid_arr[58]_255_40 ( mux_53_144 ) 
     2 mux_valid_arr[58]_255_25 ( bmux_335 ) 
     2 mux_valid_arr[58]_255_1302 ( mux_53_145 ) 
     2 mux_valid_arr[58]_255_1303 ( bmux_336 ) 
     2 mux_valid_arr[59]_255_40 ( mux_53_146 ) 
     2 mux_valid_arr[59]_255_25 ( bmux_337 ) 
     2 mux_valid_arr[59]_255_1306 ( mux_53_147 ) 
     2 mux_valid_arr[59]_255_1307 ( bmux_338 ) 
     2 mux_valid_arr[60]_255_40 ( mux_53_148 ) 
     2 mux_valid_arr[60]_255_25 ( bmux_339 ) 
     2 mux_valid_arr[60]_255_1310 ( mux_53_149 ) 
     2 mux_valid_arr[60]_255_1311 ( bmux_340 ) 
     2 mux_valid_arr[61]_255_40 ( mux_53_150 ) 
     2 mux_valid_arr[61]_255_25 ( bmux_341 ) 
     2 mux_valid_arr[61]_255_1314 ( mux_53_151 ) 
     2 mux_valid_arr[61]_255_1315 ( bmux_342 ) 
     2 mux_valid_arr[62]_255_40 ( mux_53_152 ) 
     2 mux_valid_arr[62]_255_25 ( bmux_343 ) 
     2 mux_valid_arr[62]_255_1318 ( mux_53_153 ) 
     2 mux_valid_arr[62]_255_1319 ( bmux_344 ) 
     2 mux_valid_arr[63]_255_40 ( mux_53_154 ) 
     2 mux_valid_arr[63]_255_25 ( bmux_345 ) 
     2 mux_valid_arr[63]_255_1322 ( mux_53_155 ) 
     2 mux_valid_arr[63]_255_1323 ( bmux_346 ) 
     2 mux_valid_arr[64]_255_40 ( mux_53_156 ) 
     2 mux_valid_arr[64]_255_25 ( bmux_347 ) 
     2 mux_valid_arr[64]_255_1326 ( mux_53_157 ) 
     2 mux_valid_arr[64]_255_1327 ( bmux_348 ) 
     2 mux_valid_arr[65]_255_40 ( mux_53_158 ) 
     2 mux_valid_arr[65]_255_25 ( bmux_349 ) 
     2 mux_valid_arr[65]_255_1330 ( mux_53_159 ) 
     2 mux_valid_arr[65]_255_1331 ( bmux_350 ) 
     2 mux_valid_arr[66]_255_40 ( mux_53_160 ) 
     2 mux_valid_arr[66]_255_25 ( bmux_351 ) 
     2 mux_valid_arr[66]_255_1334 ( mux_53_161 ) 
     2 mux_valid_arr[66]_255_1335 ( bmux_352 ) 
     2 mux_valid_arr[67]_255_40 ( mux_53_162 ) 
     2 mux_valid_arr[67]_255_25 ( bmux_353 ) 
     2 mux_valid_arr[67]_255_1338 ( mux_53_163 ) 
     2 mux_valid_arr[67]_255_1339 ( bmux_354 ) 
     2 mux_valid_arr[68]_255_40 ( mux_53_164 ) 
     2 mux_valid_arr[68]_255_25 ( bmux_355 ) 
     2 mux_valid_arr[68]_255_1342 ( mux_53_165 ) 
     2 mux_valid_arr[68]_255_1343 ( bmux_356 ) 
     2 mux_valid_arr[69]_255_40 ( mux_53_166 ) 
     2 mux_valid_arr[69]_255_25 ( bmux_357 ) 
     2 mux_valid_arr[69]_255_1346 ( mux_53_167 ) 
     2 mux_valid_arr[69]_255_1347 ( bmux_358 ) 
     2 mux_valid_arr[70]_255_40 ( mux_53_168 ) 
     2 mux_valid_arr[70]_255_25 ( bmux_359 ) 
     2 mux_valid_arr[70]_255_1350 ( mux_53_169 ) 
     2 mux_valid_arr[70]_255_1351 ( bmux_360 ) 
     2 mux_valid_arr[71]_255_40 ( mux_53_170 ) 
     2 mux_valid_arr[71]_255_25 ( bmux_361 ) 
     2 mux_valid_arr[71]_255_1354 ( mux_53_171 ) 
     2 mux_valid_arr[71]_255_1355 ( bmux_362 ) 
     2 mux_valid_arr[72]_255_40 ( mux_53_172 ) 
     2 mux_valid_arr[72]_255_25 ( bmux_363 ) 
     2 mux_valid_arr[72]_255_1358 ( mux_53_173 ) 
     2 mux_valid_arr[72]_255_1359 ( bmux_364 ) 
     2 mux_valid_arr[73]_255_40 ( mux_53_174 ) 
     2 mux_valid_arr[73]_255_25 ( bmux_365 ) 
     2 mux_valid_arr[73]_255_1362 ( mux_53_175 ) 
     2 mux_valid_arr[73]_255_1363 ( bmux_366 ) 
     2 mux_valid_arr[74]_255_40 ( mux_53_176 ) 
     2 mux_valid_arr[74]_255_25 ( bmux_367 ) 
     2 mux_valid_arr[74]_255_1366 ( mux_53_177 ) 
     2 mux_valid_arr[74]_255_1367 ( bmux_368 ) 
     2 mux_valid_arr[75]_255_40 ( mux_53_178 ) 
     2 mux_valid_arr[75]_255_25 ( bmux_369 ) 
     2 mux_valid_arr[75]_255_1370 ( mux_53_179 ) 
     2 mux_valid_arr[75]_255_1371 ( bmux_370 ) 
     2 mux_valid_arr[76]_255_40 ( mux_53_180 ) 
     2 mux_valid_arr[76]_255_25 ( bmux_371 ) 
     2 mux_valid_arr[76]_255_1374 ( mux_53_181 ) 
     2 mux_valid_arr[76]_255_1375 ( bmux_373 ) 
     2 mux_valid_arr[77]_255_40 ( mux_53_182 ) 
     2 mux_valid_arr[77]_255_25 ( bmux_374 ) 
     2 mux_valid_arr[77]_255_1378 ( mux_53_183 ) 
     2 mux_valid_arr[77]_255_1379 ( bmux_375 ) 
     2 mux_valid_arr[78]_255_40 ( mux_53_184 ) 
     2 mux_valid_arr[78]_255_25 ( bmux_376 ) 
     2 mux_valid_arr[78]_255_1382 ( mux_53_185 ) 
     2 mux_valid_arr[78]_255_1383 ( bmux_377 ) 
     2 mux_valid_arr[79]_255_40 ( mux_53_186 ) 
     2 mux_valid_arr[79]_255_25 ( bmux_378 ) 
     2 mux_valid_arr[79]_255_1386 ( mux_53_187 ) 
     2 mux_valid_arr[79]_255_1387 ( bmux_379 ) 
     2 mux_valid_arr[80]_255_40 ( mux_53_188 ) 
     2 mux_valid_arr[80]_255_25 ( bmux_380 ) 
     2 mux_valid_arr[80]_255_1390 ( mux_53_189 ) 
     2 mux_valid_arr[80]_255_1391 ( bmux_381 ) 
     2 mux_valid_arr[81]_255_40 ( mux_53_190 ) 
     2 mux_valid_arr[81]_255_25 ( bmux_382 ) 
     2 mux_valid_arr[81]_255_1394 ( mux_53_191 ) 
     2 mux_valid_arr[81]_255_1395 ( bmux_383 ) 
     2 mux_valid_arr[82]_255_40 ( mux_53_192 ) 
     2 mux_valid_arr[82]_255_25 ( bmux_384 ) 
     2 mux_valid_arr[82]_255_1398 ( mux_53_193 ) 
     2 mux_valid_arr[82]_255_1399 ( bmux_385 ) 
     2 mux_valid_arr[83]_255_40 ( mux_53_194 ) 
     2 mux_valid_arr[83]_255_25 ( bmux_386 ) 
     2 mux_valid_arr[83]_255_1402 ( mux_53_195 ) 
     2 mux_valid_arr[83]_255_1403 ( bmux_387 ) 
     2 mux_valid_arr[84]_255_40 ( mux_53_196 ) 
     2 mux_valid_arr[84]_255_25 ( bmux_389 ) 
     2 mux_valid_arr[84]_255_1406 ( mux_53_197 ) 
     2 mux_valid_arr[84]_255_1407 ( bmux_390 ) 
     2 mux_valid_arr[85]_255_40 ( mux_53_198 ) 
     2 mux_valid_arr[85]_255_25 ( bmux_391 ) 
     2 mux_valid_arr[85]_255_1410 ( mux_53_199 ) 
     2 mux_valid_arr[85]_255_1411 ( bmux_392 ) 
     2 mux_valid_arr[86]_255_40 ( mux_53_200 ) 
     2 mux_valid_arr[86]_255_25 ( bmux_393 ) 
     2 mux_valid_arr[86]_255_1414 ( mux_53_201 ) 
     2 mux_valid_arr[86]_255_1415 ( bmux_394 ) 
     2 mux_valid_arr[87]_255_40 ( mux_53_202 ) 
     2 mux_valid_arr[87]_255_25 ( bmux_395 ) 
     2 mux_valid_arr[87]_255_1418 ( mux_53_203 ) 
     2 mux_valid_arr[87]_255_1419 ( bmux_396 ) 
     2 mux_valid_arr[88]_255_40 ( mux_53_204 ) 
     2 mux_valid_arr[88]_255_25 ( bmux_397 ) 
     2 mux_valid_arr[88]_255_1422 ( mux_53_205 ) 
     2 mux_valid_arr[88]_255_1423 ( bmux_398 ) 
     2 mux_valid_arr[89]_255_40 ( mux_53_206 ) 
     2 mux_valid_arr[89]_255_25 ( bmux_399 ) 
     2 mux_valid_arr[89]_255_1426 ( mux_53_207 ) 
     2 mux_valid_arr[89]_255_1427 ( bmux_400 ) 
     2 mux_valid_arr[90]_255_40 ( mux_53_208 ) 
     2 mux_valid_arr[90]_255_25 ( bmux_401 ) 
     2 mux_valid_arr[90]_255_1430 ( mux_53_209 ) 
     2 mux_valid_arr[90]_255_1431 ( bmux_402 ) 
     2 mux_valid_arr[91]_255_40 ( mux_53_210 ) 
     2 mux_valid_arr[91]_255_25 ( bmux_403 ) 
     2 mux_valid_arr[91]_255_1434 ( mux_53_211 ) 
     2 mux_valid_arr[91]_255_1435 ( bmux_404 ) 
     2 mux_valid_arr[92]_255_40 ( mux_53_212 ) 
     2 mux_valid_arr[92]_255_25 ( bmux_405 ) 
     2 mux_valid_arr[92]_255_1438 ( mux_53_213 ) 
     2 mux_valid_arr[92]_255_1439 ( bmux_406 ) 
     2 mux_valid_arr[93]_255_40 ( mux_53_214 ) 
     2 mux_valid_arr[93]_255_25 ( bmux_407 ) 
     2 mux_valid_arr[93]_255_1442 ( mux_53_215 ) 
     2 mux_valid_arr[93]_255_1443 ( bmux_408 ) 
     2 mux_valid_arr[94]_255_40 ( mux_53_216 ) 
     2 mux_valid_arr[94]_255_25 ( bmux_409 ) 
     2 mux_valid_arr[94]_255_1446 ( mux_53_217 ) 
     2 mux_valid_arr[94]_255_1447 ( bmux_410 ) 
     2 mux_valid_arr[95]_255_40 ( mux_53_218 ) 
     2 mux_valid_arr[95]_255_25 ( bmux_411 ) 
     2 mux_valid_arr[95]_255_1450 ( mux_53_219 ) 
     2 mux_valid_arr[95]_255_1451 ( bmux_412 ) 
     2 mux_valid_arr[96]_255_40 ( mux_53_220 ) 
     2 mux_valid_arr[96]_255_25 ( bmux_413 ) 
     2 mux_valid_arr[96]_255_1454 ( mux_53_221 ) 
     2 mux_valid_arr[96]_255_1455 ( bmux_414 ) 
     2 mux_valid_arr[97]_255_40 ( mux_53_222 ) 
     2 mux_valid_arr[97]_255_25 ( bmux_415 ) 
     2 mux_valid_arr[97]_255_1458 ( mux_53_223 ) 
     2 mux_valid_arr[97]_255_1459 ( bmux_416 ) 
     2 mux_valid_arr[98]_255_40 ( mux_53_224 ) 
     2 mux_valid_arr[98]_255_25 ( bmux_417 ) 
     2 mux_valid_arr[98]_255_1462 ( mux_53_225 ) 
     2 mux_valid_arr[98]_255_1463 ( bmux_418 ) 
     2 mux_valid_arr[99]_255_40 ( mux_53_226 ) 
     2 mux_valid_arr[99]_255_25 ( bmux_419 ) 
     2 mux_valid_arr[99]_255_1466 ( mux_53_227 ) 
     2 mux_valid_arr[99]_255_1467 ( bmux_420 ) 
     2 mux_valid_arr[100]_255_40 ( mux_53_228 ) 
     2 mux_valid_arr[100]_255_25 ( bmux_421 ) 
     2 mux_valid_arr[100]_255_1470 ( mux_53_229 ) 
     2 mux_valid_arr[100]_255_1471 ( bmux_422 ) 
     2 mux_valid_arr[101]_255_40 ( mux_53_230 ) 
     2 mux_valid_arr[101]_255_25 ( bmux_423 ) 
     2 mux_valid_arr[101]_255_1474 ( mux_53_231 ) 
     2 mux_valid_arr[101]_255_1475 ( bmux_424 ) 
     2 mux_valid_arr[102]_255_40 ( mux_53_232 ) 
     2 mux_valid_arr[102]_255_25 ( bmux_425 ) 
     2 mux_valid_arr[102]_255_1478 ( mux_53_233 ) 
     2 mux_valid_arr[102]_255_1479 ( bmux_426 ) 
     2 mux_valid_arr[103]_255_40 ( mux_53_234 ) 
     2 mux_valid_arr[103]_255_25 ( bmux_427 ) 
     2 mux_valid_arr[103]_255_1482 ( mux_53_235 ) 
     2 mux_valid_arr[103]_255_1483 ( bmux_428 ) 
     2 mux_valid_arr[104]_255_40 ( mux_53_236 ) 
     2 mux_valid_arr[104]_255_25 ( bmux_429 ) 
     2 mux_valid_arr[104]_255_1486 ( mux_53_237 ) 
     2 mux_valid_arr[104]_255_1487 ( bmux_430 ) 
     2 mux_valid_arr[105]_255_40 ( mux_53_238 ) 
     2 mux_valid_arr[105]_255_25 ( bmux_431 ) 
     2 mux_valid_arr[105]_255_1490 ( mux_53_239 ) 
     2 mux_valid_arr[105]_255_1491 ( bmux_433 ) 
     2 mux_valid_arr[106]_255_40 ( mux_53_240 ) 
     2 mux_valid_arr[106]_255_25 ( bmux_434 ) 
     2 mux_valid_arr[106]_255_1494 ( mux_53_241 ) 
     2 mux_valid_arr[106]_255_1495 ( bmux_435 ) 
     2 mux_valid_arr[107]_255_40 ( mux_53_242 ) 
     2 mux_valid_arr[107]_255_25 ( bmux_436 ) 
     2 mux_valid_arr[107]_255_1498 ( mux_53_243 ) 
     2 mux_valid_arr[107]_255_1499 ( bmux_437 ) 
     2 mux_valid_arr[108]_255_40 ( mux_53_244 ) 
     2 mux_valid_arr[108]_255_25 ( bmux_438 ) 
     2 mux_valid_arr[108]_255_1502 ( mux_53_245 ) 
     2 mux_valid_arr[108]_255_1503 ( bmux_439 ) 
     2 mux_valid_arr[109]_255_40 ( mux_53_246 ) 
     2 mux_valid_arr[109]_255_25 ( bmux_440 ) 
     2 mux_valid_arr[109]_255_1506 ( mux_53_247 ) 
     2 mux_valid_arr[109]_255_1507 ( bmux_441 ) 
     2 mux_valid_arr[110]_255_40 ( mux_53_248 ) 
     2 mux_valid_arr[110]_255_25 ( bmux_442 ) 
     2 mux_valid_arr[110]_255_1510 ( mux_53_249 ) 
     2 mux_valid_arr[110]_255_1511 ( bmux_443 ) 
     2 mux_valid_arr[111]_255_40 ( mux_53_250 ) 
     2 mux_valid_arr[111]_255_25 ( bmux_444 ) 
     2 mux_valid_arr[111]_255_1514 ( mux_53_251 ) 
     2 mux_valid_arr[111]_255_1515 ( bmux_445 ) 
     2 mux_valid_arr[112]_255_40 ( mux_53_252 ) 
     2 mux_valid_arr[112]_255_25 ( bmux_446 ) 
     2 mux_valid_arr[112]_255_1518 ( mux_53_253 ) 
     2 mux_valid_arr[112]_255_1519 ( bmux_447 ) 
     2 mux_valid_arr[113]_255_40 ( mux_53_254 ) 
     2 mux_valid_arr[113]_255_25 ( bmux_448 ) 
     2 mux_valid_arr[113]_255_1522 ( mux_53_255 ) 
     2 mux_valid_arr[113]_255_1523 ( bmux_449 ) 
     2 mux_valid_arr[114]_255_40 ( mux_53_256 ) 
     2 mux_valid_arr[114]_255_25 ( bmux_450 ) 
     2 mux_valid_arr[114]_255_1526 ( mux_53_257 ) 
     2 mux_valid_arr[114]_255_1527 ( bmux_451 ) 
     2 mux_valid_arr[115]_255_40 ( mux_53_258 ) 
     2 mux_valid_arr[115]_255_25 ( bmux_452 ) 
     2 mux_valid_arr[115]_255_1530 ( mux_53_259 ) 
     2 mux_valid_arr[115]_255_1531 ( bmux_453 ) 
     2 mux_valid_arr[116]_255_40 ( mux_53_260 ) 
     2 mux_valid_arr[116]_255_25 ( bmux_454 ) 
     2 mux_valid_arr[116]_255_1534 ( mux_53_261 ) 
     2 mux_valid_arr[116]_255_1535 ( bmux_455 ) 
     2 mux_valid_arr[117]_255_40 ( mux_53_262 ) 
     2 mux_valid_arr[117]_255_25 ( bmux_456 ) 
     2 mux_valid_arr[117]_255_1538 ( mux_53_263 ) 
     2 mux_valid_arr[117]_255_1539 ( bmux_457 ) 
     2 mux_valid_arr[118]_255_40 ( mux_53_264 ) 
     2 mux_valid_arr[118]_255_25 ( bmux_458 ) 
     2 mux_valid_arr[118]_255_1542 ( mux_53_265 ) 
     2 mux_valid_arr[118]_255_1543 ( bmux_459 ) 
     2 mux_valid_arr[119]_255_40 ( mux_53_266 ) 
     2 mux_valid_arr[119]_255_25 ( bmux_460 ) 
     2 mux_valid_arr[119]_255_1546 ( mux_53_267 ) 
     2 mux_valid_arr[119]_255_1547 ( bmux_461 ) 
     2 mux_valid_arr[120]_255_40 ( mux_53_268 ) 
     2 mux_valid_arr[120]_255_25 ( bmux_462 ) 
     2 mux_valid_arr[120]_255_1550 ( mux_53_269 ) 
     2 mux_valid_arr[120]_255_1551 ( bmux_463 ) 
     2 mux_valid_arr[121]_255_40 ( mux_53_270 ) 
     2 mux_valid_arr[121]_255_25 ( bmux_464 ) 
     2 mux_valid_arr[121]_255_1554 ( mux_53_271 ) 
     2 mux_valid_arr[121]_255_1555 ( bmux_465 ) 
     2 mux_valid_arr[122]_255_40 ( mux_53_272 ) 
     2 mux_valid_arr[122]_255_25 ( bmux_466 ) 
     2 mux_valid_arr[122]_255_1558 ( mux_53_273 ) 
     2 mux_valid_arr[122]_255_1559 ( bmux_467 ) 
     2 mux_valid_arr[123]_255_40 ( mux_53_274 ) 
     2 mux_valid_arr[123]_255_25 ( bmux_468 ) 
     2 mux_valid_arr[123]_255_1562 ( mux_53_275 ) 
     2 mux_valid_arr[123]_255_1563 ( bmux_469 ) 
     2 mux_valid_arr[124]_255_40 ( mux_53_276 ) 
     2 mux_valid_arr[124]_255_25 ( bmux_470 ) 
     2 mux_valid_arr[124]_255_1566 ( mux_53_277 ) 
     2 mux_valid_arr[124]_255_1567 ( bmux_471 ) 
     2 mux_valid_arr[125]_255_40 ( mux_53_278 ) 
     2 mux_valid_arr[125]_255_25 ( bmux_472 ) 
     2 mux_valid_arr[125]_255_1570 ( mux_53_279 ) 
     2 mux_valid_arr[125]_255_1571 ( bmux_473 ) 
     2 mux_valid_arr[126]_255_40 ( mux_53_280 ) 
     2 mux_valid_arr[126]_255_25 ( bmux_474 ) 
     2 mux_valid_arr[126]_255_1574 ( mux_53_281 ) 
     2 mux_valid_arr[126]_255_1575 ( bmux_475 ) 
     2 mux_valid_arr[127]_255_40 ( mux_53_282 ) 
     2 mux_valid_arr[127]_255_25 ( bmux_476 ) 
     2 mux_valid_arr[127]_255_1578 ( mux_53_283 ) 
     2 mux_valid_arr[127]_255_1579 ( bmux_477 ) 
     2 mux_valid_arr[128]_255_40 ( mux_53_284 ) 
     2 mux_valid_arr[128]_255_25 ( bmux_478 ) 
     2 mux_valid_arr[128]_255_1582 ( mux_53_285 ) 
     2 mux_valid_arr[128]_255_1583 ( bmux_479 ) 
     2 mux_valid_arr[129]_255_40 ( mux_53_286 ) 
     2 mux_valid_arr[129]_255_25 ( bmux_480 ) 
     2 mux_valid_arr[129]_255_1586 ( mux_53_287 ) 
     2 mux_valid_arr[129]_255_1587 ( bmux_481 ) 
     2 mux_valid_arr[130]_255_40 ( mux_53_288 ) 
     2 mux_valid_arr[130]_255_25 ( bmux_482 ) 
     2 mux_valid_arr[130]_255_1590 ( mux_53_289 ) 
     2 mux_valid_arr[130]_255_1591 ( bmux_483 ) 
     2 mux_valid_arr[131]_255_40 ( mux_53_290 ) 
     2 mux_valid_arr[131]_255_25 ( bmux_484 ) 
     2 mux_valid_arr[131]_255_1594 ( mux_53_291 ) 
     2 mux_valid_arr[131]_255_1595 ( bmux_485 ) 
     2 mux_valid_arr[132]_255_40 ( mux_53_292 ) 
     2 mux_valid_arr[132]_255_25 ( bmux_486 ) 
     2 mux_valid_arr[132]_255_1598 ( mux_53_293 ) 
     2 mux_valid_arr[132]_255_1599 ( bmux_487 ) 
     2 mux_valid_arr[133]_255_40 ( mux_53_294 ) 
     2 mux_valid_arr[133]_255_25 ( bmux_488 ) 
     2 mux_valid_arr[133]_255_1602 ( mux_53_295 ) 
     2 mux_valid_arr[133]_255_1603 ( bmux_489 ) 
     2 mux_valid_arr[134]_255_40 ( mux_53_296 ) 
     2 mux_valid_arr[134]_255_25 ( bmux_490 ) 
     2 mux_valid_arr[134]_255_1606 ( mux_53_297 ) 
     2 mux_valid_arr[134]_255_1607 ( bmux_491 ) 
     2 mux_valid_arr[135]_255_40 ( mux_53_298 ) 
     2 mux_valid_arr[135]_255_25 ( bmux_492 ) 
     2 mux_valid_arr[135]_255_1610 ( mux_53_299 ) 
     2 mux_valid_arr[135]_255_1611 ( bmux_493 ) 
     2 mux_valid_arr[136]_255_40 ( mux_53_300 ) 
     2 mux_valid_arr[136]_255_25 ( bmux_494 ) 
     2 mux_valid_arr[136]_255_1614 ( mux_53_301 ) 
     2 mux_valid_arr[136]_255_1615 ( bmux_495 ) 
     2 mux_valid_arr[137]_255_40 ( mux_53_302 ) 
     2 mux_valid_arr[137]_255_25 ( bmux_496 ) 
     2 mux_valid_arr[137]_255_1618 ( mux_53_303 ) 
     2 mux_valid_arr[137]_255_1619 ( bmux_497 ) 
     2 mux_valid_arr[138]_255_40 ( mux_53_304 ) 
     2 mux_valid_arr[138]_255_25 ( bmux_498 ) 
     2 mux_valid_arr[138]_255_1622 ( mux_53_305 ) 
     2 mux_valid_arr[138]_255_1623 ( bmux_499 ) 
     2 mux_valid_arr[139]_255_40 ( mux_53_306 ) 
     2 mux_valid_arr[139]_255_25 ( bmux_500 ) 
     2 mux_valid_arr[139]_255_1626 ( mux_53_307 ) 
     2 mux_valid_arr[139]_255_1627 ( bmux_501 ) 
     2 mux_valid_arr[140]_255_40 ( mux_53_308 ) 
     2 mux_valid_arr[140]_255_25 ( bmux_502 ) 
     2 mux_valid_arr[140]_255_1630 ( mux_53_309 ) 
     2 mux_valid_arr[140]_255_1631 ( bmux_503 ) 
     2 mux_valid_arr[141]_255_40 ( mux_53_310 ) 
     2 mux_valid_arr[141]_255_25 ( bmux_504 ) 
     2 mux_valid_arr[141]_255_1634 ( mux_53_311 ) 
     2 mux_valid_arr[141]_255_1635 ( bmux_505 ) 
     2 mux_valid_arr[142]_255_40 ( mux_53_312 ) 
     2 mux_valid_arr[142]_255_25 ( bmux_506 ) 
     2 mux_valid_arr[142]_255_1638 ( mux_53_313 ) 
     2 mux_valid_arr[142]_255_1639 ( bmux_507 ) 
     2 mux_valid_arr[143]_255_40 ( mux_53_314 ) 
     2 mux_valid_arr[143]_255_25 ( bmux_508 ) 
     2 mux_valid_arr[143]_255_1642 ( mux_53_315 ) 
     2 mux_valid_arr[143]_255_1643 ( bmux_509 ) 
     2 mux_valid_arr[144]_255_40 ( mux_53_316 ) 
     2 mux_valid_arr[144]_255_25 ( bmux_510 ) 
     2 mux_valid_arr[144]_255_1646 ( mux_53_317 ) 
     2 mux_valid_arr[144]_255_1647 ( bmux_511 ) 
     2 mux_valid_arr[145]_255_40 ( mux_53_318 ) 
     2 mux_valid_arr[145]_255_25 ( bmux_512 ) 
     2 mux_valid_arr[145]_255_1650 ( mux_53_319 ) 
     2 mux_valid_arr[145]_255_1651 ( bmux_513 ) 
     2 mux_valid_arr[146]_255_40 ( mux_53_320 ) 
     2 mux_valid_arr[146]_255_25 ( bmux_514 ) 
     2 mux_valid_arr[146]_255_1654 ( mux_53_321 ) 
     2 mux_valid_arr[146]_255_1655 ( bmux_515 ) 
     2 mux_valid_arr[147]_255_40 ( mux_53_322 ) 
     2 mux_valid_arr[147]_255_25 ( bmux_516 ) 
     2 mux_valid_arr[147]_255_1658 ( mux_53_323 ) 
     2 mux_valid_arr[147]_255_1659 ( bmux_517 ) 
     2 mux_valid_arr[148]_255_40 ( mux_53_324 ) 
     2 mux_valid_arr[148]_255_25 ( bmux_518 ) 
     2 mux_valid_arr[148]_255_1662 ( mux_53_325 ) 
     2 mux_valid_arr[148]_255_1663 ( bmux_519 ) 
     2 mux_valid_arr[149]_255_40 ( mux_53_326 ) 
     2 mux_valid_arr[149]_255_25 ( bmux_520 ) 
     2 mux_valid_arr[149]_255_1666 ( mux_53_327 ) 
     2 mux_valid_arr[149]_255_1667 ( bmux_521 ) 
     2 mux_valid_arr[150]_255_40 ( mux_53_328 ) 
     2 mux_valid_arr[150]_255_25 ( bmux_522 ) 
     2 mux_valid_arr[150]_255_1670 ( mux_53_329 ) 
     2 mux_valid_arr[150]_255_1671 ( bmux_523 ) 
     2 mux_valid_arr[151]_255_40 ( mux_53_330 ) 
     2 mux_valid_arr[151]_255_25 ( bmux_524 ) 
     2 mux_valid_arr[151]_255_1674 ( mux_53_331 ) 
     2 mux_valid_arr[151]_255_1675 ( bmux_525 ) 
     2 mux_valid_arr[152]_255_40 ( mux_53_332 ) 
     2 mux_valid_arr[152]_255_25 ( bmux_526 ) 
     2 mux_valid_arr[152]_255_1678 ( mux_53_333 ) 
     2 mux_valid_arr[152]_255_1679 ( bmux_527 ) 
     2 mux_valid_arr[153]_255_40 ( mux_53_334 ) 
     2 mux_valid_arr[153]_255_25 ( bmux_528 ) 
     2 mux_valid_arr[153]_255_1682 ( mux_53_335 ) 
     2 mux_valid_arr[153]_255_1683 ( bmux_529 ) 
     2 mux_valid_arr[154]_255_40 ( mux_53_336 ) 
     2 mux_valid_arr[154]_255_25 ( bmux_530 ) 
     2 mux_valid_arr[154]_255_1686 ( mux_53_337 ) 
     2 mux_valid_arr[154]_255_1687 ( bmux_531 ) 
     2 mux_valid_arr[155]_255_40 ( mux_53_338 ) 
     2 mux_valid_arr[155]_255_25 ( bmux_532 ) 
     2 mux_valid_arr[155]_255_1690 ( mux_53_339 ) 
     2 mux_valid_arr[155]_255_1691 ( bmux_533 ) 
     2 mux_valid_arr[156]_255_40 ( mux_53_340 ) 
     2 mux_valid_arr[156]_255_25 ( bmux_534 ) 
     2 mux_valid_arr[156]_255_1694 ( mux_53_341 ) 
     2 mux_valid_arr[156]_255_1695 ( bmux_535 ) 
     2 mux_valid_arr[157]_255_40 ( mux_53_342 ) 
     2 mux_valid_arr[157]_255_25 ( bmux_536 ) 
     2 mux_valid_arr[157]_255_1698 ( mux_53_343 ) 
     2 mux_valid_arr[157]_255_1699 ( bmux_537 ) 
     2 mux_valid_arr[158]_255_40 ( mux_53_344 ) 
     2 mux_valid_arr[158]_255_25 ( bmux_538 ) 
     2 mux_valid_arr[158]_255_1702 ( mux_53_345 ) 
     2 mux_valid_arr[158]_255_1703 ( bmux_539 ) 
     2 mux_valid_arr[159]_255_40 ( mux_53_346 ) 
     2 mux_valid_arr[159]_255_25 ( bmux_540 ) 
     2 mux_valid_arr[159]_255_1706 ( mux_53_347 ) 
     2 mux_valid_arr[159]_255_1707 ( bmux_541 ) 
     2 mux_valid_arr[160]_255_40 ( mux_53_348 ) 
     2 mux_valid_arr[160]_255_25 ( bmux_542 ) 
     2 mux_valid_arr[160]_255_1710 ( mux_53_349 ) 
     2 mux_valid_arr[160]_255_1711 ( bmux_543 ) 
     2 mux_valid_arr[161]_255_40 ( mux_53_350 ) 
     2 mux_valid_arr[161]_255_25 ( bmux_544 ) 
     2 mux_valid_arr[161]_255_1714 ( mux_53_351 ) 
     2 mux_valid_arr[161]_255_1715 ( bmux_545 ) 
     2 mux_valid_arr[162]_255_40 ( mux_53_352 ) 
     2 mux_valid_arr[162]_255_25 ( bmux_546 ) 
     2 mux_valid_arr[162]_255_1718 ( mux_53_353 ) 
     2 mux_valid_arr[162]_255_1719 ( bmux_547 ) 
     2 mux_valid_arr[163]_255_40 ( mux_53_354 ) 
     2 mux_valid_arr[163]_255_25 ( bmux_548 ) 
     2 mux_valid_arr[163]_255_1722 ( mux_53_355 ) 
     2 mux_valid_arr[163]_255_1723 ( bmux_549 ) 
     2 mux_valid_arr[164]_255_40 ( mux_53_356 ) 
     2 mux_valid_arr[164]_255_25 ( bmux_550 ) 
     2 mux_valid_arr[164]_255_1726 ( mux_53_357 ) 
     2 mux_valid_arr[164]_255_1727 ( bmux_551 ) 
     2 mux_valid_arr[165]_255_40 ( mux_53_358 ) 
     2 mux_valid_arr[165]_255_25 ( bmux_552 ) 
     2 mux_valid_arr[165]_255_1730 ( mux_53_359 ) 
     2 mux_valid_arr[165]_255_1731 ( bmux_553 ) 
     2 mux_valid_arr[166]_255_40 ( mux_53_360 ) 
     2 mux_valid_arr[166]_255_25 ( bmux_554 ) 
     2 mux_valid_arr[166]_255_1734 ( mux_53_361 ) 
     2 mux_valid_arr[166]_255_1735 ( bmux_555 ) 
     2 mux_valid_arr[167]_255_40 ( mux_53_362 ) 
     2 mux_valid_arr[167]_255_25 ( bmux_556 ) 
     2 mux_valid_arr[167]_255_1738 ( mux_53_363 ) 
     2 mux_valid_arr[167]_255_1739 ( bmux_557 ) 
     2 mux_valid_arr[168]_255_40 ( mux_53_364 ) 
     2 mux_valid_arr[168]_255_25 ( bmux_558 ) 
     2 mux_valid_arr[168]_255_1742 ( mux_53_365 ) 
     2 mux_valid_arr[168]_255_1743 ( bmux_559 ) 
     2 mux_valid_arr[169]_255_40 ( mux_53_366 ) 
     2 mux_valid_arr[169]_255_25 ( bmux_560 ) 
     2 mux_valid_arr[169]_255_1746 ( mux_53_367 ) 
     2 mux_valid_arr[169]_255_1747 ( bmux_561 ) 
     2 mux_valid_arr[170]_255_40 ( mux_53_368 ) 
     2 mux_valid_arr[170]_255_25 ( bmux_562 ) 
     2 mux_valid_arr[170]_255_1750 ( mux_53_369 ) 
     2 mux_valid_arr[170]_255_1751 ( bmux_563 ) 
     2 mux_valid_arr[171]_255_40 ( mux_53_370 ) 
     2 mux_valid_arr[171]_255_25 ( bmux_564 ) 
     2 mux_valid_arr[171]_255_1754 ( mux_53_371 ) 
     2 mux_valid_arr[171]_255_1755 ( bmux_565 ) 
     2 mux_valid_arr[172]_255_40 ( mux_53_372 ) 
     2 mux_valid_arr[172]_255_25 ( bmux_566 ) 
     2 mux_valid_arr[172]_255_1758 ( mux_53_373 ) 
     2 mux_valid_arr[172]_255_1759 ( bmux_567 ) 
     2 mux_valid_arr[173]_255_40 ( mux_53_374 ) 
     2 mux_valid_arr[173]_255_25 ( bmux_568 ) 
     2 mux_valid_arr[173]_255_1762 ( mux_53_375 ) 
     2 mux_valid_arr[173]_255_1763 ( bmux_569 ) 
     2 mux_valid_arr[174]_255_40 ( mux_53_376 ) 
     2 mux_valid_arr[174]_255_25 ( bmux_570 ) 
     2 mux_valid_arr[174]_255_1766 ( mux_53_377 ) 
     2 mux_valid_arr[174]_255_1767 ( bmux_571 ) 
     2 mux_valid_arr[175]_255_40 ( mux_53_378 ) 
     2 mux_valid_arr[175]_255_25 ( bmux_572 ) 
     2 mux_valid_arr[175]_255_1770 ( mux_53_379 ) 
     2 mux_valid_arr[175]_255_1771 ( bmux_573 ) 
     2 mux_valid_arr[176]_255_40 ( mux_53_380 ) 
     2 mux_valid_arr[176]_255_25 ( bmux_574 ) 
     2 mux_valid_arr[176]_255_1774 ( mux_53_381 ) 
     2 mux_valid_arr[176]_255_1775 ( bmux_575 ) 
     2 mux_valid_arr[177]_255_40 ( mux_53_382 ) 
     2 mux_valid_arr[177]_255_25 ( bmux_576 ) 
     2 mux_valid_arr[177]_255_1778 ( mux_53_383 ) 
     2 mux_valid_arr[177]_255_1779 ( bmux_577 ) 
     2 mux_valid_arr[178]_255_40 ( mux_53_384 ) 
     2 mux_valid_arr[178]_255_25 ( bmux_578 ) 
     2 mux_valid_arr[178]_255_1782 ( mux_53_385 ) 
     2 mux_valid_arr[178]_255_1783 ( bmux_579 ) 
     2 mux_valid_arr[179]_255_40 ( mux_53_386 ) 
     2 mux_valid_arr[179]_255_25 ( bmux_580 ) 
     2 mux_valid_arr[179]_255_1786 ( mux_53_387 ) 
     2 mux_valid_arr[179]_255_1787 ( bmux_581 ) 
     2 mux_valid_arr[180]_255_40 ( mux_53_388 ) 
     2 mux_valid_arr[180]_255_25 ( bmux_582 ) 
     2 mux_valid_arr[180]_255_1790 ( mux_53_389 ) 
     2 mux_valid_arr[180]_255_1791 ( bmux_583 ) 
     2 mux_valid_arr[181]_255_40 ( mux_53_390 ) 
     2 mux_valid_arr[181]_255_25 ( bmux_584 ) 
     2 mux_valid_arr[181]_255_1794 ( mux_53_391 ) 
     2 mux_valid_arr[181]_255_1795 ( bmux_585 ) 
     2 mux_valid_arr[182]_255_40 ( mux_53_392 ) 
     2 mux_valid_arr[182]_255_25 ( bmux_586 ) 
     2 mux_valid_arr[182]_255_1798 ( mux_53_393 ) 
     2 mux_valid_arr[182]_255_1799 ( bmux_587 ) 
     2 mux_valid_arr[183]_255_40 ( mux_53_394 ) 
     2 mux_valid_arr[183]_255_25 ( bmux_588 ) 
     2 mux_valid_arr[183]_255_1802 ( mux_53_395 ) 
     2 mux_valid_arr[183]_255_1803 ( bmux_589 ) 
     2 mux_valid_arr[184]_255_40 ( mux_53_396 ) 
     2 mux_valid_arr[184]_255_25 ( bmux_590 ) 
     2 mux_valid_arr[184]_255_1806 ( mux_53_397 ) 
     2 mux_valid_arr[184]_255_1807 ( bmux_591 ) 
     2 mux_valid_arr[185]_255_40 ( mux_53_398 ) 
     2 mux_valid_arr[185]_255_25 ( bmux_592 ) 
     2 mux_valid_arr[185]_255_1810 ( mux_53_399 ) 
     2 mux_valid_arr[185]_255_1811 ( bmux_593 ) 
     2 mux_valid_arr[186]_255_40 ( mux_53_400 ) 
     2 mux_valid_arr[186]_255_25 ( bmux_594 ) 
     2 mux_valid_arr[186]_255_1814 ( mux_53_401 ) 
     2 mux_valid_arr[186]_255_1815 ( bmux_595 ) 
     2 mux_valid_arr[187]_255_40 ( mux_53_402 ) 
     2 mux_valid_arr[187]_255_25 ( bmux_596 ) 
     2 mux_valid_arr[187]_255_1818 ( mux_53_403 ) 
     2 mux_valid_arr[187]_255_1819 ( bmux_597 ) 
     2 mux_valid_arr[188]_255_40 ( mux_53_404 ) 
     2 mux_valid_arr[188]_255_25 ( bmux_598 ) 
     2 mux_valid_arr[188]_255_1822 ( mux_53_405 ) 
     2 mux_valid_arr[188]_255_1823 ( bmux_599 ) 
     2 mux_valid_arr[189]_255_40 ( mux_53_406 ) 
     2 mux_valid_arr[189]_255_25 ( bmux_600 ) 
     2 mux_valid_arr[189]_255_1826 ( mux_53_407 ) 
     2 mux_valid_arr[189]_255_1827 ( bmux_601 ) 
     2 mux_valid_arr[190]_255_40 ( mux_53_408 ) 
     2 mux_valid_arr[190]_255_25 ( bmux_602 ) 
     2 mux_valid_arr[190]_255_1830 ( mux_53_409 ) 
     2 mux_valid_arr[190]_255_1831 ( bmux_603 ) 
     2 mux_valid_arr[191]_255_40 ( mux_53_410 ) 
     2 mux_valid_arr[191]_255_25 ( bmux_604 ) 
     2 mux_valid_arr[191]_255_1834 ( mux_53_411 ) 
     2 mux_valid_arr[191]_255_1835 ( bmux_605 ) 
     2 mux_valid_arr[192]_255_40 ( mux_53_412 ) 
     2 mux_valid_arr[192]_255_25 ( bmux_606 ) 
     2 mux_valid_arr[192]_255_1838 ( mux_53_413 ) 
     2 mux_valid_arr[192]_255_1839 ( bmux_607 ) 
     2 mux_valid_arr[193]_255_40 ( mux_53_414 ) 
     2 mux_valid_arr[193]_255_25 ( bmux_608 ) 
     2 mux_valid_arr[193]_255_1842 ( mux_53_415 ) 
     2 mux_valid_arr[193]_255_1843 ( bmux_609 ) 
     2 mux_valid_arr[194]_255_40 ( mux_53_416 ) 
     2 mux_valid_arr[194]_255_25 ( bmux_610 ) 
     2 mux_valid_arr[194]_255_1846 ( mux_53_417 ) 
     2 mux_valid_arr[194]_255_1847 ( bmux_611 ) 
     2 mux_valid_arr[195]_255_40 ( mux_53_418 ) 
     2 mux_valid_arr[195]_255_25 ( bmux_612 ) 
     2 mux_valid_arr[195]_255_1850 ( mux_53_419 ) 
     2 mux_valid_arr[195]_255_1851 ( bmux_613 ) 
     2 mux_valid_arr[196]_255_40 ( mux_53_420 ) 
     2 mux_valid_arr[196]_255_25 ( bmux_614 ) 
     2 mux_valid_arr[196]_255_1854 ( mux_53_421 ) 
     2 mux_valid_arr[196]_255_1855 ( bmux_615 ) 
     2 mux_valid_arr[197]_255_40 ( mux_53_422 ) 
     2 mux_valid_arr[197]_255_25 ( bmux_616 ) 
     2 mux_valid_arr[197]_255_1858 ( mux_53_423 ) 
     2 mux_valid_arr[197]_255_1859 ( bmux_617 ) 
     2 mux_valid_arr[198]_255_40 ( mux_53_424 ) 
     2 mux_valid_arr[198]_255_25 ( bmux_618 ) 
     2 mux_valid_arr[198]_255_1862 ( mux_53_425 ) 
     2 mux_valid_arr[198]_255_1863 ( bmux_619 ) 
     2 mux_valid_arr[199]_255_40 ( mux_53_426 ) 
     2 mux_valid_arr[199]_255_25 ( bmux_620 ) 
     2 mux_valid_arr[199]_255_1866 ( mux_53_427 ) 
     2 mux_valid_arr[199]_255_1867 ( bmux_621 ) 
     2 mux_valid_arr[200]_255_40 ( mux_53_428 ) 
     2 mux_valid_arr[200]_255_25 ( bmux_622 ) 
     2 mux_valid_arr[200]_255_1870 ( mux_53_429 ) 
     2 mux_valid_arr[200]_255_1871 ( bmux_623 ) 
     2 mux_valid_arr[201]_255_40 ( mux_53_430 ) 
     2 mux_valid_arr[201]_255_25 ( bmux_624 ) 
     2 mux_valid_arr[201]_255_1874 ( mux_53_431 ) 
     2 mux_valid_arr[201]_255_1875 ( bmux_625 ) 
     2 mux_valid_arr[202]_255_40 ( mux_53_432 ) 
     2 mux_valid_arr[202]_255_25 ( bmux_626 ) 
     2 mux_valid_arr[202]_255_1878 ( mux_53_433 ) 
     2 mux_valid_arr[202]_255_1879 ( bmux_627 ) 
     2 mux_valid_arr[203]_255_40 ( mux_53_434 ) 
     2 mux_valid_arr[203]_255_25 ( bmux_628 ) 
     2 mux_valid_arr[203]_255_1882 ( mux_53_435 ) 
     2 mux_valid_arr[203]_255_1883 ( bmux_629 ) 
     2 mux_valid_arr[204]_255_40 ( mux_53_436 ) 
     2 mux_valid_arr[204]_255_25 ( bmux_630 ) 
     2 mux_valid_arr[204]_255_1886 ( mux_53_437 ) 
     2 mux_valid_arr[204]_255_1887 ( bmux_631 ) 
     2 mux_valid_arr[205]_255_40 ( mux_53_438 ) 
     2 mux_valid_arr[205]_255_25 ( bmux_632 ) 
     2 mux_valid_arr[205]_255_1890 ( mux_53_439 ) 
     2 mux_valid_arr[205]_255_1891 ( bmux_633 ) 
     2 mux_valid_arr[206]_255_40 ( mux_53_440 ) 
     2 mux_valid_arr[206]_255_25 ( bmux_634 ) 
     2 mux_valid_arr[206]_255_1894 ( mux_53_441 ) 
     2 mux_valid_arr[206]_255_1895 ( bmux_635 ) 
     2 mux_valid_arr[207]_255_40 ( mux_53_442 ) 
     2 mux_valid_arr[207]_255_25 ( bmux_636 ) 
     2 mux_valid_arr[207]_255_1898 ( mux_53_443 ) 
     2 mux_valid_arr[207]_255_1899 ( bmux_637 ) 
     2 mux_valid_arr[208]_255_40 ( mux_53_444 ) 
     2 mux_valid_arr[208]_255_25 ( bmux_638 ) 
     2 mux_valid_arr[208]_255_1902 ( mux_53_445 ) 
     2 mux_valid_arr[208]_255_1903 ( bmux_639 ) 
     2 mux_valid_arr[209]_255_40 ( mux_53_446 ) 
     2 mux_valid_arr[209]_255_25 ( bmux_640 ) 
     2 mux_valid_arr[209]_255_1906 ( mux_53_447 ) 
     2 mux_valid_arr[209]_255_1907 ( bmux_641 ) 
     2 mux_valid_arr[210]_255_40 ( mux_53_448 ) 
     2 mux_valid_arr[210]_255_25 ( bmux_642 ) 
     2 mux_valid_arr[210]_255_1910 ( mux_53_449 ) 
     2 mux_valid_arr[210]_255_1911 ( bmux_643 ) 
     2 mux_valid_arr[211]_255_40 ( mux_53_450 ) 
     2 mux_valid_arr[211]_255_25 ( bmux_644 ) 
     2 mux_valid_arr[211]_255_1914 ( mux_53_451 ) 
     2 mux_valid_arr[211]_255_1915 ( bmux_645 ) 
     2 mux_valid_arr[212]_255_40 ( mux_53_452 ) 
     2 mux_valid_arr[212]_255_25 ( bmux_646 ) 
     2 mux_valid_arr[212]_255_1918 ( mux_53_453 ) 
     2 mux_valid_arr[212]_255_1919 ( bmux_647 ) 
     2 mux_valid_arr[213]_255_40 ( mux_53_454 ) 
     2 mux_valid_arr[213]_255_25 ( bmux_648 ) 
     2 mux_valid_arr[213]_255_1922 ( mux_53_455 ) 
     2 mux_valid_arr[213]_255_1923 ( bmux_649 ) 
     2 mux_valid_arr[214]_255_40 ( mux_53_456 ) 
     2 mux_valid_arr[214]_255_25 ( bmux_650 ) 
     2 mux_valid_arr[214]_255_1926 ( mux_53_457 ) 
     2 mux_valid_arr[214]_255_1927 ( bmux_651 ) 
     2 mux_valid_arr[215]_255_40 ( mux_53_458 ) 
     2 mux_valid_arr[215]_255_25 ( bmux_652 ) 
     2 mux_valid_arr[215]_255_1930 ( mux_53_459 ) 
     2 mux_valid_arr[215]_255_1931 ( bmux_653 ) 
     2 mux_valid_arr[216]_255_40 ( mux_53_460 ) 
     2 mux_valid_arr[216]_255_25 ( bmux_654 ) 
     2 mux_valid_arr[216]_255_1934 ( mux_53_461 ) 
     2 mux_valid_arr[216]_255_1935 ( bmux_655 ) 
     2 mux_valid_arr[217]_255_40 ( mux_53_462 ) 
     2 mux_valid_arr[217]_255_25 ( bmux_656 ) 
     2 mux_valid_arr[217]_255_1938 ( mux_53_463 ) 
     2 mux_valid_arr[217]_255_1939 ( bmux_657 ) 
     2 mux_valid_arr[218]_255_40 ( mux_53_464 ) 
     2 mux_valid_arr[218]_255_25 ( bmux_658 ) 
     2 mux_valid_arr[218]_255_1942 ( mux_53_465 ) 
     2 mux_valid_arr[218]_255_1943 ( bmux_659 ) 
     2 mux_valid_arr[219]_255_40 ( mux_53_466 ) 
     2 mux_valid_arr[219]_255_25 ( bmux_660 ) 
     2 mux_valid_arr[219]_255_1946 ( mux_53_467 ) 
     2 mux_valid_arr[219]_255_1947 ( bmux_661 ) 
     2 mux_valid_arr[220]_255_40 ( mux_53_468 ) 
     2 mux_valid_arr[220]_255_25 ( bmux_662 ) 
     2 mux_valid_arr[220]_255_1950 ( mux_53_469 ) 
     2 mux_valid_arr[220]_255_1951 ( bmux_663 ) 
     2 mux_valid_arr[221]_255_40 ( mux_53_470 ) 
     2 mux_valid_arr[221]_255_25 ( bmux_664 ) 
     2 mux_valid_arr[221]_255_1954 ( mux_53_471 ) 
     2 mux_valid_arr[221]_255_1955 ( bmux_665 ) 
     2 mux_valid_arr[222]_255_40 ( mux_53_472 ) 
     2 mux_valid_arr[222]_255_25 ( bmux_666 ) 
     2 mux_valid_arr[222]_255_1958 ( mux_53_473 ) 
     2 mux_valid_arr[222]_255_1959 ( bmux_667 ) 
     2 mux_valid_arr[223]_255_40 ( mux_53_474 ) 
     2 mux_valid_arr[223]_255_25 ( bmux_668 ) 
     2 mux_valid_arr[223]_255_1962 ( mux_53_475 ) 
     2 mux_valid_arr[223]_255_1963 ( bmux_669 ) 
     2 mux_valid_arr[224]_255_40 ( mux_53_476 ) 
     2 mux_valid_arr[224]_255_25 ( bmux_670 ) 
     2 mux_valid_arr[224]_255_1966 ( mux_53_477 ) 
     2 mux_valid_arr[224]_255_1967 ( bmux_671 ) 
     2 mux_valid_arr[225]_255_40 ( mux_53_478 ) 
     2 mux_valid_arr[225]_255_25 ( bmux_672 ) 
     2 mux_valid_arr[225]_255_1970 ( mux_53_479 ) 
     2 mux_valid_arr[225]_255_1971 ( bmux_673 ) 
     2 mux_valid_arr[226]_255_40 ( mux_53_480 ) 
     2 mux_valid_arr[226]_255_25 ( bmux_674 ) 
     2 mux_valid_arr[226]_255_1974 ( mux_53_481 ) 
     2 mux_valid_arr[226]_255_1975 ( bmux_675 ) 
     2 mux_valid_arr[227]_255_40 ( mux_53_482 ) 
     2 mux_valid_arr[227]_255_25 ( bmux_676 ) 
     2 mux_valid_arr[227]_255_1978 ( mux_53_483 ) 
     2 mux_valid_arr[227]_255_1979 ( bmux_677 ) 
     2 mux_valid_arr[228]_255_40 ( mux_53_484 ) 
     2 mux_valid_arr[228]_255_25 ( bmux_678 ) 
     2 mux_valid_arr[228]_255_1982 ( mux_53_485 ) 
     2 mux_valid_arr[228]_255_1983 ( bmux_679 ) 
     2 mux_valid_arr[229]_255_40 ( mux_53_486 ) 
     2 mux_valid_arr[229]_255_25 ( bmux_680 ) 
     2 mux_valid_arr[229]_255_1986 ( mux_53_487 ) 
     2 mux_valid_arr[229]_255_1987 ( bmux_681 ) 
     2 mux_valid_arr[230]_255_40 ( mux_53_488 ) 
     2 mux_valid_arr[230]_255_25 ( bmux_682 ) 
     2 mux_valid_arr[230]_255_1990 ( mux_53_489 ) 
     2 mux_valid_arr[230]_255_1991 ( bmux_683 ) 
     2 mux_valid_arr[231]_255_40 ( mux_53_490 ) 
     2 mux_valid_arr[231]_255_25 ( bmux_684 ) 
     2 mux_valid_arr[231]_255_1994 ( mux_53_491 ) 
     2 mux_valid_arr[231]_255_1995 ( bmux_685 ) 
     2 mux_valid_arr[232]_255_40 ( mux_53_492 ) 
     2 mux_valid_arr[232]_255_25 ( bmux_686 ) 
     2 mux_valid_arr[232]_255_1998 ( mux_53_493 ) 
     2 mux_valid_arr[232]_255_1999 ( bmux_687 ) 
     2 mux_valid_arr[233]_255_40 ( mux_53_494 ) 
     2 mux_valid_arr[233]_255_25 ( bmux_688 ) 
     2 mux_valid_arr[233]_255_2002 ( mux_53_495 ) 
     2 mux_valid_arr[233]_255_2003 ( bmux_689 ) 
     2 mux_valid_arr[234]_255_40 ( mux_53_496 ) 
     2 mux_valid_arr[234]_255_25 ( bmux_690 ) 
     2 mux_valid_arr[234]_255_2006 ( mux_53_497 ) 
     2 mux_valid_arr[234]_255_2007 ( bmux_691 ) 
     2 mux_valid_arr[235]_255_40 ( mux_53_498 ) 
     2 mux_valid_arr[235]_255_25 ( bmux_692 ) 
     2 mux_valid_arr[235]_255_2010 ( mux_53_499 ) 
     2 mux_valid_arr[235]_255_2011 ( bmux_693 ) 
     2 mux_valid_arr[236]_255_40 ( mux_53_500 ) 
     2 mux_valid_arr[236]_255_25 ( bmux_694 ) 
     2 mux_valid_arr[236]_255_2014 ( mux_53_501 ) 
     2 mux_valid_arr[236]_255_2015 ( bmux_695 ) 
     2 mux_valid_arr[237]_255_40 ( mux_53_502 ) 
     2 mux_valid_arr[237]_255_25 ( bmux_696 ) 
     2 mux_valid_arr[237]_255_2018 ( mux_53_503 ) 
     2 mux_valid_arr[237]_255_2019 ( bmux_697 ) 
     2 mux_valid_arr[238]_255_40 ( mux_53_504 ) 
     2 mux_valid_arr[238]_255_25 ( bmux_698 ) 
     2 mux_valid_arr[238]_255_2022 ( mux_53_505 ) 
     2 mux_valid_arr[238]_255_2023 ( bmux_699 ) 
     2 mux_valid_arr[239]_255_40 ( mux_53_506 ) 
     2 mux_valid_arr[239]_255_25 ( bmux_700 ) 
     2 mux_valid_arr[239]_255_2026 ( mux_53_507 ) 
     2 mux_valid_arr[239]_255_2027 ( bmux_701 ) 
     2 mux_valid_arr[240]_255_40 ( mux_53_508 ) 
     2 mux_valid_arr[240]_255_25 ( bmux_702 ) 
     2 mux_valid_arr[240]_255_2030 ( mux_53_509 ) 
     2 mux_valid_arr[240]_255_2031 ( bmux_703 ) 
     2 mux_valid_arr[241]_255_40 ( mux_53_510 ) 
     2 mux_valid_arr[241]_255_25 ( bmux_704 ) 
     2 mux_valid_arr[241]_255_2034 ( mux_53_511 ) 
     2 mux_valid_arr[241]_255_2035 ( bmux_705 ) 
     2 mux_valid_arr[242]_255_40 ( mux_53_512 ) 
     2 mux_valid_arr[242]_255_25 ( bmux_706 ) 
     2 mux_valid_arr[242]_255_2038 ( mux_53_513 ) 
     2 mux_valid_arr[242]_255_2039 ( bmux_707 ) 
     2 mux_valid_arr[243]_255_40 ( mux_53_514 ) 
     2 mux_valid_arr[243]_255_25 ( bmux_708 ) 
     2 mux_valid_arr[243]_255_2042 ( mux_53_515 ) 
     2 mux_valid_arr[243]_255_2043 ( bmux_709 ) 
     2 mux_valid_arr[244]_255_40 ( mux_53_516 ) 
     2 mux_valid_arr[244]_255_25 ( bmux_710 ) 
     2 mux_valid_arr[244]_255_2046 ( mux_53_517 ) 
     2 mux_valid_arr[244]_255_2047 ( bmux_711 ) 
     2 mux_valid_arr[245]_255_40 ( mux_53_518 ) 
     2 mux_valid_arr[245]_255_25 ( bmux_712 ) 
     2 mux_valid_arr[245]_255_2050 ( mux_53_519 ) 
     2 mux_valid_arr[245]_255_2051 ( bmux_713 ) 
     2 mux_valid_arr[246]_255_40 ( mux_53_520 ) 
     2 mux_valid_arr[246]_255_25 ( bmux_714 ) 
     2 mux_valid_arr[246]_255_2054 ( mux_53_521 ) 
     2 mux_valid_arr[246]_255_2055 ( bmux_715 ) 
     2 mux_valid_arr[247]_255_40 ( mux_53_522 ) 
     2 mux_valid_arr[247]_255_25 ( bmux_716 ) 
     2 mux_valid_arr[247]_255_2058 ( mux_53_523 ) 
     2 mux_valid_arr[247]_255_2059 ( bmux_717 ) 
     2 mux_valid_arr[248]_255_40 ( mux_53_524 ) 
     2 mux_valid_arr[248]_255_25 ( bmux_718 ) 
     2 mux_valid_arr[248]_255_2062 ( mux_53_525 ) 
     2 mux_valid_arr[248]_255_2063 ( bmux_719 ) 
     2 mux_valid_arr[249]_255_40 ( mux_53_526 ) 
     2 mux_valid_arr[249]_255_25 ( bmux_720 ) 
     2 mux_valid_arr[249]_255_2066 ( mux_53_527 ) 
     2 mux_valid_arr[249]_255_2067 ( bmux_721 ) 
     2 mux_valid_arr[250]_255_40 ( mux_53_528 ) 
     2 mux_valid_arr[250]_255_25 ( bmux_722 ) 
     2 mux_valid_arr[250]_255_2070 ( mux_53_529 ) 
     2 mux_valid_arr[250]_255_2071 ( bmux_723 ) 
     2 mux_valid_arr[251]_255_40 ( mux_53_530 ) 
     2 mux_valid_arr[251]_255_25 ( bmux_724 ) 
     2 mux_valid_arr[251]_255_2074 ( mux_53_531 ) 
     2 mux_valid_arr[251]_255_2075 ( bmux_725 ) 
     2 mux_valid_arr[252]_255_40 ( mux_53_532 ) 
     2 mux_valid_arr[252]_255_25 ( bmux_726 ) 
     2 mux_valid_arr[252]_255_2078 ( mux_53_533 ) 
     2 mux_valid_arr[252]_255_2079 ( bmux_727 ) 
     2 mux_valid_arr[253]_255_40 ( mux_53_534 ) 
     2 mux_valid_arr[253]_255_25 ( bmux_728 ) 
     2 mux_valid_arr[253]_255_2082 ( mux_53_535 ) 
     2 mux_valid_arr[253]_255_2083 ( bmux_729 ) 
     2 mux_valid_arr[254]_255_40 ( mux_53_536 ) 
     2 mux_valid_arr[254]_255_25 ( bmux_730 ) 
     2 mux_valid_arr[254]_255_2086 ( mux_53_537 ) 
     2 mux_valid_arr[254]_255_2087 ( bmux_731 ) 
     2 mux_valid_arr[255]_255_40 ( mux_53_538 ) 
     2 mux_valid_arr[255]_255_25 ( bmux_732 ) 
     2 mux_valid_arr[255]_255_2090 ( mux_53_539 ) 
     2 mux_valid_arr[255]_255_2091 ( bmux_733 ) 
     2 mux_valid_arr[256]_255_40 ( mux_53_540 ) 
     2 mux_valid_arr[256]_255_25 ( bmux_734 ) 
     2 mux_valid_arr[256]_255_2094 ( mux_53_541 ) 
     2 mux_valid_arr[256]_255_2095 ( bmux_735 ) 
     2 mux_valid_arr[257]_255_40 ( mux_53_542 ) 
     2 mux_valid_arr[257]_255_25 ( bmux_736 ) 
     2 mux_valid_arr[257]_255_2098 ( mux_53_543 ) 
     2 mux_valid_arr[257]_255_2099 ( bmux_737 ) 
     2 mux_valid_arr[258]_255_40 ( mux_53_544 ) 
     2 mux_valid_arr[258]_255_25 ( bmux_738 ) 
     2 mux_valid_arr[258]_255_2102 ( mux_53_545 ) 
     2 mux_valid_arr[258]_255_2103 ( bmux_739 ) 
     2 mux_valid_arr[259]_255_40 ( mux_53_546 ) 
     2 mux_valid_arr[259]_255_25 ( bmux_740 ) 
     2 mux_valid_arr[259]_255_2106 ( mux_53_547 ) 
     2 mux_valid_arr[259]_255_2107 ( bmux_741 ) 
     2 mux_valid_arr[260]_255_40 ( mux_53_548 ) 
     2 mux_valid_arr[260]_255_25 ( bmux_742 ) 
     2 mux_valid_arr[260]_255_2110 ( mux_53_549 ) 
     2 mux_valid_arr[260]_255_2111 ( bmux_743 ) 
     2 mux_valid_arr[261]_255_40 ( mux_53_550 ) 
     2 mux_valid_arr[261]_255_25 ( bmux_744 ) 
     2 mux_valid_arr[261]_255_2114 ( mux_53_551 ) 
     2 mux_valid_arr[261]_255_2115 ( bmux_745 ) 
     2 mux_valid_arr[262]_255_40 ( mux_53_552 ) 
     2 mux_valid_arr[262]_255_25 ( bmux_746 ) 
     2 mux_valid_arr[262]_255_2118 ( mux_53_553 ) 
     2 mux_valid_arr[262]_255_2119 ( bmux_747 ) 
     2 mux_valid_arr[263]_255_40 ( mux_53_554 ) 
     2 mux_valid_arr[263]_255_25 ( bmux_748 ) 
     2 mux_valid_arr[263]_255_2122 ( mux_53_555 ) 
     2 mux_valid_arr[263]_255_2123 ( bmux_749 ) 
     2 mux_valid_arr[264]_255_40 ( mux_53_556 ) 
     2 mux_valid_arr[264]_255_25 ( bmux_750 ) 
     2 mux_valid_arr[264]_255_2126 ( mux_53_557 ) 
     2 mux_valid_arr[264]_255_2127 ( bmux_751 ) 
     2 mux_valid_arr[265]_255_40 ( mux_53_558 ) 
     2 mux_valid_arr[265]_255_25 ( bmux_752 ) 
     2 mux_valid_arr[265]_255_2130 ( mux_53_559 ) 
     2 mux_valid_arr[265]_255_2131 ( bmux_753 ) 
     2 mux_valid_arr[266]_255_40 ( mux_53_560 ) 
     2 mux_valid_arr[266]_255_25 ( bmux_754 ) 
     2 mux_valid_arr[266]_255_2134 ( mux_53_561 ) 
     2 mux_valid_arr[266]_255_2135 ( bmux_755 ) 
     2 mux_valid_arr[267]_255_40 ( mux_53_562 ) 
     2 mux_valid_arr[267]_255_25 ( bmux_756 ) 
     2 mux_valid_arr[267]_255_2138 ( mux_53_563 ) 
     2 mux_valid_arr[267]_255_2139 ( bmux_757 ) 
     2 mux_valid_arr[268]_255_40 ( mux_53_564 ) 
     2 mux_valid_arr[268]_255_25 ( bmux_758 ) 
     2 mux_valid_arr[268]_255_2142 ( mux_53_565 ) 
     2 mux_valid_arr[268]_255_2143 ( bmux_759 ) 
     2 mux_valid_arr[269]_255_40 ( mux_53_566 ) 
     2 mux_valid_arr[269]_255_25 ( bmux_760 ) 
     2 mux_valid_arr[269]_255_2146 ( mux_53_567 ) 
     2 mux_valid_arr[269]_255_2147 ( bmux_761 ) 
     2 mux_valid_arr[270]_255_40 ( mux_53_568 ) 
     2 mux_valid_arr[270]_255_25 ( bmux_762 ) 
     2 mux_valid_arr[270]_255_2150 ( mux_53_569 ) 
     2 mux_valid_arr[270]_255_2151 ( bmux_763 ) 
     2 mux_valid_arr[271]_255_40 ( mux_53_570 ) 
     2 mux_valid_arr[271]_255_25 ( bmux_764 ) 
     2 mux_valid_arr[271]_255_2154 ( mux_53_571 ) 
     2 mux_valid_arr[271]_255_2155 ( bmux_765 ) 
     2 mux_valid_arr[272]_255_40 ( mux_53_572 ) 
     2 mux_valid_arr[272]_255_25 ( bmux_766 ) 
     2 mux_valid_arr[272]_255_2158 ( mux_53_573 ) 
     2 mux_valid_arr[272]_255_2159 ( bmux_767 ) 
     2 mux_valid_arr[273]_255_40 ( mux_53_574 ) 
     2 mux_valid_arr[273]_255_25 ( bmux_768 ) 
     2 mux_valid_arr[273]_255_2162 ( mux_53_575 ) 
     2 mux_valid_arr[273]_255_2163 ( bmux_769 ) 
     2 mux_valid_arr[274]_255_40 ( mux_53_576 ) 
     2 mux_valid_arr[274]_255_25 ( bmux_770 ) 
     2 mux_valid_arr[274]_255_2166 ( mux_53_577 ) 
     2 mux_valid_arr[274]_255_2167 ( bmux_771 ) 
     2 mux_valid_arr[275]_255_40 ( mux_53_578 ) 
     2 mux_valid_arr[275]_255_25 ( bmux_772 ) 
     2 mux_valid_arr[275]_255_2170 ( mux_53_579 ) 
     2 mux_valid_arr[275]_255_2171 ( bmux_773 ) 
     2 mux_valid_arr[276]_255_40 ( mux_53_580 ) 
     2 mux_valid_arr[276]_255_25 ( bmux_774 ) 
     2 mux_valid_arr[276]_255_2174 ( mux_53_581 ) 
     2 mux_valid_arr[276]_255_2175 ( bmux_775 ) 
     2 mux_valid_arr[277]_255_40 ( mux_53_582 ) 
     2 mux_valid_arr[277]_255_25 ( bmux_776 ) 
     2 mux_valid_arr[277]_255_2178 ( mux_53_583 ) 
     2 mux_valid_arr[277]_255_2179 ( bmux_777 ) 
     2 mux_valid_arr[278]_255_40 ( mux_53_584 ) 
     2 mux_valid_arr[278]_255_25 ( bmux_778 ) 
     2 mux_valid_arr[278]_255_2182 ( mux_53_585 ) 
     2 mux_valid_arr[278]_255_2183 ( bmux_779 ) 
     2 mux_valid_arr[279]_255_40 ( mux_53_586 ) 
     2 mux_valid_arr[279]_255_25 ( bmux_780 ) 
     2 mux_valid_arr[279]_255_2186 ( mux_53_587 ) 
     2 mux_valid_arr[279]_255_2187 ( bmux_781 ) 
     2 mux_valid_arr[280]_255_40 ( mux_53_588 ) 
     2 mux_valid_arr[280]_255_25 ( bmux_782 ) 
     2 mux_valid_arr[280]_255_2190 ( mux_53_589 ) 
     2 mux_valid_arr[280]_255_2191 ( bmux_783 ) 
     2 mux_valid_arr[281]_255_40 ( mux_53_590 ) 
     2 mux_valid_arr[281]_255_25 ( bmux_784 ) 
     2 mux_valid_arr[281]_255_2194 ( mux_53_591 ) 
     2 mux_valid_arr[281]_255_2195 ( bmux_785 ) 
     2 mux_valid_arr[282]_255_40 ( mux_53_592 ) 
     2 mux_valid_arr[282]_255_25 ( bmux_786 ) 
     2 mux_valid_arr[282]_255_2198 ( mux_53_593 ) 
     2 mux_valid_arr[282]_255_2199 ( bmux_787 ) 
     2 mux_valid_arr[283]_255_40 ( mux_53_594 ) 
     2 mux_valid_arr[283]_255_25 ( bmux_788 ) 
     2 mux_valid_arr[283]_255_2202 ( mux_53_595 ) 
     2 mux_valid_arr[283]_255_2203 ( bmux_789 ) 
     2 mux_valid_arr[284]_255_40 ( mux_53_596 ) 
     2 mux_valid_arr[284]_255_25 ( bmux_790 ) 
     2 mux_valid_arr[284]_255_2206 ( mux_53_597 ) 
     2 mux_valid_arr[284]_255_2207 ( bmux_791 ) 
     2 mux_valid_arr[285]_255_40 ( mux_53_598 ) 
     2 mux_valid_arr[285]_255_25 ( bmux_792 ) 
     2 mux_valid_arr[285]_255_2210 ( mux_53_599 ) 
     2 mux_valid_arr[285]_255_2211 ( bmux_793 ) 
     2 mux_valid_arr[286]_255_40 ( mux_53_600 ) 
     2 mux_valid_arr[286]_255_25 ( bmux_794 ) 
     2 mux_valid_arr[286]_255_2214 ( mux_53_601 ) 
     2 mux_valid_arr[286]_255_2215 ( bmux_795 ) 
     2 mux_valid_arr[287]_255_40 ( mux_53_602 ) 
     2 mux_valid_arr[287]_255_25 ( bmux_796 ) 
     2 mux_valid_arr[287]_255_2218 ( mux_53_603 ) 
     2 mux_valid_arr[287]_255_2219 ( bmux_797 ) 
     2 mux_valid_arr[288]_255_40 ( mux_53_604 ) 
     2 mux_valid_arr[288]_255_25 ( bmux_798 ) 
     2 mux_valid_arr[288]_255_2222 ( mux_53_605 ) 
     2 mux_valid_arr[288]_255_2223 ( bmux_799 ) 
     2 mux_valid_arr[289]_255_40 ( mux_53_606 ) 
     2 mux_valid_arr[289]_255_25 ( bmux_800 ) 
     2 mux_valid_arr[289]_255_2226 ( mux_53_607 ) 
     2 mux_valid_arr[289]_255_2227 ( bmux_801 ) 
     2 mux_valid_arr[290]_255_40 ( mux_53_608 ) 
     2 mux_valid_arr[290]_255_25 ( bmux_802 ) 
     2 mux_valid_arr[290]_255_2230 ( mux_53_609 ) 
     2 mux_valid_arr[290]_255_2231 ( bmux_803 ) 
     2 mux_valid_arr[291]_255_40 ( mux_53_610 ) 
     2 mux_valid_arr[291]_255_25 ( bmux_804 ) 
     2 mux_valid_arr[291]_255_2234 ( mux_53_611 ) 
     2 mux_valid_arr[291]_255_2235 ( bmux_805 ) 
     2 mux_valid_arr[292]_255_40 ( mux_53_612 ) 
     2 mux_valid_arr[292]_255_25 ( bmux_806 ) 
     2 mux_valid_arr[292]_255_2238 ( mux_53_613 ) 
     2 mux_valid_arr[292]_255_2239 ( bmux_807 ) 
     2 mux_valid_arr[293]_255_40 ( mux_53_614 ) 
     2 mux_valid_arr[293]_255_25 ( bmux_808 ) 
     2 mux_valid_arr[293]_255_2242 ( mux_53_615 ) 
     2 mux_valid_arr[293]_255_2243 ( bmux_809 ) 
     2 mux_valid_arr[294]_255_40 ( mux_53_616 ) 
     2 mux_valid_arr[294]_255_25 ( bmux_810 ) 
     2 mux_valid_arr[294]_255_2246 ( mux_53_617 ) 
     2 mux_valid_arr[294]_255_2247 ( bmux_811 ) 
     2 mux_valid_arr[295]_255_40 ( mux_53_618 ) 
     2 mux_valid_arr[295]_255_25 ( bmux_812 ) 
     2 mux_valid_arr[295]_255_2250 ( mux_53_619 ) 
     2 mux_valid_arr[295]_255_2251 ( bmux_813 ) 
     2 mux_valid_arr[296]_255_40 ( mux_53_620 ) 
     2 mux_valid_arr[296]_255_25 ( bmux_814 ) 
     2 mux_valid_arr[296]_255_2254 ( mux_53_621 ) 
     2 mux_valid_arr[296]_255_2255 ( bmux_815 ) 
     2 mux_valid_arr[297]_255_40 ( mux_53_622 ) 
     2 mux_valid_arr[297]_255_25 ( bmux_816 ) 
     2 mux_valid_arr[297]_255_2258 ( mux_53_623 ) 
     2 mux_valid_arr[297]_255_2259 ( bmux_817 ) 
     2 mux_valid_arr[298]_255_40 ( mux_53_624 ) 
     2 mux_valid_arr[298]_255_25 ( bmux_818 ) 
     2 mux_valid_arr[298]_255_2262 ( mux_53_625 ) 
     2 mux_valid_arr[298]_255_2263 ( bmux_819 ) 
     2 mux_valid_arr[299]_255_40 ( mux_53_626 ) 
     2 mux_valid_arr[299]_255_25 ( bmux_820 ) 
     2 mux_valid_arr[299]_255_2266 ( mux_53_627 ) 
     2 mux_valid_arr[299]_255_2267 ( bmux_821 ) 
     2 mux_valid_arr[300]_255_40 ( mux_53_628 ) 
     2 mux_valid_arr[300]_255_25 ( bmux_822 ) 
     2 mux_valid_arr[300]_255_2270 ( mux_53_629 ) 
     2 mux_valid_arr[300]_255_2271 ( bmux_823 ) 
     2 mux_valid_arr[301]_255_40 ( mux_53_630 ) 
     2 mux_valid_arr[301]_255_25 ( bmux_824 ) 
     2 mux_valid_arr[301]_255_2274 ( mux_53_631 ) 
     2 mux_valid_arr[301]_255_2275 ( bmux_825 ) 
     2 mux_valid_arr[302]_255_40 ( mux_53_632 ) 
     2 mux_valid_arr[302]_255_25 ( bmux_826 ) 
     2 mux_valid_arr[302]_255_2278 ( mux_53_633 ) 
     2 mux_valid_arr[302]_255_2279 ( bmux_827 ) 
     2 mux_valid_arr[303]_255_40 ( mux_53_634 ) 
     2 mux_valid_arr[303]_255_25 ( bmux_828 ) 
     2 mux_valid_arr[303]_255_2282 ( mux_53_635 ) 
     2 mux_valid_arr[303]_255_2283 ( bmux_829 ) 
     2 mux_valid_arr[304]_255_40 ( mux_53_636 ) 
     2 mux_valid_arr[304]_255_25 ( bmux_830 ) 
     2 mux_valid_arr[304]_255_2286 ( mux_53_637 ) 
     2 mux_valid_arr[304]_255_2287 ( bmux_831 ) 
     2 mux_valid_arr[305]_255_40 ( mux_53_638 ) 
     2 mux_valid_arr[305]_255_25 ( bmux_832 ) 
     2 mux_valid_arr[305]_255_2290 ( mux_53_639 ) 
     2 mux_valid_arr[305]_255_2291 ( bmux_833 ) 
     2 mux_valid_arr[306]_255_40 ( mux_53_640 ) 
     2 mux_valid_arr[306]_255_25 ( bmux_834 ) 
     2 mux_valid_arr[306]_255_2294 ( mux_53_641 ) 
     2 mux_valid_arr[306]_255_2295 ( bmux_835 ) 
     2 mux_valid_arr[307]_255_40 ( mux_53_642 ) 
     2 mux_valid_arr[307]_255_25 ( bmux_836 ) 
     2 mux_valid_arr[307]_255_2298 ( mux_53_643 ) 
     2 mux_valid_arr[307]_255_2299 ( bmux_837 ) 
     2 mux_valid_arr[308]_255_40 ( mux_53_644 ) 
     2 mux_valid_arr[308]_255_25 ( bmux_838 ) 
     2 mux_valid_arr[308]_255_2302 ( mux_53_645 ) 
     2 mux_valid_arr[308]_255_2303 ( bmux_839 ) 
     2 mux_valid_arr[309]_255_40 ( mux_53_646 ) 
     2 mux_valid_arr[309]_255_25 ( bmux_840 ) 
     2 mux_valid_arr[309]_255_2306 ( mux_53_647 ) 
     2 mux_valid_arr[309]_255_2307 ( bmux_841 ) 
     2 mux_valid_arr[310]_255_40 ( mux_53_648 ) 
     2 mux_valid_arr[310]_255_25 ( bmux_842 ) 
     2 mux_valid_arr[310]_255_2310 ( mux_53_649 ) 
     2 mux_valid_arr[310]_255_2311 ( bmux_843 ) 
     2 mux_valid_arr[311]_255_40 ( mux_53_650 ) 
     2 mux_valid_arr[311]_255_25 ( bmux_844 ) 
     2 mux_valid_arr[311]_255_2314 ( mux_53_651 ) 
     2 mux_valid_arr[311]_255_2315 ( bmux_845 ) 
     2 mux_valid_arr[312]_255_40 ( mux_53_652 ) 
     2 mux_valid_arr[312]_255_25 ( bmux_846 ) 
     2 mux_valid_arr[312]_255_2318 ( mux_53_653 ) 
     2 mux_valid_arr[312]_255_2319 ( bmux_847 ) 
     2 mux_valid_arr[313]_255_40 ( mux_53_654 ) 
     2 mux_valid_arr[313]_255_25 ( bmux_848 ) 
     2 mux_valid_arr[313]_255_2322 ( mux_53_655 ) 
     2 mux_valid_arr[313]_255_2323 ( bmux_849 ) 
     2 mux_valid_arr[314]_255_40 ( mux_53_656 ) 
     2 mux_valid_arr[314]_255_25 ( bmux_850 ) 
     2 mux_valid_arr[314]_255_2326 ( mux_53_657 ) 
     2 mux_valid_arr[314]_255_2327 ( bmux_851 ) 
     2 mux_valid_arr[315]_255_40 ( mux_53_658 ) 
     2 mux_valid_arr[315]_255_25 ( bmux_852 ) 
     2 mux_valid_arr[315]_255_2330 ( mux_53_659 ) 
     2 mux_valid_arr[315]_255_2331 ( bmux_853 ) 
     2 mux_valid_arr[316]_255_40 ( mux_53_660 ) 
     2 mux_valid_arr[316]_255_25 ( bmux_854 ) 
     2 mux_valid_arr[316]_255_2334 ( mux_53_661 ) 
     2 mux_valid_arr[316]_255_2335 ( bmux_855 ) 
     2 mux_valid_arr[317]_255_40 ( mux_53_662 ) 
     2 mux_valid_arr[317]_255_25 ( bmux_856 ) 
     2 mux_valid_arr[317]_255_2338 ( mux_53_663 ) 
     2 mux_valid_arr[317]_255_2339 ( bmux_857 ) 
     2 mux_valid_arr[318]_255_40 ( mux_53_664 ) 
     2 mux_valid_arr[318]_255_25 ( bmux_858 ) 
     2 mux_valid_arr[318]_255_2342 ( mux_53_665 ) 
     2 mux_valid_arr[318]_255_2343 ( bmux_859 ) 
     2 mux_valid_arr[319]_255_40 ( mux_53_666 ) 
     2 mux_valid_arr[319]_255_25 ( bmux_860 ) 
     2 mux_valid_arr[319]_255_2346 ( mux_53_667 ) 
     2 mux_valid_arr[319]_255_2347 ( bmux_861 ) 
     2 mux_valid_arr[320]_255_40 ( mux_53_668 ) 
     2 mux_valid_arr[320]_255_25 ( bmux_862 ) 
     2 mux_valid_arr[320]_255_2350 ( mux_53_669 ) 
     2 mux_valid_arr[320]_255_2351 ( bmux_863 ) 
     2 mux_valid_arr[321]_255_40 ( mux_53_670 ) 
     2 mux_valid_arr[321]_255_25 ( bmux_864 ) 
     2 mux_valid_arr[321]_255_2354 ( mux_53_671 ) 
     2 mux_valid_arr[321]_255_2355 ( bmux_865 ) 
     2 mux_valid_arr[322]_255_40 ( mux_53_672 ) 
     2 mux_valid_arr[322]_255_25 ( bmux_866 ) 
     2 mux_valid_arr[322]_255_2358 ( mux_53_673 ) 
     2 mux_valid_arr[322]_255_2359 ( bmux_867 ) 
     2 mux_valid_arr[323]_255_40 ( mux_53_674 ) 
     2 mux_valid_arr[323]_255_25 ( bmux_868 ) 
     2 mux_valid_arr[323]_255_2362 ( mux_53_675 ) 
     2 mux_valid_arr[323]_255_2363 ( bmux_869 ) 
     2 mux_valid_arr[324]_255_40 ( mux_53_676 ) 
     2 mux_valid_arr[324]_255_25 ( bmux_870 ) 
     2 mux_valid_arr[324]_255_2366 ( mux_53_677 ) 
     2 mux_valid_arr[324]_255_2367 ( bmux_871 ) 
     2 mux_valid_arr[325]_255_40 ( mux_53_678 ) 
     2 mux_valid_arr[325]_255_25 ( bmux_872 ) 
     2 mux_valid_arr[325]_255_2370 ( mux_53_679 ) 
     2 mux_valid_arr[325]_255_2371 ( bmux_873 ) 
     2 mux_valid_arr[326]_255_40 ( mux_53_680 ) 
     2 mux_valid_arr[326]_255_25 ( bmux_874 ) 
     2 mux_valid_arr[326]_255_2374 ( mux_53_681 ) 
     2 mux_valid_arr[326]_255_2375 ( bmux_875 ) 
     2 mux_valid_arr[327]_255_40 ( mux_53_682 ) 
     2 mux_valid_arr[327]_255_25 ( bmux_876 ) 
     2 mux_valid_arr[327]_255_2378 ( mux_53_683 ) 
     2 mux_valid_arr[327]_255_2379 ( bmux_877 ) 
     2 mux_valid_arr[328]_255_40 ( mux_53_684 ) 
     2 mux_valid_arr[328]_255_25 ( bmux_878 ) 
     2 mux_valid_arr[328]_255_2382 ( mux_53_685 ) 
     2 mux_valid_arr[328]_255_2383 ( bmux_879 ) 
     2 mux_valid_arr[329]_255_40 ( mux_53_686 ) 
     2 mux_valid_arr[329]_255_25 ( bmux_880 ) 
     2 mux_valid_arr[329]_255_2386 ( mux_53_687 ) 
     2 mux_valid_arr[329]_255_2387 ( bmux_881 ) 
     2 mux_valid_arr[330]_255_40 ( mux_53_688 ) 
     2 mux_valid_arr[330]_255_25 ( bmux_882 ) 
     2 mux_valid_arr[330]_255_2390 ( mux_53_689 ) 
     2 mux_valid_arr[330]_255_2391 ( bmux_883 ) 
     2 mux_valid_arr[331]_255_40 ( mux_53_690 ) 
     2 mux_valid_arr[331]_255_25 ( bmux_884 ) 
     2 mux_valid_arr[331]_255_2394 ( mux_53_691 ) 
     2 mux_valid_arr[331]_255_2395 ( bmux_885 ) 
     2 mux_valid_arr[332]_255_40 ( mux_53_692 ) 
     2 mux_valid_arr[332]_255_25 ( bmux_886 ) 
     2 mux_valid_arr[332]_255_2398 ( mux_53_693 ) 
     2 mux_valid_arr[332]_255_2399 ( bmux_887 ) 
     2 mux_valid_arr[333]_255_40 ( mux_53_694 ) 
     2 mux_valid_arr[333]_255_25 ( bmux_888 ) 
     2 mux_valid_arr[333]_255_2402 ( mux_53_695 ) 
     2 mux_valid_arr[333]_255_2403 ( bmux_889 ) 
     2 mux_valid_arr[334]_255_40 ( mux_53_696 ) 
     2 mux_valid_arr[334]_255_25 ( bmux_890 ) 
     2 mux_valid_arr[334]_255_2406 ( mux_53_697 ) 
     2 mux_valid_arr[334]_255_2407 ( bmux_891 ) 
     2 mux_valid_arr[335]_255_40 ( mux_53_698 ) 
     2 mux_valid_arr[335]_255_25 ( bmux_892 ) 
     2 mux_valid_arr[335]_255_2410 ( mux_53_699 ) 
     2 mux_valid_arr[335]_255_2411 ( bmux_893 ) 
     2 mux_valid_arr[336]_255_40 ( mux_53_700 ) 
     2 mux_valid_arr[336]_255_25 ( bmux_894 ) 
     2 mux_valid_arr[336]_255_2414 ( mux_53_701 ) 
     2 mux_valid_arr[336]_255_2415 ( bmux_895 ) 
     2 mux_valid_arr[337]_255_40 ( mux_53_702 ) 
     2 mux_valid_arr[337]_255_25 ( bmux_896 ) 
     2 mux_valid_arr[337]_255_2418 ( mux_53_703 ) 
     2 mux_valid_arr[337]_255_2419 ( bmux_897 ) 
     2 mux_valid_arr[338]_255_40 ( mux_53_704 ) 
     2 mux_valid_arr[338]_255_25 ( bmux_898 ) 
     2 mux_valid_arr[338]_255_2422 ( mux_53_705 ) 
     2 mux_valid_arr[338]_255_2423 ( bmux_899 ) 
     2 mux_valid_arr[339]_255_40 ( mux_53_706 ) 
     2 mux_valid_arr[339]_255_25 ( bmux_900 ) 
     2 mux_valid_arr[339]_255_2426 ( mux_53_707 ) 
     2 mux_valid_arr[339]_255_2427 ( bmux_901 ) 
     2 mux_valid_arr[340]_255_40 ( mux_53_708 ) 
     2 mux_valid_arr[340]_255_25 ( bmux_902 ) 
     2 mux_valid_arr[340]_255_2430 ( mux_53_709 ) 
     2 mux_valid_arr[340]_255_2431 ( bmux_903 ) 
     2 mux_valid_arr[341]_255_40 ( mux_53_710 ) 
     2 mux_valid_arr[341]_255_25 ( bmux_904 ) 
     2 mux_valid_arr[341]_255_2434 ( mux_53_711 ) 
     2 mux_valid_arr[341]_255_2435 ( bmux_905 ) 
     2 mux_valid_arr[342]_255_40 ( mux_53_712 ) 
     2 mux_valid_arr[342]_255_25 ( bmux_906 ) 
     2 mux_valid_arr[342]_255_2438 ( mux_53_713 ) 
     2 mux_valid_arr[342]_255_2439 ( bmux_907 ) 
     2 mux_valid_arr[343]_255_40 ( mux_53_714 ) 
     2 mux_valid_arr[343]_255_25 ( bmux_908 ) 
     2 mux_valid_arr[343]_255_2442 ( mux_53_715 ) 
     2 mux_valid_arr[343]_255_2443 ( bmux_909 ) 
     2 mux_valid_arr[344]_255_40 ( mux_53_716 ) 
     2 mux_valid_arr[344]_255_25 ( bmux_910 ) 
     2 mux_valid_arr[344]_255_2446 ( mux_53_717 ) 
     2 mux_valid_arr[344]_255_2447 ( bmux_911 ) 
     2 mux_valid_arr[345]_255_40 ( mux_53_718 ) 
     2 mux_valid_arr[345]_255_25 ( bmux_912 ) 
     2 mux_valid_arr[345]_255_2450 ( mux_53_719 ) 
     2 mux_valid_arr[345]_255_2451 ( bmux_913 ) 
     2 mux_valid_arr[346]_255_40 ( mux_53_720 ) 
     2 mux_valid_arr[346]_255_25 ( bmux_914 ) 
     2 mux_valid_arr[346]_255_2454 ( mux_53_721 ) 
     2 mux_valid_arr[346]_255_2455 ( bmux_915 ) 
     2 mux_valid_arr[347]_255_40 ( mux_53_722 ) 
     2 mux_valid_arr[347]_255_25 ( bmux_916 ) 
     2 mux_valid_arr[347]_255_2458 ( mux_53_723 ) 
     2 mux_valid_arr[347]_255_2459 ( bmux_917 ) 
     2 mux_valid_arr[348]_255_40 ( mux_53_724 ) 
     2 mux_valid_arr[348]_255_25 ( bmux_918 ) 
     2 mux_valid_arr[348]_255_2462 ( mux_53_725 ) 
     2 mux_valid_arr[348]_255_2463 ( bmux_919 ) 
     2 mux_valid_arr[349]_255_40 ( mux_53_726 ) 
     2 mux_valid_arr[349]_255_25 ( bmux_920 ) 
     2 mux_valid_arr[349]_255_2466 ( mux_53_727 ) 
     2 mux_valid_arr[349]_255_2467 ( bmux_921 ) 
     2 mux_valid_arr[350]_255_40 ( mux_53_728 ) 
     2 mux_valid_arr[350]_255_25 ( bmux_922 ) 
     2 mux_valid_arr[350]_255_2470 ( mux_53_729 ) 
     2 mux_valid_arr[350]_255_2471 ( bmux_923 ) 
     2 mux_valid_arr[351]_255_40 ( mux_53_730 ) 
     2 mux_valid_arr[351]_255_25 ( bmux_924 ) 
     2 mux_valid_arr[351]_255_2474 ( mux_53_731 ) 
     2 mux_valid_arr[351]_255_2475 ( bmux_925 ) 
     2 mux_valid_arr[352]_255_40 ( mux_53_732 ) 
     2 mux_valid_arr[352]_255_25 ( bmux_926 ) 
     2 mux_valid_arr[352]_255_2478 ( mux_53_733 ) 
     2 mux_valid_arr[352]_255_2479 ( bmux_927 ) 
     2 mux_valid_arr[353]_255_40 ( mux_53_734 ) 
     2 mux_valid_arr[353]_255_25 ( bmux_928 ) 
     2 mux_valid_arr[353]_255_2482 ( mux_53_735 ) 
     2 mux_valid_arr[353]_255_2483 ( bmux_929 ) 
     2 mux_valid_arr[354]_255_40 ( mux_53_736 ) 
     2 mux_valid_arr[354]_255_25 ( bmux_930 ) 
     2 mux_valid_arr[354]_255_2486 ( mux_53_737 ) 
     2 mux_valid_arr[354]_255_2487 ( bmux_931 ) 
     2 mux_valid_arr[355]_255_40 ( mux_53_738 ) 
     2 mux_valid_arr[355]_255_25 ( bmux_932 ) 
     2 mux_valid_arr[355]_255_2490 ( mux_53_739 ) 
     2 mux_valid_arr[355]_255_2491 ( bmux_933 ) 
     2 mux_valid_arr[356]_255_40 ( mux_53_740 ) 
     2 mux_valid_arr[356]_255_25 ( bmux_934 ) 
     2 mux_valid_arr[356]_255_2494 ( mux_53_741 ) 
     2 mux_valid_arr[356]_255_2495 ( bmux_935 ) 
     2 mux_valid_arr[357]_255_40 ( mux_53_742 ) 
     2 mux_valid_arr[357]_255_25 ( bmux_936 ) 
     2 mux_valid_arr[357]_255_2498 ( mux_53_743 ) 
     2 mux_valid_arr[357]_255_2499 ( bmux_937 ) 
     2 mux_valid_arr[358]_255_40 ( mux_53_744 ) 
     2 mux_valid_arr[358]_255_25 ( bmux_938 ) 
     2 mux_valid_arr[358]_255_2502 ( mux_53_745 ) 
     2 mux_valid_arr[358]_255_2503 ( bmux_939 ) 
     2 mux_valid_arr[359]_255_40 ( mux_53_746 ) 
     2 mux_valid_arr[359]_255_25 ( bmux_940 ) 
     2 mux_valid_arr[359]_255_2506 ( mux_53_747 ) 
     2 mux_valid_arr[359]_255_2507 ( bmux_941 ) 
     2 mux_valid_arr[360]_255_40 ( mux_53_748 ) 
     2 mux_valid_arr[360]_255_25 ( bmux_942 ) 
     2 mux_valid_arr[360]_255_2510 ( mux_53_749 ) 
     2 mux_valid_arr[360]_255_2511 ( bmux_943 ) 
     2 mux_valid_arr[361]_255_40 ( mux_53_750 ) 
     2 mux_valid_arr[361]_255_25 ( bmux_944 ) 
     2 mux_valid_arr[361]_255_2514 ( mux_53_751 ) 
     2 mux_valid_arr[361]_255_2515 ( bmux_945 ) 
     2 mux_valid_arr[362]_255_40 ( mux_53_752 ) 
     2 mux_valid_arr[362]_255_25 ( bmux_946 ) 
     2 mux_valid_arr[362]_255_2518 ( mux_53_753 ) 
     2 mux_valid_arr[362]_255_2519 ( bmux_947 ) 
     2 mux_valid_arr[363]_255_40 ( mux_53_754 ) 
     2 mux_valid_arr[363]_255_25 ( bmux_948 ) 
     2 mux_valid_arr[363]_255_2522 ( mux_53_755 ) 
     2 mux_valid_arr[363]_255_2523 ( bmux_949 ) 
     2 mux_valid_arr[364]_255_40 ( mux_53_756 ) 
     2 mux_valid_arr[364]_255_25 ( bmux_950 ) 
     2 mux_valid_arr[364]_255_2526 ( mux_53_757 ) 
     2 mux_valid_arr[364]_255_2527 ( bmux_951 ) 
     2 mux_valid_arr[365]_255_40 ( mux_53_758 ) 
     2 mux_valid_arr[365]_255_25 ( bmux_952 ) 
     2 mux_valid_arr[365]_255_2530 ( mux_53_759 ) 
     2 mux_valid_arr[365]_255_2531 ( bmux_953 ) 
     2 mux_valid_arr[366]_255_40 ( mux_53_760 ) 
     2 mux_valid_arr[366]_255_25 ( bmux_954 ) 
     2 mux_valid_arr[366]_255_2534 ( mux_53_761 ) 
     2 mux_valid_arr[366]_255_2535 ( bmux_955 ) 
     2 mux_valid_arr[367]_255_40 ( mux_53_762 ) 
     2 mux_valid_arr[367]_255_25 ( bmux_957 ) 
     2 mux_valid_arr[367]_255_2538 ( mux_53_763 ) 
     2 mux_valid_arr[367]_255_2539 ( bmux_958 ) 
     2 mux_valid_arr[368]_255_40 ( mux_53_764 ) 
     2 mux_valid_arr[368]_255_25 ( bmux_959 ) 
     2 mux_valid_arr[368]_255_2542 ( mux_53_765 ) 
     2 mux_valid_arr[368]_255_2543 ( bmux_960 ) 
     2 mux_valid_arr[369]_255_40 ( mux_53_766 ) 
     2 mux_valid_arr[369]_255_25 ( bmux_961 ) 
     2 mux_valid_arr[369]_255_2546 ( mux_53_767 ) 
     2 mux_valid_arr[369]_255_2547 ( bmux_962 ) 
     2 mux_valid_arr[370]_255_40 ( mux_53_768 ) 
     2 mux_valid_arr[370]_255_25 ( bmux_963 ) 
     2 mux_valid_arr[370]_255_2550 ( mux_53_769 ) 
     2 mux_valid_arr[370]_255_2551 ( bmux_964 ) 
     2 mux_valid_arr[371]_255_40 ( mux_53_770 ) 
     2 mux_valid_arr[371]_255_25 ( bmux_965 ) 
     2 mux_valid_arr[371]_255_2554 ( mux_53_771 ) 
     2 mux_valid_arr[371]_255_2555 ( bmux_966 ) 
     2 mux_valid_arr[372]_255_40 ( mux_53_772 ) 
     2 mux_valid_arr[372]_255_25 ( bmux_967 ) 
     2 mux_valid_arr[372]_255_2558 ( mux_53_773 ) 
     2 mux_valid_arr[372]_255_2559 ( bmux_968 ) 
     2 mux_valid_arr[373]_255_40 ( mux_53_774 ) 
     2 mux_valid_arr[373]_255_25 ( bmux_969 ) 
     2 mux_valid_arr[373]_255_2562 ( mux_53_775 ) 
     2 mux_valid_arr[373]_255_2563 ( bmux_970 ) 
     2 mux_valid_arr[374]_255_40 ( mux_53_776 ) 
     2 mux_valid_arr[374]_255_25 ( bmux_971 ) 
     2 mux_valid_arr[374]_255_2566 ( mux_53_777 ) 
     2 mux_valid_arr[374]_255_2567 ( bmux_972 ) 
     2 mux_valid_arr[375]_255_40 ( mux_53_778 ) 
     2 mux_valid_arr[375]_255_25 ( bmux_973 ) 
     2 mux_valid_arr[375]_255_2570 ( mux_53_779 ) 
     2 mux_valid_arr[375]_255_2571 ( bmux_974 ) 
     2 mux_valid_arr[376]_255_40 ( mux_53_780 ) 
     2 mux_valid_arr[376]_255_25 ( bmux_975 ) 
     2 mux_valid_arr[376]_255_2574 ( mux_53_781 ) 
     2 mux_valid_arr[376]_255_2575 ( bmux_976 ) 
     2 mux_valid_arr[377]_255_40 ( mux_53_782 ) 
     2 mux_valid_arr[377]_255_25 ( bmux_977 ) 
     2 mux_valid_arr[377]_255_2578 ( mux_53_783 ) 
     2 mux_valid_arr[377]_255_2579 ( bmux_978 ) 
     2 mux_valid_arr[378]_255_40 ( mux_53_784 ) 
     2 mux_valid_arr[378]_255_25 ( bmux_979 ) 
     2 mux_valid_arr[378]_255_2582 ( mux_53_785 ) 
     2 mux_valid_arr[378]_255_2583 ( bmux_980 ) 
     2 mux_valid_arr[379]_255_40 ( mux_53_786 ) 
     2 mux_valid_arr[379]_255_25 ( bmux_981 ) 
     2 mux_valid_arr[379]_255_2586 ( mux_53_787 ) 
     2 mux_valid_arr[379]_255_2587 ( bmux_982 ) 
     2 mux_valid_arr[380]_255_40 ( mux_53_788 ) 
     2 mux_valid_arr[380]_255_25 ( bmux_983 ) 
     2 mux_valid_arr[380]_255_2590 ( mux_53_789 ) 
     2 mux_valid_arr[380]_255_2591 ( bmux_984 ) 
     2 mux_valid_arr[381]_255_40 ( mux_53_790 ) 
     2 mux_valid_arr[381]_255_25 ( bmux_985 ) 
     2 mux_valid_arr[381]_255_2594 ( mux_53_791 ) 
     2 mux_valid_arr[381]_255_2595 ( bmux_986 ) 
     2 mux_valid_arr[382]_255_40 ( mux_53_792 ) 
     2 mux_valid_arr[382]_255_25 ( bmux_987 ) 
     2 mux_valid_arr[382]_255_2598 ( mux_53_793 ) 
     2 mux_valid_arr[382]_255_2599 ( bmux_988 ) 
     2 mux_valid_arr[383]_255_40 ( mux_53_794 ) 
     2 mux_valid_arr[383]_255_25 ( bmux_989 ) 
     2 mux_valid_arr[383]_255_2602 ( mux_53_795 ) 
     2 mux_valid_arr[383]_255_2603 ( bmux_990 ) 
     2 mux_valid_arr[384]_255_40 ( mux_53_796 ) 
     2 mux_valid_arr[384]_255_25 ( bmux_991 ) 
     2 mux_valid_arr[384]_255_2606 ( mux_53_797 ) 
     2 mux_valid_arr[384]_255_2607 ( bmux_992 ) 
     2 mux_valid_arr[385]_255_40 ( mux_53_798 ) 
     2 mux_valid_arr[385]_255_25 ( bmux_993 ) 
     2 mux_valid_arr[385]_255_2610 ( mux_53_799 ) 
     2 mux_valid_arr[385]_255_2611 ( bmux_994 ) 
     2 mux_valid_arr[386]_255_40 ( mux_53_800 ) 
     2 mux_valid_arr[386]_255_25 ( bmux_995 ) 
     2 mux_valid_arr[386]_255_2614 ( mux_53_801 ) 
     2 mux_valid_arr[386]_255_2615 ( bmux_996 ) 
     2 mux_valid_arr[387]_255_40 ( mux_53_802 ) 
     2 mux_valid_arr[387]_255_25 ( bmux_997 ) 
     2 mux_valid_arr[387]_255_2618 ( mux_53_803 ) 
     2 mux_valid_arr[387]_255_2619 ( bmux_998 ) 
     2 mux_valid_arr[388]_255_40 ( mux_53_804 ) 
     2 mux_valid_arr[388]_255_25 ( bmux_999 ) 
     2 mux_valid_arr[388]_255_2622 ( mux_53_805 ) 
     2 mux_valid_arr[388]_255_2623 ( bmux_1000 ) 
     2 mux_valid_arr[389]_255_40 ( mux_53_806 ) 
     2 mux_valid_arr[389]_255_25 ( bmux_1001 ) 
     2 mux_valid_arr[389]_255_2626 ( mux_53_807 ) 
     2 mux_valid_arr[389]_255_2627 ( bmux_1002 ) 
     2 mux_valid_arr[390]_255_40 ( mux_53_808 ) 
     2 mux_valid_arr[390]_255_25 ( bmux_1003 ) 
     2 mux_valid_arr[390]_255_2630 ( mux_53_809 ) 
     2 mux_valid_arr[390]_255_2631 ( bmux_1004 ) 
     2 mux_valid_arr[391]_255_40 ( mux_53_810 ) 
     2 mux_valid_arr[391]_255_25 ( bmux_1005 ) 
     2 mux_valid_arr[391]_255_2634 ( mux_53_811 ) 
     2 mux_valid_arr[391]_255_2635 ( bmux_1006 ) 
     2 mux_valid_arr[392]_255_40 ( mux_53_812 ) 
     2 mux_valid_arr[392]_255_25 ( bmux_1007 ) 
     2 mux_valid_arr[392]_255_2638 ( mux_53_813 ) 
     2 mux_valid_arr[392]_255_2639 ( bmux_1008 ) 
     2 mux_valid_arr[393]_255_40 ( mux_53_814 ) 
     2 mux_valid_arr[393]_255_25 ( bmux_1009 ) 
     2 mux_valid_arr[393]_255_2642 ( mux_53_815 ) 
     2 mux_valid_arr[393]_255_2643 ( bmux_1010 ) 
     2 mux_valid_arr[394]_255_40 ( mux_53_816 ) 
     2 mux_valid_arr[394]_255_25 ( bmux_1011 ) 
     2 mux_valid_arr[394]_255_2646 ( mux_53_817 ) 
     2 mux_valid_arr[394]_255_2647 ( bmux_1012 ) 
     2 mux_valid_arr[395]_255_40 ( mux_53_818 ) 
     2 mux_valid_arr[395]_255_25 ( bmux_1013 ) 
     2 mux_valid_arr[395]_255_2650 ( mux_53_819 ) 
     2 mux_valid_arr[395]_255_2651 ( bmux_1014 ) 
     2 mux_valid_arr[396]_255_40 ( mux_53_820 ) 
     2 mux_valid_arr[396]_255_25 ( bmux_1015 ) 
     2 mux_valid_arr[396]_255_2654 ( mux_53_821 ) 
     2 mux_valid_arr[396]_255_2655 ( bmux_1016 ) 
     2 mux_valid_arr[397]_255_40 ( mux_53_822 ) 
     2 mux_valid_arr[397]_255_25 ( bmux_1017 ) 
     2 mux_valid_arr[397]_255_2658 ( mux_53_823 ) 
     2 mux_valid_arr[397]_255_2659 ( bmux_1018 ) 
     2 mux_valid_arr[398]_255_40 ( mux_53_824 ) 
     2 mux_valid_arr[398]_255_25 ( bmux_1019 ) 
     2 mux_valid_arr[398]_255_2662 ( mux_53_825 ) 
     2 mux_valid_arr[398]_255_2663 ( bmux_1020 ) 
     2 mux_valid_arr[399]_255_40 ( mux_53_826 ) 
     2 mux_valid_arr[399]_255_25 ( bmux_1021 ) 
     2 mux_valid_arr[399]_255_2666 ( mux_53_827 ) 
     2 mux_valid_arr[399]_255_2667 ( bmux_1022 ) 
     2 mux_valid_arr[400]_255_40 ( mux_53_828 ) 
     2 mux_valid_arr[400]_255_25 ( bmux_1023 ) 
     2 mux_valid_arr[400]_255_2670 ( mux_53_829 ) 
     2 mux_valid_arr[400]_255_2671 ( bmux_1024 ) 
     2 mux_valid_arr[401]_255_40 ( mux_53_830 ) 
     2 mux_valid_arr[401]_255_25 ( bmux_1025 ) 
     2 mux_valid_arr[401]_255_2674 ( mux_53_831 ) 
     2 mux_valid_arr[401]_255_2675 ( bmux_1026 ) 
     2 mux_valid_arr[402]_255_40 ( mux_53_832 ) 
     2 mux_valid_arr[402]_255_25 ( bmux_1027 ) 
     2 mux_valid_arr[402]_255_2678 ( mux_53_833 ) 
     2 mux_valid_arr[402]_255_2679 ( bmux_1028 ) 
     2 mux_valid_arr[403]_255_40 ( mux_53_834 ) 
     2 mux_valid_arr[403]_255_25 ( bmux_1029 ) 
     2 mux_valid_arr[403]_255_2682 ( mux_53_835 ) 
     2 mux_valid_arr[403]_255_2683 ( bmux_1030 ) 
     2 mux_valid_arr[404]_255_40 ( mux_53_836 ) 
     2 mux_valid_arr[404]_255_25 ( bmux_1031 ) 
     2 mux_valid_arr[404]_255_2686 ( mux_53_837 ) 
     2 mux_valid_arr[404]_255_2687 ( bmux_1032 ) 
     2 mux_valid_arr[405]_255_40 ( mux_53_838 ) 
     2 mux_valid_arr[405]_255_25 ( bmux_1033 ) 
     2 mux_valid_arr[405]_255_2690 ( mux_53_839 ) 
     2 mux_valid_arr[405]_255_2691 ( bmux_1034 ) 
     2 mux_valid_arr[406]_255_40 ( mux_53_840 ) 
     2 mux_valid_arr[406]_255_25 ( bmux_1035 ) 
     2 mux_valid_arr[406]_255_2694 ( mux_53_841 ) 
     2 mux_valid_arr[406]_255_2695 ( bmux_1036 ) 
     2 mux_valid_arr[407]_255_40 ( mux_53_842 ) 
     2 mux_valid_arr[407]_255_25 ( bmux_1037 ) 
     2 mux_valid_arr[407]_255_2698 ( mux_53_843 ) 
     2 mux_valid_arr[407]_255_2699 ( bmux_1038 ) 
     2 mux_valid_arr[408]_255_40 ( mux_53_844 ) 
     2 mux_valid_arr[408]_255_25 ( bmux_1039 ) 
     2 mux_valid_arr[408]_255_2702 ( mux_53_845 ) 
     2 mux_valid_arr[408]_255_2703 ( bmux_1040 ) 
     2 mux_valid_arr[409]_255_40 ( mux_53_846 ) 
     2 mux_valid_arr[409]_255_25 ( bmux_1041 ) 
     2 mux_valid_arr[409]_255_2706 ( mux_53_847 ) 
     2 mux_valid_arr[409]_255_2707 ( bmux_1042 ) 
     2 mux_valid_arr[410]_255_40 ( mux_53_848 ) 
     2 mux_valid_arr[410]_255_25 ( bmux_1043 ) 
     2 mux_valid_arr[410]_255_2710 ( mux_53_849 ) 
     2 mux_valid_arr[410]_255_2711 ( bmux_1044 ) 
     2 mux_valid_arr[411]_255_40 ( mux_53_850 ) 
     2 mux_valid_arr[411]_255_25 ( bmux_1045 ) 
     2 mux_valid_arr[411]_255_2714 ( mux_53_851 ) 
     2 mux_valid_arr[411]_255_2715 ( bmux_1046 ) 
     2 mux_valid_arr[412]_255_40 ( mux_53_852 ) 
     2 mux_valid_arr[412]_255_25 ( bmux_1047 ) 
     2 mux_valid_arr[412]_255_2718 ( mux_53_853 ) 
     2 mux_valid_arr[412]_255_2719 ( bmux_1048 ) 
     2 mux_valid_arr[413]_255_40 ( mux_53_854 ) 
     2 mux_valid_arr[413]_255_25 ( bmux_1049 ) 
     2 mux_valid_arr[413]_255_2722 ( mux_53_855 ) 
     2 mux_valid_arr[413]_255_2723 ( bmux_1050 ) 
     2 mux_valid_arr[414]_255_40 ( mux_53_856 ) 
     2 mux_valid_arr[414]_255_25 ( bmux_1051 ) 
     2 mux_valid_arr[414]_255_2726 ( mux_53_857 ) 
     2 mux_valid_arr[414]_255_2727 ( bmux_1052 ) 
     2 mux_valid_arr[415]_255_40 ( mux_53_858 ) 
     2 mux_valid_arr[415]_255_25 ( bmux_1053 ) 
     2 mux_valid_arr[415]_255_2730 ( mux_53_859 ) 
     2 mux_valid_arr[415]_255_2731 ( bmux_1054 ) 
     2 mux_valid_arr[416]_255_40 ( mux_53_860 ) 
     2 mux_valid_arr[416]_255_25 ( bmux_1055 ) 
     2 mux_valid_arr[416]_255_2734 ( mux_53_861 ) 
     2 mux_valid_arr[416]_255_2735 ( bmux_1056 ) 
     2 mux_valid_arr[417]_255_40 ( mux_53_862 ) 
     2 mux_valid_arr[417]_255_25 ( bmux_1057 ) 
     2 mux_valid_arr[417]_255_2738 ( mux_53_863 ) 
     2 mux_valid_arr[417]_255_2739 ( bmux_1058 ) 
     2 mux_valid_arr[418]_255_40 ( mux_53_864 ) 
     2 mux_valid_arr[418]_255_25 ( bmux_1059 ) 
     2 mux_valid_arr[418]_255_2742 ( mux_53_865 ) 
     2 mux_valid_arr[418]_255_2743 ( bmux_1060 ) 
     2 mux_valid_arr[419]_255_40 ( mux_53_866 ) 
     2 mux_valid_arr[419]_255_25 ( bmux_1061 ) 
     2 mux_valid_arr[419]_255_2746 ( mux_53_867 ) 
     2 mux_valid_arr[419]_255_2747 ( bmux_1062 ) 
     2 mux_valid_arr[420]_255_40 ( mux_53_868 ) 
     2 mux_valid_arr[420]_255_25 ( bmux_1063 ) 
     2 mux_valid_arr[420]_255_2750 ( mux_53_869 ) 
     2 mux_valid_arr[420]_255_2751 ( bmux_1064 ) 
     2 mux_valid_arr[421]_255_40 ( mux_53_870 ) 
     2 mux_valid_arr[421]_255_25 ( bmux_1065 ) 
     2 mux_valid_arr[421]_255_2754 ( mux_53_871 ) 
     2 mux_valid_arr[421]_255_2755 ( bmux_1066 ) 
     2 mux_valid_arr[422]_255_40 ( mux_53_872 ) 
     2 mux_valid_arr[422]_255_25 ( bmux_1067 ) 
     2 mux_valid_arr[422]_255_2758 ( mux_53_873 ) 
     2 mux_valid_arr[422]_255_2759 ( bmux_1068 ) 
     2 mux_valid_arr[423]_255_40 ( mux_53_874 ) 
     2 mux_valid_arr[423]_255_25 ( bmux_1069 ) 
     2 mux_valid_arr[423]_255_2762 ( mux_53_875 ) 
     2 mux_valid_arr[423]_255_2763 ( bmux_1070 ) 
     2 mux_valid_arr[424]_255_40 ( mux_53_876 ) 
     2 mux_valid_arr[424]_255_25 ( bmux_1071 ) 
     2 mux_valid_arr[424]_255_2766 ( mux_53_877 ) 
     2 mux_valid_arr[424]_255_2767 ( bmux_1072 ) 
     2 mux_valid_arr[425]_255_40 ( mux_53_878 ) 
     2 mux_valid_arr[425]_255_25 ( bmux_1073 ) 
     2 mux_valid_arr[425]_255_2770 ( mux_53_879 ) 
     2 mux_valid_arr[425]_255_2771 ( bmux_1074 ) 
     2 mux_valid_arr[426]_255_40 ( mux_53_880 ) 
     2 mux_valid_arr[426]_255_25 ( bmux_1075 ) 
     2 mux_valid_arr[426]_255_2774 ( mux_53_881 ) 
     2 mux_valid_arr[426]_255_2775 ( bmux_1076 ) 
     2 mux_valid_arr[427]_255_40 ( mux_53_882 ) 
     2 mux_valid_arr[427]_255_25 ( bmux_1077 ) 
     2 mux_valid_arr[427]_255_2778 ( mux_53_883 ) 
     2 mux_valid_arr[427]_255_2779 ( bmux_1078 ) 
     2 mux_valid_arr[428]_255_40 ( mux_53_884 ) 
     2 mux_valid_arr[428]_255_25 ( bmux_1079 ) 
     2 mux_valid_arr[428]_255_2782 ( mux_53_885 ) 
     2 mux_valid_arr[428]_255_2783 ( bmux_1080 ) 
     2 mux_valid_arr[429]_255_40 ( mux_53_886 ) 
     2 mux_valid_arr[429]_255_25 ( bmux_1081 ) 
     2 mux_valid_arr[429]_255_2786 ( mux_53_887 ) 
     2 mux_valid_arr[429]_255_2787 ( bmux_1082 ) 
     2 mux_valid_arr[430]_255_40 ( mux_53_888 ) 
     2 mux_valid_arr[430]_255_25 ( bmux_1083 ) 
     2 mux_valid_arr[430]_255_2790 ( mux_53_889 ) 
     2 mux_valid_arr[430]_255_2791 ( bmux_1084 ) 
     2 mux_valid_arr[431]_255_40 ( mux_53_890 ) 
     2 mux_valid_arr[431]_255_25 ( bmux_1085 ) 
     2 mux_valid_arr[431]_255_2794 ( mux_53_891 ) 
     2 mux_valid_arr[431]_255_2795 ( bmux_1086 ) 
     2 mux_valid_arr[432]_255_40 ( mux_53_892 ) 
     2 mux_valid_arr[432]_255_25 ( bmux_1087 ) 
     2 mux_valid_arr[432]_255_2798 ( mux_53_893 ) 
     2 mux_valid_arr[432]_255_2799 ( bmux_1088 ) 
     2 mux_valid_arr[433]_255_40 ( mux_53_894 ) 
     2 mux_valid_arr[433]_255_25 ( bmux_1089 ) 
     2 mux_valid_arr[433]_255_2802 ( mux_53_895 ) 
     2 mux_valid_arr[433]_255_2803 ( bmux_1090 ) 
     2 mux_valid_arr[434]_255_40 ( mux_53_896 ) 
     2 mux_valid_arr[434]_255_25 ( bmux_1091 ) 
     2 mux_valid_arr[434]_255_2806 ( mux_53_897 ) 
     2 mux_valid_arr[434]_255_2807 ( bmux_1092 ) 
     2 mux_valid_arr[435]_255_40 ( mux_53_898 ) 
     2 mux_valid_arr[435]_255_25 ( bmux_1093 ) 
     2 mux_valid_arr[435]_255_2810 ( mux_53_899 ) 
     2 mux_valid_arr[435]_255_2811 ( bmux_1094 ) 
     2 mux_valid_arr[436]_255_40 ( mux_53_900 ) 
     2 mux_valid_arr[436]_255_25 ( bmux_1095 ) 
     2 mux_valid_arr[436]_255_2814 ( mux_53_901 ) 
     2 mux_valid_arr[436]_255_2815 ( bmux_1096 ) 
     2 mux_valid_arr[437]_255_40 ( mux_53_902 ) 
     2 mux_valid_arr[437]_255_25 ( bmux_1097 ) 
     2 mux_valid_arr[437]_255_2818 ( mux_53_903 ) 
     2 mux_valid_arr[437]_255_2819 ( bmux_1098 ) 
     2 mux_valid_arr[438]_255_40 ( mux_53_904 ) 
     2 mux_valid_arr[438]_255_25 ( bmux_1099 ) 
     2 mux_valid_arr[438]_255_2822 ( mux_53_905 ) 
     2 mux_valid_arr[438]_255_2823 ( bmux_1100 ) 
     2 mux_valid_arr[439]_255_40 ( mux_53_906 ) 
     2 mux_valid_arr[439]_255_25 ( bmux_1101 ) 
     2 mux_valid_arr[439]_255_2826 ( mux_53_907 ) 
     2 mux_valid_arr[439]_255_2827 ( bmux_1102 ) 
     2 mux_valid_arr[440]_255_40 ( mux_53_908 ) 
     2 mux_valid_arr[440]_255_25 ( bmux_1103 ) 
     2 mux_valid_arr[440]_255_2830 ( mux_53_909 ) 
     2 mux_valid_arr[440]_255_2831 ( bmux_1104 ) 
     2 mux_valid_arr[441]_255_40 ( mux_53_910 ) 
     2 mux_valid_arr[441]_255_25 ( bmux_1105 ) 
     2 mux_valid_arr[441]_255_2834 ( mux_53_911 ) 
     2 mux_valid_arr[441]_255_2835 ( bmux_1106 ) 
     2 mux_valid_arr[442]_255_40 ( mux_53_912 ) 
     2 mux_valid_arr[442]_255_25 ( bmux_1107 ) 
     2 mux_valid_arr[442]_255_2838 ( mux_53_913 ) 
     2 mux_valid_arr[442]_255_2839 ( bmux_1108 ) 
     2 mux_valid_arr[443]_255_40 ( mux_53_914 ) 
     2 mux_valid_arr[443]_255_25 ( bmux_1109 ) 
     2 mux_valid_arr[443]_255_2842 ( mux_53_915 ) 
     2 mux_valid_arr[443]_255_2843 ( bmux_1110 ) 
     2 mux_valid_arr[444]_255_40 ( mux_53_916 ) 
     2 mux_valid_arr[444]_255_25 ( bmux_1111 ) 
     2 mux_valid_arr[444]_255_2846 ( mux_53_917 ) 
     2 mux_valid_arr[444]_255_2847 ( bmux_1112 ) 
     2 mux_valid_arr[445]_255_40 ( mux_53_918 ) 
     2 mux_valid_arr[445]_255_25 ( bmux_1113 ) 
     2 mux_valid_arr[445]_255_2850 ( mux_53_919 ) 
     2 mux_valid_arr[445]_255_2851 ( bmux_1114 ) 
     2 mux_valid_arr[446]_255_40 ( mux_53_920 ) 
     2 mux_valid_arr[446]_255_25 ( bmux_1115 ) 
     2 mux_valid_arr[446]_255_2854 ( mux_53_921 ) 
     2 mux_valid_arr[446]_255_2855 ( bmux_1116 ) 
     2 mux_valid_arr[447]_255_40 ( mux_53_922 ) 
     2 mux_valid_arr[447]_255_25 ( bmux_1117 ) 
     2 mux_valid_arr[447]_255_2858 ( mux_53_923 ) 
     2 mux_valid_arr[447]_255_2859 ( bmux_1118 ) 
     2 mux_valid_arr[448]_255_40 ( mux_53_924 ) 
     2 mux_valid_arr[448]_255_25 ( bmux_1119 ) 
     2 mux_valid_arr[448]_255_2862 ( mux_53_925 ) 
     2 mux_valid_arr[448]_255_2863 ( bmux_1120 ) 
     2 mux_valid_arr[449]_255_40 ( mux_53_926 ) 
     2 mux_valid_arr[449]_255_25 ( bmux_1121 ) 
     2 mux_valid_arr[449]_255_2866 ( mux_53_927 ) 
     2 mux_valid_arr[449]_255_2867 ( bmux_1122 ) 
     2 mux_valid_arr[450]_255_40 ( mux_53_928 ) 
     2 mux_valid_arr[450]_255_25 ( bmux_1123 ) 
     2 mux_valid_arr[450]_255_2870 ( mux_53_929 ) 
     2 mux_valid_arr[450]_255_2871 ( bmux_1124 ) 
     2 mux_valid_arr[451]_255_40 ( mux_53_930 ) 
     2 mux_valid_arr[451]_255_25 ( bmux_1125 ) 
     2 mux_valid_arr[451]_255_2874 ( mux_53_931 ) 
     2 mux_valid_arr[451]_255_2875 ( bmux_1126 ) 
     2 mux_valid_arr[452]_255_40 ( mux_53_932 ) 
     2 mux_valid_arr[452]_255_25 ( bmux_1127 ) 
     2 mux_valid_arr[452]_255_2878 ( mux_53_933 ) 
     2 mux_valid_arr[452]_255_2879 ( bmux_1128 ) 
     2 mux_valid_arr[453]_255_40 ( mux_53_934 ) 
     2 mux_valid_arr[453]_255_25 ( bmux_1129 ) 
     2 mux_valid_arr[453]_255_2882 ( mux_53_935 ) 
     2 mux_valid_arr[453]_255_2883 ( bmux_1130 ) 
     2 mux_valid_arr[454]_255_40 ( mux_53_936 ) 
     2 mux_valid_arr[454]_255_25 ( bmux_1131 ) 
     2 mux_valid_arr[454]_255_2886 ( mux_53_937 ) 
     2 mux_valid_arr[454]_255_2887 ( bmux_1132 ) 
     2 mux_valid_arr[455]_255_40 ( mux_53_938 ) 
     2 mux_valid_arr[455]_255_25 ( bmux_1133 ) 
     2 mux_valid_arr[455]_255_2890 ( mux_53_939 ) 
     2 mux_valid_arr[455]_255_2891 ( bmux_1134 ) 
     2 mux_valid_arr[456]_255_40 ( mux_53_940 ) 
     2 mux_valid_arr[456]_255_25 ( bmux_1135 ) 
     2 mux_valid_arr[456]_255_2894 ( mux_53_941 ) 
     2 mux_valid_arr[456]_255_2895 ( bmux_1136 ) 
     2 mux_valid_arr[457]_255_40 ( mux_53_942 ) 
     2 mux_valid_arr[457]_255_25 ( bmux_1137 ) 
     2 mux_valid_arr[457]_255_2898 ( mux_53_943 ) 
     2 mux_valid_arr[457]_255_2899 ( bmux_1138 ) 
     2 mux_valid_arr[458]_255_40 ( mux_53_944 ) 
     2 mux_valid_arr[458]_255_25 ( bmux_1139 ) 
     2 mux_valid_arr[458]_255_2902 ( mux_53_945 ) 
     2 mux_valid_arr[458]_255_2903 ( bmux_1140 ) 
     2 mux_valid_arr[459]_255_40 ( mux_53_946 ) 
     2 mux_valid_arr[459]_255_25 ( bmux_1141 ) 
     2 mux_valid_arr[459]_255_2906 ( mux_53_947 ) 
     2 mux_valid_arr[459]_255_2907 ( bmux_1142 ) 
     2 mux_valid_arr[460]_255_40 ( mux_53_948 ) 
     2 mux_valid_arr[460]_255_25 ( bmux_1143 ) 
     2 mux_valid_arr[460]_255_2910 ( mux_53_949 ) 
     2 mux_valid_arr[460]_255_2911 ( bmux_1144 ) 
     2 mux_valid_arr[461]_255_40 ( mux_53_950 ) 
     2 mux_valid_arr[461]_255_25 ( bmux_1145 ) 
     2 mux_valid_arr[461]_255_2914 ( mux_53_951 ) 
     2 mux_valid_arr[461]_255_2915 ( bmux_1146 ) 
     2 mux_valid_arr[462]_255_40 ( mux_53_952 ) 
     2 mux_valid_arr[462]_255_25 ( bmux_1147 ) 
     2 mux_valid_arr[462]_255_2918 ( mux_53_953 ) 
     2 mux_valid_arr[462]_255_2919 ( bmux_1148 ) 
     2 mux_valid_arr[463]_255_40 ( mux_53_954 ) 
     2 mux_valid_arr[463]_255_25 ( bmux_1149 ) 
     2 mux_valid_arr[463]_255_2922 ( mux_53_955 ) 
     2 mux_valid_arr[463]_255_2923 ( bmux_1151 ) 
     2 mux_valid_arr[464]_255_40 ( mux_53_956 ) 
     2 mux_valid_arr[464]_255_25 ( bmux_1152 ) 
     2 mux_valid_arr[464]_255_2926 ( mux_53_957 ) 
     2 mux_valid_arr[464]_255_2927 ( bmux_1153 ) 
     2 mux_valid_arr[465]_255_40 ( mux_53_958 ) 
     2 mux_valid_arr[465]_255_25 ( bmux_1155 ) 
     2 mux_valid_arr[465]_255_2930 ( mux_53_959 ) 
     2 mux_valid_arr[465]_255_2931 ( bmux_1157 ) 
     2 mux_valid_arr[466]_255_40 ( mux_53_960 ) 
     2 mux_valid_arr[466]_255_25 ( bmux_1158 ) 
     2 mux_valid_arr[466]_255_2934 ( mux_53_961 ) 
     2 mux_valid_arr[466]_255_2935 ( bmux_1159 ) 
     2 mux_valid_arr[467]_255_40 ( mux_53_962 ) 
     2 mux_valid_arr[467]_255_25 ( bmux_1160 ) 
     2 mux_valid_arr[467]_255_2938 ( mux_53_963 ) 
     2 mux_valid_arr[467]_255_2939 ( bmux_1161 ) 
     2 mux_valid_arr[468]_255_40 ( mux_53_964 ) 
     2 mux_valid_arr[468]_255_25 ( bmux_1162 ) 
     2 mux_valid_arr[468]_255_2942 ( mux_53_965 ) 
     2 mux_valid_arr[468]_255_2943 ( bmux_1163 ) 
     2 mux_valid_arr[469]_255_40 ( mux_53_966 ) 
     2 mux_valid_arr[469]_255_25 ( bmux_1164 ) 
     2 mux_valid_arr[469]_255_2946 ( mux_53_967 ) 
     2 mux_valid_arr[469]_255_2947 ( bmux_1165 ) 
     2 mux_valid_arr[470]_255_40 ( mux_53_968 ) 
     2 mux_valid_arr[470]_255_25 ( bmux_1166 ) 
     2 mux_valid_arr[470]_255_2950 ( mux_53_969 ) 
     2 mux_valid_arr[470]_255_2951 ( bmux_1167 ) 
     2 mux_valid_arr[471]_255_40 ( mux_53_970 ) 
     2 mux_valid_arr[471]_255_25 ( bmux_1169 ) 
     2 mux_valid_arr[471]_255_2954 ( mux_53_971 ) 
     2 mux_valid_arr[471]_255_2955 ( bmux_1170 ) 
     2 mux_valid_arr[472]_255_40 ( mux_53_972 ) 
     2 mux_valid_arr[472]_255_25 ( bmux_1171 ) 
     2 mux_valid_arr[472]_255_2958 ( mux_53_973 ) 
     2 mux_valid_arr[472]_255_2959 ( bmux_1172 ) 
     2 mux_valid_arr[473]_255_40 ( mux_53_974 ) 
     2 mux_valid_arr[473]_255_25 ( bmux_1173 ) 
     2 mux_valid_arr[473]_255_2962 ( mux_53_975 ) 
     2 mux_valid_arr[473]_255_2963 ( bmux_1174 ) 
     2 mux_valid_arr[474]_255_40 ( mux_53_976 ) 
     2 mux_valid_arr[474]_255_25 ( bmux_1175 ) 
     2 mux_valid_arr[474]_255_2966 ( mux_53_977 ) 
     2 mux_valid_arr[474]_255_2967 ( bmux_1176 ) 
     2 mux_valid_arr[475]_255_40 ( mux_53_978 ) 
     2 mux_valid_arr[475]_255_25 ( bmux_1177 ) 
     2 mux_valid_arr[475]_255_2970 ( mux_53_979 ) 
     2 mux_valid_arr[475]_255_2971 ( bmux_1178 ) 
     2 mux_valid_arr[476]_255_40 ( mux_53_980 ) 
     2 mux_valid_arr[476]_255_25 ( bmux_1179 ) 
     2 mux_valid_arr[476]_255_2974 ( mux_53_981 ) 
     2 mux_valid_arr[476]_255_2975 ( bmux_1180 ) 
     2 mux_valid_arr[477]_255_40 ( mux_53_982 ) 
     2 mux_valid_arr[477]_255_25 ( bmux_1181 ) 
     2 mux_valid_arr[477]_255_2978 ( mux_53_983 ) 
     2 mux_valid_arr[477]_255_2979 ( bmux_1182 ) 
     2 mux_valid_arr[478]_255_40 ( mux_53_984 ) 
     2 mux_valid_arr[478]_255_25 ( bmux_1183 ) 
     2 mux_valid_arr[478]_255_2982 ( mux_53_985 ) 
     2 mux_valid_arr[478]_255_2983 ( bmux_1184 ) 
     2 mux_valid_arr[479]_255_40 ( mux_53_986 ) 
     2 mux_valid_arr[479]_255_25 ( bmux_1185 ) 
     2 mux_valid_arr[479]_255_2986 ( mux_53_987 ) 
     2 mux_valid_arr[479]_255_2987 ( bmux_1186 ) 
     2 mux_valid_arr[480]_255_40 ( mux_53_988 ) 
     2 mux_valid_arr[480]_255_25 ( bmux_1187 ) 
     2 mux_valid_arr[480]_255_2990 ( mux_53_989 ) 
     2 mux_valid_arr[480]_255_2991 ( bmux_1188 ) 
     2 mux_valid_arr[481]_255_40 ( mux_53_990 ) 
     2 mux_valid_arr[481]_255_25 ( bmux_1189 ) 
     2 mux_valid_arr[481]_255_2994 ( mux_53_991 ) 
     2 mux_valid_arr[481]_255_2995 ( bmux_1190 ) 
     2 mux_valid_arr[482]_255_40 ( mux_53_992 ) 
     2 mux_valid_arr[482]_255_25 ( bmux_1191 ) 
     2 mux_valid_arr[482]_255_2998 ( mux_53_993 ) 
     2 mux_valid_arr[482]_255_2999 ( bmux_1192 ) 
     2 mux_valid_arr[483]_255_40 ( mux_53_994 ) 
     2 mux_valid_arr[483]_255_25 ( bmux_1193 ) 
     2 mux_valid_arr[483]_255_3002 ( mux_53_995 ) 
     2 mux_valid_arr[483]_255_3003 ( bmux_1194 ) 
     2 mux_valid_arr[484]_255_40 ( mux_53_996 ) 
     2 mux_valid_arr[484]_255_25 ( bmux_1195 ) 
     2 mux_valid_arr[484]_255_3006 ( mux_53_997 ) 
     2 mux_valid_arr[484]_255_3007 ( bmux_1196 ) 
     2 mux_valid_arr[485]_255_40 ( mux_53_998 ) 
     2 mux_valid_arr[485]_255_25 ( bmux_1197 ) 
     2 mux_valid_arr[485]_255_3010 ( mux_53_999 ) 
     2 mux_valid_arr[485]_255_3011 ( bmux_1198 ) 
     2 mux_valid_arr[486]_255_40 ( mux_53_1000 ) 
     2 mux_valid_arr[486]_255_25 ( bmux_1199 ) 
     2 mux_valid_arr[486]_255_3014 ( mux_53_1001 ) 
     2 mux_valid_arr[486]_255_3015 ( bmux_1200 ) 
     2 mux_valid_arr[487]_255_40 ( mux_53_1002 ) 
     2 mux_valid_arr[487]_255_25 ( bmux_1201 ) 
     2 mux_valid_arr[487]_255_3018 ( mux_53_1003 ) 
     2 mux_valid_arr[487]_255_3019 ( bmux_1202 ) 
     2 mux_valid_arr[488]_255_40 ( mux_53_1004 ) 
     2 mux_valid_arr[488]_255_25 ( bmux_1203 ) 
     2 mux_valid_arr[488]_255_3022 ( mux_53_1005 ) 
     2 mux_valid_arr[488]_255_3023 ( bmux_1204 ) 
     2 mux_valid_arr[489]_255_40 ( mux_53_1006 ) 
     2 mux_valid_arr[489]_255_25 ( bmux_1205 ) 
     2 mux_valid_arr[489]_255_3026 ( mux_53_1007 ) 
     2 mux_valid_arr[489]_255_3027 ( bmux_1206 ) 
     2 mux_valid_arr[490]_255_40 ( mux_53_1008 ) 
     2 mux_valid_arr[490]_255_25 ( bmux_1207 ) 
     2 mux_valid_arr[490]_255_3030 ( mux_53_1009 ) 
     2 mux_valid_arr[490]_255_3031 ( bmux_1208 ) 
     2 mux_valid_arr[491]_255_40 ( mux_53_1010 ) 
     2 mux_valid_arr[491]_255_25 ( bmux_1209 ) 
     2 mux_valid_arr[491]_255_3034 ( mux_53_1011 ) 
     2 mux_valid_arr[491]_255_3035 ( bmux_1210 ) 
     2 mux_valid_arr[492]_255_40 ( mux_53_1012 ) 
     2 mux_valid_arr[492]_255_25 ( bmux_1211 ) 
     2 mux_valid_arr[492]_255_3038 ( mux_53_1013 ) 
     2 mux_valid_arr[492]_255_3039 ( bmux_1212 ) 
     2 mux_valid_arr[493]_255_40 ( mux_53_1014 ) 
     2 mux_valid_arr[493]_255_25 ( bmux_1213 ) 
     2 mux_valid_arr[493]_255_3042 ( mux_53_1015 ) 
     2 mux_valid_arr[493]_255_3043 ( bmux_1214 ) 
     2 mux_valid_arr[494]_255_40 ( mux_53_1016 ) 
     2 mux_valid_arr[494]_255_25 ( bmux_1215 ) 
     2 mux_valid_arr[494]_255_3046 ( mux_53_1017 ) 
     2 mux_valid_arr[494]_255_3047 ( bmux_1216 ) 
     2 mux_valid_arr[495]_255_40 ( mux_53_1018 ) 
     2 mux_valid_arr[495]_255_25 ( bmux_1217 ) 
     2 mux_valid_arr[495]_255_3050 ( mux_53_1019 ) 
     2 mux_valid_arr[495]_255_3051 ( bmux_1218 ) 
     2 mux_valid_arr[496]_255_40 ( mux_53_1020 ) 
     2 mux_valid_arr[496]_255_25 ( bmux_1219 ) 
     2 mux_valid_arr[496]_255_3054 ( mux_53_1021 ) 
     2 mux_valid_arr[496]_255_3055 ( bmux_1220 ) 
     2 mux_valid_arr[497]_255_40 ( mux_53_1022 ) 
     2 mux_valid_arr[497]_255_25 ( bmux_1221 ) 
     2 mux_valid_arr[497]_255_3058 ( mux_53_1023 ) 
     2 mux_valid_arr[497]_255_3059 ( bmux_1222 ) 
     2 mux_valid_arr[498]_255_40 ( mux_53_1024 ) 
     2 mux_valid_arr[498]_255_25 ( bmux_1223 ) 
     2 mux_valid_arr[498]_255_3062 ( mux_53_1025 ) 
     2 mux_valid_arr[498]_255_3063 ( bmux_1224 ) 
     2 mux_valid_arr[499]_255_40 ( mux_53_1026 ) 
     2 mux_valid_arr[499]_255_25 ( bmux_1225 ) 
     2 mux_valid_arr[499]_255_3066 ( mux_53_1027 ) 
     2 mux_valid_arr[499]_255_3067 ( bmux_1226 ) 
     2 mux_valid_arr[500]_255_40 ( mux_53_1028 ) 
     2 mux_valid_arr[500]_255_25 ( bmux_1227 ) 
     2 mux_valid_arr[500]_255_3070 ( mux_53_1029 ) 
     2 mux_valid_arr[500]_255_3071 ( bmux_1228 ) 
     2 mux_valid_arr[501]_255_40 ( mux_53_1030 ) 
     2 mux_valid_arr[501]_255_25 ( bmux_1229 ) 
     2 mux_valid_arr[501]_255_3074 ( mux_53_1031 ) 
     2 mux_valid_arr[501]_255_3075 ( bmux_1230 ) 
     2 mux_valid_arr[502]_255_40 ( mux_53_1032 ) 
     2 mux_valid_arr[502]_255_25 ( bmux_1231 ) 
     2 mux_valid_arr[502]_255_3078 ( mux_53_1033 ) 
     2 mux_valid_arr[502]_255_3079 ( bmux_1232 ) 
     2 mux_valid_arr[503]_255_40 ( mux_53_1034 ) 
     2 mux_valid_arr[503]_255_25 ( bmux_1233 ) 
     2 mux_valid_arr[503]_255_3082 ( mux_53_1035 ) 
     2 mux_valid_arr[503]_255_3083 ( bmux_1234 ) 
     2 mux_valid_arr[504]_255_40 ( mux_53_1036 ) 
     2 mux_valid_arr[504]_255_25 ( bmux_1235 ) 
     2 mux_valid_arr[504]_255_3086 ( mux_53_1037 ) 
     2 mux_valid_arr[504]_255_3087 ( bmux_1236 ) 
     2 mux_valid_arr[505]_255_40 ( mux_53_1038 ) 
     2 mux_valid_arr[505]_255_25 ( bmux_1237 ) 
     2 mux_valid_arr[505]_255_3090 ( mux_53_1039 ) 
     2 mux_valid_arr[505]_255_3091 ( bmux_1238 ) 
     2 mux_valid_arr[506]_255_40 ( mux_53_1040 ) 
     2 mux_valid_arr[506]_255_25 ( bmux_1239 ) 
     2 mux_valid_arr[506]_255_3094 ( mux_53_1041 ) 
     2 mux_valid_arr[506]_255_3095 ( bmux_1240 ) 
     2 mux_valid_arr[507]_255_40 ( mux_53_1042 ) 
     2 mux_valid_arr[507]_255_25 ( bmux_1241 ) 
     2 mux_valid_arr[507]_255_3098 ( mux_53_1043 ) 
     2 mux_valid_arr[507]_255_3099 ( bmux_1242 ) 
     2 mux_valid_arr[508]_255_40 ( mux_53_1044 ) 
     2 mux_valid_arr[508]_255_25 ( bmux_1243 ) 
     2 mux_valid_arr[508]_255_3102 ( mux_53_1045 ) 
     2 mux_valid_arr[508]_255_3103 ( bmux_1244 ) 
     2 mux_valid_arr[509]_255_40 ( mux_53_1046 ) 
     2 mux_valid_arr[509]_255_25 ( bmux_1245 ) 
     2 mux_valid_arr[509]_255_3106 ( mux_53_1047 ) 
     2 mux_valid_arr[509]_255_3107 ( bmux_1246 ) 
     2 mux_valid_arr[510]_255_40 ( mux_53_1048 ) 
     2 mux_valid_arr[510]_255_25 ( bmux_1247 ) 
     2 mux_valid_arr[510]_255_3110 ( mux_53_1049 ) 
     2 mux_valid_arr[510]_255_3111 ( bmux_1248 ) 
     2 mux_valid_arr[511]_255_40 ( mux_53_1050 ) 
     2 mux_valid_arr[511]_255_25 ( bmux_1249 ) 
     2 mux_valid_arr[511]_255_3114 ( mux_53_1051 ) 
     2 mux_valid_arr[511]_255_3115 ( bmux_1250 ) 
     2 mux_valid_arr[index]_270_17 ( bmux_4138 ) 
     2 mux_hit_flag_270_37 ( bmux_1251 ) 
     2 mux_hit_flag_270_3119 ( bmux_1252 ) 
     2 mux_next_state_306_25 ( bmux_1253 ) 
     2 mux_next_state_305_34 ( bmux_1254 ) 
     2 mux_next_state_320_21 ( bmux_202_9 ) 
     2 mux_next_state_324_34 ( bmux_202_10 ) 
     2 mux_next_state_294_15 ( bmux_4146 ) 
     2 mux_beat_cnt_248_49 ( bmux_2_52 ) 
     2 mux_153_28 ( bmux_2_54 ) 
     2 mux_m_axi_araddr_286_13 ( bmux_108_17 ) 
     2 mux_icache_stall_298_21 ( bmux_1256 ) 
     2 mux_icache_stall_305_34 ( bmux_1258 ) 
     2 mux_icache_stall_328_30 ( bmux_1259 ) 
     2 mux_icache_stall_294_15 ( bmux_1773_1 ) 
     2 mux_icache_hit_306_25 ( bmux_1260 ) 
     2 mux_icache_hit_305_34 ( bmux_1261 ) 
     2 mux_icache_hit_328_30 ( bmux_1262 ) 
     2 mux_icache_hit_294_15 ( mux_84_5 ) 
     2 mux_181_50 ( bmux_2_56 ) 
     2 mux_data_write_en_189_13 ( bmux_2_57 ) 
     2 mux_read_word_270_37 ( bmux_46_472 ) 
     2 mux_read_word_270_3132 ( bmux_46_473 ) 
     2 mux_cpu_read_data_306_25 ( bmux_46_474 ) 
     2 mux_cpu_read_data_305_34 ( bmux_46_475 ) 
     2 mux_cpu_read_data_328_30 ( bmux_46_476 ) 
     2 mux_cpu_read_data_294_15 ( mux_4171 ) 
     2 ctl_index_256_17 ( case_box_1903 ) 
  1 u_dcache ( data_cache_C_CACHE_SIZE16384_C_BLOCK_SIZE16_C_WAYS2_STORE_BUF_DEPTH4 ) 
     2 DATA_RAM ( cache_data_array_WAYS2_ADDR_W11_1 ) 
        3 G_DATA_WAY[0].u_sram ( asap7_sram_1rw_ADDR_W11_DATA_W32_2 ) 
           4 ctl_G_BANKED_RDATA.read_bank_q_96_33 ( case_box_834_2 ) 
           4 mux_bank_rdata[G_BANKED_RDATA.read_bank_q]_96_33 ( mux_204_107 ) 
        3 G_DATA_WAY[1].u_sram ( asap7_sram_1rw_ADDR_W11_DATA_W32_3 ) 
           4 ctl_G_BANKED_RDATA.read_bank_q_96_33 ( case_box_834_3 ) 
           4 mux_bank_rdata[G_BANKED_RDATA.read_bank_q]_96_33 ( mux_204_108 ) 
     2 TAG_RAM ( cache_tag_array_WAYS2_ADDR_W9_TAG_W19_1 ) 
        3 G_TAG_WAY[0].G_TAG_MACRO.u_sram ( asap7_sram_tag_512x20_ADDR_W9_DATA_W19_2 ) 
        3 G_TAG_WAY[1].G_TAG_MACRO.u_sram ( asap7_sram_tag_512x20_ADDR_W9_DATA_W19_3 ) 
     2 dcd_way_update_824_21 ( Decoder_1_1_0_3023 ) 
     2 mux_way_update_824_21 ( bmux_1775 ) 
     2 mux_way_update_824_1120 ( bmux_1776 ) 
     2 dcd_data_write_en_692_13 ( Decoder_1_1_0_3030 ) 
     2 mux_data_write_en_692_13 ( bmux_1777 ) 
     2 mux_data_write_en_692_1125 ( bmux_1778 ) 
     2 eq_287_30 ( equal_unsigned_70_2 ) 
     2 eq_346_45 ( equal_unsigned_82_2 ) 
     2 eq_354_60 ( equal_unsigned_255_13 ) 
     2 eq_403_30 ( equal_unsigned_38_18 ) 
     2 eq_641_70_I2 ( equal_unsigned_2062_2 ) 
     2 eq_641_70_I1 ( equal_unsigned_2062_3 ) 
     2 neq_400_45 ( nequal_unsigned_30_2 ) 
     2 eq_348_45 ( equal_unsigned_162_12 ) 
     2 eq_544_23 ( equal_unsigned_82_3 ) 
     2 eq_701_53 ( equal_unsigned_162_13 ) 
     2 eq_482_49 ( equal_unsigned_78_4 ) 
     2 eq_551_44 ( equal_unsigned_162_14 ) 
     2 add_550_38 ( add_unsigned_1931_2 ) 
     2 eq_547_23 ( equal_unsigned_78_5 ) 
     2 eq_875_34 ( equal_unsigned_82_4 ) 
     2 add_557_48 ( add_unsigned_2076_1 ) 
     2 eq_402_27 ( equal_unsigned_70_3 ) 
     2 add_590_45 ( add_unsigned_5261 ) 
     2 add_601_41 ( add_unsigned_5261_1 ) 
     2 neq_357_42 ( nequal_unsigned_5265 ) 
     2 sub_623_42 ( sub_unsigned_5267 ) 
     2 neq_659_24 ( nequal_unsigned_68_3 ) 
     2 eq_650_78 ( equal_unsigned_255_14 ) 
     2 eq_663_26 ( equal_unsigned_255_15 ) 
     2 neq_349_47 ( nequal_unsigned_149_6 ) 
     2 eq_699_53 ( equal_unsigned_255_16 ) 
     2 eq_700_53 ( equal_unsigned_162_15 ) 
     2 mux_287_30 ( bmux_1782 ) 
     2 mux_739_42 ( bmux_2_570 ) 
     2 mux_next_state_738_29 ( bmux_202_14 ) 
     2 mux_next_state_733_34 ( bmux_202_15 ) 
     2 mux_next_state_730_25 ( bmux_202_16 ) 
     2 mux_next_state_728_39 ( bmux_202_17 ) 
     2 mux_next_state_722_48 ( bmux_202_18 ) 
     2 mux_379_53 ( bmux_46_481 ) 
     2 ctl_708_15 ( case_box_3034 ) 
     2 mux_cmbsop_m_axi_arvalid_708_15 ( mux_101_1 ) 
     2 mux_bus_err_r_542_65 ( bmux_1783 ) 
     2 mux_rr_ptr[index]_557_34 ( bmux_2086_2 ) 
     2 mux_way_update_823_49 ( bmux_2_571 ) 
     2 ctl_state_708_15 ( case_box_3035 ) 
     2 mux_way_update_708_15 ( mux_2089_1 ) 
     2 ctl_index_556_40 ( case_box_3038 ) 
     2 mux_valid_arr[0]_556_40 ( mux_53_1052 ) 
     2 mux_valid_arr[0]_556_25 ( bmux_1788 ) 
     2 mux_valid_arr[0]_556_1152 ( mux_53_1053 ) 
     2 mux_valid_arr[0]_556_1153 ( bmux_1789 ) 
     2 mux_valid_arr[1]_556_40 ( mux_53_1054 ) 
     2 mux_valid_arr[1]_556_25 ( bmux_1790 ) 
     2 mux_valid_arr[1]_556_1156 ( mux_53_1055 ) 
     2 mux_valid_arr[1]_556_1157 ( bmux_1791 ) 
     2 mux_valid_arr[2]_556_40 ( mux_53_1056 ) 
     2 mux_valid_arr[2]_556_25 ( bmux_1792 ) 
     2 mux_valid_arr[2]_556_1160 ( mux_53_1057 ) 
     2 mux_valid_arr[2]_556_1161 ( bmux_1793 ) 
     2 mux_valid_arr[3]_556_40 ( mux_53_1058 ) 
     2 mux_valid_arr[3]_556_25 ( bmux_1794 ) 
     2 mux_valid_arr[3]_556_1164 ( mux_53_1059 ) 
     2 mux_valid_arr[3]_556_1165 ( bmux_1795 ) 
     2 mux_valid_arr[4]_556_40 ( mux_53_1060 ) 
     2 mux_valid_arr[4]_556_25 ( bmux_1796 ) 
     2 mux_valid_arr[4]_556_1168 ( mux_53_1061 ) 
     2 mux_valid_arr[4]_556_1169 ( bmux_1797 ) 
     2 mux_valid_arr[5]_556_40 ( mux_53_1062 ) 
     2 mux_valid_arr[5]_556_25 ( bmux_1798 ) 
     2 mux_valid_arr[5]_556_1172 ( mux_53_1063 ) 
     2 mux_valid_arr[5]_556_1173 ( bmux_1799 ) 
     2 mux_valid_arr[6]_556_40 ( mux_53_1064 ) 
     2 mux_valid_arr[6]_556_25 ( bmux_1800 ) 
     2 mux_valid_arr[6]_556_1176 ( mux_53_1065 ) 
     2 mux_valid_arr[6]_556_1177 ( bmux_1801 ) 
     2 mux_valid_arr[7]_556_40 ( mux_53_1066 ) 
     2 mux_valid_arr[7]_556_25 ( bmux_1802 ) 
     2 mux_valid_arr[7]_556_1180 ( mux_53_1067 ) 
     2 mux_valid_arr[7]_556_1181 ( bmux_1803 ) 
     2 mux_valid_arr[8]_556_40 ( mux_53_1068 ) 
     2 mux_valid_arr[8]_556_25 ( bmux_1804 ) 
     2 mux_valid_arr[8]_556_1184 ( mux_53_1069 ) 
     2 mux_valid_arr[8]_556_1185 ( bmux_1805 ) 
     2 mux_valid_arr[9]_556_40 ( mux_53_1070 ) 
     2 mux_valid_arr[9]_556_25 ( bmux_1806 ) 
     2 mux_valid_arr[9]_556_1188 ( mux_53_1071 ) 
     2 mux_valid_arr[9]_556_1189 ( bmux_1807 ) 
     2 mux_valid_arr[10]_556_40 ( mux_53_1072 ) 
     2 mux_valid_arr[10]_556_25 ( bmux_1808 ) 
     2 mux_valid_arr[10]_556_1192 ( mux_53_1073 ) 
     2 mux_valid_arr[10]_556_1193 ( bmux_1809 ) 
     2 mux_valid_arr[11]_556_40 ( mux_53_1074 ) 
     2 mux_valid_arr[11]_556_25 ( bmux_1810 ) 
     2 mux_valid_arr[11]_556_1196 ( mux_53_1075 ) 
     2 mux_valid_arr[11]_556_1197 ( bmux_1811 ) 
     2 mux_valid_arr[12]_556_40 ( mux_53_1076 ) 
     2 mux_valid_arr[12]_556_25 ( bmux_1812 ) 
     2 mux_valid_arr[12]_556_1200 ( mux_53_1077 ) 
     2 mux_valid_arr[12]_556_1201 ( bmux_1813 ) 
     2 mux_valid_arr[13]_556_40 ( mux_53_1078 ) 
     2 mux_valid_arr[13]_556_25 ( bmux_1814 ) 
     2 mux_valid_arr[13]_556_1204 ( mux_53_1079 ) 
     2 mux_valid_arr[13]_556_1205 ( bmux_1815 ) 
     2 mux_valid_arr[14]_556_40 ( mux_53_1080 ) 
     2 mux_valid_arr[14]_556_25 ( bmux_1816 ) 
     2 mux_valid_arr[14]_556_1208 ( mux_53_1081 ) 
     2 mux_valid_arr[14]_556_1209 ( bmux_1817 ) 
     2 mux_valid_arr[15]_556_40 ( mux_53_1082 ) 
     2 mux_valid_arr[15]_556_25 ( bmux_1818 ) 
     2 mux_valid_arr[15]_556_1212 ( mux_53_1083 ) 
     2 mux_valid_arr[15]_556_1213 ( bmux_1819 ) 
     2 mux_valid_arr[16]_556_40 ( mux_53_1084 ) 
     2 mux_valid_arr[16]_556_25 ( bmux_1820 ) 
     2 mux_valid_arr[16]_556_1216 ( mux_53_1085 ) 
     2 mux_valid_arr[16]_556_1217 ( bmux_1821 ) 
     2 mux_valid_arr[17]_556_40 ( mux_53_1086 ) 
     2 mux_valid_arr[17]_556_25 ( bmux_1822 ) 
     2 mux_valid_arr[17]_556_1220 ( mux_53_1087 ) 
     2 mux_valid_arr[17]_556_1221 ( bmux_1823 ) 
     2 mux_valid_arr[18]_556_40 ( mux_53_1088 ) 
     2 mux_valid_arr[18]_556_25 ( bmux_1824 ) 
     2 mux_valid_arr[18]_556_1224 ( mux_53_1089 ) 
     2 mux_valid_arr[18]_556_1225 ( bmux_1825 ) 
     2 mux_valid_arr[19]_556_40 ( mux_53_1090 ) 
     2 mux_valid_arr[19]_556_25 ( bmux_1826 ) 
     2 mux_valid_arr[19]_556_1228 ( mux_53_1091 ) 
     2 mux_valid_arr[19]_556_1229 ( bmux_1827 ) 
     2 mux_valid_arr[20]_556_40 ( mux_53_1092 ) 
     2 mux_valid_arr[20]_556_25 ( bmux_1828 ) 
     2 mux_valid_arr[20]_556_1232 ( mux_53_1093 ) 
     2 mux_valid_arr[20]_556_1233 ( bmux_1829 ) 
     2 mux_valid_arr[21]_556_40 ( mux_53_1094 ) 
     2 mux_valid_arr[21]_556_25 ( bmux_1830 ) 
     2 mux_valid_arr[21]_556_1236 ( mux_53_1095 ) 
     2 mux_valid_arr[21]_556_1237 ( bmux_1831 ) 
     2 mux_valid_arr[22]_556_40 ( mux_53_1096 ) 
     2 mux_valid_arr[22]_556_25 ( bmux_1832 ) 
     2 mux_valid_arr[22]_556_1240 ( mux_53_1097 ) 
     2 mux_valid_arr[22]_556_1241 ( bmux_1833 ) 
     2 mux_valid_arr[23]_556_40 ( mux_53_1098 ) 
     2 mux_valid_arr[23]_556_25 ( bmux_1834 ) 
     2 mux_valid_arr[23]_556_1244 ( mux_53_1099 ) 
     2 mux_valid_arr[23]_556_1245 ( bmux_1835 ) 
     2 mux_valid_arr[24]_556_40 ( mux_53_1100 ) 
     2 mux_valid_arr[24]_556_25 ( bmux_1836 ) 
     2 mux_valid_arr[24]_556_1248 ( mux_53_1101 ) 
     2 mux_valid_arr[24]_556_1249 ( bmux_1837 ) 
     2 mux_valid_arr[25]_556_40 ( mux_53_1102 ) 
     2 mux_valid_arr[25]_556_25 ( bmux_1838 ) 
     2 mux_valid_arr[25]_556_1252 ( mux_53_1103 ) 
     2 mux_valid_arr[25]_556_1253 ( bmux_1839 ) 
     2 mux_valid_arr[26]_556_40 ( mux_53_1104 ) 
     2 mux_valid_arr[26]_556_25 ( bmux_1840 ) 
     2 mux_valid_arr[26]_556_1256 ( mux_53_1105 ) 
     2 mux_valid_arr[26]_556_1257 ( bmux_1841 ) 
     2 mux_valid_arr[27]_556_40 ( mux_53_1106 ) 
     2 mux_valid_arr[27]_556_25 ( bmux_1842 ) 
     2 mux_valid_arr[27]_556_1260 ( mux_53_1107 ) 
     2 mux_valid_arr[27]_556_1261 ( bmux_1843 ) 
     2 mux_valid_arr[28]_556_40 ( mux_53_1108 ) 
     2 mux_valid_arr[28]_556_25 ( bmux_1844 ) 
     2 mux_valid_arr[28]_556_1264 ( mux_53_1109 ) 
     2 mux_valid_arr[28]_556_1265 ( bmux_1845 ) 
     2 mux_valid_arr[29]_556_40 ( mux_53_1110 ) 
     2 mux_valid_arr[29]_556_25 ( bmux_1846 ) 
     2 mux_valid_arr[29]_556_1268 ( mux_53_1111 ) 
     2 mux_valid_arr[29]_556_1269 ( bmux_1847 ) 
     2 mux_valid_arr[30]_556_40 ( mux_53_1112 ) 
     2 mux_valid_arr[30]_556_25 ( bmux_1848 ) 
     2 mux_valid_arr[30]_556_1272 ( mux_53_1113 ) 
     2 mux_valid_arr[30]_556_1273 ( bmux_1849 ) 
     2 mux_valid_arr[31]_556_40 ( mux_53_1114 ) 
     2 mux_valid_arr[31]_556_25 ( bmux_1850 ) 
     2 mux_valid_arr[31]_556_1276 ( mux_53_1115 ) 
     2 mux_valid_arr[31]_556_1277 ( bmux_1851 ) 
     2 mux_valid_arr[32]_556_40 ( mux_53_1116 ) 
     2 mux_valid_arr[32]_556_25 ( bmux_1852 ) 
     2 mux_valid_arr[32]_556_1280 ( mux_53_1117 ) 
     2 mux_valid_arr[32]_556_1281 ( bmux_1853 ) 
     2 mux_valid_arr[33]_556_40 ( mux_53_1118 ) 
     2 mux_valid_arr[33]_556_25 ( bmux_1854 ) 
     2 mux_valid_arr[33]_556_1284 ( mux_53_1119 ) 
     2 mux_valid_arr[33]_556_1285 ( bmux_1855 ) 
     2 mux_valid_arr[34]_556_40 ( mux_53_1120 ) 
     2 mux_valid_arr[34]_556_25 ( bmux_1856 ) 
     2 mux_valid_arr[34]_556_1288 ( mux_53_1121 ) 
     2 mux_valid_arr[34]_556_1289 ( bmux_1857 ) 
     2 mux_valid_arr[35]_556_40 ( mux_53_1122 ) 
     2 mux_valid_arr[35]_556_25 ( bmux_1858 ) 
     2 mux_valid_arr[35]_556_1292 ( mux_53_1123 ) 
     2 mux_valid_arr[35]_556_1293 ( bmux_1859 ) 
     2 mux_valid_arr[36]_556_40 ( mux_53_1124 ) 
     2 mux_valid_arr[36]_556_25 ( bmux_1860 ) 
     2 mux_valid_arr[36]_556_1296 ( mux_53_1125 ) 
     2 mux_valid_arr[36]_556_1297 ( bmux_1861 ) 
     2 mux_valid_arr[37]_556_40 ( mux_53_1126 ) 
     2 mux_valid_arr[37]_556_25 ( bmux_1862 ) 
     2 mux_valid_arr[37]_556_1300 ( mux_53_1127 ) 
     2 mux_valid_arr[37]_556_1301 ( bmux_1863 ) 
     2 mux_valid_arr[38]_556_40 ( mux_53_1128 ) 
     2 mux_valid_arr[38]_556_25 ( bmux_1864 ) 
     2 mux_valid_arr[38]_556_1304 ( mux_53_1129 ) 
     2 mux_valid_arr[38]_556_1305 ( bmux_1865 ) 
     2 mux_valid_arr[39]_556_40 ( mux_53_1130 ) 
     2 mux_valid_arr[39]_556_25 ( bmux_1866 ) 
     2 mux_valid_arr[39]_556_1308 ( mux_53_1131 ) 
     2 mux_valid_arr[39]_556_1309 ( bmux_1867 ) 
     2 mux_valid_arr[40]_556_40 ( mux_53_1132 ) 
     2 mux_valid_arr[40]_556_25 ( bmux_1868 ) 
     2 mux_valid_arr[40]_556_1312 ( mux_53_1133 ) 
     2 mux_valid_arr[40]_556_1313 ( bmux_1869 ) 
     2 mux_valid_arr[41]_556_40 ( mux_53_1134 ) 
     2 mux_valid_arr[41]_556_25 ( bmux_1870 ) 
     2 mux_valid_arr[41]_556_1316 ( mux_53_1135 ) 
     2 mux_valid_arr[41]_556_1317 ( bmux_1871 ) 
     2 mux_valid_arr[42]_556_40 ( mux_53_1136 ) 
     2 mux_valid_arr[42]_556_25 ( bmux_1872 ) 
     2 mux_valid_arr[42]_556_1320 ( mux_53_1137 ) 
     2 mux_valid_arr[42]_556_1321 ( bmux_1873 ) 
     2 mux_valid_arr[43]_556_40 ( mux_53_1138 ) 
     2 mux_valid_arr[43]_556_25 ( bmux_1874 ) 
     2 mux_valid_arr[43]_556_1324 ( mux_53_1139 ) 
     2 mux_valid_arr[43]_556_1325 ( bmux_1875 ) 
     2 mux_valid_arr[44]_556_40 ( mux_53_1140 ) 
     2 mux_valid_arr[44]_556_25 ( bmux_1876 ) 
     2 mux_valid_arr[44]_556_1328 ( mux_53_1141 ) 
     2 mux_valid_arr[44]_556_1329 ( bmux_1877 ) 
     2 mux_valid_arr[45]_556_40 ( mux_53_1142 ) 
     2 mux_valid_arr[45]_556_25 ( bmux_1878 ) 
     2 mux_valid_arr[45]_556_1332 ( mux_53_1143 ) 
     2 mux_valid_arr[45]_556_1333 ( bmux_1879 ) 
     2 mux_valid_arr[46]_556_40 ( mux_53_1144 ) 
     2 mux_valid_arr[46]_556_25 ( bmux_1880 ) 
     2 mux_valid_arr[46]_556_1336 ( mux_53_1145 ) 
     2 mux_valid_arr[46]_556_1337 ( bmux_1881 ) 
     2 mux_valid_arr[47]_556_40 ( mux_53_1146 ) 
     2 mux_valid_arr[47]_556_25 ( bmux_1882 ) 
     2 mux_valid_arr[47]_556_1340 ( mux_53_1147 ) 
     2 mux_valid_arr[47]_556_1341 ( bmux_1883 ) 
     2 mux_valid_arr[48]_556_40 ( mux_53_1148 ) 
     2 mux_valid_arr[48]_556_25 ( bmux_1885 ) 
     2 mux_valid_arr[48]_556_1344 ( mux_53_1149 ) 
     2 mux_valid_arr[48]_556_1345 ( bmux_1886 ) 
     2 mux_valid_arr[49]_556_40 ( mux_53_1150 ) 
     2 mux_valid_arr[49]_556_25 ( bmux_1887 ) 
     2 mux_valid_arr[49]_556_1348 ( mux_53_1151 ) 
     2 mux_valid_arr[49]_556_1349 ( bmux_1888 ) 
     2 mux_valid_arr[50]_556_40 ( mux_53_1152 ) 
     2 mux_valid_arr[50]_556_25 ( bmux_1889 ) 
     2 mux_valid_arr[50]_556_1352 ( mux_53_1153 ) 
     2 mux_valid_arr[50]_556_1353 ( bmux_1890 ) 
     2 mux_valid_arr[51]_556_40 ( mux_53_1154 ) 
     2 mux_valid_arr[51]_556_25 ( bmux_1891 ) 
     2 mux_valid_arr[51]_556_1356 ( mux_53_1155 ) 
     2 mux_valid_arr[51]_556_1357 ( bmux_1892 ) 
     2 mux_valid_arr[52]_556_40 ( mux_53_1156 ) 
     2 mux_valid_arr[52]_556_25 ( bmux_1893 ) 
     2 mux_valid_arr[52]_556_1360 ( mux_53_1157 ) 
     2 mux_valid_arr[52]_556_1361 ( bmux_1894 ) 
     2 mux_valid_arr[53]_556_40 ( mux_53_1158 ) 
     2 mux_valid_arr[53]_556_25 ( bmux_1895 ) 
     2 mux_valid_arr[53]_556_1364 ( mux_53_1159 ) 
     2 mux_valid_arr[53]_556_1365 ( bmux_1896 ) 
     2 mux_valid_arr[54]_556_40 ( mux_53_1160 ) 
     2 mux_valid_arr[54]_556_25 ( bmux_1897 ) 
     2 mux_valid_arr[54]_556_1368 ( mux_53_1161 ) 
     2 mux_valid_arr[54]_556_1369 ( bmux_1898 ) 
     2 mux_valid_arr[55]_556_40 ( mux_53_1162 ) 
     2 mux_valid_arr[55]_556_25 ( bmux_1899 ) 
     2 mux_valid_arr[55]_556_1372 ( mux_53_1163 ) 
     2 mux_valid_arr[55]_556_1373 ( bmux_1900 ) 
     2 mux_valid_arr[56]_556_40 ( mux_53_1164 ) 
     2 mux_valid_arr[56]_556_25 ( bmux_1901 ) 
     2 mux_valid_arr[56]_556_1376 ( mux_53_1165 ) 
     2 mux_valid_arr[56]_556_1377 ( bmux_1902 ) 
     2 mux_valid_arr[57]_556_40 ( mux_53_1166 ) 
     2 mux_valid_arr[57]_556_25 ( bmux_1903 ) 
     2 mux_valid_arr[57]_556_1380 ( mux_53_1167 ) 
     2 mux_valid_arr[57]_556_1381 ( bmux_1904 ) 
     2 mux_valid_arr[58]_556_40 ( mux_53_1168 ) 
     2 mux_valid_arr[58]_556_25 ( bmux_1905 ) 
     2 mux_valid_arr[58]_556_1384 ( mux_53_1169 ) 
     2 mux_valid_arr[58]_556_1385 ( bmux_1906 ) 
     2 mux_valid_arr[59]_556_40 ( mux_53_1170 ) 
     2 mux_valid_arr[59]_556_25 ( bmux_1907 ) 
     2 mux_valid_arr[59]_556_1388 ( mux_53_1171 ) 
     2 mux_valid_arr[59]_556_1389 ( bmux_1908 ) 
     2 mux_valid_arr[60]_556_40 ( mux_53_1172 ) 
     2 mux_valid_arr[60]_556_25 ( bmux_1909 ) 
     2 mux_valid_arr[60]_556_1392 ( mux_53_1173 ) 
     2 mux_valid_arr[60]_556_1393 ( bmux_1910 ) 
     2 mux_valid_arr[61]_556_40 ( mux_53_1174 ) 
     2 mux_valid_arr[61]_556_25 ( bmux_1911 ) 
     2 mux_valid_arr[61]_556_1396 ( mux_53_1175 ) 
     2 mux_valid_arr[61]_556_1397 ( bmux_1912 ) 
     2 mux_valid_arr[62]_556_40 ( mux_53_1176 ) 
     2 mux_valid_arr[62]_556_25 ( bmux_1913 ) 
     2 mux_valid_arr[62]_556_1400 ( mux_53_1177 ) 
     2 mux_valid_arr[62]_556_1401 ( bmux_1914 ) 
     2 mux_valid_arr[63]_556_40 ( mux_53_1178 ) 
     2 mux_valid_arr[63]_556_25 ( bmux_1915 ) 
     2 mux_valid_arr[63]_556_1404 ( mux_53_1179 ) 
     2 mux_valid_arr[63]_556_1405 ( bmux_1916 ) 
     2 mux_valid_arr[64]_556_40 ( mux_53_1180 ) 
     2 mux_valid_arr[64]_556_25 ( bmux_1917 ) 
     2 mux_valid_arr[64]_556_1408 ( mux_53_1181 ) 
     2 mux_valid_arr[64]_556_1409 ( bmux_1918 ) 
     2 mux_valid_arr[65]_556_40 ( mux_53_1182 ) 
     2 mux_valid_arr[65]_556_25 ( bmux_1919 ) 
     2 mux_valid_arr[65]_556_1412 ( mux_53_1183 ) 
     2 mux_valid_arr[65]_556_1413 ( bmux_1920 ) 
     2 mux_valid_arr[66]_556_40 ( mux_53_1184 ) 
     2 mux_valid_arr[66]_556_25 ( bmux_1921 ) 
     2 mux_valid_arr[66]_556_1416 ( mux_53_1185 ) 
     2 mux_valid_arr[66]_556_1417 ( bmux_1922 ) 
     2 mux_valid_arr[67]_556_40 ( mux_53_1186 ) 
     2 mux_valid_arr[67]_556_25 ( bmux_1923 ) 
     2 mux_valid_arr[67]_556_1420 ( mux_53_1187 ) 
     2 mux_valid_arr[67]_556_1421 ( bmux_1927 ) 
     2 mux_valid_arr[68]_556_40 ( mux_53_1188 ) 
     2 mux_valid_arr[68]_556_25 ( bmux_1928 ) 
     2 mux_valid_arr[68]_556_1424 ( mux_53_1189 ) 
     2 mux_valid_arr[68]_556_1425 ( bmux_1929 ) 
     2 mux_valid_arr[69]_556_40 ( mux_53_1190 ) 
     2 mux_valid_arr[69]_556_25 ( bmux_1930 ) 
     2 mux_valid_arr[69]_556_1428 ( mux_53_1191 ) 
     2 mux_valid_arr[69]_556_1429 ( bmux_1931 ) 
     2 mux_valid_arr[70]_556_40 ( mux_53_1192 ) 
     2 mux_valid_arr[70]_556_25 ( bmux_1932 ) 
     2 mux_valid_arr[70]_556_1432 ( mux_53_1193 ) 
     2 mux_valid_arr[70]_556_1433 ( bmux_1933 ) 
     2 mux_valid_arr[71]_556_40 ( mux_53_1194 ) 
     2 mux_valid_arr[71]_556_25 ( bmux_1934 ) 
     2 mux_valid_arr[71]_556_1436 ( mux_53_1195 ) 
     2 mux_valid_arr[71]_556_1437 ( bmux_1935 ) 
     2 mux_valid_arr[72]_556_40 ( mux_53_1196 ) 
     2 mux_valid_arr[72]_556_25 ( bmux_1936 ) 
     2 mux_valid_arr[72]_556_1440 ( mux_53_1197 ) 
     2 mux_valid_arr[72]_556_1441 ( bmux_1937 ) 
     2 mux_valid_arr[73]_556_40 ( mux_53_1198 ) 
     2 mux_valid_arr[73]_556_25 ( bmux_1938 ) 
     2 mux_valid_arr[73]_556_1444 ( mux_53_1199 ) 
     2 mux_valid_arr[73]_556_1445 ( bmux_1939 ) 
     2 mux_valid_arr[74]_556_40 ( mux_53_1200 ) 
     2 mux_valid_arr[74]_556_25 ( bmux_1941 ) 
     2 mux_valid_arr[74]_556_1448 ( mux_53_1201 ) 
     2 mux_valid_arr[74]_556_1449 ( bmux_1942 ) 
     2 mux_valid_arr[75]_556_40 ( mux_53_1202 ) 
     2 mux_valid_arr[75]_556_25 ( bmux_1943 ) 
     2 mux_valid_arr[75]_556_1452 ( mux_53_1203 ) 
     2 mux_valid_arr[75]_556_1453 ( bmux_1944 ) 
     2 mux_valid_arr[76]_556_40 ( mux_53_1204 ) 
     2 mux_valid_arr[76]_556_25 ( bmux_1945 ) 
     2 mux_valid_arr[76]_556_1456 ( mux_53_1205 ) 
     2 mux_valid_arr[76]_556_1457 ( bmux_1946 ) 
     2 mux_valid_arr[77]_556_40 ( mux_53_1206 ) 
     2 mux_valid_arr[77]_556_25 ( bmux_1947 ) 
     2 mux_valid_arr[77]_556_1460 ( mux_53_1207 ) 
     2 mux_valid_arr[77]_556_1461 ( bmux_1948 ) 
     2 mux_valid_arr[78]_556_40 ( mux_53_1208 ) 
     2 mux_valid_arr[78]_556_25 ( bmux_1949 ) 
     2 mux_valid_arr[78]_556_1464 ( mux_53_1209 ) 
     2 mux_valid_arr[78]_556_1465 ( bmux_1950 ) 
     2 mux_valid_arr[79]_556_40 ( mux_53_1210 ) 
     2 mux_valid_arr[79]_556_25 ( bmux_1951 ) 
     2 mux_valid_arr[79]_556_1468 ( mux_53_1211 ) 
     2 mux_valid_arr[79]_556_1469 ( bmux_1952 ) 
     2 mux_valid_arr[80]_556_40 ( mux_53_1212 ) 
     2 mux_valid_arr[80]_556_25 ( bmux_1953 ) 
     2 mux_valid_arr[80]_556_1472 ( mux_53_1213 ) 
     2 mux_valid_arr[80]_556_1473 ( bmux_1954 ) 
     2 mux_valid_arr[81]_556_40 ( mux_53_1214 ) 
     2 mux_valid_arr[81]_556_25 ( bmux_1955 ) 
     2 mux_valid_arr[81]_556_1476 ( mux_53_1215 ) 
     2 mux_valid_arr[81]_556_1477 ( bmux_1956 ) 
     2 mux_valid_arr[82]_556_40 ( mux_53_1216 ) 
     2 mux_valid_arr[82]_556_25 ( bmux_1957 ) 
     2 mux_valid_arr[82]_556_1480 ( mux_53_1217 ) 
     2 mux_valid_arr[82]_556_1481 ( bmux_1958 ) 
     2 mux_valid_arr[83]_556_40 ( mux_53_1218 ) 
     2 mux_valid_arr[83]_556_25 ( bmux_1959 ) 
     2 mux_valid_arr[83]_556_1484 ( mux_53_1219 ) 
     2 mux_valid_arr[83]_556_1485 ( bmux_1960 ) 
     2 mux_valid_arr[84]_556_40 ( mux_53_1220 ) 
     2 mux_valid_arr[84]_556_25 ( bmux_1961 ) 
     2 mux_valid_arr[84]_556_1488 ( mux_53_1221 ) 
     2 mux_valid_arr[84]_556_1489 ( bmux_1962 ) 
     2 mux_valid_arr[85]_556_40 ( mux_53_1222 ) 
     2 mux_valid_arr[85]_556_25 ( bmux_1963 ) 
     2 mux_valid_arr[85]_556_1492 ( mux_53_1223 ) 
     2 mux_valid_arr[85]_556_1493 ( bmux_1964 ) 
     2 mux_valid_arr[86]_556_40 ( mux_53_1224 ) 
     2 mux_valid_arr[86]_556_25 ( bmux_1965 ) 
     2 mux_valid_arr[86]_556_1496 ( mux_53_1225 ) 
     2 mux_valid_arr[86]_556_1497 ( bmux_1966 ) 
     2 mux_valid_arr[87]_556_40 ( mux_53_1226 ) 
     2 mux_valid_arr[87]_556_25 ( bmux_1967 ) 
     2 mux_valid_arr[87]_556_1500 ( mux_53_1227 ) 
     2 mux_valid_arr[87]_556_1501 ( bmux_1968 ) 
     2 mux_valid_arr[88]_556_40 ( mux_53_1228 ) 
     2 mux_valid_arr[88]_556_25 ( bmux_1969 ) 
     2 mux_valid_arr[88]_556_1504 ( mux_53_1229 ) 
     2 mux_valid_arr[88]_556_1505 ( bmux_1970 ) 
     2 mux_valid_arr[89]_556_40 ( mux_53_1230 ) 
     2 mux_valid_arr[89]_556_25 ( bmux_1971 ) 
     2 mux_valid_arr[89]_556_1508 ( mux_53_1231 ) 
     2 mux_valid_arr[89]_556_1509 ( bmux_1972 ) 
     2 mux_valid_arr[90]_556_40 ( mux_53_1232 ) 
     2 mux_valid_arr[90]_556_25 ( bmux_1973 ) 
     2 mux_valid_arr[90]_556_1512 ( mux_53_1233 ) 
     2 mux_valid_arr[90]_556_1513 ( bmux_1974 ) 
     2 mux_valid_arr[91]_556_40 ( mux_53_1234 ) 
     2 mux_valid_arr[91]_556_25 ( bmux_1975 ) 
     2 mux_valid_arr[91]_556_1516 ( mux_53_1235 ) 
     2 mux_valid_arr[91]_556_1517 ( bmux_1976 ) 
     2 mux_valid_arr[92]_556_40 ( mux_53_1236 ) 
     2 mux_valid_arr[92]_556_25 ( bmux_1977 ) 
     2 mux_valid_arr[92]_556_1520 ( mux_53_1237 ) 
     2 mux_valid_arr[92]_556_1521 ( bmux_1978 ) 
     2 mux_valid_arr[93]_556_40 ( mux_53_1238 ) 
     2 mux_valid_arr[93]_556_25 ( bmux_1979 ) 
     2 mux_valid_arr[93]_556_1524 ( mux_53_1239 ) 
     2 mux_valid_arr[93]_556_1525 ( bmux_1980 ) 
     2 mux_valid_arr[94]_556_40 ( mux_53_1240 ) 
     2 mux_valid_arr[94]_556_25 ( bmux_1981 ) 
     2 mux_valid_arr[94]_556_1528 ( mux_53_1241 ) 
     2 mux_valid_arr[94]_556_1529 ( bmux_1982 ) 
     2 mux_valid_arr[95]_556_40 ( mux_53_1242 ) 
     2 mux_valid_arr[95]_556_25 ( bmux_1983 ) 
     2 mux_valid_arr[95]_556_1532 ( mux_53_1243 ) 
     2 mux_valid_arr[95]_556_1533 ( bmux_1984 ) 
     2 mux_valid_arr[96]_556_40 ( mux_53_1244 ) 
     2 mux_valid_arr[96]_556_25 ( bmux_1985 ) 
     2 mux_valid_arr[96]_556_1536 ( mux_53_1245 ) 
     2 mux_valid_arr[96]_556_1537 ( bmux_1986 ) 
     2 mux_valid_arr[97]_556_40 ( mux_53_1246 ) 
     2 mux_valid_arr[97]_556_25 ( bmux_1987 ) 
     2 mux_valid_arr[97]_556_1540 ( mux_53_1247 ) 
     2 mux_valid_arr[97]_556_1541 ( bmux_1988 ) 
     2 mux_valid_arr[98]_556_40 ( mux_53_1248 ) 
     2 mux_valid_arr[98]_556_25 ( bmux_1989 ) 
     2 mux_valid_arr[98]_556_1544 ( mux_53_1249 ) 
     2 mux_valid_arr[98]_556_1545 ( bmux_1990 ) 
     2 mux_valid_arr[99]_556_40 ( mux_53_1250 ) 
     2 mux_valid_arr[99]_556_25 ( bmux_1991 ) 
     2 mux_valid_arr[99]_556_1548 ( mux_53_1251 ) 
     2 mux_valid_arr[99]_556_1549 ( bmux_1992 ) 
     2 mux_valid_arr[100]_556_40 ( mux_53_1252 ) 
     2 mux_valid_arr[100]_556_25 ( bmux_1993 ) 
     2 mux_valid_arr[100]_556_1552 ( mux_53_1253 ) 
     2 mux_valid_arr[100]_556_1553 ( bmux_1994 ) 
     2 mux_valid_arr[101]_556_40 ( mux_53_1254 ) 
     2 mux_valid_arr[101]_556_25 ( bmux_1995 ) 
     2 mux_valid_arr[101]_556_1556 ( mux_53_1255 ) 
     2 mux_valid_arr[101]_556_1557 ( bmux_1996 ) 
     2 mux_valid_arr[102]_556_40 ( mux_53_1256 ) 
     2 mux_valid_arr[102]_556_25 ( bmux_1997 ) 
     2 mux_valid_arr[102]_556_1560 ( mux_53_1257 ) 
     2 mux_valid_arr[102]_556_1561 ( bmux_1998 ) 
     2 mux_valid_arr[103]_556_40 ( mux_53_1258 ) 
     2 mux_valid_arr[103]_556_25 ( bmux_1999 ) 
     2 mux_valid_arr[103]_556_1564 ( mux_53_1259 ) 
     2 mux_valid_arr[103]_556_1565 ( bmux_2000 ) 
     2 mux_valid_arr[104]_556_40 ( mux_53_1260 ) 
     2 mux_valid_arr[104]_556_25 ( bmux_2001 ) 
     2 mux_valid_arr[104]_556_1568 ( mux_53_1261 ) 
     2 mux_valid_arr[104]_556_1569 ( bmux_2002 ) 
     2 mux_valid_arr[105]_556_40 ( mux_53_1262 ) 
     2 mux_valid_arr[105]_556_25 ( bmux_2003 ) 
     2 mux_valid_arr[105]_556_1572 ( mux_53_1263 ) 
     2 mux_valid_arr[105]_556_1573 ( bmux_2004 ) 
     2 mux_valid_arr[106]_556_40 ( mux_53_1264 ) 
     2 mux_valid_arr[106]_556_25 ( bmux_2005 ) 
     2 mux_valid_arr[106]_556_1576 ( mux_53_1265 ) 
     2 mux_valid_arr[106]_556_1577 ( bmux_2006 ) 
     2 mux_valid_arr[107]_556_40 ( mux_53_1266 ) 
     2 mux_valid_arr[107]_556_25 ( bmux_2007 ) 
     2 mux_valid_arr[107]_556_1580 ( mux_53_1267 ) 
     2 mux_valid_arr[107]_556_1581 ( bmux_2008 ) 
     2 mux_valid_arr[108]_556_40 ( mux_53_1268 ) 
     2 mux_valid_arr[108]_556_25 ( bmux_2009 ) 
     2 mux_valid_arr[108]_556_1584 ( mux_53_1269 ) 
     2 mux_valid_arr[108]_556_1585 ( bmux_2010 ) 
     2 mux_valid_arr[109]_556_40 ( mux_53_1270 ) 
     2 mux_valid_arr[109]_556_25 ( bmux_2011 ) 
     2 mux_valid_arr[109]_556_1588 ( mux_53_1271 ) 
     2 mux_valid_arr[109]_556_1589 ( bmux_2012 ) 
     2 mux_valid_arr[110]_556_40 ( mux_53_1272 ) 
     2 mux_valid_arr[110]_556_25 ( bmux_2013 ) 
     2 mux_valid_arr[110]_556_1592 ( mux_53_1273 ) 
     2 mux_valid_arr[110]_556_1593 ( bmux_2014 ) 
     2 mux_valid_arr[111]_556_40 ( mux_53_1274 ) 
     2 mux_valid_arr[111]_556_25 ( bmux_2015 ) 
     2 mux_valid_arr[111]_556_1596 ( mux_53_1275 ) 
     2 mux_valid_arr[111]_556_1597 ( bmux_2016 ) 
     2 mux_valid_arr[112]_556_40 ( mux_53_1276 ) 
     2 mux_valid_arr[112]_556_25 ( bmux_2017 ) 
     2 mux_valid_arr[112]_556_1600 ( mux_53_1277 ) 
     2 mux_valid_arr[112]_556_1601 ( bmux_2018 ) 
     2 mux_valid_arr[113]_556_40 ( mux_53_1278 ) 
     2 mux_valid_arr[113]_556_25 ( bmux_2019 ) 
     2 mux_valid_arr[113]_556_1604 ( mux_53_1279 ) 
     2 mux_valid_arr[113]_556_1605 ( bmux_2020 ) 
     2 mux_valid_arr[114]_556_40 ( mux_53_1280 ) 
     2 mux_valid_arr[114]_556_25 ( bmux_2021 ) 
     2 mux_valid_arr[114]_556_1608 ( mux_53_1281 ) 
     2 mux_valid_arr[114]_556_1609 ( bmux_2022 ) 
     2 mux_valid_arr[115]_556_40 ( mux_53_1282 ) 
     2 mux_valid_arr[115]_556_25 ( bmux_2023 ) 
     2 mux_valid_arr[115]_556_1612 ( mux_53_1283 ) 
     2 mux_valid_arr[115]_556_1613 ( bmux_2024 ) 
     2 mux_valid_arr[116]_556_40 ( mux_53_1284 ) 
     2 mux_valid_arr[116]_556_25 ( bmux_2025 ) 
     2 mux_valid_arr[116]_556_1616 ( mux_53_1285 ) 
     2 mux_valid_arr[116]_556_1617 ( bmux_2026 ) 
     2 mux_valid_arr[117]_556_40 ( mux_53_1286 ) 
     2 mux_valid_arr[117]_556_25 ( bmux_2027 ) 
     2 mux_valid_arr[117]_556_1620 ( mux_53_1287 ) 
     2 mux_valid_arr[117]_556_1621 ( bmux_2028 ) 
     2 mux_valid_arr[118]_556_40 ( mux_53_1288 ) 
     2 mux_valid_arr[118]_556_25 ( bmux_2029 ) 
     2 mux_valid_arr[118]_556_1624 ( mux_53_1289 ) 
     2 mux_valid_arr[118]_556_1625 ( bmux_2030 ) 
     2 mux_valid_arr[119]_556_40 ( mux_53_1290 ) 
     2 mux_valid_arr[119]_556_25 ( bmux_2031 ) 
     2 mux_valid_arr[119]_556_1628 ( mux_53_1291 ) 
     2 mux_valid_arr[119]_556_1629 ( bmux_2032 ) 
     2 mux_valid_arr[120]_556_40 ( mux_53_1292 ) 
     2 mux_valid_arr[120]_556_25 ( bmux_2033 ) 
     2 mux_valid_arr[120]_556_1632 ( mux_53_1293 ) 
     2 mux_valid_arr[120]_556_1633 ( bmux_2034 ) 
     2 mux_valid_arr[121]_556_40 ( mux_53_1294 ) 
     2 mux_valid_arr[121]_556_25 ( bmux_2035 ) 
     2 mux_valid_arr[121]_556_1636 ( mux_53_1295 ) 
     2 mux_valid_arr[121]_556_1637 ( bmux_2036 ) 
     2 mux_valid_arr[122]_556_40 ( mux_53_1296 ) 
     2 mux_valid_arr[122]_556_25 ( bmux_2037 ) 
     2 mux_valid_arr[122]_556_1640 ( mux_53_1297 ) 
     2 mux_valid_arr[122]_556_1641 ( bmux_2038 ) 
     2 mux_valid_arr[123]_556_40 ( mux_53_1298 ) 
     2 mux_valid_arr[123]_556_25 ( bmux_2039 ) 
     2 mux_valid_arr[123]_556_1644 ( mux_53_1299 ) 
     2 mux_valid_arr[123]_556_1645 ( bmux_2040 ) 
     2 mux_valid_arr[124]_556_40 ( mux_53_1300 ) 
     2 mux_valid_arr[124]_556_25 ( bmux_2041 ) 
     2 mux_valid_arr[124]_556_1648 ( mux_53_1301 ) 
     2 mux_valid_arr[124]_556_1649 ( bmux_2042 ) 
     2 mux_valid_arr[125]_556_40 ( mux_53_1302 ) 
     2 mux_valid_arr[125]_556_25 ( bmux_2043 ) 
     2 mux_valid_arr[125]_556_1652 ( mux_53_1303 ) 
     2 mux_valid_arr[125]_556_1653 ( bmux_2044 ) 
     2 mux_valid_arr[126]_556_40 ( mux_53_1304 ) 
     2 mux_valid_arr[126]_556_25 ( bmux_2045 ) 
     2 mux_valid_arr[126]_556_1656 ( mux_53_1305 ) 
     2 mux_valid_arr[126]_556_1657 ( bmux_2046 ) 
     2 mux_valid_arr[127]_556_40 ( mux_53_1306 ) 
     2 mux_valid_arr[127]_556_25 ( bmux_2047 ) 
     2 mux_valid_arr[127]_556_1660 ( mux_53_1307 ) 
     2 mux_valid_arr[127]_556_1661 ( bmux_2048 ) 
     2 mux_valid_arr[128]_556_40 ( mux_53_1308 ) 
     2 mux_valid_arr[128]_556_25 ( bmux_2049 ) 
     2 mux_valid_arr[128]_556_1664 ( mux_53_1309 ) 
     2 mux_valid_arr[128]_556_1665 ( bmux_2050 ) 
     2 mux_valid_arr[129]_556_40 ( mux_53_1310 ) 
     2 mux_valid_arr[129]_556_25 ( bmux_2051 ) 
     2 mux_valid_arr[129]_556_1668 ( mux_53_1311 ) 
     2 mux_valid_arr[129]_556_1669 ( bmux_2052 ) 
     2 mux_valid_arr[130]_556_40 ( mux_53_1312 ) 
     2 mux_valid_arr[130]_556_25 ( bmux_2053 ) 
     2 mux_valid_arr[130]_556_1672 ( mux_53_1313 ) 
     2 mux_valid_arr[130]_556_1673 ( bmux_2054 ) 
     2 mux_valid_arr[131]_556_40 ( mux_53_1314 ) 
     2 mux_valid_arr[131]_556_25 ( bmux_2055 ) 
     2 mux_valid_arr[131]_556_1676 ( mux_53_1315 ) 
     2 mux_valid_arr[131]_556_1677 ( bmux_2056 ) 
     2 mux_valid_arr[132]_556_40 ( mux_53_1316 ) 
     2 mux_valid_arr[132]_556_25 ( bmux_2057 ) 
     2 mux_valid_arr[132]_556_1680 ( mux_53_1317 ) 
     2 mux_valid_arr[132]_556_1681 ( bmux_2058 ) 
     2 mux_valid_arr[133]_556_40 ( mux_53_1318 ) 
     2 mux_valid_arr[133]_556_25 ( bmux_2059 ) 
     2 mux_valid_arr[133]_556_1684 ( mux_53_1319 ) 
     2 mux_valid_arr[133]_556_1685 ( bmux_2060 ) 
     2 mux_valid_arr[134]_556_40 ( mux_53_1320 ) 
     2 mux_valid_arr[134]_556_25 ( bmux_2061 ) 
     2 mux_valid_arr[134]_556_1688 ( mux_53_1321 ) 
     2 mux_valid_arr[134]_556_1689 ( bmux_2062 ) 
     2 mux_valid_arr[135]_556_40 ( mux_53_1322 ) 
     2 mux_valid_arr[135]_556_25 ( bmux_2063 ) 
     2 mux_valid_arr[135]_556_1692 ( mux_53_1323 ) 
     2 mux_valid_arr[135]_556_1693 ( bmux_2064 ) 
     2 mux_valid_arr[136]_556_40 ( mux_53_1324 ) 
     2 mux_valid_arr[136]_556_25 ( bmux_2065 ) 
     2 mux_valid_arr[136]_556_1696 ( mux_53_1325 ) 
     2 mux_valid_arr[136]_556_1697 ( bmux_2066 ) 
     2 mux_valid_arr[137]_556_40 ( mux_53_1326 ) 
     2 mux_valid_arr[137]_556_25 ( bmux_2067 ) 
     2 mux_valid_arr[137]_556_1700 ( mux_53_1327 ) 
     2 mux_valid_arr[137]_556_1701 ( bmux_2068 ) 
     2 mux_valid_arr[138]_556_40 ( mux_53_1328 ) 
     2 mux_valid_arr[138]_556_25 ( bmux_2069 ) 
     2 mux_valid_arr[138]_556_1704 ( mux_53_1329 ) 
     2 mux_valid_arr[138]_556_1705 ( bmux_2070 ) 
     2 mux_valid_arr[139]_556_40 ( mux_53_1330 ) 
     2 mux_valid_arr[139]_556_25 ( bmux_2071 ) 
     2 mux_valid_arr[139]_556_1708 ( mux_53_1331 ) 
     2 mux_valid_arr[139]_556_1709 ( bmux_2072 ) 
     2 mux_valid_arr[140]_556_40 ( mux_53_1332 ) 
     2 mux_valid_arr[140]_556_25 ( bmux_2073 ) 
     2 mux_valid_arr[140]_556_1712 ( mux_53_1333 ) 
     2 mux_valid_arr[140]_556_1713 ( bmux_2074 ) 
     2 mux_valid_arr[141]_556_40 ( mux_53_1334 ) 
     2 mux_valid_arr[141]_556_25 ( bmux_2075 ) 
     2 mux_valid_arr[141]_556_1716 ( mux_53_1335 ) 
     2 mux_valid_arr[141]_556_1717 ( bmux_2076 ) 
     2 mux_valid_arr[142]_556_40 ( mux_53_1336 ) 
     2 mux_valid_arr[142]_556_25 ( bmux_2077 ) 
     2 mux_valid_arr[142]_556_1720 ( mux_53_1337 ) 
     2 mux_valid_arr[142]_556_1721 ( bmux_2078 ) 
     2 mux_valid_arr[143]_556_40 ( mux_53_1338 ) 
     2 mux_valid_arr[143]_556_25 ( bmux_2079 ) 
     2 mux_valid_arr[143]_556_1724 ( mux_53_1339 ) 
     2 mux_valid_arr[143]_556_1725 ( bmux_2080 ) 
     2 mux_valid_arr[144]_556_40 ( mux_53_1340 ) 
     2 mux_valid_arr[144]_556_25 ( bmux_2081 ) 
     2 mux_valid_arr[144]_556_1728 ( mux_53_1341 ) 
     2 mux_valid_arr[144]_556_1729 ( bmux_2082 ) 
     2 mux_valid_arr[145]_556_40 ( mux_53_1342 ) 
     2 mux_valid_arr[145]_556_25 ( bmux_2083 ) 
     2 mux_valid_arr[145]_556_1732 ( mux_53_1343 ) 
     2 mux_valid_arr[145]_556_1733 ( bmux_2084 ) 
     2 mux_valid_arr[146]_556_40 ( mux_53_1344 ) 
     2 mux_valid_arr[146]_556_25 ( bmux_2085 ) 
     2 mux_valid_arr[146]_556_1736 ( mux_53_1345 ) 
     2 mux_valid_arr[146]_556_1737 ( bmux_2087 ) 
     2 mux_valid_arr[147]_556_40 ( mux_53_1346 ) 
     2 mux_valid_arr[147]_556_25 ( bmux_2088 ) 
     2 mux_valid_arr[147]_556_1740 ( mux_53_1347 ) 
     2 mux_valid_arr[147]_556_1741 ( bmux_2089 ) 
     2 mux_valid_arr[148]_556_40 ( mux_53_1348 ) 
     2 mux_valid_arr[148]_556_25 ( bmux_2090 ) 
     2 mux_valid_arr[148]_556_1744 ( mux_53_1349 ) 
     2 mux_valid_arr[148]_556_1745 ( bmux_2091 ) 
     2 mux_valid_arr[149]_556_40 ( mux_53_1350 ) 
     2 mux_valid_arr[149]_556_25 ( bmux_2092 ) 
     2 mux_valid_arr[149]_556_1748 ( mux_53_1351 ) 
     2 mux_valid_arr[149]_556_1749 ( bmux_2093 ) 
     2 mux_valid_arr[150]_556_40 ( mux_53_1352 ) 
     2 mux_valid_arr[150]_556_25 ( bmux_2094 ) 
     2 mux_valid_arr[150]_556_1752 ( mux_53_1353 ) 
     2 mux_valid_arr[150]_556_1753 ( bmux_2095 ) 
     2 mux_valid_arr[151]_556_40 ( mux_53_1354 ) 
     2 mux_valid_arr[151]_556_25 ( bmux_2096 ) 
     2 mux_valid_arr[151]_556_1756 ( mux_53_1355 ) 
     2 mux_valid_arr[151]_556_1757 ( bmux_2097 ) 
     2 mux_valid_arr[152]_556_40 ( mux_53_1356 ) 
     2 mux_valid_arr[152]_556_25 ( bmux_2098 ) 
     2 mux_valid_arr[152]_556_1760 ( mux_53_1357 ) 
     2 mux_valid_arr[152]_556_1761 ( bmux_2099 ) 
     2 mux_valid_arr[153]_556_40 ( mux_53_1358 ) 
     2 mux_valid_arr[153]_556_25 ( bmux_2100 ) 
     2 mux_valid_arr[153]_556_1764 ( mux_53_1359 ) 
     2 mux_valid_arr[153]_556_1765 ( bmux_2101 ) 
     2 mux_valid_arr[154]_556_40 ( mux_53_1360 ) 
     2 mux_valid_arr[154]_556_25 ( bmux_2102 ) 
     2 mux_valid_arr[154]_556_1768 ( mux_53_1361 ) 
     2 mux_valid_arr[154]_556_1769 ( bmux_2103 ) 
     2 mux_valid_arr[155]_556_40 ( mux_53_1362 ) 
     2 mux_valid_arr[155]_556_25 ( bmux_2104 ) 
     2 mux_valid_arr[155]_556_1772 ( mux_53_1363 ) 
     2 mux_valid_arr[155]_556_1773 ( bmux_2105 ) 
     2 mux_valid_arr[156]_556_40 ( mux_53_1364 ) 
     2 mux_valid_arr[156]_556_25 ( bmux_2106 ) 
     2 mux_valid_arr[156]_556_1776 ( mux_53_1365 ) 
     2 mux_valid_arr[156]_556_1777 ( bmux_2107 ) 
     2 mux_valid_arr[157]_556_40 ( mux_53_1366 ) 
     2 mux_valid_arr[157]_556_25 ( bmux_2108 ) 
     2 mux_valid_arr[157]_556_1780 ( mux_53_1367 ) 
     2 mux_valid_arr[157]_556_1781 ( bmux_2109 ) 
     2 mux_valid_arr[158]_556_40 ( mux_53_1368 ) 
     2 mux_valid_arr[158]_556_25 ( bmux_2110 ) 
     2 mux_valid_arr[158]_556_1784 ( mux_53_1369 ) 
     2 mux_valid_arr[158]_556_1785 ( bmux_2111 ) 
     2 mux_valid_arr[159]_556_40 ( mux_53_1370 ) 
     2 mux_valid_arr[159]_556_25 ( bmux_2112 ) 
     2 mux_valid_arr[159]_556_1788 ( mux_53_1371 ) 
     2 mux_valid_arr[159]_556_1789 ( bmux_2113 ) 
     2 mux_valid_arr[160]_556_40 ( mux_53_1372 ) 
     2 mux_valid_arr[160]_556_25 ( bmux_2114 ) 
     2 mux_valid_arr[160]_556_1792 ( mux_53_1373 ) 
     2 mux_valid_arr[160]_556_1793 ( bmux_2115 ) 
     2 mux_valid_arr[161]_556_40 ( mux_53_1374 ) 
     2 mux_valid_arr[161]_556_25 ( bmux_2116 ) 
     2 mux_valid_arr[161]_556_1796 ( mux_53_1375 ) 
     2 mux_valid_arr[161]_556_1797 ( bmux_2117 ) 
     2 mux_valid_arr[162]_556_40 ( mux_53_1376 ) 
     2 mux_valid_arr[162]_556_25 ( bmux_2118 ) 
     2 mux_valid_arr[162]_556_1800 ( mux_53_1377 ) 
     2 mux_valid_arr[162]_556_1801 ( bmux_2119 ) 
     2 mux_valid_arr[163]_556_40 ( mux_53_1378 ) 
     2 mux_valid_arr[163]_556_25 ( bmux_2120 ) 
     2 mux_valid_arr[163]_556_1804 ( mux_53_1379 ) 
     2 mux_valid_arr[163]_556_1805 ( bmux_2121 ) 
     2 mux_valid_arr[164]_556_40 ( mux_53_1380 ) 
     2 mux_valid_arr[164]_556_25 ( bmux_2122 ) 
     2 mux_valid_arr[164]_556_1808 ( mux_53_1381 ) 
     2 mux_valid_arr[164]_556_1809 ( bmux_2123 ) 
     2 mux_valid_arr[165]_556_40 ( mux_53_1382 ) 
     2 mux_valid_arr[165]_556_25 ( bmux_2124 ) 
     2 mux_valid_arr[165]_556_1812 ( mux_53_1383 ) 
     2 mux_valid_arr[165]_556_1813 ( bmux_2125 ) 
     2 mux_valid_arr[166]_556_40 ( mux_53_1384 ) 
     2 mux_valid_arr[166]_556_25 ( bmux_2126 ) 
     2 mux_valid_arr[166]_556_1816 ( mux_53_1385 ) 
     2 mux_valid_arr[166]_556_1817 ( bmux_2127 ) 
     2 mux_valid_arr[167]_556_40 ( mux_53_1386 ) 
     2 mux_valid_arr[167]_556_25 ( bmux_2128 ) 
     2 mux_valid_arr[167]_556_1820 ( mux_53_1387 ) 
     2 mux_valid_arr[167]_556_1821 ( bmux_2129 ) 
     2 mux_valid_arr[168]_556_40 ( mux_53_1388 ) 
     2 mux_valid_arr[168]_556_25 ( bmux_2130 ) 
     2 mux_valid_arr[168]_556_1824 ( mux_53_1389 ) 
     2 mux_valid_arr[168]_556_1825 ( bmux_2131 ) 
     2 mux_valid_arr[169]_556_40 ( mux_53_1390 ) 
     2 mux_valid_arr[169]_556_25 ( bmux_2132 ) 
     2 mux_valid_arr[169]_556_1828 ( mux_53_1391 ) 
     2 mux_valid_arr[169]_556_1829 ( bmux_2133 ) 
     2 mux_valid_arr[170]_556_40 ( mux_53_1392 ) 
     2 mux_valid_arr[170]_556_25 ( bmux_2134 ) 
     2 mux_valid_arr[170]_556_1832 ( mux_53_1393 ) 
     2 mux_valid_arr[170]_556_1833 ( bmux_2135 ) 
     2 mux_valid_arr[171]_556_40 ( mux_53_1394 ) 
     2 mux_valid_arr[171]_556_25 ( bmux_2136 ) 
     2 mux_valid_arr[171]_556_1836 ( mux_53_1395 ) 
     2 mux_valid_arr[171]_556_1837 ( bmux_2137 ) 
     2 mux_valid_arr[172]_556_40 ( mux_53_1396 ) 
     2 mux_valid_arr[172]_556_25 ( bmux_2138 ) 
     2 mux_valid_arr[172]_556_1840 ( mux_53_1397 ) 
     2 mux_valid_arr[172]_556_1841 ( bmux_2139 ) 
     2 mux_valid_arr[173]_556_40 ( mux_53_1398 ) 
     2 mux_valid_arr[173]_556_25 ( bmux_2140 ) 
     2 mux_valid_arr[173]_556_1844 ( mux_53_1399 ) 
     2 mux_valid_arr[173]_556_1845 ( bmux_2141 ) 
     2 mux_valid_arr[174]_556_40 ( mux_53_1400 ) 
     2 mux_valid_arr[174]_556_25 ( bmux_2142 ) 
     2 mux_valid_arr[174]_556_1848 ( mux_53_1401 ) 
     2 mux_valid_arr[174]_556_1849 ( bmux_2143 ) 
     2 mux_valid_arr[175]_556_40 ( mux_53_1402 ) 
     2 mux_valid_arr[175]_556_25 ( bmux_2144 ) 
     2 mux_valid_arr[175]_556_1852 ( mux_53_1403 ) 
     2 mux_valid_arr[175]_556_1853 ( bmux_2145 ) 
     2 mux_valid_arr[176]_556_40 ( mux_53_1404 ) 
     2 mux_valid_arr[176]_556_25 ( bmux_2146 ) 
     2 mux_valid_arr[176]_556_1856 ( mux_53_1405 ) 
     2 mux_valid_arr[176]_556_1857 ( bmux_2147 ) 
     2 mux_valid_arr[177]_556_40 ( mux_53_1406 ) 
     2 mux_valid_arr[177]_556_25 ( bmux_2148 ) 
     2 mux_valid_arr[177]_556_1860 ( mux_53_1407 ) 
     2 mux_valid_arr[177]_556_1861 ( bmux_2149 ) 
     2 mux_valid_arr[178]_556_40 ( mux_53_1408 ) 
     2 mux_valid_arr[178]_556_25 ( bmux_2150 ) 
     2 mux_valid_arr[178]_556_1864 ( mux_53_1409 ) 
     2 mux_valid_arr[178]_556_1865 ( bmux_2151 ) 
     2 mux_valid_arr[179]_556_40 ( mux_53_1410 ) 
     2 mux_valid_arr[179]_556_25 ( bmux_2152 ) 
     2 mux_valid_arr[179]_556_1868 ( mux_53_1411 ) 
     2 mux_valid_arr[179]_556_1869 ( bmux_2153 ) 
     2 mux_valid_arr[180]_556_40 ( mux_53_1412 ) 
     2 mux_valid_arr[180]_556_25 ( bmux_2154 ) 
     2 mux_valid_arr[180]_556_1872 ( mux_53_1413 ) 
     2 mux_valid_arr[180]_556_1873 ( bmux_2155 ) 
     2 mux_valid_arr[181]_556_40 ( mux_53_1414 ) 
     2 mux_valid_arr[181]_556_25 ( bmux_2156 ) 
     2 mux_valid_arr[181]_556_1876 ( mux_53_1415 ) 
     2 mux_valid_arr[181]_556_1877 ( bmux_2157 ) 
     2 mux_valid_arr[182]_556_40 ( mux_53_1416 ) 
     2 mux_valid_arr[182]_556_25 ( bmux_2158 ) 
     2 mux_valid_arr[182]_556_1880 ( mux_53_1417 ) 
     2 mux_valid_arr[182]_556_1881 ( bmux_2159 ) 
     2 mux_valid_arr[183]_556_40 ( mux_53_1418 ) 
     2 mux_valid_arr[183]_556_25 ( bmux_2160 ) 
     2 mux_valid_arr[183]_556_1884 ( mux_53_1419 ) 
     2 mux_valid_arr[183]_556_1885 ( bmux_2161 ) 
     2 mux_valid_arr[184]_556_40 ( mux_53_1420 ) 
     2 mux_valid_arr[184]_556_25 ( bmux_2162 ) 
     2 mux_valid_arr[184]_556_1888 ( mux_53_1421 ) 
     2 mux_valid_arr[184]_556_1889 ( bmux_2163 ) 
     2 mux_valid_arr[185]_556_40 ( mux_53_1422 ) 
     2 mux_valid_arr[185]_556_25 ( bmux_2164 ) 
     2 mux_valid_arr[185]_556_1892 ( mux_53_1423 ) 
     2 mux_valid_arr[185]_556_1893 ( bmux_2165 ) 
     2 mux_valid_arr[186]_556_40 ( mux_53_1424 ) 
     2 mux_valid_arr[186]_556_25 ( bmux_2166 ) 
     2 mux_valid_arr[186]_556_1896 ( mux_53_1425 ) 
     2 mux_valid_arr[186]_556_1897 ( bmux_2167 ) 
     2 mux_valid_arr[187]_556_40 ( mux_53_1426 ) 
     2 mux_valid_arr[187]_556_25 ( bmux_2168 ) 
     2 mux_valid_arr[187]_556_1900 ( mux_53_1427 ) 
     2 mux_valid_arr[187]_556_1901 ( bmux_2169 ) 
     2 mux_valid_arr[188]_556_40 ( mux_53_1428 ) 
     2 mux_valid_arr[188]_556_25 ( bmux_2170 ) 
     2 mux_valid_arr[188]_556_1904 ( mux_53_1429 ) 
     2 mux_valid_arr[188]_556_1905 ( bmux_2171 ) 
     2 mux_valid_arr[189]_556_40 ( mux_53_1430 ) 
     2 mux_valid_arr[189]_556_25 ( bmux_2172 ) 
     2 mux_valid_arr[189]_556_1908 ( mux_53_1431 ) 
     2 mux_valid_arr[189]_556_1909 ( bmux_2173 ) 
     2 mux_valid_arr[190]_556_40 ( mux_53_1432 ) 
     2 mux_valid_arr[190]_556_25 ( bmux_2174 ) 
     2 mux_valid_arr[190]_556_1912 ( mux_53_1433 ) 
     2 mux_valid_arr[190]_556_1913 ( bmux_2175 ) 
     2 mux_valid_arr[191]_556_40 ( mux_53_1434 ) 
     2 mux_valid_arr[191]_556_25 ( bmux_2176 ) 
     2 mux_valid_arr[191]_556_1916 ( mux_53_1435 ) 
     2 mux_valid_arr[191]_556_1917 ( bmux_2177 ) 
     2 mux_valid_arr[192]_556_40 ( mux_53_1436 ) 
     2 mux_valid_arr[192]_556_25 ( bmux_2178 ) 
     2 mux_valid_arr[192]_556_1920 ( mux_53_1437 ) 
     2 mux_valid_arr[192]_556_1921 ( bmux_2179 ) 
     2 mux_valid_arr[193]_556_40 ( mux_53_1438 ) 
     2 mux_valid_arr[193]_556_25 ( bmux_2180 ) 
     2 mux_valid_arr[193]_556_1924 ( mux_53_1439 ) 
     2 mux_valid_arr[193]_556_1925 ( bmux_2181 ) 
     2 mux_valid_arr[194]_556_40 ( mux_53_1440 ) 
     2 mux_valid_arr[194]_556_25 ( bmux_2182 ) 
     2 mux_valid_arr[194]_556_1928 ( mux_53_1441 ) 
     2 mux_valid_arr[194]_556_1929 ( bmux_2183 ) 
     2 mux_valid_arr[195]_556_40 ( mux_53_1442 ) 
     2 mux_valid_arr[195]_556_25 ( bmux_2184 ) 
     2 mux_valid_arr[195]_556_1932 ( mux_53_1443 ) 
     2 mux_valid_arr[195]_556_1933 ( bmux_2185 ) 
     2 mux_valid_arr[196]_556_40 ( mux_53_1444 ) 
     2 mux_valid_arr[196]_556_25 ( bmux_2186 ) 
     2 mux_valid_arr[196]_556_1936 ( mux_53_1445 ) 
     2 mux_valid_arr[196]_556_1937 ( bmux_2187 ) 
     2 mux_valid_arr[197]_556_40 ( mux_53_1446 ) 
     2 mux_valid_arr[197]_556_25 ( bmux_2188 ) 
     2 mux_valid_arr[197]_556_1940 ( mux_53_1447 ) 
     2 mux_valid_arr[197]_556_1941 ( bmux_2189 ) 
     2 mux_valid_arr[198]_556_40 ( mux_53_1448 ) 
     2 mux_valid_arr[198]_556_25 ( bmux_2190 ) 
     2 mux_valid_arr[198]_556_1944 ( mux_53_1449 ) 
     2 mux_valid_arr[198]_556_1945 ( bmux_2191 ) 
     2 mux_valid_arr[199]_556_40 ( mux_53_1450 ) 
     2 mux_valid_arr[199]_556_25 ( bmux_2192 ) 
     2 mux_valid_arr[199]_556_1948 ( mux_53_1451 ) 
     2 mux_valid_arr[199]_556_1949 ( bmux_2193 ) 
     2 mux_valid_arr[200]_556_40 ( mux_53_1452 ) 
     2 mux_valid_arr[200]_556_25 ( bmux_2194 ) 
     2 mux_valid_arr[200]_556_1952 ( mux_53_1453 ) 
     2 mux_valid_arr[200]_556_1953 ( bmux_2195 ) 
     2 mux_valid_arr[201]_556_40 ( mux_53_1454 ) 
     2 mux_valid_arr[201]_556_25 ( bmux_2196 ) 
     2 mux_valid_arr[201]_556_1956 ( mux_53_1455 ) 
     2 mux_valid_arr[201]_556_1957 ( bmux_2197 ) 
     2 mux_valid_arr[202]_556_40 ( mux_53_1456 ) 
     2 mux_valid_arr[202]_556_25 ( bmux_2198 ) 
     2 mux_valid_arr[202]_556_1960 ( mux_53_1457 ) 
     2 mux_valid_arr[202]_556_1961 ( bmux_2199 ) 
     2 mux_valid_arr[203]_556_40 ( mux_53_1458 ) 
     2 mux_valid_arr[203]_556_25 ( bmux_2200 ) 
     2 mux_valid_arr[203]_556_1964 ( mux_53_1459 ) 
     2 mux_valid_arr[203]_556_1965 ( bmux_2201 ) 
     2 mux_valid_arr[204]_556_40 ( mux_53_1460 ) 
     2 mux_valid_arr[204]_556_25 ( bmux_2202 ) 
     2 mux_valid_arr[204]_556_1968 ( mux_53_1461 ) 
     2 mux_valid_arr[204]_556_1969 ( bmux_2203 ) 
     2 mux_valid_arr[205]_556_40 ( mux_53_1462 ) 
     2 mux_valid_arr[205]_556_25 ( bmux_2204 ) 
     2 mux_valid_arr[205]_556_1972 ( mux_53_1463 ) 
     2 mux_valid_arr[205]_556_1973 ( bmux_2205 ) 
     2 mux_valid_arr[206]_556_40 ( mux_53_1464 ) 
     2 mux_valid_arr[206]_556_25 ( bmux_2206 ) 
     2 mux_valid_arr[206]_556_1976 ( mux_53_1465 ) 
     2 mux_valid_arr[206]_556_1977 ( bmux_2207 ) 
     2 mux_valid_arr[207]_556_40 ( mux_53_1466 ) 
     2 mux_valid_arr[207]_556_25 ( bmux_2208 ) 
     2 mux_valid_arr[207]_556_1980 ( mux_53_1467 ) 
     2 mux_valid_arr[207]_556_1981 ( bmux_2209 ) 
     2 mux_valid_arr[208]_556_40 ( mux_53_1468 ) 
     2 mux_valid_arr[208]_556_25 ( bmux_2210 ) 
     2 mux_valid_arr[208]_556_1984 ( mux_53_1469 ) 
     2 mux_valid_arr[208]_556_1985 ( bmux_2211 ) 
     2 mux_valid_arr[209]_556_40 ( mux_53_1470 ) 
     2 mux_valid_arr[209]_556_25 ( bmux_2212 ) 
     2 mux_valid_arr[209]_556_1988 ( mux_53_1471 ) 
     2 mux_valid_arr[209]_556_1989 ( bmux_2213 ) 
     2 mux_valid_arr[210]_556_40 ( mux_53_1472 ) 
     2 mux_valid_arr[210]_556_25 ( bmux_2214 ) 
     2 mux_valid_arr[210]_556_1992 ( mux_53_1473 ) 
     2 mux_valid_arr[210]_556_1993 ( bmux_2215 ) 
     2 mux_valid_arr[211]_556_40 ( mux_53_1474 ) 
     2 mux_valid_arr[211]_556_25 ( bmux_2216 ) 
     2 mux_valid_arr[211]_556_1996 ( mux_53_1475 ) 
     2 mux_valid_arr[211]_556_1997 ( bmux_2217 ) 
     2 mux_valid_arr[212]_556_40 ( mux_53_1476 ) 
     2 mux_valid_arr[212]_556_25 ( bmux_2218 ) 
     2 mux_valid_arr[212]_556_2000 ( mux_53_1477 ) 
     2 mux_valid_arr[212]_556_2001 ( bmux_2219 ) 
     2 mux_valid_arr[213]_556_40 ( mux_53_1478 ) 
     2 mux_valid_arr[213]_556_25 ( bmux_2220 ) 
     2 mux_valid_arr[213]_556_2004 ( mux_53_1479 ) 
     2 mux_valid_arr[213]_556_2005 ( bmux_2221 ) 
     2 mux_valid_arr[214]_556_40 ( mux_53_1480 ) 
     2 mux_valid_arr[214]_556_25 ( bmux_2222 ) 
     2 mux_valid_arr[214]_556_2008 ( mux_53_1481 ) 
     2 mux_valid_arr[214]_556_2009 ( bmux_2223 ) 
     2 mux_valid_arr[215]_556_40 ( mux_53_1482 ) 
     2 mux_valid_arr[215]_556_25 ( bmux_2224 ) 
     2 mux_valid_arr[215]_556_2012 ( mux_53_1483 ) 
     2 mux_valid_arr[215]_556_2013 ( bmux_2225 ) 
     2 mux_valid_arr[216]_556_40 ( mux_53_1484 ) 
     2 mux_valid_arr[216]_556_25 ( bmux_2226 ) 
     2 mux_valid_arr[216]_556_2016 ( mux_53_1485 ) 
     2 mux_valid_arr[216]_556_2017 ( bmux_2227 ) 
     2 mux_valid_arr[217]_556_40 ( mux_53_1486 ) 
     2 mux_valid_arr[217]_556_25 ( bmux_2228 ) 
     2 mux_valid_arr[217]_556_2020 ( mux_53_1487 ) 
     2 mux_valid_arr[217]_556_2021 ( bmux_2229 ) 
     2 mux_valid_arr[218]_556_40 ( mux_53_1488 ) 
     2 mux_valid_arr[218]_556_25 ( bmux_2230 ) 
     2 mux_valid_arr[218]_556_2024 ( mux_53_1489 ) 
     2 mux_valid_arr[218]_556_2025 ( bmux_2231 ) 
     2 mux_valid_arr[219]_556_40 ( mux_53_1490 ) 
     2 mux_valid_arr[219]_556_25 ( bmux_2232 ) 
     2 mux_valid_arr[219]_556_2028 ( mux_53_1491 ) 
     2 mux_valid_arr[219]_556_2029 ( bmux_2233 ) 
     2 mux_valid_arr[220]_556_40 ( mux_53_1492 ) 
     2 mux_valid_arr[220]_556_25 ( bmux_2234 ) 
     2 mux_valid_arr[220]_556_2032 ( mux_53_1493 ) 
     2 mux_valid_arr[220]_556_2033 ( bmux_2235 ) 
     2 mux_valid_arr[221]_556_40 ( mux_53_1494 ) 
     2 mux_valid_arr[221]_556_25 ( bmux_2236 ) 
     2 mux_valid_arr[221]_556_2036 ( mux_53_1495 ) 
     2 mux_valid_arr[221]_556_2037 ( bmux_2237 ) 
     2 mux_valid_arr[222]_556_40 ( mux_53_1496 ) 
     2 mux_valid_arr[222]_556_25 ( bmux_2238 ) 
     2 mux_valid_arr[222]_556_2040 ( mux_53_1497 ) 
     2 mux_valid_arr[222]_556_2041 ( bmux_2239 ) 
     2 mux_valid_arr[223]_556_40 ( mux_53_1498 ) 
     2 mux_valid_arr[223]_556_25 ( bmux_2240 ) 
     2 mux_valid_arr[223]_556_2044 ( mux_53_1499 ) 
     2 mux_valid_arr[223]_556_2045 ( bmux_2241 ) 
     2 mux_valid_arr[224]_556_40 ( mux_53_1500 ) 
     2 mux_valid_arr[224]_556_25 ( bmux_2242 ) 
     2 mux_valid_arr[224]_556_2048 ( mux_53_1501 ) 
     2 mux_valid_arr[224]_556_2049 ( bmux_2243 ) 
     2 mux_valid_arr[225]_556_40 ( mux_53_1502 ) 
     2 mux_valid_arr[225]_556_25 ( bmux_2244 ) 
     2 mux_valid_arr[225]_556_2052 ( mux_53_1503 ) 
     2 mux_valid_arr[225]_556_2053 ( bmux_2245 ) 
     2 mux_valid_arr[226]_556_40 ( mux_53_1504 ) 
     2 mux_valid_arr[226]_556_25 ( bmux_2246 ) 
     2 mux_valid_arr[226]_556_2056 ( mux_53_1505 ) 
     2 mux_valid_arr[226]_556_2057 ( bmux_2247 ) 
     2 mux_valid_arr[227]_556_40 ( mux_53_1506 ) 
     2 mux_valid_arr[227]_556_25 ( bmux_2248 ) 
     2 mux_valid_arr[227]_556_2060 ( mux_53_1507 ) 
     2 mux_valid_arr[227]_556_2061 ( bmux_2249 ) 
     2 mux_valid_arr[228]_556_40 ( mux_53_1508 ) 
     2 mux_valid_arr[228]_556_25 ( bmux_2250 ) 
     2 mux_valid_arr[228]_556_2064 ( mux_53_1509 ) 
     2 mux_valid_arr[228]_556_2065 ( bmux_2251 ) 
     2 mux_valid_arr[229]_556_40 ( mux_53_1510 ) 
     2 mux_valid_arr[229]_556_25 ( bmux_2252 ) 
     2 mux_valid_arr[229]_556_2068 ( mux_53_1511 ) 
     2 mux_valid_arr[229]_556_2069 ( bmux_2253 ) 
     2 mux_valid_arr[230]_556_40 ( mux_53_1512 ) 
     2 mux_valid_arr[230]_556_25 ( bmux_2254 ) 
     2 mux_valid_arr[230]_556_2072 ( mux_53_1513 ) 
     2 mux_valid_arr[230]_556_2073 ( bmux_2255 ) 
     2 mux_valid_arr[231]_556_40 ( mux_53_1514 ) 
     2 mux_valid_arr[231]_556_25 ( bmux_2256 ) 
     2 mux_valid_arr[231]_556_2076 ( mux_53_1515 ) 
     2 mux_valid_arr[231]_556_2077 ( bmux_2257 ) 
     2 mux_valid_arr[232]_556_40 ( mux_53_1516 ) 
     2 mux_valid_arr[232]_556_25 ( bmux_2258 ) 
     2 mux_valid_arr[232]_556_2080 ( mux_53_1517 ) 
     2 mux_valid_arr[232]_556_2081 ( bmux_2259 ) 
     2 mux_valid_arr[233]_556_40 ( mux_53_1518 ) 
     2 mux_valid_arr[233]_556_25 ( bmux_2260 ) 
     2 mux_valid_arr[233]_556_2084 ( mux_53_1519 ) 
     2 mux_valid_arr[233]_556_2085 ( bmux_2261 ) 
     2 mux_valid_arr[234]_556_40 ( mux_53_1520 ) 
     2 mux_valid_arr[234]_556_25 ( bmux_2262 ) 
     2 mux_valid_arr[234]_556_2088 ( mux_53_1521 ) 
     2 mux_valid_arr[234]_556_2089 ( bmux_2263 ) 
     2 mux_valid_arr[235]_556_40 ( mux_53_1522 ) 
     2 mux_valid_arr[235]_556_25 ( bmux_2264 ) 
     2 mux_valid_arr[235]_556_2092 ( mux_53_1523 ) 
     2 mux_valid_arr[235]_556_2093 ( bmux_2265 ) 
     2 mux_valid_arr[236]_556_40 ( mux_53_1524 ) 
     2 mux_valid_arr[236]_556_25 ( bmux_2266 ) 
     2 mux_valid_arr[236]_556_2096 ( mux_53_1525 ) 
     2 mux_valid_arr[236]_556_2097 ( bmux_2267 ) 
     2 mux_valid_arr[237]_556_40 ( mux_53_1526 ) 
     2 mux_valid_arr[237]_556_25 ( bmux_2268 ) 
     2 mux_valid_arr[237]_556_2100 ( mux_53_1527 ) 
     2 mux_valid_arr[237]_556_2101 ( bmux_2269 ) 
     2 mux_valid_arr[238]_556_40 ( mux_53_1528 ) 
     2 mux_valid_arr[238]_556_25 ( bmux_2270 ) 
     2 mux_valid_arr[238]_556_2104 ( mux_53_1529 ) 
     2 mux_valid_arr[238]_556_2105 ( bmux_2271 ) 
     2 mux_valid_arr[239]_556_40 ( mux_53_1530 ) 
     2 mux_valid_arr[239]_556_25 ( bmux_2272 ) 
     2 mux_valid_arr[239]_556_2108 ( mux_53_1531 ) 
     2 mux_valid_arr[239]_556_2109 ( bmux_2273 ) 
     2 mux_valid_arr[240]_556_40 ( mux_53_1532 ) 
     2 mux_valid_arr[240]_556_25 ( bmux_2274 ) 
     2 mux_valid_arr[240]_556_2112 ( mux_53_1533 ) 
     2 mux_valid_arr[240]_556_2113 ( bmux_2275 ) 
     2 mux_valid_arr[241]_556_40 ( mux_53_1534 ) 
     2 mux_valid_arr[241]_556_25 ( bmux_2276 ) 
     2 mux_valid_arr[241]_556_2116 ( mux_53_1535 ) 
     2 mux_valid_arr[241]_556_2117 ( bmux_2277 ) 
     2 mux_valid_arr[242]_556_40 ( mux_53_1536 ) 
     2 mux_valid_arr[242]_556_25 ( bmux_2278 ) 
     2 mux_valid_arr[242]_556_2120 ( mux_53_1537 ) 
     2 mux_valid_arr[242]_556_2121 ( bmux_2279 ) 
     2 mux_valid_arr[243]_556_40 ( mux_53_1538 ) 
     2 mux_valid_arr[243]_556_25 ( bmux_2280 ) 
     2 mux_valid_arr[243]_556_2124 ( mux_53_1539 ) 
     2 mux_valid_arr[243]_556_2125 ( bmux_2281 ) 
     2 mux_valid_arr[244]_556_40 ( mux_53_1540 ) 
     2 mux_valid_arr[244]_556_25 ( bmux_2282 ) 
     2 mux_valid_arr[244]_556_2128 ( mux_53_1541 ) 
     2 mux_valid_arr[244]_556_2129 ( bmux_2283 ) 
     2 mux_valid_arr[245]_556_40 ( mux_53_1542 ) 
     2 mux_valid_arr[245]_556_25 ( bmux_2284 ) 
     2 mux_valid_arr[245]_556_2132 ( mux_53_1543 ) 
     2 mux_valid_arr[245]_556_2133 ( bmux_2285 ) 
     2 mux_valid_arr[246]_556_40 ( mux_53_1544 ) 
     2 mux_valid_arr[246]_556_25 ( bmux_2286 ) 
     2 mux_valid_arr[246]_556_2136 ( mux_53_1545 ) 
     2 mux_valid_arr[246]_556_2137 ( bmux_2287 ) 
     2 mux_valid_arr[247]_556_40 ( mux_53_1546 ) 
     2 mux_valid_arr[247]_556_25 ( bmux_2288 ) 
     2 mux_valid_arr[247]_556_2140 ( mux_53_1547 ) 
     2 mux_valid_arr[247]_556_2141 ( bmux_2289 ) 
     2 mux_valid_arr[248]_556_40 ( mux_53_1548 ) 
     2 mux_valid_arr[248]_556_25 ( bmux_2290 ) 
     2 mux_valid_arr[248]_556_2144 ( mux_53_1549 ) 
     2 mux_valid_arr[248]_556_2145 ( bmux_2291 ) 
     2 mux_valid_arr[249]_556_40 ( mux_53_1550 ) 
     2 mux_valid_arr[249]_556_25 ( bmux_2292 ) 
     2 mux_valid_arr[249]_556_2148 ( mux_53_1551 ) 
     2 mux_valid_arr[249]_556_2149 ( bmux_2293 ) 
     2 mux_valid_arr[250]_556_40 ( mux_53_1552 ) 
     2 mux_valid_arr[250]_556_25 ( bmux_2294 ) 
     2 mux_valid_arr[250]_556_2152 ( mux_53_1553 ) 
     2 mux_valid_arr[250]_556_2153 ( bmux_2295 ) 
     2 mux_valid_arr[251]_556_40 ( mux_53_1554 ) 
     2 mux_valid_arr[251]_556_25 ( bmux_2296 ) 
     2 mux_valid_arr[251]_556_2156 ( mux_53_1555 ) 
     2 mux_valid_arr[251]_556_2157 ( bmux_2297 ) 
     2 mux_valid_arr[252]_556_40 ( mux_53_1556 ) 
     2 mux_valid_arr[252]_556_25 ( bmux_2298 ) 
     2 mux_valid_arr[252]_556_2160 ( mux_53_1557 ) 
     2 mux_valid_arr[252]_556_2161 ( bmux_2299 ) 
     2 mux_valid_arr[253]_556_40 ( mux_53_1558 ) 
     2 mux_valid_arr[253]_556_25 ( bmux_2300 ) 
     2 mux_valid_arr[253]_556_2164 ( mux_53_1559 ) 
     2 mux_valid_arr[253]_556_2165 ( bmux_2301 ) 
     2 mux_valid_arr[254]_556_40 ( mux_53_1560 ) 
     2 mux_valid_arr[254]_556_25 ( bmux_2302 ) 
     2 mux_valid_arr[254]_556_2168 ( mux_53_1561 ) 
     2 mux_valid_arr[254]_556_2169 ( bmux_2303 ) 
     2 mux_valid_arr[255]_556_40 ( mux_53_1562 ) 
     2 mux_valid_arr[255]_556_25 ( bmux_2304 ) 
     2 mux_valid_arr[255]_556_2172 ( mux_53_1563 ) 
     2 mux_valid_arr[255]_556_2173 ( bmux_2305 ) 
     2 mux_valid_arr[256]_556_40 ( mux_53_1564 ) 
     2 mux_valid_arr[256]_556_25 ( bmux_2306 ) 
     2 mux_valid_arr[256]_556_2176 ( mux_53_1565 ) 
     2 mux_valid_arr[256]_556_2177 ( bmux_2307 ) 
     2 mux_valid_arr[257]_556_40 ( mux_53_1566 ) 
     2 mux_valid_arr[257]_556_25 ( bmux_2308 ) 
     2 mux_valid_arr[257]_556_2180 ( mux_53_1567 ) 
     2 mux_valid_arr[257]_556_2181 ( bmux_2309 ) 
     2 mux_valid_arr[258]_556_40 ( mux_53_1568 ) 
     2 mux_valid_arr[258]_556_25 ( bmux_2310 ) 
     2 mux_valid_arr[258]_556_2184 ( mux_53_1569 ) 
     2 mux_valid_arr[258]_556_2185 ( bmux_2311 ) 
     2 mux_valid_arr[259]_556_40 ( mux_53_1570 ) 
     2 mux_valid_arr[259]_556_25 ( bmux_2312 ) 
     2 mux_valid_arr[259]_556_2188 ( mux_53_1571 ) 
     2 mux_valid_arr[259]_556_2189 ( bmux_2313 ) 
     2 mux_valid_arr[260]_556_40 ( mux_53_1572 ) 
     2 mux_valid_arr[260]_556_25 ( bmux_2314 ) 
     2 mux_valid_arr[260]_556_2192 ( mux_53_1573 ) 
     2 mux_valid_arr[260]_556_2193 ( bmux_2315 ) 
     2 mux_valid_arr[261]_556_40 ( mux_53_1574 ) 
     2 mux_valid_arr[261]_556_25 ( bmux_2316 ) 
     2 mux_valid_arr[261]_556_2196 ( mux_53_1575 ) 
     2 mux_valid_arr[261]_556_2197 ( bmux_2317 ) 
     2 mux_valid_arr[262]_556_40 ( mux_53_1576 ) 
     2 mux_valid_arr[262]_556_25 ( bmux_2318 ) 
     2 mux_valid_arr[262]_556_2200 ( mux_53_1577 ) 
     2 mux_valid_arr[262]_556_2201 ( bmux_2319 ) 
     2 mux_valid_arr[263]_556_40 ( mux_53_1578 ) 
     2 mux_valid_arr[263]_556_25 ( bmux_2320 ) 
     2 mux_valid_arr[263]_556_2204 ( mux_53_1579 ) 
     2 mux_valid_arr[263]_556_2205 ( bmux_2321 ) 
     2 mux_valid_arr[264]_556_40 ( mux_53_1580 ) 
     2 mux_valid_arr[264]_556_25 ( bmux_2322 ) 
     2 mux_valid_arr[264]_556_2208 ( mux_53_1581 ) 
     2 mux_valid_arr[264]_556_2209 ( bmux_2323 ) 
     2 mux_valid_arr[265]_556_40 ( mux_53_1582 ) 
     2 mux_valid_arr[265]_556_25 ( bmux_2324 ) 
     2 mux_valid_arr[265]_556_2212 ( mux_53_1583 ) 
     2 mux_valid_arr[265]_556_2213 ( bmux_2325 ) 
     2 mux_valid_arr[266]_556_40 ( mux_53_1584 ) 
     2 mux_valid_arr[266]_556_25 ( bmux_2326 ) 
     2 mux_valid_arr[266]_556_2216 ( mux_53_1585 ) 
     2 mux_valid_arr[266]_556_2217 ( bmux_2327 ) 
     2 mux_valid_arr[267]_556_40 ( mux_53_1586 ) 
     2 mux_valid_arr[267]_556_25 ( bmux_2328 ) 
     2 mux_valid_arr[267]_556_2220 ( mux_53_1587 ) 
     2 mux_valid_arr[267]_556_2221 ( bmux_2329 ) 
     2 mux_valid_arr[268]_556_40 ( mux_53_1588 ) 
     2 mux_valid_arr[268]_556_25 ( bmux_2330 ) 
     2 mux_valid_arr[268]_556_2224 ( mux_53_1589 ) 
     2 mux_valid_arr[268]_556_2225 ( bmux_2331 ) 
     2 mux_valid_arr[269]_556_40 ( mux_53_1590 ) 
     2 mux_valid_arr[269]_556_25 ( bmux_2332 ) 
     2 mux_valid_arr[269]_556_2228 ( mux_53_1591 ) 
     2 mux_valid_arr[269]_556_2229 ( bmux_2333 ) 
     2 mux_valid_arr[270]_556_40 ( mux_53_1592 ) 
     2 mux_valid_arr[270]_556_25 ( bmux_2334 ) 
     2 mux_valid_arr[270]_556_2232 ( mux_53_1593 ) 
     2 mux_valid_arr[270]_556_2233 ( bmux_2335 ) 
     2 mux_valid_arr[271]_556_40 ( mux_53_1594 ) 
     2 mux_valid_arr[271]_556_25 ( bmux_2336 ) 
     2 mux_valid_arr[271]_556_2236 ( mux_53_1595 ) 
     2 mux_valid_arr[271]_556_2237 ( bmux_2337 ) 
     2 mux_valid_arr[272]_556_40 ( mux_53_1596 ) 
     2 mux_valid_arr[272]_556_25 ( bmux_2338 ) 
     2 mux_valid_arr[272]_556_2240 ( mux_53_1597 ) 
     2 mux_valid_arr[272]_556_2241 ( bmux_2339 ) 
     2 mux_valid_arr[273]_556_40 ( mux_53_1598 ) 
     2 mux_valid_arr[273]_556_25 ( bmux_2340 ) 
     2 mux_valid_arr[273]_556_2244 ( mux_53_1599 ) 
     2 mux_valid_arr[273]_556_2245 ( bmux_2341 ) 
     2 mux_valid_arr[274]_556_40 ( mux_53_1600 ) 
     2 mux_valid_arr[274]_556_25 ( bmux_2342 ) 
     2 mux_valid_arr[274]_556_2248 ( mux_53_1601 ) 
     2 mux_valid_arr[274]_556_2249 ( bmux_2343 ) 
     2 mux_valid_arr[275]_556_40 ( mux_53_1602 ) 
     2 mux_valid_arr[275]_556_25 ( bmux_2344 ) 
     2 mux_valid_arr[275]_556_2252 ( mux_53_1603 ) 
     2 mux_valid_arr[275]_556_2253 ( bmux_2345 ) 
     2 mux_valid_arr[276]_556_40 ( mux_53_1604 ) 
     2 mux_valid_arr[276]_556_25 ( bmux_2346 ) 
     2 mux_valid_arr[276]_556_2256 ( mux_53_1605 ) 
     2 mux_valid_arr[276]_556_2257 ( bmux_2347 ) 
     2 mux_valid_arr[277]_556_40 ( mux_53_1606 ) 
     2 mux_valid_arr[277]_556_25 ( bmux_2348 ) 
     2 mux_valid_arr[277]_556_2260 ( mux_53_1607 ) 
     2 mux_valid_arr[277]_556_2261 ( bmux_2349 ) 
     2 mux_valid_arr[278]_556_40 ( mux_53_1608 ) 
     2 mux_valid_arr[278]_556_25 ( bmux_2350 ) 
     2 mux_valid_arr[278]_556_2264 ( mux_53_1609 ) 
     2 mux_valid_arr[278]_556_2265 ( bmux_2351 ) 
     2 mux_valid_arr[279]_556_40 ( mux_53_1610 ) 
     2 mux_valid_arr[279]_556_25 ( bmux_2352 ) 
     2 mux_valid_arr[279]_556_2268 ( mux_53_1611 ) 
     2 mux_valid_arr[279]_556_2269 ( bmux_2353 ) 
     2 mux_valid_arr[280]_556_40 ( mux_53_1612 ) 
     2 mux_valid_arr[280]_556_25 ( bmux_2354 ) 
     2 mux_valid_arr[280]_556_2272 ( mux_53_1613 ) 
     2 mux_valid_arr[280]_556_2273 ( bmux_2355 ) 
     2 mux_valid_arr[281]_556_40 ( mux_53_1614 ) 
     2 mux_valid_arr[281]_556_25 ( bmux_2356 ) 
     2 mux_valid_arr[281]_556_2276 ( mux_53_1615 ) 
     2 mux_valid_arr[281]_556_2277 ( bmux_2357 ) 
     2 mux_valid_arr[282]_556_40 ( mux_53_1616 ) 
     2 mux_valid_arr[282]_556_25 ( bmux_2358 ) 
     2 mux_valid_arr[282]_556_2280 ( mux_53_1617 ) 
     2 mux_valid_arr[282]_556_2281 ( bmux_2359 ) 
     2 mux_valid_arr[283]_556_40 ( mux_53_1618 ) 
     2 mux_valid_arr[283]_556_25 ( bmux_2360 ) 
     2 mux_valid_arr[283]_556_2284 ( mux_53_1619 ) 
     2 mux_valid_arr[283]_556_2285 ( bmux_2361 ) 
     2 mux_valid_arr[284]_556_40 ( mux_53_1620 ) 
     2 mux_valid_arr[284]_556_25 ( bmux_2362 ) 
     2 mux_valid_arr[284]_556_2288 ( mux_53_1621 ) 
     2 mux_valid_arr[284]_556_2289 ( bmux_2363 ) 
     2 mux_valid_arr[285]_556_40 ( mux_53_1622 ) 
     2 mux_valid_arr[285]_556_25 ( bmux_2364 ) 
     2 mux_valid_arr[285]_556_2292 ( mux_53_1623 ) 
     2 mux_valid_arr[285]_556_2293 ( bmux_2365 ) 
     2 mux_valid_arr[286]_556_40 ( mux_53_1624 ) 
     2 mux_valid_arr[286]_556_25 ( bmux_2366 ) 
     2 mux_valid_arr[286]_556_2296 ( mux_53_1625 ) 
     2 mux_valid_arr[286]_556_2297 ( bmux_2367 ) 
     2 mux_valid_arr[287]_556_40 ( mux_53_1626 ) 
     2 mux_valid_arr[287]_556_25 ( bmux_2368 ) 
     2 mux_valid_arr[287]_556_2300 ( mux_53_1627 ) 
     2 mux_valid_arr[287]_556_2301 ( bmux_2369 ) 
     2 mux_valid_arr[288]_556_40 ( mux_53_1628 ) 
     2 mux_valid_arr[288]_556_25 ( bmux_2370 ) 
     2 mux_valid_arr[288]_556_2304 ( mux_53_1629 ) 
     2 mux_valid_arr[288]_556_2305 ( bmux_2371 ) 
     2 mux_valid_arr[289]_556_40 ( mux_53_1630 ) 
     2 mux_valid_arr[289]_556_25 ( bmux_2372 ) 
     2 mux_valid_arr[289]_556_2308 ( mux_53_1631 ) 
     2 mux_valid_arr[289]_556_2309 ( bmux_2373 ) 
     2 mux_valid_arr[290]_556_40 ( mux_53_1632 ) 
     2 mux_valid_arr[290]_556_25 ( bmux_2374 ) 
     2 mux_valid_arr[290]_556_2312 ( mux_53_1633 ) 
     2 mux_valid_arr[290]_556_2313 ( bmux_2375 ) 
     2 mux_valid_arr[291]_556_40 ( mux_53_1634 ) 
     2 mux_valid_arr[291]_556_25 ( bmux_2376 ) 
     2 mux_valid_arr[291]_556_2316 ( mux_53_1635 ) 
     2 mux_valid_arr[291]_556_2317 ( bmux_2377 ) 
     2 mux_valid_arr[292]_556_40 ( mux_53_1636 ) 
     2 mux_valid_arr[292]_556_25 ( bmux_2378 ) 
     2 mux_valid_arr[292]_556_2320 ( mux_53_1637 ) 
     2 mux_valid_arr[292]_556_2321 ( bmux_2379 ) 
     2 mux_valid_arr[293]_556_40 ( mux_53_1638 ) 
     2 mux_valid_arr[293]_556_25 ( bmux_2380 ) 
     2 mux_valid_arr[293]_556_2324 ( mux_53_1639 ) 
     2 mux_valid_arr[293]_556_2325 ( bmux_2381 ) 
     2 mux_valid_arr[294]_556_40 ( mux_53_1640 ) 
     2 mux_valid_arr[294]_556_25 ( bmux_2382 ) 
     2 mux_valid_arr[294]_556_2328 ( mux_53_1641 ) 
     2 mux_valid_arr[294]_556_2329 ( bmux_2383 ) 
     2 mux_valid_arr[295]_556_40 ( mux_53_1642 ) 
     2 mux_valid_arr[295]_556_25 ( bmux_2384 ) 
     2 mux_valid_arr[295]_556_2332 ( mux_53_1643 ) 
     2 mux_valid_arr[295]_556_2333 ( bmux_2385 ) 
     2 mux_valid_arr[296]_556_40 ( mux_53_1644 ) 
     2 mux_valid_arr[296]_556_25 ( bmux_2386 ) 
     2 mux_valid_arr[296]_556_2336 ( mux_53_1645 ) 
     2 mux_valid_arr[296]_556_2337 ( bmux_2387 ) 
     2 mux_valid_arr[297]_556_40 ( mux_53_1646 ) 
     2 mux_valid_arr[297]_556_25 ( bmux_2388 ) 
     2 mux_valid_arr[297]_556_2340 ( mux_53_1647 ) 
     2 mux_valid_arr[297]_556_2341 ( bmux_2389 ) 
     2 mux_valid_arr[298]_556_40 ( mux_53_1648 ) 
     2 mux_valid_arr[298]_556_25 ( bmux_2390 ) 
     2 mux_valid_arr[298]_556_2344 ( mux_53_1649 ) 
     2 mux_valid_arr[298]_556_2345 ( bmux_2391 ) 
     2 mux_valid_arr[299]_556_40 ( mux_53_1650 ) 
     2 mux_valid_arr[299]_556_25 ( bmux_2392 ) 
     2 mux_valid_arr[299]_556_2348 ( mux_53_1651 ) 
     2 mux_valid_arr[299]_556_2349 ( bmux_2393 ) 
     2 mux_valid_arr[300]_556_40 ( mux_53_1652 ) 
     2 mux_valid_arr[300]_556_25 ( bmux_2394 ) 
     2 mux_valid_arr[300]_556_2352 ( mux_53_1653 ) 
     2 mux_valid_arr[300]_556_2353 ( bmux_2395 ) 
     2 mux_valid_arr[301]_556_40 ( mux_53_1654 ) 
     2 mux_valid_arr[301]_556_25 ( bmux_2396 ) 
     2 mux_valid_arr[301]_556_2356 ( mux_53_1655 ) 
     2 mux_valid_arr[301]_556_2357 ( bmux_2397 ) 
     2 mux_valid_arr[302]_556_40 ( mux_53_1656 ) 
     2 mux_valid_arr[302]_556_25 ( bmux_2398 ) 
     2 mux_valid_arr[302]_556_2360 ( mux_53_1657 ) 
     2 mux_valid_arr[302]_556_2361 ( bmux_2399 ) 
     2 mux_valid_arr[303]_556_40 ( mux_53_1658 ) 
     2 mux_valid_arr[303]_556_25 ( bmux_2400 ) 
     2 mux_valid_arr[303]_556_2364 ( mux_53_1659 ) 
     2 mux_valid_arr[303]_556_2365 ( bmux_2401 ) 
     2 mux_valid_arr[304]_556_40 ( mux_53_1660 ) 
     2 mux_valid_arr[304]_556_25 ( bmux_2402 ) 
     2 mux_valid_arr[304]_556_2368 ( mux_53_1661 ) 
     2 mux_valid_arr[304]_556_2369 ( bmux_2403 ) 
     2 mux_valid_arr[305]_556_40 ( mux_53_1662 ) 
     2 mux_valid_arr[305]_556_25 ( bmux_2404 ) 
     2 mux_valid_arr[305]_556_2372 ( mux_53_1663 ) 
     2 mux_valid_arr[305]_556_2373 ( bmux_2405 ) 
     2 mux_valid_arr[306]_556_40 ( mux_53_1664 ) 
     2 mux_valid_arr[306]_556_25 ( bmux_2406 ) 
     2 mux_valid_arr[306]_556_2376 ( mux_53_1665 ) 
     2 mux_valid_arr[306]_556_2377 ( bmux_2407 ) 
     2 mux_valid_arr[307]_556_40 ( mux_53_1666 ) 
     2 mux_valid_arr[307]_556_25 ( bmux_2408 ) 
     2 mux_valid_arr[307]_556_2380 ( mux_53_1667 ) 
     2 mux_valid_arr[307]_556_2381 ( bmux_2409 ) 
     2 mux_valid_arr[308]_556_40 ( mux_53_1668 ) 
     2 mux_valid_arr[308]_556_25 ( bmux_2410 ) 
     2 mux_valid_arr[308]_556_2384 ( mux_53_1669 ) 
     2 mux_valid_arr[308]_556_2385 ( bmux_2411 ) 
     2 mux_valid_arr[309]_556_40 ( mux_53_1670 ) 
     2 mux_valid_arr[309]_556_25 ( bmux_2412 ) 
     2 mux_valid_arr[309]_556_2388 ( mux_53_1671 ) 
     2 mux_valid_arr[309]_556_2389 ( bmux_2413 ) 
     2 mux_valid_arr[310]_556_40 ( mux_53_1672 ) 
     2 mux_valid_arr[310]_556_25 ( bmux_2414 ) 
     2 mux_valid_arr[310]_556_2392 ( mux_53_1673 ) 
     2 mux_valid_arr[310]_556_2393 ( bmux_2415 ) 
     2 mux_valid_arr[311]_556_40 ( mux_53_1674 ) 
     2 mux_valid_arr[311]_556_25 ( bmux_2416 ) 
     2 mux_valid_arr[311]_556_2396 ( mux_53_1675 ) 
     2 mux_valid_arr[311]_556_2397 ( bmux_2417 ) 
     2 mux_valid_arr[312]_556_40 ( mux_53_1676 ) 
     2 mux_valid_arr[312]_556_25 ( bmux_2418 ) 
     2 mux_valid_arr[312]_556_2400 ( mux_53_1677 ) 
     2 mux_valid_arr[312]_556_2401 ( bmux_2419 ) 
     2 mux_valid_arr[313]_556_40 ( mux_53_1678 ) 
     2 mux_valid_arr[313]_556_25 ( bmux_2420 ) 
     2 mux_valid_arr[313]_556_2404 ( mux_53_1679 ) 
     2 mux_valid_arr[313]_556_2405 ( bmux_2421 ) 
     2 mux_valid_arr[314]_556_40 ( mux_53_1680 ) 
     2 mux_valid_arr[314]_556_25 ( bmux_2422 ) 
     2 mux_valid_arr[314]_556_2408 ( mux_53_1681 ) 
     2 mux_valid_arr[314]_556_2409 ( bmux_2423 ) 
     2 mux_valid_arr[315]_556_40 ( mux_53_1682 ) 
     2 mux_valid_arr[315]_556_25 ( bmux_2424 ) 
     2 mux_valid_arr[315]_556_2412 ( mux_53_1683 ) 
     2 mux_valid_arr[315]_556_2413 ( bmux_2425 ) 
     2 mux_valid_arr[316]_556_40 ( mux_53_1684 ) 
     2 mux_valid_arr[316]_556_25 ( bmux_2426 ) 
     2 mux_valid_arr[316]_556_2416 ( mux_53_1685 ) 
     2 mux_valid_arr[316]_556_2417 ( bmux_2427 ) 
     2 mux_valid_arr[317]_556_40 ( mux_53_1686 ) 
     2 mux_valid_arr[317]_556_25 ( bmux_2428 ) 
     2 mux_valid_arr[317]_556_2420 ( mux_53_1687 ) 
     2 mux_valid_arr[317]_556_2421 ( bmux_2429 ) 
     2 mux_valid_arr[318]_556_40 ( mux_53_1688 ) 
     2 mux_valid_arr[318]_556_25 ( bmux_2430 ) 
     2 mux_valid_arr[318]_556_2424 ( mux_53_1689 ) 
     2 mux_valid_arr[318]_556_2425 ( bmux_2431 ) 
     2 mux_valid_arr[319]_556_40 ( mux_53_1690 ) 
     2 mux_valid_arr[319]_556_25 ( bmux_2432 ) 
     2 mux_valid_arr[319]_556_2428 ( mux_53_1691 ) 
     2 mux_valid_arr[319]_556_2429 ( bmux_2433 ) 
     2 mux_valid_arr[320]_556_40 ( mux_53_1692 ) 
     2 mux_valid_arr[320]_556_25 ( bmux_2434 ) 
     2 mux_valid_arr[320]_556_2432 ( mux_53_1693 ) 
     2 mux_valid_arr[320]_556_2433 ( bmux_2435 ) 
     2 mux_valid_arr[321]_556_40 ( mux_53_1694 ) 
     2 mux_valid_arr[321]_556_25 ( bmux_2436 ) 
     2 mux_valid_arr[321]_556_2436 ( mux_53_1695 ) 
     2 mux_valid_arr[321]_556_2437 ( bmux_2437 ) 
     2 mux_valid_arr[322]_556_40 ( mux_53_1696 ) 
     2 mux_valid_arr[322]_556_25 ( bmux_2438 ) 
     2 mux_valid_arr[322]_556_2440 ( mux_53_1697 ) 
     2 mux_valid_arr[322]_556_2441 ( bmux_2439 ) 
     2 mux_valid_arr[323]_556_40 ( mux_53_1698 ) 
     2 mux_valid_arr[323]_556_25 ( bmux_2440 ) 
     2 mux_valid_arr[323]_556_2444 ( mux_53_1699 ) 
     2 mux_valid_arr[323]_556_2445 ( bmux_2441 ) 
     2 mux_valid_arr[324]_556_40 ( mux_53_1700 ) 
     2 mux_valid_arr[324]_556_25 ( bmux_2442 ) 
     2 mux_valid_arr[324]_556_2448 ( mux_53_1701 ) 
     2 mux_valid_arr[324]_556_2449 ( bmux_2443 ) 
     2 mux_valid_arr[325]_556_40 ( mux_53_1702 ) 
     2 mux_valid_arr[325]_556_25 ( bmux_2444 ) 
     2 mux_valid_arr[325]_556_2452 ( mux_53_1703 ) 
     2 mux_valid_arr[325]_556_2453 ( bmux_2445 ) 
     2 mux_valid_arr[326]_556_40 ( mux_53_1704 ) 
     2 mux_valid_arr[326]_556_25 ( bmux_2446 ) 
     2 mux_valid_arr[326]_556_2456 ( mux_53_1705 ) 
     2 mux_valid_arr[326]_556_2457 ( bmux_2447 ) 
     2 mux_valid_arr[327]_556_40 ( mux_53_1706 ) 
     2 mux_valid_arr[327]_556_25 ( bmux_2448 ) 
     2 mux_valid_arr[327]_556_2460 ( mux_53_1707 ) 
     2 mux_valid_arr[327]_556_2461 ( bmux_2449 ) 
     2 mux_valid_arr[328]_556_40 ( mux_53_1708 ) 
     2 mux_valid_arr[328]_556_25 ( bmux_2450 ) 
     2 mux_valid_arr[328]_556_2464 ( mux_53_1709 ) 
     2 mux_valid_arr[328]_556_2465 ( bmux_2451 ) 
     2 mux_valid_arr[329]_556_40 ( mux_53_1710 ) 
     2 mux_valid_arr[329]_556_25 ( bmux_2452 ) 
     2 mux_valid_arr[329]_556_2468 ( mux_53_1711 ) 
     2 mux_valid_arr[329]_556_2469 ( bmux_2453 ) 
     2 mux_valid_arr[330]_556_40 ( mux_53_1712 ) 
     2 mux_valid_arr[330]_556_25 ( bmux_2454 ) 
     2 mux_valid_arr[330]_556_2472 ( mux_53_1713 ) 
     2 mux_valid_arr[330]_556_2473 ( bmux_2455 ) 
     2 mux_valid_arr[331]_556_40 ( mux_53_1714 ) 
     2 mux_valid_arr[331]_556_25 ( bmux_2456 ) 
     2 mux_valid_arr[331]_556_2476 ( mux_53_1715 ) 
     2 mux_valid_arr[331]_556_2477 ( bmux_2457 ) 
     2 mux_valid_arr[332]_556_40 ( mux_53_1716 ) 
     2 mux_valid_arr[332]_556_25 ( bmux_2458 ) 
     2 mux_valid_arr[332]_556_2480 ( mux_53_1717 ) 
     2 mux_valid_arr[332]_556_2481 ( bmux_2459 ) 
     2 mux_valid_arr[333]_556_40 ( mux_53_1718 ) 
     2 mux_valid_arr[333]_556_25 ( bmux_2460 ) 
     2 mux_valid_arr[333]_556_2484 ( mux_53_1719 ) 
     2 mux_valid_arr[333]_556_2485 ( bmux_2461 ) 
     2 mux_valid_arr[334]_556_40 ( mux_53_1720 ) 
     2 mux_valid_arr[334]_556_25 ( bmux_2462 ) 
     2 mux_valid_arr[334]_556_2488 ( mux_53_1721 ) 
     2 mux_valid_arr[334]_556_2489 ( bmux_2463 ) 
     2 mux_valid_arr[335]_556_40 ( mux_53_1722 ) 
     2 mux_valid_arr[335]_556_25 ( bmux_2464 ) 
     2 mux_valid_arr[335]_556_2492 ( mux_53_1723 ) 
     2 mux_valid_arr[335]_556_2493 ( bmux_2465 ) 
     2 mux_valid_arr[336]_556_40 ( mux_53_1724 ) 
     2 mux_valid_arr[336]_556_25 ( bmux_2466 ) 
     2 mux_valid_arr[336]_556_2496 ( mux_53_1725 ) 
     2 mux_valid_arr[336]_556_2497 ( bmux_2467 ) 
     2 mux_valid_arr[337]_556_40 ( mux_53_1726 ) 
     2 mux_valid_arr[337]_556_25 ( bmux_2468 ) 
     2 mux_valid_arr[337]_556_2500 ( mux_53_1727 ) 
     2 mux_valid_arr[337]_556_2501 ( bmux_2469 ) 
     2 mux_valid_arr[338]_556_40 ( mux_53_1728 ) 
     2 mux_valid_arr[338]_556_25 ( bmux_2470 ) 
     2 mux_valid_arr[338]_556_2504 ( mux_53_1729 ) 
     2 mux_valid_arr[338]_556_2505 ( bmux_2471 ) 
     2 mux_valid_arr[339]_556_40 ( mux_53_1730 ) 
     2 mux_valid_arr[339]_556_25 ( bmux_2472 ) 
     2 mux_valid_arr[339]_556_2508 ( mux_53_1731 ) 
     2 mux_valid_arr[339]_556_2509 ( bmux_2473 ) 
     2 mux_valid_arr[340]_556_40 ( mux_53_1732 ) 
     2 mux_valid_arr[340]_556_25 ( bmux_2474 ) 
     2 mux_valid_arr[340]_556_2512 ( mux_53_1733 ) 
     2 mux_valid_arr[340]_556_2513 ( bmux_2475 ) 
     2 mux_valid_arr[341]_556_40 ( mux_53_1734 ) 
     2 mux_valid_arr[341]_556_25 ( bmux_2476 ) 
     2 mux_valid_arr[341]_556_2516 ( mux_53_1735 ) 
     2 mux_valid_arr[341]_556_2517 ( bmux_2477 ) 
     2 mux_valid_arr[342]_556_40 ( mux_53_1736 ) 
     2 mux_valid_arr[342]_556_25 ( bmux_2478 ) 
     2 mux_valid_arr[342]_556_2520 ( mux_53_1737 ) 
     2 mux_valid_arr[342]_556_2521 ( bmux_2479 ) 
     2 mux_valid_arr[343]_556_40 ( mux_53_1738 ) 
     2 mux_valid_arr[343]_556_25 ( bmux_2480 ) 
     2 mux_valid_arr[343]_556_2524 ( mux_53_1739 ) 
     2 mux_valid_arr[343]_556_2525 ( bmux_2481 ) 
     2 mux_valid_arr[344]_556_40 ( mux_53_1740 ) 
     2 mux_valid_arr[344]_556_25 ( bmux_2482 ) 
     2 mux_valid_arr[344]_556_2528 ( mux_53_1741 ) 
     2 mux_valid_arr[344]_556_2529 ( bmux_2483 ) 
     2 mux_valid_arr[345]_556_40 ( mux_53_1742 ) 
     2 mux_valid_arr[345]_556_25 ( bmux_2484 ) 
     2 mux_valid_arr[345]_556_2532 ( mux_53_1743 ) 
     2 mux_valid_arr[345]_556_2533 ( bmux_2485 ) 
     2 mux_valid_arr[346]_556_40 ( mux_53_1744 ) 
     2 mux_valid_arr[346]_556_25 ( bmux_2486 ) 
     2 mux_valid_arr[346]_556_2536 ( mux_53_1745 ) 
     2 mux_valid_arr[346]_556_2537 ( bmux_2487 ) 
     2 mux_valid_arr[347]_556_40 ( mux_53_1746 ) 
     2 mux_valid_arr[347]_556_25 ( bmux_2488 ) 
     2 mux_valid_arr[347]_556_2540 ( mux_53_1747 ) 
     2 mux_valid_arr[347]_556_2541 ( bmux_2489 ) 
     2 mux_valid_arr[348]_556_40 ( mux_53_1748 ) 
     2 mux_valid_arr[348]_556_25 ( bmux_2490 ) 
     2 mux_valid_arr[348]_556_2544 ( mux_53_1749 ) 
     2 mux_valid_arr[348]_556_2545 ( bmux_2491 ) 
     2 mux_valid_arr[349]_556_40 ( mux_53_1750 ) 
     2 mux_valid_arr[349]_556_25 ( bmux_2492 ) 
     2 mux_valid_arr[349]_556_2548 ( mux_53_1751 ) 
     2 mux_valid_arr[349]_556_2549 ( bmux_2493 ) 
     2 mux_valid_arr[350]_556_40 ( mux_53_1752 ) 
     2 mux_valid_arr[350]_556_25 ( bmux_2494 ) 
     2 mux_valid_arr[350]_556_2552 ( mux_53_1753 ) 
     2 mux_valid_arr[350]_556_2553 ( bmux_2495 ) 
     2 mux_valid_arr[351]_556_40 ( mux_53_1754 ) 
     2 mux_valid_arr[351]_556_25 ( bmux_2496 ) 
     2 mux_valid_arr[351]_556_2556 ( mux_53_1755 ) 
     2 mux_valid_arr[351]_556_2557 ( bmux_2497 ) 
     2 mux_valid_arr[352]_556_40 ( mux_53_1756 ) 
     2 mux_valid_arr[352]_556_25 ( bmux_2498 ) 
     2 mux_valid_arr[352]_556_2560 ( mux_53_1757 ) 
     2 mux_valid_arr[352]_556_2561 ( bmux_2499 ) 
     2 mux_valid_arr[353]_556_40 ( mux_53_1758 ) 
     2 mux_valid_arr[353]_556_25 ( bmux_2500 ) 
     2 mux_valid_arr[353]_556_2564 ( mux_53_1759 ) 
     2 mux_valid_arr[353]_556_2565 ( bmux_2501 ) 
     2 mux_valid_arr[354]_556_40 ( mux_53_1760 ) 
     2 mux_valid_arr[354]_556_25 ( bmux_2502 ) 
     2 mux_valid_arr[354]_556_2568 ( mux_53_1761 ) 
     2 mux_valid_arr[354]_556_2569 ( bmux_2503 ) 
     2 mux_valid_arr[355]_556_40 ( mux_53_1762 ) 
     2 mux_valid_arr[355]_556_25 ( bmux_2504 ) 
     2 mux_valid_arr[355]_556_2572 ( mux_53_1763 ) 
     2 mux_valid_arr[355]_556_2573 ( bmux_2505 ) 
     2 mux_valid_arr[356]_556_40 ( mux_53_1764 ) 
     2 mux_valid_arr[356]_556_25 ( bmux_2506 ) 
     2 mux_valid_arr[356]_556_2576 ( mux_53_1765 ) 
     2 mux_valid_arr[356]_556_2577 ( bmux_2507 ) 
     2 mux_valid_arr[357]_556_40 ( mux_53_1766 ) 
     2 mux_valid_arr[357]_556_25 ( bmux_2508 ) 
     2 mux_valid_arr[357]_556_2580 ( mux_53_1767 ) 
     2 mux_valid_arr[357]_556_2581 ( bmux_2509 ) 
     2 mux_valid_arr[358]_556_40 ( mux_53_1768 ) 
     2 mux_valid_arr[358]_556_25 ( bmux_2510 ) 
     2 mux_valid_arr[358]_556_2584 ( mux_53_1769 ) 
     2 mux_valid_arr[358]_556_2585 ( bmux_2511 ) 
     2 mux_valid_arr[359]_556_40 ( mux_53_1770 ) 
     2 mux_valid_arr[359]_556_25 ( bmux_2512 ) 
     2 mux_valid_arr[359]_556_2588 ( mux_53_1771 ) 
     2 mux_valid_arr[359]_556_2589 ( bmux_2513 ) 
     2 mux_valid_arr[360]_556_40 ( mux_53_1772 ) 
     2 mux_valid_arr[360]_556_25 ( bmux_2514 ) 
     2 mux_valid_arr[360]_556_2592 ( mux_53_1773 ) 
     2 mux_valid_arr[360]_556_2593 ( bmux_2515 ) 
     2 mux_valid_arr[361]_556_40 ( mux_53_1774 ) 
     2 mux_valid_arr[361]_556_25 ( bmux_2516 ) 
     2 mux_valid_arr[361]_556_2596 ( mux_53_1775 ) 
     2 mux_valid_arr[361]_556_2597 ( bmux_2517 ) 
     2 mux_valid_arr[362]_556_40 ( mux_53_1776 ) 
     2 mux_valid_arr[362]_556_25 ( bmux_2518 ) 
     2 mux_valid_arr[362]_556_2600 ( mux_53_1777 ) 
     2 mux_valid_arr[362]_556_2601 ( bmux_2519 ) 
     2 mux_valid_arr[363]_556_40 ( mux_53_1778 ) 
     2 mux_valid_arr[363]_556_25 ( bmux_2520 ) 
     2 mux_valid_arr[363]_556_2604 ( mux_53_1779 ) 
     2 mux_valid_arr[363]_556_2605 ( bmux_2521 ) 
     2 mux_valid_arr[364]_556_40 ( mux_53_1780 ) 
     2 mux_valid_arr[364]_556_25 ( bmux_2522 ) 
     2 mux_valid_arr[364]_556_2608 ( mux_53_1781 ) 
     2 mux_valid_arr[364]_556_2609 ( bmux_2523 ) 
     2 mux_valid_arr[365]_556_40 ( mux_53_1782 ) 
     2 mux_valid_arr[365]_556_25 ( bmux_2524 ) 
     2 mux_valid_arr[365]_556_2612 ( mux_53_1783 ) 
     2 mux_valid_arr[365]_556_2613 ( bmux_2525 ) 
     2 mux_valid_arr[366]_556_40 ( mux_53_1784 ) 
     2 mux_valid_arr[366]_556_25 ( bmux_2526 ) 
     2 mux_valid_arr[366]_556_2616 ( mux_53_1785 ) 
     2 mux_valid_arr[366]_556_2617 ( bmux_2527 ) 
     2 mux_valid_arr[367]_556_40 ( mux_53_1786 ) 
     2 mux_valid_arr[367]_556_25 ( bmux_2528 ) 
     2 mux_valid_arr[367]_556_2620 ( mux_53_1787 ) 
     2 mux_valid_arr[367]_556_2621 ( bmux_2529 ) 
     2 mux_valid_arr[368]_556_40 ( mux_53_1788 ) 
     2 mux_valid_arr[368]_556_25 ( bmux_2530 ) 
     2 mux_valid_arr[368]_556_2624 ( mux_53_1789 ) 
     2 mux_valid_arr[368]_556_2625 ( bmux_2531 ) 
     2 mux_valid_arr[369]_556_40 ( mux_53_1790 ) 
     2 mux_valid_arr[369]_556_25 ( bmux_2532 ) 
     2 mux_valid_arr[369]_556_2628 ( mux_53_1791 ) 
     2 mux_valid_arr[369]_556_2629 ( bmux_2533 ) 
     2 mux_valid_arr[370]_556_40 ( mux_53_1792 ) 
     2 mux_valid_arr[370]_556_25 ( bmux_2534 ) 
     2 mux_valid_arr[370]_556_2632 ( mux_53_1793 ) 
     2 mux_valid_arr[370]_556_2633 ( bmux_2535 ) 
     2 mux_valid_arr[371]_556_40 ( mux_53_1794 ) 
     2 mux_valid_arr[371]_556_25 ( bmux_2536 ) 
     2 mux_valid_arr[371]_556_2636 ( mux_53_1795 ) 
     2 mux_valid_arr[371]_556_2637 ( bmux_2537 ) 
     2 mux_valid_arr[372]_556_40 ( mux_53_1796 ) 
     2 mux_valid_arr[372]_556_25 ( bmux_2538 ) 
     2 mux_valid_arr[372]_556_2640 ( mux_53_1797 ) 
     2 mux_valid_arr[372]_556_2641 ( bmux_2539 ) 
     2 mux_valid_arr[373]_556_40 ( mux_53_1798 ) 
     2 mux_valid_arr[373]_556_25 ( bmux_2540 ) 
     2 mux_valid_arr[373]_556_2644 ( mux_53_1799 ) 
     2 mux_valid_arr[373]_556_2645 ( bmux_2541 ) 
     2 mux_valid_arr[374]_556_40 ( mux_53_1800 ) 
     2 mux_valid_arr[374]_556_25 ( bmux_2542 ) 
     2 mux_valid_arr[374]_556_2648 ( mux_53_1801 ) 
     2 mux_valid_arr[374]_556_2649 ( bmux_2543 ) 
     2 mux_valid_arr[375]_556_40 ( mux_53_1802 ) 
     2 mux_valid_arr[375]_556_25 ( bmux_2544 ) 
     2 mux_valid_arr[375]_556_2652 ( mux_53_1803 ) 
     2 mux_valid_arr[375]_556_2653 ( bmux_2545 ) 
     2 mux_valid_arr[376]_556_40 ( mux_53_1804 ) 
     2 mux_valid_arr[376]_556_25 ( bmux_2546 ) 
     2 mux_valid_arr[376]_556_2656 ( mux_53_1805 ) 
     2 mux_valid_arr[376]_556_2657 ( bmux_2547 ) 
     2 mux_valid_arr[377]_556_40 ( mux_53_1806 ) 
     2 mux_valid_arr[377]_556_25 ( bmux_2548 ) 
     2 mux_valid_arr[377]_556_2660 ( mux_53_1807 ) 
     2 mux_valid_arr[377]_556_2661 ( bmux_2549 ) 
     2 mux_valid_arr[378]_556_40 ( mux_53_1808 ) 
     2 mux_valid_arr[378]_556_25 ( bmux_2550 ) 
     2 mux_valid_arr[378]_556_2664 ( mux_53_1809 ) 
     2 mux_valid_arr[378]_556_2665 ( bmux_2551 ) 
     2 mux_valid_arr[379]_556_40 ( mux_53_1810 ) 
     2 mux_valid_arr[379]_556_25 ( bmux_2552 ) 
     2 mux_valid_arr[379]_556_2668 ( mux_53_1811 ) 
     2 mux_valid_arr[379]_556_2669 ( bmux_2553 ) 
     2 mux_valid_arr[380]_556_40 ( mux_53_1812 ) 
     2 mux_valid_arr[380]_556_25 ( bmux_2554 ) 
     2 mux_valid_arr[380]_556_2672 ( mux_53_1813 ) 
     2 mux_valid_arr[380]_556_2673 ( bmux_2555 ) 
     2 mux_valid_arr[381]_556_40 ( mux_53_1814 ) 
     2 mux_valid_arr[381]_556_25 ( bmux_2556 ) 
     2 mux_valid_arr[381]_556_2676 ( mux_53_1815 ) 
     2 mux_valid_arr[381]_556_2677 ( bmux_2557 ) 
     2 mux_valid_arr[382]_556_40 ( mux_53_1816 ) 
     2 mux_valid_arr[382]_556_25 ( bmux_2558 ) 
     2 mux_valid_arr[382]_556_2680 ( mux_53_1817 ) 
     2 mux_valid_arr[382]_556_2681 ( bmux_2559 ) 
     2 mux_valid_arr[383]_556_40 ( mux_53_1818 ) 
     2 mux_valid_arr[383]_556_25 ( bmux_2560 ) 
     2 mux_valid_arr[383]_556_2684 ( mux_53_1819 ) 
     2 mux_valid_arr[383]_556_2685 ( bmux_2561 ) 
     2 mux_valid_arr[384]_556_40 ( mux_53_1820 ) 
     2 mux_valid_arr[384]_556_25 ( bmux_2562 ) 
     2 mux_valid_arr[384]_556_2688 ( mux_53_1821 ) 
     2 mux_valid_arr[384]_556_2689 ( bmux_2563 ) 
     2 mux_valid_arr[385]_556_40 ( mux_53_1822 ) 
     2 mux_valid_arr[385]_556_25 ( bmux_2564 ) 
     2 mux_valid_arr[385]_556_2692 ( mux_53_1823 ) 
     2 mux_valid_arr[385]_556_2693 ( bmux_2565 ) 
     2 mux_valid_arr[386]_556_40 ( mux_53_1824 ) 
     2 mux_valid_arr[386]_556_25 ( bmux_2566 ) 
     2 mux_valid_arr[386]_556_2696 ( mux_53_1825 ) 
     2 mux_valid_arr[386]_556_2697 ( bmux_2567 ) 
     2 mux_valid_arr[387]_556_40 ( mux_53_1826 ) 
     2 mux_valid_arr[387]_556_25 ( bmux_2568 ) 
     2 mux_valid_arr[387]_556_2700 ( mux_53_1827 ) 
     2 mux_valid_arr[387]_556_2701 ( bmux_2569 ) 
     2 mux_valid_arr[388]_556_40 ( mux_53_1828 ) 
     2 mux_valid_arr[388]_556_25 ( bmux_2570 ) 
     2 mux_valid_arr[388]_556_2704 ( mux_53_1829 ) 
     2 mux_valid_arr[388]_556_2705 ( bmux_2571 ) 
     2 mux_valid_arr[389]_556_40 ( mux_53_1830 ) 
     2 mux_valid_arr[389]_556_25 ( bmux_2572 ) 
     2 mux_valid_arr[389]_556_2708 ( mux_53_1831 ) 
     2 mux_valid_arr[389]_556_2709 ( bmux_2573 ) 
     2 mux_valid_arr[390]_556_40 ( mux_53_1832 ) 
     2 mux_valid_arr[390]_556_25 ( bmux_2574 ) 
     2 mux_valid_arr[390]_556_2712 ( mux_53_1833 ) 
     2 mux_valid_arr[390]_556_2713 ( bmux_2575 ) 
     2 mux_valid_arr[391]_556_40 ( mux_53_1834 ) 
     2 mux_valid_arr[391]_556_25 ( bmux_2576 ) 
     2 mux_valid_arr[391]_556_2716 ( mux_53_1835 ) 
     2 mux_valid_arr[391]_556_2717 ( bmux_2577 ) 
     2 mux_valid_arr[392]_556_40 ( mux_53_1836 ) 
     2 mux_valid_arr[392]_556_25 ( bmux_2578 ) 
     2 mux_valid_arr[392]_556_2720 ( mux_53_1837 ) 
     2 mux_valid_arr[392]_556_2721 ( bmux_2579 ) 
     2 mux_valid_arr[393]_556_40 ( mux_53_1838 ) 
     2 mux_valid_arr[393]_556_25 ( bmux_2580 ) 
     2 mux_valid_arr[393]_556_2724 ( mux_53_1839 ) 
     2 mux_valid_arr[393]_556_2725 ( bmux_2581 ) 
     2 mux_valid_arr[394]_556_40 ( mux_53_1840 ) 
     2 mux_valid_arr[394]_556_25 ( bmux_2582 ) 
     2 mux_valid_arr[394]_556_2728 ( mux_53_1841 ) 
     2 mux_valid_arr[394]_556_2729 ( bmux_2583 ) 
     2 mux_valid_arr[395]_556_40 ( mux_53_1842 ) 
     2 mux_valid_arr[395]_556_25 ( bmux_2584 ) 
     2 mux_valid_arr[395]_556_2732 ( mux_53_1843 ) 
     2 mux_valid_arr[395]_556_2733 ( bmux_2585 ) 
     2 mux_valid_arr[396]_556_40 ( mux_53_1844 ) 
     2 mux_valid_arr[396]_556_25 ( bmux_2586 ) 
     2 mux_valid_arr[396]_556_2736 ( mux_53_1845 ) 
     2 mux_valid_arr[396]_556_2737 ( bmux_2587 ) 
     2 mux_valid_arr[397]_556_40 ( mux_53_1846 ) 
     2 mux_valid_arr[397]_556_25 ( bmux_2588 ) 
     2 mux_valid_arr[397]_556_2740 ( mux_53_1847 ) 
     2 mux_valid_arr[397]_556_2741 ( bmux_2589 ) 
     2 mux_valid_arr[398]_556_40 ( mux_53_1848 ) 
     2 mux_valid_arr[398]_556_25 ( bmux_2590 ) 
     2 mux_valid_arr[398]_556_2744 ( mux_53_1849 ) 
     2 mux_valid_arr[398]_556_2745 ( bmux_2591 ) 
     2 mux_valid_arr[399]_556_40 ( mux_53_1850 ) 
     2 mux_valid_arr[399]_556_25 ( bmux_2592 ) 
     2 mux_valid_arr[399]_556_2748 ( mux_53_1851 ) 
     2 mux_valid_arr[399]_556_2749 ( bmux_2593 ) 
     2 mux_valid_arr[400]_556_40 ( mux_53_1852 ) 
     2 mux_valid_arr[400]_556_25 ( bmux_2594 ) 
     2 mux_valid_arr[400]_556_2752 ( mux_53_1853 ) 
     2 mux_valid_arr[400]_556_2753 ( bmux_2595 ) 
     2 mux_valid_arr[401]_556_40 ( mux_53_1854 ) 
     2 mux_valid_arr[401]_556_25 ( bmux_2596 ) 
     2 mux_valid_arr[401]_556_2756 ( mux_53_1855 ) 
     2 mux_valid_arr[401]_556_2757 ( bmux_2597 ) 
     2 mux_valid_arr[402]_556_40 ( mux_53_1856 ) 
     2 mux_valid_arr[402]_556_25 ( bmux_2598 ) 
     2 mux_valid_arr[402]_556_2760 ( mux_53_1857 ) 
     2 mux_valid_arr[402]_556_2761 ( bmux_2599 ) 
     2 mux_valid_arr[403]_556_40 ( mux_53_1858 ) 
     2 mux_valid_arr[403]_556_25 ( bmux_2600 ) 
     2 mux_valid_arr[403]_556_2764 ( mux_53_1859 ) 
     2 mux_valid_arr[403]_556_2765 ( bmux_2601 ) 
     2 mux_valid_arr[404]_556_40 ( mux_53_1860 ) 
     2 mux_valid_arr[404]_556_25 ( bmux_2602 ) 
     2 mux_valid_arr[404]_556_2768 ( mux_53_1861 ) 
     2 mux_valid_arr[404]_556_2769 ( bmux_2603 ) 
     2 mux_valid_arr[405]_556_40 ( mux_53_1862 ) 
     2 mux_valid_arr[405]_556_25 ( bmux_2604 ) 
     2 mux_valid_arr[405]_556_2772 ( mux_53_1863 ) 
     2 mux_valid_arr[405]_556_2773 ( bmux_2605 ) 
     2 mux_valid_arr[406]_556_40 ( mux_53_1864 ) 
     2 mux_valid_arr[406]_556_25 ( bmux_2606 ) 
     2 mux_valid_arr[406]_556_2776 ( mux_53_1865 ) 
     2 mux_valid_arr[406]_556_2777 ( bmux_2607 ) 
     2 mux_valid_arr[407]_556_40 ( mux_53_1866 ) 
     2 mux_valid_arr[407]_556_25 ( bmux_2608 ) 
     2 mux_valid_arr[407]_556_2780 ( mux_53_1867 ) 
     2 mux_valid_arr[407]_556_2781 ( bmux_2609 ) 
     2 mux_valid_arr[408]_556_40 ( mux_53_1868 ) 
     2 mux_valid_arr[408]_556_25 ( bmux_2610 ) 
     2 mux_valid_arr[408]_556_2784 ( mux_53_1869 ) 
     2 mux_valid_arr[408]_556_2785 ( bmux_2611 ) 
     2 mux_valid_arr[409]_556_40 ( mux_53_1870 ) 
     2 mux_valid_arr[409]_556_25 ( bmux_2612 ) 
     2 mux_valid_arr[409]_556_2788 ( mux_53_1871 ) 
     2 mux_valid_arr[409]_556_2789 ( bmux_2613 ) 
     2 mux_valid_arr[410]_556_40 ( mux_53_1872 ) 
     2 mux_valid_arr[410]_556_25 ( bmux_2614 ) 
     2 mux_valid_arr[410]_556_2792 ( mux_53_1873 ) 
     2 mux_valid_arr[410]_556_2793 ( bmux_2615 ) 
     2 mux_valid_arr[411]_556_40 ( mux_53_1874 ) 
     2 mux_valid_arr[411]_556_25 ( bmux_2616 ) 
     2 mux_valid_arr[411]_556_2796 ( mux_53_1875 ) 
     2 mux_valid_arr[411]_556_2797 ( bmux_2617 ) 
     2 mux_valid_arr[412]_556_40 ( mux_53_1876 ) 
     2 mux_valid_arr[412]_556_25 ( bmux_2618 ) 
     2 mux_valid_arr[412]_556_2800 ( mux_53_1877 ) 
     2 mux_valid_arr[412]_556_2801 ( bmux_2619 ) 
     2 mux_valid_arr[413]_556_40 ( mux_53_1878 ) 
     2 mux_valid_arr[413]_556_25 ( bmux_2620 ) 
     2 mux_valid_arr[413]_556_2804 ( mux_53_1879 ) 
     2 mux_valid_arr[413]_556_2805 ( bmux_2621 ) 
     2 mux_valid_arr[414]_556_40 ( mux_53_1880 ) 
     2 mux_valid_arr[414]_556_25 ( bmux_2622 ) 
     2 mux_valid_arr[414]_556_2808 ( mux_53_1881 ) 
     2 mux_valid_arr[414]_556_2809 ( bmux_2623 ) 
     2 mux_valid_arr[415]_556_40 ( mux_53_1882 ) 
     2 mux_valid_arr[415]_556_25 ( bmux_2624 ) 
     2 mux_valid_arr[415]_556_2812 ( mux_53_1883 ) 
     2 mux_valid_arr[415]_556_2813 ( bmux_2625 ) 
     2 mux_valid_arr[416]_556_40 ( mux_53_1884 ) 
     2 mux_valid_arr[416]_556_25 ( bmux_2626 ) 
     2 mux_valid_arr[416]_556_2816 ( mux_53_1885 ) 
     2 mux_valid_arr[416]_556_2817 ( bmux_2627 ) 
     2 mux_valid_arr[417]_556_40 ( mux_53_1886 ) 
     2 mux_valid_arr[417]_556_25 ( bmux_2628 ) 
     2 mux_valid_arr[417]_556_2820 ( mux_53_1887 ) 
     2 mux_valid_arr[417]_556_2821 ( bmux_2629 ) 
     2 mux_valid_arr[418]_556_40 ( mux_53_1888 ) 
     2 mux_valid_arr[418]_556_25 ( bmux_2630 ) 
     2 mux_valid_arr[418]_556_2824 ( mux_53_1889 ) 
     2 mux_valid_arr[418]_556_2825 ( bmux_2631 ) 
     2 mux_valid_arr[419]_556_40 ( mux_53_1890 ) 
     2 mux_valid_arr[419]_556_25 ( bmux_2632 ) 
     2 mux_valid_arr[419]_556_2828 ( mux_53_1891 ) 
     2 mux_valid_arr[419]_556_2829 ( bmux_2633 ) 
     2 mux_valid_arr[420]_556_40 ( mux_53_1892 ) 
     2 mux_valid_arr[420]_556_25 ( bmux_2634 ) 
     2 mux_valid_arr[420]_556_2832 ( mux_53_1893 ) 
     2 mux_valid_arr[420]_556_2833 ( bmux_2635 ) 
     2 mux_valid_arr[421]_556_40 ( mux_53_1894 ) 
     2 mux_valid_arr[421]_556_25 ( bmux_2636 ) 
     2 mux_valid_arr[421]_556_2836 ( mux_53_1895 ) 
     2 mux_valid_arr[421]_556_2837 ( bmux_2637 ) 
     2 mux_valid_arr[422]_556_40 ( mux_53_1896 ) 
     2 mux_valid_arr[422]_556_25 ( bmux_2638 ) 
     2 mux_valid_arr[422]_556_2840 ( mux_53_1897 ) 
     2 mux_valid_arr[422]_556_2841 ( bmux_2639 ) 
     2 mux_valid_arr[423]_556_40 ( mux_53_1898 ) 
     2 mux_valid_arr[423]_556_25 ( bmux_2640 ) 
     2 mux_valid_arr[423]_556_2844 ( mux_53_1899 ) 
     2 mux_valid_arr[423]_556_2845 ( bmux_2641 ) 
     2 mux_valid_arr[424]_556_40 ( mux_53_1900 ) 
     2 mux_valid_arr[424]_556_25 ( bmux_2642 ) 
     2 mux_valid_arr[424]_556_2848 ( mux_53_1901 ) 
     2 mux_valid_arr[424]_556_2849 ( bmux_2643 ) 
     2 mux_valid_arr[425]_556_40 ( mux_53_1902 ) 
     2 mux_valid_arr[425]_556_25 ( bmux_2644 ) 
     2 mux_valid_arr[425]_556_2852 ( mux_53_1903 ) 
     2 mux_valid_arr[425]_556_2853 ( bmux_2645 ) 
     2 mux_valid_arr[426]_556_40 ( mux_53_1904 ) 
     2 mux_valid_arr[426]_556_25 ( bmux_2646 ) 
     2 mux_valid_arr[426]_556_2856 ( mux_53_1905 ) 
     2 mux_valid_arr[426]_556_2857 ( bmux_2647 ) 
     2 mux_valid_arr[427]_556_40 ( mux_53_1906 ) 
     2 mux_valid_arr[427]_556_25 ( bmux_2648 ) 
     2 mux_valid_arr[427]_556_2860 ( mux_53_1907 ) 
     2 mux_valid_arr[427]_556_2861 ( bmux_2649 ) 
     2 mux_valid_arr[428]_556_40 ( mux_53_1908 ) 
     2 mux_valid_arr[428]_556_25 ( bmux_2650 ) 
     2 mux_valid_arr[428]_556_2864 ( mux_53_1909 ) 
     2 mux_valid_arr[428]_556_2865 ( bmux_2651 ) 
     2 mux_valid_arr[429]_556_40 ( mux_53_1910 ) 
     2 mux_valid_arr[429]_556_25 ( bmux_2652 ) 
     2 mux_valid_arr[429]_556_2868 ( mux_53_1911 ) 
     2 mux_valid_arr[429]_556_2869 ( bmux_2653 ) 
     2 mux_valid_arr[430]_556_40 ( mux_53_1912 ) 
     2 mux_valid_arr[430]_556_25 ( bmux_2654 ) 
     2 mux_valid_arr[430]_556_2872 ( mux_53_1913 ) 
     2 mux_valid_arr[430]_556_2873 ( bmux_2655 ) 
     2 mux_valid_arr[431]_556_40 ( mux_53_1914 ) 
     2 mux_valid_arr[431]_556_25 ( bmux_2656 ) 
     2 mux_valid_arr[431]_556_2876 ( mux_53_1915 ) 
     2 mux_valid_arr[431]_556_2877 ( bmux_2657 ) 
     2 mux_valid_arr[432]_556_40 ( mux_53_1916 ) 
     2 mux_valid_arr[432]_556_25 ( bmux_2658 ) 
     2 mux_valid_arr[432]_556_2880 ( mux_53_1917 ) 
     2 mux_valid_arr[432]_556_2881 ( bmux_2659 ) 
     2 mux_valid_arr[433]_556_40 ( mux_53_1918 ) 
     2 mux_valid_arr[433]_556_25 ( bmux_2660 ) 
     2 mux_valid_arr[433]_556_2884 ( mux_53_1919 ) 
     2 mux_valid_arr[433]_556_2885 ( bmux_2661 ) 
     2 mux_valid_arr[434]_556_40 ( mux_53_1920 ) 
     2 mux_valid_arr[434]_556_25 ( bmux_2662 ) 
     2 mux_valid_arr[434]_556_2888 ( mux_53_1921 ) 
     2 mux_valid_arr[434]_556_2889 ( bmux_2663 ) 
     2 mux_valid_arr[435]_556_40 ( mux_53_1922 ) 
     2 mux_valid_arr[435]_556_25 ( bmux_2664 ) 
     2 mux_valid_arr[435]_556_2892 ( mux_53_1923 ) 
     2 mux_valid_arr[435]_556_2893 ( bmux_2665 ) 
     2 mux_valid_arr[436]_556_40 ( mux_53_1924 ) 
     2 mux_valid_arr[436]_556_25 ( bmux_2666 ) 
     2 mux_valid_arr[436]_556_2896 ( mux_53_1925 ) 
     2 mux_valid_arr[436]_556_2897 ( bmux_2667 ) 
     2 mux_valid_arr[437]_556_40 ( mux_53_1926 ) 
     2 mux_valid_arr[437]_556_25 ( bmux_2668 ) 
     2 mux_valid_arr[437]_556_2900 ( mux_53_1927 ) 
     2 mux_valid_arr[437]_556_2901 ( bmux_2669 ) 
     2 mux_valid_arr[438]_556_40 ( mux_53_1928 ) 
     2 mux_valid_arr[438]_556_25 ( bmux_2670 ) 
     2 mux_valid_arr[438]_556_2904 ( mux_53_1929 ) 
     2 mux_valid_arr[438]_556_2905 ( bmux_2671 ) 
     2 mux_valid_arr[439]_556_40 ( mux_53_1930 ) 
     2 mux_valid_arr[439]_556_25 ( bmux_2672 ) 
     2 mux_valid_arr[439]_556_2908 ( mux_53_1931 ) 
     2 mux_valid_arr[439]_556_2909 ( bmux_2673 ) 
     2 mux_valid_arr[440]_556_40 ( mux_53_1932 ) 
     2 mux_valid_arr[440]_556_25 ( bmux_2674 ) 
     2 mux_valid_arr[440]_556_2912 ( mux_53_1933 ) 
     2 mux_valid_arr[440]_556_2913 ( bmux_2675 ) 
     2 mux_valid_arr[441]_556_40 ( mux_53_1934 ) 
     2 mux_valid_arr[441]_556_25 ( bmux_2676 ) 
     2 mux_valid_arr[441]_556_2916 ( mux_53_1935 ) 
     2 mux_valid_arr[441]_556_2917 ( bmux_2677 ) 
     2 mux_valid_arr[442]_556_40 ( mux_53_1936 ) 
     2 mux_valid_arr[442]_556_25 ( bmux_2678 ) 
     2 mux_valid_arr[442]_556_2920 ( mux_53_1937 ) 
     2 mux_valid_arr[442]_556_2921 ( bmux_2679 ) 
     2 mux_valid_arr[443]_556_40 ( mux_53_1938 ) 
     2 mux_valid_arr[443]_556_25 ( bmux_2680 ) 
     2 mux_valid_arr[443]_556_2924 ( mux_53_1939 ) 
     2 mux_valid_arr[443]_556_2925 ( bmux_2681 ) 
     2 mux_valid_arr[444]_556_40 ( mux_53_1940 ) 
     2 mux_valid_arr[444]_556_25 ( bmux_2682 ) 
     2 mux_valid_arr[444]_556_2928 ( mux_53_1941 ) 
     2 mux_valid_arr[444]_556_2929 ( bmux_2683 ) 
     2 mux_valid_arr[445]_556_40 ( mux_53_1942 ) 
     2 mux_valid_arr[445]_556_25 ( bmux_2684 ) 
     2 mux_valid_arr[445]_556_2932 ( mux_53_1943 ) 
     2 mux_valid_arr[445]_556_2933 ( bmux_2685 ) 
     2 mux_valid_arr[446]_556_40 ( mux_53_1944 ) 
     2 mux_valid_arr[446]_556_25 ( bmux_2686 ) 
     2 mux_valid_arr[446]_556_2936 ( mux_53_1945 ) 
     2 mux_valid_arr[446]_556_2937 ( bmux_2687 ) 
     2 mux_valid_arr[447]_556_40 ( mux_53_1946 ) 
     2 mux_valid_arr[447]_556_25 ( bmux_2688 ) 
     2 mux_valid_arr[447]_556_2940 ( mux_53_1947 ) 
     2 mux_valid_arr[447]_556_2941 ( bmux_2689 ) 
     2 mux_valid_arr[448]_556_40 ( mux_53_1948 ) 
     2 mux_valid_arr[448]_556_25 ( bmux_2690 ) 
     2 mux_valid_arr[448]_556_2944 ( mux_53_1949 ) 
     2 mux_valid_arr[448]_556_2945 ( bmux_2691 ) 
     2 mux_valid_arr[449]_556_40 ( mux_53_1950 ) 
     2 mux_valid_arr[449]_556_25 ( bmux_2692 ) 
     2 mux_valid_arr[449]_556_2948 ( mux_53_1951 ) 
     2 mux_valid_arr[449]_556_2949 ( bmux_2693 ) 
     2 mux_valid_arr[450]_556_40 ( mux_53_1952 ) 
     2 mux_valid_arr[450]_556_25 ( bmux_2694 ) 
     2 mux_valid_arr[450]_556_2952 ( mux_53_1953 ) 
     2 mux_valid_arr[450]_556_2953 ( bmux_2695 ) 
     2 mux_valid_arr[451]_556_40 ( mux_53_1954 ) 
     2 mux_valid_arr[451]_556_25 ( bmux_2696 ) 
     2 mux_valid_arr[451]_556_2956 ( mux_53_1955 ) 
     2 mux_valid_arr[451]_556_2957 ( bmux_2697 ) 
     2 mux_valid_arr[452]_556_40 ( mux_53_1956 ) 
     2 mux_valid_arr[452]_556_25 ( bmux_2698 ) 
     2 mux_valid_arr[452]_556_2960 ( mux_53_1957 ) 
     2 mux_valid_arr[452]_556_2961 ( bmux_2699 ) 
     2 mux_valid_arr[453]_556_40 ( mux_53_1958 ) 
     2 mux_valid_arr[453]_556_25 ( bmux_2700 ) 
     2 mux_valid_arr[453]_556_2964 ( mux_53_1959 ) 
     2 mux_valid_arr[453]_556_2965 ( bmux_2701 ) 
     2 mux_valid_arr[454]_556_40 ( mux_53_1960 ) 
     2 mux_valid_arr[454]_556_25 ( bmux_2702 ) 
     2 mux_valid_arr[454]_556_2968 ( mux_53_1961 ) 
     2 mux_valid_arr[454]_556_2969 ( bmux_2703 ) 
     2 mux_valid_arr[455]_556_40 ( mux_53_1962 ) 
     2 mux_valid_arr[455]_556_25 ( bmux_2704 ) 
     2 mux_valid_arr[455]_556_2972 ( mux_53_1963 ) 
     2 mux_valid_arr[455]_556_2973 ( bmux_2705 ) 
     2 mux_valid_arr[456]_556_40 ( mux_53_1964 ) 
     2 mux_valid_arr[456]_556_25 ( bmux_2706 ) 
     2 mux_valid_arr[456]_556_2976 ( mux_53_1965 ) 
     2 mux_valid_arr[456]_556_2977 ( bmux_2707 ) 
     2 mux_valid_arr[457]_556_40 ( mux_53_1966 ) 
     2 mux_valid_arr[457]_556_25 ( bmux_2708 ) 
     2 mux_valid_arr[457]_556_2980 ( mux_53_1967 ) 
     2 mux_valid_arr[457]_556_2981 ( bmux_2709 ) 
     2 mux_valid_arr[458]_556_40 ( mux_53_1968 ) 
     2 mux_valid_arr[458]_556_25 ( bmux_2710 ) 
     2 mux_valid_arr[458]_556_2984 ( mux_53_1969 ) 
     2 mux_valid_arr[458]_556_2985 ( bmux_2711 ) 
     2 mux_valid_arr[459]_556_40 ( mux_53_1970 ) 
     2 mux_valid_arr[459]_556_25 ( bmux_2712 ) 
     2 mux_valid_arr[459]_556_2988 ( mux_53_1971 ) 
     2 mux_valid_arr[459]_556_2989 ( bmux_2713 ) 
     2 mux_valid_arr[460]_556_40 ( mux_53_1972 ) 
     2 mux_valid_arr[460]_556_25 ( bmux_2714 ) 
     2 mux_valid_arr[460]_556_2992 ( mux_53_1973 ) 
     2 mux_valid_arr[460]_556_2993 ( bmux_2715 ) 
     2 mux_valid_arr[461]_556_40 ( mux_53_1974 ) 
     2 mux_valid_arr[461]_556_25 ( bmux_2716 ) 
     2 mux_valid_arr[461]_556_2996 ( mux_53_1975 ) 
     2 mux_valid_arr[461]_556_2997 ( bmux_2717 ) 
     2 mux_valid_arr[462]_556_40 ( mux_53_1976 ) 
     2 mux_valid_arr[462]_556_25 ( bmux_2718 ) 
     2 mux_valid_arr[462]_556_3000 ( mux_53_1977 ) 
     2 mux_valid_arr[462]_556_3001 ( bmux_2719 ) 
     2 mux_valid_arr[463]_556_40 ( mux_53_1978 ) 
     2 mux_valid_arr[463]_556_25 ( bmux_2720 ) 
     2 mux_valid_arr[463]_556_3004 ( mux_53_1979 ) 
     2 mux_valid_arr[463]_556_3005 ( bmux_2721 ) 
     2 mux_valid_arr[464]_556_40 ( mux_53_1980 ) 
     2 mux_valid_arr[464]_556_25 ( bmux_2722 ) 
     2 mux_valid_arr[464]_556_3008 ( mux_53_1981 ) 
     2 mux_valid_arr[464]_556_3009 ( bmux_2723 ) 
     2 mux_valid_arr[465]_556_40 ( mux_53_1982 ) 
     2 mux_valid_arr[465]_556_25 ( bmux_2724 ) 
     2 mux_valid_arr[465]_556_3012 ( mux_53_1983 ) 
     2 mux_valid_arr[465]_556_3013 ( bmux_2725 ) 
     2 mux_valid_arr[466]_556_40 ( mux_53_1984 ) 
     2 mux_valid_arr[466]_556_25 ( bmux_2726 ) 
     2 mux_valid_arr[466]_556_3016 ( mux_53_1985 ) 
     2 mux_valid_arr[466]_556_3017 ( bmux_2727 ) 
     2 mux_valid_arr[467]_556_40 ( mux_53_1986 ) 
     2 mux_valid_arr[467]_556_25 ( bmux_2728 ) 
     2 mux_valid_arr[467]_556_3020 ( mux_53_1987 ) 
     2 mux_valid_arr[467]_556_3021 ( bmux_2729 ) 
     2 mux_valid_arr[468]_556_40 ( mux_53_1988 ) 
     2 mux_valid_arr[468]_556_25 ( bmux_2730 ) 
     2 mux_valid_arr[468]_556_3024 ( mux_53_1989 ) 
     2 mux_valid_arr[468]_556_3025 ( bmux_2731 ) 
     2 mux_valid_arr[469]_556_40 ( mux_53_1990 ) 
     2 mux_valid_arr[469]_556_25 ( bmux_2732 ) 
     2 mux_valid_arr[469]_556_3028 ( mux_53_1991 ) 
     2 mux_valid_arr[469]_556_3029 ( bmux_2733 ) 
     2 mux_valid_arr[470]_556_40 ( mux_53_1992 ) 
     2 mux_valid_arr[470]_556_25 ( bmux_2734 ) 
     2 mux_valid_arr[470]_556_3032 ( mux_53_1993 ) 
     2 mux_valid_arr[470]_556_3033 ( bmux_2735 ) 
     2 mux_valid_arr[471]_556_40 ( mux_53_1994 ) 
     2 mux_valid_arr[471]_556_25 ( bmux_2736 ) 
     2 mux_valid_arr[471]_556_3036 ( mux_53_1995 ) 
     2 mux_valid_arr[471]_556_3037 ( bmux_2737 ) 
     2 mux_valid_arr[472]_556_40 ( mux_53_1996 ) 
     2 mux_valid_arr[472]_556_25 ( bmux_2738 ) 
     2 mux_valid_arr[472]_556_3040 ( mux_53_1997 ) 
     2 mux_valid_arr[472]_556_3041 ( bmux_2739 ) 
     2 mux_valid_arr[473]_556_40 ( mux_53_1998 ) 
     2 mux_valid_arr[473]_556_25 ( bmux_2740 ) 
     2 mux_valid_arr[473]_556_3044 ( mux_53_1999 ) 
     2 mux_valid_arr[473]_556_3045 ( bmux_2741 ) 
     2 mux_valid_arr[474]_556_40 ( mux_53_2000 ) 
     2 mux_valid_arr[474]_556_25 ( bmux_2742 ) 
     2 mux_valid_arr[474]_556_3048 ( mux_53_2001 ) 
     2 mux_valid_arr[474]_556_3049 ( bmux_2743 ) 
     2 mux_valid_arr[475]_556_40 ( mux_53_2002 ) 
     2 mux_valid_arr[475]_556_25 ( bmux_2744 ) 
     2 mux_valid_arr[475]_556_3052 ( mux_53_2003 ) 
     2 mux_valid_arr[475]_556_3053 ( bmux_2745 ) 
     2 mux_valid_arr[476]_556_40 ( mux_53_2004 ) 
     2 mux_valid_arr[476]_556_25 ( bmux_2746 ) 
     2 mux_valid_arr[476]_556_3056 ( mux_53_2005 ) 
     2 mux_valid_arr[476]_556_3057 ( bmux_2747 ) 
     2 mux_valid_arr[477]_556_40 ( mux_53_2006 ) 
     2 mux_valid_arr[477]_556_25 ( bmux_2748 ) 
     2 mux_valid_arr[477]_556_3060 ( mux_53_2007 ) 
     2 mux_valid_arr[477]_556_3061 ( bmux_2749 ) 
     2 mux_valid_arr[478]_556_40 ( mux_53_2008 ) 
     2 mux_valid_arr[478]_556_25 ( bmux_2750 ) 
     2 mux_valid_arr[478]_556_3064 ( mux_53_2009 ) 
     2 mux_valid_arr[478]_556_3065 ( bmux_2751 ) 
     2 mux_valid_arr[479]_556_40 ( mux_53_2010 ) 
     2 mux_valid_arr[479]_556_25 ( bmux_2752 ) 
     2 mux_valid_arr[479]_556_3068 ( mux_53_2011 ) 
     2 mux_valid_arr[479]_556_3069 ( bmux_2753 ) 
     2 mux_valid_arr[480]_556_40 ( mux_53_2012 ) 
     2 mux_valid_arr[480]_556_25 ( bmux_2754 ) 
     2 mux_valid_arr[480]_556_3072 ( mux_53_2013 ) 
     2 mux_valid_arr[480]_556_3073 ( bmux_2755 ) 
     2 mux_valid_arr[481]_556_40 ( mux_53_2014 ) 
     2 mux_valid_arr[481]_556_25 ( bmux_2756 ) 
     2 mux_valid_arr[481]_556_3076 ( mux_53_2015 ) 
     2 mux_valid_arr[481]_556_3077 ( bmux_2757 ) 
     2 mux_valid_arr[482]_556_40 ( mux_53_2016 ) 
     2 mux_valid_arr[482]_556_25 ( bmux_2758 ) 
     2 mux_valid_arr[482]_556_3080 ( mux_53_2017 ) 
     2 mux_valid_arr[482]_556_3081 ( bmux_2759 ) 
     2 mux_valid_arr[483]_556_40 ( mux_53_2018 ) 
     2 mux_valid_arr[483]_556_25 ( bmux_2760 ) 
     2 mux_valid_arr[483]_556_3084 ( mux_53_2019 ) 
     2 mux_valid_arr[483]_556_3085 ( bmux_2761 ) 
     2 mux_valid_arr[484]_556_40 ( mux_53_2020 ) 
     2 mux_valid_arr[484]_556_25 ( bmux_2762 ) 
     2 mux_valid_arr[484]_556_3088 ( mux_53_2021 ) 
     2 mux_valid_arr[484]_556_3089 ( bmux_2763 ) 
     2 mux_valid_arr[485]_556_40 ( mux_53_2022 ) 
     2 mux_valid_arr[485]_556_25 ( bmux_2764 ) 
     2 mux_valid_arr[485]_556_3092 ( mux_53_2023 ) 
     2 mux_valid_arr[485]_556_3093 ( bmux_2765 ) 
     2 mux_valid_arr[486]_556_40 ( mux_53_2024 ) 
     2 mux_valid_arr[486]_556_25 ( bmux_2766 ) 
     2 mux_valid_arr[486]_556_3096 ( mux_53_2025 ) 
     2 mux_valid_arr[486]_556_3097 ( bmux_2767 ) 
     2 mux_valid_arr[487]_556_40 ( mux_53_2026 ) 
     2 mux_valid_arr[487]_556_25 ( bmux_2768 ) 
     2 mux_valid_arr[487]_556_3100 ( mux_53_2027 ) 
     2 mux_valid_arr[487]_556_3101 ( bmux_2769 ) 
     2 mux_valid_arr[488]_556_40 ( mux_53_2028 ) 
     2 mux_valid_arr[488]_556_25 ( bmux_2770 ) 
     2 mux_valid_arr[488]_556_3104 ( mux_53_2029 ) 
     2 mux_valid_arr[488]_556_3105 ( bmux_2771 ) 
     2 mux_valid_arr[489]_556_40 ( mux_53_2030 ) 
     2 mux_valid_arr[489]_556_25 ( bmux_2772 ) 
     2 mux_valid_arr[489]_556_3108 ( mux_53_2031 ) 
     2 mux_valid_arr[489]_556_3109 ( bmux_2773 ) 
     2 mux_valid_arr[490]_556_40 ( mux_53_2032 ) 
     2 mux_valid_arr[490]_556_25 ( bmux_2774 ) 
     2 mux_valid_arr[490]_556_3112 ( mux_53_2033 ) 
     2 mux_valid_arr[490]_556_3113 ( bmux_2775 ) 
     2 mux_valid_arr[491]_556_40 ( mux_53_2034 ) 
     2 mux_valid_arr[491]_556_25 ( bmux_2776 ) 
     2 mux_valid_arr[491]_556_3116 ( mux_53_2035 ) 
     2 mux_valid_arr[491]_556_3117 ( bmux_2777 ) 
     2 mux_valid_arr[492]_556_40 ( mux_53_2036 ) 
     2 mux_valid_arr[492]_556_25 ( bmux_2778 ) 
     2 mux_valid_arr[492]_556_3120 ( mux_53_2037 ) 
     2 mux_valid_arr[492]_556_3121 ( bmux_2779 ) 
     2 mux_valid_arr[493]_556_40 ( mux_53_2038 ) 
     2 mux_valid_arr[493]_556_25 ( bmux_2780 ) 
     2 mux_valid_arr[493]_556_3124 ( mux_53_2039 ) 
     2 mux_valid_arr[493]_556_3125 ( bmux_2781 ) 
     2 mux_valid_arr[494]_556_40 ( mux_53_2040 ) 
     2 mux_valid_arr[494]_556_25 ( bmux_2782 ) 
     2 mux_valid_arr[494]_556_3128 ( mux_53_2041 ) 
     2 mux_valid_arr[494]_556_3129 ( bmux_2783 ) 
     2 mux_valid_arr[495]_556_40 ( mux_53_2042 ) 
     2 mux_valid_arr[495]_556_25 ( bmux_2784 ) 
     2 mux_valid_arr[495]_556_3132 ( mux_53_2043 ) 
     2 mux_valid_arr[495]_556_3133 ( bmux_2785 ) 
     2 mux_valid_arr[496]_556_40 ( mux_53_2044 ) 
     2 mux_valid_arr[496]_556_25 ( bmux_2786 ) 
     2 mux_valid_arr[496]_556_3136 ( mux_53_2045 ) 
     2 mux_valid_arr[496]_556_3137 ( bmux_2787 ) 
     2 mux_valid_arr[497]_556_40 ( mux_53_2046 ) 
     2 mux_valid_arr[497]_556_25 ( bmux_2788 ) 
     2 mux_valid_arr[497]_556_3140 ( mux_53_2047 ) 
     2 mux_valid_arr[497]_556_3141 ( bmux_2789 ) 
     2 mux_valid_arr[498]_556_40 ( mux_53_2048 ) 
     2 mux_valid_arr[498]_556_25 ( bmux_2790 ) 
     2 mux_valid_arr[498]_556_3144 ( mux_53_2049 ) 
     2 mux_valid_arr[498]_556_3145 ( bmux_2791 ) 
     2 mux_valid_arr[499]_556_40 ( mux_53_2050 ) 
     2 mux_valid_arr[499]_556_25 ( bmux_2792 ) 
     2 mux_valid_arr[499]_556_3148 ( mux_53_2051 ) 
     2 mux_valid_arr[499]_556_3149 ( bmux_2793 ) 
     2 mux_valid_arr[500]_556_40 ( mux_53_2052 ) 
     2 mux_valid_arr[500]_556_25 ( bmux_2794 ) 
     2 mux_valid_arr[500]_556_3152 ( mux_53_2053 ) 
     2 mux_valid_arr[500]_556_3153 ( bmux_2795 ) 
     2 mux_valid_arr[501]_556_40 ( mux_53_2054 ) 
     2 mux_valid_arr[501]_556_25 ( bmux_2796 ) 
     2 mux_valid_arr[501]_556_3156 ( mux_53_2055 ) 
     2 mux_valid_arr[501]_556_3157 ( bmux_2797 ) 
     2 mux_valid_arr[502]_556_40 ( mux_53_2056 ) 
     2 mux_valid_arr[502]_556_25 ( bmux_2798 ) 
     2 mux_valid_arr[502]_556_3160 ( mux_53_2057 ) 
     2 mux_valid_arr[502]_556_3161 ( bmux_2799 ) 
     2 mux_valid_arr[503]_556_40 ( mux_53_2058 ) 
     2 mux_valid_arr[503]_556_25 ( bmux_2800 ) 
     2 mux_valid_arr[503]_556_3164 ( mux_53_2059 ) 
     2 mux_valid_arr[503]_556_3165 ( bmux_2801 ) 
     2 mux_valid_arr[504]_556_40 ( mux_53_2060 ) 
     2 mux_valid_arr[504]_556_25 ( bmux_2802 ) 
     2 mux_valid_arr[504]_556_3168 ( mux_53_2061 ) 
     2 mux_valid_arr[504]_556_3169 ( bmux_2803 ) 
     2 mux_valid_arr[505]_556_40 ( mux_53_2062 ) 
     2 mux_valid_arr[505]_556_25 ( bmux_2804 ) 
     2 mux_valid_arr[505]_556_3172 ( mux_53_2063 ) 
     2 mux_valid_arr[505]_556_3173 ( bmux_2805 ) 
     2 mux_valid_arr[506]_556_40 ( mux_53_2064 ) 
     2 mux_valid_arr[506]_556_25 ( bmux_2806 ) 
     2 mux_valid_arr[506]_556_3176 ( mux_53_2065 ) 
     2 mux_valid_arr[506]_556_3177 ( bmux_2807 ) 
     2 mux_valid_arr[507]_556_40 ( mux_53_2066 ) 
     2 mux_valid_arr[507]_556_25 ( bmux_2808 ) 
     2 mux_valid_arr[507]_556_3180 ( mux_53_2067 ) 
     2 mux_valid_arr[507]_556_3181 ( bmux_2809 ) 
     2 mux_valid_arr[508]_556_40 ( mux_53_2068 ) 
     2 mux_valid_arr[508]_556_25 ( bmux_2810 ) 
     2 mux_valid_arr[508]_556_3184 ( mux_53_2069 ) 
     2 mux_valid_arr[508]_556_3185 ( bmux_2811 ) 
     2 mux_valid_arr[509]_556_40 ( mux_53_2070 ) 
     2 mux_valid_arr[509]_556_25 ( bmux_2812 ) 
     2 mux_valid_arr[509]_556_3188 ( mux_53_2071 ) 
     2 mux_valid_arr[509]_556_3189 ( bmux_2813 ) 
     2 mux_valid_arr[510]_556_40 ( mux_53_2072 ) 
     2 mux_valid_arr[510]_556_25 ( bmux_2814 ) 
     2 mux_valid_arr[510]_556_3192 ( mux_53_2073 ) 
     2 mux_valid_arr[510]_556_3193 ( bmux_2815 ) 
     2 mux_valid_arr[511]_556_40 ( mux_53_2074 ) 
     2 mux_valid_arr[511]_556_25 ( bmux_2816 ) 
     2 mux_valid_arr[511]_556_3196 ( mux_53_2075 ) 
     2 mux_valid_arr[511]_556_3197 ( bmux_2817 ) 
     2 mux_valid_arr[index]_641_17 ( bmux_4138_2 ) 
     2 mux_hit_flag_641_37 ( bmux_2818 ) 
     2 mux_hit_flag_641_3201 ( bmux_2819 ) 
     2 mux_next_state_759_39 ( bmux_202_19 ) 
     2 mux_next_state_764_34 ( bmux_202_20 ) 
     2 mux_next_state_748_25 ( bmux_202_21 ) 
     2 mux_next_state_780_25 ( bmux_202_22 ) 
     2 mux_next_state_771_44 ( bmux_202_23 ) 
     2 mux_next_state_747_34 ( bmux_202_24 ) 
     2 mux_next_state_792_21 ( bmux_202_25 ) 
     2 mux_next_state_798_30 ( bmux_202_26 ) 
     2 mux_next_state_797_25 ( bmux_202_27 ) 
     2 mux_next_state_796_21 ( bmux_202_28 ) 
     2 mux_next_state_803_21 ( bmux_202_29 ) 
     2 mux_next_state_807_21 ( bmux_202_30 ) 
     2 mux_next_state_811_21 ( bmux_202_31 ) 
     2 mux_next_state_708_15 ( bmux_4146_1 ) 
     2 mux_sb_err_cnt_621_36 ( bmux_190_45 ) 
     2 mux_beat_cnt_549_49 ( bmux_2_1087 ) 
     2 mux_367_53 ( bmux_2_1089 ) 
     2 mux_471_27 ( bmux_2_1091 ) 
     2 ctl_sb_head_468_39 ( case_box_3044 ) 
     2 mux_sb_strb[sb_head]_468_39 ( mux_86_1 ) 
     2 mux_468_27 ( bmux_108_25 ) 
     2 mux_sb_data[sb_head]_467_39 ( mux_2030_1 ) 
     2 mux_467_27 ( bmux_46_488 ) 
     2 mux_364_64 ( bmux_2_1092 ) 
     2 mux_sb_addr[sb_head]_465_39 ( mux_2030_2 ) 
     2 mux_465_27 ( bmux_46_489 ) 
     2 mux_dcache_stall_728_39 ( bmux_2820 ) 
     2 mux_dcache_stall_722_48 ( bmux_2821 ) 
     2 mux_dcache_stall_759_39 ( bmux_2822 ) 
     2 mux_dcache_stall_748_25 ( bmux_2823 ) 
     2 mux_dcache_stall_780_25 ( bmux_2824 ) 
     2 mux_dcache_stall_771_44 ( bmux_2825 ) 
     2 mux_dcache_stall_747_34 ( bmux_2826 ) 
     2 mux_dcache_stall_850_52 ( bmux_2827 ) 
     2 mux_dcache_stall_828_30 ( bmux_2828 ) 
     2 mux_dcache_stall_708_15 ( bmux_1773_2 ) 
     2 mux_dcache_hit_722_48 ( bmux_2829 ) 
     2 mux_dcache_hit_759_39 ( bmux_2830 ) 
     2 mux_dcache_hit_748_25 ( bmux_2831 ) 
     2 mux_dcache_hit_780_25 ( bmux_2832 ) 
     2 mux_dcache_hit_771_44 ( bmux_2833 ) 
     2 mux_dcache_hit_747_34 ( bmux_2834 ) 
     2 mux_dcache_hit_850_52 ( bmux_2835 ) 
     2 mux_dcache_hit_828_30 ( bmux_2836 ) 
     2 mux_dcache_hit_708_15 ( mux_83_2 ) 
     2 mux_485_49 ( bmux_2_1093 ) 
     2 mux_hit_way_641_37 ( bmux_2837 ) 
     2 mux_data_write_en_688_30 ( bmux_2_1094 ) 
     2 mux_data_write_en_686_13 ( bmux_2_1095 ) 
     2 mux_data_write_word_688_30 ( bmux_46_490 ) 
     2 mux_data_write_word_686_13 ( bmux_46_491 ) 
     2 mux_read_word_641_37 ( bmux_46_492 ) 
     2 mux_read_word_641_3227 ( bmux_46_493 ) 
     2 mux_cpu_read_data_673_60 ( bmux_46_494 ) 
     2 mux_cpu_read_data_670_34 ( bmux_46_495 ) 
     2 ctl_sb_state_593_19 ( case_box_3053 ) 
     2 mux_sb_state_593_19 ( mux_1233_1 ) 
     2 ctl_index_557_17 ( case_box_3056 ) 
     2 ctl_sb_tail_587_17 ( case_box_3059 ) 
     2 lane_align_wdata_460_28:mux_res_227_19 ( bmux_19_1 ) 
     2 gen_wstrb_461_28:sll_243_40 ( shift_left_vlog_unsigned_5198 ) 
     2 gen_wstrb_461_28:mux_242_42 ( bmux_108_18 ) 
     2 gen_wstrb_461_28:mux_strb_240_19 ( bmux_109_1 ) 
     2 read_data_with_size_671_29:mux_180_50 ( bmux_45_2 ) 
     2 read_data_with_size_671_29:mux_180_121 ( bmux_45_3 ) 
     2 read_data_with_size_671_29:mux_180_41 ( bmux_46_477 ) 
     2 read_data_with_size_671_29:mux_183_38 ( bmux_5206 ) 
     2 read_data_with_size_671_29:mux_184_38 ( bmux_5206_1 ) 
     2 read_data_with_size_671_29:mux_185_38 ( bmux_5206_2 ) 
     2 read_data_with_size_671_29:mux_186_38 ( bmux_5206_3 ) 
     2 read_data_with_size_671_29:mux_res_182_27 ( bmux_1150_4 ) 
     2 read_data_with_size_671_29:mux_res_178_19 ( bmux_1150_5 ) 
     2 read_data_with_size_674_29:mux_180_50 ( bmux_45_4 ) 
     2 read_data_with_size_674_29:mux_180_121 ( bmux_45_5 ) 
     2 read_data_with_size_674_29:mux_180_41 ( bmux_46_479 ) 
     2 read_data_with_size_674_29:mux_183_38 ( bmux_5206_4 ) 
     2 read_data_with_size_674_29:mux_184_38 ( bmux_5206_5 ) 
     2 read_data_with_size_674_29:mux_185_38 ( bmux_5206_6 ) 
     2 read_data_with_size_674_29:mux_186_38 ( bmux_5206_7 ) 
     2 read_data_with_size_674_29:mux_res_182_27 ( bmux_1150_8 ) 
     2 read_data_with_size_674_29:mux_res_178_19 ( bmux_1150_9 ) 
     2 write_data_with_size_690_31:mux_res_202_38 ( bmux_46_478 ) 
     2 write_data_with_size_690_31:mux_res_203_30 ( bmux_1150_6 ) 
     2 write_data_with_size_690_31:mux_res_200_19 ( bmux_1150_7 ) 
     2 mux_amo_cnt_661_18 ( bmux_6494 ) 
  1 u_jtag_dtm ( rv_jtag_dtm ) 
     2 eq_106_23 ( equal_unsigned_8455 ) 
     2 neq_108_39 ( nequal_unsigned_149_7 ) 
     2 eq_78_23 ( equal_unsigned_2000_2 ) 
     2 eq_101_28 ( equal_unsigned_1052_12 ) 
     2 mux_53_31 ( bmux_3349 ) 
     2 mux_54_31 ( bmux_2_1097 ) 
     2 mux_56_31 ( bmux_3350 ) 
     2 mux_58_31 ( bmux_202_33 ) 
     2 mux_62_31 ( bmux_2_1101 ) 
     2 mux_next_state_52_15 ( bmux_8478 ) 
     2 ctl_state_82_19 ( case_box_3085 ) 
     2 mux_ir_shift_82_19 ( mux_8480 ) 
     2 mux_ir_82_19 ( mux_8480_1 ) 
     2 mux_busy_captured_91_43 ( bmux_3355 ) 
     2 mux_dmi_req_valid_106_23 ( bmux_3357 ) 
     2 ctl_ir_107_21 ( case_box_3086 ) 
     2 mux_dmi_read_op_107_21 ( mux_2089_2 ) 
     2 mux_dmi_read_op_106_23 ( bmux_2_1104 ) 
     2 mux_44_41 ( bmux_2_1106 ) 
     2 mux_dr_shift_91_43 ( bmux_8494 ) 
     2 ctl_ir_87_25 ( case_box_3089 ) 
     2 mux_dr_shift_87_25 ( mux_4171_1 ) 
     2 mux_dr_shift_101_28 ( bmux_3359 ) 
     2 mux_dr_shift_82_19 ( mux_8497 ) 
     2 mux_143_69 ( bmux_3360 ) 
     2 mux_tdo_141_25 ( mux_83_3 ) 
     2 ctl_state_136_19 ( case_box_3095 ) 
     2 mux_tdo_136_19 ( mux_26_1 ) 
     2 mux_sticky_busy_110_43 ( bmux_3362 ) 
     2 mux_sticky_busy_108_39 ( bmux_3363 ) 
     2 mux_sticky_busy_107_21 ( mux_84_6 ) 
     2 mux_sticky_busy_106_23 ( bmux_3364 ) 
  1 u_sync_dmi_wake ( cdc_sync_bit_1 ) 
  1 u_debug_module ( rv_debug_module_sba ) 
     2 eq_172_49 ( equal_unsigned_70_4 ) 
     2 eq_248_36 ( equal_unsigned_255_17 ) 
     2 eq_152_61 ( equal_unsigned_8513 ) 
     2 neq_253_38 ( nequal_unsigned_149_8 ) 
     2 add_254_76 ( add_unsigned_8517 ) 
     2 sll_254_81 ( shift_left_vlog_unsigned_8519 ) 
     2 eq_263_23 ( equal_unsigned_255_18 ) 
     2 eq_263_47 ( equal_unsigned_100_3 ) 
     2 neq_107_28 ( nequal_unsigned_149_9 ) 
     2 ctl_dmi_req_addr_131_35 ( case_box_3137 ) 
     2 mux_state_131_35 ( mux_8527 ) 
     2 ctl_state_125_19 ( case_box_3138 ) 
     2 mux_sberror_125_19 ( mux_53_2076 ) 
     2 mux_state_178_58 ( bmux_2_1107 ) 
     2 mux_state_177_49 ( bmux_2_1108 ) 
     2 ctl_131_35 ( case_box_3141 ) 
     2 mux_state_131_55 ( mux_2089_3 ) 
     2 ctl_dmi_req_addr_193_35 ( case_box_3144 ) 
     2 mux_state_193_35 ( mux_8535 ) 
     2 ctl_193_35 ( case_box_3147 ) 
     2 mux_state_193_57 ( mux_2089_4 ) 
     2 ctl_dmi_req_op_130_29 ( case_box_3150 ) 
     2 mux_state_130_29 ( mux_2089_5 ) 
     2 mux_state_237_38 ( bmux_3369 ) 
     2 mux_state_233_29 ( bmux_3370 ) 
     2 mux_state_256_29 ( bmux_3371 ) 
     2 mux_state_125_19 ( bmux_8543 ) 
     2 mux_dbgctrl_reg_131_35 ( mux_2089_6 ) 
     2 mux_havereset_142_41 ( bmux_3373 ) 
     2 mux_137_54 ( bmux_46_497 ) 
     2 mux_data0_reg_263_58 ( bmux_46_499 ) 
     2 mux_axi_op_130_29 ( mux_2089_7 ) 
     2 mux_axi_op_233_29 ( bmux_2_1113 ) 
     2 mux_axi_op_125_19 ( mux_2089_8 ) 
     2 mux_sbdata0_125_19 ( mux_204_109 ) 
     2 mux_sbaddress0_125_19 ( mux_204_110 ) 
     2 mux_cpu_reg_write_en_153_45 ( bmux_3376 ) 
     2 mux_cpu_reg_write_en_152_61 ( bmux_3377 ) 
     2 mux_cpu_reg_write_en_131_35 ( mux_53_2077 ) 
     2 mux_cpu_reg_write_en_130_29 ( mux_53_2078 ) 
     2 mux_cpu_reg_write_en_128_25 ( bmux_3378 ) 
     2 mux_cpu_reg_write_en_125_19 ( mux_53_2079 ) 
     2 mux_cpu_resume_req_125_19 ( mux_53_2080 ) 
     2 mux_axi_wdata_125_19 ( mux_204_111 ) 
     2 mux_axi_req_125_19 ( mux_84_7 ) 
     2 mux_198_42 ( bmux_108_27 ) 
     2 mux_199_42 ( bmux_2_1114 ) 
     2 mux_196_55 ( bmux_190_47 ) 
     2 mux_dmi_resp_data_209_49 ( bmux_46_501 ) 
     2 mux_dmi_resp_data_193_35 ( mux_8578 ) 
     2 mux_dmi_resp_data_125_19 ( mux_204_112 ) 
     2 mux_dmi_resp_valid_231_25 ( bmux_3383 ) 
     2 mux_dmi_resp_valid_125_19 ( mux_53_2081 ) 
     2 mux_is_background_axi_125_19 ( mux_84_8 ) 
  1 u_dtm_axi ( dtm_axi_master ) 
     2 ctl_i_op_144_29 ( case_box_3179 ) 
     2 mux_state_144_29 ( mux_53_2084 ) 
     2 ctl_state_140_19 ( case_box_3180 ) 
     2 mux_m_axi_awvalid_140_19 ( mux_53_2085 ) 
     2 mux_m_axi_arvalid_140_19 ( mux_53_2087 ) 
     2 mux_state_140_19 ( mux_8611 ) 
     2 mux_state_140_37 ( bmux_1773_3 ) 
     2 mux_o_resp_140_19 ( mux_2089_9 ) 
     2 mux_o_ack_140_19 ( mux_83_4 ) 
     2 mux_m_axi_bready_140_19 ( mux_53_2088 ) 
     2 mux_m_axi_rready_140_19 ( mux_53_2089 ) 
     2 lane_align_wdata_149_46:mux_lane_align_wdata_111_19 ( bmux_19_3 ) 
     2 get_wstrb_150_46:sll_125_43 ( shift_left_vlog_unsigned_5198_2 ) 
     2 get_wstrb_150_46:sll_126_43 ( shift_left_vlog_unsigned_8601 ) 
     2 get_wstrb_150_46:mux_get_wstrb_124_19 ( bmux_109_3 ) 
  1 u_itcm ( tcm_SIZE_BYTES16384_HAS_FETCH_PORT1 ) 
     2 u_mem ( asap7_sram_1rw_ADDR_W12_DATA_W32 ) 
        3 eq_69_56_I1 ( equal_unsigned_255_19 ) 
        3 eq_69_56_I2 ( equal_unsigned_255_20 ) 
        3 eq_69_56_I3 ( equal_unsigned_162_16 ) 
        3 eq_69_56_I4 ( equal_unsigned_162_17 ) 
        3 ctl_G_BANKED_RDATA.read_bank_q_96_33 ( case_box_3192 ) 
        3 mux_bank_rdata[G_BANKED_RDATA.read_bank_q]_96_33 ( mux_2030_3 ) 
     2 eq_164_30 ( equal_unsigned_255_21 ) 
     2 neq_192_61 ( nequal_unsigned_30_3 ) 
     2 eq_292_33 ( equal_unsigned_255_22 ) 
     2 eq_294_33 ( equal_unsigned_162_18 ) 
     2 mux_G_FETCH_ARB.f_starved_q_176_35 ( bmux_3394 ) 
     2 mux_280_49 ( bmux_3396 ) 
     2 mux_272_41 ( bmux_3398 ) 
     2 mux_271_41 ( bmux_2_1116 ) 
     2 mux_189_41 ( bmux_22_1 ) 
     2 mux_268_41 ( bmux_3400 ) 
     2 mux_d_stall_309_22 ( bmux_3402 ) 
     2 mux_d_hit_317_21 ( bmux_3403 ) 
     2 mux_mem_read_214_34 ( bmux_3404 ) 
     2 mux_mem_read_209_21 ( bmux_3405 ) 
     2 ctl_state_207_15 ( case_box_3232 ) 
     2 mux_mem_read_207_15 ( mux_53_2090 ) 
     2 mux_mem_write_214_34 ( bmux_3406 ) 
     2 mux_mem_write_209_21 ( bmux_3407 ) 
     2 mux_mem_write_207_15 ( bmux_388_16 ) 
     2 mux_mem_wdata_214_34 ( bmux_46_507 ) 
     2 mux_mem_wdata_209_21 ( bmux_46_508 ) 
     2 mux_mem_wdata_224_32 ( bmux_46_509 ) 
     2 mux_mem_wdata_207_15 ( bmux_1150_14 ) 
     2 mux_d_rdata_319_17 ( bmux_46_510 ) 
     2 mux_d_rdata_317_21 ( bmux_46_511 ) 
     2 mux_f_stall_307_23 ( bmux_3409 ) 
     2 mux_f_hit_312_21 ( bmux_3410 ) 
     2 mux_f_rdata_312_21 ( bmux_46_512 ) 
     2 ctl_state_263_19 ( case_box_3233 ) 
     2 mux_state_263_19 ( mux_83_5 ) 
     2 mux_state_263_60 ( bmux_388_17 ) 
     2 merge_write_data_227_33:mux_res_103_38 ( bmux_46_505 ) 
     2 merge_write_data_227_33:mux_res_105_30 ( bmux_1150_12 ) 
     2 merge_write_data_227_33:mux_res_101_19 ( bmux_1150_13 ) 
     2 read_data_with_size_320_27:mux_80_33 ( bmux_45_6 ) 
     2 read_data_with_size_320_27:mux_81_33 ( bmux_45_7 ) 
     2 read_data_with_size_320_27:mux_79_41 ( bmux_46_504 ) 
     2 read_data_with_size_320_27:mux_84_38 ( bmux_5206_8 ) 
     2 read_data_with_size_320_27:mux_85_38 ( bmux_5206_9 ) 
     2 read_data_with_size_320_27:mux_86_38 ( bmux_5206_10 ) 
     2 read_data_with_size_320_27:mux_87_38 ( bmux_5206_11 ) 
     2 read_data_with_size_320_27:mux_res_83_27 ( bmux_1150_10 ) 
     2 read_data_with_size_320_27:mux_res_77_19 ( bmux_1150_11 ) 
     2 mux_mem_addr_207_15 ( bmux_6495 ) 
     2 mux_mem_addr_209_21 ( bmux_6500 ) 
     2 mux_mem_addr_224_32 ( bmux_6501 ) 
  1 u_dtcm ( tcm_SIZE_BYTES16384_HAS_FETCH_PORT0 ) 
     2 u_mem ( asap7_sram_1rw_ADDR_W12_DATA_W32_1 ) 
        3 eq_69_56_I1 ( equal_unsigned_255_23 ) 
        3 eq_69_56_I2 ( equal_unsigned_255_24 ) 
        3 eq_69_56_I3 ( equal_unsigned_162_19 ) 
        3 eq_69_56_I4 ( equal_unsigned_162_20 ) 
        3 ctl_G_BANKED_RDATA.read_bank_q_96_33 ( case_box_3192_1 ) 
        3 mux_bank_rdata[G_BANKED_RDATA.read_bank_q]_96_33 ( mux_2030_4 ) 
     2 eq_164_30 ( equal_unsigned_255_25 ) 
     2 neq_192_61 ( nequal_unsigned_30_4 ) 
     2 eq_292_33 ( equal_unsigned_255_26 ) 
     2 eq_294_33 ( equal_unsigned_162_21 ) 
     2 mux_280_49 ( bmux_3412 ) 
     2 mux_272_41 ( bmux_3414 ) 
     2 mux_271_41 ( bmux_2_1119 ) 
     2 mux_189_41 ( bmux_22_5 ) 
     2 mux_268_41 ( bmux_3416 ) 
     2 mux_d_stall_309_22 ( bmux_3418 ) 
     2 mux_d_hit_317_21 ( bmux_3419 ) 
     2 mux_mem_read_214_34 ( bmux_3420 ) 
     2 mux_mem_read_209_21 ( bmux_3421 ) 
     2 ctl_state_207_15 ( case_box_3266 ) 
     2 mux_mem_read_207_15 ( mux_53_2091 ) 
     2 mux_mem_write_214_34 ( bmux_3422 ) 
     2 mux_mem_write_209_21 ( bmux_3423 ) 
     2 mux_mem_write_207_15 ( bmux_388_18 ) 
     2 mux_mem_wdata_214_34 ( bmux_46_516 ) 
     2 mux_mem_wdata_209_21 ( bmux_46_517 ) 
     2 mux_mem_wdata_224_32 ( bmux_46_518 ) 
     2 mux_mem_wdata_207_15 ( bmux_1150_19 ) 
     2 mux_d_rdata_319_17 ( bmux_46_519 ) 
     2 mux_d_rdata_317_21 ( bmux_46_520 ) 
     2 mux_f_hit_312_21 ( bmux_3425 ) 
     2 mux_f_rdata_312_21 ( bmux_46_521 ) 
     2 ctl_state_263_19 ( case_box_3267 ) 
     2 mux_state_263_19 ( mux_83_6 ) 
     2 mux_state_263_45 ( bmux_388_19 ) 
     2 merge_write_data_227_33:mux_res_103_38 ( bmux_46_514 ) 
     2 merge_write_data_227_33:mux_res_105_30 ( bmux_1150_17 ) 
     2 merge_write_data_227_33:mux_res_101_19 ( bmux_1150_18 ) 
     2 read_data_with_size_320_27:mux_80_33 ( bmux_45_8 ) 
     2 read_data_with_size_320_27:mux_81_33 ( bmux_45_9 ) 
     2 read_data_with_size_320_27:mux_79_41 ( bmux_46_513 ) 
     2 read_data_with_size_320_27:mux_84_38 ( bmux_5206_12 ) 
     2 read_data_with_size_320_27:mux_85_38 ( bmux_5206_13 ) 
     2 read_data_with_size_320_27:mux_86_38 ( bmux_5206_14 ) 
     2 read_data_with_size_320_27:mux_87_38 ( bmux_5206_15 ) 
     2 read_data_with_size_320_27:mux_res_83_27 ( bmux_1150_15 ) 
     2 read_data_with_size_320_27:mux_res_77_19 ( bmux_1150_16 ) 
     2 mux_mem_addr_207_15 ( bmux_6506 ) 
     2 mux_mem_addr_209_21 ( bmux_6507 ) 
     2 mux_mem_addr_224_32 ( bmux_6547 ) 
  1 u_axi_interconnect ( axi_interconnect_MST_AMT4_SLV_AMT7_OUTSTANDING_AMT4_MST_WEIGHTx00000005000000040000000300000001_TRANS_MST_ID_W5_TRANS_SLV_ID_W7_SLV_BASE_ADDRx20020000020000004000000080000000300000002000000000010000_SLV_ADDR_MASKxfffe0000ffff0000f8000000fc000000ff000000fffe0000ffff8000_SLV_W_FIFO_DEPTHx00000008000000020000000200000008000000020000000800000002_DSP_RDATA_DEPTH2_AXI_SIDEBAND_EN0_AXI_LOCK_CONST0_AXI_CACHE_CONST3_AXI_QOS_CONST0_AXI_REGION_CONST0 ) 
     2 DSP_GEN[0].dispatcher ( ai_dispatcher_SLV_AMT7_OUTSTANDING_AMT4_DATA_WIDTH32_ADDR_WIDTH32_TRANS_MST_ID_W5_TRANS_BURST_W2_TRANS_DATA_LEN_W8_TRANS_DATA_SIZE_W3_TRANS_WR_RESP_W2_SLV_ID_W3_SLV_ID_MSB_IDX31_SLV_ID_LSB_IDX29_SLV_BASE_ADDRx20020000020000004000000080000000300000002000000000010000_SLV_ADDR_MASKxfffe0000ffff0000f8000000fc000000ff000000fffe0000ffff8000_DSP_RDATA_DEPTH2 ) 
        3 write_channel ( dsp_write_channel_SLV_AMT7_OUTSTANDING_AMT4_DATA_WIDTH32_ADDR_WIDTH32_TRANS_MST_ID_W5_TRANS_BURST_W2_TRANS_DATA_LEN_W8_TRANS_DATA_SIZE_W3_TRANS_WR_RESP_W2_SLV_ID_W3_SLV_ID_MSB_IDX31_SLV_ID_LSB_IDX29_SLV_BASE_ADDRx20020000020000004000000080000000300000002000000000010000_SLV_ADDR_MASKxfffe0000ffff0000f8000000fc000000ff000000fffe0000ffff8000 ) 
           4 AW_channel ( dsp_Ax_channel_SLV_AMT7_OUTSTANDING_AMT4_DATA_WIDTH32_ADDR_WIDTH32_TRANS_MST_ID_W5_TRANS_BURST_W2_TRANS_DATA_LEN_W8_TRANS_DATA_SIZE_W3_SLV_ID_W3_SLV_ID_MSB_IDX31_SLV_ID_LSB_IDX29_SLV_BASE_ADDRx20020000020000004000000080000000300000002000000000010000_SLV_ADDR_MASKxfffe0000ffff0000f8000000fc000000ff000000fffe0000ffff8000 ) 
              5 fifo_xaddr_order ( sync_fifo_FIFO_TYPE0_DATA_WIDTH17_FIFO_DEPTH4 ) 
                 6 eq_38_38 ( equal_unsigned_162_22 ) 
                 6 add_54_30 ( add_unsigned_5261_2 ) 
                 6 eq_37_37 ( equal_unsigned_82_5 ) 
                 6 add_39_37 ( add_unsigned_5261_3 ) 
                 6 eq_39_45 ( equal_unsigned_82_6 ) 
                 6 add_40_38 ( add_unsigned_1931_3 ) 
                 6 eq_40_46 ( equal_unsigned_162_23 ) 
                 6 sub_41_36 ( sub_unsigned_8778 ) 
                 6 ctl_rd_addr_46_21 ( case_box_3277 ) 
                 6 mux_mem[rd_addr]_46_21 ( mux_8781 ) 
                 6 ctl_wr_addr_53_13 ( case_box_3278 ) 
              5 mst_skid_buffer ( skid_buffer_SBUF_TYPE1_DATA_WIDTH66 ) 
                 6 add_132_42 ( add_unsigned_1931_4 ) 
                 6 eq_116_34 ( equal_unsigned_162_24 ) 
                 6 add_135_42 ( add_unsigned_1931_5 ) 
                 6 ctl_BWD_REGISTERED.rd_ptr_123_34 ( case_box_3284 ) 
                 6 mux_BWD_REGISTERED.mem[BWD_REGISTERED.rd_ptr]_123_34 ( mux_8794 ) 
                 6 ctl_BWD_REGISTERED.wr_ptr_131_25 ( case_box_3285 ) 
              5 g47 ( and_op_3295 ) 
              5 mux_sa_AxREADY_i_206_46 ( mux_8795 ) 
              5 decode_gint ( Decoder_3_6_0 ) 
              5 eq_215_48 ( equal_unsigned_8797 ) 
              5 add_214_47 ( add_unsigned_8799 ) 
              5 eq_179_69_I7 ( equal_unsigned_143_1 ) 
              5 neq_205_45 ( nequal_unsigned_8803 ) 
              5 add_272_52 ( add_unsigned_8805 ) 
              5 eq_179_69_I1 ( equal_unsigned_8807 ) 
              5 eq_179_69_I2 ( equal_unsigned_143_2 ) 
              5 eq_179_69_I3 ( equal_unsigned_143_3 ) 
              5 eq_179_69_I4 ( equal_unsigned_38_19 ) 
              5 eq_179_69_I5 ( equal_unsigned_8815 ) 
              5 eq_179_69_I6 ( equal_unsigned_8817 ) 
              5 add_189_55_I7 ( add_unsigned_8819 ) 
              5 add_189_55_I6 ( add_unsigned_8819_1 ) 
              5 add_189_55_I5 ( add_unsigned_8819_2 ) 
              5 add_189_55_I4 ( add_unsigned_8819_3 ) 
              5 add_189_55_I3 ( add_unsigned_8819_4 ) 
              5 add_189_55_I2 ( add_unsigned_8819_5 ) 
              5 mux_addr_hit_count_r_187_17 ( bmux_3427 ) 
              5 mux_addr_hit_count_r_187_60 ( bmux_108_28 ) 
              5 mux_addr_hit_count_r_187_61 ( bmux_108_29 ) 
              5 mux_addr_hit_count_r_187_62 ( bmux_108_30 ) 
              5 mux_addr_hit_count_r_187_63 ( bmux_108_31 ) 
              5 mux_addr_hit_count_r_187_64 ( bmux_108_32 ) 
              5 mux_addr_hit_count_r_187_65 ( bmux_108_33 ) 
              5 ctl_addr_hit_187_17 ( case_box_3298 ) 
              5 mux_addr_slv_mapping_r_187_17 ( mux_8837 ) 
              5 mux_addr_slv_mapping_r_187_66 ( bmux_202_42 ) 
              5 mux_213_32 ( bmux_190_48 ) 
           4 W_channel ( dsp_W_channel_SLV_AMT7_DATA_WIDTH32_SLV_ID_W3_SLV_ID_MSB_IDX31_SLV_ID_LSB_IDX29 ) 
              5 slave_id_decoder ( onehot_decoder_INPUT_W4_OUTPUT_W7 ) 
                 6 eq_222_27_I7 ( equal_unsigned_82_7 ) 
                 6 eq_222_27_I6 ( equal_unsigned_82_8 ) 
                 6 eq_222_27_I5 ( equal_unsigned_82_9 ) 
                 6 eq_222_27_I4 ( equal_unsigned_78_6 ) 
                 6 eq_222_27_I3 ( equal_unsigned_78_7 ) 
                 6 eq_222_27_I2 ( equal_unsigned_70_5 ) 
                 6 eq_222_27_I1 ( equal_unsigned_70_6 ) 
                 6 mux_decoded_222_27 ( bmux_3428 ) 
                 6 mux_decoded_222_10 ( bmux_3429 ) 
                 6 mux_decoded_222_11 ( bmux_3430 ) 
                 6 mux_decoded_222_12 ( bmux_3431 ) 
                 6 mux_decoded_222_13 ( bmux_3432 ) 
                 6 mux_decoded_222_14 ( bmux_3433 ) 
                 6 mux_decoded_222_15 ( bmux_3434 ) 
                 6 mux_decoded_220_13 ( bmux_1884_2 ) 
              5 mst_skid_buffer ( skid_buffer_SBUF_TYPE1_DATA_WIDTH37 ) 
                 6 add_132_42 ( add_unsigned_1931_6 ) 
                 6 eq_116_34 ( equal_unsigned_162_25 ) 
                 6 add_135_42 ( add_unsigned_1931_7 ) 
                 6 ctl_BWD_REGISTERED.rd_ptr_123_34 ( case_box_3303 ) 
                 6 mux_BWD_REGISTERED.mem[BWD_REGISTERED.rd_ptr]_123_34 ( mux_8876 ) 
                 6 ctl_BWD_REGISTERED.wr_ptr_131_25 ( case_box_3304 ) 
              5 mux_sa_WREADY_i_559_69 ( mux_8795_1 ) 
              5 decode_gint ( Decoder_3_6_0_3309 ) 
           4 B_channel ( dsp_B_channel_SLV_AMT7_OUTSTANDING_AMT4_DATA_WIDTH32_ADDR_WIDTH32_TRANS_MST_ID_W5_TRANS_BURST_W2_TRANS_DATA_LEN_W8_TRANS_DATA_SIZE_W3_TRANS_WR_RESP_W2_SLV_ID_W3_SLV_ID_MSB_IDX31_SLV_ID_LSB_IDX29 ) 
              5 fifo_slv_order ( sync_fifo_FIFO_TYPE0_DATA_WIDTH9_FIFO_DEPTH4 ) 
                 6 eq_38_38 ( equal_unsigned_162_26 ) 
                 6 add_54_30 ( add_unsigned_5261_4 ) 
                 6 eq_37_37 ( equal_unsigned_82_10 ) 
                 6 add_39_37 ( add_unsigned_5261_5 ) 
                 6 eq_39_45 ( equal_unsigned_82_11 ) 
                 6 add_40_38 ( add_unsigned_1931_8 ) 
                 6 eq_40_46 ( equal_unsigned_162_27 ) 
                 6 sub_41_36 ( sub_unsigned_8778_1 ) 
                 6 ctl_rd_addr_46_21 ( case_box_3315 ) 
                 6 mux_mem[rd_addr]_46_21 ( mux_8898 ) 
                 6 ctl_wr_addr_53_13 ( case_box_3316 ) 
              5 SLV_FIFO[0].fifo_WRESP_slv ( sync_fifo_FIFO_TYPE0_DATA_WIDTH7_FIFO_DEPTH4 ) 
                 6 eq_38_38 ( equal_unsigned_162_28 ) 
                 6 add_54_30 ( add_unsigned_5261_6 ) 
                 6 eq_37_37 ( equal_unsigned_82_12 ) 
                 6 add_39_37 ( add_unsigned_5261_7 ) 
                 6 eq_39_45 ( equal_unsigned_82_13 ) 
                 6 add_40_38 ( add_unsigned_1931_9 ) 
                 6 eq_40_46 ( equal_unsigned_162_29 ) 
                 6 sub_41_36 ( sub_unsigned_8778_2 ) 
                 6 ctl_rd_addr_46_21 ( case_box_3324 ) 
                 6 mux_mem[rd_addr]_46_21 ( mux_8919 ) 
                 6 ctl_wr_addr_53_13 ( case_box_3325 ) 
              5 SLV_FIFO[1].fifo_WRESP_slv ( sync_fifo_FIFO_TYPE0_DATA_WIDTH7_FIFO_DEPTH4_1 ) 
                 6 eq_38_38 ( equal_unsigned_162_30 ) 
                 6 add_54_30 ( add_unsigned_5261_8 ) 
                 6 eq_37_37 ( equal_unsigned_82_14 ) 
                 6 add_39_37 ( add_unsigned_5261_9 ) 
                 6 eq_39_45 ( equal_unsigned_82_15 ) 
                 6 add_40_38 ( add_unsigned_1931_10 ) 
                 6 eq_40_46 ( equal_unsigned_162_31 ) 
                 6 sub_41_36 ( sub_unsigned_8778_3 ) 
                 6 ctl_rd_addr_46_21 ( case_box_3324_1 ) 
                 6 mux_mem[rd_addr]_46_21 ( mux_8919_1 ) 
                 6 ctl_wr_addr_53_13 ( case_box_3325_1 ) 
              5 SLV_FIFO[2].fifo_WRESP_slv ( sync_fifo_FIFO_TYPE0_DATA_WIDTH7_FIFO_DEPTH4_2 ) 
                 6 eq_38_38 ( equal_unsigned_162_32 ) 
                 6 add_54_30 ( add_unsigned_5261_10 ) 
                 6 eq_37_37 ( equal_unsigned_82_16 ) 
                 6 add_39_37 ( add_unsigned_5261_11 ) 
                 6 eq_39_45 ( equal_unsigned_82_17 ) 
                 6 add_40_38 ( add_unsigned_1931_11 ) 
                 6 eq_40_46 ( equal_unsigned_162_33 ) 
                 6 sub_41_36 ( sub_unsigned_8778_4 ) 
                 6 ctl_rd_addr_46_21 ( case_box_3324_2 ) 
                 6 mux_mem[rd_addr]_46_21 ( mux_8919_2 ) 
                 6 ctl_wr_addr_53_13 ( case_box_3325_2 ) 
              5 SLV_FIFO[3].fifo_WRESP_slv ( sync_fifo_FIFO_TYPE0_DATA_WIDTH7_FIFO_DEPTH4_3 ) 
                 6 eq_38_38 ( equal_unsigned_162_34 ) 
                 6 add_54_30 ( add_unsigned_5261_12 ) 
                 6 eq_37_37 ( equal_unsigned_82_18 ) 
                 6 add_39_37 ( add_unsigned_5261_13 ) 
                 6 eq_39_45 ( equal_unsigned_82_19 ) 
                 6 add_40_38 ( add_unsigned_1931_12 ) 
                 6 eq_40_46 ( equal_unsigned_162_35 ) 
                 6 sub_41_36 ( sub_unsigned_8778_5 ) 
                 6 ctl_rd_addr_46_21 ( case_box_3324_3 ) 
                 6 mux_mem[rd_addr]_46_21 ( mux_8919_3 ) 
                 6 ctl_wr_addr_53_13 ( case_box_3325_3 ) 
              5 SLV_FIFO[4].fifo_WRESP_slv ( sync_fifo_FIFO_TYPE0_DATA_WIDTH7_FIFO_DEPTH4_4 ) 
                 6 eq_38_38 ( equal_unsigned_162_36 ) 
                 6 add_54_30 ( add_unsigned_5261_14 ) 
                 6 eq_37_37 ( equal_unsigned_82_20 ) 
                 6 add_39_37 ( add_unsigned_5261_15 ) 
                 6 eq_39_45 ( equal_unsigned_82_21 ) 
                 6 add_40_38 ( add_unsigned_1931_13 ) 
                 6 eq_40_46 ( equal_unsigned_162_37 ) 
                 6 sub_41_36 ( sub_unsigned_8778_6 ) 
                 6 ctl_rd_addr_46_21 ( case_box_3324_4 ) 
                 6 mux_mem[rd_addr]_46_21 ( mux_8919_4 ) 
                 6 ctl_wr_addr_53_13 ( case_box_3325_4 ) 
              5 SLV_FIFO[5].fifo_WRESP_slv ( sync_fifo_FIFO_TYPE0_DATA_WIDTH7_FIFO_DEPTH4_5 ) 
                 6 eq_38_38 ( equal_unsigned_162_38 ) 
                 6 add_54_30 ( add_unsigned_5261_16 ) 
                 6 eq_37_37 ( equal_unsigned_82_22 ) 
                 6 add_39_37 ( add_unsigned_5261_17 ) 
                 6 eq_39_45 ( equal_unsigned_82_23 ) 
                 6 add_40_38 ( add_unsigned_1931_14 ) 
                 6 eq_40_46 ( equal_unsigned_162_39 ) 
                 6 sub_41_36 ( sub_unsigned_8778_7 ) 
                 6 ctl_rd_addr_46_21 ( case_box_3324_5 ) 
                 6 mux_mem[rd_addr]_46_21 ( mux_8919_5 ) 
                 6 ctl_wr_addr_53_13 ( case_box_3325_5 ) 
              5 SLV_FIFO[6].fifo_WRESP_slv ( sync_fifo_FIFO_TYPE0_DATA_WIDTH7_FIFO_DEPTH4_6 ) 
                 6 eq_38_38 ( equal_unsigned_162_40 ) 
                 6 add_54_30 ( add_unsigned_5261_18 ) 
                 6 eq_37_37 ( equal_unsigned_82_24 ) 
                 6 add_39_37 ( add_unsigned_5261_19 ) 
                 6 eq_39_45 ( equal_unsigned_82_25 ) 
                 6 add_40_38 ( add_unsigned_1931_15 ) 
                 6 eq_40_46 ( equal_unsigned_162_41 ) 
                 6 sub_41_36 ( sub_unsigned_8778_8 ) 
                 6 ctl_rd_addr_46_21 ( case_box_3324_6 ) 
                 6 mux_mem[rd_addr]_46_21 ( mux_8919_6 ) 
                 6 ctl_wr_addr_53_13 ( case_box_3325_6 ) 
              5 mst_skid_buffer ( skid_buffer_SBUF_TYPE3_DATA_WIDTH7 ) 
              5 eq_724_86_I1 ( equal_unsigned_70_7 ) 
              5 eq_724_86_I2 ( equal_unsigned_70_8 ) 
              5 eq_724_86_I3 ( equal_unsigned_78_8 ) 
              5 eq_724_86_I4 ( equal_unsigned_78_9 ) 
              5 eq_724_86_I5 ( equal_unsigned_82_26 ) 
              5 eq_724_86_I6 ( equal_unsigned_82_27 ) 
              5 eq_724_86_I7 ( equal_unsigned_82_28 ) 
              5 ctl_ord_slv_id_valid_750_32 ( case_box_3328 ) 
              5 mux_fifo_wresp_empty[ord_slv_id_valid]_750_32 ( mux_8795_2 ) 
              5 mux_748_31 ( bmux_3436 ) 
              5 mux_sa_BRESP_valid[ord_slv_id_valid]_747_42 ( mux_8611_1 ) 
              5 mux_sa_BID_valid[ord_slv_id_valid]_747_10 ( mux_8938 ) 
              5 mux_745_31 ( bmux_1884_3 ) 
           4 add_1086_60_I1 ( add_unsigned_8941 ) 
           4 eq_1086_75_I1 ( equal_unsigned_8943 ) 
        3 read_channel ( dsp_read_channel_SLV_AMT7_OUTSTANDING_AMT4_DATA_WIDTH32_ADDR_WIDTH32_TRANS_MST_ID_W5_TRANS_BURST_W2_TRANS_DATA_LEN_W8_TRANS_DATA_SIZE_W3_TRANS_WR_RESP_W2_SLV_ID_W3_SLV_ID_MSB_IDX31_SLV_ID_LSB_IDX29_SLV_BASE_ADDRx20020000020000004000000080000000300000002000000000010000_SLV_ADDR_MASKxfffe0000ffff0000f8000000fc000000ff000000fffe0000ffff8000_DSP_RDATA_DEPTH2 ) 
           4 AR_channel ( dsp_Ax_channel_SLV_AMT7_OUTSTANDING_AMT4_DATA_WIDTH32_ADDR_WIDTH32_TRANS_MST_ID_W5_TRANS_BURST_W2_TRANS_DATA_LEN_W8_TRANS_DATA_SIZE_W3_SLV_ID_W3_SLV_ID_MSB_IDX31_SLV_ID_LSB_IDX29_SLV_BASE_ADDRx20020000020000004000000080000000300000002000000000010000_SLV_ADDR_MASKxfffe0000ffff0000f8000000fc000000ff000000fffe0000ffff8000_1 ) 
              5 fifo_xaddr_order ( sync_fifo_FIFO_TYPE0_DATA_WIDTH17_FIFO_DEPTH4_1 ) 
                 6 eq_38_38 ( equal_unsigned_162_56 ) 
                 6 add_54_30 ( add_unsigned_5261_20 ) 
                 6 eq_37_37 ( equal_unsigned_82_32 ) 
                 6 add_39_37 ( add_unsigned_5261_21 ) 
                 6 eq_39_45 ( equal_unsigned_82_33 ) 
                 6 add_40_38 ( add_unsigned_1931_30 ) 
                 6 eq_40_46 ( equal_unsigned_162_57 ) 
                 6 sub_41_36 ( sub_unsigned_8778_9 ) 
                 6 ctl_rd_addr_46_21 ( case_box_3277_1 ) 
                 6 mux_mem[rd_addr]_46_21 ( mux_8781_1 ) 
                 6 ctl_wr_addr_53_13 ( case_box_3278_1 ) 
              5 mst_skid_buffer ( skid_buffer_SBUF_TYPE1_DATA_WIDTH66_1 ) 
                 6 add_132_42 ( add_unsigned_1931_31 ) 
                 6 eq_116_34 ( equal_unsigned_162_58 ) 
                 6 add_135_42 ( add_unsigned_1931_32 ) 
                 6 ctl_BWD_REGISTERED.rd_ptr_123_34 ( case_box_3284_1 ) 
                 6 mux_BWD_REGISTERED.mem[BWD_REGISTERED.rd_ptr]_123_34 ( mux_8794_1 ) 
                 6 ctl_BWD_REGISTERED.wr_ptr_131_25 ( case_box_3285_1 ) 
              5 g47 ( and_op_3295_1 ) 
              5 mux_sa_AxREADY_i_206_46 ( mux_8795_5 ) 
              5 decode_gint ( Decoder_3_6_0_1 ) 
              5 eq_215_48 ( equal_unsigned_8797_1 ) 
              5 add_214_47 ( add_unsigned_8799_1 ) 
              5 eq_179_69_I7 ( equal_unsigned_143_4 ) 
              5 neq_205_45 ( nequal_unsigned_8803_1 ) 
              5 add_272_52 ( add_unsigned_8805_1 ) 
              5 eq_179_69_I1 ( equal_unsigned_8807_1 ) 
              5 eq_179_69_I2 ( equal_unsigned_143_5 ) 
              5 eq_179_69_I3 ( equal_unsigned_143_6 ) 
              5 eq_179_69_I4 ( equal_unsigned_38_20 ) 
              5 eq_179_69_I5 ( equal_unsigned_8815_1 ) 
              5 eq_179_69_I6 ( equal_unsigned_8817_1 ) 
              5 add_189_55_I7 ( add_unsigned_8819_6 ) 
              5 add_189_55_I6 ( add_unsigned_8819_7 ) 
              5 add_189_55_I5 ( add_unsigned_8819_8 ) 
              5 add_189_55_I4 ( add_unsigned_8819_9 ) 
              5 add_189_55_I3 ( add_unsigned_8819_10 ) 
              5 add_189_55_I2 ( add_unsigned_8819_11 ) 
              5 mux_addr_hit_count_r_187_17 ( bmux_3439 ) 
              5 mux_addr_hit_count_r_187_60 ( bmux_108_34 ) 
              5 mux_addr_hit_count_r_187_61 ( bmux_108_35 ) 
              5 mux_addr_hit_count_r_187_62 ( bmux_108_36 ) 
              5 mux_addr_hit_count_r_187_63 ( bmux_108_37 ) 
              5 mux_addr_hit_count_r_187_64 ( bmux_108_38 ) 
              5 mux_addr_hit_count_r_187_65 ( bmux_108_39 ) 
              5 ctl_addr_hit_187_17 ( case_box_3298_1 ) 
              5 mux_addr_slv_mapping_r_187_17 ( mux_8837_1 ) 
              5 mux_addr_slv_mapping_r_187_66 ( bmux_202_61 ) 
              5 mux_213_32 ( bmux_190_50 ) 
           4 R_channel ( dsp_R_channel_SLV_AMT7_DATA_WIDTH32_TRANS_MST_ID_W5_TRANS_WR_RESP_W2_SLV_ID_W3_DSP_RDATA_DEPTH2 ) 
              5 SLV_FIFO[0].fifo_rdata ( sync_fifo_FIFO_TYPE0_DATA_WIDTH40_FIFO_DEPTH2 ) 
                 6 add_54_30 ( add_unsigned_1931_16 ) 
                 6 eq_37_37 ( equal_unsigned_162_42 ) 
                 6 add_39_37 ( add_unsigned_1931_17 ) 
                 6 eq_39_45 ( equal_unsigned_162_43 ) 
                 6 add_40_38 ( add_unsigned_2076_2 ) 
                 6 sub_41_36 ( sub_unsigned_8961 ) 
                 6 ctl_rd_addr_46_21 ( case_box_3341 ) 
                 6 mux_mem[rd_addr]_46_21 ( mux_8964 ) 
                 6 ctl_wr_addr_53_13 ( case_box_3342 ) 
              5 SLV_FIFO[1].fifo_rdata ( sync_fifo_FIFO_TYPE0_DATA_WIDTH40_FIFO_DEPTH2_1 ) 
                 6 add_54_30 ( add_unsigned_1931_18 ) 
                 6 eq_37_37 ( equal_unsigned_162_44 ) 
                 6 add_39_37 ( add_unsigned_1931_19 ) 
                 6 eq_39_45 ( equal_unsigned_162_45 ) 
                 6 add_40_38 ( add_unsigned_2076_3 ) 
                 6 sub_41_36 ( sub_unsigned_8961_1 ) 
                 6 ctl_rd_addr_46_21 ( case_box_3341_1 ) 
                 6 mux_mem[rd_addr]_46_21 ( mux_8964_1 ) 
                 6 ctl_wr_addr_53_13 ( case_box_3342_1 ) 
              5 SLV_FIFO[2].fifo_rdata ( sync_fifo_FIFO_TYPE0_DATA_WIDTH40_FIFO_DEPTH2_2 ) 
                 6 add_54_30 ( add_unsigned_1931_20 ) 
                 6 eq_37_37 ( equal_unsigned_162_46 ) 
                 6 add_39_37 ( add_unsigned_1931_21 ) 
                 6 eq_39_45 ( equal_unsigned_162_47 ) 
                 6 add_40_38 ( add_unsigned_2076_4 ) 
                 6 sub_41_36 ( sub_unsigned_8961_2 ) 
                 6 ctl_rd_addr_46_21 ( case_box_3341_2 ) 
                 6 mux_mem[rd_addr]_46_21 ( mux_8964_2 ) 
                 6 ctl_wr_addr_53_13 ( case_box_3342_2 ) 
              5 SLV_FIFO[3].fifo_rdata ( sync_fifo_FIFO_TYPE0_DATA_WIDTH40_FIFO_DEPTH2_3 ) 
                 6 add_54_30 ( add_unsigned_1931_22 ) 
                 6 eq_37_37 ( equal_unsigned_162_48 ) 
                 6 add_39_37 ( add_unsigned_1931_23 ) 
                 6 eq_39_45 ( equal_unsigned_162_49 ) 
                 6 add_40_38 ( add_unsigned_2076_5 ) 
                 6 sub_41_36 ( sub_unsigned_8961_3 ) 
                 6 ctl_rd_addr_46_21 ( case_box_3341_3 ) 
                 6 mux_mem[rd_addr]_46_21 ( mux_8964_3 ) 
                 6 ctl_wr_addr_53_13 ( case_box_3342_3 ) 
              5 SLV_FIFO[4].fifo_rdata ( sync_fifo_FIFO_TYPE0_DATA_WIDTH40_FIFO_DEPTH2_4 ) 
                 6 add_54_30 ( add_unsigned_1931_24 ) 
                 6 eq_37_37 ( equal_unsigned_162_50 ) 
                 6 add_39_37 ( add_unsigned_1931_25 ) 
                 6 eq_39_45 ( equal_unsigned_162_51 ) 
                 6 add_40_38 ( add_unsigned_2076_6 ) 
                 6 sub_41_36 ( sub_unsigned_8961_4 ) 
                 6 ctl_rd_addr_46_21 ( case_box_3341_4 ) 
                 6 mux_mem[rd_addr]_46_21 ( mux_8964_4 ) 
                 6 ctl_wr_addr_53_13 ( case_box_3342_4 ) 
              5 SLV_FIFO[5].fifo_rdata ( sync_fifo_FIFO_TYPE0_DATA_WIDTH40_FIFO_DEPTH2_5 ) 
                 6 add_54_30 ( add_unsigned_1931_26 ) 
                 6 eq_37_37 ( equal_unsigned_162_52 ) 
                 6 add_39_37 ( add_unsigned_1931_27 ) 
                 6 eq_39_45 ( equal_unsigned_162_53 ) 
                 6 add_40_38 ( add_unsigned_2076_7 ) 
                 6 sub_41_36 ( sub_unsigned_8961_5 ) 
                 6 ctl_rd_addr_46_21 ( case_box_3341_5 ) 
                 6 mux_mem[rd_addr]_46_21 ( mux_8964_5 ) 
                 6 ctl_wr_addr_53_13 ( case_box_3342_5 ) 
              5 SLV_FIFO[6].fifo_rdata ( sync_fifo_FIFO_TYPE0_DATA_WIDTH40_FIFO_DEPTH2_6 ) 
                 6 add_54_30 ( add_unsigned_1931_28 ) 
                 6 eq_37_37 ( equal_unsigned_162_54 ) 
                 6 add_39_37 ( add_unsigned_1931_29 ) 
                 6 eq_39_45 ( equal_unsigned_162_55 ) 
                 6 add_40_38 ( add_unsigned_2076_8 ) 
                 6 sub_41_36 ( sub_unsigned_8961_6 ) 
                 6 ctl_rd_addr_46_21 ( case_box_3341_6 ) 
                 6 mux_mem[rd_addr]_46_21 ( mux_8964_6 ) 
                 6 ctl_wr_addr_53_13 ( case_box_3342_6 ) 
              5 mst_skid_buffer ( skid_buffer_SBUF_TYPE3_DATA_WIDTH40 ) 
              5 eq_413_85_I1 ( equal_unsigned_70_9 ) 
              5 eq_413_85_I2 ( equal_unsigned_70_10 ) 
              5 eq_413_85_I3 ( equal_unsigned_78_10 ) 
              5 eq_413_85_I4 ( equal_unsigned_78_11 ) 
              5 eq_413_85_I5 ( equal_unsigned_82_29 ) 
              5 eq_413_85_I6 ( equal_unsigned_82_30 ) 
              5 eq_413_85_I7 ( equal_unsigned_82_31 ) 
              5 ctl_dsp_AR_slv_id_i_445_11 ( case_box_3345 ) 
              5 mux_fifo_rdata_empty[dsp_AR_slv_id_i]_445_11 ( mux_8795_3 ) 
              5 mux_443_31 ( bmux_3438 ) 
              5 mux_sa_RLAST_valid[dsp_AR_slv_id_i]_442_107 ( mux_8795_4 ) 
              5 mux_sa_RRESP_valid[dsp_AR_slv_id_i]_442_74 ( mux_8611_2 ) 
              5 mux_sa_RDATA_valid[dsp_AR_slv_id_i]_442_41 ( mux_8984 ) 
              5 mux_sa_RID_valid[dsp_AR_slv_id_i]_442_10 ( mux_8938_1 ) 
              5 mux_440_31 ( bmux_8986 ) 
           4 eq_882_60_I1 ( equal_unsigned_82_34 ) 
     2 DSP_GEN[1].dispatcher ( ai_dispatcher_SLV_AMT7_OUTSTANDING_AMT4_DATA_WIDTH32_ADDR_WIDTH32_TRANS_MST_ID_W5_TRANS_BURST_W2_TRANS_DATA_LEN_W8_TRANS_DATA_SIZE_W3_TRANS_WR_RESP_W2_SLV_ID_W3_SLV_ID_MSB_IDX31_SLV_ID_LSB_IDX29_SLV_BASE_ADDRx20020000020000004000000080000000300000002000000000010000_SLV_ADDR_MASKxfffe0000ffff0000f8000000fc000000ff000000fffe0000ffff8000_DSP_RDATA_DEPTH2_1 ) 
        3 write_channel ( dsp_write_channel_SLV_AMT7_OUTSTANDING_AMT4_DATA_WIDTH32_ADDR_WIDTH32_TRANS_MST_ID_W5_TRANS_BURST_W2_TRANS_DATA_LEN_W8_TRANS_DATA_SIZE_W3_TRANS_WR_RESP_W2_SLV_ID_W3_SLV_ID_MSB_IDX31_SLV_ID_LSB_IDX29_SLV_BASE_ADDRx20020000020000004000000080000000300000002000000000010000_SLV_ADDR_MASKxfffe0000ffff0000f8000000fc000000ff000000fffe0000ffff8000_1 ) 
           4 AW_channel ( dsp_Ax_channel_SLV_AMT7_OUTSTANDING_AMT4_DATA_WIDTH32_ADDR_WIDTH32_TRANS_MST_ID_W5_TRANS_BURST_W2_TRANS_DATA_LEN_W8_TRANS_DATA_SIZE_W3_SLV_ID_W3_SLV_ID_MSB_IDX31_SLV_ID_LSB_IDX29_SLV_BASE_ADDRx20020000020000004000000080000000300000002000000000010000_SLV_ADDR_MASKxfffe0000ffff0000f8000000fc000000ff000000fffe0000ffff8000_2 ) 
              5 fifo_xaddr_order ( sync_fifo_FIFO_TYPE0_DATA_WIDTH17_FIFO_DEPTH4_2 ) 
                 6 eq_38_38 ( equal_unsigned_162_294 ) 
                 6 add_54_30 ( add_unsigned_5261_174 ) 
                 6 eq_37_37 ( equal_unsigned_82_199 ) 
                 6 add_39_37 ( add_unsigned_5261_175 ) 
                 6 eq_39_45 ( equal_unsigned_82_200 ) 
                 6 add_40_38 ( add_unsigned_1931_177 ) 
                 6 eq_40_46 ( equal_unsigned_162_295 ) 
                 6 sub_41_36 ( sub_unsigned_8778_80 ) 
                 6 ctl_rd_addr_46_21 ( case_box_3277_2 ) 
                 6 mux_mem[rd_addr]_46_21 ( mux_8781_2 ) 
                 6 ctl_wr_addr_53_13 ( case_box_3278_2 ) 
              5 mst_skid_buffer ( skid_buffer_SBUF_TYPE1_DATA_WIDTH66_2 ) 
                 6 add_132_42 ( add_unsigned_1931_178 ) 
                 6 eq_116_34 ( equal_unsigned_162_296 ) 
                 6 add_135_42 ( add_unsigned_1931_179 ) 
                 6 ctl_BWD_REGISTERED.rd_ptr_123_34 ( case_box_3284_2 ) 
                 6 mux_BWD_REGISTERED.mem[BWD_REGISTERED.rd_ptr]_123_34 ( mux_8794_2 ) 
                 6 ctl_BWD_REGISTERED.wr_ptr_131_25 ( case_box_3285_2 ) 
              5 g47 ( and_op_3295_2 ) 
              5 mux_sa_AxREADY_i_206_46 ( mux_8795_6 ) 
              5 decode_gint ( Decoder_3_6_0_2 ) 
              5 eq_215_48 ( equal_unsigned_8797_9 ) 
              5 add_214_47 ( add_unsigned_8799_9 ) 
              5 eq_179_69_I7 ( equal_unsigned_143_7 ) 
              5 neq_205_45 ( nequal_unsigned_8803_2 ) 
              5 add_272_52 ( add_unsigned_8805_2 ) 
              5 eq_179_69_I1 ( equal_unsigned_8807_2 ) 
              5 eq_179_69_I2 ( equal_unsigned_143_8 ) 
              5 eq_179_69_I3 ( equal_unsigned_143_9 ) 
              5 eq_179_69_I4 ( equal_unsigned_38_21 ) 
              5 eq_179_69_I5 ( equal_unsigned_8815_2 ) 
              5 eq_179_69_I6 ( equal_unsigned_8817_2 ) 
              5 add_189_55_I7 ( add_unsigned_8819_36 ) 
              5 add_189_55_I6 ( add_unsigned_8819_37 ) 
              5 add_189_55_I5 ( add_unsigned_8819_38 ) 
              5 add_189_55_I4 ( add_unsigned_8819_39 ) 
              5 add_189_55_I3 ( add_unsigned_8819_40 ) 
              5 add_189_55_I2 ( add_unsigned_8819_41 ) 
              5 mux_addr_hit_count_r_187_17 ( bmux_4681 ) 
              5 mux_addr_hit_count_r_187_60 ( bmux_108_295 ) 
              5 mux_addr_hit_count_r_187_61 ( bmux_108_296 ) 
              5 mux_addr_hit_count_r_187_62 ( bmux_108_297 ) 
              5 mux_addr_hit_count_r_187_63 ( bmux_108_298 ) 
              5 mux_addr_hit_count_r_187_64 ( bmux_108_299 ) 
              5 mux_addr_hit_count_r_187_65 ( bmux_108_300 ) 
              5 ctl_addr_hit_187_17 ( case_box_3298_2 ) 
              5 mux_addr_slv_mapping_r_187_17 ( mux_8837_2 ) 
              5 mux_addr_slv_mapping_r_187_66 ( bmux_202_232 ) 
              5 mux_213_32 ( bmux_190_318 ) 
           4 W_channel ( dsp_W_channel_SLV_AMT7_DATA_WIDTH32_SLV_ID_W3_SLV_ID_MSB_IDX31_SLV_ID_LSB_IDX29_1 ) 
              5 slave_id_decoder ( onehot_decoder_INPUT_W4_OUTPUT_W7_1 ) 
                 6 eq_222_27_I7 ( equal_unsigned_82_201 ) 
                 6 eq_222_27_I6 ( equal_unsigned_82_202 ) 
                 6 eq_222_27_I5 ( equal_unsigned_82_203 ) 
                 6 eq_222_27_I4 ( equal_unsigned_78_12 ) 
                 6 eq_222_27_I3 ( equal_unsigned_78_13 ) 
                 6 eq_222_27_I2 ( equal_unsigned_70_18 ) 
                 6 eq_222_27_I1 ( equal_unsigned_70_19 ) 
                 6 mux_decoded_222_27 ( bmux_4682 ) 
                 6 mux_decoded_222_10 ( bmux_4683 ) 
                 6 mux_decoded_222_11 ( bmux_4684 ) 
                 6 mux_decoded_222_12 ( bmux_4685 ) 
                 6 mux_decoded_222_13 ( bmux_4686 ) 
                 6 mux_decoded_222_14 ( bmux_4687 ) 
                 6 mux_decoded_222_15 ( bmux_4688 ) 
                 6 mux_decoded_220_13 ( bmux_1884_256 ) 
              5 mst_skid_buffer ( skid_buffer_SBUF_TYPE1_DATA_WIDTH37_1 ) 
                 6 add_132_42 ( add_unsigned_1931_180 ) 
                 6 eq_116_34 ( equal_unsigned_162_297 ) 
                 6 add_135_42 ( add_unsigned_1931_181 ) 
                 6 ctl_BWD_REGISTERED.rd_ptr_123_34 ( case_box_3303_1 ) 
                 6 mux_BWD_REGISTERED.mem[BWD_REGISTERED.rd_ptr]_123_34 ( mux_8876_1 ) 
                 6 ctl_BWD_REGISTERED.wr_ptr_131_25 ( case_box_3304_1 ) 
              5 mux_sa_WREADY_i_559_69 ( mux_8795_7 ) 
              5 decode_gint ( Decoder_3_6_0_3309_1 ) 
           4 B_channel ( dsp_B_channel_SLV_AMT7_OUTSTANDING_AMT4_DATA_WIDTH32_ADDR_WIDTH32_TRANS_MST_ID_W5_TRANS_BURST_W2_TRANS_DATA_LEN_W8_TRANS_DATA_SIZE_W3_TRANS_WR_RESP_W2_SLV_ID_W3_SLV_ID_MSB_IDX31_SLV_ID_LSB_IDX29_1 ) 
              5 fifo_slv_order ( sync_fifo_FIFO_TYPE0_DATA_WIDTH9_FIFO_DEPTH4_1 ) 
                 6 eq_38_38 ( equal_unsigned_162_298 ) 
                 6 add_54_30 ( add_unsigned_5261_176 ) 
                 6 eq_37_37 ( equal_unsigned_82_204 ) 
                 6 add_39_37 ( add_unsigned_5261_177 ) 
                 6 eq_39_45 ( equal_unsigned_82_205 ) 
                 6 add_40_38 ( add_unsigned_1931_182 ) 
                 6 eq_40_46 ( equal_unsigned_162_299 ) 
                 6 sub_41_36 ( sub_unsigned_8778_81 ) 
                 6 ctl_rd_addr_46_21 ( case_box_3315_1 ) 
                 6 mux_mem[rd_addr]_46_21 ( mux_8898_1 ) 
                 6 ctl_wr_addr_53_13 ( case_box_3316_1 ) 
              5 SLV_FIFO[0].fifo_WRESP_slv ( sync_fifo_FIFO_TYPE0_DATA_WIDTH7_FIFO_DEPTH4_7 ) 
                 6 eq_38_38 ( equal_unsigned_162_300 ) 
                 6 add_54_30 ( add_unsigned_5261_178 ) 
                 6 eq_37_37 ( equal_unsigned_82_206 ) 
                 6 add_39_37 ( add_unsigned_5261_179 ) 
                 6 eq_39_45 ( equal_unsigned_82_207 ) 
                 6 add_40_38 ( add_unsigned_1931_183 ) 
                 6 eq_40_46 ( equal_unsigned_162_301 ) 
                 6 sub_41_36 ( sub_unsigned_8778_82 ) 
                 6 ctl_rd_addr_46_21 ( case_box_3324_7 ) 
                 6 mux_mem[rd_addr]_46_21 ( mux_8919_7 ) 
                 6 ctl_wr_addr_53_13 ( case_box_3325_7 ) 
              5 SLV_FIFO[1].fifo_WRESP_slv ( sync_fifo_FIFO_TYPE0_DATA_WIDTH7_FIFO_DEPTH4_8 ) 
                 6 eq_38_38 ( equal_unsigned_162_302 ) 
                 6 add_54_30 ( add_unsigned_5261_180 ) 
                 6 eq_37_37 ( equal_unsigned_82_208 ) 
                 6 add_39_37 ( add_unsigned_5261_181 ) 
                 6 eq_39_45 ( equal_unsigned_82_209 ) 
                 6 add_40_38 ( add_unsigned_1931_184 ) 
                 6 eq_40_46 ( equal_unsigned_162_303 ) 
                 6 sub_41_36 ( sub_unsigned_8778_83 ) 
                 6 ctl_rd_addr_46_21 ( case_box_3324_8 ) 
                 6 mux_mem[rd_addr]_46_21 ( mux_8919_8 ) 
                 6 ctl_wr_addr_53_13 ( case_box_3325_8 ) 
              5 SLV_FIFO[2].fifo_WRESP_slv ( sync_fifo_FIFO_TYPE0_DATA_WIDTH7_FIFO_DEPTH4_9 ) 
                 6 eq_38_38 ( equal_unsigned_162_304 ) 
                 6 add_54_30 ( add_unsigned_5261_182 ) 
                 6 eq_37_37 ( equal_unsigned_82_210 ) 
                 6 add_39_37 ( add_unsigned_5261_183 ) 
                 6 eq_39_45 ( equal_unsigned_82_211 ) 
                 6 add_40_38 ( add_unsigned_1931_185 ) 
                 6 eq_40_46 ( equal_unsigned_162_305 ) 
                 6 sub_41_36 ( sub_unsigned_8778_84 ) 
                 6 ctl_rd_addr_46_21 ( case_box_3324_9 ) 
                 6 mux_mem[rd_addr]_46_21 ( mux_8919_9 ) 
                 6 ctl_wr_addr_53_13 ( case_box_3325_9 ) 
              5 SLV_FIFO[3].fifo_WRESP_slv ( sync_fifo_FIFO_TYPE0_DATA_WIDTH7_FIFO_DEPTH4_10 ) 
                 6 eq_38_38 ( equal_unsigned_162_306 ) 
                 6 add_54_30 ( add_unsigned_5261_184 ) 
                 6 eq_37_37 ( equal_unsigned_82_212 ) 
                 6 add_39_37 ( add_unsigned_5261_185 ) 
                 6 eq_39_45 ( equal_unsigned_82_213 ) 
                 6 add_40_38 ( add_unsigned_1931_186 ) 
                 6 eq_40_46 ( equal_unsigned_162_307 ) 
                 6 sub_41_36 ( sub_unsigned_8778_85 ) 
                 6 ctl_rd_addr_46_21 ( case_box_3324_10 ) 
                 6 mux_mem[rd_addr]_46_21 ( mux_8919_10 ) 
                 6 ctl_wr_addr_53_13 ( case_box_3325_10 ) 
              5 SLV_FIFO[4].fifo_WRESP_slv ( sync_fifo_FIFO_TYPE0_DATA_WIDTH7_FIFO_DEPTH4_11 ) 
                 6 eq_38_38 ( equal_unsigned_162_308 ) 
                 6 add_54_30 ( add_unsigned_5261_186 ) 
                 6 eq_37_37 ( equal_unsigned_82_214 ) 
                 6 add_39_37 ( add_unsigned_5261_187 ) 
                 6 eq_39_45 ( equal_unsigned_82_215 ) 
                 6 add_40_38 ( add_unsigned_1931_187 ) 
                 6 eq_40_46 ( equal_unsigned_162_309 ) 
                 6 sub_41_36 ( sub_unsigned_8778_86 ) 
                 6 ctl_rd_addr_46_21 ( case_box_3324_11 ) 
                 6 mux_mem[rd_addr]_46_21 ( mux_8919_11 ) 
                 6 ctl_wr_addr_53_13 ( case_box_3325_11 ) 
              5 SLV_FIFO[5].fifo_WRESP_slv ( sync_fifo_FIFO_TYPE0_DATA_WIDTH7_FIFO_DEPTH4_12 ) 
                 6 eq_38_38 ( equal_unsigned_162_310 ) 
                 6 add_54_30 ( add_unsigned_5261_188 ) 
                 6 eq_37_37 ( equal_unsigned_82_216 ) 
                 6 add_39_37 ( add_unsigned_5261_189 ) 
                 6 eq_39_45 ( equal_unsigned_82_217 ) 
                 6 add_40_38 ( add_unsigned_1931_188 ) 
                 6 eq_40_46 ( equal_unsigned_162_311 ) 
                 6 sub_41_36 ( sub_unsigned_8778_87 ) 
                 6 ctl_rd_addr_46_21 ( case_box_3324_12 ) 
                 6 mux_mem[rd_addr]_46_21 ( mux_8919_12 ) 
                 6 ctl_wr_addr_53_13 ( case_box_3325_12 ) 
              5 SLV_FIFO[6].fifo_WRESP_slv ( sync_fifo_FIFO_TYPE0_DATA_WIDTH7_FIFO_DEPTH4_13 ) 
                 6 eq_38_38 ( equal_unsigned_162_312 ) 
                 6 add_54_30 ( add_unsigned_5261_190 ) 
                 6 eq_37_37 ( equal_unsigned_82_218 ) 
                 6 add_39_37 ( add_unsigned_5261_191 ) 
                 6 eq_39_45 ( equal_unsigned_82_219 ) 
                 6 add_40_38 ( add_unsigned_1931_189 ) 
                 6 eq_40_46 ( equal_unsigned_162_313 ) 
                 6 sub_41_36 ( sub_unsigned_8778_88 ) 
                 6 ctl_rd_addr_46_21 ( case_box_3324_13 ) 
                 6 mux_mem[rd_addr]_46_21 ( mux_8919_13 ) 
                 6 ctl_wr_addr_53_13 ( case_box_3325_13 ) 
              5 mst_skid_buffer ( skid_buffer_SBUF_TYPE3_DATA_WIDTH7_1 ) 
              5 eq_724_86_I1 ( equal_unsigned_70_20 ) 
              5 eq_724_86_I2 ( equal_unsigned_70_21 ) 
              5 eq_724_86_I3 ( equal_unsigned_78_14 ) 
              5 eq_724_86_I4 ( equal_unsigned_78_15 ) 
              5 eq_724_86_I5 ( equal_unsigned_82_220 ) 
              5 eq_724_86_I6 ( equal_unsigned_82_221 ) 
              5 eq_724_86_I7 ( equal_unsigned_82_222 ) 
              5 ctl_ord_slv_id_valid_750_32 ( case_box_3328_1 ) 
              5 mux_fifo_wresp_empty[ord_slv_id_valid]_750_32 ( mux_8795_8 ) 
              5 mux_748_31 ( bmux_4690 ) 
              5 mux_sa_BRESP_valid[ord_slv_id_valid]_747_42 ( mux_8611_3 ) 
              5 mux_sa_BID_valid[ord_slv_id_valid]_747_10 ( mux_8938_2 ) 
              5 mux_745_31 ( bmux_1884_257 ) 
           4 add_1086_60_I1 ( add_unsigned_8941_1 ) 
           4 eq_1086_75_I1 ( equal_unsigned_8943_1 ) 
        3 read_channel ( dsp_read_channel_SLV_AMT7_OUTSTANDING_AMT4_DATA_WIDTH32_ADDR_WIDTH32_TRANS_MST_ID_W5_TRANS_BURST_W2_TRANS_DATA_LEN_W8_TRANS_DATA_SIZE_W3_TRANS_WR_RESP_W2_SLV_ID_W3_SLV_ID_MSB_IDX31_SLV_ID_LSB_IDX29_SLV_BASE_ADDRx20020000020000004000000080000000300000002000000000010000_SLV_ADDR_MASKxfffe0000ffff0000f8000000fc000000ff000000fffe0000ffff8000_DSP_RDATA_DEPTH2_1 ) 
           4 AR_channel ( dsp_Ax_channel_SLV_AMT7_OUTSTANDING_AMT4_DATA_WIDTH32_ADDR_WIDTH32_TRANS_MST_ID_W5_TRANS_BURST_W2_TRANS_DATA_LEN_W8_TRANS_DATA_SIZE_W3_SLV_ID_W3_SLV_ID_MSB_IDX31_SLV_ID_LSB_IDX29_SLV_BASE_ADDRx20020000020000004000000080000000300000002000000000010000_SLV_ADDR_MASKxfffe0000ffff0000f8000000fc000000ff000000fffe0000ffff8000_3 ) 
              5 fifo_xaddr_order ( sync_fifo_FIFO_TYPE0_DATA_WIDTH17_FIFO_DEPTH4_3 ) 
                 6 eq_38_38 ( equal_unsigned_162_314 ) 
                 6 add_54_30 ( add_unsigned_5261_192 ) 
                 6 eq_37_37 ( equal_unsigned_82_223 ) 
                 6 add_39_37 ( add_unsigned_5261_193 ) 
                 6 eq_39_45 ( equal_unsigned_82_224 ) 
                 6 add_40_38 ( add_unsigned_1931_190 ) 
                 6 eq_40_46 ( equal_unsigned_162_315 ) 
                 6 sub_41_36 ( sub_unsigned_8778_89 ) 
                 6 ctl_rd_addr_46_21 ( case_box_3277_3 ) 
                 6 mux_mem[rd_addr]_46_21 ( mux_8781_3 ) 
                 6 ctl_wr_addr_53_13 ( case_box_3278_3 ) 
              5 mst_skid_buffer ( skid_buffer_SBUF_TYPE1_DATA_WIDTH66_3 ) 
                 6 add_132_42 ( add_unsigned_1931_191 ) 
                 6 eq_116_34 ( equal_unsigned_162_316 ) 
                 6 add_135_42 ( add_unsigned_1931_192 ) 
                 6 ctl_BWD_REGISTERED.rd_ptr_123_34 ( case_box_3284_3 ) 
                 6 mux_BWD_REGISTERED.mem[BWD_REGISTERED.rd_ptr]_123_34 ( mux_8794_3 ) 
                 6 ctl_BWD_REGISTERED.wr_ptr_131_25 ( case_box_3285_3 ) 
              5 g47 ( and_op_3295_3 ) 
              5 mux_sa_AxREADY_i_206_46 ( mux_8795_9 ) 
              5 decode_gint ( Decoder_3_6_0_3 ) 
              5 eq_215_48 ( equal_unsigned_8797_10 ) 
              5 add_214_47 ( add_unsigned_8799_10 ) 
              5 eq_179_69_I7 ( equal_unsigned_143_10 ) 
              5 neq_205_45 ( nequal_unsigned_8803_3 ) 
              5 add_272_52 ( add_unsigned_8805_3 ) 
              5 eq_179_69_I1 ( equal_unsigned_8807_3 ) 
              5 eq_179_69_I2 ( equal_unsigned_143_11 ) 
              5 eq_179_69_I3 ( equal_unsigned_143_12 ) 
              5 eq_179_69_I4 ( equal_unsigned_38_22 ) 
              5 eq_179_69_I5 ( equal_unsigned_8815_3 ) 
              5 eq_179_69_I6 ( equal_unsigned_8817_3 ) 
              5 add_189_55_I7 ( add_unsigned_8819_42 ) 
              5 add_189_55_I6 ( add_unsigned_8819_43 ) 
              5 add_189_55_I5 ( add_unsigned_8819_44 ) 
              5 add_189_55_I4 ( add_unsigned_8819_45 ) 
              5 add_189_55_I3 ( add_unsigned_8819_46 ) 
              5 add_189_55_I2 ( add_unsigned_8819_47 ) 
              5 mux_addr_hit_count_r_187_17 ( bmux_4691 ) 
              5 mux_addr_hit_count_r_187_60 ( bmux_108_301 ) 
              5 mux_addr_hit_count_r_187_61 ( bmux_108_302 ) 
              5 mux_addr_hit_count_r_187_62 ( bmux_108_303 ) 
              5 mux_addr_hit_count_r_187_63 ( bmux_108_304 ) 
              5 mux_addr_hit_count_r_187_64 ( bmux_108_305 ) 
              5 mux_addr_hit_count_r_187_65 ( bmux_108_306 ) 
              5 ctl_addr_hit_187_17 ( case_box_3298_3 ) 
              5 mux_addr_slv_mapping_r_187_17 ( mux_8837_3 ) 
              5 mux_addr_slv_mapping_r_187_66 ( bmux_202_251 ) 
              5 mux_213_32 ( bmux_190_320 ) 
           4 R_channel ( dsp_R_channel_SLV_AMT7_DATA_WIDTH32_TRANS_MST_ID_W5_TRANS_WR_RESP_W2_SLV_ID_W3_DSP_RDATA_DEPTH2_1 ) 
              5 SLV_FIFO[0].fifo_rdata ( sync_fifo_FIFO_TYPE0_DATA_WIDTH40_FIFO_DEPTH2_7 ) 
                 6 add_54_30 ( add_unsigned_1931_193 ) 
                 6 eq_37_37 ( equal_unsigned_162_317 ) 
                 6 add_39_37 ( add_unsigned_1931_194 ) 
                 6 eq_39_45 ( equal_unsigned_162_318 ) 
                 6 add_40_38 ( add_unsigned_2076_25 ) 
                 6 sub_41_36 ( sub_unsigned_8961_23 ) 
                 6 ctl_rd_addr_46_21 ( case_box_3341_7 ) 
                 6 mux_mem[rd_addr]_46_21 ( mux_8964_7 ) 
                 6 ctl_wr_addr_53_13 ( case_box_3342_7 ) 
              5 SLV_FIFO[1].fifo_rdata ( sync_fifo_FIFO_TYPE0_DATA_WIDTH40_FIFO_DEPTH2_8 ) 
                 6 add_54_30 ( add_unsigned_1931_195 ) 
                 6 eq_37_37 ( equal_unsigned_162_319 ) 
                 6 add_39_37 ( add_unsigned_1931_196 ) 
                 6 eq_39_45 ( equal_unsigned_162_320 ) 
                 6 add_40_38 ( add_unsigned_2076_26 ) 
                 6 sub_41_36 ( sub_unsigned_8961_24 ) 
                 6 ctl_rd_addr_46_21 ( case_box_3341_8 ) 
                 6 mux_mem[rd_addr]_46_21 ( mux_8964_8 ) 
                 6 ctl_wr_addr_53_13 ( case_box_3342_8 ) 
              5 SLV_FIFO[2].fifo_rdata ( sync_fifo_FIFO_TYPE0_DATA_WIDTH40_FIFO_DEPTH2_9 ) 
                 6 add_54_30 ( add_unsigned_1931_197 ) 
                 6 eq_37_37 ( equal_unsigned_162_321 ) 
                 6 add_39_37 ( add_unsigned_1931_198 ) 
                 6 eq_39_45 ( equal_unsigned_162_322 ) 
                 6 add_40_38 ( add_unsigned_2076_27 ) 
                 6 sub_41_36 ( sub_unsigned_8961_25 ) 
                 6 ctl_rd_addr_46_21 ( case_box_3341_9 ) 
                 6 mux_mem[rd_addr]_46_21 ( mux_8964_9 ) 
                 6 ctl_wr_addr_53_13 ( case_box_3342_9 ) 
              5 SLV_FIFO[3].fifo_rdata ( sync_fifo_FIFO_TYPE0_DATA_WIDTH40_FIFO_DEPTH2_10 ) 
                 6 add_54_30 ( add_unsigned_1931_199 ) 
                 6 eq_37_37 ( equal_unsigned_162_323 ) 
                 6 add_39_37 ( add_unsigned_1931_200 ) 
                 6 eq_39_45 ( equal_unsigned_162_324 ) 
                 6 add_40_38 ( add_unsigned_2076_28 ) 
                 6 sub_41_36 ( sub_unsigned_8961_26 ) 
                 6 ctl_rd_addr_46_21 ( case_box_3341_10 ) 
                 6 mux_mem[rd_addr]_46_21 ( mux_8964_10 ) 
                 6 ctl_wr_addr_53_13 ( case_box_3342_10 ) 
              5 SLV_FIFO[4].fifo_rdata ( sync_fifo_FIFO_TYPE0_DATA_WIDTH40_FIFO_DEPTH2_11 ) 
                 6 add_54_30 ( add_unsigned_1931_201 ) 
                 6 eq_37_37 ( equal_unsigned_162_325 ) 
                 6 add_39_37 ( add_unsigned_1931_202 ) 
                 6 eq_39_45 ( equal_unsigned_162_326 ) 
                 6 add_40_38 ( add_unsigned_2076_29 ) 
                 6 sub_41_36 ( sub_unsigned_8961_27 ) 
                 6 ctl_rd_addr_46_21 ( case_box_3341_11 ) 
                 6 mux_mem[rd_addr]_46_21 ( mux_8964_11 ) 
                 6 ctl_wr_addr_53_13 ( case_box_3342_11 ) 
              5 SLV_FIFO[5].fifo_rdata ( sync_fifo_FIFO_TYPE0_DATA_WIDTH40_FIFO_DEPTH2_12 ) 
                 6 add_54_30 ( add_unsigned_1931_203 ) 
                 6 eq_37_37 ( equal_unsigned_162_327 ) 
                 6 add_39_37 ( add_unsigned_1931_204 ) 
                 6 eq_39_45 ( equal_unsigned_162_328 ) 
                 6 add_40_38 ( add_unsigned_2076_30 ) 
                 6 sub_41_36 ( sub_unsigned_8961_28 ) 
                 6 ctl_rd_addr_46_21 ( case_box_3341_12 ) 
                 6 mux_mem[rd_addr]_46_21 ( mux_8964_12 ) 
                 6 ctl_wr_addr_53_13 ( case_box_3342_12 ) 
              5 SLV_FIFO[6].fifo_rdata ( sync_fifo_FIFO_TYPE0_DATA_WIDTH40_FIFO_DEPTH2_13 ) 
                 6 add_54_30 ( add_unsigned_1931_205 ) 
                 6 eq_37_37 ( equal_unsigned_162_329 ) 
                 6 add_39_37 ( add_unsigned_1931_206 ) 
                 6 eq_39_45 ( equal_unsigned_162_330 ) 
                 6 add_40_38 ( add_unsigned_2076_31 ) 
                 6 sub_41_36 ( sub_unsigned_8961_29 ) 
                 6 ctl_rd_addr_46_21 ( case_box_3341_13 ) 
                 6 mux_mem[rd_addr]_46_21 ( mux_8964_13 ) 
                 6 ctl_wr_addr_53_13 ( case_box_3342_13 ) 
              5 mst_skid_buffer ( skid_buffer_SBUF_TYPE3_DATA_WIDTH40_1 ) 
              5 eq_413_85_I1 ( equal_unsigned_70_22 ) 
              5 eq_413_85_I2 ( equal_unsigned_70_23 ) 
              5 eq_413_85_I3 ( equal_unsigned_78_16 ) 
              5 eq_413_85_I4 ( equal_unsigned_78_17 ) 
              5 eq_413_85_I5 ( equal_unsigned_82_225 ) 
              5 eq_413_85_I6 ( equal_unsigned_82_226 ) 
              5 eq_413_85_I7 ( equal_unsigned_82_227 ) 
              5 ctl_dsp_AR_slv_id_i_445_11 ( case_box_3345_1 ) 
              5 mux_fifo_rdata_empty[dsp_AR_slv_id_i]_445_11 ( mux_8795_10 ) 
              5 mux_443_31 ( bmux_4693 ) 
              5 mux_sa_RLAST_valid[dsp_AR_slv_id_i]_442_107 ( mux_8795_11 ) 
              5 mux_sa_RRESP_valid[dsp_AR_slv_id_i]_442_74 ( mux_8611_4 ) 
              5 mux_sa_RDATA_valid[dsp_AR_slv_id_i]_442_41 ( mux_8984_1 ) 
              5 mux_sa_RID_valid[dsp_AR_slv_id_i]_442_10 ( mux_8938_3 ) 
              5 mux_440_31 ( bmux_8986_1 ) 
           4 eq_882_60_I1 ( equal_unsigned_82_228 ) 
     2 DSP_GEN[2].dispatcher ( ai_dispatcher_SLV_AMT7_OUTSTANDING_AMT4_DATA_WIDTH32_ADDR_WIDTH32_TRANS_MST_ID_W5_TRANS_BURST_W2_TRANS_DATA_LEN_W8_TRANS_DATA_SIZE_W3_TRANS_WR_RESP_W2_SLV_ID_W3_SLV_ID_MSB_IDX31_SLV_ID_LSB_IDX29_SLV_BASE_ADDRx20020000020000004000000080000000300000002000000000010000_SLV_ADDR_MASKxfffe0000ffff0000f8000000fc000000ff000000fffe0000ffff8000_DSP_RDATA_DEPTH2_2 ) 
        3 write_channel ( dsp_write_channel_SLV_AMT7_OUTSTANDING_AMT4_DATA_WIDTH32_ADDR_WIDTH32_TRANS_MST_ID_W5_TRANS_BURST_W2_TRANS_DATA_LEN_W8_TRANS_DATA_SIZE_W3_TRANS_WR_RESP_W2_SLV_ID_W3_SLV_ID_MSB_IDX31_SLV_ID_LSB_IDX29_SLV_BASE_ADDRx20020000020000004000000080000000300000002000000000010000_SLV_ADDR_MASKxfffe0000ffff0000f8000000fc000000ff000000fffe0000ffff8000_2 ) 
           4 AW_channel ( dsp_Ax_channel_SLV_AMT7_OUTSTANDING_AMT4_DATA_WIDTH32_ADDR_WIDTH32_TRANS_MST_ID_W5_TRANS_BURST_W2_TRANS_DATA_LEN_W8_TRANS_DATA_SIZE_W3_SLV_ID_W3_SLV_ID_MSB_IDX31_SLV_ID_LSB_IDX29_SLV_BASE_ADDRx20020000020000004000000080000000300000002000000000010000_SLV_ADDR_MASKxfffe0000ffff0000f8000000fc000000ff000000fffe0000ffff8000_4 ) 
              5 fifo_xaddr_order ( sync_fifo_FIFO_TYPE0_DATA_WIDTH17_FIFO_DEPTH4_4 ) 
                 6 eq_38_38 ( equal_unsigned_162_331 ) 
                 6 add_54_30 ( add_unsigned_5261_194 ) 
                 6 eq_37_37 ( equal_unsigned_82_229 ) 
                 6 add_39_37 ( add_unsigned_5261_195 ) 
                 6 eq_39_45 ( equal_unsigned_82_230 ) 
                 6 add_40_38 ( add_unsigned_1931_207 ) 
                 6 eq_40_46 ( equal_unsigned_162_332 ) 
                 6 sub_41_36 ( sub_unsigned_8778_90 ) 
                 6 ctl_rd_addr_46_21 ( case_box_3277_4 ) 
                 6 mux_mem[rd_addr]_46_21 ( mux_8781_4 ) 
                 6 ctl_wr_addr_53_13 ( case_box_3278_4 ) 
              5 mst_skid_buffer ( skid_buffer_SBUF_TYPE1_DATA_WIDTH66_4 ) 
                 6 add_132_42 ( add_unsigned_1931_208 ) 
                 6 eq_116_34 ( equal_unsigned_162_333 ) 
                 6 add_135_42 ( add_unsigned_1931_209 ) 
                 6 ctl_BWD_REGISTERED.rd_ptr_123_34 ( case_box_3284_4 ) 
                 6 mux_BWD_REGISTERED.mem[BWD_REGISTERED.rd_ptr]_123_34 ( mux_8794_4 ) 
                 6 ctl_BWD_REGISTERED.wr_ptr_131_25 ( case_box_3285_4 ) 
              5 g47 ( and_op_3295_4 ) 
              5 mux_sa_AxREADY_i_206_46 ( mux_8795_12 ) 
              5 decode_gint ( Decoder_3_6_0_4 ) 
              5 eq_215_48 ( equal_unsigned_8797_11 ) 
              5 add_214_47 ( add_unsigned_8799_11 ) 
              5 eq_179_69_I7 ( equal_unsigned_143_13 ) 
              5 neq_205_45 ( nequal_unsigned_8803_4 ) 
              5 add_272_52 ( add_unsigned_8805_4 ) 
              5 eq_179_69_I1 ( equal_unsigned_8807_4 ) 
              5 eq_179_69_I2 ( equal_unsigned_143_14 ) 
              5 eq_179_69_I3 ( equal_unsigned_143_15 ) 
              5 eq_179_69_I4 ( equal_unsigned_38_23 ) 
              5 eq_179_69_I5 ( equal_unsigned_8815_4 ) 
              5 eq_179_69_I6 ( equal_unsigned_8817_4 ) 
              5 add_189_55_I7 ( add_unsigned_8819_48 ) 
              5 add_189_55_I6 ( add_unsigned_8819_49 ) 
              5 add_189_55_I5 ( add_unsigned_8819_50 ) 
              5 add_189_55_I4 ( add_unsigned_8819_51 ) 
              5 add_189_55_I3 ( add_unsigned_8819_52 ) 
              5 add_189_55_I2 ( add_unsigned_8819_53 ) 
              5 mux_addr_hit_count_r_187_17 ( bmux_4694 ) 
              5 mux_addr_hit_count_r_187_60 ( bmux_108_307 ) 
              5 mux_addr_hit_count_r_187_61 ( bmux_108_308 ) 
              5 mux_addr_hit_count_r_187_62 ( bmux_108_309 ) 
              5 mux_addr_hit_count_r_187_63 ( bmux_108_310 ) 
              5 mux_addr_hit_count_r_187_64 ( bmux_108_311 ) 
              5 mux_addr_hit_count_r_187_65 ( bmux_108_312 ) 
              5 ctl_addr_hit_187_17 ( case_box_3298_4 ) 
              5 mux_addr_slv_mapping_r_187_17 ( mux_8837_4 ) 
              5 mux_addr_slv_mapping_r_187_66 ( bmux_202_254 ) 
              5 mux_213_32 ( bmux_190_322 ) 
           4 W_channel ( dsp_W_channel_SLV_AMT7_DATA_WIDTH32_SLV_ID_W3_SLV_ID_MSB_IDX31_SLV_ID_LSB_IDX29_2 ) 
              5 slave_id_decoder ( onehot_decoder_INPUT_W4_OUTPUT_W7_2 ) 
                 6 eq_222_27_I7 ( equal_unsigned_82_231 ) 
                 6 eq_222_27_I6 ( equal_unsigned_82_232 ) 
                 6 eq_222_27_I5 ( equal_unsigned_82_233 ) 
                 6 eq_222_27_I4 ( equal_unsigned_78_18 ) 
                 6 eq_222_27_I3 ( equal_unsigned_78_19 ) 
                 6 eq_222_27_I2 ( equal_unsigned_70_24 ) 
                 6 eq_222_27_I1 ( equal_unsigned_70_25 ) 
                 6 mux_decoded_222_27 ( bmux_4695 ) 
                 6 mux_decoded_222_10 ( bmux_4696 ) 
                 6 mux_decoded_222_11 ( bmux_4697 ) 
                 6 mux_decoded_222_12 ( bmux_4698 ) 
                 6 mux_decoded_222_13 ( bmux_4699 ) 
                 6 mux_decoded_222_14 ( bmux_4700 ) 
                 6 mux_decoded_222_15 ( bmux_4701 ) 
                 6 mux_decoded_220_13 ( bmux_1884_258 ) 
              5 mst_skid_buffer ( skid_buffer_SBUF_TYPE1_DATA_WIDTH37_2 ) 
                 6 add_132_42 ( add_unsigned_1931_210 ) 
                 6 eq_116_34 ( equal_unsigned_162_334 ) 
                 6 add_135_42 ( add_unsigned_1931_211 ) 
                 6 ctl_BWD_REGISTERED.rd_ptr_123_34 ( case_box_3303_2 ) 
                 6 mux_BWD_REGISTERED.mem[BWD_REGISTERED.rd_ptr]_123_34 ( mux_8876_2 ) 
                 6 ctl_BWD_REGISTERED.wr_ptr_131_25 ( case_box_3304_2 ) 
              5 mux_sa_WREADY_i_559_69 ( mux_8795_13 ) 
              5 decode_gint ( Decoder_3_6_0_3309_2 ) 
           4 B_channel ( dsp_B_channel_SLV_AMT7_OUTSTANDING_AMT4_DATA_WIDTH32_ADDR_WIDTH32_TRANS_MST_ID_W5_TRANS_BURST_W2_TRANS_DATA_LEN_W8_TRANS_DATA_SIZE_W3_TRANS_WR_RESP_W2_SLV_ID_W3_SLV_ID_MSB_IDX31_SLV_ID_LSB_IDX29_2 ) 
              5 fifo_slv_order ( sync_fifo_FIFO_TYPE0_DATA_WIDTH9_FIFO_DEPTH4_2 ) 
                 6 eq_38_38 ( equal_unsigned_162_335 ) 
                 6 add_54_30 ( add_unsigned_5261_196 ) 
                 6 eq_37_37 ( equal_unsigned_82_234 ) 
                 6 add_39_37 ( add_unsigned_5261_197 ) 
                 6 eq_39_45 ( equal_unsigned_82_235 ) 
                 6 add_40_38 ( add_unsigned_1931_212 ) 
                 6 eq_40_46 ( equal_unsigned_162_336 ) 
                 6 sub_41_36 ( sub_unsigned_8778_91 ) 
                 6 ctl_rd_addr_46_21 ( case_box_3315_2 ) 
                 6 mux_mem[rd_addr]_46_21 ( mux_8898_2 ) 
                 6 ctl_wr_addr_53_13 ( case_box_3316_2 ) 
              5 SLV_FIFO[0].fifo_WRESP_slv ( sync_fifo_FIFO_TYPE0_DATA_WIDTH7_FIFO_DEPTH4_14 ) 
                 6 eq_38_38 ( equal_unsigned_162_337 ) 
                 6 add_54_30 ( add_unsigned_5261_198 ) 
                 6 eq_37_37 ( equal_unsigned_82_236 ) 
                 6 add_39_37 ( add_unsigned_5261_199 ) 
                 6 eq_39_45 ( equal_unsigned_82_237 ) 
                 6 add_40_38 ( add_unsigned_1931_213 ) 
                 6 eq_40_46 ( equal_unsigned_162_338 ) 
                 6 sub_41_36 ( sub_unsigned_8778_92 ) 
                 6 ctl_rd_addr_46_21 ( case_box_3324_14 ) 
                 6 mux_mem[rd_addr]_46_21 ( mux_8919_14 ) 
                 6 ctl_wr_addr_53_13 ( case_box_3325_14 ) 
              5 SLV_FIFO[1].fifo_WRESP_slv ( sync_fifo_FIFO_TYPE0_DATA_WIDTH7_FIFO_DEPTH4_15 ) 
                 6 eq_38_38 ( equal_unsigned_162_339 ) 
                 6 add_54_30 ( add_unsigned_5261_200 ) 
                 6 eq_37_37 ( equal_unsigned_82_238 ) 
                 6 add_39_37 ( add_unsigned_5261_201 ) 
                 6 eq_39_45 ( equal_unsigned_82_239 ) 
                 6 add_40_38 ( add_unsigned_1931_214 ) 
                 6 eq_40_46 ( equal_unsigned_162_340 ) 
                 6 sub_41_36 ( sub_unsigned_8778_93 ) 
                 6 ctl_rd_addr_46_21 ( case_box_3324_15 ) 
                 6 mux_mem[rd_addr]_46_21 ( mux_8919_15 ) 
                 6 ctl_wr_addr_53_13 ( case_box_3325_15 ) 
              5 SLV_FIFO[2].fifo_WRESP_slv ( sync_fifo_FIFO_TYPE0_DATA_WIDTH7_FIFO_DEPTH4_16 ) 
                 6 eq_38_38 ( equal_unsigned_162_341 ) 
                 6 add_54_30 ( add_unsigned_5261_202 ) 
                 6 eq_37_37 ( equal_unsigned_82_240 ) 
                 6 add_39_37 ( add_unsigned_5261_203 ) 
                 6 eq_39_45 ( equal_unsigned_82_241 ) 
                 6 add_40_38 ( add_unsigned_1931_215 ) 
                 6 eq_40_46 ( equal_unsigned_162_342 ) 
                 6 sub_41_36 ( sub_unsigned_8778_94 ) 
                 6 ctl_rd_addr_46_21 ( case_box_3324_16 ) 
                 6 mux_mem[rd_addr]_46_21 ( mux_8919_16 ) 
                 6 ctl_wr_addr_53_13 ( case_box_3325_16 ) 
              5 SLV_FIFO[3].fifo_WRESP_slv ( sync_fifo_FIFO_TYPE0_DATA_WIDTH7_FIFO_DEPTH4_17 ) 
                 6 eq_38_38 ( equal_unsigned_162_343 ) 
                 6 add_54_30 ( add_unsigned_5261_204 ) 
                 6 eq_37_37 ( equal_unsigned_82_242 ) 
                 6 add_39_37 ( add_unsigned_5261_205 ) 
                 6 eq_39_45 ( equal_unsigned_82_243 ) 
                 6 add_40_38 ( add_unsigned_1931_216 ) 
                 6 eq_40_46 ( equal_unsigned_162_344 ) 
                 6 sub_41_36 ( sub_unsigned_8778_95 ) 
                 6 ctl_rd_addr_46_21 ( case_box_3324_17 ) 
                 6 mux_mem[rd_addr]_46_21 ( mux_8919_17 ) 
                 6 ctl_wr_addr_53_13 ( case_box_3325_17 ) 
              5 SLV_FIFO[4].fifo_WRESP_slv ( sync_fifo_FIFO_TYPE0_DATA_WIDTH7_FIFO_DEPTH4_18 ) 
                 6 eq_38_38 ( equal_unsigned_162_345 ) 
                 6 add_54_30 ( add_unsigned_5261_206 ) 
                 6 eq_37_37 ( equal_unsigned_82_244 ) 
                 6 add_39_37 ( add_unsigned_5261_207 ) 
                 6 eq_39_45 ( equal_unsigned_82_245 ) 
                 6 add_40_38 ( add_unsigned_1931_217 ) 
                 6 eq_40_46 ( equal_unsigned_162_346 ) 
                 6 sub_41_36 ( sub_unsigned_8778_96 ) 
                 6 ctl_rd_addr_46_21 ( case_box_3324_18 ) 
                 6 mux_mem[rd_addr]_46_21 ( mux_8919_18 ) 
                 6 ctl_wr_addr_53_13 ( case_box_3325_18 ) 
              5 SLV_FIFO[5].fifo_WRESP_slv ( sync_fifo_FIFO_TYPE0_DATA_WIDTH7_FIFO_DEPTH4_19 ) 
                 6 eq_38_38 ( equal_unsigned_162_347 ) 
                 6 add_54_30 ( add_unsigned_5261_208 ) 
                 6 eq_37_37 ( equal_unsigned_82_246 ) 
                 6 add_39_37 ( add_unsigned_5261_209 ) 
                 6 eq_39_45 ( equal_unsigned_82_247 ) 
                 6 add_40_38 ( add_unsigned_1931_218 ) 
                 6 eq_40_46 ( equal_unsigned_162_348 ) 
                 6 sub_41_36 ( sub_unsigned_8778_97 ) 
                 6 ctl_rd_addr_46_21 ( case_box_3324_19 ) 
                 6 mux_mem[rd_addr]_46_21 ( mux_8919_19 ) 
                 6 ctl_wr_addr_53_13 ( case_box_3325_19 ) 
              5 SLV_FIFO[6].fifo_WRESP_slv ( sync_fifo_FIFO_TYPE0_DATA_WIDTH7_FIFO_DEPTH4_20 ) 
                 6 eq_38_38 ( equal_unsigned_162_349 ) 
                 6 add_54_30 ( add_unsigned_5261_210 ) 
                 6 eq_37_37 ( equal_unsigned_82_248 ) 
                 6 add_39_37 ( add_unsigned_5261_211 ) 
                 6 eq_39_45 ( equal_unsigned_82_249 ) 
                 6 add_40_38 ( add_unsigned_1931_219 ) 
                 6 eq_40_46 ( equal_unsigned_162_350 ) 
                 6 sub_41_36 ( sub_unsigned_8778_98 ) 
                 6 ctl_rd_addr_46_21 ( case_box_3324_20 ) 
                 6 mux_mem[rd_addr]_46_21 ( mux_8919_20 ) 
                 6 ctl_wr_addr_53_13 ( case_box_3325_20 ) 
              5 mst_skid_buffer ( skid_buffer_SBUF_TYPE3_DATA_WIDTH7_2 ) 
              5 eq_724_86_I1 ( equal_unsigned_70_26 ) 
              5 eq_724_86_I2 ( equal_unsigned_70_27 ) 
              5 eq_724_86_I3 ( equal_unsigned_78_20 ) 
              5 eq_724_86_I4 ( equal_unsigned_78_21 ) 
              5 eq_724_86_I5 ( equal_unsigned_82_250 ) 
              5 eq_724_86_I6 ( equal_unsigned_82_251 ) 
              5 eq_724_86_I7 ( equal_unsigned_82_252 ) 
              5 ctl_ord_slv_id_valid_750_32 ( case_box_3328_2 ) 
              5 mux_fifo_wresp_empty[ord_slv_id_valid]_750_32 ( mux_8795_14 ) 
              5 mux_748_31 ( bmux_4703 ) 
              5 mux_sa_BRESP_valid[ord_slv_id_valid]_747_42 ( mux_8611_5 ) 
              5 mux_sa_BID_valid[ord_slv_id_valid]_747_10 ( mux_8938_4 ) 
              5 mux_745_31 ( bmux_1884_259 ) 
           4 add_1086_60_I1 ( add_unsigned_8941_2 ) 
           4 eq_1086_75_I1 ( equal_unsigned_8943_2 ) 
        3 read_channel ( dsp_read_channel_SLV_AMT7_OUTSTANDING_AMT4_DATA_WIDTH32_ADDR_WIDTH32_TRANS_MST_ID_W5_TRANS_BURST_W2_TRANS_DATA_LEN_W8_TRANS_DATA_SIZE_W3_TRANS_WR_RESP_W2_SLV_ID_W3_SLV_ID_MSB_IDX31_SLV_ID_LSB_IDX29_SLV_BASE_ADDRx20020000020000004000000080000000300000002000000000010000_SLV_ADDR_MASKxfffe0000ffff0000f8000000fc000000ff000000fffe0000ffff8000_DSP_RDATA_DEPTH2_2 ) 
           4 AR_channel ( dsp_Ax_channel_SLV_AMT7_OUTSTANDING_AMT4_DATA_WIDTH32_ADDR_WIDTH32_TRANS_MST_ID_W5_TRANS_BURST_W2_TRANS_DATA_LEN_W8_TRANS_DATA_SIZE_W3_SLV_ID_W3_SLV_ID_MSB_IDX31_SLV_ID_LSB_IDX29_SLV_BASE_ADDRx20020000020000004000000080000000300000002000000000010000_SLV_ADDR_MASKxfffe0000ffff0000f8000000fc000000ff000000fffe0000ffff8000_5 ) 
              5 fifo_xaddr_order ( sync_fifo_FIFO_TYPE0_DATA_WIDTH17_FIFO_DEPTH4_5 ) 
                 6 eq_38_38 ( equal_unsigned_162_351 ) 
                 6 add_54_30 ( add_unsigned_5261_212 ) 
                 6 eq_37_37 ( equal_unsigned_82_253 ) 
                 6 add_39_37 ( add_unsigned_5261_213 ) 
                 6 eq_39_45 ( equal_unsigned_82_254 ) 
                 6 add_40_38 ( add_unsigned_1931_220 ) 
                 6 eq_40_46 ( equal_unsigned_162_352 ) 
                 6 sub_41_36 ( sub_unsigned_8778_99 ) 
                 6 ctl_rd_addr_46_21 ( case_box_3277_5 ) 
                 6 mux_mem[rd_addr]_46_21 ( mux_8781_5 ) 
                 6 ctl_wr_addr_53_13 ( case_box_3278_5 ) 
              5 mst_skid_buffer ( skid_buffer_SBUF_TYPE1_DATA_WIDTH66_5 ) 
                 6 add_132_42 ( add_unsigned_1931_221 ) 
                 6 eq_116_34 ( equal_unsigned_162_353 ) 
                 6 add_135_42 ( add_unsigned_1931_222 ) 
                 6 ctl_BWD_REGISTERED.rd_ptr_123_34 ( case_box_3284_5 ) 
                 6 mux_BWD_REGISTERED.mem[BWD_REGISTERED.rd_ptr]_123_34 ( mux_8794_5 ) 
                 6 ctl_BWD_REGISTERED.wr_ptr_131_25 ( case_box_3285_5 ) 
              5 g47 ( and_op_3295_5 ) 
              5 mux_sa_AxREADY_i_206_46 ( mux_8795_15 ) 
              5 decode_gint ( Decoder_3_6_0_5 ) 
              5 eq_215_48 ( equal_unsigned_8797_12 ) 
              5 add_214_47 ( add_unsigned_8799_12 ) 
              5 eq_179_69_I7 ( equal_unsigned_143_16 ) 
              5 neq_205_45 ( nequal_unsigned_8803_5 ) 
              5 add_272_52 ( add_unsigned_8805_5 ) 
              5 eq_179_69_I1 ( equal_unsigned_8807_5 ) 
              5 eq_179_69_I2 ( equal_unsigned_143_17 ) 
              5 eq_179_69_I3 ( equal_unsigned_143_18 ) 
              5 eq_179_69_I4 ( equal_unsigned_38_24 ) 
              5 eq_179_69_I5 ( equal_unsigned_8815_5 ) 
              5 eq_179_69_I6 ( equal_unsigned_8817_5 ) 
              5 add_189_55_I7 ( add_unsigned_8819_54 ) 
              5 add_189_55_I6 ( add_unsigned_8819_55 ) 
              5 add_189_55_I5 ( add_unsigned_8819_56 ) 
              5 add_189_55_I4 ( add_unsigned_8819_57 ) 
              5 add_189_55_I3 ( add_unsigned_8819_58 ) 
              5 add_189_55_I2 ( add_unsigned_8819_59 ) 
              5 mux_addr_hit_count_r_187_17 ( bmux_4704 ) 
              5 mux_addr_hit_count_r_187_60 ( bmux_108_313 ) 
              5 mux_addr_hit_count_r_187_61 ( bmux_108_314 ) 
              5 mux_addr_hit_count_r_187_62 ( bmux_108_315 ) 
              5 mux_addr_hit_count_r_187_63 ( bmux_108_316 ) 
              5 mux_addr_hit_count_r_187_64 ( bmux_108_317 ) 
              5 mux_addr_hit_count_r_187_65 ( bmux_108_318 ) 
              5 ctl_addr_hit_187_17 ( case_box_3298_5 ) 
              5 mux_addr_slv_mapping_r_187_17 ( mux_8837_5 ) 
              5 mux_addr_slv_mapping_r_187_66 ( bmux_202_273 ) 
              5 mux_213_32 ( bmux_190_324 ) 
           4 R_channel ( dsp_R_channel_SLV_AMT7_DATA_WIDTH32_TRANS_MST_ID_W5_TRANS_WR_RESP_W2_SLV_ID_W3_DSP_RDATA_DEPTH2_2 ) 
              5 SLV_FIFO[0].fifo_rdata ( sync_fifo_FIFO_TYPE0_DATA_WIDTH40_FIFO_DEPTH2_14 ) 
                 6 add_54_30 ( add_unsigned_1931_223 ) 
                 6 eq_37_37 ( equal_unsigned_162_354 ) 
                 6 add_39_37 ( add_unsigned_1931_224 ) 
                 6 eq_39_45 ( equal_unsigned_162_355 ) 
                 6 add_40_38 ( add_unsigned_2076_32 ) 
                 6 sub_41_36 ( sub_unsigned_8961_30 ) 
                 6 ctl_rd_addr_46_21 ( case_box_3341_14 ) 
                 6 mux_mem[rd_addr]_46_21 ( mux_8964_14 ) 
                 6 ctl_wr_addr_53_13 ( case_box_3342_14 ) 
              5 SLV_FIFO[1].fifo_rdata ( sync_fifo_FIFO_TYPE0_DATA_WIDTH40_FIFO_DEPTH2_15 ) 
                 6 add_54_30 ( add_unsigned_1931_225 ) 
                 6 eq_37_37 ( equal_unsigned_162_356 ) 
                 6 add_39_37 ( add_unsigned_1931_226 ) 
                 6 eq_39_45 ( equal_unsigned_162_357 ) 
                 6 add_40_38 ( add_unsigned_2076_33 ) 
                 6 sub_41_36 ( sub_unsigned_8961_31 ) 
                 6 ctl_rd_addr_46_21 ( case_box_3341_15 ) 
                 6 mux_mem[rd_addr]_46_21 ( mux_8964_15 ) 
                 6 ctl_wr_addr_53_13 ( case_box_3342_15 ) 
              5 SLV_FIFO[2].fifo_rdata ( sync_fifo_FIFO_TYPE0_DATA_WIDTH40_FIFO_DEPTH2_16 ) 
                 6 add_54_30 ( add_unsigned_1931_227 ) 
                 6 eq_37_37 ( equal_unsigned_162_358 ) 
                 6 add_39_37 ( add_unsigned_1931_228 ) 
                 6 eq_39_45 ( equal_unsigned_162_359 ) 
                 6 add_40_38 ( add_unsigned_2076_34 ) 
                 6 sub_41_36 ( sub_unsigned_8961_32 ) 
                 6 ctl_rd_addr_46_21 ( case_box_3341_16 ) 
                 6 mux_mem[rd_addr]_46_21 ( mux_8964_16 ) 
                 6 ctl_wr_addr_53_13 ( case_box_3342_16 ) 
              5 SLV_FIFO[3].fifo_rdata ( sync_fifo_FIFO_TYPE0_DATA_WIDTH40_FIFO_DEPTH2_17 ) 
                 6 add_54_30 ( add_unsigned_1931_229 ) 
                 6 eq_37_37 ( equal_unsigned_162_360 ) 
                 6 add_39_37 ( add_unsigned_1931_230 ) 
                 6 eq_39_45 ( equal_unsigned_162_361 ) 
                 6 add_40_38 ( add_unsigned_2076_35 ) 
                 6 sub_41_36 ( sub_unsigned_8961_33 ) 
                 6 ctl_rd_addr_46_21 ( case_box_3341_17 ) 
                 6 mux_mem[rd_addr]_46_21 ( mux_8964_17 ) 
                 6 ctl_wr_addr_53_13 ( case_box_3342_17 ) 
              5 SLV_FIFO[4].fifo_rdata ( sync_fifo_FIFO_TYPE0_DATA_WIDTH40_FIFO_DEPTH2_18 ) 
                 6 add_54_30 ( add_unsigned_1931_231 ) 
                 6 eq_37_37 ( equal_unsigned_162_362 ) 
                 6 add_39_37 ( add_unsigned_1931_232 ) 
                 6 eq_39_45 ( equal_unsigned_162_363 ) 
                 6 add_40_38 ( add_unsigned_2076_36 ) 
                 6 sub_41_36 ( sub_unsigned_8961_34 ) 
                 6 ctl_rd_addr_46_21 ( case_box_3341_18 ) 
                 6 mux_mem[rd_addr]_46_21 ( mux_8964_18 ) 
                 6 ctl_wr_addr_53_13 ( case_box_3342_18 ) 
              5 SLV_FIFO[5].fifo_rdata ( sync_fifo_FIFO_TYPE0_DATA_WIDTH40_FIFO_DEPTH2_19 ) 
                 6 add_54_30 ( add_unsigned_1931_233 ) 
                 6 eq_37_37 ( equal_unsigned_162_364 ) 
                 6 add_39_37 ( add_unsigned_1931_234 ) 
                 6 eq_39_45 ( equal_unsigned_162_365 ) 
                 6 add_40_38 ( add_unsigned_2076_37 ) 
                 6 sub_41_36 ( sub_unsigned_8961_35 ) 
                 6 ctl_rd_addr_46_21 ( case_box_3341_19 ) 
                 6 mux_mem[rd_addr]_46_21 ( mux_8964_19 ) 
                 6 ctl_wr_addr_53_13 ( case_box_3342_19 ) 
              5 SLV_FIFO[6].fifo_rdata ( sync_fifo_FIFO_TYPE0_DATA_WIDTH40_FIFO_DEPTH2_20 ) 
                 6 add_54_30 ( add_unsigned_1931_235 ) 
                 6 eq_37_37 ( equal_unsigned_162_366 ) 
                 6 add_39_37 ( add_unsigned_1931_236 ) 
                 6 eq_39_45 ( equal_unsigned_162_367 ) 
                 6 add_40_38 ( add_unsigned_2076_38 ) 
                 6 sub_41_36 ( sub_unsigned_8961_36 ) 
                 6 ctl_rd_addr_46_21 ( case_box_3341_20 ) 
                 6 mux_mem[rd_addr]_46_21 ( mux_8964_20 ) 
                 6 ctl_wr_addr_53_13 ( case_box_3342_20 ) 
              5 mst_skid_buffer ( skid_buffer_SBUF_TYPE3_DATA_WIDTH40_2 ) 
              5 eq_413_85_I1 ( equal_unsigned_70_28 ) 
              5 eq_413_85_I2 ( equal_unsigned_70_29 ) 
              5 eq_413_85_I3 ( equal_unsigned_78_22 ) 
              5 eq_413_85_I4 ( equal_unsigned_78_23 ) 
              5 eq_413_85_I5 ( equal_unsigned_82_255 ) 
              5 eq_413_85_I6 ( equal_unsigned_82_256 ) 
              5 eq_413_85_I7 ( equal_unsigned_82_257 ) 
              5 ctl_dsp_AR_slv_id_i_445_11 ( case_box_3345_2 ) 
              5 mux_fifo_rdata_empty[dsp_AR_slv_id_i]_445_11 ( mux_8795_16 ) 
              5 mux_443_31 ( bmux_4706 ) 
              5 mux_sa_RLAST_valid[dsp_AR_slv_id_i]_442_107 ( mux_8795_17 ) 
              5 mux_sa_RRESP_valid[dsp_AR_slv_id_i]_442_74 ( mux_8611_6 ) 
              5 mux_sa_RDATA_valid[dsp_AR_slv_id_i]_442_41 ( mux_8984_2 ) 
              5 mux_sa_RID_valid[dsp_AR_slv_id_i]_442_10 ( mux_8938_5 ) 
              5 mux_440_31 ( bmux_8986_2 ) 
           4 eq_882_60_I1 ( equal_unsigned_82_258 ) 
     2 DSP_GEN[3].dispatcher ( ai_dispatcher_SLV_AMT7_OUTSTANDING_AMT4_DATA_WIDTH32_ADDR_WIDTH32_TRANS_MST_ID_W5_TRANS_BURST_W2_TRANS_DATA_LEN_W8_TRANS_DATA_SIZE_W3_TRANS_WR_RESP_W2_SLV_ID_W3_SLV_ID_MSB_IDX31_SLV_ID_LSB_IDX29_SLV_BASE_ADDRx20020000020000004000000080000000300000002000000000010000_SLV_ADDR_MASKxfffe0000ffff0000f8000000fc000000ff000000fffe0000ffff8000_DSP_RDATA_DEPTH2_3 ) 
        3 write_channel ( dsp_write_channel_SLV_AMT7_OUTSTANDING_AMT4_DATA_WIDTH32_ADDR_WIDTH32_TRANS_MST_ID_W5_TRANS_BURST_W2_TRANS_DATA_LEN_W8_TRANS_DATA_SIZE_W3_TRANS_WR_RESP_W2_SLV_ID_W3_SLV_ID_MSB_IDX31_SLV_ID_LSB_IDX29_SLV_BASE_ADDRx20020000020000004000000080000000300000002000000000010000_SLV_ADDR_MASKxfffe0000ffff0000f8000000fc000000ff000000fffe0000ffff8000_3 ) 
           4 AW_channel ( dsp_Ax_channel_SLV_AMT7_OUTSTANDING_AMT4_DATA_WIDTH32_ADDR_WIDTH32_TRANS_MST_ID_W5_TRANS_BURST_W2_TRANS_DATA_LEN_W8_TRANS_DATA_SIZE_W3_SLV_ID_W3_SLV_ID_MSB_IDX31_SLV_ID_LSB_IDX29_SLV_BASE_ADDRx20020000020000004000000080000000300000002000000000010000_SLV_ADDR_MASKxfffe0000ffff0000f8000000fc000000ff000000fffe0000ffff8000_6 ) 
              5 fifo_xaddr_order ( sync_fifo_FIFO_TYPE0_DATA_WIDTH17_FIFO_DEPTH4_6 ) 
                 6 eq_38_38 ( equal_unsigned_162_368 ) 
                 6 add_54_30 ( add_unsigned_5261_214 ) 
                 6 eq_37_37 ( equal_unsigned_82_259 ) 
                 6 add_39_37 ( add_unsigned_5261_215 ) 
                 6 eq_39_45 ( equal_unsigned_82_260 ) 
                 6 add_40_38 ( add_unsigned_1931_237 ) 
                 6 eq_40_46 ( equal_unsigned_162_369 ) 
                 6 sub_41_36 ( sub_unsigned_8778_100 ) 
                 6 ctl_rd_addr_46_21 ( case_box_3277_6 ) 
                 6 mux_mem[rd_addr]_46_21 ( mux_8781_6 ) 
                 6 ctl_wr_addr_53_13 ( case_box_3278_6 ) 
              5 mst_skid_buffer ( skid_buffer_SBUF_TYPE1_DATA_WIDTH66_6 ) 
                 6 add_132_42 ( add_unsigned_1931_238 ) 
                 6 eq_116_34 ( equal_unsigned_162_370 ) 
                 6 add_135_42 ( add_unsigned_1931_239 ) 
                 6 ctl_BWD_REGISTERED.rd_ptr_123_34 ( case_box_3284_6 ) 
                 6 mux_BWD_REGISTERED.mem[BWD_REGISTERED.rd_ptr]_123_34 ( mux_8794_6 ) 
                 6 ctl_BWD_REGISTERED.wr_ptr_131_25 ( case_box_3285_6 ) 
              5 g47 ( and_op_3295_6 ) 
              5 mux_sa_AxREADY_i_206_46 ( mux_8795_18 ) 
              5 decode_gint ( Decoder_3_6_0_6 ) 
              5 eq_215_48 ( equal_unsigned_8797_13 ) 
              5 add_214_47 ( add_unsigned_8799_13 ) 
              5 eq_179_69_I7 ( equal_unsigned_143_19 ) 
              5 neq_205_45 ( nequal_unsigned_8803_6 ) 
              5 add_272_52 ( add_unsigned_8805_6 ) 
              5 eq_179_69_I1 ( equal_unsigned_8807_6 ) 
              5 eq_179_69_I2 ( equal_unsigned_143_20 ) 
              5 eq_179_69_I3 ( equal_unsigned_143_21 ) 
              5 eq_179_69_I4 ( equal_unsigned_38_25 ) 
              5 eq_179_69_I5 ( equal_unsigned_8815_6 ) 
              5 eq_179_69_I6 ( equal_unsigned_8817_6 ) 
              5 add_189_55_I7 ( add_unsigned_8819_60 ) 
              5 add_189_55_I6 ( add_unsigned_8819_61 ) 
              5 add_189_55_I5 ( add_unsigned_8819_62 ) 
              5 add_189_55_I4 ( add_unsigned_8819_63 ) 
              5 add_189_55_I3 ( add_unsigned_8819_64 ) 
              5 add_189_55_I2 ( add_unsigned_8819_65 ) 
              5 mux_addr_hit_count_r_187_17 ( bmux_4707 ) 
              5 mux_addr_hit_count_r_187_60 ( bmux_108_319 ) 
              5 mux_addr_hit_count_r_187_61 ( bmux_108_320 ) 
              5 mux_addr_hit_count_r_187_62 ( bmux_108_321 ) 
              5 mux_addr_hit_count_r_187_63 ( bmux_108_322 ) 
              5 mux_addr_hit_count_r_187_64 ( bmux_108_323 ) 
              5 mux_addr_hit_count_r_187_65 ( bmux_108_324 ) 
              5 ctl_addr_hit_187_17 ( case_box_3298_6 ) 
              5 mux_addr_slv_mapping_r_187_17 ( mux_8837_6 ) 
              5 mux_addr_slv_mapping_r_187_66 ( bmux_202_276 ) 
              5 mux_213_32 ( bmux_190_326 ) 
           4 W_channel ( dsp_W_channel_SLV_AMT7_DATA_WIDTH32_SLV_ID_W3_SLV_ID_MSB_IDX31_SLV_ID_LSB_IDX29_3 ) 
              5 slave_id_decoder ( onehot_decoder_INPUT_W4_OUTPUT_W7_3 ) 
                 6 eq_222_27_I7 ( equal_unsigned_82_261 ) 
                 6 eq_222_27_I6 ( equal_unsigned_82_262 ) 
                 6 eq_222_27_I5 ( equal_unsigned_82_263 ) 
                 6 eq_222_27_I4 ( equal_unsigned_78_24 ) 
                 6 eq_222_27_I3 ( equal_unsigned_78_25 ) 
                 6 eq_222_27_I2 ( equal_unsigned_70_30 ) 
                 6 eq_222_27_I1 ( equal_unsigned_70_31 ) 
                 6 mux_decoded_222_27 ( bmux_4708 ) 
                 6 mux_decoded_222_10 ( bmux_4709 ) 
                 6 mux_decoded_222_11 ( bmux_4710 ) 
                 6 mux_decoded_222_12 ( bmux_4711 ) 
                 6 mux_decoded_222_13 ( bmux_4712 ) 
                 6 mux_decoded_222_14 ( bmux_4713 ) 
                 6 mux_decoded_222_15 ( bmux_4714 ) 
                 6 mux_decoded_220_13 ( bmux_1884_260 ) 
              5 mst_skid_buffer ( skid_buffer_SBUF_TYPE1_DATA_WIDTH37_3 ) 
                 6 add_132_42 ( add_unsigned_1931_240 ) 
                 6 eq_116_34 ( equal_unsigned_162_371 ) 
                 6 add_135_42 ( add_unsigned_1931_241 ) 
                 6 ctl_BWD_REGISTERED.rd_ptr_123_34 ( case_box_3303_3 ) 
                 6 mux_BWD_REGISTERED.mem[BWD_REGISTERED.rd_ptr]_123_34 ( mux_8876_3 ) 
                 6 ctl_BWD_REGISTERED.wr_ptr_131_25 ( case_box_3304_3 ) 
              5 mux_sa_WREADY_i_559_69 ( mux_8795_19 ) 
              5 decode_gint ( Decoder_3_6_0_3309_3 ) 
           4 B_channel ( dsp_B_channel_SLV_AMT7_OUTSTANDING_AMT4_DATA_WIDTH32_ADDR_WIDTH32_TRANS_MST_ID_W5_TRANS_BURST_W2_TRANS_DATA_LEN_W8_TRANS_DATA_SIZE_W3_TRANS_WR_RESP_W2_SLV_ID_W3_SLV_ID_MSB_IDX31_SLV_ID_LSB_IDX29_3 ) 
              5 fifo_slv_order ( sync_fifo_FIFO_TYPE0_DATA_WIDTH9_FIFO_DEPTH4_3 ) 
                 6 eq_38_38 ( equal_unsigned_162_372 ) 
                 6 add_54_30 ( add_unsigned_5261_216 ) 
                 6 eq_37_37 ( equal_unsigned_82_264 ) 
                 6 add_39_37 ( add_unsigned_5261_217 ) 
                 6 eq_39_45 ( equal_unsigned_82_265 ) 
                 6 add_40_38 ( add_unsigned_1931_242 ) 
                 6 eq_40_46 ( equal_unsigned_162_373 ) 
                 6 sub_41_36 ( sub_unsigned_8778_101 ) 
                 6 ctl_rd_addr_46_21 ( case_box_3315_3 ) 
                 6 mux_mem[rd_addr]_46_21 ( mux_8898_3 ) 
                 6 ctl_wr_addr_53_13 ( case_box_3316_3 ) 
              5 SLV_FIFO[0].fifo_WRESP_slv ( sync_fifo_FIFO_TYPE0_DATA_WIDTH7_FIFO_DEPTH4_21 ) 
                 6 eq_38_38 ( equal_unsigned_162_374 ) 
                 6 add_54_30 ( add_unsigned_5261_218 ) 
                 6 eq_37_37 ( equal_unsigned_82_266 ) 
                 6 add_39_37 ( add_unsigned_5261_219 ) 
                 6 eq_39_45 ( equal_unsigned_82_267 ) 
                 6 add_40_38 ( add_unsigned_1931_243 ) 
                 6 eq_40_46 ( equal_unsigned_162_375 ) 
                 6 sub_41_36 ( sub_unsigned_8778_102 ) 
                 6 ctl_rd_addr_46_21 ( case_box_3324_21 ) 
                 6 mux_mem[rd_addr]_46_21 ( mux_8919_21 ) 
                 6 ctl_wr_addr_53_13 ( case_box_3325_21 ) 
              5 SLV_FIFO[1].fifo_WRESP_slv ( sync_fifo_FIFO_TYPE0_DATA_WIDTH7_FIFO_DEPTH4_22 ) 
                 6 eq_38_38 ( equal_unsigned_162_376 ) 
                 6 add_54_30 ( add_unsigned_5261_220 ) 
                 6 eq_37_37 ( equal_unsigned_82_268 ) 
                 6 add_39_37 ( add_unsigned_5261_221 ) 
                 6 eq_39_45 ( equal_unsigned_82_269 ) 
                 6 add_40_38 ( add_unsigned_1931_244 ) 
                 6 eq_40_46 ( equal_unsigned_162_377 ) 
                 6 sub_41_36 ( sub_unsigned_8778_103 ) 
                 6 ctl_rd_addr_46_21 ( case_box_3324_22 ) 
                 6 mux_mem[rd_addr]_46_21 ( mux_8919_22 ) 
                 6 ctl_wr_addr_53_13 ( case_box_3325_22 ) 
              5 SLV_FIFO[2].fifo_WRESP_slv ( sync_fifo_FIFO_TYPE0_DATA_WIDTH7_FIFO_DEPTH4_23 ) 
                 6 eq_38_38 ( equal_unsigned_162_378 ) 
                 6 add_54_30 ( add_unsigned_5261_222 ) 
                 6 eq_37_37 ( equal_unsigned_82_270 ) 
                 6 add_39_37 ( add_unsigned_5261_223 ) 
                 6 eq_39_45 ( equal_unsigned_82_271 ) 
                 6 add_40_38 ( add_unsigned_1931_245 ) 
                 6 eq_40_46 ( equal_unsigned_162_379 ) 
                 6 sub_41_36 ( sub_unsigned_8778_104 ) 
                 6 ctl_rd_addr_46_21 ( case_box_3324_23 ) 
                 6 mux_mem[rd_addr]_46_21 ( mux_8919_23 ) 
                 6 ctl_wr_addr_53_13 ( case_box_3325_23 ) 
              5 SLV_FIFO[3].fifo_WRESP_slv ( sync_fifo_FIFO_TYPE0_DATA_WIDTH7_FIFO_DEPTH4_24 ) 
                 6 eq_38_38 ( equal_unsigned_162_380 ) 
                 6 add_54_30 ( add_unsigned_5261_224 ) 
                 6 eq_37_37 ( equal_unsigned_82_272 ) 
                 6 add_39_37 ( add_unsigned_5261_225 ) 
                 6 eq_39_45 ( equal_unsigned_82_273 ) 
                 6 add_40_38 ( add_unsigned_1931_246 ) 
                 6 eq_40_46 ( equal_unsigned_162_381 ) 
                 6 sub_41_36 ( sub_unsigned_8778_105 ) 
                 6 ctl_rd_addr_46_21 ( case_box_3324_24 ) 
                 6 mux_mem[rd_addr]_46_21 ( mux_8919_24 ) 
                 6 ctl_wr_addr_53_13 ( case_box_3325_24 ) 
              5 SLV_FIFO[4].fifo_WRESP_slv ( sync_fifo_FIFO_TYPE0_DATA_WIDTH7_FIFO_DEPTH4_25 ) 
                 6 eq_38_38 ( equal_unsigned_162_382 ) 
                 6 add_54_30 ( add_unsigned_5261_226 ) 
                 6 eq_37_37 ( equal_unsigned_82_274 ) 
                 6 add_39_37 ( add_unsigned_5261_227 ) 
                 6 eq_39_45 ( equal_unsigned_82_275 ) 
                 6 add_40_38 ( add_unsigned_1931_247 ) 
                 6 eq_40_46 ( equal_unsigned_162_383 ) 
                 6 sub_41_36 ( sub_unsigned_8778_106 ) 
                 6 ctl_rd_addr_46_21 ( case_box_3324_25 ) 
                 6 mux_mem[rd_addr]_46_21 ( mux_8919_25 ) 
                 6 ctl_wr_addr_53_13 ( case_box_3325_25 ) 
              5 SLV_FIFO[5].fifo_WRESP_slv ( sync_fifo_FIFO_TYPE0_DATA_WIDTH7_FIFO_DEPTH4_26 ) 
                 6 eq_38_38 ( equal_unsigned_162_384 ) 
                 6 add_54_30 ( add_unsigned_5261_228 ) 
                 6 eq_37_37 ( equal_unsigned_82_276 ) 
                 6 add_39_37 ( add_unsigned_5261_229 ) 
                 6 eq_39_45 ( equal_unsigned_82_277 ) 
                 6 add_40_38 ( add_unsigned_1931_248 ) 
                 6 eq_40_46 ( equal_unsigned_162_385 ) 
                 6 sub_41_36 ( sub_unsigned_8778_107 ) 
                 6 ctl_rd_addr_46_21 ( case_box_3324_26 ) 
                 6 mux_mem[rd_addr]_46_21 ( mux_8919_26 ) 
                 6 ctl_wr_addr_53_13 ( case_box_3325_26 ) 
              5 SLV_FIFO[6].fifo_WRESP_slv ( sync_fifo_FIFO_TYPE0_DATA_WIDTH7_FIFO_DEPTH4_27 ) 
                 6 eq_38_38 ( equal_unsigned_162_386 ) 
                 6 add_54_30 ( add_unsigned_5261_230 ) 
                 6 eq_37_37 ( equal_unsigned_82_278 ) 
                 6 add_39_37 ( add_unsigned_5261_231 ) 
                 6 eq_39_45 ( equal_unsigned_82_279 ) 
                 6 add_40_38 ( add_unsigned_1931_249 ) 
                 6 eq_40_46 ( equal_unsigned_162_387 ) 
                 6 sub_41_36 ( sub_unsigned_8778_108 ) 
                 6 ctl_rd_addr_46_21 ( case_box_3324_27 ) 
                 6 mux_mem[rd_addr]_46_21 ( mux_8919_27 ) 
                 6 ctl_wr_addr_53_13 ( case_box_3325_27 ) 
              5 mst_skid_buffer ( skid_buffer_SBUF_TYPE3_DATA_WIDTH7_3 ) 
              5 eq_724_86_I1 ( equal_unsigned_70_32 ) 
              5 eq_724_86_I2 ( equal_unsigned_70_33 ) 
              5 eq_724_86_I3 ( equal_unsigned_78_26 ) 
              5 eq_724_86_I4 ( equal_unsigned_78_27 ) 
              5 eq_724_86_I5 ( equal_unsigned_82_280 ) 
              5 eq_724_86_I6 ( equal_unsigned_82_281 ) 
              5 eq_724_86_I7 ( equal_unsigned_82_282 ) 
              5 ctl_ord_slv_id_valid_750_32 ( case_box_3328_3 ) 
              5 mux_fifo_wresp_empty[ord_slv_id_valid]_750_32 ( mux_8795_20 ) 
              5 mux_748_31 ( bmux_4716 ) 
              5 mux_sa_BRESP_valid[ord_slv_id_valid]_747_42 ( mux_8611_7 ) 
              5 mux_sa_BID_valid[ord_slv_id_valid]_747_10 ( mux_8938_6 ) 
              5 mux_745_31 ( bmux_1884_261 ) 
           4 add_1086_60_I1 ( add_unsigned_8941_3 ) 
           4 eq_1086_75_I1 ( equal_unsigned_8943_3 ) 
        3 read_channel ( dsp_read_channel_SLV_AMT7_OUTSTANDING_AMT4_DATA_WIDTH32_ADDR_WIDTH32_TRANS_MST_ID_W5_TRANS_BURST_W2_TRANS_DATA_LEN_W8_TRANS_DATA_SIZE_W3_TRANS_WR_RESP_W2_SLV_ID_W3_SLV_ID_MSB_IDX31_SLV_ID_LSB_IDX29_SLV_BASE_ADDRx20020000020000004000000080000000300000002000000000010000_SLV_ADDR_MASKxfffe0000ffff0000f8000000fc000000ff000000fffe0000ffff8000_DSP_RDATA_DEPTH2_3 ) 
           4 AR_channel ( dsp_Ax_channel_SLV_AMT7_OUTSTANDING_AMT4_DATA_WIDTH32_ADDR_WIDTH32_TRANS_MST_ID_W5_TRANS_BURST_W2_TRANS_DATA_LEN_W8_TRANS_DATA_SIZE_W3_SLV_ID_W3_SLV_ID_MSB_IDX31_SLV_ID_LSB_IDX29_SLV_BASE_ADDRx20020000020000004000000080000000300000002000000000010000_SLV_ADDR_MASKxfffe0000ffff0000f8000000fc000000ff000000fffe0000ffff8000_7 ) 
              5 fifo_xaddr_order ( sync_fifo_FIFO_TYPE0_DATA_WIDTH17_FIFO_DEPTH4_7 ) 
                 6 eq_38_38 ( equal_unsigned_162_388 ) 
                 6 add_54_30 ( add_unsigned_5261_232 ) 
                 6 eq_37_37 ( equal_unsigned_82_283 ) 
                 6 add_39_37 ( add_unsigned_5261_233 ) 
                 6 eq_39_45 ( equal_unsigned_82_284 ) 
                 6 add_40_38 ( add_unsigned_1931_250 ) 
                 6 eq_40_46 ( equal_unsigned_162_389 ) 
                 6 sub_41_36 ( sub_unsigned_8778_109 ) 
                 6 ctl_rd_addr_46_21 ( case_box_3277_7 ) 
                 6 mux_mem[rd_addr]_46_21 ( mux_8781_7 ) 
                 6 ctl_wr_addr_53_13 ( case_box_3278_7 ) 
              5 mst_skid_buffer ( skid_buffer_SBUF_TYPE1_DATA_WIDTH66_7 ) 
                 6 add_132_42 ( add_unsigned_1931_251 ) 
                 6 eq_116_34 ( equal_unsigned_162_390 ) 
                 6 add_135_42 ( add_unsigned_1931_252 ) 
                 6 ctl_BWD_REGISTERED.rd_ptr_123_34 ( case_box_3284_7 ) 
                 6 mux_BWD_REGISTERED.mem[BWD_REGISTERED.rd_ptr]_123_34 ( mux_8794_7 ) 
                 6 ctl_BWD_REGISTERED.wr_ptr_131_25 ( case_box_3285_7 ) 
              5 g47 ( and_op_3295_7 ) 
              5 mux_sa_AxREADY_i_206_46 ( mux_8795_21 ) 
              5 decode_gint ( Decoder_3_6_0_7 ) 
              5 eq_215_48 ( equal_unsigned_8797_14 ) 
              5 add_214_47 ( add_unsigned_8799_14 ) 
              5 eq_179_69_I7 ( equal_unsigned_143_22 ) 
              5 neq_205_45 ( nequal_unsigned_8803_7 ) 
              5 add_272_52 ( add_unsigned_8805_7 ) 
              5 eq_179_69_I1 ( equal_unsigned_8807_7 ) 
              5 eq_179_69_I2 ( equal_unsigned_143_23 ) 
              5 eq_179_69_I3 ( equal_unsigned_143_24 ) 
              5 eq_179_69_I4 ( equal_unsigned_38_26 ) 
              5 eq_179_69_I5 ( equal_unsigned_8815_7 ) 
              5 eq_179_69_I6 ( equal_unsigned_8817_7 ) 
              5 add_189_55_I7 ( add_unsigned_8819_66 ) 
              5 add_189_55_I6 ( add_unsigned_8819_67 ) 
              5 add_189_55_I5 ( add_unsigned_8819_68 ) 
              5 add_189_55_I4 ( add_unsigned_8819_69 ) 
              5 add_189_55_I3 ( add_unsigned_8819_70 ) 
              5 add_189_55_I2 ( add_unsigned_8819_71 ) 
              5 mux_addr_hit_count_r_187_17 ( bmux_4717 ) 
              5 mux_addr_hit_count_r_187_60 ( bmux_108_325 ) 
              5 mux_addr_hit_count_r_187_61 ( bmux_108_326 ) 
              5 mux_addr_hit_count_r_187_62 ( bmux_108_327 ) 
              5 mux_addr_hit_count_r_187_63 ( bmux_108_328 ) 
              5 mux_addr_hit_count_r_187_64 ( bmux_108_329 ) 
              5 mux_addr_hit_count_r_187_65 ( bmux_108_330 ) 
              5 ctl_addr_hit_187_17 ( case_box_3298_7 ) 
              5 mux_addr_slv_mapping_r_187_17 ( mux_8837_7 ) 
              5 mux_addr_slv_mapping_r_187_66 ( bmux_202_295 ) 
              5 mux_213_32 ( bmux_190_328 ) 
           4 R_channel ( dsp_R_channel_SLV_AMT7_DATA_WIDTH32_TRANS_MST_ID_W5_TRANS_WR_RESP_W2_SLV_ID_W3_DSP_RDATA_DEPTH2_3 ) 
              5 SLV_FIFO[0].fifo_rdata ( sync_fifo_FIFO_TYPE0_DATA_WIDTH40_FIFO_DEPTH2_21 ) 
                 6 add_54_30 ( add_unsigned_1931_253 ) 
                 6 eq_37_37 ( equal_unsigned_162_391 ) 
                 6 add_39_37 ( add_unsigned_1931_254 ) 
                 6 eq_39_45 ( equal_unsigned_162_392 ) 
                 6 add_40_38 ( add_unsigned_2076_39 ) 
                 6 sub_41_36 ( sub_unsigned_8961_37 ) 
                 6 ctl_rd_addr_46_21 ( case_box_3341_21 ) 
                 6 mux_mem[rd_addr]_46_21 ( mux_8964_21 ) 
                 6 ctl_wr_addr_53_13 ( case_box_3342_21 ) 
              5 SLV_FIFO[1].fifo_rdata ( sync_fifo_FIFO_TYPE0_DATA_WIDTH40_FIFO_DEPTH2_22 ) 
                 6 add_54_30 ( add_unsigned_1931_255 ) 
                 6 eq_37_37 ( equal_unsigned_162_393 ) 
                 6 add_39_37 ( add_unsigned_1931_256 ) 
                 6 eq_39_45 ( equal_unsigned_162_394 ) 
                 6 add_40_38 ( add_unsigned_2076_40 ) 
                 6 sub_41_36 ( sub_unsigned_8961_38 ) 
                 6 ctl_rd_addr_46_21 ( case_box_3341_22 ) 
                 6 mux_mem[rd_addr]_46_21 ( mux_8964_22 ) 
                 6 ctl_wr_addr_53_13 ( case_box_3342_22 ) 
              5 SLV_FIFO[2].fifo_rdata ( sync_fifo_FIFO_TYPE0_DATA_WIDTH40_FIFO_DEPTH2_23 ) 
                 6 add_54_30 ( add_unsigned_1931_257 ) 
                 6 eq_37_37 ( equal_unsigned_162_395 ) 
                 6 add_39_37 ( add_unsigned_1931_258 ) 
                 6 eq_39_45 ( equal_unsigned_162_396 ) 
                 6 add_40_38 ( add_unsigned_2076_41 ) 
                 6 sub_41_36 ( sub_unsigned_8961_39 ) 
                 6 ctl_rd_addr_46_21 ( case_box_3341_23 ) 
                 6 mux_mem[rd_addr]_46_21 ( mux_8964_23 ) 
                 6 ctl_wr_addr_53_13 ( case_box_3342_23 ) 
              5 SLV_FIFO[3].fifo_rdata ( sync_fifo_FIFO_TYPE0_DATA_WIDTH40_FIFO_DEPTH2_24 ) 
                 6 add_54_30 ( add_unsigned_1931_259 ) 
                 6 eq_37_37 ( equal_unsigned_162_397 ) 
                 6 add_39_37 ( add_unsigned_1931_260 ) 
                 6 eq_39_45 ( equal_unsigned_162_398 ) 
                 6 add_40_38 ( add_unsigned_2076_42 ) 
                 6 sub_41_36 ( sub_unsigned_8961_40 ) 
                 6 ctl_rd_addr_46_21 ( case_box_3341_24 ) 
                 6 mux_mem[rd_addr]_46_21 ( mux_8964_24 ) 
                 6 ctl_wr_addr_53_13 ( case_box_3342_24 ) 
              5 SLV_FIFO[4].fifo_rdata ( sync_fifo_FIFO_TYPE0_DATA_WIDTH40_FIFO_DEPTH2_25 ) 
                 6 add_54_30 ( add_unsigned_1931_261 ) 
                 6 eq_37_37 ( equal_unsigned_162_399 ) 
                 6 add_39_37 ( add_unsigned_1931_262 ) 
                 6 eq_39_45 ( equal_unsigned_162_400 ) 
                 6 add_40_38 ( add_unsigned_2076_43 ) 
                 6 sub_41_36 ( sub_unsigned_8961_41 ) 
                 6 ctl_rd_addr_46_21 ( case_box_3341_25 ) 
                 6 mux_mem[rd_addr]_46_21 ( mux_8964_25 ) 
                 6 ctl_wr_addr_53_13 ( case_box_3342_25 ) 
              5 SLV_FIFO[5].fifo_rdata ( sync_fifo_FIFO_TYPE0_DATA_WIDTH40_FIFO_DEPTH2_26 ) 
                 6 add_54_30 ( add_unsigned_1931_263 ) 
                 6 eq_37_37 ( equal_unsigned_162_401 ) 
                 6 add_39_37 ( add_unsigned_1931_264 ) 
                 6 eq_39_45 ( equal_unsigned_162_402 ) 
                 6 add_40_38 ( add_unsigned_2076_44 ) 
                 6 sub_41_36 ( sub_unsigned_8961_42 ) 
                 6 ctl_rd_addr_46_21 ( case_box_3341_26 ) 
                 6 mux_mem[rd_addr]_46_21 ( mux_8964_26 ) 
                 6 ctl_wr_addr_53_13 ( case_box_3342_26 ) 
              5 SLV_FIFO[6].fifo_rdata ( sync_fifo_FIFO_TYPE0_DATA_WIDTH40_FIFO_DEPTH2_27 ) 
                 6 add_54_30 ( add_unsigned_1931_265 ) 
                 6 eq_37_37 ( equal_unsigned_162_403 ) 
                 6 add_39_37 ( add_unsigned_1931_266 ) 
                 6 eq_39_45 ( equal_unsigned_162_404 ) 
                 6 add_40_38 ( add_unsigned_2076_45 ) 
                 6 sub_41_36 ( sub_unsigned_8961_43 ) 
                 6 ctl_rd_addr_46_21 ( case_box_3341_27 ) 
                 6 mux_mem[rd_addr]_46_21 ( mux_8964_27 ) 
                 6 ctl_wr_addr_53_13 ( case_box_3342_27 ) 
              5 mst_skid_buffer ( skid_buffer_SBUF_TYPE3_DATA_WIDTH40_3 ) 
              5 eq_413_85_I1 ( equal_unsigned_70_34 ) 
              5 eq_413_85_I2 ( equal_unsigned_70_35 ) 
              5 eq_413_85_I3 ( equal_unsigned_78_28 ) 
              5 eq_413_85_I4 ( equal_unsigned_78_29 ) 
              5 eq_413_85_I5 ( equal_unsigned_82_285 ) 
              5 eq_413_85_I6 ( equal_unsigned_82_286 ) 
              5 eq_413_85_I7 ( equal_unsigned_82_287 ) 
              5 ctl_dsp_AR_slv_id_i_445_11 ( case_box_3345_3 ) 
              5 mux_fifo_rdata_empty[dsp_AR_slv_id_i]_445_11 ( mux_8795_22 ) 
              5 mux_443_31 ( bmux_4719 ) 
              5 mux_sa_RLAST_valid[dsp_AR_slv_id_i]_442_107 ( mux_8795_23 ) 
              5 mux_sa_RRESP_valid[dsp_AR_slv_id_i]_442_74 ( mux_8611_8 ) 
              5 mux_sa_RDATA_valid[dsp_AR_slv_id_i]_442_41 ( mux_8984_3 ) 
              5 mux_sa_RID_valid[dsp_AR_slv_id_i]_442_10 ( mux_8938_7 ) 
              5 mux_440_31 ( bmux_8986_3 ) 
           4 eq_882_60_I1 ( equal_unsigned_82_288 ) 
     2 SA_GEN[0].genblk1.slave_arbitration ( ai_slave_arbitration_MST_AMT4_OUTSTANDING_AMT4_MST_WEIGHTx00000005000000040000000300000001_MST_ID_W2_DATA_WIDTH32_ADDR_WIDTH32_TRANS_MST_ID_W5_TRANS_SLV_ID_W7_TRANS_BURST_W2_TRANS_DATA_LEN_W8_TRANS_DATA_SIZE_W3_TRANS_WR_RESP_W2_SLV_ID0_SLV_ID_MSB_IDX31_SLV_ID_LSB_IDX29_W_FIFO_DEPTH32h00000002_AXI_SIDEBAND_EN0_AXI_LOCK_CONST0_AXI_CACHE_CONST3_AXI_QOS_CONST0_AXI_REGION_CONST0 ) 
        3 AW_channel ( sa_Ax_channel_MST_AMT4_OUTSTANDING_AMT4_MST_WEIGHTx00000005000000040000000300000001_MST_ID_W2_DATA_WIDTH32_ADDR_WIDTH32_TRANS_MST_ID_W5_DSP_ID_W5_TRANS_SLV_ID_W7_TRANS_BURST_W2_TRANS_DATA_LEN_W8_TRANS_DATA_SIZE_W3_SLV_ID0_SLV_ID_MSB_IDX31_SLV_ID_LSB_IDX29_AXI_SIDEBAND_EN0_AXI_LOCK_CONST0_AXI_CACHE_CONST3_AXI_QOS_CONST0_AXI_REGION_CONST0 ) 
           4 MST_FIFO[0].fifo_Ax_channel ( sync_fifo_FIFO_TYPE2_DATA_WIDTH53_FIFO_DEPTH4 ) 
              5 eq_38_38 ( equal_unsigned_162_59 ) 
              5 add_54_30 ( add_unsigned_5261_22 ) 
              5 eq_37_37 ( equal_unsigned_82_35 ) 
              5 add_39_37 ( add_unsigned_5261_23 ) 
              5 eq_39_45 ( equal_unsigned_82_36 ) 
              5 add_40_38 ( add_unsigned_1931_33 ) 
              5 eq_40_46 ( equal_unsigned_162_60 ) 
              5 sub_41_36 ( sub_unsigned_8778_10 ) 
              5 ctl_rd_addr_46_21 ( case_box_3368 ) 
              5 mux_mem[rd_addr]_46_21 ( mux_9009 ) 
              5 ctl_wr_addr_53_13 ( case_box_3369 ) 
           4 MST_FIFO[0].splitting_4kb_masker ( splitting_4kb_masker_ADDR_WIDTH32_LEN_WIDTH8_SIZE_WIDTH3 ) 
              5 g1 ( or_op_3372 ) 
              5 add_323_62 ( add_unsigned_9011 ) 
              5 add_313_58 ( add_unsigned_9015 ) 
              5 sub_320_83 ( sub_unsigned_5267_1 ) 
              5 add_294_29 ( add_unsigned_9019 ) 
              5 sub_319_33 ( sub_unsigned_9021 ) 
              5 mux_320_46 ( bmux_190_52 ) 
              5 mux_320_27 ( bmux_190_53 ) 
              5 mux_324_28 ( bmux_46_522 ) 
              5 mux_trans_size_sll[SIZE_i]_304_25 ( bmux_6548 ) 
              5 mux_trans_size_rem_srl[SIZE_i]_317_26 ( bmux_6549 ) 
           4 MST_FIFO[1].fifo_Ax_channel ( sync_fifo_FIFO_TYPE2_DATA_WIDTH53_FIFO_DEPTH4_1 ) 
              5 eq_38_38 ( equal_unsigned_162_61 ) 
              5 add_54_30 ( add_unsigned_5261_24 ) 
              5 eq_37_37 ( equal_unsigned_82_37 ) 
              5 add_39_37 ( add_unsigned_5261_25 ) 
              5 eq_39_45 ( equal_unsigned_82_38 ) 
              5 add_40_38 ( add_unsigned_1931_34 ) 
              5 eq_40_46 ( equal_unsigned_162_62 ) 
              5 sub_41_36 ( sub_unsigned_8778_11 ) 
              5 ctl_rd_addr_46_21 ( case_box_3368_1 ) 
              5 mux_mem[rd_addr]_46_21 ( mux_9009_1 ) 
              5 ctl_wr_addr_53_13 ( case_box_3369_1 ) 
           4 MST_FIFO[1].splitting_4kb_masker ( splitting_4kb_masker_ADDR_WIDTH32_LEN_WIDTH8_SIZE_WIDTH3_1 ) 
              5 g1 ( or_op_3372_1 ) 
              5 add_323_62 ( add_unsigned_9011_1 ) 
              5 add_313_58 ( add_unsigned_9015_1 ) 
              5 sub_320_83 ( sub_unsigned_5267_6 ) 
              5 add_294_29 ( add_unsigned_9019_1 ) 
              5 sub_319_33 ( sub_unsigned_9021_1 ) 
              5 mux_320_46 ( bmux_190_62 ) 
              5 mux_320_27 ( bmux_190_63 ) 
              5 mux_324_28 ( bmux_46_523 ) 
              5 mux_trans_size_sll[SIZE_i]_304_25 ( bmux_6548_54 ) 
              5 mux_trans_size_rem_srl[SIZE_i]_317_26 ( bmux_6549_54 ) 
           4 MST_FIFO[2].fifo_Ax_channel ( sync_fifo_FIFO_TYPE2_DATA_WIDTH53_FIFO_DEPTH4_2 ) 
              5 eq_38_38 ( equal_unsigned_162_63 ) 
              5 add_54_30 ( add_unsigned_5261_26 ) 
              5 eq_37_37 ( equal_unsigned_82_39 ) 
              5 add_39_37 ( add_unsigned_5261_27 ) 
              5 eq_39_45 ( equal_unsigned_82_40 ) 
              5 add_40_38 ( add_unsigned_1931_35 ) 
              5 eq_40_46 ( equal_unsigned_162_64 ) 
              5 sub_41_36 ( sub_unsigned_8778_12 ) 
              5 ctl_rd_addr_46_21 ( case_box_3368_2 ) 
              5 mux_mem[rd_addr]_46_21 ( mux_9009_2 ) 
              5 ctl_wr_addr_53_13 ( case_box_3369_2 ) 
           4 MST_FIFO[2].splitting_4kb_masker ( splitting_4kb_masker_ADDR_WIDTH32_LEN_WIDTH8_SIZE_WIDTH3_2 ) 
              5 g1 ( or_op_3372_2 ) 
              5 add_323_62 ( add_unsigned_9011_2 ) 
              5 add_313_58 ( add_unsigned_9015_2 ) 
              5 sub_320_83 ( sub_unsigned_5267_7 ) 
              5 add_294_29 ( add_unsigned_9019_2 ) 
              5 sub_319_33 ( sub_unsigned_9021_2 ) 
              5 mux_320_46 ( bmux_190_64 ) 
              5 mux_320_27 ( bmux_190_65 ) 
              5 mux_324_28 ( bmux_46_524 ) 
              5 mux_trans_size_sll[SIZE_i]_304_25 ( bmux_6548_53 ) 
              5 mux_trans_size_rem_srl[SIZE_i]_317_26 ( bmux_6549_53 ) 
           4 MST_FIFO[3].fifo_Ax_channel ( sync_fifo_FIFO_TYPE2_DATA_WIDTH53_FIFO_DEPTH4_3 ) 
              5 eq_38_38 ( equal_unsigned_162_65 ) 
              5 add_54_30 ( add_unsigned_5261_28 ) 
              5 eq_37_37 ( equal_unsigned_82_41 ) 
              5 add_39_37 ( add_unsigned_5261_29 ) 
              5 eq_39_45 ( equal_unsigned_82_42 ) 
              5 add_40_38 ( add_unsigned_1931_36 ) 
              5 eq_40_46 ( equal_unsigned_162_66 ) 
              5 sub_41_36 ( sub_unsigned_8778_13 ) 
              5 ctl_rd_addr_46_21 ( case_box_3368_3 ) 
              5 mux_mem[rd_addr]_46_21 ( mux_9009_3 ) 
              5 ctl_wr_addr_53_13 ( case_box_3369_3 ) 
           4 MST_FIFO[3].splitting_4kb_masker ( splitting_4kb_masker_ADDR_WIDTH32_LEN_WIDTH8_SIZE_WIDTH3_3 ) 
              5 g1 ( or_op_3372_3 ) 
              5 add_323_62 ( add_unsigned_9011_3 ) 
              5 add_313_58 ( add_unsigned_9015_3 ) 
              5 sub_320_83 ( sub_unsigned_5267_8 ) 
              5 add_294_29 ( add_unsigned_9019_3 ) 
              5 sub_319_33 ( sub_unsigned_9021_3 ) 
              5 mux_320_46 ( bmux_190_66 ) 
              5 mux_320_27 ( bmux_190_67 ) 
              5 mux_324_28 ( bmux_46_525 ) 
              5 mux_trans_size_sll[SIZE_i]_304_25 ( bmux_6548_52 ) 
              5 mux_trans_size_rem_srl[SIZE_i]_317_26 ( bmux_6549_52 ) 
           4 arbiter ( arbiter_iwrr_1cycle_P_REQUESTER_NUM4_P_REQUESTER_WEIGHTx00000005000000040000000300000001_P_NUM_GRANT_REQ_W1 ) 
              5 mux_req_i_55_21 ( mux_83_7 ) 
              5 decode_gint ( Decoder_2_3_0 ) 
              5 mux_grant_candidate_56_21 ( bmux_3440 ) 
              5 mux_grant_candidate_56_2 ( bmux_3441 ) 
              5 mux_grant_candidate_56_3 ( bmux_3442 ) 
              5 mux_grant_candidate_56_4 ( bmux_3443 ) 
              5 mux_req_i_55_6 ( mux_83_8 ) 
              5 decode_gint7 ( Decoder_2_3_0_3380 ) 
              5 mux_grant_candidate_56_10 ( bmux_3444 ) 
              5 mux_grant_candidate_56_11 ( bmux_3445 ) 
              5 mux_grant_candidate_56_12 ( bmux_3446 ) 
              5 mux_grant_candidate_56_13 ( bmux_3447 ) 
              5 mux_req_i_55_15 ( mux_83_9 ) 
              5 decode_gint16 ( Decoder_2_3_0_3388 ) 
              5 mux_grant_candidate_56_19 ( bmux_3448 ) 
              5 mux_grant_candidate_56_20 ( bmux_3449 ) 
              5 mux_grant_candidate_56_22 ( bmux_3450 ) 
              5 mux_grant_candidate_56_23 ( bmux_3451 ) 
              5 mux_req_i_55_25 ( mux_83_10 ) 
              5 decode_gint26 ( Decoder_2_3_0_3396 ) 
              5 mux_grant_candidate_56_29 ( bmux_3452 ) 
              5 mux_grant_candidate_56_30 ( bmux_3453 ) 
              5 mux_grant_candidate_56_31 ( bmux_3454 ) 
              5 mux_grant_candidate_56_32 ( bmux_3455 ) 
              5 mux_grant_candidate_69_25 ( bmux_3456 ) 
              5 mux_grant_candidate_69_35 ( bmux_3457 ) 
              5 mux_grant_candidate_69_36 ( bmux_3458 ) 
              5 mux_grant_candidate_69_37 ( bmux_3459 ) 
              5 mux_grant_candidate_69_42 ( bmux_3460 ) 
              5 mux_grant_candidate_69_43 ( bmux_3461 ) 
              5 mux_grant_candidate_69_44 ( bmux_3462 ) 
              5 mux_grant_candidate_69_45 ( bmux_3463 ) 
              5 mux_grant_candidate_69_50 ( bmux_3464 ) 
              5 mux_grant_candidate_69_51 ( bmux_3465 ) 
              5 mux_grant_candidate_69_52 ( bmux_3466 ) 
              5 mux_grant_candidate_69_53 ( bmux_3467 ) 
              5 mux_grant_candidate_69_58 ( bmux_3468 ) 
              5 mux_grant_candidate_69_59 ( bmux_3469 ) 
              5 mux_grant_candidate_69_60 ( bmux_3470 ) 
              5 mux_grant_candidate_69_61 ( bmux_3471 ) 
              5 g62 ( or_op_3429 ) 
              5 g63 ( or_op_3430 ) 
              5 g65 ( and_op_3431 ) 
              5 g66 ( or_op_3432 ) 
              5 add_53_50_I1 ( add_unsigned_9068 ) 
              5 gt_55_64_I1 ( gt_unsigned_9074 ) 
              5 add00416395 ( add_unsigned_9076 ) 
              5 gt_55_64_I2 ( gt_unsigned_9074_1 ) 
              5 add00416485 ( add_unsigned_9076_1 ) 
              5 gt_55_64_I3 ( gt_unsigned_9074_2 ) 
              5 add00416575 ( add_unsigned_9092 ) 
              5 gt_55_64_I4 ( gt_unsigned_9074_3 ) 
              5 lte_87_49_I1 ( leq_unsigned ) 
              5 lte_87_49_I2 ( leq_unsigned_1 ) 
              5 lte_87_49_I3 ( leq_unsigned_2 ) 
              5 lte_87_49_I4 ( leq_unsigned_3 ) 
              5 gt_107_58_I4 ( gt_unsigned_9074_4 ) 
              5 sub_108_48_I4 ( sub_unsigned_5267_2 ) 
              5 gt_107_58_I3 ( gt_unsigned_9074_5 ) 
              5 sub_108_48_I3 ( sub_unsigned_5267_3 ) 
              5 gt_107_58_I2 ( gt_unsigned_9074_6 ) 
              5 sub_108_48_I2 ( sub_unsigned_5267_4 ) 
              5 gt_107_58_I1 ( gt_unsigned_9074_7 ) 
              5 sub_108_48_I1 ( sub_unsigned_5267_5 ) 
              5 mux_credit[1]_101_17 ( bmux_190_54 ) 
              5 ctl_idx_wrapped_55_44 ( case_box_3446 ) 
              5 mux_credit[idx_wrapped]_55_44 ( mux_9150 ) 
              5 mux_found_55_40 ( bmux_3472 ) 
              5 ctl_idx_wrapped_55_93 ( case_box_3447 ) 
              5 mux_credit[idx_wrapped]_55_94 ( mux_9150_1 ) 
              5 mux_found_52_17 ( bmux_3473 ) 
              5 ctl_idx_wrapped_55_98 ( case_box_3450 ) 
              5 mux_credit[idx_wrapped]_55_99 ( mux_9150_2 ) 
              5 mux_found_52_101 ( bmux_3474 ) 
              5 ctl_idx_wrapped_55_104 ( case_box_3453 ) 
              5 mux_credit[idx_wrapped]_55_105 ( mux_9150_3 ) 
              5 mux_found_52_107 ( bmux_3475 ) 
              5 mux_found_68_25 ( bmux_3476 ) 
              5 mux_found_65_21 ( bmux_3477 ) 
              5 mux_found_65_117 ( bmux_3478 ) 
              5 mux_grant_candidate_55_40 ( bmux_108_40 ) 
              5 mux_grant_candidate_55_126 ( bmux_108_41 ) 
              5 mux_grant_candidate_52_17 ( bmux_108_42 ) 
              5 mux_grant_candidate_55_127 ( bmux_108_43 ) 
              5 mux_grant_candidate_52_128 ( bmux_108_44 ) 
              5 mux_grant_candidate_55_129 ( bmux_108_45 ) 
              5 mux_grant_candidate_52_130 ( bmux_108_46 ) 
              5 mux_grant_candidate_68_25 ( bmux_108_47 ) 
              5 mux_grant_candidate_68_131 ( bmux_108_48 ) 
              5 mux_grant_candidate_65_21 ( bmux_108_49 ) 
              5 mux_grant_candidate_68_132 ( bmux_108_50 ) 
              5 mux_grant_candidate_65_133 ( bmux_108_51 ) 
              5 mux_grant_candidate_68_134 ( bmux_108_52 ) 
              5 mux_grant_candidate_65_135 ( bmux_108_53 ) 
              5 mux_grant_candidate_63_13 ( bmux_108_54 ) 
              5 mux_77_29 ( bmux_108_55 ) 
              5 mux_credit[0]_101_17 ( bmux_190_55 ) 
              5 ctl_grant_candidate_88_17 ( case_box_3456 ) 
              5 mux_grant_idx_88_17 ( mux_93_2 ) 
              5 mux_credit[2]_101_17 ( bmux_190_57 ) 
              5 mux_credit[3]_101_17 ( bmux_190_59 ) 
           4 master_id_encoder ( onehot_encoder_INPUT_W4_OUTPUT_W2 ) 
              5 ctl_i_248_17 ( case_box_3460 ) 
              5 mux_encoded_248_17 ( mux_93_3 ) 
           4 slv_skid_buffer ( skid_buffer_SBUF_TYPE3_DATA_WIDTH68 ) 
           4 g55 ( or_op_3462 ) 
           4 ctl_granted_mst_id_467_27 ( case_box_3476 ) 
           4 mux_AxPROT_valid[granted_mst_id]_467_27 ( mux_9192 ) 
           4 mux_AxLEN_valid_split[granted_mst_id]_463_26 ( mux_9150_4 ) 
           4 mux_AxBURST_valid[granted_mst_id]_462_28 ( mux_1233_2 ) 
           4 mux_AxADDR_valid_split[granted_mst_id]_461_27 ( mux_2030_5 ) 
           4 mux_AxID_valid[granted_mst_id]_458_50 ( mux_9202 ) 
           4 mux_msk_addr_crossing_valid[granted_mst_id]_549_44 ( mux_83_15 ) 
           4 mux_AxSIZE_valid[granted_mst_id]_464_27 ( mux_9192_1 ) 
        3 W_channel ( sa_W_channel_MST_AMT4_OUTSTANDING_AMT4_MST_ID_W2_DATA_WIDTH32_ADDR_WIDTH32_TRANS_DATA_LEN_W8_W_FIFO_DEPTH32h00000002 ) 
           4 fifo_wdata_order ( sync_fifo_FIFO_TYPE0_DATA_WIDTH10_FIFO_DEPTH4 ) 
              5 eq_38_38 ( equal_unsigned_162_67 ) 
              5 add_54_30 ( add_unsigned_5261_30 ) 
              5 eq_37_37 ( equal_unsigned_82_43 ) 
              5 add_39_37 ( add_unsigned_5261_31 ) 
              5 eq_39_45 ( equal_unsigned_82_44 ) 
              5 add_40_38 ( add_unsigned_1931_37 ) 
              5 eq_40_46 ( equal_unsigned_162_68 ) 
              5 sub_41_36 ( sub_unsigned_8778_14 ) 
              5 ctl_rd_addr_46_21 ( case_box_3500 ) 
              5 mux_mem[rd_addr]_46_21 ( mux_9232 ) 
              5 ctl_wr_addr_53_13 ( case_box_3501 ) 
           4 slv_skid_buffer ( skid_buffer_SBUF_TYPE3_DATA_WIDTH37 ) 
           4 MST_W_FIFO[0].fifo_wdata ( sync_fifo_FIFO_TYPE0_DATA_WIDTH36_FIFO_DEPTH32h00000002 ) 
              5 add_54_30 ( add_unsigned_1931_38 ) 
              5 eq_37_37 ( equal_unsigned_162_69 ) 
              5 add_39_37 ( add_unsigned_1931_39 ) 
              5 eq_39_45 ( equal_unsigned_162_70 ) 
              5 add_40_38 ( add_unsigned_2076_9 ) 
              5 sub_41_36 ( sub_unsigned_8961_7 ) 
              5 ctl_rd_addr_46_21 ( case_box_3507 ) 
              5 mux_mem[rd_addr]_46_21 ( mux_9254 ) 
              5 ctl_wr_addr_53_13 ( case_box_3508 ) 
           4 MST_W_FIFO[1].fifo_wdata ( sync_fifo_FIFO_TYPE0_DATA_WIDTH36_FIFO_DEPTH32h00000002_1 ) 
              5 add_54_30 ( add_unsigned_1931_40 ) 
              5 eq_37_37 ( equal_unsigned_162_71 ) 
              5 add_39_37 ( add_unsigned_1931_41 ) 
              5 eq_39_45 ( equal_unsigned_162_72 ) 
              5 add_40_38 ( add_unsigned_2076_10 ) 
              5 sub_41_36 ( sub_unsigned_8961_8 ) 
              5 ctl_rd_addr_46_21 ( case_box_3507_1 ) 
              5 mux_mem[rd_addr]_46_21 ( mux_9254_1 ) 
              5 ctl_wr_addr_53_13 ( case_box_3508_1 ) 
           4 MST_W_FIFO[2].fifo_wdata ( sync_fifo_FIFO_TYPE0_DATA_WIDTH36_FIFO_DEPTH32h00000002_2 ) 
              5 add_54_30 ( add_unsigned_1931_42 ) 
              5 eq_37_37 ( equal_unsigned_162_73 ) 
              5 add_39_37 ( add_unsigned_1931_43 ) 
              5 eq_39_45 ( equal_unsigned_162_74 ) 
              5 add_40_38 ( add_unsigned_2076_11 ) 
              5 sub_41_36 ( sub_unsigned_8961_9 ) 
              5 ctl_rd_addr_46_21 ( case_box_3507_2 ) 
              5 mux_mem[rd_addr]_46_21 ( mux_9254_2 ) 
              5 ctl_wr_addr_53_13 ( case_box_3508_2 ) 
           4 MST_W_FIFO[3].fifo_wdata ( sync_fifo_FIFO_TYPE0_DATA_WIDTH36_FIFO_DEPTH32h00000002_3 ) 
              5 add_54_30 ( add_unsigned_1931_44 ) 
              5 eq_37_37 ( equal_unsigned_162_75 ) 
              5 add_39_37 ( add_unsigned_1931_45 ) 
              5 eq_39_45 ( equal_unsigned_162_76 ) 
              5 add_40_38 ( add_unsigned_2076_12 ) 
              5 sub_41_36 ( sub_unsigned_8961_10 ) 
              5 ctl_rd_addr_46_21 ( case_box_3507_3 ) 
              5 mux_mem[rd_addr]_46_21 ( mux_9254_3 ) 
              5 ctl_wr_addr_53_13 ( case_box_3508_3 ) 
           4 eq_1041_55 ( equal_unsigned_8797_2 ) 
           4 eq_1023_67_I1 ( equal_unsigned_255_27 ) 
           4 eq_1023_67_I2 ( equal_unsigned_255_28 ) 
           4 eq_1023_67_I3 ( equal_unsigned_162_77 ) 
           4 eq_1023_67_I4 ( equal_unsigned_162_78 ) 
           4 add_1040_54 ( add_unsigned_8799_2 ) 
           4 mux_1041_55 ( bmux_190_70 ) 
           4 ctl_Ax_mst_id_valid_1037_40 ( case_box_3512 ) 
           4 mux_fifo_wdata_empt[Ax_mst_id_valid]_1037_40 ( mux_83_16 ) 
           4 mux_dsp_WSTRB_valid[Ax_mst_id_valid]_1049_39 ( mux_86_2 ) 
           4 mux_dsp_WDATA_valid[Ax_mst_id_valid]_1050_39 ( mux_2030_6 ) 
        3 B_channel ( sa_B_channel_MST_AMT4_OUTSTANDING_AMT4_MST_ID_W2_TRANS_MST_ID_W5_TRANS_SLV_ID_W7_TRANS_WR_RESP_W2 ) 
           4 fifo_wresp_filter ( sync_fifo_FIFO_TYPE0_DATA_WIDTH8_FIFO_DEPTH4 ) 
              5 eq_38_38 ( equal_unsigned_162_79 ) 
              5 add_54_30 ( add_unsigned_5261_32 ) 
              5 eq_37_37 ( equal_unsigned_82_45 ) 
              5 add_39_37 ( add_unsigned_5261_33 ) 
              5 eq_39_45 ( equal_unsigned_82_46 ) 
              5 add_40_38 ( add_unsigned_1931_46 ) 
              5 eq_40_46 ( equal_unsigned_162_80 ) 
              5 sub_41_36 ( sub_unsigned_8778_15 ) 
              5 ctl_rd_addr_46_21 ( case_box_3524 ) 
              5 mux_mem[rd_addr]_46_21 ( mux_9150_5 ) 
              5 ctl_wr_addr_53_13 ( case_box_3525 ) 
           4 slv_skid_buffer ( skid_buffer_SBUF_TYPE1_DATA_WIDTH9 ) 
              5 add_132_42 ( add_unsigned_1931_47 ) 
              5 eq_116_34 ( equal_unsigned_162_81 ) 
              5 add_135_42 ( add_unsigned_1931_48 ) 
              5 ctl_BWD_REGISTERED.rd_ptr_123_34 ( case_box_3531 ) 
              5 mux_BWD_REGISTERED.mem[BWD_REGISTERED.rd_ptr]_123_34 ( mux_9309 ) 
              5 ctl_BWD_REGISTERED.wr_ptr_131_25 ( case_box_3532 ) 
           4 mux_dsp_BREADY_i_1221_31 ( mux_83_17 ) 
           4 decode_gint ( Decoder_2_3_0_3537 ) 
           4 eq_1210_44 ( equal_unsigned_119_4 ) 
           4 eq_1224_52_I1 ( equal_unsigned_255_29 ) 
           4 eq_1224_52_I2 ( equal_unsigned_255_30 ) 
           4 eq_1224_52_I3 ( equal_unsigned_162_82 ) 
           4 eq_1224_52_I4 ( equal_unsigned_162_83 ) 
        3 AR_channel ( sa_Ax_channel_MST_AMT4_OUTSTANDING_AMT4_MST_WEIGHTx00000005000000040000000300000001_MST_ID_W2_DATA_WIDTH32_ADDR_WIDTH32_TRANS_MST_ID_W5_DSP_ID_W5_TRANS_SLV_ID_W7_TRANS_BURST_W2_TRANS_DATA_LEN_W8_TRANS_DATA_SIZE_W3_SLV_ID0_SLV_ID_MSB_IDX31_SLV_ID_LSB_IDX29_AXI_SIDEBAND_EN0_AXI_LOCK_CONST0_AXI_CACHE_CONST3_AXI_QOS_CONST0_AXI_REGION_CONST0_1 ) 
           4 MST_FIFO[0].fifo_Ax_channel ( sync_fifo_FIFO_TYPE2_DATA_WIDTH53_FIFO_DEPTH4_4 ) 
              5 eq_38_38 ( equal_unsigned_162_88 ) 
              5 add_54_30 ( add_unsigned_5261_34 ) 
              5 eq_37_37 ( equal_unsigned_82_47 ) 
              5 add_39_37 ( add_unsigned_5261_35 ) 
              5 eq_39_45 ( equal_unsigned_82_48 ) 
              5 add_40_38 ( add_unsigned_1931_53 ) 
              5 eq_40_46 ( equal_unsigned_162_89 ) 
              5 sub_41_36 ( sub_unsigned_8778_16 ) 
              5 ctl_rd_addr_46_21 ( case_box_3368_4 ) 
              5 mux_mem[rd_addr]_46_21 ( mux_9009_4 ) 
              5 ctl_wr_addr_53_13 ( case_box_3369_4 ) 
           4 MST_FIFO[0].splitting_4kb_masker ( splitting_4kb_masker_ADDR_WIDTH32_LEN_WIDTH8_SIZE_WIDTH3_4 ) 
              5 g1 ( or_op_3372_4 ) 
              5 add_323_62 ( add_unsigned_9011_4 ) 
              5 add_313_58 ( add_unsigned_9015_4 ) 
              5 sub_320_83 ( sub_unsigned_5267_9 ) 
              5 add_294_29 ( add_unsigned_9019_4 ) 
              5 sub_319_33 ( sub_unsigned_9021_4 ) 
              5 mux_320_46 ( bmux_190_72 ) 
              5 mux_320_27 ( bmux_190_73 ) 
              5 mux_324_28 ( bmux_46_529 ) 
              5 mux_trans_size_sll[SIZE_i]_304_25 ( bmux_6548_51 ) 
              5 mux_trans_size_rem_srl[SIZE_i]_317_26 ( bmux_6549_51 ) 
           4 MST_FIFO[1].fifo_Ax_channel ( sync_fifo_FIFO_TYPE2_DATA_WIDTH53_FIFO_DEPTH4_5 ) 
              5 eq_38_38 ( equal_unsigned_162_90 ) 
              5 add_54_30 ( add_unsigned_5261_36 ) 
              5 eq_37_37 ( equal_unsigned_82_49 ) 
              5 add_39_37 ( add_unsigned_5261_37 ) 
              5 eq_39_45 ( equal_unsigned_82_50 ) 
              5 add_40_38 ( add_unsigned_1931_54 ) 
              5 eq_40_46 ( equal_unsigned_162_91 ) 
              5 sub_41_36 ( sub_unsigned_8778_17 ) 
              5 ctl_rd_addr_46_21 ( case_box_3368_5 ) 
              5 mux_mem[rd_addr]_46_21 ( mux_9009_5 ) 
              5 ctl_wr_addr_53_13 ( case_box_3369_5 ) 
           4 MST_FIFO[1].splitting_4kb_masker ( splitting_4kb_masker_ADDR_WIDTH32_LEN_WIDTH8_SIZE_WIDTH3_5 ) 
              5 g1 ( or_op_3372_5 ) 
              5 add_323_62 ( add_unsigned_9011_5 ) 
              5 add_313_58 ( add_unsigned_9015_5 ) 
              5 sub_320_83 ( sub_unsigned_5267_10 ) 
              5 add_294_29 ( add_unsigned_9019_5 ) 
              5 sub_319_33 ( sub_unsigned_9021_5 ) 
              5 mux_320_46 ( bmux_190_74 ) 
              5 mux_320_27 ( bmux_190_75 ) 
              5 mux_324_28 ( bmux_46_530 ) 
              5 mux_trans_size_sll[SIZE_i]_304_25 ( bmux_6548_50 ) 
              5 mux_trans_size_rem_srl[SIZE_i]_317_26 ( bmux_6549_50 ) 
           4 MST_FIFO[2].fifo_Ax_channel ( sync_fifo_FIFO_TYPE2_DATA_WIDTH53_FIFO_DEPTH4_6 ) 
              5 eq_38_38 ( equal_unsigned_162_92 ) 
              5 add_54_30 ( add_unsigned_5261_38 ) 
              5 eq_37_37 ( equal_unsigned_82_51 ) 
              5 add_39_37 ( add_unsigned_5261_39 ) 
              5 eq_39_45 ( equal_unsigned_82_52 ) 
              5 add_40_38 ( add_unsigned_1931_55 ) 
              5 eq_40_46 ( equal_unsigned_162_93 ) 
              5 sub_41_36 ( sub_unsigned_8778_18 ) 
              5 ctl_rd_addr_46_21 ( case_box_3368_6 ) 
              5 mux_mem[rd_addr]_46_21 ( mux_9009_6 ) 
              5 ctl_wr_addr_53_13 ( case_box_3369_6 ) 
           4 MST_FIFO[2].splitting_4kb_masker ( splitting_4kb_masker_ADDR_WIDTH32_LEN_WIDTH8_SIZE_WIDTH3_6 ) 
              5 g1 ( or_op_3372_6 ) 
              5 add_323_62 ( add_unsigned_9011_6 ) 
              5 add_313_58 ( add_unsigned_9015_6 ) 
              5 sub_320_83 ( sub_unsigned_5267_11 ) 
              5 add_294_29 ( add_unsigned_9019_6 ) 
              5 sub_319_33 ( sub_unsigned_9021_6 ) 
              5 mux_320_46 ( bmux_190_76 ) 
              5 mux_320_27 ( bmux_190_77 ) 
              5 mux_324_28 ( bmux_46_531 ) 
              5 mux_trans_size_sll[SIZE_i]_304_25 ( bmux_6548_49 ) 
              5 mux_trans_size_rem_srl[SIZE_i]_317_26 ( bmux_6549_49 ) 
           4 MST_FIFO[3].fifo_Ax_channel ( sync_fifo_FIFO_TYPE2_DATA_WIDTH53_FIFO_DEPTH4_7 ) 
              5 eq_38_38 ( equal_unsigned_162_94 ) 
              5 add_54_30 ( add_unsigned_5261_40 ) 
              5 eq_37_37 ( equal_unsigned_82_53 ) 
              5 add_39_37 ( add_unsigned_5261_41 ) 
              5 eq_39_45 ( equal_unsigned_82_54 ) 
              5 add_40_38 ( add_unsigned_1931_56 ) 
              5 eq_40_46 ( equal_unsigned_162_95 ) 
              5 sub_41_36 ( sub_unsigned_8778_19 ) 
              5 ctl_rd_addr_46_21 ( case_box_3368_7 ) 
              5 mux_mem[rd_addr]_46_21 ( mux_9009_7 ) 
              5 ctl_wr_addr_53_13 ( case_box_3369_7 ) 
           4 MST_FIFO[3].splitting_4kb_masker ( splitting_4kb_masker_ADDR_WIDTH32_LEN_WIDTH8_SIZE_WIDTH3_7 ) 
              5 g1 ( or_op_3372_7 ) 
              5 add_323_62 ( add_unsigned_9011_7 ) 
              5 add_313_58 ( add_unsigned_9015_7 ) 
              5 sub_320_83 ( sub_unsigned_5267_12 ) 
              5 add_294_29 ( add_unsigned_9019_7 ) 
              5 sub_319_33 ( sub_unsigned_9021_7 ) 
              5 mux_320_46 ( bmux_190_78 ) 
              5 mux_320_27 ( bmux_190_79 ) 
              5 mux_324_28 ( bmux_46_532 ) 
              5 mux_trans_size_sll[SIZE_i]_304_25 ( bmux_6548_48 ) 
              5 mux_trans_size_rem_srl[SIZE_i]_317_26 ( bmux_6549_48 ) 
           4 arbiter ( arbiter_iwrr_1cycle_P_REQUESTER_NUM4_P_REQUESTER_WEIGHTx00000005000000040000000300000001_P_NUM_GRANT_REQ_W1_1 ) 
              5 mux_req_i_55_21 ( mux_83_18 ) 
              5 decode_gint ( Decoder_2_3_0_1 ) 
              5 mux_grant_candidate_56_21 ( bmux_3570 ) 
              5 mux_grant_candidate_56_2 ( bmux_3571 ) 
              5 mux_grant_candidate_56_3 ( bmux_3572 ) 
              5 mux_grant_candidate_56_4 ( bmux_3573 ) 
              5 mux_req_i_55_6 ( mux_83_19 ) 
              5 decode_gint7 ( Decoder_2_3_0_3380_1 ) 
              5 mux_grant_candidate_56_10 ( bmux_3574 ) 
              5 mux_grant_candidate_56_11 ( bmux_3575 ) 
              5 mux_grant_candidate_56_12 ( bmux_3576 ) 
              5 mux_grant_candidate_56_13 ( bmux_3577 ) 
              5 mux_req_i_55_15 ( mux_83_20 ) 
              5 decode_gint16 ( Decoder_2_3_0_3388_1 ) 
              5 mux_grant_candidate_56_19 ( bmux_3578 ) 
              5 mux_grant_candidate_56_20 ( bmux_3579 ) 
              5 mux_grant_candidate_56_22 ( bmux_3580 ) 
              5 mux_grant_candidate_56_23 ( bmux_3581 ) 
              5 mux_req_i_55_25 ( mux_83_21 ) 
              5 decode_gint26 ( Decoder_2_3_0_3396_1 ) 
              5 mux_grant_candidate_56_29 ( bmux_3582 ) 
              5 mux_grant_candidate_56_30 ( bmux_3583 ) 
              5 mux_grant_candidate_56_31 ( bmux_3584 ) 
              5 mux_grant_candidate_56_32 ( bmux_3585 ) 
              5 mux_grant_candidate_69_25 ( bmux_3586 ) 
              5 mux_grant_candidate_69_35 ( bmux_3587 ) 
              5 mux_grant_candidate_69_36 ( bmux_3588 ) 
              5 mux_grant_candidate_69_37 ( bmux_3589 ) 
              5 mux_grant_candidate_69_42 ( bmux_3590 ) 
              5 mux_grant_candidate_69_43 ( bmux_3591 ) 
              5 mux_grant_candidate_69_44 ( bmux_3592 ) 
              5 mux_grant_candidate_69_45 ( bmux_3593 ) 
              5 mux_grant_candidate_69_50 ( bmux_3594 ) 
              5 mux_grant_candidate_69_51 ( bmux_3595 ) 
              5 mux_grant_candidate_69_52 ( bmux_3596 ) 
              5 mux_grant_candidate_69_53 ( bmux_3597 ) 
              5 mux_grant_candidate_69_58 ( bmux_3598 ) 
              5 mux_grant_candidate_69_59 ( bmux_3599 ) 
              5 mux_grant_candidate_69_60 ( bmux_3600 ) 
              5 mux_grant_candidate_69_61 ( bmux_3601 ) 
              5 g62 ( or_op_3429_1 ) 
              5 g63 ( or_op_3430_1 ) 
              5 g65 ( and_op_3431_1 ) 
              5 g66 ( or_op_3432_1 ) 
              5 add_53_50_I1 ( add_unsigned_9068_2 ) 
              5 gt_55_64_I1 ( gt_unsigned_9074_8 ) 
              5 add00416395 ( add_unsigned_9076_4 ) 
              5 gt_55_64_I2 ( gt_unsigned_9074_9 ) 
              5 add00416485 ( add_unsigned_9076_5 ) 
              5 gt_55_64_I3 ( gt_unsigned_9074_10 ) 
              5 add00416575 ( add_unsigned_9092_2 ) 
              5 gt_55_64_I4 ( gt_unsigned_9074_11 ) 
              5 lte_87_49_I1 ( leq_unsigned_4 ) 
              5 lte_87_49_I2 ( leq_unsigned_5 ) 
              5 lte_87_49_I3 ( leq_unsigned_6 ) 
              5 lte_87_49_I4 ( leq_unsigned_7 ) 
              5 gt_107_58_I4 ( gt_unsigned_9074_12 ) 
              5 sub_108_48_I4 ( sub_unsigned_5267_13 ) 
              5 gt_107_58_I3 ( gt_unsigned_9074_13 ) 
              5 sub_108_48_I3 ( sub_unsigned_5267_14 ) 
              5 gt_107_58_I2 ( gt_unsigned_9074_14 ) 
              5 sub_108_48_I2 ( sub_unsigned_5267_15 ) 
              5 gt_107_58_I1 ( gt_unsigned_9074_15 ) 
              5 sub_108_48_I1 ( sub_unsigned_5267_16 ) 
              5 mux_credit[1]_101_17 ( bmux_190_80 ) 
              5 ctl_idx_wrapped_55_44 ( case_box_3446_1 ) 
              5 mux_credit[idx_wrapped]_55_44 ( mux_9150_6 ) 
              5 mux_found_55_40 ( bmux_3602 ) 
              5 ctl_idx_wrapped_55_93 ( case_box_3447_1 ) 
              5 mux_credit[idx_wrapped]_55_94 ( mux_9150_7 ) 
              5 mux_found_52_17 ( bmux_3603 ) 
              5 ctl_idx_wrapped_55_98 ( case_box_3450_1 ) 
              5 mux_credit[idx_wrapped]_55_99 ( mux_9150_8 ) 
              5 mux_found_52_101 ( bmux_3604 ) 
              5 ctl_idx_wrapped_55_104 ( case_box_3453_1 ) 
              5 mux_credit[idx_wrapped]_55_105 ( mux_9150_9 ) 
              5 mux_found_52_107 ( bmux_3605 ) 
              5 mux_found_68_25 ( bmux_3606 ) 
              5 mux_found_65_21 ( bmux_3607 ) 
              5 mux_found_65_117 ( bmux_3608 ) 
              5 mux_grant_candidate_55_40 ( bmux_108_57 ) 
              5 mux_grant_candidate_55_126 ( bmux_108_58 ) 
              5 mux_grant_candidate_52_17 ( bmux_108_59 ) 
              5 mux_grant_candidate_55_127 ( bmux_108_60 ) 
              5 mux_grant_candidate_52_128 ( bmux_108_61 ) 
              5 mux_grant_candidate_55_129 ( bmux_108_62 ) 
              5 mux_grant_candidate_52_130 ( bmux_108_63 ) 
              5 mux_grant_candidate_68_25 ( bmux_108_64 ) 
              5 mux_grant_candidate_68_131 ( bmux_108_65 ) 
              5 mux_grant_candidate_65_21 ( bmux_108_66 ) 
              5 mux_grant_candidate_68_132 ( bmux_108_67 ) 
              5 mux_grant_candidate_65_133 ( bmux_108_68 ) 
              5 mux_grant_candidate_68_134 ( bmux_108_69 ) 
              5 mux_grant_candidate_65_135 ( bmux_108_70 ) 
              5 mux_grant_candidate_63_13 ( bmux_108_71 ) 
              5 mux_77_29 ( bmux_108_72 ) 
              5 mux_credit[0]_101_17 ( bmux_190_81 ) 
              5 ctl_grant_candidate_88_17 ( case_box_3456_1 ) 
              5 mux_grant_idx_88_17 ( mux_93_4 ) 
              5 mux_credit[2]_101_17 ( bmux_190_83 ) 
              5 mux_credit[3]_101_17 ( bmux_190_85 ) 
           4 master_id_encoder ( onehot_encoder_INPUT_W4_OUTPUT_W2_1 ) 
              5 ctl_i_248_17 ( case_box_3460_1 ) 
              5 mux_encoded_248_17 ( mux_93_5 ) 
           4 slv_skid_buffer ( skid_buffer_SBUF_TYPE3_DATA_WIDTH68_1 ) 
           4 g55 ( or_op_3462_1 ) 
           4 ctl_granted_mst_id_467_27 ( case_box_3476_1 ) 
           4 mux_AxPROT_valid[granted_mst_id]_467_27 ( mux_9192_2 ) 
           4 mux_AxLEN_valid_split[granted_mst_id]_463_26 ( mux_9150_10 ) 
           4 mux_AxBURST_valid[granted_mst_id]_462_28 ( mux_1233_3 ) 
           4 mux_AxADDR_valid_split[granted_mst_id]_461_27 ( mux_2030_7 ) 
           4 mux_AxID_valid[granted_mst_id]_458_50 ( mux_9202_1 ) 
           4 mux_msk_addr_crossing_valid[granted_mst_id]_549_44 ( mux_83_26 ) 
           4 mux_AxSIZE_valid[granted_mst_id]_464_27 ( mux_9192_3 ) 
        3 R_channel ( sa_R_channel_MST_AMT4_OUTSTANDING_AMT4_MST_ID_W2_DATA_WIDTH32_ADDR_WIDTH32_TRANS_MST_ID_W5_TRANS_SLV_ID_W7_DSP_RID_W5 ) 
           4 slv_skid_buffer ( skid_buffer_SBUF_TYPE1_DATA_WIDTH42 ) 
              5 add_132_42 ( add_unsigned_1931_49 ) 
              5 eq_116_34 ( equal_unsigned_162_84 ) 
              5 add_135_42 ( add_unsigned_1931_50 ) 
              5 ctl_BWD_REGISTERED.rd_ptr_123_34 ( case_box_3541 ) 
              5 mux_BWD_REGISTERED.mem[BWD_REGISTERED.rd_ptr]_123_34 ( mux_9333 ) 
              5 ctl_BWD_REGISTERED.wr_ptr_131_25 ( case_box_3542 ) 
           4 dsp_skid_buffer ( skid_buffer_SBUF_TYPE1_DATA_WIDTH42_1 ) 
              5 add_132_42 ( add_unsigned_1931_51 ) 
              5 eq_116_34 ( equal_unsigned_162_85 ) 
              5 add_135_42 ( add_unsigned_1931_52 ) 
              5 ctl_BWD_REGISTERED.rd_ptr_123_34 ( case_box_3541_1 ) 
              5 mux_BWD_REGISTERED.mem[BWD_REGISTERED.rd_ptr]_123_34 ( mux_9333_1 ) 
              5 ctl_BWD_REGISTERED.wr_ptr_131_25 ( case_box_3542_1 ) 
           4 g1 ( or_op_3545 ) 
           4 g4 ( and_op_3546 ) 
           4 g11 ( and_op_3547 ) 
           4 g12 ( or_op_3548 ) 
           4 eq_702_49 ( equal_unsigned_1052_13 ) 
           4 eq00432950 ( equal_unsigned_9337 ) 
           4 eq_719_59_I1 ( equal_unsigned_255_31 ) 
           4 eq_719_59_I2 ( equal_unsigned_255_32 ) 
           4 eq_719_59_I3 ( equal_unsigned_162_86 ) 
           4 eq_719_59_I4 ( equal_unsigned_162_87 ) 
           4 eq_733_76_I1 ( equal_unsigned_119_5 ) 
           4 eq_733_76_I2 ( equal_unsigned_119_6 ) 
           4 eq_733_76_I3 ( equal_unsigned_119_7 ) 
           4 eq_733_76_I4 ( equal_unsigned_119_8 ) 
           4 eq_733_76_I5 ( equal_unsigned_119_9 ) 
           4 eq_733_76_I6 ( equal_unsigned_119_10 ) 
           4 eq_733_76_I7 ( equal_unsigned_119_11 ) 
           4 eq_733_76_I8 ( equal_unsigned_119_12 ) 
           4 eq_733_76_I9 ( equal_unsigned_119_13 ) 
           4 eq_733_76_I10 ( equal_unsigned_119_14 ) 
           4 eq_733_76_I11 ( equal_unsigned_119_15 ) 
           4 eq_733_76_I12 ( equal_unsigned_119_16 ) 
           4 eq_733_76_I13 ( equal_unsigned_119_17 ) 
           4 eq_733_76_I14 ( equal_unsigned_119_18 ) 
           4 eq_733_76_I15 ( equal_unsigned_119_19 ) 
           4 eq_733_76_I16 ( equal_unsigned_119_20 ) 
           4 sub_769_51 ( sub_unsigned_9379 ) 
           4 eq00432960 ( equal_unsigned_255_33 ) 
           4 eq00432965 ( equal_unsigned_70_11 ) 
           4 eq00432970 ( equal_unsigned_2000_3 ) 
           4 eq00432975 ( equal_unsigned_8_8 ) 
           4 eq00432980 ( equal_unsigned_9391 ) 
           4 eq00432985 ( equal_unsigned_137_1 ) 
           4 eq00432990 ( equal_unsigned_8513_1 ) 
           4 eq00432995 ( equal_unsigned_9397 ) 
           4 eq00433000 ( equal_unsigned_9399 ) 
           4 eq00433005 ( equal_unsigned_9401 ) 
           4 eq00433010 ( equal_unsigned_9403 ) 
           4 eq00433015 ( equal_unsigned_9405 ) 
           4 eq00433020 ( equal_unsigned_9407 ) 
           4 eq00433025 ( equal_unsigned_9409 ) 
           4 add_797_57 ( add_unsigned_9411 ) 
           4 mux_filter_count_q_796_13 ( bmux_9412 ) 
           4 mux_filter_push_slot_768_17 ( bmux_46_528 ) 
           4 mux_filter_shift_seen_772_25 ( bmux_3490 ) 
           4 mux_filter_shift_seen_772_103 ( bmux_3491 ) 
           4 mux_filter_shift_seen_772_106 ( bmux_3492 ) 
           4 mux_filter_shift_seen_772_109 ( bmux_3493 ) 
           4 mux_filter_shift_seen_772_112 ( bmux_3494 ) 
           4 mux_filter_shift_seen_772_115 ( bmux_3495 ) 
           4 mux_filter_shift_seen_772_118 ( bmux_3496 ) 
           4 mux_filter_shift_seen_772_121 ( bmux_3497 ) 
           4 mux_filter_shift_seen_772_124 ( bmux_3498 ) 
           4 mux_filter_shift_seen_772_127 ( bmux_3499 ) 
           4 mux_filter_shift_seen_772_130 ( bmux_3500 ) 
           4 mux_filter_shift_seen_772_133 ( bmux_3501 ) 
           4 mux_filter_shift_seen_772_136 ( bmux_3502 ) 
           4 mux_filter_shift_seen_772_139 ( bmux_3503 ) 
           4 mux_filter_shift_seen_772_142 ( bmux_3504 ) 
           4 mux_filter_shift_seen_772_145 ( bmux_3505 ) 
           4 ctl_filter_push_slot_791_17 ( case_box_3595 ) 
           4 mux_filter_valid_q[15]_791_17 ( mux_53_2092 ) 
           4 mux_filter_valid_q[15]_790_30 ( bmux_3506 ) 
           4 mux_filter_valid_q[14]_791_17 ( mux_53_2093 ) 
           4 mux_filter_valid_q[14]_790_30 ( bmux_3508 ) 
           4 mux_filter_valid_q[13]_791_17 ( mux_53_2094 ) 
           4 mux_filter_valid_q[13]_790_30 ( bmux_3510 ) 
           4 mux_filter_valid_q[12]_791_17 ( mux_53_2095 ) 
           4 mux_filter_valid_q[12]_790_30 ( bmux_3512 ) 
           4 mux_filter_valid_q[11]_791_17 ( mux_53_2096 ) 
           4 mux_filter_valid_q[11]_790_30 ( bmux_3514 ) 
           4 mux_filter_valid_q[10]_791_17 ( mux_53_2097 ) 
           4 mux_filter_valid_q[10]_790_30 ( bmux_3516 ) 
           4 mux_filter_valid_q[9]_791_17 ( mux_53_2098 ) 
           4 mux_filter_valid_q[9]_790_30 ( bmux_3518 ) 
           4 mux_filter_valid_q[8]_791_17 ( mux_53_2099 ) 
           4 mux_filter_valid_q[8]_790_30 ( bmux_3520 ) 
           4 mux_filter_valid_q[7]_791_17 ( mux_53_2100 ) 
           4 mux_filter_valid_q[7]_790_30 ( bmux_3522 ) 
           4 mux_filter_valid_q[6]_791_17 ( mux_53_2101 ) 
           4 mux_filter_valid_q[6]_790_30 ( bmux_3524 ) 
           4 mux_filter_valid_q[5]_791_17 ( mux_53_2102 ) 
           4 mux_filter_valid_q[5]_790_30 ( bmux_3526 ) 
           4 mux_filter_valid_q[4]_791_17 ( mux_53_2103 ) 
           4 mux_filter_valid_q[4]_790_30 ( bmux_3528 ) 
           4 mux_filter_valid_q[3]_791_17 ( mux_53_2104 ) 
           4 mux_filter_valid_q[3]_790_30 ( bmux_3530 ) 
           4 mux_filter_valid_q[2]_791_17 ( mux_53_2105 ) 
           4 mux_filter_valid_q[2]_790_30 ( bmux_3532 ) 
           4 mux_filter_valid_q[1]_791_17 ( mux_53_2106 ) 
           4 mux_filter_valid_q[1]_790_30 ( bmux_3534 ) 
           4 mux_filter_valid_q[0]_791_17 ( mux_53_2107 ) 
           4 mux_filter_valid_q[0]_790_30 ( bmux_3536 ) 
           4 mux_filter_id_q[15]_793_17 ( mux_9479 ) 
           4 mux_filter_id_q[15]_790_30 ( bmux_1884_6 ) 
           4 mux_filter_id_q[14]_793_17 ( mux_9479_1 ) 
           4 mux_filter_id_q[14]_790_30 ( bmux_1884_8 ) 
           4 mux_filter_id_q[13]_793_17 ( mux_9479_2 ) 
           4 mux_filter_id_q[13]_790_30 ( bmux_1884_10 ) 
           4 mux_filter_id_q[12]_793_17 ( mux_9479_3 ) 
           4 mux_filter_id_q[12]_790_30 ( bmux_1884_12 ) 
           4 mux_filter_id_q[11]_793_17 ( mux_9479_4 ) 
           4 mux_filter_id_q[11]_790_30 ( bmux_1884_14 ) 
           4 mux_filter_id_q[10]_793_17 ( mux_9479_5 ) 
           4 mux_filter_id_q[10]_790_30 ( bmux_1884_16 ) 
           4 mux_filter_id_q[9]_793_17 ( mux_9479_6 ) 
           4 mux_filter_id_q[9]_790_30 ( bmux_1884_18 ) 
           4 mux_filter_id_q[8]_793_17 ( mux_9479_7 ) 
           4 mux_filter_id_q[8]_790_30 ( bmux_1884_20 ) 
           4 mux_filter_id_q[7]_793_17 ( mux_9479_8 ) 
           4 mux_filter_id_q[7]_790_30 ( bmux_1884_22 ) 
           4 mux_filter_id_q[6]_793_17 ( mux_9479_9 ) 
           4 mux_filter_id_q[6]_790_30 ( bmux_1884_24 ) 
           4 mux_filter_id_q[5]_793_17 ( mux_9479_10 ) 
           4 mux_filter_id_q[5]_790_30 ( bmux_1884_26 ) 
           4 mux_filter_id_q[4]_793_17 ( mux_9479_11 ) 
           4 mux_filter_id_q[4]_790_30 ( bmux_1884_28 ) 
           4 mux_filter_id_q[3]_793_17 ( mux_9479_12 ) 
           4 mux_filter_id_q[3]_790_30 ( bmux_1884_30 ) 
           4 mux_filter_id_q[2]_793_17 ( mux_9479_13 ) 
           4 mux_filter_id_q[2]_790_30 ( bmux_1884_32 ) 
           4 mux_filter_id_q[1]_793_17 ( mux_9479_14 ) 
           4 mux_filter_id_q[1]_790_30 ( bmux_1884_34 ) 
           4 mux_filter_id_q[0]_793_17 ( mux_9479_15 ) 
           4 mux_filter_id_q[0]_790_30 ( bmux_1884_36 ) 
           4 mux_filter_cross_q[15]_792_17 ( mux_53_2108 ) 
           4 mux_filter_cross_q[15]_790_30 ( bmux_3538 ) 
           4 mux_filter_cross_q[14]_792_17 ( mux_53_2109 ) 
           4 mux_filter_cross_q[14]_790_30 ( bmux_3540 ) 
           4 mux_filter_cross_q[13]_792_17 ( mux_53_2110 ) 
           4 mux_filter_cross_q[13]_790_30 ( bmux_3542 ) 
           4 mux_filter_cross_q[12]_792_17 ( mux_53_2111 ) 
           4 mux_filter_cross_q[12]_790_30 ( bmux_3544 ) 
           4 mux_filter_cross_q[11]_792_17 ( mux_53_2112 ) 
           4 mux_filter_cross_q[11]_790_30 ( bmux_3546 ) 
           4 mux_filter_cross_q[10]_792_17 ( mux_53_2113 ) 
           4 mux_filter_cross_q[10]_790_30 ( bmux_3548 ) 
           4 mux_filter_cross_q[9]_792_17 ( mux_53_2114 ) 
           4 mux_filter_cross_q[9]_790_30 ( bmux_3550 ) 
           4 mux_filter_cross_q[8]_792_17 ( mux_53_2115 ) 
           4 mux_filter_cross_q[8]_790_30 ( bmux_3552 ) 
           4 mux_filter_cross_q[7]_792_17 ( mux_53_2116 ) 
           4 mux_filter_cross_q[7]_790_30 ( bmux_3554 ) 
           4 mux_filter_cross_q[6]_792_17 ( mux_53_2117 ) 
           4 mux_filter_cross_q[6]_790_30 ( bmux_3556 ) 
           4 mux_filter_cross_q[5]_792_17 ( mux_53_2118 ) 
           4 mux_filter_cross_q[5]_790_30 ( bmux_3558 ) 
           4 mux_filter_cross_q[4]_792_17 ( mux_53_2119 ) 
           4 mux_filter_cross_q[4]_790_30 ( bmux_3560 ) 
           4 mux_filter_cross_q[3]_792_17 ( mux_53_2120 ) 
           4 mux_filter_cross_q[3]_790_30 ( bmux_3562 ) 
           4 mux_filter_cross_q[2]_792_17 ( mux_53_2121 ) 
           4 mux_filter_cross_q[2]_790_30 ( bmux_3564 ) 
           4 mux_filter_cross_q[1]_792_17 ( mux_53_2122 ) 
           4 mux_filter_cross_q[1]_790_30 ( bmux_3566 ) 
           4 mux_filter_cross_q[0]_792_17 ( mux_53_2123 ) 
           4 mux_filter_cross_q[0]_790_30 ( bmux_3568 ) 
     2 SA_GEN[1].genblk1.slave_arbitration ( ai_slave_arbitration_MST_AMT4_OUTSTANDING_AMT4_MST_WEIGHTx00000005000000040000000300000001_MST_ID_W2_DATA_WIDTH32_ADDR_WIDTH32_TRANS_MST_ID_W5_TRANS_SLV_ID_W7_TRANS_BURST_W2_TRANS_DATA_LEN_W8_TRANS_DATA_SIZE_W3_TRANS_WR_RESP_W2_SLV_ID1_SLV_ID_MSB_IDX31_SLV_ID_LSB_IDX29_W_FIFO_DEPTH32h00000008_AXI_SIDEBAND_EN0_AXI_LOCK_CONST0_AXI_CACHE_CONST3_AXI_QOS_CONST0_AXI_REGION_CONST0 ) 
        3 AW_channel ( sa_Ax_channel_MST_AMT4_OUTSTANDING_AMT4_MST_WEIGHTx00000005000000040000000300000001_MST_ID_W2_DATA_WIDTH32_ADDR_WIDTH32_TRANS_MST_ID_W5_DSP_ID_W5_TRANS_SLV_ID_W7_TRANS_BURST_W2_TRANS_DATA_LEN_W8_TRANS_DATA_SIZE_W3_SLV_ID1_SLV_ID_MSB_IDX31_SLV_ID_LSB_IDX29_AXI_SIDEBAND_EN0_AXI_LOCK_CONST0_AXI_CACHE_CONST3_AXI_QOS_CONST0_AXI_REGION_CONST0 ) 
           4 MST_FIFO[0].fifo_Ax_channel ( sync_fifo_FIFO_TYPE2_DATA_WIDTH53_FIFO_DEPTH4_8 ) 
              5 eq_38_38 ( equal_unsigned_162_96 ) 
              5 add_54_30 ( add_unsigned_5261_42 ) 
              5 eq_37_37 ( equal_unsigned_82_55 ) 
              5 add_39_37 ( add_unsigned_5261_43 ) 
              5 eq_39_45 ( equal_unsigned_82_56 ) 
              5 add_40_38 ( add_unsigned_1931_57 ) 
              5 eq_40_46 ( equal_unsigned_162_97 ) 
              5 sub_41_36 ( sub_unsigned_8778_20 ) 
              5 ctl_rd_addr_46_21 ( case_box_3368_8 ) 
              5 mux_mem[rd_addr]_46_21 ( mux_9009_8 ) 
              5 ctl_wr_addr_53_13 ( case_box_3369_8 ) 
           4 MST_FIFO[0].splitting_4kb_masker ( splitting_4kb_masker_ADDR_WIDTH32_LEN_WIDTH8_SIZE_WIDTH3_8 ) 
              5 g1 ( or_op_3372_8 ) 
              5 add_323_62 ( add_unsigned_9011_8 ) 
              5 add_313_58 ( add_unsigned_9015_8 ) 
              5 sub_320_83 ( sub_unsigned_5267_17 ) 
              5 add_294_29 ( add_unsigned_9019_8 ) 
              5 sub_319_33 ( sub_unsigned_9021_8 ) 
              5 mux_320_46 ( bmux_190_90 ) 
              5 mux_320_27 ( bmux_190_91 ) 
              5 mux_324_28 ( bmux_46_534 ) 
              5 mux_trans_size_sll[SIZE_i]_304_25 ( bmux_6548_47 ) 
              5 mux_trans_size_rem_srl[SIZE_i]_317_26 ( bmux_6549_47 ) 
           4 MST_FIFO[1].fifo_Ax_channel ( sync_fifo_FIFO_TYPE2_DATA_WIDTH53_FIFO_DEPTH4_9 ) 
              5 eq_38_38 ( equal_unsigned_162_98 ) 
              5 add_54_30 ( add_unsigned_5261_44 ) 
              5 eq_37_37 ( equal_unsigned_82_57 ) 
              5 add_39_37 ( add_unsigned_5261_45 ) 
              5 eq_39_45 ( equal_unsigned_82_58 ) 
              5 add_40_38 ( add_unsigned_1931_58 ) 
              5 eq_40_46 ( equal_unsigned_162_99 ) 
              5 sub_41_36 ( sub_unsigned_8778_21 ) 
              5 ctl_rd_addr_46_21 ( case_box_3368_9 ) 
              5 mux_mem[rd_addr]_46_21 ( mux_9009_9 ) 
              5 ctl_wr_addr_53_13 ( case_box_3369_9 ) 
           4 MST_FIFO[1].splitting_4kb_masker ( splitting_4kb_masker_ADDR_WIDTH32_LEN_WIDTH8_SIZE_WIDTH3_9 ) 
              5 g1 ( or_op_3372_9 ) 
              5 add_323_62 ( add_unsigned_9011_9 ) 
              5 add_313_58 ( add_unsigned_9015_9 ) 
              5 sub_320_83 ( sub_unsigned_5267_18 ) 
              5 add_294_29 ( add_unsigned_9019_9 ) 
              5 sub_319_33 ( sub_unsigned_9021_9 ) 
              5 mux_320_46 ( bmux_190_92 ) 
              5 mux_320_27 ( bmux_190_93 ) 
              5 mux_324_28 ( bmux_46_535 ) 
              5 mux_trans_size_sll[SIZE_i]_304_25 ( bmux_6548_46 ) 
              5 mux_trans_size_rem_srl[SIZE_i]_317_26 ( bmux_6549_46 ) 
           4 MST_FIFO[2].fifo_Ax_channel ( sync_fifo_FIFO_TYPE2_DATA_WIDTH53_FIFO_DEPTH4_10 ) 
              5 eq_38_38 ( equal_unsigned_162_100 ) 
              5 add_54_30 ( add_unsigned_5261_46 ) 
              5 eq_37_37 ( equal_unsigned_82_59 ) 
              5 add_39_37 ( add_unsigned_5261_47 ) 
              5 eq_39_45 ( equal_unsigned_82_60 ) 
              5 add_40_38 ( add_unsigned_1931_59 ) 
              5 eq_40_46 ( equal_unsigned_162_101 ) 
              5 sub_41_36 ( sub_unsigned_8778_22 ) 
              5 ctl_rd_addr_46_21 ( case_box_3368_10 ) 
              5 mux_mem[rd_addr]_46_21 ( mux_9009_10 ) 
              5 ctl_wr_addr_53_13 ( case_box_3369_10 ) 
           4 MST_FIFO[2].splitting_4kb_masker ( splitting_4kb_masker_ADDR_WIDTH32_LEN_WIDTH8_SIZE_WIDTH3_10 ) 
              5 g1 ( or_op_3372_10 ) 
              5 add_323_62 ( add_unsigned_9011_10 ) 
              5 add_313_58 ( add_unsigned_9015_10 ) 
              5 sub_320_83 ( sub_unsigned_5267_19 ) 
              5 add_294_29 ( add_unsigned_9019_10 ) 
              5 sub_319_33 ( sub_unsigned_9021_10 ) 
              5 mux_320_46 ( bmux_190_94 ) 
              5 mux_320_27 ( bmux_190_95 ) 
              5 mux_324_28 ( bmux_46_536 ) 
              5 mux_trans_size_sll[SIZE_i]_304_25 ( bmux_6548_45 ) 
              5 mux_trans_size_rem_srl[SIZE_i]_317_26 ( bmux_6549_45 ) 
           4 MST_FIFO[3].fifo_Ax_channel ( sync_fifo_FIFO_TYPE2_DATA_WIDTH53_FIFO_DEPTH4_11 ) 
              5 eq_38_38 ( equal_unsigned_162_102 ) 
              5 add_54_30 ( add_unsigned_5261_48 ) 
              5 eq_37_37 ( equal_unsigned_82_61 ) 
              5 add_39_37 ( add_unsigned_5261_49 ) 
              5 eq_39_45 ( equal_unsigned_82_62 ) 
              5 add_40_38 ( add_unsigned_1931_60 ) 
              5 eq_40_46 ( equal_unsigned_162_103 ) 
              5 sub_41_36 ( sub_unsigned_8778_23 ) 
              5 ctl_rd_addr_46_21 ( case_box_3368_11 ) 
              5 mux_mem[rd_addr]_46_21 ( mux_9009_11 ) 
              5 ctl_wr_addr_53_13 ( case_box_3369_11 ) 
           4 MST_FIFO[3].splitting_4kb_masker ( splitting_4kb_masker_ADDR_WIDTH32_LEN_WIDTH8_SIZE_WIDTH3_11 ) 
              5 g1 ( or_op_3372_11 ) 
              5 add_323_62 ( add_unsigned_9011_11 ) 
              5 add_313_58 ( add_unsigned_9015_11 ) 
              5 sub_320_83 ( sub_unsigned_5267_20 ) 
              5 add_294_29 ( add_unsigned_9019_11 ) 
              5 sub_319_33 ( sub_unsigned_9021_11 ) 
              5 mux_320_46 ( bmux_190_96 ) 
              5 mux_320_27 ( bmux_190_97 ) 
              5 mux_324_28 ( bmux_46_537 ) 
              5 mux_trans_size_sll[SIZE_i]_304_25 ( bmux_6548_44 ) 
              5 mux_trans_size_rem_srl[SIZE_i]_317_26 ( bmux_6549_44 ) 
           4 arbiter ( arbiter_iwrr_1cycle_P_REQUESTER_NUM4_P_REQUESTER_WEIGHTx00000005000000040000000300000001_P_NUM_GRANT_REQ_W1_2 ) 
              5 mux_req_i_55_21 ( mux_83_27 ) 
              5 decode_gint ( Decoder_2_3_0_2 ) 
              5 mux_grant_candidate_56_21 ( bmux_3617 ) 
              5 mux_grant_candidate_56_2 ( bmux_3618 ) 
              5 mux_grant_candidate_56_3 ( bmux_3619 ) 
              5 mux_grant_candidate_56_4 ( bmux_3620 ) 
              5 mux_req_i_55_6 ( mux_83_28 ) 
              5 decode_gint7 ( Decoder_2_3_0_3380_2 ) 
              5 mux_grant_candidate_56_10 ( bmux_3621 ) 
              5 mux_grant_candidate_56_11 ( bmux_3622 ) 
              5 mux_grant_candidate_56_12 ( bmux_3623 ) 
              5 mux_grant_candidate_56_13 ( bmux_3624 ) 
              5 mux_req_i_55_15 ( mux_83_29 ) 
              5 decode_gint16 ( Decoder_2_3_0_3388_2 ) 
              5 mux_grant_candidate_56_19 ( bmux_3625 ) 
              5 mux_grant_candidate_56_20 ( bmux_3626 ) 
              5 mux_grant_candidate_56_22 ( bmux_3627 ) 
              5 mux_grant_candidate_56_23 ( bmux_3628 ) 
              5 mux_req_i_55_25 ( mux_83_30 ) 
              5 decode_gint26 ( Decoder_2_3_0_3396_2 ) 
              5 mux_grant_candidate_56_29 ( bmux_3629 ) 
              5 mux_grant_candidate_56_30 ( bmux_3630 ) 
              5 mux_grant_candidate_56_31 ( bmux_3631 ) 
              5 mux_grant_candidate_56_32 ( bmux_3632 ) 
              5 mux_grant_candidate_69_25 ( bmux_3633 ) 
              5 mux_grant_candidate_69_35 ( bmux_3634 ) 
              5 mux_grant_candidate_69_36 ( bmux_3635 ) 
              5 mux_grant_candidate_69_37 ( bmux_3636 ) 
              5 mux_grant_candidate_69_42 ( bmux_3637 ) 
              5 mux_grant_candidate_69_43 ( bmux_3638 ) 
              5 mux_grant_candidate_69_44 ( bmux_3639 ) 
              5 mux_grant_candidate_69_45 ( bmux_3640 ) 
              5 mux_grant_candidate_69_50 ( bmux_3641 ) 
              5 mux_grant_candidate_69_51 ( bmux_3642 ) 
              5 mux_grant_candidate_69_52 ( bmux_3643 ) 
              5 mux_grant_candidate_69_53 ( bmux_3644 ) 
              5 mux_grant_candidate_69_58 ( bmux_3645 ) 
              5 mux_grant_candidate_69_59 ( bmux_3646 ) 
              5 mux_grant_candidate_69_60 ( bmux_3647 ) 
              5 mux_grant_candidate_69_61 ( bmux_3648 ) 
              5 g62 ( or_op_3429_2 ) 
              5 g63 ( or_op_3430_2 ) 
              5 g65 ( and_op_3431_2 ) 
              5 g66 ( or_op_3432_2 ) 
              5 add_53_50_I1 ( add_unsigned_9068_4 ) 
              5 gt_55_64_I1 ( gt_unsigned_9074_16 ) 
              5 add00416395 ( add_unsigned_9076_8 ) 
              5 gt_55_64_I2 ( gt_unsigned_9074_17 ) 
              5 add00416485 ( add_unsigned_9076_9 ) 
              5 gt_55_64_I3 ( gt_unsigned_9074_18 ) 
              5 add00416575 ( add_unsigned_9092_4 ) 
              5 gt_55_64_I4 ( gt_unsigned_9074_19 ) 
              5 lte_87_49_I1 ( leq_unsigned_8 ) 
              5 lte_87_49_I2 ( leq_unsigned_9 ) 
              5 lte_87_49_I3 ( leq_unsigned_10 ) 
              5 lte_87_49_I4 ( leq_unsigned_11 ) 
              5 gt_107_58_I4 ( gt_unsigned_9074_20 ) 
              5 sub_108_48_I4 ( sub_unsigned_5267_21 ) 
              5 gt_107_58_I3 ( gt_unsigned_9074_21 ) 
              5 sub_108_48_I3 ( sub_unsigned_5267_22 ) 
              5 gt_107_58_I2 ( gt_unsigned_9074_22 ) 
              5 sub_108_48_I2 ( sub_unsigned_5267_23 ) 
              5 gt_107_58_I1 ( gt_unsigned_9074_23 ) 
              5 sub_108_48_I1 ( sub_unsigned_5267_24 ) 
              5 mux_credit[1]_101_17 ( bmux_190_98 ) 
              5 ctl_idx_wrapped_55_44 ( case_box_3446_2 ) 
              5 mux_credit[idx_wrapped]_55_44 ( mux_9150_11 ) 
              5 mux_found_55_40 ( bmux_3649 ) 
              5 ctl_idx_wrapped_55_93 ( case_box_3447_2 ) 
              5 mux_credit[idx_wrapped]_55_94 ( mux_9150_12 ) 
              5 mux_found_52_17 ( bmux_3650 ) 
              5 ctl_idx_wrapped_55_98 ( case_box_3450_2 ) 
              5 mux_credit[idx_wrapped]_55_99 ( mux_9150_13 ) 
              5 mux_found_52_101 ( bmux_3651 ) 
              5 ctl_idx_wrapped_55_104 ( case_box_3453_2 ) 
              5 mux_credit[idx_wrapped]_55_105 ( mux_9150_14 ) 
              5 mux_found_52_107 ( bmux_3652 ) 
              5 mux_found_68_25 ( bmux_3653 ) 
              5 mux_found_65_21 ( bmux_3654 ) 
              5 mux_found_65_117 ( bmux_3655 ) 
              5 mux_grant_candidate_55_40 ( bmux_108_73 ) 
              5 mux_grant_candidate_55_126 ( bmux_108_74 ) 
              5 mux_grant_candidate_52_17 ( bmux_108_75 ) 
              5 mux_grant_candidate_55_127 ( bmux_108_76 ) 
              5 mux_grant_candidate_52_128 ( bmux_108_77 ) 
              5 mux_grant_candidate_55_129 ( bmux_108_78 ) 
              5 mux_grant_candidate_52_130 ( bmux_108_79 ) 
              5 mux_grant_candidate_68_25 ( bmux_108_80 ) 
              5 mux_grant_candidate_68_131 ( bmux_108_81 ) 
              5 mux_grant_candidate_65_21 ( bmux_108_82 ) 
              5 mux_grant_candidate_68_132 ( bmux_108_83 ) 
              5 mux_grant_candidate_65_133 ( bmux_108_84 ) 
              5 mux_grant_candidate_68_134 ( bmux_108_85 ) 
              5 mux_grant_candidate_65_135 ( bmux_108_86 ) 
              5 mux_grant_candidate_63_13 ( bmux_108_87 ) 
              5 mux_77_29 ( bmux_108_88 ) 
              5 mux_credit[0]_101_17 ( bmux_190_99 ) 
              5 ctl_grant_candidate_88_17 ( case_box_3456_2 ) 
              5 mux_grant_idx_88_17 ( mux_93_6 ) 
              5 mux_credit[2]_101_17 ( bmux_190_101 ) 
              5 mux_credit[3]_101_17 ( bmux_190_103 ) 
           4 master_id_encoder ( onehot_encoder_INPUT_W4_OUTPUT_W2_2 ) 
              5 ctl_i_248_17 ( case_box_3460_2 ) 
              5 mux_encoded_248_17 ( mux_93_7 ) 
           4 slv_skid_buffer ( skid_buffer_SBUF_TYPE3_DATA_WIDTH68_2 ) 
           4 g55 ( or_op_3605 ) 
           4 ctl_granted_mst_id_467_27 ( case_box_3619 ) 
           4 mux_AxPROT_valid[granted_mst_id]_467_27 ( mux_9192_4 ) 
           4 mux_AxLEN_valid_split[granted_mst_id]_463_26 ( mux_9150_15 ) 
           4 mux_AxBURST_valid[granted_mst_id]_462_28 ( mux_1233_4 ) 
           4 mux_AxADDR_valid_split[granted_mst_id]_461_27 ( mux_2030_8 ) 
           4 mux_AxID_valid[granted_mst_id]_458_50 ( mux_9202_2 ) 
           4 mux_msk_addr_crossing_valid[granted_mst_id]_549_44 ( mux_83_35 ) 
           4 mux_AxSIZE_valid[granted_mst_id]_464_27 ( mux_9192_5 ) 
        3 W_channel ( sa_W_channel_MST_AMT4_OUTSTANDING_AMT4_MST_ID_W2_DATA_WIDTH32_ADDR_WIDTH32_TRANS_DATA_LEN_W8_W_FIFO_DEPTH32h00000008 ) 
           4 fifo_wdata_order ( sync_fifo_FIFO_TYPE0_DATA_WIDTH10_FIFO_DEPTH4_1 ) 
              5 eq_38_38 ( equal_unsigned_162_104 ) 
              5 add_54_30 ( add_unsigned_5261_51 ) 
              5 eq_37_37 ( equal_unsigned_82_65 ) 
              5 add_39_37 ( add_unsigned_5261_52 ) 
              5 eq_39_45 ( equal_unsigned_82_66 ) 
              5 add_40_38 ( add_unsigned_1931_61 ) 
              5 eq_40_46 ( equal_unsigned_162_105 ) 
              5 sub_41_36 ( sub_unsigned_8778_24 ) 
              5 ctl_rd_addr_46_21 ( case_box_3500_1 ) 
              5 mux_mem[rd_addr]_46_21 ( mux_9232_1 ) 
              5 ctl_wr_addr_53_13 ( case_box_3501_1 ) 
           4 slv_skid_buffer ( skid_buffer_SBUF_TYPE3_DATA_WIDTH37_1 ) 
           4 MST_W_FIFO[0].fifo_wdata ( sync_fifo_FIFO_TYPE0_DATA_WIDTH36_FIFO_DEPTH32h00000008 ) 
              5 eq_38_38 ( equal_unsigned_82_63 ) 
              5 add_54_30 ( add_unsigned_8819_12 ) 
              5 eq_37_37 ( equal_unsigned_8455_1 ) 
              5 add_39_37 ( add_unsigned_8819_13 ) 
              5 eq_39_45 ( equal_unsigned_8455_2 ) 
              5 add_40_38 ( add_unsigned_5261_50 ) 
              5 eq_40_46 ( equal_unsigned_82_64 ) 
              5 sub_41_36 ( sub_unsigned_9616 ) 
              5 mux_mem[rd_addr]_46_21 ( bmux_9619 ) 
              5 ctl_wr_addr_53_13 ( case_box_3647 ) 
           4 MST_W_FIFO[1].fifo_wdata ( sync_fifo_FIFO_TYPE0_DATA_WIDTH36_FIFO_DEPTH32h00000008_1 ) 
              5 eq_38_38 ( equal_unsigned_82_67 ) 
              5 add_54_30 ( add_unsigned_8819_14 ) 
              5 eq_37_37 ( equal_unsigned_8455_3 ) 
              5 add_39_37 ( add_unsigned_8819_15 ) 
              5 eq_39_45 ( equal_unsigned_8455_4 ) 
              5 add_40_38 ( add_unsigned_5261_53 ) 
              5 eq_40_46 ( equal_unsigned_82_68 ) 
              5 sub_41_36 ( sub_unsigned_9616_1 ) 
              5 mux_mem[rd_addr]_46_21 ( bmux_9619_1 ) 
              5 ctl_wr_addr_53_13 ( case_box_3647_1 ) 
           4 MST_W_FIFO[2].fifo_wdata ( sync_fifo_FIFO_TYPE0_DATA_WIDTH36_FIFO_DEPTH32h00000008_2 ) 
              5 eq_38_38 ( equal_unsigned_82_69 ) 
              5 add_54_30 ( add_unsigned_8819_16 ) 
              5 eq_37_37 ( equal_unsigned_8455_5 ) 
              5 add_39_37 ( add_unsigned_8819_17 ) 
              5 eq_39_45 ( equal_unsigned_8455_6 ) 
              5 add_40_38 ( add_unsigned_5261_54 ) 
              5 eq_40_46 ( equal_unsigned_82_70 ) 
              5 sub_41_36 ( sub_unsigned_9616_2 ) 
              5 mux_mem[rd_addr]_46_21 ( bmux_9619_2 ) 
              5 ctl_wr_addr_53_13 ( case_box_3647_2 ) 
           4 MST_W_FIFO[3].fifo_wdata ( sync_fifo_FIFO_TYPE0_DATA_WIDTH36_FIFO_DEPTH32h00000008_3 ) 
              5 eq_38_38 ( equal_unsigned_82_71 ) 
              5 add_54_30 ( add_unsigned_8819_18 ) 
              5 eq_37_37 ( equal_unsigned_8455_7 ) 
              5 add_39_37 ( add_unsigned_8819_19 ) 
              5 eq_39_45 ( equal_unsigned_8455_8 ) 
              5 add_40_38 ( add_unsigned_5261_55 ) 
              5 eq_40_46 ( equal_unsigned_82_72 ) 
              5 sub_41_36 ( sub_unsigned_9616_3 ) 
              5 mux_mem[rd_addr]_46_21 ( bmux_9619_3 ) 
              5 ctl_wr_addr_53_13 ( case_box_3647_3 ) 
           4 eq_1041_55 ( equal_unsigned_8797_3 ) 
           4 eq_1023_67_I1 ( equal_unsigned_255_34 ) 
           4 eq_1023_67_I2 ( equal_unsigned_255_35 ) 
           4 eq_1023_67_I3 ( equal_unsigned_162_106 ) 
           4 eq_1023_67_I4 ( equal_unsigned_162_107 ) 
           4 add_1040_54 ( add_unsigned_8799_3 ) 
           4 mux_1041_55 ( bmux_190_108 ) 
           4 ctl_Ax_mst_id_valid_1037_40 ( case_box_3649 ) 
           4 mux_fifo_wdata_empt[Ax_mst_id_valid]_1037_40 ( mux_83_36 ) 
           4 mux_dsp_WSTRB_valid[Ax_mst_id_valid]_1049_39 ( mux_86_3 ) 
           4 mux_dsp_WDATA_valid[Ax_mst_id_valid]_1050_39 ( mux_2030_9 ) 
        3 B_channel ( sa_B_channel_MST_AMT4_OUTSTANDING_AMT4_MST_ID_W2_TRANS_MST_ID_W5_TRANS_SLV_ID_W7_TRANS_WR_RESP_W2_1 ) 
           4 fifo_wresp_filter ( sync_fifo_FIFO_TYPE0_DATA_WIDTH8_FIFO_DEPTH4_1 ) 
              5 eq_38_38 ( equal_unsigned_162_108 ) 
              5 add_54_30 ( add_unsigned_5261_56 ) 
              5 eq_37_37 ( equal_unsigned_82_73 ) 
              5 add_39_37 ( add_unsigned_5261_57 ) 
              5 eq_39_45 ( equal_unsigned_82_74 ) 
              5 add_40_38 ( add_unsigned_1931_62 ) 
              5 eq_40_46 ( equal_unsigned_162_109 ) 
              5 sub_41_36 ( sub_unsigned_8778_25 ) 
              5 ctl_rd_addr_46_21 ( case_box_3524_1 ) 
              5 mux_mem[rd_addr]_46_21 ( mux_9150_16 ) 
              5 ctl_wr_addr_53_13 ( case_box_3525_1 ) 
           4 slv_skid_buffer ( skid_buffer_SBUF_TYPE1_DATA_WIDTH9_1 ) 
              5 add_132_42 ( add_unsigned_1931_63 ) 
              5 eq_116_34 ( equal_unsigned_162_110 ) 
              5 add_135_42 ( add_unsigned_1931_64 ) 
              5 ctl_BWD_REGISTERED.rd_ptr_123_34 ( case_box_3531_1 ) 
              5 mux_BWD_REGISTERED.mem[BWD_REGISTERED.rd_ptr]_123_34 ( mux_9309_1 ) 
              5 ctl_BWD_REGISTERED.wr_ptr_131_25 ( case_box_3532_1 ) 
           4 mux_dsp_BREADY_i_1221_31 ( mux_83_37 ) 
           4 decode_gint ( Decoder_2_3_0_3537_1 ) 
           4 eq_1210_44 ( equal_unsigned_119_21 ) 
           4 eq_1224_52_I1 ( equal_unsigned_255_36 ) 
           4 eq_1224_52_I2 ( equal_unsigned_255_37 ) 
           4 eq_1224_52_I3 ( equal_unsigned_162_111 ) 
           4 eq_1224_52_I4 ( equal_unsigned_162_112 ) 
        3 AR_channel ( sa_Ax_channel_MST_AMT4_OUTSTANDING_AMT4_MST_WEIGHTx00000005000000040000000300000001_MST_ID_W2_DATA_WIDTH32_ADDR_WIDTH32_TRANS_MST_ID_W5_DSP_ID_W5_TRANS_SLV_ID_W7_TRANS_BURST_W2_TRANS_DATA_LEN_W8_TRANS_DATA_SIZE_W3_SLV_ID1_SLV_ID_MSB_IDX31_SLV_ID_LSB_IDX29_AXI_SIDEBAND_EN0_AXI_LOCK_CONST0_AXI_CACHE_CONST3_AXI_QOS_CONST0_AXI_REGION_CONST0_1 ) 
           4 MST_FIFO[0].fifo_Ax_channel ( sync_fifo_FIFO_TYPE2_DATA_WIDTH53_FIFO_DEPTH4_12 ) 
              5 eq_38_38 ( equal_unsigned_162_113 ) 
              5 add_54_30 ( add_unsigned_5261_58 ) 
              5 eq_37_37 ( equal_unsigned_82_75 ) 
              5 add_39_37 ( add_unsigned_5261_59 ) 
              5 eq_39_45 ( equal_unsigned_82_76 ) 
              5 add_40_38 ( add_unsigned_1931_65 ) 
              5 eq_40_46 ( equal_unsigned_162_114 ) 
              5 sub_41_36 ( sub_unsigned_8778_26 ) 
              5 ctl_rd_addr_46_21 ( case_box_3368_12 ) 
              5 mux_mem[rd_addr]_46_21 ( mux_9009_12 ) 
              5 ctl_wr_addr_53_13 ( case_box_3369_12 ) 
           4 MST_FIFO[0].splitting_4kb_masker ( splitting_4kb_masker_ADDR_WIDTH32_LEN_WIDTH8_SIZE_WIDTH3_12 ) 
              5 g1 ( or_op_3372_12 ) 
              5 add_323_62 ( add_unsigned_9011_12 ) 
              5 add_313_58 ( add_unsigned_9015_12 ) 
              5 sub_320_83 ( sub_unsigned_5267_25 ) 
              5 add_294_29 ( add_unsigned_9019_12 ) 
              5 sub_319_33 ( sub_unsigned_9021_12 ) 
              5 mux_320_46 ( bmux_190_110 ) 
              5 mux_320_27 ( bmux_190_111 ) 
              5 mux_324_28 ( bmux_46_540 ) 
              5 mux_trans_size_sll[SIZE_i]_304_25 ( bmux_6548_43 ) 
              5 mux_trans_size_rem_srl[SIZE_i]_317_26 ( bmux_6549_43 ) 
           4 MST_FIFO[1].fifo_Ax_channel ( sync_fifo_FIFO_TYPE2_DATA_WIDTH53_FIFO_DEPTH4_13 ) 
              5 eq_38_38 ( equal_unsigned_162_115 ) 
              5 add_54_30 ( add_unsigned_5261_60 ) 
              5 eq_37_37 ( equal_unsigned_82_77 ) 
              5 add_39_37 ( add_unsigned_5261_61 ) 
              5 eq_39_45 ( equal_unsigned_82_78 ) 
              5 add_40_38 ( add_unsigned_1931_66 ) 
              5 eq_40_46 ( equal_unsigned_162_116 ) 
              5 sub_41_36 ( sub_unsigned_8778_27 ) 
              5 ctl_rd_addr_46_21 ( case_box_3368_13 ) 
              5 mux_mem[rd_addr]_46_21 ( mux_9009_13 ) 
              5 ctl_wr_addr_53_13 ( case_box_3369_13 ) 
           4 MST_FIFO[1].splitting_4kb_masker ( splitting_4kb_masker_ADDR_WIDTH32_LEN_WIDTH8_SIZE_WIDTH3_13 ) 
              5 g1 ( or_op_3372_13 ) 
              5 add_323_62 ( add_unsigned_9011_13 ) 
              5 add_313_58 ( add_unsigned_9015_13 ) 
              5 sub_320_83 ( sub_unsigned_5267_26 ) 
              5 add_294_29 ( add_unsigned_9019_13 ) 
              5 sub_319_33 ( sub_unsigned_9021_13 ) 
              5 mux_320_46 ( bmux_190_112 ) 
              5 mux_320_27 ( bmux_190_113 ) 
              5 mux_324_28 ( bmux_46_541 ) 
              5 mux_trans_size_sll[SIZE_i]_304_25 ( bmux_6548_42 ) 
              5 mux_trans_size_rem_srl[SIZE_i]_317_26 ( bmux_6549_42 ) 
           4 MST_FIFO[2].fifo_Ax_channel ( sync_fifo_FIFO_TYPE2_DATA_WIDTH53_FIFO_DEPTH4_14 ) 
              5 eq_38_38 ( equal_unsigned_162_117 ) 
              5 add_54_30 ( add_unsigned_5261_62 ) 
              5 eq_37_37 ( equal_unsigned_82_79 ) 
              5 add_39_37 ( add_unsigned_5261_63 ) 
              5 eq_39_45 ( equal_unsigned_82_80 ) 
              5 add_40_38 ( add_unsigned_1931_67 ) 
              5 eq_40_46 ( equal_unsigned_162_118 ) 
              5 sub_41_36 ( sub_unsigned_8778_28 ) 
              5 ctl_rd_addr_46_21 ( case_box_3368_14 ) 
              5 mux_mem[rd_addr]_46_21 ( mux_9009_14 ) 
              5 ctl_wr_addr_53_13 ( case_box_3369_14 ) 
           4 MST_FIFO[2].splitting_4kb_masker ( splitting_4kb_masker_ADDR_WIDTH32_LEN_WIDTH8_SIZE_WIDTH3_14 ) 
              5 g1 ( or_op_3372_14 ) 
              5 add_323_62 ( add_unsigned_9011_14 ) 
              5 add_313_58 ( add_unsigned_9015_14 ) 
              5 sub_320_83 ( sub_unsigned_5267_27 ) 
              5 add_294_29 ( add_unsigned_9019_14 ) 
              5 sub_319_33 ( sub_unsigned_9021_14 ) 
              5 mux_320_46 ( bmux_190_114 ) 
              5 mux_320_27 ( bmux_190_115 ) 
              5 mux_324_28 ( bmux_46_542 ) 
              5 mux_trans_size_sll[SIZE_i]_304_25 ( bmux_6548_41 ) 
              5 mux_trans_size_rem_srl[SIZE_i]_317_26 ( bmux_6549_41 ) 
           4 MST_FIFO[3].fifo_Ax_channel ( sync_fifo_FIFO_TYPE2_DATA_WIDTH53_FIFO_DEPTH4_15 ) 
              5 eq_38_38 ( equal_unsigned_162_119 ) 
              5 add_54_30 ( add_unsigned_5261_64 ) 
              5 eq_37_37 ( equal_unsigned_82_81 ) 
              5 add_39_37 ( add_unsigned_5261_65 ) 
              5 eq_39_45 ( equal_unsigned_82_82 ) 
              5 add_40_38 ( add_unsigned_1931_68 ) 
              5 eq_40_46 ( equal_unsigned_162_120 ) 
              5 sub_41_36 ( sub_unsigned_8778_29 ) 
              5 ctl_rd_addr_46_21 ( case_box_3368_15 ) 
              5 mux_mem[rd_addr]_46_21 ( mux_9009_15 ) 
              5 ctl_wr_addr_53_13 ( case_box_3369_15 ) 
           4 MST_FIFO[3].splitting_4kb_masker ( splitting_4kb_masker_ADDR_WIDTH32_LEN_WIDTH8_SIZE_WIDTH3_15 ) 
              5 g1 ( or_op_3372_15 ) 
              5 add_323_62 ( add_unsigned_9011_15 ) 
              5 add_313_58 ( add_unsigned_9015_15 ) 
              5 sub_320_83 ( sub_unsigned_5267_28 ) 
              5 add_294_29 ( add_unsigned_9019_15 ) 
              5 sub_319_33 ( sub_unsigned_9021_15 ) 
              5 mux_320_46 ( bmux_190_116 ) 
              5 mux_320_27 ( bmux_190_117 ) 
              5 mux_324_28 ( bmux_46_543 ) 
              5 mux_trans_size_sll[SIZE_i]_304_25 ( bmux_6548_40 ) 
              5 mux_trans_size_rem_srl[SIZE_i]_317_26 ( bmux_6549_40 ) 
           4 arbiter ( arbiter_iwrr_1cycle_P_REQUESTER_NUM4_P_REQUESTER_WEIGHTx00000005000000040000000300000001_P_NUM_GRANT_REQ_W1_3 ) 
              5 mux_req_i_55_21 ( mux_83_38 ) 
              5 decode_gint ( Decoder_2_3_0_3 ) 
              5 mux_grant_candidate_56_21 ( bmux_3667 ) 
              5 mux_grant_candidate_56_2 ( bmux_3668 ) 
              5 mux_grant_candidate_56_3 ( bmux_3669 ) 
              5 mux_grant_candidate_56_4 ( bmux_3670 ) 
              5 mux_req_i_55_6 ( mux_83_39 ) 
              5 decode_gint7 ( Decoder_2_3_0_3380_3 ) 
              5 mux_grant_candidate_56_10 ( bmux_3671 ) 
              5 mux_grant_candidate_56_11 ( bmux_3672 ) 
              5 mux_grant_candidate_56_12 ( bmux_3673 ) 
              5 mux_grant_candidate_56_13 ( bmux_3674 ) 
              5 mux_req_i_55_15 ( mux_83_40 ) 
              5 decode_gint16 ( Decoder_2_3_0_3388_3 ) 
              5 mux_grant_candidate_56_19 ( bmux_3675 ) 
              5 mux_grant_candidate_56_20 ( bmux_3676 ) 
              5 mux_grant_candidate_56_22 ( bmux_3677 ) 
              5 mux_grant_candidate_56_23 ( bmux_3678 ) 
              5 mux_req_i_55_25 ( mux_83_41 ) 
              5 decode_gint26 ( Decoder_2_3_0_3396_3 ) 
              5 mux_grant_candidate_56_29 ( bmux_3679 ) 
              5 mux_grant_candidate_56_30 ( bmux_3680 ) 
              5 mux_grant_candidate_56_31 ( bmux_3681 ) 
              5 mux_grant_candidate_56_32 ( bmux_3682 ) 
              5 mux_grant_candidate_69_25 ( bmux_3683 ) 
              5 mux_grant_candidate_69_35 ( bmux_3684 ) 
              5 mux_grant_candidate_69_36 ( bmux_3685 ) 
              5 mux_grant_candidate_69_37 ( bmux_3686 ) 
              5 mux_grant_candidate_69_42 ( bmux_3687 ) 
              5 mux_grant_candidate_69_43 ( bmux_3688 ) 
              5 mux_grant_candidate_69_44 ( bmux_3689 ) 
              5 mux_grant_candidate_69_45 ( bmux_3690 ) 
              5 mux_grant_candidate_69_50 ( bmux_3691 ) 
              5 mux_grant_candidate_69_51 ( bmux_3692 ) 
              5 mux_grant_candidate_69_52 ( bmux_3693 ) 
              5 mux_grant_candidate_69_53 ( bmux_3694 ) 
              5 mux_grant_candidate_69_58 ( bmux_3695 ) 
              5 mux_grant_candidate_69_59 ( bmux_3696 ) 
              5 mux_grant_candidate_69_60 ( bmux_3697 ) 
              5 mux_grant_candidate_69_61 ( bmux_3698 ) 
              5 g62 ( or_op_3429_3 ) 
              5 g63 ( or_op_3430_3 ) 
              5 g65 ( and_op_3431_3 ) 
              5 g66 ( or_op_3432_3 ) 
              5 add_53_50_I1 ( add_unsigned_9068_6 ) 
              5 gt_55_64_I1 ( gt_unsigned_9074_24 ) 
              5 add00416395 ( add_unsigned_9076_12 ) 
              5 gt_55_64_I2 ( gt_unsigned_9074_25 ) 
              5 add00416485 ( add_unsigned_9076_13 ) 
              5 gt_55_64_I3 ( gt_unsigned_9074_26 ) 
              5 add00416575 ( add_unsigned_9092_6 ) 
              5 gt_55_64_I4 ( gt_unsigned_9074_27 ) 
              5 lte_87_49_I1 ( leq_unsigned_12 ) 
              5 lte_87_49_I2 ( leq_unsigned_13 ) 
              5 lte_87_49_I3 ( leq_unsigned_14 ) 
              5 lte_87_49_I4 ( leq_unsigned_15 ) 
              5 gt_107_58_I4 ( gt_unsigned_9074_28 ) 
              5 sub_108_48_I4 ( sub_unsigned_5267_29 ) 
              5 gt_107_58_I3 ( gt_unsigned_9074_29 ) 
              5 sub_108_48_I3 ( sub_unsigned_5267_30 ) 
              5 gt_107_58_I2 ( gt_unsigned_9074_30 ) 
              5 sub_108_48_I2 ( sub_unsigned_5267_31 ) 
              5 gt_107_58_I1 ( gt_unsigned_9074_31 ) 
              5 sub_108_48_I1 ( sub_unsigned_5267_32 ) 
              5 mux_credit[1]_101_17 ( bmux_190_118 ) 
              5 ctl_idx_wrapped_55_44 ( case_box_3446_3 ) 
              5 mux_credit[idx_wrapped]_55_44 ( mux_9150_17 ) 
              5 mux_found_55_40 ( bmux_3699 ) 
              5 ctl_idx_wrapped_55_93 ( case_box_3447_3 ) 
              5 mux_credit[idx_wrapped]_55_94 ( mux_9150_18 ) 
              5 mux_found_52_17 ( bmux_3700 ) 
              5 ctl_idx_wrapped_55_98 ( case_box_3450_3 ) 
              5 mux_credit[idx_wrapped]_55_99 ( mux_9150_19 ) 
              5 mux_found_52_101 ( bmux_3701 ) 
              5 ctl_idx_wrapped_55_104 ( case_box_3453_3 ) 
              5 mux_credit[idx_wrapped]_55_105 ( mux_9150_20 ) 
              5 mux_found_52_107 ( bmux_3702 ) 
              5 mux_found_68_25 ( bmux_3703 ) 
              5 mux_found_65_21 ( bmux_3704 ) 
              5 mux_found_65_117 ( bmux_3705 ) 
              5 mux_grant_candidate_55_40 ( bmux_108_98 ) 
              5 mux_grant_candidate_55_126 ( bmux_108_99 ) 
              5 mux_grant_candidate_52_17 ( bmux_108_100 ) 
              5 mux_grant_candidate_55_127 ( bmux_108_101 ) 
              5 mux_grant_candidate_52_128 ( bmux_108_102 ) 
              5 mux_grant_candidate_55_129 ( bmux_108_103 ) 
              5 mux_grant_candidate_52_130 ( bmux_108_104 ) 
              5 mux_grant_candidate_68_25 ( bmux_108_105 ) 
              5 mux_grant_candidate_68_131 ( bmux_108_106 ) 
              5 mux_grant_candidate_65_21 ( bmux_108_107 ) 
              5 mux_grant_candidate_68_132 ( bmux_108_108 ) 
              5 mux_grant_candidate_65_133 ( bmux_108_109 ) 
              5 mux_grant_candidate_68_134 ( bmux_108_110 ) 
              5 mux_grant_candidate_65_135 ( bmux_108_111 ) 
              5 mux_grant_candidate_63_13 ( bmux_108_112 ) 
              5 mux_77_29 ( bmux_108_113 ) 
              5 mux_credit[0]_101_17 ( bmux_190_119 ) 
              5 ctl_grant_candidate_88_17 ( case_box_3456_3 ) 
              5 mux_grant_idx_88_17 ( mux_93_8 ) 
              5 mux_credit[2]_101_17 ( bmux_190_121 ) 
              5 mux_credit[3]_101_17 ( bmux_190_123 ) 
           4 master_id_encoder ( onehot_encoder_INPUT_W4_OUTPUT_W2_3 ) 
              5 ctl_i_248_17 ( case_box_3460_3 ) 
              5 mux_encoded_248_17 ( mux_93_9 ) 
           4 slv_skid_buffer ( skid_buffer_SBUF_TYPE3_DATA_WIDTH68_3 ) 
           4 g55 ( or_op_3605_1 ) 
           4 ctl_granted_mst_id_467_27 ( case_box_3619_1 ) 
           4 mux_AxPROT_valid[granted_mst_id]_467_27 ( mux_9192_6 ) 
           4 mux_AxLEN_valid_split[granted_mst_id]_463_26 ( mux_9150_21 ) 
           4 mux_AxBURST_valid[granted_mst_id]_462_28 ( mux_1233_5 ) 
           4 mux_AxADDR_valid_split[granted_mst_id]_461_27 ( mux_2030_10 ) 
           4 mux_AxID_valid[granted_mst_id]_458_50 ( mux_9202_3 ) 
           4 mux_msk_addr_crossing_valid[granted_mst_id]_549_44 ( mux_83_46 ) 
           4 mux_AxSIZE_valid[granted_mst_id]_464_27 ( mux_9192_7 ) 
        3 R_channel ( sa_R_channel_MST_AMT4_OUTSTANDING_AMT4_MST_ID_W2_DATA_WIDTH32_ADDR_WIDTH32_TRANS_MST_ID_W5_TRANS_SLV_ID_W7_DSP_RID_W5_1 ) 
           4 slv_skid_buffer ( skid_buffer_SBUF_TYPE1_DATA_WIDTH42_2 ) 
              5 add_132_42 ( add_unsigned_1931_69 ) 
              5 eq_116_34 ( equal_unsigned_162_121 ) 
              5 add_135_42 ( add_unsigned_1931_70 ) 
              5 ctl_BWD_REGISTERED.rd_ptr_123_34 ( case_box_3541_2 ) 
              5 mux_BWD_REGISTERED.mem[BWD_REGISTERED.rd_ptr]_123_34 ( mux_9333_2 ) 
              5 ctl_BWD_REGISTERED.wr_ptr_131_25 ( case_box_3542_2 ) 
           4 dsp_skid_buffer ( skid_buffer_SBUF_TYPE1_DATA_WIDTH42_3 ) 
              5 add_132_42 ( add_unsigned_1931_71 ) 
              5 eq_116_34 ( equal_unsigned_162_122 ) 
              5 add_135_42 ( add_unsigned_1931_72 ) 
              5 ctl_BWD_REGISTERED.rd_ptr_123_34 ( case_box_3541_3 ) 
              5 mux_BWD_REGISTERED.mem[BWD_REGISTERED.rd_ptr]_123_34 ( mux_9333_3 ) 
              5 ctl_BWD_REGISTERED.wr_ptr_131_25 ( case_box_3542_3 ) 
           4 g1 ( or_op_3545_1 ) 
           4 g4 ( and_op_3546_1 ) 
           4 g11 ( and_op_3547_1 ) 
           4 g12 ( or_op_3548_1 ) 
           4 eq_702_49 ( equal_unsigned_1052_14 ) 
           4 eq00432950 ( equal_unsigned_9337_1 ) 
           4 eq_719_59_I1 ( equal_unsigned_255_38 ) 
           4 eq_719_59_I2 ( equal_unsigned_255_39 ) 
           4 eq_719_59_I3 ( equal_unsigned_162_123 ) 
           4 eq_719_59_I4 ( equal_unsigned_162_124 ) 
           4 eq_733_76_I1 ( equal_unsigned_119_22 ) 
           4 eq_733_76_I2 ( equal_unsigned_119_23 ) 
           4 eq_733_76_I3 ( equal_unsigned_119_24 ) 
           4 eq_733_76_I4 ( equal_unsigned_119_25 ) 
           4 eq_733_76_I5 ( equal_unsigned_119_26 ) 
           4 eq_733_76_I6 ( equal_unsigned_119_27 ) 
           4 eq_733_76_I7 ( equal_unsigned_119_28 ) 
           4 eq_733_76_I8 ( equal_unsigned_119_29 ) 
           4 eq_733_76_I9 ( equal_unsigned_119_30 ) 
           4 eq_733_76_I10 ( equal_unsigned_119_31 ) 
           4 eq_733_76_I11 ( equal_unsigned_119_32 ) 
           4 eq_733_76_I12 ( equal_unsigned_119_33 ) 
           4 eq_733_76_I13 ( equal_unsigned_119_34 ) 
           4 eq_733_76_I14 ( equal_unsigned_119_35 ) 
           4 eq_733_76_I15 ( equal_unsigned_119_36 ) 
           4 eq_733_76_I16 ( equal_unsigned_119_37 ) 
           4 sub_769_51 ( sub_unsigned_9379_1 ) 
           4 eq00432960 ( equal_unsigned_255_40 ) 
           4 eq00432965 ( equal_unsigned_70_12 ) 
           4 eq00432970 ( equal_unsigned_2000_4 ) 
           4 eq00432975 ( equal_unsigned_8_9 ) 
           4 eq00432980 ( equal_unsigned_9391_1 ) 
           4 eq00432985 ( equal_unsigned_137_2 ) 
           4 eq00432990 ( equal_unsigned_8513_2 ) 
           4 eq00432995 ( equal_unsigned_9397_1 ) 
           4 eq00433000 ( equal_unsigned_9399_1 ) 
           4 eq00433005 ( equal_unsigned_9401_1 ) 
           4 eq00433010 ( equal_unsigned_9403_1 ) 
           4 eq00433015 ( equal_unsigned_9405_1 ) 
           4 eq00433020 ( equal_unsigned_9407_1 ) 
           4 eq00433025 ( equal_unsigned_9409_1 ) 
           4 add_797_57 ( add_unsigned_9411_1 ) 
           4 mux_filter_count_q_796_13 ( bmux_9412_1 ) 
           4 mux_filter_push_slot_768_17 ( bmux_46_545 ) 
           4 mux_filter_shift_seen_772_25 ( bmux_3714 ) 
           4 mux_filter_shift_seen_772_103 ( bmux_3715 ) 
           4 mux_filter_shift_seen_772_106 ( bmux_3716 ) 
           4 mux_filter_shift_seen_772_109 ( bmux_3717 ) 
           4 mux_filter_shift_seen_772_112 ( bmux_3718 ) 
           4 mux_filter_shift_seen_772_115 ( bmux_3719 ) 
           4 mux_filter_shift_seen_772_118 ( bmux_3720 ) 
           4 mux_filter_shift_seen_772_121 ( bmux_3721 ) 
           4 mux_filter_shift_seen_772_124 ( bmux_3722 ) 
           4 mux_filter_shift_seen_772_127 ( bmux_3723 ) 
           4 mux_filter_shift_seen_772_130 ( bmux_3724 ) 
           4 mux_filter_shift_seen_772_133 ( bmux_3725 ) 
           4 mux_filter_shift_seen_772_136 ( bmux_3726 ) 
           4 mux_filter_shift_seen_772_139 ( bmux_3727 ) 
           4 mux_filter_shift_seen_772_142 ( bmux_3728 ) 
           4 mux_filter_shift_seen_772_145 ( bmux_3729 ) 
           4 ctl_filter_push_slot_791_17 ( case_box_3595_1 ) 
           4 mux_filter_valid_q[15]_791_17 ( mux_53_2124 ) 
           4 mux_filter_valid_q[15]_790_30 ( bmux_3730 ) 
           4 mux_filter_valid_q[14]_791_17 ( mux_53_2125 ) 
           4 mux_filter_valid_q[14]_790_30 ( bmux_3732 ) 
           4 mux_filter_valid_q[13]_791_17 ( mux_53_2126 ) 
           4 mux_filter_valid_q[13]_790_30 ( bmux_3734 ) 
           4 mux_filter_valid_q[12]_791_17 ( mux_53_2127 ) 
           4 mux_filter_valid_q[12]_790_30 ( bmux_3736 ) 
           4 mux_filter_valid_q[11]_791_17 ( mux_53_2128 ) 
           4 mux_filter_valid_q[11]_790_30 ( bmux_3738 ) 
           4 mux_filter_valid_q[10]_791_17 ( mux_53_2129 ) 
           4 mux_filter_valid_q[10]_790_30 ( bmux_3740 ) 
           4 mux_filter_valid_q[9]_791_17 ( mux_53_2130 ) 
           4 mux_filter_valid_q[9]_790_30 ( bmux_3742 ) 
           4 mux_filter_valid_q[8]_791_17 ( mux_53_2131 ) 
           4 mux_filter_valid_q[8]_790_30 ( bmux_3744 ) 
           4 mux_filter_valid_q[7]_791_17 ( mux_53_2132 ) 
           4 mux_filter_valid_q[7]_790_30 ( bmux_3746 ) 
           4 mux_filter_valid_q[6]_791_17 ( mux_53_2133 ) 
           4 mux_filter_valid_q[6]_790_30 ( bmux_3748 ) 
           4 mux_filter_valid_q[5]_791_17 ( mux_53_2134 ) 
           4 mux_filter_valid_q[5]_790_30 ( bmux_3750 ) 
           4 mux_filter_valid_q[4]_791_17 ( mux_53_2135 ) 
           4 mux_filter_valid_q[4]_790_30 ( bmux_3752 ) 
           4 mux_filter_valid_q[3]_791_17 ( mux_53_2136 ) 
           4 mux_filter_valid_q[3]_790_30 ( bmux_3754 ) 
           4 mux_filter_valid_q[2]_791_17 ( mux_53_2137 ) 
           4 mux_filter_valid_q[2]_790_30 ( bmux_3756 ) 
           4 mux_filter_valid_q[1]_791_17 ( mux_53_2138 ) 
           4 mux_filter_valid_q[1]_790_30 ( bmux_3758 ) 
           4 mux_filter_valid_q[0]_791_17 ( mux_53_2139 ) 
           4 mux_filter_valid_q[0]_790_30 ( bmux_3760 ) 
           4 mux_filter_id_q[15]_793_17 ( mux_9479_16 ) 
           4 mux_filter_id_q[15]_790_30 ( bmux_1884_44 ) 
           4 mux_filter_id_q[14]_793_17 ( mux_9479_17 ) 
           4 mux_filter_id_q[14]_790_30 ( bmux_1884_46 ) 
           4 mux_filter_id_q[13]_793_17 ( mux_9479_18 ) 
           4 mux_filter_id_q[13]_790_30 ( bmux_1884_48 ) 
           4 mux_filter_id_q[12]_793_17 ( mux_9479_19 ) 
           4 mux_filter_id_q[12]_790_30 ( bmux_1884_50 ) 
           4 mux_filter_id_q[11]_793_17 ( mux_9479_20 ) 
           4 mux_filter_id_q[11]_790_30 ( bmux_1884_52 ) 
           4 mux_filter_id_q[10]_793_17 ( mux_9479_21 ) 
           4 mux_filter_id_q[10]_790_30 ( bmux_1884_54 ) 
           4 mux_filter_id_q[9]_793_17 ( mux_9479_22 ) 
           4 mux_filter_id_q[9]_790_30 ( bmux_1884_56 ) 
           4 mux_filter_id_q[8]_793_17 ( mux_9479_23 ) 
           4 mux_filter_id_q[8]_790_30 ( bmux_1884_58 ) 
           4 mux_filter_id_q[7]_793_17 ( mux_9479_24 ) 
           4 mux_filter_id_q[7]_790_30 ( bmux_1884_60 ) 
           4 mux_filter_id_q[6]_793_17 ( mux_9479_25 ) 
           4 mux_filter_id_q[6]_790_30 ( bmux_1884_62 ) 
           4 mux_filter_id_q[5]_793_17 ( mux_9479_26 ) 
           4 mux_filter_id_q[5]_790_30 ( bmux_1884_64 ) 
           4 mux_filter_id_q[4]_793_17 ( mux_9479_27 ) 
           4 mux_filter_id_q[4]_790_30 ( bmux_1884_66 ) 
           4 mux_filter_id_q[3]_793_17 ( mux_9479_28 ) 
           4 mux_filter_id_q[3]_790_30 ( bmux_1884_68 ) 
           4 mux_filter_id_q[2]_793_17 ( mux_9479_29 ) 
           4 mux_filter_id_q[2]_790_30 ( bmux_1884_70 ) 
           4 mux_filter_id_q[1]_793_17 ( mux_9479_30 ) 
           4 mux_filter_id_q[1]_790_30 ( bmux_1884_72 ) 
           4 mux_filter_id_q[0]_793_17 ( mux_9479_31 ) 
           4 mux_filter_id_q[0]_790_30 ( bmux_1884_74 ) 
           4 mux_filter_cross_q[15]_792_17 ( mux_53_2140 ) 
           4 mux_filter_cross_q[15]_790_30 ( bmux_3762 ) 
           4 mux_filter_cross_q[14]_792_17 ( mux_53_2141 ) 
           4 mux_filter_cross_q[14]_790_30 ( bmux_3764 ) 
           4 mux_filter_cross_q[13]_792_17 ( mux_53_2142 ) 
           4 mux_filter_cross_q[13]_790_30 ( bmux_3766 ) 
           4 mux_filter_cross_q[12]_792_17 ( mux_53_2143 ) 
           4 mux_filter_cross_q[12]_790_30 ( bmux_3768 ) 
           4 mux_filter_cross_q[11]_792_17 ( mux_53_2144 ) 
           4 mux_filter_cross_q[11]_790_30 ( bmux_3770 ) 
           4 mux_filter_cross_q[10]_792_17 ( mux_53_2145 ) 
           4 mux_filter_cross_q[10]_790_30 ( bmux_3772 ) 
           4 mux_filter_cross_q[9]_792_17 ( mux_53_2146 ) 
           4 mux_filter_cross_q[9]_790_30 ( bmux_3774 ) 
           4 mux_filter_cross_q[8]_792_17 ( mux_53_2147 ) 
           4 mux_filter_cross_q[8]_790_30 ( bmux_3776 ) 
           4 mux_filter_cross_q[7]_792_17 ( mux_53_2148 ) 
           4 mux_filter_cross_q[7]_790_30 ( bmux_3778 ) 
           4 mux_filter_cross_q[6]_792_17 ( mux_53_2149 ) 
           4 mux_filter_cross_q[6]_790_30 ( bmux_3780 ) 
           4 mux_filter_cross_q[5]_792_17 ( mux_53_2150 ) 
           4 mux_filter_cross_q[5]_790_30 ( bmux_3782 ) 
           4 mux_filter_cross_q[4]_792_17 ( mux_53_2151 ) 
           4 mux_filter_cross_q[4]_790_30 ( bmux_3784 ) 
           4 mux_filter_cross_q[3]_792_17 ( mux_53_2152 ) 
           4 mux_filter_cross_q[3]_790_30 ( bmux_3786 ) 
           4 mux_filter_cross_q[2]_792_17 ( mux_53_2153 ) 
           4 mux_filter_cross_q[2]_790_30 ( bmux_3788 ) 
           4 mux_filter_cross_q[1]_792_17 ( mux_53_2154 ) 
           4 mux_filter_cross_q[1]_790_30 ( bmux_3790 ) 
           4 mux_filter_cross_q[0]_792_17 ( mux_53_2155 ) 
           4 mux_filter_cross_q[0]_790_30 ( bmux_3792 ) 
     2 SA_GEN[2].genblk1.slave_arbitration ( ai_slave_arbitration_MST_AMT4_OUTSTANDING_AMT4_MST_WEIGHTx00000005000000040000000300000001_MST_ID_W2_DATA_WIDTH32_ADDR_WIDTH32_TRANS_MST_ID_W5_TRANS_SLV_ID_W7_TRANS_BURST_W2_TRANS_DATA_LEN_W8_TRANS_DATA_SIZE_W3_TRANS_WR_RESP_W2_SLV_ID2_SLV_ID_MSB_IDX31_SLV_ID_LSB_IDX29_W_FIFO_DEPTH32h00000002_AXI_SIDEBAND_EN0_AXI_LOCK_CONST0_AXI_CACHE_CONST3_AXI_QOS_CONST0_AXI_REGION_CONST0 ) 
        3 AW_channel ( sa_Ax_channel_MST_AMT4_OUTSTANDING_AMT4_MST_WEIGHTx00000005000000040000000300000001_MST_ID_W2_DATA_WIDTH32_ADDR_WIDTH32_TRANS_MST_ID_W5_DSP_ID_W5_TRANS_SLV_ID_W7_TRANS_BURST_W2_TRANS_DATA_LEN_W8_TRANS_DATA_SIZE_W3_SLV_ID2_SLV_ID_MSB_IDX31_SLV_ID_LSB_IDX29_AXI_SIDEBAND_EN0_AXI_LOCK_CONST0_AXI_CACHE_CONST3_AXI_QOS_CONST0_AXI_REGION_CONST0 ) 
           4 MST_FIFO[0].fifo_Ax_channel ( sync_fifo_FIFO_TYPE2_DATA_WIDTH53_FIFO_DEPTH4_16 ) 
              5 eq_38_38 ( equal_unsigned_162_125 ) 
              5 add_54_30 ( add_unsigned_5261_66 ) 
              5 eq_37_37 ( equal_unsigned_82_83 ) 
              5 add_39_37 ( add_unsigned_5261_67 ) 
              5 eq_39_45 ( equal_unsigned_82_84 ) 
              5 add_40_38 ( add_unsigned_1931_73 ) 
              5 eq_40_46 ( equal_unsigned_162_126 ) 
              5 sub_41_36 ( sub_unsigned_8778_30 ) 
              5 ctl_rd_addr_46_21 ( case_box_3368_16 ) 
              5 mux_mem[rd_addr]_46_21 ( mux_9009_16 ) 
              5 ctl_wr_addr_53_13 ( case_box_3369_16 ) 
           4 MST_FIFO[0].splitting_4kb_masker ( splitting_4kb_masker_ADDR_WIDTH32_LEN_WIDTH8_SIZE_WIDTH3_16 ) 
              5 g1 ( or_op_3372_16 ) 
              5 add_323_62 ( add_unsigned_9011_16 ) 
              5 add_313_58 ( add_unsigned_9015_16 ) 
              5 sub_320_83 ( sub_unsigned_5267_33 ) 
              5 add_294_29 ( add_unsigned_9019_16 ) 
              5 sub_319_33 ( sub_unsigned_9021_16 ) 
              5 mux_320_46 ( bmux_190_128 ) 
              5 mux_320_27 ( bmux_190_129 ) 
              5 mux_324_28 ( bmux_46_546 ) 
              5 mux_trans_size_sll[SIZE_i]_304_25 ( bmux_6548_39 ) 
              5 mux_trans_size_rem_srl[SIZE_i]_317_26 ( bmux_6549_39 ) 
           4 MST_FIFO[1].fifo_Ax_channel ( sync_fifo_FIFO_TYPE2_DATA_WIDTH53_FIFO_DEPTH4_17 ) 
              5 eq_38_38 ( equal_unsigned_162_127 ) 
              5 add_54_30 ( add_unsigned_5261_68 ) 
              5 eq_37_37 ( equal_unsigned_82_85 ) 
              5 add_39_37 ( add_unsigned_5261_69 ) 
              5 eq_39_45 ( equal_unsigned_82_86 ) 
              5 add_40_38 ( add_unsigned_1931_74 ) 
              5 eq_40_46 ( equal_unsigned_162_128 ) 
              5 sub_41_36 ( sub_unsigned_8778_31 ) 
              5 ctl_rd_addr_46_21 ( case_box_3368_17 ) 
              5 mux_mem[rd_addr]_46_21 ( mux_9009_17 ) 
              5 ctl_wr_addr_53_13 ( case_box_3369_17 ) 
           4 MST_FIFO[1].splitting_4kb_masker ( splitting_4kb_masker_ADDR_WIDTH32_LEN_WIDTH8_SIZE_WIDTH3_17 ) 
              5 g1 ( or_op_3372_17 ) 
              5 add_323_62 ( add_unsigned_9011_17 ) 
              5 add_313_58 ( add_unsigned_9015_17 ) 
              5 sub_320_83 ( sub_unsigned_5267_34 ) 
              5 add_294_29 ( add_unsigned_9019_17 ) 
              5 sub_319_33 ( sub_unsigned_9021_17 ) 
              5 mux_320_46 ( bmux_190_130 ) 
              5 mux_320_27 ( bmux_190_131 ) 
              5 mux_324_28 ( bmux_46_547 ) 
              5 mux_trans_size_sll[SIZE_i]_304_25 ( bmux_6548_38 ) 
              5 mux_trans_size_rem_srl[SIZE_i]_317_26 ( bmux_6549_38 ) 
           4 MST_FIFO[2].fifo_Ax_channel ( sync_fifo_FIFO_TYPE2_DATA_WIDTH53_FIFO_DEPTH4_18 ) 
              5 eq_38_38 ( equal_unsigned_162_129 ) 
              5 add_54_30 ( add_unsigned_5261_70 ) 
              5 eq_37_37 ( equal_unsigned_82_87 ) 
              5 add_39_37 ( add_unsigned_5261_71 ) 
              5 eq_39_45 ( equal_unsigned_82_88 ) 
              5 add_40_38 ( add_unsigned_1931_75 ) 
              5 eq_40_46 ( equal_unsigned_162_130 ) 
              5 sub_41_36 ( sub_unsigned_8778_32 ) 
              5 ctl_rd_addr_46_21 ( case_box_3368_18 ) 
              5 mux_mem[rd_addr]_46_21 ( mux_9009_18 ) 
              5 ctl_wr_addr_53_13 ( case_box_3369_18 ) 
           4 MST_FIFO[2].splitting_4kb_masker ( splitting_4kb_masker_ADDR_WIDTH32_LEN_WIDTH8_SIZE_WIDTH3_18 ) 
              5 g1 ( or_op_3372_18 ) 
              5 add_323_62 ( add_unsigned_9011_18 ) 
              5 add_313_58 ( add_unsigned_9015_18 ) 
              5 sub_320_83 ( sub_unsigned_5267_35 ) 
              5 add_294_29 ( add_unsigned_9019_18 ) 
              5 sub_319_33 ( sub_unsigned_9021_18 ) 
              5 mux_320_46 ( bmux_190_132 ) 
              5 mux_320_27 ( bmux_190_133 ) 
              5 mux_324_28 ( bmux_46_548 ) 
              5 mux_trans_size_sll[SIZE_i]_304_25 ( bmux_6548_37 ) 
              5 mux_trans_size_rem_srl[SIZE_i]_317_26 ( bmux_6549_37 ) 
           4 MST_FIFO[3].fifo_Ax_channel ( sync_fifo_FIFO_TYPE2_DATA_WIDTH53_FIFO_DEPTH4_19 ) 
              5 eq_38_38 ( equal_unsigned_162_131 ) 
              5 add_54_30 ( add_unsigned_5261_72 ) 
              5 eq_37_37 ( equal_unsigned_82_89 ) 
              5 add_39_37 ( add_unsigned_5261_73 ) 
              5 eq_39_45 ( equal_unsigned_82_90 ) 
              5 add_40_38 ( add_unsigned_1931_76 ) 
              5 eq_40_46 ( equal_unsigned_162_132 ) 
              5 sub_41_36 ( sub_unsigned_8778_33 ) 
              5 ctl_rd_addr_46_21 ( case_box_3368_19 ) 
              5 mux_mem[rd_addr]_46_21 ( mux_9009_19 ) 
              5 ctl_wr_addr_53_13 ( case_box_3369_19 ) 
           4 MST_FIFO[3].splitting_4kb_masker ( splitting_4kb_masker_ADDR_WIDTH32_LEN_WIDTH8_SIZE_WIDTH3_19 ) 
              5 g1 ( or_op_3372_19 ) 
              5 add_323_62 ( add_unsigned_9011_19 ) 
              5 add_313_58 ( add_unsigned_9015_19 ) 
              5 sub_320_83 ( sub_unsigned_5267_36 ) 
              5 add_294_29 ( add_unsigned_9019_19 ) 
              5 sub_319_33 ( sub_unsigned_9021_19 ) 
              5 mux_320_46 ( bmux_190_134 ) 
              5 mux_320_27 ( bmux_190_135 ) 
              5 mux_324_28 ( bmux_46_549 ) 
              5 mux_trans_size_sll[SIZE_i]_304_25 ( bmux_6548_36 ) 
              5 mux_trans_size_rem_srl[SIZE_i]_317_26 ( bmux_6549_36 ) 
           4 arbiter ( arbiter_iwrr_1cycle_P_REQUESTER_NUM4_P_REQUESTER_WEIGHTx00000005000000040000000300000001_P_NUM_GRANT_REQ_W1_4 ) 
              5 mux_req_i_55_21 ( mux_83_47 ) 
              5 decode_gint ( Decoder_2_3_0_4 ) 
              5 mux_grant_candidate_56_21 ( bmux_3794 ) 
              5 mux_grant_candidate_56_2 ( bmux_3795 ) 
              5 mux_grant_candidate_56_3 ( bmux_3796 ) 
              5 mux_grant_candidate_56_4 ( bmux_3797 ) 
              5 mux_req_i_55_6 ( mux_83_48 ) 
              5 decode_gint7 ( Decoder_2_3_0_3380_4 ) 
              5 mux_grant_candidate_56_10 ( bmux_3798 ) 
              5 mux_grant_candidate_56_11 ( bmux_3799 ) 
              5 mux_grant_candidate_56_12 ( bmux_3800 ) 
              5 mux_grant_candidate_56_13 ( bmux_3801 ) 
              5 mux_req_i_55_15 ( mux_83_49 ) 
              5 decode_gint16 ( Decoder_2_3_0_3388_4 ) 
              5 mux_grant_candidate_56_19 ( bmux_3802 ) 
              5 mux_grant_candidate_56_20 ( bmux_3803 ) 
              5 mux_grant_candidate_56_22 ( bmux_3804 ) 
              5 mux_grant_candidate_56_23 ( bmux_3805 ) 
              5 mux_req_i_55_25 ( mux_83_50 ) 
              5 decode_gint26 ( Decoder_2_3_0_3396_4 ) 
              5 mux_grant_candidate_56_29 ( bmux_3806 ) 
              5 mux_grant_candidate_56_30 ( bmux_3807 ) 
              5 mux_grant_candidate_56_31 ( bmux_3808 ) 
              5 mux_grant_candidate_56_32 ( bmux_3809 ) 
              5 mux_grant_candidate_69_25 ( bmux_3810 ) 
              5 mux_grant_candidate_69_35 ( bmux_3811 ) 
              5 mux_grant_candidate_69_36 ( bmux_3812 ) 
              5 mux_grant_candidate_69_37 ( bmux_3813 ) 
              5 mux_grant_candidate_69_42 ( bmux_3814 ) 
              5 mux_grant_candidate_69_43 ( bmux_3815 ) 
              5 mux_grant_candidate_69_44 ( bmux_3816 ) 
              5 mux_grant_candidate_69_45 ( bmux_3817 ) 
              5 mux_grant_candidate_69_50 ( bmux_3818 ) 
              5 mux_grant_candidate_69_51 ( bmux_3819 ) 
              5 mux_grant_candidate_69_52 ( bmux_3820 ) 
              5 mux_grant_candidate_69_53 ( bmux_3821 ) 
              5 mux_grant_candidate_69_58 ( bmux_3822 ) 
              5 mux_grant_candidate_69_59 ( bmux_3823 ) 
              5 mux_grant_candidate_69_60 ( bmux_3824 ) 
              5 mux_grant_candidate_69_61 ( bmux_3825 ) 
              5 g62 ( or_op_3429_4 ) 
              5 g63 ( or_op_3430_4 ) 
              5 g65 ( and_op_3431_4 ) 
              5 g66 ( or_op_3432_4 ) 
              5 add_53_50_I1 ( add_unsigned_9068_8 ) 
              5 gt_55_64_I1 ( gt_unsigned_9074_32 ) 
              5 add00416395 ( add_unsigned_9076_16 ) 
              5 gt_55_64_I2 ( gt_unsigned_9074_33 ) 
              5 add00416485 ( add_unsigned_9076_17 ) 
              5 gt_55_64_I3 ( gt_unsigned_9074_34 ) 
              5 add00416575 ( add_unsigned_9092_8 ) 
              5 gt_55_64_I4 ( gt_unsigned_9074_35 ) 
              5 lte_87_49_I1 ( leq_unsigned_16 ) 
              5 lte_87_49_I2 ( leq_unsigned_17 ) 
              5 lte_87_49_I3 ( leq_unsigned_18 ) 
              5 lte_87_49_I4 ( leq_unsigned_19 ) 
              5 gt_107_58_I4 ( gt_unsigned_9074_36 ) 
              5 sub_108_48_I4 ( sub_unsigned_5267_37 ) 
              5 gt_107_58_I3 ( gt_unsigned_9074_37 ) 
              5 sub_108_48_I3 ( sub_unsigned_5267_38 ) 
              5 gt_107_58_I2 ( gt_unsigned_9074_38 ) 
              5 sub_108_48_I2 ( sub_unsigned_5267_39 ) 
              5 gt_107_58_I1 ( gt_unsigned_9074_39 ) 
              5 sub_108_48_I1 ( sub_unsigned_5267_40 ) 
              5 mux_credit[1]_101_17 ( bmux_190_136 ) 
              5 ctl_idx_wrapped_55_44 ( case_box_3446_4 ) 
              5 mux_credit[idx_wrapped]_55_44 ( mux_9150_22 ) 
              5 mux_found_55_40 ( bmux_3826 ) 
              5 ctl_idx_wrapped_55_93 ( case_box_3447_4 ) 
              5 mux_credit[idx_wrapped]_55_94 ( mux_9150_23 ) 
              5 mux_found_52_17 ( bmux_3827 ) 
              5 ctl_idx_wrapped_55_98 ( case_box_3450_4 ) 
              5 mux_credit[idx_wrapped]_55_99 ( mux_9150_24 ) 
              5 mux_found_52_101 ( bmux_3828 ) 
              5 ctl_idx_wrapped_55_104 ( case_box_3453_4 ) 
              5 mux_credit[idx_wrapped]_55_105 ( mux_9150_25 ) 
              5 mux_found_52_107 ( bmux_3829 ) 
              5 mux_found_68_25 ( bmux_3830 ) 
              5 mux_found_65_21 ( bmux_3831 ) 
              5 mux_found_65_117 ( bmux_3832 ) 
              5 mux_grant_candidate_55_40 ( bmux_108_114 ) 
              5 mux_grant_candidate_55_126 ( bmux_108_115 ) 
              5 mux_grant_candidate_52_17 ( bmux_108_116 ) 
              5 mux_grant_candidate_55_127 ( bmux_108_117 ) 
              5 mux_grant_candidate_52_128 ( bmux_108_118 ) 
              5 mux_grant_candidate_55_129 ( bmux_108_119 ) 
              5 mux_grant_candidate_52_130 ( bmux_108_120 ) 
              5 mux_grant_candidate_68_25 ( bmux_108_121 ) 
              5 mux_grant_candidate_68_131 ( bmux_108_122 ) 
              5 mux_grant_candidate_65_21 ( bmux_108_123 ) 
              5 mux_grant_candidate_68_132 ( bmux_108_124 ) 
              5 mux_grant_candidate_65_133 ( bmux_108_125 ) 
              5 mux_grant_candidate_68_134 ( bmux_108_126 ) 
              5 mux_grant_candidate_65_135 ( bmux_108_127 ) 
              5 mux_grant_candidate_63_13 ( bmux_108_128 ) 
              5 mux_77_29 ( bmux_108_129 ) 
              5 mux_credit[0]_101_17 ( bmux_190_137 ) 
              5 ctl_grant_candidate_88_17 ( case_box_3456_4 ) 
              5 mux_grant_idx_88_17 ( mux_93_10 ) 
              5 mux_credit[2]_101_17 ( bmux_190_139 ) 
              5 mux_credit[3]_101_17 ( bmux_190_141 ) 
           4 master_id_encoder ( onehot_encoder_INPUT_W4_OUTPUT_W2_4 ) 
              5 ctl_i_248_17 ( case_box_3460_4 ) 
              5 mux_encoded_248_17 ( mux_93_11 ) 
           4 slv_skid_buffer ( skid_buffer_SBUF_TYPE3_DATA_WIDTH68_4 ) 
           4 g55 ( or_op_3656 ) 
           4 ctl_granted_mst_id_467_27 ( case_box_3670 ) 
           4 mux_AxPROT_valid[granted_mst_id]_467_27 ( mux_9192_8 ) 
           4 mux_AxLEN_valid_split[granted_mst_id]_463_26 ( mux_9150_26 ) 
           4 mux_AxBURST_valid[granted_mst_id]_462_28 ( mux_1233_6 ) 
           4 mux_AxADDR_valid_split[granted_mst_id]_461_27 ( mux_2030_11 ) 
           4 mux_AxID_valid[granted_mst_id]_458_50 ( mux_9202_4 ) 
           4 mux_msk_addr_crossing_valid[granted_mst_id]_549_44 ( mux_83_55 ) 
           4 mux_AxSIZE_valid[granted_mst_id]_464_27 ( mux_9192_9 ) 
        3 W_channel ( sa_W_channel_MST_AMT4_OUTSTANDING_AMT4_MST_ID_W2_DATA_WIDTH32_ADDR_WIDTH32_TRANS_DATA_LEN_W8_W_FIFO_DEPTH32h00000002_1 ) 
           4 fifo_wdata_order ( sync_fifo_FIFO_TYPE0_DATA_WIDTH10_FIFO_DEPTH4_2 ) 
              5 eq_38_38 ( equal_unsigned_162_133 ) 
              5 add_54_30 ( add_unsigned_5261_74 ) 
              5 eq_37_37 ( equal_unsigned_82_91 ) 
              5 add_39_37 ( add_unsigned_5261_75 ) 
              5 eq_39_45 ( equal_unsigned_82_92 ) 
              5 add_40_38 ( add_unsigned_1931_77 ) 
              5 eq_40_46 ( equal_unsigned_162_134 ) 
              5 sub_41_36 ( sub_unsigned_8778_34 ) 
              5 ctl_rd_addr_46_21 ( case_box_3500_2 ) 
              5 mux_mem[rd_addr]_46_21 ( mux_9232_2 ) 
              5 ctl_wr_addr_53_13 ( case_box_3501_2 ) 
           4 slv_skid_buffer ( skid_buffer_SBUF_TYPE3_DATA_WIDTH37_2 ) 
           4 MST_W_FIFO[0].fifo_wdata ( sync_fifo_FIFO_TYPE0_DATA_WIDTH36_FIFO_DEPTH32h00000002_4 ) 
              5 add_54_30 ( add_unsigned_1931_78 ) 
              5 eq_37_37 ( equal_unsigned_162_135 ) 
              5 add_39_37 ( add_unsigned_1931_79 ) 
              5 eq_39_45 ( equal_unsigned_162_136 ) 
              5 add_40_38 ( add_unsigned_2076_13 ) 
              5 sub_41_36 ( sub_unsigned_8961_11 ) 
              5 ctl_rd_addr_46_21 ( case_box_3507_4 ) 
              5 mux_mem[rd_addr]_46_21 ( mux_9254_4 ) 
              5 ctl_wr_addr_53_13 ( case_box_3508_4 ) 
           4 MST_W_FIFO[1].fifo_wdata ( sync_fifo_FIFO_TYPE0_DATA_WIDTH36_FIFO_DEPTH32h00000002_5 ) 
              5 add_54_30 ( add_unsigned_1931_80 ) 
              5 eq_37_37 ( equal_unsigned_162_137 ) 
              5 add_39_37 ( add_unsigned_1931_81 ) 
              5 eq_39_45 ( equal_unsigned_162_138 ) 
              5 add_40_38 ( add_unsigned_2076_14 ) 
              5 sub_41_36 ( sub_unsigned_8961_12 ) 
              5 ctl_rd_addr_46_21 ( case_box_3507_5 ) 
              5 mux_mem[rd_addr]_46_21 ( mux_9254_5 ) 
              5 ctl_wr_addr_53_13 ( case_box_3508_5 ) 
           4 MST_W_FIFO[2].fifo_wdata ( sync_fifo_FIFO_TYPE0_DATA_WIDTH36_FIFO_DEPTH32h00000002_6 ) 
              5 add_54_30 ( add_unsigned_1931_82 ) 
              5 eq_37_37 ( equal_unsigned_162_139 ) 
              5 add_39_37 ( add_unsigned_1931_83 ) 
              5 eq_39_45 ( equal_unsigned_162_140 ) 
              5 add_40_38 ( add_unsigned_2076_15 ) 
              5 sub_41_36 ( sub_unsigned_8961_13 ) 
              5 ctl_rd_addr_46_21 ( case_box_3507_6 ) 
              5 mux_mem[rd_addr]_46_21 ( mux_9254_6 ) 
              5 ctl_wr_addr_53_13 ( case_box_3508_6 ) 
           4 MST_W_FIFO[3].fifo_wdata ( sync_fifo_FIFO_TYPE0_DATA_WIDTH36_FIFO_DEPTH32h00000002_7 ) 
              5 add_54_30 ( add_unsigned_1931_84 ) 
              5 eq_37_37 ( equal_unsigned_162_141 ) 
              5 add_39_37 ( add_unsigned_1931_85 ) 
              5 eq_39_45 ( equal_unsigned_162_142 ) 
              5 add_40_38 ( add_unsigned_2076_16 ) 
              5 sub_41_36 ( sub_unsigned_8961_14 ) 
              5 ctl_rd_addr_46_21 ( case_box_3507_7 ) 
              5 mux_mem[rd_addr]_46_21 ( mux_9254_7 ) 
              5 ctl_wr_addr_53_13 ( case_box_3508_7 ) 
           4 eq_1041_55 ( equal_unsigned_8797_4 ) 
           4 eq_1023_67_I1 ( equal_unsigned_255_41 ) 
           4 eq_1023_67_I2 ( equal_unsigned_255_42 ) 
           4 eq_1023_67_I3 ( equal_unsigned_162_143 ) 
           4 eq_1023_67_I4 ( equal_unsigned_162_144 ) 
           4 add_1040_54 ( add_unsigned_8799_4 ) 
           4 mux_1041_55 ( bmux_190_146 ) 
           4 ctl_Ax_mst_id_valid_1037_40 ( case_box_3512_1 ) 
           4 mux_fifo_wdata_empt[Ax_mst_id_valid]_1037_40 ( mux_83_56 ) 
           4 mux_dsp_WSTRB_valid[Ax_mst_id_valid]_1049_39 ( mux_86_4 ) 
           4 mux_dsp_WDATA_valid[Ax_mst_id_valid]_1050_39 ( mux_2030_12 ) 
        3 B_channel ( sa_B_channel_MST_AMT4_OUTSTANDING_AMT4_MST_ID_W2_TRANS_MST_ID_W5_TRANS_SLV_ID_W7_TRANS_WR_RESP_W2_2 ) 
           4 fifo_wresp_filter ( sync_fifo_FIFO_TYPE0_DATA_WIDTH8_FIFO_DEPTH4_2 ) 
              5 eq_38_38 ( equal_unsigned_162_145 ) 
              5 add_54_30 ( add_unsigned_5261_76 ) 
              5 eq_37_37 ( equal_unsigned_82_93 ) 
              5 add_39_37 ( add_unsigned_5261_77 ) 
              5 eq_39_45 ( equal_unsigned_82_94 ) 
              5 add_40_38 ( add_unsigned_1931_86 ) 
              5 eq_40_46 ( equal_unsigned_162_146 ) 
              5 sub_41_36 ( sub_unsigned_8778_35 ) 
              5 ctl_rd_addr_46_21 ( case_box_3524_2 ) 
              5 mux_mem[rd_addr]_46_21 ( mux_9150_27 ) 
              5 ctl_wr_addr_53_13 ( case_box_3525_2 ) 
           4 slv_skid_buffer ( skid_buffer_SBUF_TYPE1_DATA_WIDTH9_2 ) 
              5 add_132_42 ( add_unsigned_1931_87 ) 
              5 eq_116_34 ( equal_unsigned_162_147 ) 
              5 add_135_42 ( add_unsigned_1931_88 ) 
              5 ctl_BWD_REGISTERED.rd_ptr_123_34 ( case_box_3531_2 ) 
              5 mux_BWD_REGISTERED.mem[BWD_REGISTERED.rd_ptr]_123_34 ( mux_9309_2 ) 
              5 ctl_BWD_REGISTERED.wr_ptr_131_25 ( case_box_3532_2 ) 
           4 mux_dsp_BREADY_i_1221_31 ( mux_83_57 ) 
           4 decode_gint ( Decoder_2_3_0_3537_2 ) 
           4 eq_1210_44 ( equal_unsigned_119_38 ) 
           4 eq_1224_52_I1 ( equal_unsigned_255_43 ) 
           4 eq_1224_52_I2 ( equal_unsigned_255_44 ) 
           4 eq_1224_52_I3 ( equal_unsigned_162_148 ) 
           4 eq_1224_52_I4 ( equal_unsigned_162_149 ) 
        3 AR_channel ( sa_Ax_channel_MST_AMT4_OUTSTANDING_AMT4_MST_WEIGHTx00000005000000040000000300000001_MST_ID_W2_DATA_WIDTH32_ADDR_WIDTH32_TRANS_MST_ID_W5_DSP_ID_W5_TRANS_SLV_ID_W7_TRANS_BURST_W2_TRANS_DATA_LEN_W8_TRANS_DATA_SIZE_W3_SLV_ID2_SLV_ID_MSB_IDX31_SLV_ID_LSB_IDX29_AXI_SIDEBAND_EN0_AXI_LOCK_CONST0_AXI_CACHE_CONST3_AXI_QOS_CONST0_AXI_REGION_CONST0_1 ) 
           4 MST_FIFO[0].fifo_Ax_channel ( sync_fifo_FIFO_TYPE2_DATA_WIDTH53_FIFO_DEPTH4_20 ) 
              5 eq_38_38 ( equal_unsigned_162_150 ) 
              5 add_54_30 ( add_unsigned_5261_78 ) 
              5 eq_37_37 ( equal_unsigned_82_95 ) 
              5 add_39_37 ( add_unsigned_5261_79 ) 
              5 eq_39_45 ( equal_unsigned_82_96 ) 
              5 add_40_38 ( add_unsigned_1931_89 ) 
              5 eq_40_46 ( equal_unsigned_162_151 ) 
              5 sub_41_36 ( sub_unsigned_8778_36 ) 
              5 ctl_rd_addr_46_21 ( case_box_3368_20 ) 
              5 mux_mem[rd_addr]_46_21 ( mux_9009_20 ) 
              5 ctl_wr_addr_53_13 ( case_box_3369_20 ) 
           4 MST_FIFO[0].splitting_4kb_masker ( splitting_4kb_masker_ADDR_WIDTH32_LEN_WIDTH8_SIZE_WIDTH3_20 ) 
              5 g1 ( or_op_3372_20 ) 
              5 add_323_62 ( add_unsigned_9011_20 ) 
              5 add_313_58 ( add_unsigned_9015_20 ) 
              5 sub_320_83 ( sub_unsigned_5267_41 ) 
              5 add_294_29 ( add_unsigned_9019_20 ) 
              5 sub_319_33 ( sub_unsigned_9021_20 ) 
              5 mux_320_46 ( bmux_190_148 ) 
              5 mux_320_27 ( bmux_190_149 ) 
              5 mux_324_28 ( bmux_46_552 ) 
              5 mux_trans_size_sll[SIZE_i]_304_25 ( bmux_6548_35 ) 
              5 mux_trans_size_rem_srl[SIZE_i]_317_26 ( bmux_6549_35 ) 
           4 MST_FIFO[1].fifo_Ax_channel ( sync_fifo_FIFO_TYPE2_DATA_WIDTH53_FIFO_DEPTH4_21 ) 
              5 eq_38_38 ( equal_unsigned_162_152 ) 
              5 add_54_30 ( add_unsigned_5261_80 ) 
              5 eq_37_37 ( equal_unsigned_82_97 ) 
              5 add_39_37 ( add_unsigned_5261_81 ) 
              5 eq_39_45 ( equal_unsigned_82_98 ) 
              5 add_40_38 ( add_unsigned_1931_90 ) 
              5 eq_40_46 ( equal_unsigned_162_153 ) 
              5 sub_41_36 ( sub_unsigned_8778_37 ) 
              5 ctl_rd_addr_46_21 ( case_box_3368_21 ) 
              5 mux_mem[rd_addr]_46_21 ( mux_9009_21 ) 
              5 ctl_wr_addr_53_13 ( case_box_3369_21 ) 
           4 MST_FIFO[1].splitting_4kb_masker ( splitting_4kb_masker_ADDR_WIDTH32_LEN_WIDTH8_SIZE_WIDTH3_21 ) 
              5 g1 ( or_op_3372_21 ) 
              5 add_323_62 ( add_unsigned_9011_21 ) 
              5 add_313_58 ( add_unsigned_9015_21 ) 
              5 sub_320_83 ( sub_unsigned_5267_42 ) 
              5 add_294_29 ( add_unsigned_9019_21 ) 
              5 sub_319_33 ( sub_unsigned_9021_21 ) 
              5 mux_320_46 ( bmux_190_150 ) 
              5 mux_320_27 ( bmux_190_151 ) 
              5 mux_324_28 ( bmux_46_553 ) 
              5 mux_trans_size_sll[SIZE_i]_304_25 ( bmux_6548_34 ) 
              5 mux_trans_size_rem_srl[SIZE_i]_317_26 ( bmux_6549_34 ) 
           4 MST_FIFO[2].fifo_Ax_channel ( sync_fifo_FIFO_TYPE2_DATA_WIDTH53_FIFO_DEPTH4_22 ) 
              5 eq_38_38 ( equal_unsigned_162_154 ) 
              5 add_54_30 ( add_unsigned_5261_82 ) 
              5 eq_37_37 ( equal_unsigned_82_99 ) 
              5 add_39_37 ( add_unsigned_5261_83 ) 
              5 eq_39_45 ( equal_unsigned_82_100 ) 
              5 add_40_38 ( add_unsigned_1931_91 ) 
              5 eq_40_46 ( equal_unsigned_162_155 ) 
              5 sub_41_36 ( sub_unsigned_8778_38 ) 
              5 ctl_rd_addr_46_21 ( case_box_3368_22 ) 
              5 mux_mem[rd_addr]_46_21 ( mux_9009_22 ) 
              5 ctl_wr_addr_53_13 ( case_box_3369_22 ) 
           4 MST_FIFO[2].splitting_4kb_masker ( splitting_4kb_masker_ADDR_WIDTH32_LEN_WIDTH8_SIZE_WIDTH3_22 ) 
              5 g1 ( or_op_3372_22 ) 
              5 add_323_62 ( add_unsigned_9011_22 ) 
              5 add_313_58 ( add_unsigned_9015_22 ) 
              5 sub_320_83 ( sub_unsigned_5267_43 ) 
              5 add_294_29 ( add_unsigned_9019_22 ) 
              5 sub_319_33 ( sub_unsigned_9021_22 ) 
              5 mux_320_46 ( bmux_190_152 ) 
              5 mux_320_27 ( bmux_190_153 ) 
              5 mux_324_28 ( bmux_46_554 ) 
              5 mux_trans_size_sll[SIZE_i]_304_25 ( bmux_6548_33 ) 
              5 mux_trans_size_rem_srl[SIZE_i]_317_26 ( bmux_6549_33 ) 
           4 MST_FIFO[3].fifo_Ax_channel ( sync_fifo_FIFO_TYPE2_DATA_WIDTH53_FIFO_DEPTH4_23 ) 
              5 eq_38_38 ( equal_unsigned_162_156 ) 
              5 add_54_30 ( add_unsigned_5261_84 ) 
              5 eq_37_37 ( equal_unsigned_82_101 ) 
              5 add_39_37 ( add_unsigned_5261_85 ) 
              5 eq_39_45 ( equal_unsigned_82_102 ) 
              5 add_40_38 ( add_unsigned_1931_92 ) 
              5 eq_40_46 ( equal_unsigned_162_157 ) 
              5 sub_41_36 ( sub_unsigned_8778_39 ) 
              5 ctl_rd_addr_46_21 ( case_box_3368_23 ) 
              5 mux_mem[rd_addr]_46_21 ( mux_9009_23 ) 
              5 ctl_wr_addr_53_13 ( case_box_3369_23 ) 
           4 MST_FIFO[3].splitting_4kb_masker ( splitting_4kb_masker_ADDR_WIDTH32_LEN_WIDTH8_SIZE_WIDTH3_23 ) 
              5 g1 ( or_op_3372_23 ) 
              5 add_323_62 ( add_unsigned_9011_23 ) 
              5 add_313_58 ( add_unsigned_9015_23 ) 
              5 sub_320_83 ( sub_unsigned_5267_44 ) 
              5 add_294_29 ( add_unsigned_9019_23 ) 
              5 sub_319_33 ( sub_unsigned_9021_23 ) 
              5 mux_320_46 ( bmux_190_154 ) 
              5 mux_320_27 ( bmux_190_155 ) 
              5 mux_324_28 ( bmux_46_555 ) 
              5 mux_trans_size_sll[SIZE_i]_304_25 ( bmux_6548_32 ) 
              5 mux_trans_size_rem_srl[SIZE_i]_317_26 ( bmux_6549_32 ) 
           4 arbiter ( arbiter_iwrr_1cycle_P_REQUESTER_NUM4_P_REQUESTER_WEIGHTx00000005000000040000000300000001_P_NUM_GRANT_REQ_W1_5 ) 
              5 mux_req_i_55_21 ( mux_83_58 ) 
              5 decode_gint ( Decoder_2_3_0_5 ) 
              5 mux_grant_candidate_56_21 ( bmux_3844 ) 
              5 mux_grant_candidate_56_2 ( bmux_3845 ) 
              5 mux_grant_candidate_56_3 ( bmux_3846 ) 
              5 mux_grant_candidate_56_4 ( bmux_3847 ) 
              5 mux_req_i_55_6 ( mux_83_59 ) 
              5 decode_gint7 ( Decoder_2_3_0_3380_5 ) 
              5 mux_grant_candidate_56_10 ( bmux_3848 ) 
              5 mux_grant_candidate_56_11 ( bmux_3849 ) 
              5 mux_grant_candidate_56_12 ( bmux_3850 ) 
              5 mux_grant_candidate_56_13 ( bmux_3851 ) 
              5 mux_req_i_55_15 ( mux_83_60 ) 
              5 decode_gint16 ( Decoder_2_3_0_3388_5 ) 
              5 mux_grant_candidate_56_19 ( bmux_3852 ) 
              5 mux_grant_candidate_56_20 ( bmux_3853 ) 
              5 mux_grant_candidate_56_22 ( bmux_3854 ) 
              5 mux_grant_candidate_56_23 ( bmux_3855 ) 
              5 mux_req_i_55_25 ( mux_83_61 ) 
              5 decode_gint26 ( Decoder_2_3_0_3396_5 ) 
              5 mux_grant_candidate_56_29 ( bmux_3856 ) 
              5 mux_grant_candidate_56_30 ( bmux_3857 ) 
              5 mux_grant_candidate_56_31 ( bmux_3858 ) 
              5 mux_grant_candidate_56_32 ( bmux_3859 ) 
              5 mux_grant_candidate_69_25 ( bmux_3860 ) 
              5 mux_grant_candidate_69_35 ( bmux_3861 ) 
              5 mux_grant_candidate_69_36 ( bmux_3862 ) 
              5 mux_grant_candidate_69_37 ( bmux_3863 ) 
              5 mux_grant_candidate_69_42 ( bmux_3864 ) 
              5 mux_grant_candidate_69_43 ( bmux_3865 ) 
              5 mux_grant_candidate_69_44 ( bmux_3866 ) 
              5 mux_grant_candidate_69_45 ( bmux_3867 ) 
              5 mux_grant_candidate_69_50 ( bmux_3868 ) 
              5 mux_grant_candidate_69_51 ( bmux_3869 ) 
              5 mux_grant_candidate_69_52 ( bmux_3870 ) 
              5 mux_grant_candidate_69_53 ( bmux_3871 ) 
              5 mux_grant_candidate_69_58 ( bmux_3872 ) 
              5 mux_grant_candidate_69_59 ( bmux_3873 ) 
              5 mux_grant_candidate_69_60 ( bmux_3874 ) 
              5 mux_grant_candidate_69_61 ( bmux_3875 ) 
              5 g62 ( or_op_3429_5 ) 
              5 g63 ( or_op_3430_5 ) 
              5 g65 ( and_op_3431_5 ) 
              5 g66 ( or_op_3432_5 ) 
              5 add_53_50_I1 ( add_unsigned_9068_10 ) 
              5 gt_55_64_I1 ( gt_unsigned_9074_40 ) 
              5 add00416395 ( add_unsigned_9076_20 ) 
              5 gt_55_64_I2 ( gt_unsigned_9074_41 ) 
              5 add00416485 ( add_unsigned_9076_21 ) 
              5 gt_55_64_I3 ( gt_unsigned_9074_42 ) 
              5 add00416575 ( add_unsigned_9092_10 ) 
              5 gt_55_64_I4 ( gt_unsigned_9074_43 ) 
              5 lte_87_49_I1 ( leq_unsigned_20 ) 
              5 lte_87_49_I2 ( leq_unsigned_21 ) 
              5 lte_87_49_I3 ( leq_unsigned_22 ) 
              5 lte_87_49_I4 ( leq_unsigned_23 ) 
              5 gt_107_58_I4 ( gt_unsigned_9074_44 ) 
              5 sub_108_48_I4 ( sub_unsigned_5267_45 ) 
              5 gt_107_58_I3 ( gt_unsigned_9074_45 ) 
              5 sub_108_48_I3 ( sub_unsigned_5267_46 ) 
              5 gt_107_58_I2 ( gt_unsigned_9074_46 ) 
              5 sub_108_48_I2 ( sub_unsigned_5267_47 ) 
              5 gt_107_58_I1 ( gt_unsigned_9074_47 ) 
              5 sub_108_48_I1 ( sub_unsigned_5267_48 ) 
              5 mux_credit[1]_101_17 ( bmux_190_156 ) 
              5 ctl_idx_wrapped_55_44 ( case_box_3446_5 ) 
              5 mux_credit[idx_wrapped]_55_44 ( mux_9150_28 ) 
              5 mux_found_55_40 ( bmux_3876 ) 
              5 ctl_idx_wrapped_55_93 ( case_box_3447_5 ) 
              5 mux_credit[idx_wrapped]_55_94 ( mux_9150_29 ) 
              5 mux_found_52_17 ( bmux_3877 ) 
              5 ctl_idx_wrapped_55_98 ( case_box_3450_5 ) 
              5 mux_credit[idx_wrapped]_55_99 ( mux_9150_30 ) 
              5 mux_found_52_101 ( bmux_3878 ) 
              5 ctl_idx_wrapped_55_104 ( case_box_3453_5 ) 
              5 mux_credit[idx_wrapped]_55_105 ( mux_9150_31 ) 
              5 mux_found_52_107 ( bmux_3879 ) 
              5 mux_found_68_25 ( bmux_3880 ) 
              5 mux_found_65_21 ( bmux_3881 ) 
              5 mux_found_65_117 ( bmux_3882 ) 
              5 mux_grant_candidate_55_40 ( bmux_108_131 ) 
              5 mux_grant_candidate_55_126 ( bmux_108_132 ) 
              5 mux_grant_candidate_52_17 ( bmux_108_133 ) 
              5 mux_grant_candidate_55_127 ( bmux_108_134 ) 
              5 mux_grant_candidate_52_128 ( bmux_108_135 ) 
              5 mux_grant_candidate_55_129 ( bmux_108_136 ) 
              5 mux_grant_candidate_52_130 ( bmux_108_137 ) 
              5 mux_grant_candidate_68_25 ( bmux_108_138 ) 
              5 mux_grant_candidate_68_131 ( bmux_108_139 ) 
              5 mux_grant_candidate_65_21 ( bmux_108_140 ) 
              5 mux_grant_candidate_68_132 ( bmux_108_141 ) 
              5 mux_grant_candidate_65_133 ( bmux_108_142 ) 
              5 mux_grant_candidate_68_134 ( bmux_108_143 ) 
              5 mux_grant_candidate_65_135 ( bmux_108_144 ) 
              5 mux_grant_candidate_63_13 ( bmux_108_145 ) 
              5 mux_77_29 ( bmux_108_146 ) 
              5 mux_credit[0]_101_17 ( bmux_190_157 ) 
              5 ctl_grant_candidate_88_17 ( case_box_3456_5 ) 
              5 mux_grant_idx_88_17 ( mux_93_12 ) 
              5 mux_credit[2]_101_17 ( bmux_190_159 ) 
              5 mux_credit[3]_101_17 ( bmux_190_161 ) 
           4 master_id_encoder ( onehot_encoder_INPUT_W4_OUTPUT_W2_5 ) 
              5 ctl_i_248_17 ( case_box_3460_5 ) 
              5 mux_encoded_248_17 ( mux_93_13 ) 
           4 slv_skid_buffer ( skid_buffer_SBUF_TYPE3_DATA_WIDTH68_5 ) 
           4 g55 ( or_op_3656_1 ) 
           4 ctl_granted_mst_id_467_27 ( case_box_3670_1 ) 
           4 mux_AxPROT_valid[granted_mst_id]_467_27 ( mux_9192_10 ) 
           4 mux_AxLEN_valid_split[granted_mst_id]_463_26 ( mux_9150_32 ) 
           4 mux_AxBURST_valid[granted_mst_id]_462_28 ( mux_1233_7 ) 
           4 mux_AxADDR_valid_split[granted_mst_id]_461_27 ( mux_2030_13 ) 
           4 mux_AxID_valid[granted_mst_id]_458_50 ( mux_9202_5 ) 
           4 mux_msk_addr_crossing_valid[granted_mst_id]_549_44 ( mux_83_66 ) 
           4 mux_AxSIZE_valid[granted_mst_id]_464_27 ( mux_9192_11 ) 
        3 R_channel ( sa_R_channel_MST_AMT4_OUTSTANDING_AMT4_MST_ID_W2_DATA_WIDTH32_ADDR_WIDTH32_TRANS_MST_ID_W5_TRANS_SLV_ID_W7_DSP_RID_W5_2 ) 
           4 slv_skid_buffer ( skid_buffer_SBUF_TYPE1_DATA_WIDTH42_4 ) 
              5 add_132_42 ( add_unsigned_1931_93 ) 
              5 eq_116_34 ( equal_unsigned_162_158 ) 
              5 add_135_42 ( add_unsigned_1931_94 ) 
              5 ctl_BWD_REGISTERED.rd_ptr_123_34 ( case_box_3541_4 ) 
              5 mux_BWD_REGISTERED.mem[BWD_REGISTERED.rd_ptr]_123_34 ( mux_9333_4 ) 
              5 ctl_BWD_REGISTERED.wr_ptr_131_25 ( case_box_3542_4 ) 
           4 dsp_skid_buffer ( skid_buffer_SBUF_TYPE1_DATA_WIDTH42_5 ) 
              5 add_132_42 ( add_unsigned_1931_95 ) 
              5 eq_116_34 ( equal_unsigned_162_159 ) 
              5 add_135_42 ( add_unsigned_1931_96 ) 
              5 ctl_BWD_REGISTERED.rd_ptr_123_34 ( case_box_3541_5 ) 
              5 mux_BWD_REGISTERED.mem[BWD_REGISTERED.rd_ptr]_123_34 ( mux_9333_5 ) 
              5 ctl_BWD_REGISTERED.wr_ptr_131_25 ( case_box_3542_5 ) 
           4 g1 ( or_op_3545_2 ) 
           4 g4 ( and_op_3546_2 ) 
           4 g11 ( and_op_3547_2 ) 
           4 g12 ( or_op_3548_2 ) 
           4 eq_702_49 ( equal_unsigned_1052_15 ) 
           4 eq00432950 ( equal_unsigned_9337_2 ) 
           4 eq_719_59_I1 ( equal_unsigned_255_45 ) 
           4 eq_719_59_I2 ( equal_unsigned_255_46 ) 
           4 eq_719_59_I3 ( equal_unsigned_162_160 ) 
           4 eq_719_59_I4 ( equal_unsigned_162_161 ) 
           4 eq_733_76_I1 ( equal_unsigned_119_39 ) 
           4 eq_733_76_I2 ( equal_unsigned_119_40 ) 
           4 eq_733_76_I3 ( equal_unsigned_119_41 ) 
           4 eq_733_76_I4 ( equal_unsigned_119_42 ) 
           4 eq_733_76_I5 ( equal_unsigned_119_43 ) 
           4 eq_733_76_I6 ( equal_unsigned_119_44 ) 
           4 eq_733_76_I7 ( equal_unsigned_119_45 ) 
           4 eq_733_76_I8 ( equal_unsigned_119_46 ) 
           4 eq_733_76_I9 ( equal_unsigned_119_47 ) 
           4 eq_733_76_I10 ( equal_unsigned_119_48 ) 
           4 eq_733_76_I11 ( equal_unsigned_119_49 ) 
           4 eq_733_76_I12 ( equal_unsigned_119_50 ) 
           4 eq_733_76_I13 ( equal_unsigned_119_51 ) 
           4 eq_733_76_I14 ( equal_unsigned_119_52 ) 
           4 eq_733_76_I15 ( equal_unsigned_119_53 ) 
           4 eq_733_76_I16 ( equal_unsigned_119_54 ) 
           4 sub_769_51 ( sub_unsigned_9379_2 ) 
           4 eq00432960 ( equal_unsigned_255_47 ) 
           4 eq00432965 ( equal_unsigned_70_13 ) 
           4 eq00432970 ( equal_unsigned_2000_5 ) 
           4 eq00432975 ( equal_unsigned_8_10 ) 
           4 eq00432980 ( equal_unsigned_9391_2 ) 
           4 eq00432985 ( equal_unsigned_137_3 ) 
           4 eq00432990 ( equal_unsigned_8513_3 ) 
           4 eq00432995 ( equal_unsigned_9397_2 ) 
           4 eq00433000 ( equal_unsigned_9399_2 ) 
           4 eq00433005 ( equal_unsigned_9401_2 ) 
           4 eq00433010 ( equal_unsigned_9403_2 ) 
           4 eq00433015 ( equal_unsigned_9405_2 ) 
           4 eq00433020 ( equal_unsigned_9407_2 ) 
           4 eq00433025 ( equal_unsigned_9409_2 ) 
           4 add_797_57 ( add_unsigned_9411_2 ) 
           4 mux_filter_count_q_796_13 ( bmux_9412_2 ) 
           4 mux_filter_push_slot_768_17 ( bmux_46_557 ) 
           4 mux_filter_shift_seen_772_25 ( bmux_3891 ) 
           4 mux_filter_shift_seen_772_103 ( bmux_3892 ) 
           4 mux_filter_shift_seen_772_106 ( bmux_3893 ) 
           4 mux_filter_shift_seen_772_109 ( bmux_3894 ) 
           4 mux_filter_shift_seen_772_112 ( bmux_3895 ) 
           4 mux_filter_shift_seen_772_115 ( bmux_3896 ) 
           4 mux_filter_shift_seen_772_118 ( bmux_3897 ) 
           4 mux_filter_shift_seen_772_121 ( bmux_3898 ) 
           4 mux_filter_shift_seen_772_124 ( bmux_3899 ) 
           4 mux_filter_shift_seen_772_127 ( bmux_3900 ) 
           4 mux_filter_shift_seen_772_130 ( bmux_3901 ) 
           4 mux_filter_shift_seen_772_133 ( bmux_3902 ) 
           4 mux_filter_shift_seen_772_136 ( bmux_3903 ) 
           4 mux_filter_shift_seen_772_139 ( bmux_3904 ) 
           4 mux_filter_shift_seen_772_142 ( bmux_3905 ) 
           4 mux_filter_shift_seen_772_145 ( bmux_3906 ) 
           4 ctl_filter_push_slot_791_17 ( case_box_3595_2 ) 
           4 mux_filter_valid_q[15]_791_17 ( mux_53_2156 ) 
           4 mux_filter_valid_q[15]_790_30 ( bmux_3907 ) 
           4 mux_filter_valid_q[14]_791_17 ( mux_53_2157 ) 
           4 mux_filter_valid_q[14]_790_30 ( bmux_3909 ) 
           4 mux_filter_valid_q[13]_791_17 ( mux_53_2158 ) 
           4 mux_filter_valid_q[13]_790_30 ( bmux_3911 ) 
           4 mux_filter_valid_q[12]_791_17 ( mux_53_2159 ) 
           4 mux_filter_valid_q[12]_790_30 ( bmux_3913 ) 
           4 mux_filter_valid_q[11]_791_17 ( mux_53_2160 ) 
           4 mux_filter_valid_q[11]_790_30 ( bmux_3915 ) 
           4 mux_filter_valid_q[10]_791_17 ( mux_53_2161 ) 
           4 mux_filter_valid_q[10]_790_30 ( bmux_3917 ) 
           4 mux_filter_valid_q[9]_791_17 ( mux_53_2162 ) 
           4 mux_filter_valid_q[9]_790_30 ( bmux_3919 ) 
           4 mux_filter_valid_q[8]_791_17 ( mux_53_2163 ) 
           4 mux_filter_valid_q[8]_790_30 ( bmux_3921 ) 
           4 mux_filter_valid_q[7]_791_17 ( mux_53_2164 ) 
           4 mux_filter_valid_q[7]_790_30 ( bmux_3923 ) 
           4 mux_filter_valid_q[6]_791_17 ( mux_53_2165 ) 
           4 mux_filter_valid_q[6]_790_30 ( bmux_3925 ) 
           4 mux_filter_valid_q[5]_791_17 ( mux_53_2166 ) 
           4 mux_filter_valid_q[5]_790_30 ( bmux_3927 ) 
           4 mux_filter_valid_q[4]_791_17 ( mux_53_2167 ) 
           4 mux_filter_valid_q[4]_790_30 ( bmux_3929 ) 
           4 mux_filter_valid_q[3]_791_17 ( mux_53_2168 ) 
           4 mux_filter_valid_q[3]_790_30 ( bmux_3931 ) 
           4 mux_filter_valid_q[2]_791_17 ( mux_53_2169 ) 
           4 mux_filter_valid_q[2]_790_30 ( bmux_3933 ) 
           4 mux_filter_valid_q[1]_791_17 ( mux_53_2170 ) 
           4 mux_filter_valid_q[1]_790_30 ( bmux_3935 ) 
           4 mux_filter_valid_q[0]_791_17 ( mux_53_2171 ) 
           4 mux_filter_valid_q[0]_790_30 ( bmux_3937 ) 
           4 mux_filter_id_q[15]_793_17 ( mux_9479_32 ) 
           4 mux_filter_id_q[15]_790_30 ( bmux_1884_80 ) 
           4 mux_filter_id_q[14]_793_17 ( mux_9479_33 ) 
           4 mux_filter_id_q[14]_790_30 ( bmux_1884_82 ) 
           4 mux_filter_id_q[13]_793_17 ( mux_9479_34 ) 
           4 mux_filter_id_q[13]_790_30 ( bmux_1884_84 ) 
           4 mux_filter_id_q[12]_793_17 ( mux_9479_35 ) 
           4 mux_filter_id_q[12]_790_30 ( bmux_1884_86 ) 
           4 mux_filter_id_q[11]_793_17 ( mux_9479_36 ) 
           4 mux_filter_id_q[11]_790_30 ( bmux_1884_88 ) 
           4 mux_filter_id_q[10]_793_17 ( mux_9479_37 ) 
           4 mux_filter_id_q[10]_790_30 ( bmux_1884_90 ) 
           4 mux_filter_id_q[9]_793_17 ( mux_9479_38 ) 
           4 mux_filter_id_q[9]_790_30 ( bmux_1884_92 ) 
           4 mux_filter_id_q[8]_793_17 ( mux_9479_39 ) 
           4 mux_filter_id_q[8]_790_30 ( bmux_1884_94 ) 
           4 mux_filter_id_q[7]_793_17 ( mux_9479_40 ) 
           4 mux_filter_id_q[7]_790_30 ( bmux_1884_96 ) 
           4 mux_filter_id_q[6]_793_17 ( mux_9479_41 ) 
           4 mux_filter_id_q[6]_790_30 ( bmux_1884_98 ) 
           4 mux_filter_id_q[5]_793_17 ( mux_9479_42 ) 
           4 mux_filter_id_q[5]_790_30 ( bmux_1884_100 ) 
           4 mux_filter_id_q[4]_793_17 ( mux_9479_43 ) 
           4 mux_filter_id_q[4]_790_30 ( bmux_1884_102 ) 
           4 mux_filter_id_q[3]_793_17 ( mux_9479_44 ) 
           4 mux_filter_id_q[3]_790_30 ( bmux_1884_104 ) 
           4 mux_filter_id_q[2]_793_17 ( mux_9479_45 ) 
           4 mux_filter_id_q[2]_790_30 ( bmux_1884_106 ) 
           4 mux_filter_id_q[1]_793_17 ( mux_9479_46 ) 
           4 mux_filter_id_q[1]_790_30 ( bmux_1884_108 ) 
           4 mux_filter_id_q[0]_793_17 ( mux_9479_47 ) 
           4 mux_filter_id_q[0]_790_30 ( bmux_1884_110 ) 
           4 mux_filter_cross_q[15]_792_17 ( mux_53_2172 ) 
           4 mux_filter_cross_q[15]_790_30 ( bmux_3939 ) 
           4 mux_filter_cross_q[14]_792_17 ( mux_53_2173 ) 
           4 mux_filter_cross_q[14]_790_30 ( bmux_3941 ) 
           4 mux_filter_cross_q[13]_792_17 ( mux_53_2174 ) 
           4 mux_filter_cross_q[13]_790_30 ( bmux_3943 ) 
           4 mux_filter_cross_q[12]_792_17 ( mux_53_2175 ) 
           4 mux_filter_cross_q[12]_790_30 ( bmux_3945 ) 
           4 mux_filter_cross_q[11]_792_17 ( mux_53_2176 ) 
           4 mux_filter_cross_q[11]_790_30 ( bmux_3947 ) 
           4 mux_filter_cross_q[10]_792_17 ( mux_53_2177 ) 
           4 mux_filter_cross_q[10]_790_30 ( bmux_3949 ) 
           4 mux_filter_cross_q[9]_792_17 ( mux_53_2178 ) 
           4 mux_filter_cross_q[9]_790_30 ( bmux_3951 ) 
           4 mux_filter_cross_q[8]_792_17 ( mux_53_2179 ) 
           4 mux_filter_cross_q[8]_790_30 ( bmux_3953 ) 
           4 mux_filter_cross_q[7]_792_17 ( mux_53_2180 ) 
           4 mux_filter_cross_q[7]_790_30 ( bmux_3955 ) 
           4 mux_filter_cross_q[6]_792_17 ( mux_53_2181 ) 
           4 mux_filter_cross_q[6]_790_30 ( bmux_3957 ) 
           4 mux_filter_cross_q[5]_792_17 ( mux_53_2182 ) 
           4 mux_filter_cross_q[5]_790_30 ( bmux_3959 ) 
           4 mux_filter_cross_q[4]_792_17 ( mux_53_2183 ) 
           4 mux_filter_cross_q[4]_790_30 ( bmux_3961 ) 
           4 mux_filter_cross_q[3]_792_17 ( mux_53_2184 ) 
           4 mux_filter_cross_q[3]_790_30 ( bmux_3963 ) 
           4 mux_filter_cross_q[2]_792_17 ( mux_53_2185 ) 
           4 mux_filter_cross_q[2]_790_30 ( bmux_3965 ) 
           4 mux_filter_cross_q[1]_792_17 ( mux_53_2186 ) 
           4 mux_filter_cross_q[1]_790_30 ( bmux_3967 ) 
           4 mux_filter_cross_q[0]_792_17 ( mux_53_2187 ) 
           4 mux_filter_cross_q[0]_790_30 ( bmux_3969 ) 
     2 SA_GEN[3].genblk1.slave_arbitration ( ai_slave_arbitration_MST_AMT4_OUTSTANDING_AMT4_MST_WEIGHTx00000005000000040000000300000001_MST_ID_W2_DATA_WIDTH32_ADDR_WIDTH32_TRANS_MST_ID_W5_TRANS_SLV_ID_W7_TRANS_BURST_W2_TRANS_DATA_LEN_W8_TRANS_DATA_SIZE_W3_TRANS_WR_RESP_W2_SLV_ID3_SLV_ID_MSB_IDX31_SLV_ID_LSB_IDX29_W_FIFO_DEPTH32h00000008_AXI_SIDEBAND_EN0_AXI_LOCK_CONST0_AXI_CACHE_CONST3_AXI_QOS_CONST0_AXI_REGION_CONST0 ) 
        3 AW_channel ( sa_Ax_channel_MST_AMT4_OUTSTANDING_AMT4_MST_WEIGHTx00000005000000040000000300000001_MST_ID_W2_DATA_WIDTH32_ADDR_WIDTH32_TRANS_MST_ID_W5_DSP_ID_W5_TRANS_SLV_ID_W7_TRANS_BURST_W2_TRANS_DATA_LEN_W8_TRANS_DATA_SIZE_W3_SLV_ID3_SLV_ID_MSB_IDX31_SLV_ID_LSB_IDX29_AXI_SIDEBAND_EN0_AXI_LOCK_CONST0_AXI_CACHE_CONST3_AXI_QOS_CONST0_AXI_REGION_CONST0 ) 
           4 MST_FIFO[0].fifo_Ax_channel ( sync_fifo_FIFO_TYPE2_DATA_WIDTH53_FIFO_DEPTH4_24 ) 
              5 eq_38_38 ( equal_unsigned_162_162 ) 
              5 add_54_30 ( add_unsigned_5261_86 ) 
              5 eq_37_37 ( equal_unsigned_82_103 ) 
              5 add_39_37 ( add_unsigned_5261_87 ) 
              5 eq_39_45 ( equal_unsigned_82_104 ) 
              5 add_40_38 ( add_unsigned_1931_97 ) 
              5 eq_40_46 ( equal_unsigned_162_163 ) 
              5 sub_41_36 ( sub_unsigned_8778_40 ) 
              5 ctl_rd_addr_46_21 ( case_box_3368_24 ) 
              5 mux_mem[rd_addr]_46_21 ( mux_9009_24 ) 
              5 ctl_wr_addr_53_13 ( case_box_3369_24 ) 
           4 MST_FIFO[0].splitting_4kb_masker ( splitting_4kb_masker_ADDR_WIDTH32_LEN_WIDTH8_SIZE_WIDTH3_24 ) 
              5 g1 ( or_op_3372_24 ) 
              5 add_323_62 ( add_unsigned_9011_24 ) 
              5 add_313_58 ( add_unsigned_9015_24 ) 
              5 sub_320_83 ( sub_unsigned_5267_49 ) 
              5 add_294_29 ( add_unsigned_9019_24 ) 
              5 sub_319_33 ( sub_unsigned_9021_24 ) 
              5 mux_320_46 ( bmux_190_166 ) 
              5 mux_320_27 ( bmux_190_167 ) 
              5 mux_324_28 ( bmux_46_558 ) 
              5 mux_trans_size_sll[SIZE_i]_304_25 ( bmux_6548_31 ) 
              5 mux_trans_size_rem_srl[SIZE_i]_317_26 ( bmux_6549_31 ) 
           4 MST_FIFO[1].fifo_Ax_channel ( sync_fifo_FIFO_TYPE2_DATA_WIDTH53_FIFO_DEPTH4_25 ) 
              5 eq_38_38 ( equal_unsigned_162_164 ) 
              5 add_54_30 ( add_unsigned_5261_88 ) 
              5 eq_37_37 ( equal_unsigned_82_105 ) 
              5 add_39_37 ( add_unsigned_5261_89 ) 
              5 eq_39_45 ( equal_unsigned_82_106 ) 
              5 add_40_38 ( add_unsigned_1931_98 ) 
              5 eq_40_46 ( equal_unsigned_162_165 ) 
              5 sub_41_36 ( sub_unsigned_8778_41 ) 
              5 ctl_rd_addr_46_21 ( case_box_3368_25 ) 
              5 mux_mem[rd_addr]_46_21 ( mux_9009_25 ) 
              5 ctl_wr_addr_53_13 ( case_box_3369_25 ) 
           4 MST_FIFO[1].splitting_4kb_masker ( splitting_4kb_masker_ADDR_WIDTH32_LEN_WIDTH8_SIZE_WIDTH3_25 ) 
              5 g1 ( or_op_3372_25 ) 
              5 add_323_62 ( add_unsigned_9011_25 ) 
              5 add_313_58 ( add_unsigned_9015_25 ) 
              5 sub_320_83 ( sub_unsigned_5267_50 ) 
              5 add_294_29 ( add_unsigned_9019_25 ) 
              5 sub_319_33 ( sub_unsigned_9021_25 ) 
              5 mux_320_46 ( bmux_190_168 ) 
              5 mux_320_27 ( bmux_190_169 ) 
              5 mux_324_28 ( bmux_46_559 ) 
              5 mux_trans_size_sll[SIZE_i]_304_25 ( bmux_6548_30 ) 
              5 mux_trans_size_rem_srl[SIZE_i]_317_26 ( bmux_6549_30 ) 
           4 MST_FIFO[2].fifo_Ax_channel ( sync_fifo_FIFO_TYPE2_DATA_WIDTH53_FIFO_DEPTH4_26 ) 
              5 eq_38_38 ( equal_unsigned_162_166 ) 
              5 add_54_30 ( add_unsigned_5261_90 ) 
              5 eq_37_37 ( equal_unsigned_82_107 ) 
              5 add_39_37 ( add_unsigned_5261_91 ) 
              5 eq_39_45 ( equal_unsigned_82_108 ) 
              5 add_40_38 ( add_unsigned_1931_99 ) 
              5 eq_40_46 ( equal_unsigned_162_167 ) 
              5 sub_41_36 ( sub_unsigned_8778_42 ) 
              5 ctl_rd_addr_46_21 ( case_box_3368_26 ) 
              5 mux_mem[rd_addr]_46_21 ( mux_9009_26 ) 
              5 ctl_wr_addr_53_13 ( case_box_3369_26 ) 
           4 MST_FIFO[2].splitting_4kb_masker ( splitting_4kb_masker_ADDR_WIDTH32_LEN_WIDTH8_SIZE_WIDTH3_26 ) 
              5 g1 ( or_op_3372_26 ) 
              5 add_323_62 ( add_unsigned_9011_26 ) 
              5 add_313_58 ( add_unsigned_9015_26 ) 
              5 sub_320_83 ( sub_unsigned_5267_51 ) 
              5 add_294_29 ( add_unsigned_9019_26 ) 
              5 sub_319_33 ( sub_unsigned_9021_26 ) 
              5 mux_320_46 ( bmux_190_170 ) 
              5 mux_320_27 ( bmux_190_171 ) 
              5 mux_324_28 ( bmux_46_560 ) 
              5 mux_trans_size_sll[SIZE_i]_304_25 ( bmux_6548_29 ) 
              5 mux_trans_size_rem_srl[SIZE_i]_317_26 ( bmux_6549_29 ) 
           4 MST_FIFO[3].fifo_Ax_channel ( sync_fifo_FIFO_TYPE2_DATA_WIDTH53_FIFO_DEPTH4_27 ) 
              5 eq_38_38 ( equal_unsigned_162_168 ) 
              5 add_54_30 ( add_unsigned_5261_92 ) 
              5 eq_37_37 ( equal_unsigned_82_109 ) 
              5 add_39_37 ( add_unsigned_5261_93 ) 
              5 eq_39_45 ( equal_unsigned_82_110 ) 
              5 add_40_38 ( add_unsigned_1931_100 ) 
              5 eq_40_46 ( equal_unsigned_162_169 ) 
              5 sub_41_36 ( sub_unsigned_8778_43 ) 
              5 ctl_rd_addr_46_21 ( case_box_3368_27 ) 
              5 mux_mem[rd_addr]_46_21 ( mux_9009_27 ) 
              5 ctl_wr_addr_53_13 ( case_box_3369_27 ) 
           4 MST_FIFO[3].splitting_4kb_masker ( splitting_4kb_masker_ADDR_WIDTH32_LEN_WIDTH8_SIZE_WIDTH3_27 ) 
              5 g1 ( or_op_3372_27 ) 
              5 add_323_62 ( add_unsigned_9011_27 ) 
              5 add_313_58 ( add_unsigned_9015_27 ) 
              5 sub_320_83 ( sub_unsigned_5267_52 ) 
              5 add_294_29 ( add_unsigned_9019_27 ) 
              5 sub_319_33 ( sub_unsigned_9021_27 ) 
              5 mux_320_46 ( bmux_190_172 ) 
              5 mux_320_27 ( bmux_190_173 ) 
              5 mux_324_28 ( bmux_46_561 ) 
              5 mux_trans_size_sll[SIZE_i]_304_25 ( bmux_6548_28 ) 
              5 mux_trans_size_rem_srl[SIZE_i]_317_26 ( bmux_6549_28 ) 
           4 arbiter ( arbiter_iwrr_1cycle_P_REQUESTER_NUM4_P_REQUESTER_WEIGHTx00000005000000040000000300000001_P_NUM_GRANT_REQ_W1_6 ) 
              5 mux_req_i_55_21 ( mux_83_67 ) 
              5 decode_gint ( Decoder_2_3_0_6 ) 
              5 mux_grant_candidate_56_21 ( bmux_3971 ) 
              5 mux_grant_candidate_56_2 ( bmux_3972 ) 
              5 mux_grant_candidate_56_3 ( bmux_3973 ) 
              5 mux_grant_candidate_56_4 ( bmux_3974 ) 
              5 mux_req_i_55_6 ( mux_83_68 ) 
              5 decode_gint7 ( Decoder_2_3_0_3380_6 ) 
              5 mux_grant_candidate_56_10 ( bmux_3975 ) 
              5 mux_grant_candidate_56_11 ( bmux_3976 ) 
              5 mux_grant_candidate_56_12 ( bmux_3977 ) 
              5 mux_grant_candidate_56_13 ( bmux_3978 ) 
              5 mux_req_i_55_15 ( mux_83_69 ) 
              5 decode_gint16 ( Decoder_2_3_0_3388_6 ) 
              5 mux_grant_candidate_56_19 ( bmux_3979 ) 
              5 mux_grant_candidate_56_20 ( bmux_3980 ) 
              5 mux_grant_candidate_56_22 ( bmux_3981 ) 
              5 mux_grant_candidate_56_23 ( bmux_3982 ) 
              5 mux_req_i_55_25 ( mux_83_70 ) 
              5 decode_gint26 ( Decoder_2_3_0_3396_6 ) 
              5 mux_grant_candidate_56_29 ( bmux_3983 ) 
              5 mux_grant_candidate_56_30 ( bmux_3984 ) 
              5 mux_grant_candidate_56_31 ( bmux_3985 ) 
              5 mux_grant_candidate_56_32 ( bmux_3986 ) 
              5 mux_grant_candidate_69_25 ( bmux_3987 ) 
              5 mux_grant_candidate_69_35 ( bmux_3988 ) 
              5 mux_grant_candidate_69_36 ( bmux_3989 ) 
              5 mux_grant_candidate_69_37 ( bmux_3990 ) 
              5 mux_grant_candidate_69_42 ( bmux_3991 ) 
              5 mux_grant_candidate_69_43 ( bmux_3992 ) 
              5 mux_grant_candidate_69_44 ( bmux_3993 ) 
              5 mux_grant_candidate_69_45 ( bmux_3994 ) 
              5 mux_grant_candidate_69_50 ( bmux_3995 ) 
              5 mux_grant_candidate_69_51 ( bmux_3996 ) 
              5 mux_grant_candidate_69_52 ( bmux_3997 ) 
              5 mux_grant_candidate_69_53 ( bmux_3998 ) 
              5 mux_grant_candidate_69_58 ( bmux_3999 ) 
              5 mux_grant_candidate_69_59 ( bmux_4000 ) 
              5 mux_grant_candidate_69_60 ( bmux_4001 ) 
              5 mux_grant_candidate_69_61 ( bmux_4002 ) 
              5 g62 ( or_op_3429_6 ) 
              5 g63 ( or_op_3430_6 ) 
              5 g65 ( and_op_3431_6 ) 
              5 g66 ( or_op_3432_6 ) 
              5 add_53_50_I1 ( add_unsigned_9068_12 ) 
              5 gt_55_64_I1 ( gt_unsigned_9074_48 ) 
              5 add00416395 ( add_unsigned_9076_24 ) 
              5 gt_55_64_I2 ( gt_unsigned_9074_49 ) 
              5 add00416485 ( add_unsigned_9076_25 ) 
              5 gt_55_64_I3 ( gt_unsigned_9074_50 ) 
              5 add00416575 ( add_unsigned_9092_12 ) 
              5 gt_55_64_I4 ( gt_unsigned_9074_51 ) 
              5 lte_87_49_I1 ( leq_unsigned_24 ) 
              5 lte_87_49_I2 ( leq_unsigned_25 ) 
              5 lte_87_49_I3 ( leq_unsigned_26 ) 
              5 lte_87_49_I4 ( leq_unsigned_27 ) 
              5 gt_107_58_I4 ( gt_unsigned_9074_52 ) 
              5 sub_108_48_I4 ( sub_unsigned_5267_53 ) 
              5 gt_107_58_I3 ( gt_unsigned_9074_53 ) 
              5 sub_108_48_I3 ( sub_unsigned_5267_54 ) 
              5 gt_107_58_I2 ( gt_unsigned_9074_54 ) 
              5 sub_108_48_I2 ( sub_unsigned_5267_55 ) 
              5 gt_107_58_I1 ( gt_unsigned_9074_55 ) 
              5 sub_108_48_I1 ( sub_unsigned_5267_56 ) 
              5 mux_credit[1]_101_17 ( bmux_190_174 ) 
              5 ctl_idx_wrapped_55_44 ( case_box_3446_6 ) 
              5 mux_credit[idx_wrapped]_55_44 ( mux_9150_33 ) 
              5 mux_found_55_40 ( bmux_4003 ) 
              5 ctl_idx_wrapped_55_93 ( case_box_3447_6 ) 
              5 mux_credit[idx_wrapped]_55_94 ( mux_9150_34 ) 
              5 mux_found_52_17 ( bmux_4004 ) 
              5 ctl_idx_wrapped_55_98 ( case_box_3450_6 ) 
              5 mux_credit[idx_wrapped]_55_99 ( mux_9150_35 ) 
              5 mux_found_52_101 ( bmux_4005 ) 
              5 ctl_idx_wrapped_55_104 ( case_box_3453_6 ) 
              5 mux_credit[idx_wrapped]_55_105 ( mux_9150_36 ) 
              5 mux_found_52_107 ( bmux_4006 ) 
              5 mux_found_68_25 ( bmux_4007 ) 
              5 mux_found_65_21 ( bmux_4008 ) 
              5 mux_found_65_117 ( bmux_4009 ) 
              5 mux_grant_candidate_55_40 ( bmux_108_147 ) 
              5 mux_grant_candidate_55_126 ( bmux_108_148 ) 
              5 mux_grant_candidate_52_17 ( bmux_108_149 ) 
              5 mux_grant_candidate_55_127 ( bmux_108_150 ) 
              5 mux_grant_candidate_52_128 ( bmux_108_151 ) 
              5 mux_grant_candidate_55_129 ( bmux_108_152 ) 
              5 mux_grant_candidate_52_130 ( bmux_108_153 ) 
              5 mux_grant_candidate_68_25 ( bmux_108_154 ) 
              5 mux_grant_candidate_68_131 ( bmux_108_155 ) 
              5 mux_grant_candidate_65_21 ( bmux_108_156 ) 
              5 mux_grant_candidate_68_132 ( bmux_108_157 ) 
              5 mux_grant_candidate_65_133 ( bmux_108_158 ) 
              5 mux_grant_candidate_68_134 ( bmux_108_159 ) 
              5 mux_grant_candidate_65_135 ( bmux_108_160 ) 
              5 mux_grant_candidate_63_13 ( bmux_108_161 ) 
              5 mux_77_29 ( bmux_108_162 ) 
              5 mux_credit[0]_101_17 ( bmux_190_175 ) 
              5 ctl_grant_candidate_88_17 ( case_box_3456_6 ) 
              5 mux_grant_idx_88_17 ( mux_93_14 ) 
              5 mux_credit[2]_101_17 ( bmux_190_177 ) 
              5 mux_credit[3]_101_17 ( bmux_190_179 ) 
           4 master_id_encoder ( onehot_encoder_INPUT_W4_OUTPUT_W2_6 ) 
              5 ctl_i_248_17 ( case_box_3460_6 ) 
              5 mux_encoded_248_17 ( mux_93_15 ) 
           4 slv_skid_buffer ( skid_buffer_SBUF_TYPE3_DATA_WIDTH68_6 ) 
           4 g55 ( or_op_3689 ) 
           4 ctl_granted_mst_id_467_27 ( case_box_3703 ) 
           4 mux_AxPROT_valid[granted_mst_id]_467_27 ( mux_9192_12 ) 
           4 mux_AxLEN_valid_split[granted_mst_id]_463_26 ( mux_9150_37 ) 
           4 mux_AxBURST_valid[granted_mst_id]_462_28 ( mux_1233_8 ) 
           4 mux_AxADDR_valid_split[granted_mst_id]_461_27 ( mux_2030_14 ) 
           4 mux_AxID_valid[granted_mst_id]_458_50 ( mux_9202_6 ) 
           4 mux_msk_addr_crossing_valid[granted_mst_id]_549_44 ( mux_83_75 ) 
           4 mux_AxSIZE_valid[granted_mst_id]_464_27 ( mux_9192_13 ) 
        3 W_channel ( sa_W_channel_MST_AMT4_OUTSTANDING_AMT4_MST_ID_W2_DATA_WIDTH32_ADDR_WIDTH32_TRANS_DATA_LEN_W8_W_FIFO_DEPTH32h00000008_1 ) 
           4 fifo_wdata_order ( sync_fifo_FIFO_TYPE0_DATA_WIDTH10_FIFO_DEPTH4_3 ) 
              5 eq_38_38 ( equal_unsigned_162_170 ) 
              5 add_54_30 ( add_unsigned_5261_94 ) 
              5 eq_37_37 ( equal_unsigned_82_111 ) 
              5 add_39_37 ( add_unsigned_5261_95 ) 
              5 eq_39_45 ( equal_unsigned_82_112 ) 
              5 add_40_38 ( add_unsigned_1931_101 ) 
              5 eq_40_46 ( equal_unsigned_162_171 ) 
              5 sub_41_36 ( sub_unsigned_8778_44 ) 
              5 ctl_rd_addr_46_21 ( case_box_3500_3 ) 
              5 mux_mem[rd_addr]_46_21 ( mux_9232_3 ) 
              5 ctl_wr_addr_53_13 ( case_box_3501_3 ) 
           4 slv_skid_buffer ( skid_buffer_SBUF_TYPE3_DATA_WIDTH37_3 ) 
           4 MST_W_FIFO[0].fifo_wdata ( sync_fifo_FIFO_TYPE0_DATA_WIDTH36_FIFO_DEPTH32h00000008_4 ) 
              5 eq_38_38 ( equal_unsigned_82_113 ) 
              5 add_54_30 ( add_unsigned_8819_20 ) 
              5 eq_37_37 ( equal_unsigned_8455_9 ) 
              5 add_39_37 ( add_unsigned_8819_21 ) 
              5 eq_39_45 ( equal_unsigned_8455_10 ) 
              5 add_40_38 ( add_unsigned_5261_96 ) 
              5 eq_40_46 ( equal_unsigned_82_114 ) 
              5 sub_41_36 ( sub_unsigned_9616_4 ) 
              5 mux_mem[rd_addr]_46_21 ( bmux_9619_4 ) 
              5 ctl_wr_addr_53_13 ( case_box_3647_4 ) 
           4 MST_W_FIFO[1].fifo_wdata ( sync_fifo_FIFO_TYPE0_DATA_WIDTH36_FIFO_DEPTH32h00000008_5 ) 
              5 eq_38_38 ( equal_unsigned_82_115 ) 
              5 add_54_30 ( add_unsigned_8819_22 ) 
              5 eq_37_37 ( equal_unsigned_8455_11 ) 
              5 add_39_37 ( add_unsigned_8819_23 ) 
              5 eq_39_45 ( equal_unsigned_8455_12 ) 
              5 add_40_38 ( add_unsigned_5261_97 ) 
              5 eq_40_46 ( equal_unsigned_82_116 ) 
              5 sub_41_36 ( sub_unsigned_9616_5 ) 
              5 mux_mem[rd_addr]_46_21 ( bmux_9619_5 ) 
              5 ctl_wr_addr_53_13 ( case_box_3647_5 ) 
           4 MST_W_FIFO[2].fifo_wdata ( sync_fifo_FIFO_TYPE0_DATA_WIDTH36_FIFO_DEPTH32h00000008_6 ) 
              5 eq_38_38 ( equal_unsigned_82_117 ) 
              5 add_54_30 ( add_unsigned_8819_24 ) 
              5 eq_37_37 ( equal_unsigned_8455_13 ) 
              5 add_39_37 ( add_unsigned_8819_25 ) 
              5 eq_39_45 ( equal_unsigned_8455_14 ) 
              5 add_40_38 ( add_unsigned_5261_98 ) 
              5 eq_40_46 ( equal_unsigned_82_118 ) 
              5 sub_41_36 ( sub_unsigned_9616_6 ) 
              5 mux_mem[rd_addr]_46_21 ( bmux_9619_6 ) 
              5 ctl_wr_addr_53_13 ( case_box_3647_6 ) 
           4 MST_W_FIFO[3].fifo_wdata ( sync_fifo_FIFO_TYPE0_DATA_WIDTH36_FIFO_DEPTH32h00000008_7 ) 
              5 eq_38_38 ( equal_unsigned_82_119 ) 
              5 add_54_30 ( add_unsigned_8819_26 ) 
              5 eq_37_37 ( equal_unsigned_8455_15 ) 
              5 add_39_37 ( add_unsigned_8819_27 ) 
              5 eq_39_45 ( equal_unsigned_8455_16 ) 
              5 add_40_38 ( add_unsigned_5261_99 ) 
              5 eq_40_46 ( equal_unsigned_82_120 ) 
              5 sub_41_36 ( sub_unsigned_9616_7 ) 
              5 mux_mem[rd_addr]_46_21 ( bmux_9619_7 ) 
              5 ctl_wr_addr_53_13 ( case_box_3647_7 ) 
           4 eq_1041_55 ( equal_unsigned_8797_5 ) 
           4 eq_1023_67_I1 ( equal_unsigned_255_48 ) 
           4 eq_1023_67_I2 ( equal_unsigned_255_49 ) 
           4 eq_1023_67_I3 ( equal_unsigned_162_172 ) 
           4 eq_1023_67_I4 ( equal_unsigned_162_173 ) 
           4 add_1040_54 ( add_unsigned_8799_5 ) 
           4 mux_1041_55 ( bmux_190_184 ) 
           4 ctl_Ax_mst_id_valid_1037_40 ( case_box_3649_1 ) 
           4 mux_fifo_wdata_empt[Ax_mst_id_valid]_1037_40 ( mux_83_76 ) 
           4 mux_dsp_WSTRB_valid[Ax_mst_id_valid]_1049_39 ( mux_86_5 ) 
           4 mux_dsp_WDATA_valid[Ax_mst_id_valid]_1050_39 ( mux_2030_15 ) 
        3 B_channel ( sa_B_channel_MST_AMT4_OUTSTANDING_AMT4_MST_ID_W2_TRANS_MST_ID_W5_TRANS_SLV_ID_W7_TRANS_WR_RESP_W2_3 ) 
           4 fifo_wresp_filter ( sync_fifo_FIFO_TYPE0_DATA_WIDTH8_FIFO_DEPTH4_3 ) 
              5 eq_38_38 ( equal_unsigned_162_174 ) 
              5 add_54_30 ( add_unsigned_5261_100 ) 
              5 eq_37_37 ( equal_unsigned_82_121 ) 
              5 add_39_37 ( add_unsigned_5261_101 ) 
              5 eq_39_45 ( equal_unsigned_82_122 ) 
              5 add_40_38 ( add_unsigned_1931_102 ) 
              5 eq_40_46 ( equal_unsigned_162_175 ) 
              5 sub_41_36 ( sub_unsigned_8778_45 ) 
              5 ctl_rd_addr_46_21 ( case_box_3524_3 ) 
              5 mux_mem[rd_addr]_46_21 ( mux_9150_38 ) 
              5 ctl_wr_addr_53_13 ( case_box_3525_3 ) 
           4 slv_skid_buffer ( skid_buffer_SBUF_TYPE1_DATA_WIDTH9_3 ) 
              5 add_132_42 ( add_unsigned_1931_103 ) 
              5 eq_116_34 ( equal_unsigned_162_176 ) 
              5 add_135_42 ( add_unsigned_1931_104 ) 
              5 ctl_BWD_REGISTERED.rd_ptr_123_34 ( case_box_3531_3 ) 
              5 mux_BWD_REGISTERED.mem[BWD_REGISTERED.rd_ptr]_123_34 ( mux_9309_3 ) 
              5 ctl_BWD_REGISTERED.wr_ptr_131_25 ( case_box_3532_3 ) 
           4 mux_dsp_BREADY_i_1221_31 ( mux_83_77 ) 
           4 decode_gint ( Decoder_2_3_0_3537_3 ) 
           4 eq_1210_44 ( equal_unsigned_119_55 ) 
           4 eq_1224_52_I1 ( equal_unsigned_255_50 ) 
           4 eq_1224_52_I2 ( equal_unsigned_255_51 ) 
           4 eq_1224_52_I3 ( equal_unsigned_162_177 ) 
           4 eq_1224_52_I4 ( equal_unsigned_162_178 ) 
        3 AR_channel ( sa_Ax_channel_MST_AMT4_OUTSTANDING_AMT4_MST_WEIGHTx00000005000000040000000300000001_MST_ID_W2_DATA_WIDTH32_ADDR_WIDTH32_TRANS_MST_ID_W5_DSP_ID_W5_TRANS_SLV_ID_W7_TRANS_BURST_W2_TRANS_DATA_LEN_W8_TRANS_DATA_SIZE_W3_SLV_ID3_SLV_ID_MSB_IDX31_SLV_ID_LSB_IDX29_AXI_SIDEBAND_EN0_AXI_LOCK_CONST0_AXI_CACHE_CONST3_AXI_QOS_CONST0_AXI_REGION_CONST0_1 ) 
           4 MST_FIFO[0].fifo_Ax_channel ( sync_fifo_FIFO_TYPE2_DATA_WIDTH53_FIFO_DEPTH4_28 ) 
              5 eq_38_38 ( equal_unsigned_162_179 ) 
              5 add_54_30 ( add_unsigned_5261_102 ) 
              5 eq_37_37 ( equal_unsigned_82_123 ) 
              5 add_39_37 ( add_unsigned_5261_103 ) 
              5 eq_39_45 ( equal_unsigned_82_124 ) 
              5 add_40_38 ( add_unsigned_1931_105 ) 
              5 eq_40_46 ( equal_unsigned_162_180 ) 
              5 sub_41_36 ( sub_unsigned_8778_46 ) 
              5 ctl_rd_addr_46_21 ( case_box_3368_28 ) 
              5 mux_mem[rd_addr]_46_21 ( mux_9009_28 ) 
              5 ctl_wr_addr_53_13 ( case_box_3369_28 ) 
           4 MST_FIFO[0].splitting_4kb_masker ( splitting_4kb_masker_ADDR_WIDTH32_LEN_WIDTH8_SIZE_WIDTH3_28 ) 
              5 g1 ( or_op_3372_28 ) 
              5 add_323_62 ( add_unsigned_9011_28 ) 
              5 add_313_58 ( add_unsigned_9015_28 ) 
              5 sub_320_83 ( sub_unsigned_5267_57 ) 
              5 add_294_29 ( add_unsigned_9019_28 ) 
              5 sub_319_33 ( sub_unsigned_9021_28 ) 
              5 mux_320_46 ( bmux_190_186 ) 
              5 mux_320_27 ( bmux_190_187 ) 
              5 mux_324_28 ( bmux_46_564 ) 
              5 mux_trans_size_sll[SIZE_i]_304_25 ( bmux_6548_27 ) 
              5 mux_trans_size_rem_srl[SIZE_i]_317_26 ( bmux_6549_27 ) 
           4 MST_FIFO[1].fifo_Ax_channel ( sync_fifo_FIFO_TYPE2_DATA_WIDTH53_FIFO_DEPTH4_29 ) 
              5 eq_38_38 ( equal_unsigned_162_181 ) 
              5 add_54_30 ( add_unsigned_5261_104 ) 
              5 eq_37_37 ( equal_unsigned_82_125 ) 
              5 add_39_37 ( add_unsigned_5261_105 ) 
              5 eq_39_45 ( equal_unsigned_82_126 ) 
              5 add_40_38 ( add_unsigned_1931_106 ) 
              5 eq_40_46 ( equal_unsigned_162_182 ) 
              5 sub_41_36 ( sub_unsigned_8778_47 ) 
              5 ctl_rd_addr_46_21 ( case_box_3368_29 ) 
              5 mux_mem[rd_addr]_46_21 ( mux_9009_29 ) 
              5 ctl_wr_addr_53_13 ( case_box_3369_29 ) 
           4 MST_FIFO[1].splitting_4kb_masker ( splitting_4kb_masker_ADDR_WIDTH32_LEN_WIDTH8_SIZE_WIDTH3_29 ) 
              5 g1 ( or_op_3372_29 ) 
              5 add_323_62 ( add_unsigned_9011_29 ) 
              5 add_313_58 ( add_unsigned_9015_29 ) 
              5 sub_320_83 ( sub_unsigned_5267_58 ) 
              5 add_294_29 ( add_unsigned_9019_29 ) 
              5 sub_319_33 ( sub_unsigned_9021_29 ) 
              5 mux_320_46 ( bmux_190_188 ) 
              5 mux_320_27 ( bmux_190_189 ) 
              5 mux_324_28 ( bmux_46_565 ) 
              5 mux_trans_size_sll[SIZE_i]_304_25 ( bmux_6548_26 ) 
              5 mux_trans_size_rem_srl[SIZE_i]_317_26 ( bmux_6549_26 ) 
           4 MST_FIFO[2].fifo_Ax_channel ( sync_fifo_FIFO_TYPE2_DATA_WIDTH53_FIFO_DEPTH4_30 ) 
              5 eq_38_38 ( equal_unsigned_162_183 ) 
              5 add_54_30 ( add_unsigned_5261_106 ) 
              5 eq_37_37 ( equal_unsigned_82_127 ) 
              5 add_39_37 ( add_unsigned_5261_107 ) 
              5 eq_39_45 ( equal_unsigned_82_128 ) 
              5 add_40_38 ( add_unsigned_1931_107 ) 
              5 eq_40_46 ( equal_unsigned_162_184 ) 
              5 sub_41_36 ( sub_unsigned_8778_48 ) 
              5 ctl_rd_addr_46_21 ( case_box_3368_30 ) 
              5 mux_mem[rd_addr]_46_21 ( mux_9009_30 ) 
              5 ctl_wr_addr_53_13 ( case_box_3369_30 ) 
           4 MST_FIFO[2].splitting_4kb_masker ( splitting_4kb_masker_ADDR_WIDTH32_LEN_WIDTH8_SIZE_WIDTH3_30 ) 
              5 g1 ( or_op_3372_30 ) 
              5 add_323_62 ( add_unsigned_9011_30 ) 
              5 add_313_58 ( add_unsigned_9015_30 ) 
              5 sub_320_83 ( sub_unsigned_5267_59 ) 
              5 add_294_29 ( add_unsigned_9019_30 ) 
              5 sub_319_33 ( sub_unsigned_9021_30 ) 
              5 mux_320_46 ( bmux_190_190 ) 
              5 mux_320_27 ( bmux_190_191 ) 
              5 mux_324_28 ( bmux_46_566 ) 
              5 mux_trans_size_sll[SIZE_i]_304_25 ( bmux_6548_25 ) 
              5 mux_trans_size_rem_srl[SIZE_i]_317_26 ( bmux_6549_25 ) 
           4 MST_FIFO[3].fifo_Ax_channel ( sync_fifo_FIFO_TYPE2_DATA_WIDTH53_FIFO_DEPTH4_31 ) 
              5 eq_38_38 ( equal_unsigned_162_185 ) 
              5 add_54_30 ( add_unsigned_5261_108 ) 
              5 eq_37_37 ( equal_unsigned_82_129 ) 
              5 add_39_37 ( add_unsigned_5261_109 ) 
              5 eq_39_45 ( equal_unsigned_82_130 ) 
              5 add_40_38 ( add_unsigned_1931_108 ) 
              5 eq_40_46 ( equal_unsigned_162_186 ) 
              5 sub_41_36 ( sub_unsigned_8778_49 ) 
              5 ctl_rd_addr_46_21 ( case_box_3368_31 ) 
              5 mux_mem[rd_addr]_46_21 ( mux_9009_31 ) 
              5 ctl_wr_addr_53_13 ( case_box_3369_31 ) 
           4 MST_FIFO[3].splitting_4kb_masker ( splitting_4kb_masker_ADDR_WIDTH32_LEN_WIDTH8_SIZE_WIDTH3_31 ) 
              5 g1 ( or_op_3372_31 ) 
              5 add_323_62 ( add_unsigned_9011_31 ) 
              5 add_313_58 ( add_unsigned_9015_31 ) 
              5 sub_320_83 ( sub_unsigned_5267_60 ) 
              5 add_294_29 ( add_unsigned_9019_31 ) 
              5 sub_319_33 ( sub_unsigned_9021_31 ) 
              5 mux_320_46 ( bmux_190_192 ) 
              5 mux_320_27 ( bmux_190_193 ) 
              5 mux_324_28 ( bmux_46_567 ) 
              5 mux_trans_size_sll[SIZE_i]_304_25 ( bmux_6548_24 ) 
              5 mux_trans_size_rem_srl[SIZE_i]_317_26 ( bmux_6549_24 ) 
           4 arbiter ( arbiter_iwrr_1cycle_P_REQUESTER_NUM4_P_REQUESTER_WEIGHTx00000005000000040000000300000001_P_NUM_GRANT_REQ_W1_7 ) 
              5 mux_req_i_55_21 ( mux_83_78 ) 
              5 decode_gint ( Decoder_2_3_0_7 ) 
              5 mux_grant_candidate_56_21 ( bmux_4021 ) 
              5 mux_grant_candidate_56_2 ( bmux_4022 ) 
              5 mux_grant_candidate_56_3 ( bmux_4023 ) 
              5 mux_grant_candidate_56_4 ( bmux_4024 ) 
              5 mux_req_i_55_6 ( mux_83_79 ) 
              5 decode_gint7 ( Decoder_2_3_0_3380_7 ) 
              5 mux_grant_candidate_56_10 ( bmux_4025 ) 
              5 mux_grant_candidate_56_11 ( bmux_4026 ) 
              5 mux_grant_candidate_56_12 ( bmux_4027 ) 
              5 mux_grant_candidate_56_13 ( bmux_4028 ) 
              5 mux_req_i_55_15 ( mux_83_80 ) 
              5 decode_gint16 ( Decoder_2_3_0_3388_7 ) 
              5 mux_grant_candidate_56_19 ( bmux_4029 ) 
              5 mux_grant_candidate_56_20 ( bmux_4030 ) 
              5 mux_grant_candidate_56_22 ( bmux_4031 ) 
              5 mux_grant_candidate_56_23 ( bmux_4032 ) 
              5 mux_req_i_55_25 ( mux_83_81 ) 
              5 decode_gint26 ( Decoder_2_3_0_3396_7 ) 
              5 mux_grant_candidate_56_29 ( bmux_4033 ) 
              5 mux_grant_candidate_56_30 ( bmux_4034 ) 
              5 mux_grant_candidate_56_31 ( bmux_4035 ) 
              5 mux_grant_candidate_56_32 ( bmux_4036 ) 
              5 mux_grant_candidate_69_25 ( bmux_4037 ) 
              5 mux_grant_candidate_69_35 ( bmux_4038 ) 
              5 mux_grant_candidate_69_36 ( bmux_4039 ) 
              5 mux_grant_candidate_69_37 ( bmux_4040 ) 
              5 mux_grant_candidate_69_42 ( bmux_4041 ) 
              5 mux_grant_candidate_69_43 ( bmux_4042 ) 
              5 mux_grant_candidate_69_44 ( bmux_4043 ) 
              5 mux_grant_candidate_69_45 ( bmux_4044 ) 
              5 mux_grant_candidate_69_50 ( bmux_4045 ) 
              5 mux_grant_candidate_69_51 ( bmux_4046 ) 
              5 mux_grant_candidate_69_52 ( bmux_4047 ) 
              5 mux_grant_candidate_69_53 ( bmux_4048 ) 
              5 mux_grant_candidate_69_58 ( bmux_4049 ) 
              5 mux_grant_candidate_69_59 ( bmux_4050 ) 
              5 mux_grant_candidate_69_60 ( bmux_4051 ) 
              5 mux_grant_candidate_69_61 ( bmux_4052 ) 
              5 g62 ( or_op_3429_7 ) 
              5 g63 ( or_op_3430_7 ) 
              5 g65 ( and_op_3431_7 ) 
              5 g66 ( or_op_3432_7 ) 
              5 add_53_50_I1 ( add_unsigned_9068_14 ) 
              5 gt_55_64_I1 ( gt_unsigned_9074_56 ) 
              5 add00416395 ( add_unsigned_9076_28 ) 
              5 gt_55_64_I2 ( gt_unsigned_9074_57 ) 
              5 add00416485 ( add_unsigned_9076_29 ) 
              5 gt_55_64_I3 ( gt_unsigned_9074_58 ) 
              5 add00416575 ( add_unsigned_9092_14 ) 
              5 gt_55_64_I4 ( gt_unsigned_9074_59 ) 
              5 lte_87_49_I1 ( leq_unsigned_28 ) 
              5 lte_87_49_I2 ( leq_unsigned_29 ) 
              5 lte_87_49_I3 ( leq_unsigned_30 ) 
              5 lte_87_49_I4 ( leq_unsigned_31 ) 
              5 gt_107_58_I4 ( gt_unsigned_9074_60 ) 
              5 sub_108_48_I4 ( sub_unsigned_5267_61 ) 
              5 gt_107_58_I3 ( gt_unsigned_9074_61 ) 
              5 sub_108_48_I3 ( sub_unsigned_5267_62 ) 
              5 gt_107_58_I2 ( gt_unsigned_9074_62 ) 
              5 sub_108_48_I2 ( sub_unsigned_5267_63 ) 
              5 gt_107_58_I1 ( gt_unsigned_9074_63 ) 
              5 sub_108_48_I1 ( sub_unsigned_5267_64 ) 
              5 mux_credit[1]_101_17 ( bmux_190_194 ) 
              5 ctl_idx_wrapped_55_44 ( case_box_3446_7 ) 
              5 mux_credit[idx_wrapped]_55_44 ( mux_9150_39 ) 
              5 mux_found_55_40 ( bmux_4053 ) 
              5 ctl_idx_wrapped_55_93 ( case_box_3447_7 ) 
              5 mux_credit[idx_wrapped]_55_94 ( mux_9150_40 ) 
              5 mux_found_52_17 ( bmux_4054 ) 
              5 ctl_idx_wrapped_55_98 ( case_box_3450_7 ) 
              5 mux_credit[idx_wrapped]_55_99 ( mux_9150_41 ) 
              5 mux_found_52_101 ( bmux_4055 ) 
              5 ctl_idx_wrapped_55_104 ( case_box_3453_7 ) 
              5 mux_credit[idx_wrapped]_55_105 ( mux_9150_42 ) 
              5 mux_found_52_107 ( bmux_4056 ) 
              5 mux_found_68_25 ( bmux_4057 ) 
              5 mux_found_65_21 ( bmux_4058 ) 
              5 mux_found_65_117 ( bmux_4059 ) 
              5 mux_grant_candidate_55_40 ( bmux_108_172 ) 
              5 mux_grant_candidate_55_126 ( bmux_108_173 ) 
              5 mux_grant_candidate_52_17 ( bmux_108_174 ) 
              5 mux_grant_candidate_55_127 ( bmux_108_175 ) 
              5 mux_grant_candidate_52_128 ( bmux_108_176 ) 
              5 mux_grant_candidate_55_129 ( bmux_108_177 ) 
              5 mux_grant_candidate_52_130 ( bmux_108_178 ) 
              5 mux_grant_candidate_68_25 ( bmux_108_179 ) 
              5 mux_grant_candidate_68_131 ( bmux_108_180 ) 
              5 mux_grant_candidate_65_21 ( bmux_108_181 ) 
              5 mux_grant_candidate_68_132 ( bmux_108_182 ) 
              5 mux_grant_candidate_65_133 ( bmux_108_183 ) 
              5 mux_grant_candidate_68_134 ( bmux_108_184 ) 
              5 mux_grant_candidate_65_135 ( bmux_108_185 ) 
              5 mux_grant_candidate_63_13 ( bmux_108_186 ) 
              5 mux_77_29 ( bmux_108_187 ) 
              5 mux_credit[0]_101_17 ( bmux_190_195 ) 
              5 ctl_grant_candidate_88_17 ( case_box_3456_7 ) 
              5 mux_grant_idx_88_17 ( mux_93_16 ) 
              5 mux_credit[2]_101_17 ( bmux_190_197 ) 
              5 mux_credit[3]_101_17 ( bmux_190_199 ) 
           4 master_id_encoder ( onehot_encoder_INPUT_W4_OUTPUT_W2_7 ) 
              5 ctl_i_248_17 ( case_box_3460_7 ) 
              5 mux_encoded_248_17 ( mux_93_17 ) 
           4 slv_skid_buffer ( skid_buffer_SBUF_TYPE3_DATA_WIDTH68_7 ) 
           4 g55 ( or_op_3689_1 ) 
           4 ctl_granted_mst_id_467_27 ( case_box_3703_1 ) 
           4 mux_AxPROT_valid[granted_mst_id]_467_27 ( mux_9192_14 ) 
           4 mux_AxLEN_valid_split[granted_mst_id]_463_26 ( mux_9150_43 ) 
           4 mux_AxBURST_valid[granted_mst_id]_462_28 ( mux_1233_9 ) 
           4 mux_AxADDR_valid_split[granted_mst_id]_461_27 ( mux_2030_16 ) 
           4 mux_AxID_valid[granted_mst_id]_458_50 ( mux_9202_7 ) 
           4 mux_msk_addr_crossing_valid[granted_mst_id]_549_44 ( mux_83_86 ) 
           4 mux_AxSIZE_valid[granted_mst_id]_464_27 ( mux_9192_15 ) 
        3 R_channel ( sa_R_channel_MST_AMT4_OUTSTANDING_AMT4_MST_ID_W2_DATA_WIDTH32_ADDR_WIDTH32_TRANS_MST_ID_W5_TRANS_SLV_ID_W7_DSP_RID_W5_3 ) 
           4 slv_skid_buffer ( skid_buffer_SBUF_TYPE1_DATA_WIDTH42_6 ) 
              5 add_132_42 ( add_unsigned_1931_109 ) 
              5 eq_116_34 ( equal_unsigned_162_187 ) 
              5 add_135_42 ( add_unsigned_1931_110 ) 
              5 ctl_BWD_REGISTERED.rd_ptr_123_34 ( case_box_3541_6 ) 
              5 mux_BWD_REGISTERED.mem[BWD_REGISTERED.rd_ptr]_123_34 ( mux_9333_6 ) 
              5 ctl_BWD_REGISTERED.wr_ptr_131_25 ( case_box_3542_6 ) 
           4 dsp_skid_buffer ( skid_buffer_SBUF_TYPE1_DATA_WIDTH42_7 ) 
              5 add_132_42 ( add_unsigned_1931_111 ) 
              5 eq_116_34 ( equal_unsigned_162_188 ) 
              5 add_135_42 ( add_unsigned_1931_112 ) 
              5 ctl_BWD_REGISTERED.rd_ptr_123_34 ( case_box_3541_7 ) 
              5 mux_BWD_REGISTERED.mem[BWD_REGISTERED.rd_ptr]_123_34 ( mux_9333_7 ) 
              5 ctl_BWD_REGISTERED.wr_ptr_131_25 ( case_box_3542_7 ) 
           4 g1 ( or_op_3545_3 ) 
           4 g4 ( and_op_3546_3 ) 
           4 g11 ( and_op_3547_3 ) 
           4 g12 ( or_op_3548_3 ) 
           4 eq_702_49 ( equal_unsigned_1052_16 ) 
           4 eq00432950 ( equal_unsigned_9337_3 ) 
           4 eq_719_59_I1 ( equal_unsigned_255_52 ) 
           4 eq_719_59_I2 ( equal_unsigned_255_53 ) 
           4 eq_719_59_I3 ( equal_unsigned_162_189 ) 
           4 eq_719_59_I4 ( equal_unsigned_162_190 ) 
           4 eq_733_76_I1 ( equal_unsigned_119_56 ) 
           4 eq_733_76_I2 ( equal_unsigned_119_57 ) 
           4 eq_733_76_I3 ( equal_unsigned_119_58 ) 
           4 eq_733_76_I4 ( equal_unsigned_119_59 ) 
           4 eq_733_76_I5 ( equal_unsigned_119_60 ) 
           4 eq_733_76_I6 ( equal_unsigned_119_61 ) 
           4 eq_733_76_I7 ( equal_unsigned_119_62 ) 
           4 eq_733_76_I8 ( equal_unsigned_119_63 ) 
           4 eq_733_76_I9 ( equal_unsigned_119_64 ) 
           4 eq_733_76_I10 ( equal_unsigned_119_65 ) 
           4 eq_733_76_I11 ( equal_unsigned_119_66 ) 
           4 eq_733_76_I12 ( equal_unsigned_119_67 ) 
           4 eq_733_76_I13 ( equal_unsigned_119_68 ) 
           4 eq_733_76_I14 ( equal_unsigned_119_69 ) 
           4 eq_733_76_I15 ( equal_unsigned_119_70 ) 
           4 eq_733_76_I16 ( equal_unsigned_119_71 ) 
           4 sub_769_51 ( sub_unsigned_9379_3 ) 
           4 eq00432960 ( equal_unsigned_255_54 ) 
           4 eq00432965 ( equal_unsigned_70_14 ) 
           4 eq00432970 ( equal_unsigned_2000_6 ) 
           4 eq00432975 ( equal_unsigned_8_11 ) 
           4 eq00432980 ( equal_unsigned_9391_3 ) 
           4 eq00432985 ( equal_unsigned_137_4 ) 
           4 eq00432990 ( equal_unsigned_8513_4 ) 
           4 eq00432995 ( equal_unsigned_9397_3 ) 
           4 eq00433000 ( equal_unsigned_9399_3 ) 
           4 eq00433005 ( equal_unsigned_9401_3 ) 
           4 eq00433010 ( equal_unsigned_9403_3 ) 
           4 eq00433015 ( equal_unsigned_9405_3 ) 
           4 eq00433020 ( equal_unsigned_9407_3 ) 
           4 eq00433025 ( equal_unsigned_9409_3 ) 
           4 add_797_57 ( add_unsigned_9411_3 ) 
           4 mux_filter_count_q_796_13 ( bmux_9412_3 ) 
           4 mux_filter_push_slot_768_17 ( bmux_46_569 ) 
           4 mux_filter_shift_seen_772_25 ( bmux_4068 ) 
           4 mux_filter_shift_seen_772_103 ( bmux_4069 ) 
           4 mux_filter_shift_seen_772_106 ( bmux_4070 ) 
           4 mux_filter_shift_seen_772_109 ( bmux_4071 ) 
           4 mux_filter_shift_seen_772_112 ( bmux_4072 ) 
           4 mux_filter_shift_seen_772_115 ( bmux_4073 ) 
           4 mux_filter_shift_seen_772_118 ( bmux_4074 ) 
           4 mux_filter_shift_seen_772_121 ( bmux_4075 ) 
           4 mux_filter_shift_seen_772_124 ( bmux_4076 ) 
           4 mux_filter_shift_seen_772_127 ( bmux_4077 ) 
           4 mux_filter_shift_seen_772_130 ( bmux_4078 ) 
           4 mux_filter_shift_seen_772_133 ( bmux_4079 ) 
           4 mux_filter_shift_seen_772_136 ( bmux_4080 ) 
           4 mux_filter_shift_seen_772_139 ( bmux_4081 ) 
           4 mux_filter_shift_seen_772_142 ( bmux_4082 ) 
           4 mux_filter_shift_seen_772_145 ( bmux_4083 ) 
           4 ctl_filter_push_slot_791_17 ( case_box_3595_3 ) 
           4 mux_filter_valid_q[15]_791_17 ( mux_53_2188 ) 
           4 mux_filter_valid_q[15]_790_30 ( bmux_4084 ) 
           4 mux_filter_valid_q[14]_791_17 ( mux_53_2189 ) 
           4 mux_filter_valid_q[14]_790_30 ( bmux_4086 ) 
           4 mux_filter_valid_q[13]_791_17 ( mux_53_2190 ) 
           4 mux_filter_valid_q[13]_790_30 ( bmux_4088 ) 
           4 mux_filter_valid_q[12]_791_17 ( mux_53_2191 ) 
           4 mux_filter_valid_q[12]_790_30 ( bmux_4090 ) 
           4 mux_filter_valid_q[11]_791_17 ( mux_53_2192 ) 
           4 mux_filter_valid_q[11]_790_30 ( bmux_4092 ) 
           4 mux_filter_valid_q[10]_791_17 ( mux_53_2193 ) 
           4 mux_filter_valid_q[10]_790_30 ( bmux_4094 ) 
           4 mux_filter_valid_q[9]_791_17 ( mux_53_2194 ) 
           4 mux_filter_valid_q[9]_790_30 ( bmux_4096 ) 
           4 mux_filter_valid_q[8]_791_17 ( mux_53_2195 ) 
           4 mux_filter_valid_q[8]_790_30 ( bmux_4098 ) 
           4 mux_filter_valid_q[7]_791_17 ( mux_53_2196 ) 
           4 mux_filter_valid_q[7]_790_30 ( bmux_4100 ) 
           4 mux_filter_valid_q[6]_791_17 ( mux_53_2197 ) 
           4 mux_filter_valid_q[6]_790_30 ( bmux_4102 ) 
           4 mux_filter_valid_q[5]_791_17 ( mux_53_2198 ) 
           4 mux_filter_valid_q[5]_790_30 ( bmux_4104 ) 
           4 mux_filter_valid_q[4]_791_17 ( mux_53_2199 ) 
           4 mux_filter_valid_q[4]_790_30 ( bmux_4106 ) 
           4 mux_filter_valid_q[3]_791_17 ( mux_53_2200 ) 
           4 mux_filter_valid_q[3]_790_30 ( bmux_4108 ) 
           4 mux_filter_valid_q[2]_791_17 ( mux_53_2201 ) 
           4 mux_filter_valid_q[2]_790_30 ( bmux_4110 ) 
           4 mux_filter_valid_q[1]_791_17 ( mux_53_2202 ) 
           4 mux_filter_valid_q[1]_790_30 ( bmux_4112 ) 
           4 mux_filter_valid_q[0]_791_17 ( mux_53_2203 ) 
           4 mux_filter_valid_q[0]_790_30 ( bmux_4114 ) 
           4 mux_filter_id_q[15]_793_17 ( mux_9479_48 ) 
           4 mux_filter_id_q[15]_790_30 ( bmux_1884_116 ) 
           4 mux_filter_id_q[14]_793_17 ( mux_9479_49 ) 
           4 mux_filter_id_q[14]_790_30 ( bmux_1884_118 ) 
           4 mux_filter_id_q[13]_793_17 ( mux_9479_50 ) 
           4 mux_filter_id_q[13]_790_30 ( bmux_1884_120 ) 
           4 mux_filter_id_q[12]_793_17 ( mux_9479_51 ) 
           4 mux_filter_id_q[12]_790_30 ( bmux_1884_122 ) 
           4 mux_filter_id_q[11]_793_17 ( mux_9479_52 ) 
           4 mux_filter_id_q[11]_790_30 ( bmux_1884_124 ) 
           4 mux_filter_id_q[10]_793_17 ( mux_9479_53 ) 
           4 mux_filter_id_q[10]_790_30 ( bmux_1884_126 ) 
           4 mux_filter_id_q[9]_793_17 ( mux_9479_54 ) 
           4 mux_filter_id_q[9]_790_30 ( bmux_1884_128 ) 
           4 mux_filter_id_q[8]_793_17 ( mux_9479_55 ) 
           4 mux_filter_id_q[8]_790_30 ( bmux_1884_130 ) 
           4 mux_filter_id_q[7]_793_17 ( mux_9479_56 ) 
           4 mux_filter_id_q[7]_790_30 ( bmux_1884_132 ) 
           4 mux_filter_id_q[6]_793_17 ( mux_9479_57 ) 
           4 mux_filter_id_q[6]_790_30 ( bmux_1884_134 ) 
           4 mux_filter_id_q[5]_793_17 ( mux_9479_58 ) 
           4 mux_filter_id_q[5]_790_30 ( bmux_1884_136 ) 
           4 mux_filter_id_q[4]_793_17 ( mux_9479_59 ) 
           4 mux_filter_id_q[4]_790_30 ( bmux_1884_138 ) 
           4 mux_filter_id_q[3]_793_17 ( mux_9479_60 ) 
           4 mux_filter_id_q[3]_790_30 ( bmux_1884_140 ) 
           4 mux_filter_id_q[2]_793_17 ( mux_9479_61 ) 
           4 mux_filter_id_q[2]_790_30 ( bmux_1884_142 ) 
           4 mux_filter_id_q[1]_793_17 ( mux_9479_62 ) 
           4 mux_filter_id_q[1]_790_30 ( bmux_1884_144 ) 
           4 mux_filter_id_q[0]_793_17 ( mux_9479_63 ) 
           4 mux_filter_id_q[0]_790_30 ( bmux_1884_146 ) 
           4 mux_filter_cross_q[15]_792_17 ( mux_53_2204 ) 
           4 mux_filter_cross_q[15]_790_30 ( bmux_4116 ) 
           4 mux_filter_cross_q[14]_792_17 ( mux_53_2205 ) 
           4 mux_filter_cross_q[14]_790_30 ( bmux_4118 ) 
           4 mux_filter_cross_q[13]_792_17 ( mux_53_2206 ) 
           4 mux_filter_cross_q[13]_790_30 ( bmux_4120 ) 
           4 mux_filter_cross_q[12]_792_17 ( mux_53_2207 ) 
           4 mux_filter_cross_q[12]_790_30 ( bmux_4122 ) 
           4 mux_filter_cross_q[11]_792_17 ( mux_53_2208 ) 
           4 mux_filter_cross_q[11]_790_30 ( bmux_4124 ) 
           4 mux_filter_cross_q[10]_792_17 ( mux_53_2209 ) 
           4 mux_filter_cross_q[10]_790_30 ( bmux_4126 ) 
           4 mux_filter_cross_q[9]_792_17 ( mux_53_2210 ) 
           4 mux_filter_cross_q[9]_790_30 ( bmux_4128 ) 
           4 mux_filter_cross_q[8]_792_17 ( mux_53_2211 ) 
           4 mux_filter_cross_q[8]_790_30 ( bmux_4130 ) 
           4 mux_filter_cross_q[7]_792_17 ( mux_53_2212 ) 
           4 mux_filter_cross_q[7]_790_30 ( bmux_4132 ) 
           4 mux_filter_cross_q[6]_792_17 ( mux_53_2213 ) 
           4 mux_filter_cross_q[6]_790_30 ( bmux_4134 ) 
           4 mux_filter_cross_q[5]_792_17 ( mux_53_2214 ) 
           4 mux_filter_cross_q[5]_790_30 ( bmux_4136 ) 
           4 mux_filter_cross_q[4]_792_17 ( mux_53_2215 ) 
           4 mux_filter_cross_q[4]_790_30 ( bmux_4139 ) 
           4 mux_filter_cross_q[3]_792_17 ( mux_53_2216 ) 
           4 mux_filter_cross_q[3]_790_30 ( bmux_4141 ) 
           4 mux_filter_cross_q[2]_792_17 ( mux_53_2217 ) 
           4 mux_filter_cross_q[2]_790_30 ( bmux_4143 ) 
           4 mux_filter_cross_q[1]_792_17 ( mux_53_2218 ) 
           4 mux_filter_cross_q[1]_790_30 ( bmux_4145 ) 
           4 mux_filter_cross_q[0]_792_17 ( mux_53_2219 ) 
           4 mux_filter_cross_q[0]_790_30 ( bmux_4148 ) 
     2 SA_GEN[4].genblk1.slave_arbitration ( ai_slave_arbitration_MST_AMT4_OUTSTANDING_AMT4_MST_WEIGHTx00000005000000040000000300000001_MST_ID_W2_DATA_WIDTH32_ADDR_WIDTH32_TRANS_MST_ID_W5_TRANS_SLV_ID_W7_TRANS_BURST_W2_TRANS_DATA_LEN_W8_TRANS_DATA_SIZE_W3_TRANS_WR_RESP_W2_SLV_ID4_SLV_ID_MSB_IDX31_SLV_ID_LSB_IDX29_W_FIFO_DEPTH32h00000002_AXI_SIDEBAND_EN0_AXI_LOCK_CONST0_AXI_CACHE_CONST3_AXI_QOS_CONST0_AXI_REGION_CONST0 ) 
        3 AW_channel ( sa_Ax_channel_MST_AMT4_OUTSTANDING_AMT4_MST_WEIGHTx00000005000000040000000300000001_MST_ID_W2_DATA_WIDTH32_ADDR_WIDTH32_TRANS_MST_ID_W5_DSP_ID_W5_TRANS_SLV_ID_W7_TRANS_BURST_W2_TRANS_DATA_LEN_W8_TRANS_DATA_SIZE_W3_SLV_ID4_SLV_ID_MSB_IDX31_SLV_ID_LSB_IDX29_AXI_SIDEBAND_EN0_AXI_LOCK_CONST0_AXI_CACHE_CONST3_AXI_QOS_CONST0_AXI_REGION_CONST0 ) 
           4 MST_FIFO[0].fifo_Ax_channel ( sync_fifo_FIFO_TYPE2_DATA_WIDTH53_FIFO_DEPTH4_32 ) 
              5 eq_38_38 ( equal_unsigned_162_191 ) 
              5 add_54_30 ( add_unsigned_5261_110 ) 
              5 eq_37_37 ( equal_unsigned_82_131 ) 
              5 add_39_37 ( add_unsigned_5261_111 ) 
              5 eq_39_45 ( equal_unsigned_82_132 ) 
              5 add_40_38 ( add_unsigned_1931_113 ) 
              5 eq_40_46 ( equal_unsigned_162_192 ) 
              5 sub_41_36 ( sub_unsigned_8778_50 ) 
              5 ctl_rd_addr_46_21 ( case_box_3368_32 ) 
              5 mux_mem[rd_addr]_46_21 ( mux_9009_32 ) 
              5 ctl_wr_addr_53_13 ( case_box_3369_32 ) 
           4 MST_FIFO[0].splitting_4kb_masker ( splitting_4kb_masker_ADDR_WIDTH32_LEN_WIDTH8_SIZE_WIDTH3_32 ) 
              5 g1 ( or_op_3372_32 ) 
              5 add_323_62 ( add_unsigned_9011_32 ) 
              5 add_313_58 ( add_unsigned_9015_32 ) 
              5 sub_320_83 ( sub_unsigned_5267_65 ) 
              5 add_294_29 ( add_unsigned_9019_32 ) 
              5 sub_319_33 ( sub_unsigned_9021_32 ) 
              5 mux_320_46 ( bmux_190_204 ) 
              5 mux_320_27 ( bmux_190_205 ) 
              5 mux_324_28 ( bmux_46_570 ) 
              5 mux_trans_size_sll[SIZE_i]_304_25 ( bmux_6548_23 ) 
              5 mux_trans_size_rem_srl[SIZE_i]_317_26 ( bmux_6549_23 ) 
           4 MST_FIFO[1].fifo_Ax_channel ( sync_fifo_FIFO_TYPE2_DATA_WIDTH53_FIFO_DEPTH4_33 ) 
              5 eq_38_38 ( equal_unsigned_162_193 ) 
              5 add_54_30 ( add_unsigned_5261_112 ) 
              5 eq_37_37 ( equal_unsigned_82_133 ) 
              5 add_39_37 ( add_unsigned_5261_113 ) 
              5 eq_39_45 ( equal_unsigned_82_134 ) 
              5 add_40_38 ( add_unsigned_1931_114 ) 
              5 eq_40_46 ( equal_unsigned_162_194 ) 
              5 sub_41_36 ( sub_unsigned_8778_51 ) 
              5 ctl_rd_addr_46_21 ( case_box_3368_33 ) 
              5 mux_mem[rd_addr]_46_21 ( mux_9009_33 ) 
              5 ctl_wr_addr_53_13 ( case_box_3369_33 ) 
           4 MST_FIFO[1].splitting_4kb_masker ( splitting_4kb_masker_ADDR_WIDTH32_LEN_WIDTH8_SIZE_WIDTH3_33 ) 
              5 g1 ( or_op_3372_33 ) 
              5 add_323_62 ( add_unsigned_9011_33 ) 
              5 add_313_58 ( add_unsigned_9015_33 ) 
              5 sub_320_83 ( sub_unsigned_5267_66 ) 
              5 add_294_29 ( add_unsigned_9019_33 ) 
              5 sub_319_33 ( sub_unsigned_9021_33 ) 
              5 mux_320_46 ( bmux_190_206 ) 
              5 mux_320_27 ( bmux_190_207 ) 
              5 mux_324_28 ( bmux_46_571 ) 
              5 mux_trans_size_sll[SIZE_i]_304_25 ( bmux_6548_22 ) 
              5 mux_trans_size_rem_srl[SIZE_i]_317_26 ( bmux_6549_22 ) 
           4 MST_FIFO[2].fifo_Ax_channel ( sync_fifo_FIFO_TYPE2_DATA_WIDTH53_FIFO_DEPTH4_34 ) 
              5 eq_38_38 ( equal_unsigned_162_195 ) 
              5 add_54_30 ( add_unsigned_5261_114 ) 
              5 eq_37_37 ( equal_unsigned_82_135 ) 
              5 add_39_37 ( add_unsigned_5261_115 ) 
              5 eq_39_45 ( equal_unsigned_82_136 ) 
              5 add_40_38 ( add_unsigned_1931_115 ) 
              5 eq_40_46 ( equal_unsigned_162_196 ) 
              5 sub_41_36 ( sub_unsigned_8778_52 ) 
              5 ctl_rd_addr_46_21 ( case_box_3368_34 ) 
              5 mux_mem[rd_addr]_46_21 ( mux_9009_34 ) 
              5 ctl_wr_addr_53_13 ( case_box_3369_34 ) 
           4 MST_FIFO[2].splitting_4kb_masker ( splitting_4kb_masker_ADDR_WIDTH32_LEN_WIDTH8_SIZE_WIDTH3_34 ) 
              5 g1 ( or_op_3372_34 ) 
              5 add_323_62 ( add_unsigned_9011_34 ) 
              5 add_313_58 ( add_unsigned_9015_34 ) 
              5 sub_320_83 ( sub_unsigned_5267_67 ) 
              5 add_294_29 ( add_unsigned_9019_34 ) 
              5 sub_319_33 ( sub_unsigned_9021_34 ) 
              5 mux_320_46 ( bmux_190_208 ) 
              5 mux_320_27 ( bmux_190_209 ) 
              5 mux_324_28 ( bmux_46_572 ) 
              5 mux_trans_size_sll[SIZE_i]_304_25 ( bmux_6548_21 ) 
              5 mux_trans_size_rem_srl[SIZE_i]_317_26 ( bmux_6549_21 ) 
           4 MST_FIFO[3].fifo_Ax_channel ( sync_fifo_FIFO_TYPE2_DATA_WIDTH53_FIFO_DEPTH4_35 ) 
              5 eq_38_38 ( equal_unsigned_162_197 ) 
              5 add_54_30 ( add_unsigned_5261_116 ) 
              5 eq_37_37 ( equal_unsigned_82_137 ) 
              5 add_39_37 ( add_unsigned_5261_117 ) 
              5 eq_39_45 ( equal_unsigned_82_138 ) 
              5 add_40_38 ( add_unsigned_1931_116 ) 
              5 eq_40_46 ( equal_unsigned_162_198 ) 
              5 sub_41_36 ( sub_unsigned_8778_53 ) 
              5 ctl_rd_addr_46_21 ( case_box_3368_35 ) 
              5 mux_mem[rd_addr]_46_21 ( mux_9009_35 ) 
              5 ctl_wr_addr_53_13 ( case_box_3369_35 ) 
           4 MST_FIFO[3].splitting_4kb_masker ( splitting_4kb_masker_ADDR_WIDTH32_LEN_WIDTH8_SIZE_WIDTH3_35 ) 
              5 g1 ( or_op_3372_35 ) 
              5 add_323_62 ( add_unsigned_9011_35 ) 
              5 add_313_58 ( add_unsigned_9015_35 ) 
              5 sub_320_83 ( sub_unsigned_5267_68 ) 
              5 add_294_29 ( add_unsigned_9019_35 ) 
              5 sub_319_33 ( sub_unsigned_9021_35 ) 
              5 mux_320_46 ( bmux_190_210 ) 
              5 mux_320_27 ( bmux_190_211 ) 
              5 mux_324_28 ( bmux_46_573 ) 
              5 mux_trans_size_sll[SIZE_i]_304_25 ( bmux_6548_20 ) 
              5 mux_trans_size_rem_srl[SIZE_i]_317_26 ( bmux_6549_20 ) 
           4 arbiter ( arbiter_iwrr_1cycle_P_REQUESTER_NUM4_P_REQUESTER_WEIGHTx00000005000000040000000300000001_P_NUM_GRANT_REQ_W1_8 ) 
              5 mux_req_i_55_21 ( mux_83_87 ) 
              5 decode_gint ( Decoder_2_3_0_8 ) 
              5 mux_grant_candidate_56_21 ( bmux_4150 ) 
              5 mux_grant_candidate_56_2 ( bmux_4151 ) 
              5 mux_grant_candidate_56_3 ( bmux_4152 ) 
              5 mux_grant_candidate_56_4 ( bmux_4153 ) 
              5 mux_req_i_55_6 ( mux_83_88 ) 
              5 decode_gint7 ( Decoder_2_3_0_3380_8 ) 
              5 mux_grant_candidate_56_10 ( bmux_4154 ) 
              5 mux_grant_candidate_56_11 ( bmux_4155 ) 
              5 mux_grant_candidate_56_12 ( bmux_4156 ) 
              5 mux_grant_candidate_56_13 ( bmux_4157 ) 
              5 mux_req_i_55_15 ( mux_83_89 ) 
              5 decode_gint16 ( Decoder_2_3_0_3388_8 ) 
              5 mux_grant_candidate_56_19 ( bmux_4158 ) 
              5 mux_grant_candidate_56_20 ( bmux_4159 ) 
              5 mux_grant_candidate_56_22 ( bmux_4160 ) 
              5 mux_grant_candidate_56_23 ( bmux_4161 ) 
              5 mux_req_i_55_25 ( mux_83_90 ) 
              5 decode_gint26 ( Decoder_2_3_0_3396_8 ) 
              5 mux_grant_candidate_56_29 ( bmux_4162 ) 
              5 mux_grant_candidate_56_30 ( bmux_4163 ) 
              5 mux_grant_candidate_56_31 ( bmux_4164 ) 
              5 mux_grant_candidate_56_32 ( bmux_4165 ) 
              5 mux_grant_candidate_69_25 ( bmux_4166 ) 
              5 mux_grant_candidate_69_35 ( bmux_4167 ) 
              5 mux_grant_candidate_69_36 ( bmux_4168 ) 
              5 mux_grant_candidate_69_37 ( bmux_4169 ) 
              5 mux_grant_candidate_69_42 ( bmux_4170 ) 
              5 mux_grant_candidate_69_43 ( bmux_4171 ) 
              5 mux_grant_candidate_69_44 ( bmux_4172 ) 
              5 mux_grant_candidate_69_45 ( bmux_4173 ) 
              5 mux_grant_candidate_69_50 ( bmux_4174 ) 
              5 mux_grant_candidate_69_51 ( bmux_4175 ) 
              5 mux_grant_candidate_69_52 ( bmux_4176 ) 
              5 mux_grant_candidate_69_53 ( bmux_4177 ) 
              5 mux_grant_candidate_69_58 ( bmux_4178 ) 
              5 mux_grant_candidate_69_59 ( bmux_4179 ) 
              5 mux_grant_candidate_69_60 ( bmux_4180 ) 
              5 mux_grant_candidate_69_61 ( bmux_4181 ) 
              5 g62 ( or_op_3429_8 ) 
              5 g63 ( or_op_3430_8 ) 
              5 g65 ( and_op_3431_8 ) 
              5 g66 ( or_op_3432_8 ) 
              5 add_53_50_I1 ( add_unsigned_9068_16 ) 
              5 gt_55_64_I1 ( gt_unsigned_9074_64 ) 
              5 add00416395 ( add_unsigned_9076_32 ) 
              5 gt_55_64_I2 ( gt_unsigned_9074_65 ) 
              5 add00416485 ( add_unsigned_9076_33 ) 
              5 gt_55_64_I3 ( gt_unsigned_9074_66 ) 
              5 add00416575 ( add_unsigned_9092_16 ) 
              5 gt_55_64_I4 ( gt_unsigned_9074_67 ) 
              5 lte_87_49_I1 ( leq_unsigned_32 ) 
              5 lte_87_49_I2 ( leq_unsigned_33 ) 
              5 lte_87_49_I3 ( leq_unsigned_34 ) 
              5 lte_87_49_I4 ( leq_unsigned_35 ) 
              5 gt_107_58_I4 ( gt_unsigned_9074_68 ) 
              5 sub_108_48_I4 ( sub_unsigned_5267_69 ) 
              5 gt_107_58_I3 ( gt_unsigned_9074_69 ) 
              5 sub_108_48_I3 ( sub_unsigned_5267_70 ) 
              5 gt_107_58_I2 ( gt_unsigned_9074_70 ) 
              5 sub_108_48_I2 ( sub_unsigned_5267_71 ) 
              5 gt_107_58_I1 ( gt_unsigned_9074_71 ) 
              5 sub_108_48_I1 ( sub_unsigned_5267_72 ) 
              5 mux_credit[1]_101_17 ( bmux_190_212 ) 
              5 ctl_idx_wrapped_55_44 ( case_box_3446_8 ) 
              5 mux_credit[idx_wrapped]_55_44 ( mux_9150_44 ) 
              5 mux_found_55_40 ( bmux_4182 ) 
              5 ctl_idx_wrapped_55_93 ( case_box_3447_8 ) 
              5 mux_credit[idx_wrapped]_55_94 ( mux_9150_45 ) 
              5 mux_found_52_17 ( bmux_4183 ) 
              5 ctl_idx_wrapped_55_98 ( case_box_3450_8 ) 
              5 mux_credit[idx_wrapped]_55_99 ( mux_9150_46 ) 
              5 mux_found_52_101 ( bmux_4184 ) 
              5 ctl_idx_wrapped_55_104 ( case_box_3453_8 ) 
              5 mux_credit[idx_wrapped]_55_105 ( mux_9150_47 ) 
              5 mux_found_52_107 ( bmux_4185 ) 
              5 mux_found_68_25 ( bmux_4186 ) 
              5 mux_found_65_21 ( bmux_4187 ) 
              5 mux_found_65_117 ( bmux_4188 ) 
              5 mux_grant_candidate_55_40 ( bmux_108_188 ) 
              5 mux_grant_candidate_55_126 ( bmux_108_189 ) 
              5 mux_grant_candidate_52_17 ( bmux_108_190 ) 
              5 mux_grant_candidate_55_127 ( bmux_108_191 ) 
              5 mux_grant_candidate_52_128 ( bmux_108_192 ) 
              5 mux_grant_candidate_55_129 ( bmux_108_193 ) 
              5 mux_grant_candidate_52_130 ( bmux_108_194 ) 
              5 mux_grant_candidate_68_25 ( bmux_108_195 ) 
              5 mux_grant_candidate_68_131 ( bmux_108_196 ) 
              5 mux_grant_candidate_65_21 ( bmux_108_197 ) 
              5 mux_grant_candidate_68_132 ( bmux_108_198 ) 
              5 mux_grant_candidate_65_133 ( bmux_108_199 ) 
              5 mux_grant_candidate_68_134 ( bmux_108_200 ) 
              5 mux_grant_candidate_65_135 ( bmux_108_201 ) 
              5 mux_grant_candidate_63_13 ( bmux_108_202 ) 
              5 mux_77_29 ( bmux_108_203 ) 
              5 mux_credit[0]_101_17 ( bmux_190_213 ) 
              5 ctl_grant_candidate_88_17 ( case_box_3456_8 ) 
              5 mux_grant_idx_88_17 ( mux_93_18 ) 
              5 mux_credit[2]_101_17 ( bmux_190_215 ) 
              5 mux_credit[3]_101_17 ( bmux_190_217 ) 
           4 master_id_encoder ( onehot_encoder_INPUT_W4_OUTPUT_W2_8 ) 
              5 ctl_i_248_17 ( case_box_3460_8 ) 
              5 mux_encoded_248_17 ( mux_93_19 ) 
           4 slv_skid_buffer ( skid_buffer_SBUF_TYPE3_DATA_WIDTH68_8 ) 
           4 g55 ( or_op_3722 ) 
           4 ctl_granted_mst_id_467_27 ( case_box_3736 ) 
           4 mux_AxPROT_valid[granted_mst_id]_467_27 ( mux_9192_16 ) 
           4 mux_AxLEN_valid_split[granted_mst_id]_463_26 ( mux_9150_48 ) 
           4 mux_AxBURST_valid[granted_mst_id]_462_28 ( mux_1233_10 ) 
           4 mux_AxADDR_valid_split[granted_mst_id]_461_27 ( mux_2030_17 ) 
           4 mux_AxID_valid[granted_mst_id]_458_50 ( mux_9202_8 ) 
           4 mux_msk_addr_crossing_valid[granted_mst_id]_549_44 ( mux_83_95 ) 
           4 mux_AxSIZE_valid[granted_mst_id]_464_27 ( mux_9192_17 ) 
        3 W_channel ( sa_W_channel_MST_AMT4_OUTSTANDING_AMT4_MST_ID_W2_DATA_WIDTH32_ADDR_WIDTH32_TRANS_DATA_LEN_W8_W_FIFO_DEPTH32h00000002_2 ) 
           4 fifo_wdata_order ( sync_fifo_FIFO_TYPE0_DATA_WIDTH10_FIFO_DEPTH4_4 ) 
              5 eq_38_38 ( equal_unsigned_162_199 ) 
              5 add_54_30 ( add_unsigned_5261_118 ) 
              5 eq_37_37 ( equal_unsigned_82_139 ) 
              5 add_39_37 ( add_unsigned_5261_119 ) 
              5 eq_39_45 ( equal_unsigned_82_140 ) 
              5 add_40_38 ( add_unsigned_1931_117 ) 
              5 eq_40_46 ( equal_unsigned_162_200 ) 
              5 sub_41_36 ( sub_unsigned_8778_54 ) 
              5 ctl_rd_addr_46_21 ( case_box_3500_4 ) 
              5 mux_mem[rd_addr]_46_21 ( mux_9232_4 ) 
              5 ctl_wr_addr_53_13 ( case_box_3501_4 ) 
           4 slv_skid_buffer ( skid_buffer_SBUF_TYPE3_DATA_WIDTH37_4 ) 
           4 MST_W_FIFO[0].fifo_wdata ( sync_fifo_FIFO_TYPE0_DATA_WIDTH36_FIFO_DEPTH32h00000002_8 ) 
              5 add_54_30 ( add_unsigned_1931_118 ) 
              5 eq_37_37 ( equal_unsigned_162_201 ) 
              5 add_39_37 ( add_unsigned_1931_119 ) 
              5 eq_39_45 ( equal_unsigned_162_202 ) 
              5 add_40_38 ( add_unsigned_2076_17 ) 
              5 sub_41_36 ( sub_unsigned_8961_15 ) 
              5 ctl_rd_addr_46_21 ( case_box_3507_8 ) 
              5 mux_mem[rd_addr]_46_21 ( mux_9254_8 ) 
              5 ctl_wr_addr_53_13 ( case_box_3508_8 ) 
           4 MST_W_FIFO[1].fifo_wdata ( sync_fifo_FIFO_TYPE0_DATA_WIDTH36_FIFO_DEPTH32h00000002_9 ) 
              5 add_54_30 ( add_unsigned_1931_120 ) 
              5 eq_37_37 ( equal_unsigned_162_203 ) 
              5 add_39_37 ( add_unsigned_1931_121 ) 
              5 eq_39_45 ( equal_unsigned_162_204 ) 
              5 add_40_38 ( add_unsigned_2076_18 ) 
              5 sub_41_36 ( sub_unsigned_8961_16 ) 
              5 ctl_rd_addr_46_21 ( case_box_3507_9 ) 
              5 mux_mem[rd_addr]_46_21 ( mux_9254_9 ) 
              5 ctl_wr_addr_53_13 ( case_box_3508_9 ) 
           4 MST_W_FIFO[2].fifo_wdata ( sync_fifo_FIFO_TYPE0_DATA_WIDTH36_FIFO_DEPTH32h00000002_10 ) 
              5 add_54_30 ( add_unsigned_1931_122 ) 
              5 eq_37_37 ( equal_unsigned_162_205 ) 
              5 add_39_37 ( add_unsigned_1931_123 ) 
              5 eq_39_45 ( equal_unsigned_162_206 ) 
              5 add_40_38 ( add_unsigned_2076_19 ) 
              5 sub_41_36 ( sub_unsigned_8961_17 ) 
              5 ctl_rd_addr_46_21 ( case_box_3507_10 ) 
              5 mux_mem[rd_addr]_46_21 ( mux_9254_10 ) 
              5 ctl_wr_addr_53_13 ( case_box_3508_10 ) 
           4 MST_W_FIFO[3].fifo_wdata ( sync_fifo_FIFO_TYPE0_DATA_WIDTH36_FIFO_DEPTH32h00000002_11 ) 
              5 add_54_30 ( add_unsigned_1931_124 ) 
              5 eq_37_37 ( equal_unsigned_162_207 ) 
              5 add_39_37 ( add_unsigned_1931_125 ) 
              5 eq_39_45 ( equal_unsigned_162_208 ) 
              5 add_40_38 ( add_unsigned_2076_20 ) 
              5 sub_41_36 ( sub_unsigned_8961_18 ) 
              5 ctl_rd_addr_46_21 ( case_box_3507_11 ) 
              5 mux_mem[rd_addr]_46_21 ( mux_9254_11 ) 
              5 ctl_wr_addr_53_13 ( case_box_3508_11 ) 
           4 eq_1041_55 ( equal_unsigned_8797_6 ) 
           4 eq_1023_67_I1 ( equal_unsigned_255_55 ) 
           4 eq_1023_67_I2 ( equal_unsigned_255_56 ) 
           4 eq_1023_67_I3 ( equal_unsigned_162_209 ) 
           4 eq_1023_67_I4 ( equal_unsigned_162_210 ) 
           4 add_1040_54 ( add_unsigned_8799_6 ) 
           4 mux_1041_55 ( bmux_190_222 ) 
           4 ctl_Ax_mst_id_valid_1037_40 ( case_box_3512_2 ) 
           4 mux_fifo_wdata_empt[Ax_mst_id_valid]_1037_40 ( mux_83_96 ) 
           4 mux_dsp_WSTRB_valid[Ax_mst_id_valid]_1049_39 ( mux_86_6 ) 
           4 mux_dsp_WDATA_valid[Ax_mst_id_valid]_1050_39 ( mux_2030_18 ) 
        3 B_channel ( sa_B_channel_MST_AMT4_OUTSTANDING_AMT4_MST_ID_W2_TRANS_MST_ID_W5_TRANS_SLV_ID_W7_TRANS_WR_RESP_W2_4 ) 
           4 fifo_wresp_filter ( sync_fifo_FIFO_TYPE0_DATA_WIDTH8_FIFO_DEPTH4_4 ) 
              5 eq_38_38 ( equal_unsigned_162_211 ) 
              5 add_54_30 ( add_unsigned_5261_120 ) 
              5 eq_37_37 ( equal_unsigned_82_141 ) 
              5 add_39_37 ( add_unsigned_5261_121 ) 
              5 eq_39_45 ( equal_unsigned_82_142 ) 
              5 add_40_38 ( add_unsigned_1931_126 ) 
              5 eq_40_46 ( equal_unsigned_162_212 ) 
              5 sub_41_36 ( sub_unsigned_8778_55 ) 
              5 ctl_rd_addr_46_21 ( case_box_3524_4 ) 
              5 mux_mem[rd_addr]_46_21 ( mux_9150_49 ) 
              5 ctl_wr_addr_53_13 ( case_box_3525_4 ) 
           4 slv_skid_buffer ( skid_buffer_SBUF_TYPE1_DATA_WIDTH9_4 ) 
              5 add_132_42 ( add_unsigned_1931_127 ) 
              5 eq_116_34 ( equal_unsigned_162_213 ) 
              5 add_135_42 ( add_unsigned_1931_128 ) 
              5 ctl_BWD_REGISTERED.rd_ptr_123_34 ( case_box_3531_4 ) 
              5 mux_BWD_REGISTERED.mem[BWD_REGISTERED.rd_ptr]_123_34 ( mux_9309_4 ) 
              5 ctl_BWD_REGISTERED.wr_ptr_131_25 ( case_box_3532_4 ) 
           4 mux_dsp_BREADY_i_1221_31 ( mux_83_97 ) 
           4 decode_gint ( Decoder_2_3_0_3537_4 ) 
           4 eq_1210_44 ( equal_unsigned_119_72 ) 
           4 eq_1224_52_I1 ( equal_unsigned_255_57 ) 
           4 eq_1224_52_I2 ( equal_unsigned_255_58 ) 
           4 eq_1224_52_I3 ( equal_unsigned_162_214 ) 
           4 eq_1224_52_I4 ( equal_unsigned_162_215 ) 
        3 AR_channel ( sa_Ax_channel_MST_AMT4_OUTSTANDING_AMT4_MST_WEIGHTx00000005000000040000000300000001_MST_ID_W2_DATA_WIDTH32_ADDR_WIDTH32_TRANS_MST_ID_W5_DSP_ID_W5_TRANS_SLV_ID_W7_TRANS_BURST_W2_TRANS_DATA_LEN_W8_TRANS_DATA_SIZE_W3_SLV_ID4_SLV_ID_MSB_IDX31_SLV_ID_LSB_IDX29_AXI_SIDEBAND_EN0_AXI_LOCK_CONST0_AXI_CACHE_CONST3_AXI_QOS_CONST0_AXI_REGION_CONST0_1 ) 
           4 MST_FIFO[0].fifo_Ax_channel ( sync_fifo_FIFO_TYPE2_DATA_WIDTH53_FIFO_DEPTH4_36 ) 
              5 eq_38_38 ( equal_unsigned_162_216 ) 
              5 add_54_30 ( add_unsigned_5261_122 ) 
              5 eq_37_37 ( equal_unsigned_82_143 ) 
              5 add_39_37 ( add_unsigned_5261_123 ) 
              5 eq_39_45 ( equal_unsigned_82_144 ) 
              5 add_40_38 ( add_unsigned_1931_129 ) 
              5 eq_40_46 ( equal_unsigned_162_217 ) 
              5 sub_41_36 ( sub_unsigned_8778_56 ) 
              5 ctl_rd_addr_46_21 ( case_box_3368_36 ) 
              5 mux_mem[rd_addr]_46_21 ( mux_9009_36 ) 
              5 ctl_wr_addr_53_13 ( case_box_3369_36 ) 
           4 MST_FIFO[0].splitting_4kb_masker ( splitting_4kb_masker_ADDR_WIDTH32_LEN_WIDTH8_SIZE_WIDTH3_36 ) 
              5 g1 ( or_op_3372_36 ) 
              5 add_323_62 ( add_unsigned_9011_36 ) 
              5 add_313_58 ( add_unsigned_9015_36 ) 
              5 sub_320_83 ( sub_unsigned_5267_73 ) 
              5 add_294_29 ( add_unsigned_9019_36 ) 
              5 sub_319_33 ( sub_unsigned_9021_36 ) 
              5 mux_320_46 ( bmux_190_224 ) 
              5 mux_320_27 ( bmux_190_225 ) 
              5 mux_324_28 ( bmux_46_576 ) 
              5 mux_trans_size_sll[SIZE_i]_304_25 ( bmux_6548_19 ) 
              5 mux_trans_size_rem_srl[SIZE_i]_317_26 ( bmux_6549_19 ) 
           4 MST_FIFO[1].fifo_Ax_channel ( sync_fifo_FIFO_TYPE2_DATA_WIDTH53_FIFO_DEPTH4_37 ) 
              5 eq_38_38 ( equal_unsigned_162_218 ) 
              5 add_54_30 ( add_unsigned_5261_124 ) 
              5 eq_37_37 ( equal_unsigned_82_145 ) 
              5 add_39_37 ( add_unsigned_5261_125 ) 
              5 eq_39_45 ( equal_unsigned_82_146 ) 
              5 add_40_38 ( add_unsigned_1931_130 ) 
              5 eq_40_46 ( equal_unsigned_162_219 ) 
              5 sub_41_36 ( sub_unsigned_8778_57 ) 
              5 ctl_rd_addr_46_21 ( case_box_3368_37 ) 
              5 mux_mem[rd_addr]_46_21 ( mux_9009_37 ) 
              5 ctl_wr_addr_53_13 ( case_box_3369_37 ) 
           4 MST_FIFO[1].splitting_4kb_masker ( splitting_4kb_masker_ADDR_WIDTH32_LEN_WIDTH8_SIZE_WIDTH3_37 ) 
              5 g1 ( or_op_3372_37 ) 
              5 add_323_62 ( add_unsigned_9011_37 ) 
              5 add_313_58 ( add_unsigned_9015_37 ) 
              5 sub_320_83 ( sub_unsigned_5267_74 ) 
              5 add_294_29 ( add_unsigned_9019_37 ) 
              5 sub_319_33 ( sub_unsigned_9021_37 ) 
              5 mux_320_46 ( bmux_190_226 ) 
              5 mux_320_27 ( bmux_190_227 ) 
              5 mux_324_28 ( bmux_46_577 ) 
              5 mux_trans_size_sll[SIZE_i]_304_25 ( bmux_6548_18 ) 
              5 mux_trans_size_rem_srl[SIZE_i]_317_26 ( bmux_6549_18 ) 
           4 MST_FIFO[2].fifo_Ax_channel ( sync_fifo_FIFO_TYPE2_DATA_WIDTH53_FIFO_DEPTH4_38 ) 
              5 eq_38_38 ( equal_unsigned_162_220 ) 
              5 add_54_30 ( add_unsigned_5261_126 ) 
              5 eq_37_37 ( equal_unsigned_82_147 ) 
              5 add_39_37 ( add_unsigned_5261_127 ) 
              5 eq_39_45 ( equal_unsigned_82_148 ) 
              5 add_40_38 ( add_unsigned_1931_131 ) 
              5 eq_40_46 ( equal_unsigned_162_221 ) 
              5 sub_41_36 ( sub_unsigned_8778_58 ) 
              5 ctl_rd_addr_46_21 ( case_box_3368_38 ) 
              5 mux_mem[rd_addr]_46_21 ( mux_9009_38 ) 
              5 ctl_wr_addr_53_13 ( case_box_3369_38 ) 
           4 MST_FIFO[2].splitting_4kb_masker ( splitting_4kb_masker_ADDR_WIDTH32_LEN_WIDTH8_SIZE_WIDTH3_38 ) 
              5 g1 ( or_op_3372_38 ) 
              5 add_323_62 ( add_unsigned_9011_38 ) 
              5 add_313_58 ( add_unsigned_9015_38 ) 
              5 sub_320_83 ( sub_unsigned_5267_75 ) 
              5 add_294_29 ( add_unsigned_9019_38 ) 
              5 sub_319_33 ( sub_unsigned_9021_38 ) 
              5 mux_320_46 ( bmux_190_228 ) 
              5 mux_320_27 ( bmux_190_229 ) 
              5 mux_324_28 ( bmux_46_578 ) 
              5 mux_trans_size_sll[SIZE_i]_304_25 ( bmux_6548_17 ) 
              5 mux_trans_size_rem_srl[SIZE_i]_317_26 ( bmux_6549_17 ) 
           4 MST_FIFO[3].fifo_Ax_channel ( sync_fifo_FIFO_TYPE2_DATA_WIDTH53_FIFO_DEPTH4_39 ) 
              5 eq_38_38 ( equal_unsigned_162_222 ) 
              5 add_54_30 ( add_unsigned_5261_128 ) 
              5 eq_37_37 ( equal_unsigned_82_149 ) 
              5 add_39_37 ( add_unsigned_5261_129 ) 
              5 eq_39_45 ( equal_unsigned_82_150 ) 
              5 add_40_38 ( add_unsigned_1931_132 ) 
              5 eq_40_46 ( equal_unsigned_162_223 ) 
              5 sub_41_36 ( sub_unsigned_8778_59 ) 
              5 ctl_rd_addr_46_21 ( case_box_3368_39 ) 
              5 mux_mem[rd_addr]_46_21 ( mux_9009_39 ) 
              5 ctl_wr_addr_53_13 ( case_box_3369_39 ) 
           4 MST_FIFO[3].splitting_4kb_masker ( splitting_4kb_masker_ADDR_WIDTH32_LEN_WIDTH8_SIZE_WIDTH3_39 ) 
              5 g1 ( or_op_3372_39 ) 
              5 add_323_62 ( add_unsigned_9011_39 ) 
              5 add_313_58 ( add_unsigned_9015_39 ) 
              5 sub_320_83 ( sub_unsigned_5267_76 ) 
              5 add_294_29 ( add_unsigned_9019_39 ) 
              5 sub_319_33 ( sub_unsigned_9021_39 ) 
              5 mux_320_46 ( bmux_190_230 ) 
              5 mux_320_27 ( bmux_190_231 ) 
              5 mux_324_28 ( bmux_46_579 ) 
              5 mux_trans_size_sll[SIZE_i]_304_25 ( bmux_6548_16 ) 
              5 mux_trans_size_rem_srl[SIZE_i]_317_26 ( bmux_6549_16 ) 
           4 arbiter ( arbiter_iwrr_1cycle_P_REQUESTER_NUM4_P_REQUESTER_WEIGHTx00000005000000040000000300000001_P_NUM_GRANT_REQ_W1_9 ) 
              5 mux_req_i_55_21 ( mux_83_98 ) 
              5 decode_gint ( Decoder_2_3_0_9 ) 
              5 mux_grant_candidate_56_21 ( bmux_4200 ) 
              5 mux_grant_candidate_56_2 ( bmux_4201 ) 
              5 mux_grant_candidate_56_3 ( bmux_4202 ) 
              5 mux_grant_candidate_56_4 ( bmux_4203 ) 
              5 mux_req_i_55_6 ( mux_83_99 ) 
              5 decode_gint7 ( Decoder_2_3_0_3380_9 ) 
              5 mux_grant_candidate_56_10 ( bmux_4204 ) 
              5 mux_grant_candidate_56_11 ( bmux_4205 ) 
              5 mux_grant_candidate_56_12 ( bmux_4206 ) 
              5 mux_grant_candidate_56_13 ( bmux_4207 ) 
              5 mux_req_i_55_15 ( mux_83_100 ) 
              5 decode_gint16 ( Decoder_2_3_0_3388_9 ) 
              5 mux_grant_candidate_56_19 ( bmux_4208 ) 
              5 mux_grant_candidate_56_20 ( bmux_4209 ) 
              5 mux_grant_candidate_56_22 ( bmux_4210 ) 
              5 mux_grant_candidate_56_23 ( bmux_4211 ) 
              5 mux_req_i_55_25 ( mux_83_101 ) 
              5 decode_gint26 ( Decoder_2_3_0_3396_9 ) 
              5 mux_grant_candidate_56_29 ( bmux_4212 ) 
              5 mux_grant_candidate_56_30 ( bmux_4213 ) 
              5 mux_grant_candidate_56_31 ( bmux_4214 ) 
              5 mux_grant_candidate_56_32 ( bmux_4215 ) 
              5 mux_grant_candidate_69_25 ( bmux_4216 ) 
              5 mux_grant_candidate_69_35 ( bmux_4217 ) 
              5 mux_grant_candidate_69_36 ( bmux_4218 ) 
              5 mux_grant_candidate_69_37 ( bmux_4219 ) 
              5 mux_grant_candidate_69_42 ( bmux_4220 ) 
              5 mux_grant_candidate_69_43 ( bmux_4221 ) 
              5 mux_grant_candidate_69_44 ( bmux_4222 ) 
              5 mux_grant_candidate_69_45 ( bmux_4223 ) 
              5 mux_grant_candidate_69_50 ( bmux_4224 ) 
              5 mux_grant_candidate_69_51 ( bmux_4225 ) 
              5 mux_grant_candidate_69_52 ( bmux_4226 ) 
              5 mux_grant_candidate_69_53 ( bmux_4227 ) 
              5 mux_grant_candidate_69_58 ( bmux_4228 ) 
              5 mux_grant_candidate_69_59 ( bmux_4229 ) 
              5 mux_grant_candidate_69_60 ( bmux_4230 ) 
              5 mux_grant_candidate_69_61 ( bmux_4231 ) 
              5 g62 ( or_op_3429_9 ) 
              5 g63 ( or_op_3430_9 ) 
              5 g65 ( and_op_3431_9 ) 
              5 g66 ( or_op_3432_9 ) 
              5 add_53_50_I1 ( add_unsigned_9068_18 ) 
              5 gt_55_64_I1 ( gt_unsigned_9074_72 ) 
              5 add00416395 ( add_unsigned_9076_36 ) 
              5 gt_55_64_I2 ( gt_unsigned_9074_73 ) 
              5 add00416485 ( add_unsigned_9076_37 ) 
              5 gt_55_64_I3 ( gt_unsigned_9074_74 ) 
              5 add00416575 ( add_unsigned_9092_18 ) 
              5 gt_55_64_I4 ( gt_unsigned_9074_75 ) 
              5 lte_87_49_I1 ( leq_unsigned_36 ) 
              5 lte_87_49_I2 ( leq_unsigned_37 ) 
              5 lte_87_49_I3 ( leq_unsigned_38 ) 
              5 lte_87_49_I4 ( leq_unsigned_39 ) 
              5 gt_107_58_I4 ( gt_unsigned_9074_76 ) 
              5 sub_108_48_I4 ( sub_unsigned_5267_77 ) 
              5 gt_107_58_I3 ( gt_unsigned_9074_77 ) 
              5 sub_108_48_I3 ( sub_unsigned_5267_78 ) 
              5 gt_107_58_I2 ( gt_unsigned_9074_78 ) 
              5 sub_108_48_I2 ( sub_unsigned_5267_79 ) 
              5 gt_107_58_I1 ( gt_unsigned_9074_79 ) 
              5 sub_108_48_I1 ( sub_unsigned_5267_80 ) 
              5 mux_credit[1]_101_17 ( bmux_190_232 ) 
              5 ctl_idx_wrapped_55_44 ( case_box_3446_9 ) 
              5 mux_credit[idx_wrapped]_55_44 ( mux_9150_50 ) 
              5 mux_found_55_40 ( bmux_4232 ) 
              5 ctl_idx_wrapped_55_93 ( case_box_3447_9 ) 
              5 mux_credit[idx_wrapped]_55_94 ( mux_9150_51 ) 
              5 mux_found_52_17 ( bmux_4233 ) 
              5 ctl_idx_wrapped_55_98 ( case_box_3450_9 ) 
              5 mux_credit[idx_wrapped]_55_99 ( mux_9150_52 ) 
              5 mux_found_52_101 ( bmux_4234 ) 
              5 ctl_idx_wrapped_55_104 ( case_box_3453_9 ) 
              5 mux_credit[idx_wrapped]_55_105 ( mux_9150_53 ) 
              5 mux_found_52_107 ( bmux_4235 ) 
              5 mux_found_68_25 ( bmux_4236 ) 
              5 mux_found_65_21 ( bmux_4237 ) 
              5 mux_found_65_117 ( bmux_4238 ) 
              5 mux_grant_candidate_55_40 ( bmux_108_205 ) 
              5 mux_grant_candidate_55_126 ( bmux_108_206 ) 
              5 mux_grant_candidate_52_17 ( bmux_108_207 ) 
              5 mux_grant_candidate_55_127 ( bmux_108_208 ) 
              5 mux_grant_candidate_52_128 ( bmux_108_209 ) 
              5 mux_grant_candidate_55_129 ( bmux_108_210 ) 
              5 mux_grant_candidate_52_130 ( bmux_108_211 ) 
              5 mux_grant_candidate_68_25 ( bmux_108_212 ) 
              5 mux_grant_candidate_68_131 ( bmux_108_213 ) 
              5 mux_grant_candidate_65_21 ( bmux_108_214 ) 
              5 mux_grant_candidate_68_132 ( bmux_108_215 ) 
              5 mux_grant_candidate_65_133 ( bmux_108_216 ) 
              5 mux_grant_candidate_68_134 ( bmux_108_217 ) 
              5 mux_grant_candidate_65_135 ( bmux_108_218 ) 
              5 mux_grant_candidate_63_13 ( bmux_108_219 ) 
              5 mux_77_29 ( bmux_108_220 ) 
              5 mux_credit[0]_101_17 ( bmux_190_233 ) 
              5 ctl_grant_candidate_88_17 ( case_box_3456_9 ) 
              5 mux_grant_idx_88_17 ( mux_93_20 ) 
              5 mux_credit[2]_101_17 ( bmux_190_235 ) 
              5 mux_credit[3]_101_17 ( bmux_190_237 ) 
           4 master_id_encoder ( onehot_encoder_INPUT_W4_OUTPUT_W2_9 ) 
              5 ctl_i_248_17 ( case_box_3460_9 ) 
              5 mux_encoded_248_17 ( mux_93_21 ) 
           4 slv_skid_buffer ( skid_buffer_SBUF_TYPE3_DATA_WIDTH68_9 ) 
           4 g55 ( or_op_3722_1 ) 
           4 ctl_granted_mst_id_467_27 ( case_box_3736_1 ) 
           4 mux_AxPROT_valid[granted_mst_id]_467_27 ( mux_9192_18 ) 
           4 mux_AxLEN_valid_split[granted_mst_id]_463_26 ( mux_9150_54 ) 
           4 mux_AxBURST_valid[granted_mst_id]_462_28 ( mux_1233_11 ) 
           4 mux_AxADDR_valid_split[granted_mst_id]_461_27 ( mux_2030_19 ) 
           4 mux_AxID_valid[granted_mst_id]_458_50 ( mux_9202_9 ) 
           4 mux_msk_addr_crossing_valid[granted_mst_id]_549_44 ( mux_83_106 ) 
           4 mux_AxSIZE_valid[granted_mst_id]_464_27 ( mux_9192_19 ) 
        3 R_channel ( sa_R_channel_MST_AMT4_OUTSTANDING_AMT4_MST_ID_W2_DATA_WIDTH32_ADDR_WIDTH32_TRANS_MST_ID_W5_TRANS_SLV_ID_W7_DSP_RID_W5_4 ) 
           4 slv_skid_buffer ( skid_buffer_SBUF_TYPE1_DATA_WIDTH42_8 ) 
              5 add_132_42 ( add_unsigned_1931_133 ) 
              5 eq_116_34 ( equal_unsigned_162_224 ) 
              5 add_135_42 ( add_unsigned_1931_134 ) 
              5 ctl_BWD_REGISTERED.rd_ptr_123_34 ( case_box_3541_8 ) 
              5 mux_BWD_REGISTERED.mem[BWD_REGISTERED.rd_ptr]_123_34 ( mux_9333_8 ) 
              5 ctl_BWD_REGISTERED.wr_ptr_131_25 ( case_box_3542_8 ) 
           4 dsp_skid_buffer ( skid_buffer_SBUF_TYPE1_DATA_WIDTH42_9 ) 
              5 add_132_42 ( add_unsigned_1931_135 ) 
              5 eq_116_34 ( equal_unsigned_162_225 ) 
              5 add_135_42 ( add_unsigned_1931_136 ) 
              5 ctl_BWD_REGISTERED.rd_ptr_123_34 ( case_box_3541_9 ) 
              5 mux_BWD_REGISTERED.mem[BWD_REGISTERED.rd_ptr]_123_34 ( mux_9333_9 ) 
              5 ctl_BWD_REGISTERED.wr_ptr_131_25 ( case_box_3542_9 ) 
           4 g1 ( or_op_3545_4 ) 
           4 g4 ( and_op_3546_4 ) 
           4 g11 ( and_op_3547_4 ) 
           4 g12 ( or_op_3548_4 ) 
           4 eq_702_49 ( equal_unsigned_1052_17 ) 
           4 eq00432950 ( equal_unsigned_9337_4 ) 
           4 eq_719_59_I1 ( equal_unsigned_255_59 ) 
           4 eq_719_59_I2 ( equal_unsigned_255_60 ) 
           4 eq_719_59_I3 ( equal_unsigned_162_226 ) 
           4 eq_719_59_I4 ( equal_unsigned_162_227 ) 
           4 eq_733_76_I1 ( equal_unsigned_119_73 ) 
           4 eq_733_76_I2 ( equal_unsigned_119_74 ) 
           4 eq_733_76_I3 ( equal_unsigned_119_75 ) 
           4 eq_733_76_I4 ( equal_unsigned_119_76 ) 
           4 eq_733_76_I5 ( equal_unsigned_119_77 ) 
           4 eq_733_76_I6 ( equal_unsigned_119_78 ) 
           4 eq_733_76_I7 ( equal_unsigned_119_79 ) 
           4 eq_733_76_I8 ( equal_unsigned_119_80 ) 
           4 eq_733_76_I9 ( equal_unsigned_119_81 ) 
           4 eq_733_76_I10 ( equal_unsigned_119_82 ) 
           4 eq_733_76_I11 ( equal_unsigned_119_83 ) 
           4 eq_733_76_I12 ( equal_unsigned_119_84 ) 
           4 eq_733_76_I13 ( equal_unsigned_119_85 ) 
           4 eq_733_76_I14 ( equal_unsigned_119_86 ) 
           4 eq_733_76_I15 ( equal_unsigned_119_87 ) 
           4 eq_733_76_I16 ( equal_unsigned_119_88 ) 
           4 sub_769_51 ( sub_unsigned_9379_4 ) 
           4 eq00432960 ( equal_unsigned_255_61 ) 
           4 eq00432965 ( equal_unsigned_70_15 ) 
           4 eq00432970 ( equal_unsigned_2000_7 ) 
           4 eq00432975 ( equal_unsigned_8_12 ) 
           4 eq00432980 ( equal_unsigned_9391_4 ) 
           4 eq00432985 ( equal_unsigned_137_5 ) 
           4 eq00432990 ( equal_unsigned_8513_5 ) 
           4 eq00432995 ( equal_unsigned_9397_4 ) 
           4 eq00433000 ( equal_unsigned_9399_4 ) 
           4 eq00433005 ( equal_unsigned_9401_4 ) 
           4 eq00433010 ( equal_unsigned_9403_4 ) 
           4 eq00433015 ( equal_unsigned_9405_4 ) 
           4 eq00433020 ( equal_unsigned_9407_4 ) 
           4 eq00433025 ( equal_unsigned_9409_4 ) 
           4 add_797_57 ( add_unsigned_9411_4 ) 
           4 mux_filter_count_q_796_13 ( bmux_9412_4 ) 
           4 mux_filter_push_slot_768_17 ( bmux_46_581 ) 
           4 mux_filter_shift_seen_772_25 ( bmux_4247 ) 
           4 mux_filter_shift_seen_772_103 ( bmux_4248 ) 
           4 mux_filter_shift_seen_772_106 ( bmux_4249 ) 
           4 mux_filter_shift_seen_772_109 ( bmux_4250 ) 
           4 mux_filter_shift_seen_772_112 ( bmux_4251 ) 
           4 mux_filter_shift_seen_772_115 ( bmux_4252 ) 
           4 mux_filter_shift_seen_772_118 ( bmux_4253 ) 
           4 mux_filter_shift_seen_772_121 ( bmux_4254 ) 
           4 mux_filter_shift_seen_772_124 ( bmux_4255 ) 
           4 mux_filter_shift_seen_772_127 ( bmux_4256 ) 
           4 mux_filter_shift_seen_772_130 ( bmux_4257 ) 
           4 mux_filter_shift_seen_772_133 ( bmux_4258 ) 
           4 mux_filter_shift_seen_772_136 ( bmux_4259 ) 
           4 mux_filter_shift_seen_772_139 ( bmux_4260 ) 
           4 mux_filter_shift_seen_772_142 ( bmux_4261 ) 
           4 mux_filter_shift_seen_772_145 ( bmux_4262 ) 
           4 ctl_filter_push_slot_791_17 ( case_box_3595_4 ) 
           4 mux_filter_valid_q[15]_791_17 ( mux_53_2220 ) 
           4 mux_filter_valid_q[15]_790_30 ( bmux_4263 ) 
           4 mux_filter_valid_q[14]_791_17 ( mux_53_2221 ) 
           4 mux_filter_valid_q[14]_790_30 ( bmux_4265 ) 
           4 mux_filter_valid_q[13]_791_17 ( mux_53_2222 ) 
           4 mux_filter_valid_q[13]_790_30 ( bmux_4267 ) 
           4 mux_filter_valid_q[12]_791_17 ( mux_53_2223 ) 
           4 mux_filter_valid_q[12]_790_30 ( bmux_4269 ) 
           4 mux_filter_valid_q[11]_791_17 ( mux_53_2224 ) 
           4 mux_filter_valid_q[11]_790_30 ( bmux_4271 ) 
           4 mux_filter_valid_q[10]_791_17 ( mux_53_2225 ) 
           4 mux_filter_valid_q[10]_790_30 ( bmux_4273 ) 
           4 mux_filter_valid_q[9]_791_17 ( mux_53_2226 ) 
           4 mux_filter_valid_q[9]_790_30 ( bmux_4275 ) 
           4 mux_filter_valid_q[8]_791_17 ( mux_53_2227 ) 
           4 mux_filter_valid_q[8]_790_30 ( bmux_4277 ) 
           4 mux_filter_valid_q[7]_791_17 ( mux_53_2228 ) 
           4 mux_filter_valid_q[7]_790_30 ( bmux_4279 ) 
           4 mux_filter_valid_q[6]_791_17 ( mux_53_2229 ) 
           4 mux_filter_valid_q[6]_790_30 ( bmux_4281 ) 
           4 mux_filter_valid_q[5]_791_17 ( mux_53_2230 ) 
           4 mux_filter_valid_q[5]_790_30 ( bmux_4283 ) 
           4 mux_filter_valid_q[4]_791_17 ( mux_53_2231 ) 
           4 mux_filter_valid_q[4]_790_30 ( bmux_4285 ) 
           4 mux_filter_valid_q[3]_791_17 ( mux_53_2232 ) 
           4 mux_filter_valid_q[3]_790_30 ( bmux_4287 ) 
           4 mux_filter_valid_q[2]_791_17 ( mux_53_2233 ) 
           4 mux_filter_valid_q[2]_790_30 ( bmux_4289 ) 
           4 mux_filter_valid_q[1]_791_17 ( mux_53_2234 ) 
           4 mux_filter_valid_q[1]_790_30 ( bmux_4291 ) 
           4 mux_filter_valid_q[0]_791_17 ( mux_53_2235 ) 
           4 mux_filter_valid_q[0]_790_30 ( bmux_4293 ) 
           4 mux_filter_id_q[15]_793_17 ( mux_9479_64 ) 
           4 mux_filter_id_q[15]_790_30 ( bmux_1884_152 ) 
           4 mux_filter_id_q[14]_793_17 ( mux_9479_65 ) 
           4 mux_filter_id_q[14]_790_30 ( bmux_1884_154 ) 
           4 mux_filter_id_q[13]_793_17 ( mux_9479_66 ) 
           4 mux_filter_id_q[13]_790_30 ( bmux_1884_156 ) 
           4 mux_filter_id_q[12]_793_17 ( mux_9479_67 ) 
           4 mux_filter_id_q[12]_790_30 ( bmux_1884_158 ) 
           4 mux_filter_id_q[11]_793_17 ( mux_9479_68 ) 
           4 mux_filter_id_q[11]_790_30 ( bmux_1884_160 ) 
           4 mux_filter_id_q[10]_793_17 ( mux_9479_69 ) 
           4 mux_filter_id_q[10]_790_30 ( bmux_1884_162 ) 
           4 mux_filter_id_q[9]_793_17 ( mux_9479_70 ) 
           4 mux_filter_id_q[9]_790_30 ( bmux_1884_164 ) 
           4 mux_filter_id_q[8]_793_17 ( mux_9479_71 ) 
           4 mux_filter_id_q[8]_790_30 ( bmux_1884_166 ) 
           4 mux_filter_id_q[7]_793_17 ( mux_9479_72 ) 
           4 mux_filter_id_q[7]_790_30 ( bmux_1884_168 ) 
           4 mux_filter_id_q[6]_793_17 ( mux_9479_73 ) 
           4 mux_filter_id_q[6]_790_30 ( bmux_1884_170 ) 
           4 mux_filter_id_q[5]_793_17 ( mux_9479_74 ) 
           4 mux_filter_id_q[5]_790_30 ( bmux_1884_172 ) 
           4 mux_filter_id_q[4]_793_17 ( mux_9479_75 ) 
           4 mux_filter_id_q[4]_790_30 ( bmux_1884_174 ) 
           4 mux_filter_id_q[3]_793_17 ( mux_9479_76 ) 
           4 mux_filter_id_q[3]_790_30 ( bmux_1884_176 ) 
           4 mux_filter_id_q[2]_793_17 ( mux_9479_77 ) 
           4 mux_filter_id_q[2]_790_30 ( bmux_1884_178 ) 
           4 mux_filter_id_q[1]_793_17 ( mux_9479_78 ) 
           4 mux_filter_id_q[1]_790_30 ( bmux_1884_180 ) 
           4 mux_filter_id_q[0]_793_17 ( mux_9479_79 ) 
           4 mux_filter_id_q[0]_790_30 ( bmux_1884_182 ) 
           4 mux_filter_cross_q[15]_792_17 ( mux_53_2236 ) 
           4 mux_filter_cross_q[15]_790_30 ( bmux_4295 ) 
           4 mux_filter_cross_q[14]_792_17 ( mux_53_2237 ) 
           4 mux_filter_cross_q[14]_790_30 ( bmux_4297 ) 
           4 mux_filter_cross_q[13]_792_17 ( mux_53_2238 ) 
           4 mux_filter_cross_q[13]_790_30 ( bmux_4299 ) 
           4 mux_filter_cross_q[12]_792_17 ( mux_53_2239 ) 
           4 mux_filter_cross_q[12]_790_30 ( bmux_4301 ) 
           4 mux_filter_cross_q[11]_792_17 ( mux_53_2240 ) 
           4 mux_filter_cross_q[11]_790_30 ( bmux_4303 ) 
           4 mux_filter_cross_q[10]_792_17 ( mux_53_2241 ) 
           4 mux_filter_cross_q[10]_790_30 ( bmux_4305 ) 
           4 mux_filter_cross_q[9]_792_17 ( mux_53_2242 ) 
           4 mux_filter_cross_q[9]_790_30 ( bmux_4307 ) 
           4 mux_filter_cross_q[8]_792_17 ( mux_53_2243 ) 
           4 mux_filter_cross_q[8]_790_30 ( bmux_4309 ) 
           4 mux_filter_cross_q[7]_792_17 ( mux_53_2244 ) 
           4 mux_filter_cross_q[7]_790_30 ( bmux_4311 ) 
           4 mux_filter_cross_q[6]_792_17 ( mux_53_2245 ) 
           4 mux_filter_cross_q[6]_790_30 ( bmux_4313 ) 
           4 mux_filter_cross_q[5]_792_17 ( mux_53_2246 ) 
           4 mux_filter_cross_q[5]_790_30 ( bmux_4315 ) 
           4 mux_filter_cross_q[4]_792_17 ( mux_53_2247 ) 
           4 mux_filter_cross_q[4]_790_30 ( bmux_4317 ) 
           4 mux_filter_cross_q[3]_792_17 ( mux_53_2248 ) 
           4 mux_filter_cross_q[3]_790_30 ( bmux_4319 ) 
           4 mux_filter_cross_q[2]_792_17 ( mux_53_2249 ) 
           4 mux_filter_cross_q[2]_790_30 ( bmux_4321 ) 
           4 mux_filter_cross_q[1]_792_17 ( mux_53_2250 ) 
           4 mux_filter_cross_q[1]_790_30 ( bmux_4323 ) 
           4 mux_filter_cross_q[0]_792_17 ( mux_53_2251 ) 
           4 mux_filter_cross_q[0]_790_30 ( bmux_4325 ) 
     2 SA_GEN[5].genblk1.slave_arbitration ( ai_slave_arbitration_MST_AMT4_OUTSTANDING_AMT4_MST_WEIGHTx00000005000000040000000300000001_MST_ID_W2_DATA_WIDTH32_ADDR_WIDTH32_TRANS_MST_ID_W5_TRANS_SLV_ID_W7_TRANS_BURST_W2_TRANS_DATA_LEN_W8_TRANS_DATA_SIZE_W3_TRANS_WR_RESP_W2_SLV_ID5_SLV_ID_MSB_IDX31_SLV_ID_LSB_IDX29_W_FIFO_DEPTH32h00000002_AXI_SIDEBAND_EN0_AXI_LOCK_CONST0_AXI_CACHE_CONST3_AXI_QOS_CONST0_AXI_REGION_CONST0 ) 
        3 AW_channel ( sa_Ax_channel_MST_AMT4_OUTSTANDING_AMT4_MST_WEIGHTx00000005000000040000000300000001_MST_ID_W2_DATA_WIDTH32_ADDR_WIDTH32_TRANS_MST_ID_W5_DSP_ID_W5_TRANS_SLV_ID_W7_TRANS_BURST_W2_TRANS_DATA_LEN_W8_TRANS_DATA_SIZE_W3_SLV_ID5_SLV_ID_MSB_IDX31_SLV_ID_LSB_IDX29_AXI_SIDEBAND_EN0_AXI_LOCK_CONST0_AXI_CACHE_CONST3_AXI_QOS_CONST0_AXI_REGION_CONST0 ) 
           4 MST_FIFO[0].fifo_Ax_channel ( sync_fifo_FIFO_TYPE2_DATA_WIDTH53_FIFO_DEPTH4_40 ) 
              5 eq_38_38 ( equal_unsigned_162_228 ) 
              5 add_54_30 ( add_unsigned_5261_130 ) 
              5 eq_37_37 ( equal_unsigned_82_151 ) 
              5 add_39_37 ( add_unsigned_5261_131 ) 
              5 eq_39_45 ( equal_unsigned_82_152 ) 
              5 add_40_38 ( add_unsigned_1931_137 ) 
              5 eq_40_46 ( equal_unsigned_162_229 ) 
              5 sub_41_36 ( sub_unsigned_8778_60 ) 
              5 ctl_rd_addr_46_21 ( case_box_3368_40 ) 
              5 mux_mem[rd_addr]_46_21 ( mux_9009_40 ) 
              5 ctl_wr_addr_53_13 ( case_box_3369_40 ) 
           4 MST_FIFO[0].splitting_4kb_masker ( splitting_4kb_masker_ADDR_WIDTH32_LEN_WIDTH8_SIZE_WIDTH3_40 ) 
              5 g1 ( or_op_3372_40 ) 
              5 add_323_62 ( add_unsigned_9011_40 ) 
              5 add_313_58 ( add_unsigned_9015_40 ) 
              5 sub_320_83 ( sub_unsigned_5267_81 ) 
              5 add_294_29 ( add_unsigned_9019_40 ) 
              5 sub_319_33 ( sub_unsigned_9021_40 ) 
              5 mux_320_46 ( bmux_190_242 ) 
              5 mux_320_27 ( bmux_190_243 ) 
              5 mux_324_28 ( bmux_46_582 ) 
              5 mux_trans_size_sll[SIZE_i]_304_25 ( bmux_6548_15 ) 
              5 mux_trans_size_rem_srl[SIZE_i]_317_26 ( bmux_6549_15 ) 
           4 MST_FIFO[1].fifo_Ax_channel ( sync_fifo_FIFO_TYPE2_DATA_WIDTH53_FIFO_DEPTH4_41 ) 
              5 eq_38_38 ( equal_unsigned_162_230 ) 
              5 add_54_30 ( add_unsigned_5261_132 ) 
              5 eq_37_37 ( equal_unsigned_82_153 ) 
              5 add_39_37 ( add_unsigned_5261_133 ) 
              5 eq_39_45 ( equal_unsigned_82_154 ) 
              5 add_40_38 ( add_unsigned_1931_138 ) 
              5 eq_40_46 ( equal_unsigned_162_231 ) 
              5 sub_41_36 ( sub_unsigned_8778_61 ) 
              5 ctl_rd_addr_46_21 ( case_box_3368_41 ) 
              5 mux_mem[rd_addr]_46_21 ( mux_9009_41 ) 
              5 ctl_wr_addr_53_13 ( case_box_3369_41 ) 
           4 MST_FIFO[1].splitting_4kb_masker ( splitting_4kb_masker_ADDR_WIDTH32_LEN_WIDTH8_SIZE_WIDTH3_41 ) 
              5 g1 ( or_op_3372_41 ) 
              5 add_323_62 ( add_unsigned_9011_41 ) 
              5 add_313_58 ( add_unsigned_9015_41 ) 
              5 sub_320_83 ( sub_unsigned_5267_82 ) 
              5 add_294_29 ( add_unsigned_9019_41 ) 
              5 sub_319_33 ( sub_unsigned_9021_41 ) 
              5 mux_320_46 ( bmux_190_244 ) 
              5 mux_320_27 ( bmux_190_245 ) 
              5 mux_324_28 ( bmux_46_583 ) 
              5 mux_trans_size_sll[SIZE_i]_304_25 ( bmux_6548_14 ) 
              5 mux_trans_size_rem_srl[SIZE_i]_317_26 ( bmux_6549_14 ) 
           4 MST_FIFO[2].fifo_Ax_channel ( sync_fifo_FIFO_TYPE2_DATA_WIDTH53_FIFO_DEPTH4_42 ) 
              5 eq_38_38 ( equal_unsigned_162_232 ) 
              5 add_54_30 ( add_unsigned_5261_134 ) 
              5 eq_37_37 ( equal_unsigned_82_155 ) 
              5 add_39_37 ( add_unsigned_5261_135 ) 
              5 eq_39_45 ( equal_unsigned_82_156 ) 
              5 add_40_38 ( add_unsigned_1931_139 ) 
              5 eq_40_46 ( equal_unsigned_162_233 ) 
              5 sub_41_36 ( sub_unsigned_8778_62 ) 
              5 ctl_rd_addr_46_21 ( case_box_3368_42 ) 
              5 mux_mem[rd_addr]_46_21 ( mux_9009_42 ) 
              5 ctl_wr_addr_53_13 ( case_box_3369_42 ) 
           4 MST_FIFO[2].splitting_4kb_masker ( splitting_4kb_masker_ADDR_WIDTH32_LEN_WIDTH8_SIZE_WIDTH3_42 ) 
              5 g1 ( or_op_3372_42 ) 
              5 add_323_62 ( add_unsigned_9011_42 ) 
              5 add_313_58 ( add_unsigned_9015_42 ) 
              5 sub_320_83 ( sub_unsigned_5267_83 ) 
              5 add_294_29 ( add_unsigned_9019_42 ) 
              5 sub_319_33 ( sub_unsigned_9021_42 ) 
              5 mux_320_46 ( bmux_190_246 ) 
              5 mux_320_27 ( bmux_190_247 ) 
              5 mux_324_28 ( bmux_46_584 ) 
              5 mux_trans_size_sll[SIZE_i]_304_25 ( bmux_6548_13 ) 
              5 mux_trans_size_rem_srl[SIZE_i]_317_26 ( bmux_6549_13 ) 
           4 MST_FIFO[3].fifo_Ax_channel ( sync_fifo_FIFO_TYPE2_DATA_WIDTH53_FIFO_DEPTH4_43 ) 
              5 eq_38_38 ( equal_unsigned_162_234 ) 
              5 add_54_30 ( add_unsigned_5261_136 ) 
              5 eq_37_37 ( equal_unsigned_82_157 ) 
              5 add_39_37 ( add_unsigned_5261_137 ) 
              5 eq_39_45 ( equal_unsigned_82_158 ) 
              5 add_40_38 ( add_unsigned_1931_140 ) 
              5 eq_40_46 ( equal_unsigned_162_235 ) 
              5 sub_41_36 ( sub_unsigned_8778_63 ) 
              5 ctl_rd_addr_46_21 ( case_box_3368_43 ) 
              5 mux_mem[rd_addr]_46_21 ( mux_9009_43 ) 
              5 ctl_wr_addr_53_13 ( case_box_3369_43 ) 
           4 MST_FIFO[3].splitting_4kb_masker ( splitting_4kb_masker_ADDR_WIDTH32_LEN_WIDTH8_SIZE_WIDTH3_43 ) 
              5 g1 ( or_op_3372_43 ) 
              5 add_323_62 ( add_unsigned_9011_43 ) 
              5 add_313_58 ( add_unsigned_9015_43 ) 
              5 sub_320_83 ( sub_unsigned_5267_84 ) 
              5 add_294_29 ( add_unsigned_9019_43 ) 
              5 sub_319_33 ( sub_unsigned_9021_43 ) 
              5 mux_320_46 ( bmux_190_248 ) 
              5 mux_320_27 ( bmux_190_249 ) 
              5 mux_324_28 ( bmux_46_585 ) 
              5 mux_trans_size_sll[SIZE_i]_304_25 ( bmux_6548_12 ) 
              5 mux_trans_size_rem_srl[SIZE_i]_317_26 ( bmux_6549_12 ) 
           4 arbiter ( arbiter_iwrr_1cycle_P_REQUESTER_NUM4_P_REQUESTER_WEIGHTx00000005000000040000000300000001_P_NUM_GRANT_REQ_W1_10 ) 
              5 mux_req_i_55_21 ( mux_83_107 ) 
              5 decode_gint ( Decoder_2_3_0_10 ) 
              5 mux_grant_candidate_56_21 ( bmux_4327 ) 
              5 mux_grant_candidate_56_2 ( bmux_4328 ) 
              5 mux_grant_candidate_56_3 ( bmux_4329 ) 
              5 mux_grant_candidate_56_4 ( bmux_4330 ) 
              5 mux_req_i_55_6 ( mux_83_108 ) 
              5 decode_gint7 ( Decoder_2_3_0_3380_10 ) 
              5 mux_grant_candidate_56_10 ( bmux_4331 ) 
              5 mux_grant_candidate_56_11 ( bmux_4332 ) 
              5 mux_grant_candidate_56_12 ( bmux_4333 ) 
              5 mux_grant_candidate_56_13 ( bmux_4334 ) 
              5 mux_req_i_55_15 ( mux_83_109 ) 
              5 decode_gint16 ( Decoder_2_3_0_3388_10 ) 
              5 mux_grant_candidate_56_19 ( bmux_4335 ) 
              5 mux_grant_candidate_56_20 ( bmux_4336 ) 
              5 mux_grant_candidate_56_22 ( bmux_4337 ) 
              5 mux_grant_candidate_56_23 ( bmux_4338 ) 
              5 mux_req_i_55_25 ( mux_83_110 ) 
              5 decode_gint26 ( Decoder_2_3_0_3396_10 ) 
              5 mux_grant_candidate_56_29 ( bmux_4339 ) 
              5 mux_grant_candidate_56_30 ( bmux_4340 ) 
              5 mux_grant_candidate_56_31 ( bmux_4341 ) 
              5 mux_grant_candidate_56_32 ( bmux_4342 ) 
              5 mux_grant_candidate_69_25 ( bmux_4343 ) 
              5 mux_grant_candidate_69_35 ( bmux_4344 ) 
              5 mux_grant_candidate_69_36 ( bmux_4345 ) 
              5 mux_grant_candidate_69_37 ( bmux_4346 ) 
              5 mux_grant_candidate_69_42 ( bmux_4347 ) 
              5 mux_grant_candidate_69_43 ( bmux_4348 ) 
              5 mux_grant_candidate_69_44 ( bmux_4349 ) 
              5 mux_grant_candidate_69_45 ( bmux_4350 ) 
              5 mux_grant_candidate_69_50 ( bmux_4351 ) 
              5 mux_grant_candidate_69_51 ( bmux_4352 ) 
              5 mux_grant_candidate_69_52 ( bmux_4353 ) 
              5 mux_grant_candidate_69_53 ( bmux_4354 ) 
              5 mux_grant_candidate_69_58 ( bmux_4355 ) 
              5 mux_grant_candidate_69_59 ( bmux_4356 ) 
              5 mux_grant_candidate_69_60 ( bmux_4357 ) 
              5 mux_grant_candidate_69_61 ( bmux_4358 ) 
              5 g62 ( or_op_3429_10 ) 
              5 g63 ( or_op_3430_10 ) 
              5 g65 ( and_op_3431_10 ) 
              5 g66 ( or_op_3432_10 ) 
              5 add_53_50_I1 ( add_unsigned_9068_20 ) 
              5 gt_55_64_I1 ( gt_unsigned_9074_80 ) 
              5 add00416395 ( add_unsigned_9076_40 ) 
              5 gt_55_64_I2 ( gt_unsigned_9074_81 ) 
              5 add00416485 ( add_unsigned_9076_41 ) 
              5 gt_55_64_I3 ( gt_unsigned_9074_82 ) 
              5 add00416575 ( add_unsigned_9092_20 ) 
              5 gt_55_64_I4 ( gt_unsigned_9074_83 ) 
              5 lte_87_49_I1 ( leq_unsigned_40 ) 
              5 lte_87_49_I2 ( leq_unsigned_41 ) 
              5 lte_87_49_I3 ( leq_unsigned_42 ) 
              5 lte_87_49_I4 ( leq_unsigned_43 ) 
              5 gt_107_58_I4 ( gt_unsigned_9074_84 ) 
              5 sub_108_48_I4 ( sub_unsigned_5267_85 ) 
              5 gt_107_58_I3 ( gt_unsigned_9074_85 ) 
              5 sub_108_48_I3 ( sub_unsigned_5267_86 ) 
              5 gt_107_58_I2 ( gt_unsigned_9074_86 ) 
              5 sub_108_48_I2 ( sub_unsigned_5267_87 ) 
              5 gt_107_58_I1 ( gt_unsigned_9074_87 ) 
              5 sub_108_48_I1 ( sub_unsigned_5267_88 ) 
              5 mux_credit[1]_101_17 ( bmux_190_250 ) 
              5 ctl_idx_wrapped_55_44 ( case_box_3446_10 ) 
              5 mux_credit[idx_wrapped]_55_44 ( mux_9150_55 ) 
              5 mux_found_55_40 ( bmux_4359 ) 
              5 ctl_idx_wrapped_55_93 ( case_box_3447_10 ) 
              5 mux_credit[idx_wrapped]_55_94 ( mux_9150_56 ) 
              5 mux_found_52_17 ( bmux_4360 ) 
              5 ctl_idx_wrapped_55_98 ( case_box_3450_10 ) 
              5 mux_credit[idx_wrapped]_55_99 ( mux_9150_57 ) 
              5 mux_found_52_101 ( bmux_4361 ) 
              5 ctl_idx_wrapped_55_104 ( case_box_3453_10 ) 
              5 mux_credit[idx_wrapped]_55_105 ( mux_9150_58 ) 
              5 mux_found_52_107 ( bmux_4362 ) 
              5 mux_found_68_25 ( bmux_4363 ) 
              5 mux_found_65_21 ( bmux_4364 ) 
              5 mux_found_65_117 ( bmux_4365 ) 
              5 mux_grant_candidate_55_40 ( bmux_108_221 ) 
              5 mux_grant_candidate_55_126 ( bmux_108_222 ) 
              5 mux_grant_candidate_52_17 ( bmux_108_223 ) 
              5 mux_grant_candidate_55_127 ( bmux_108_224 ) 
              5 mux_grant_candidate_52_128 ( bmux_108_225 ) 
              5 mux_grant_candidate_55_129 ( bmux_108_226 ) 
              5 mux_grant_candidate_52_130 ( bmux_108_227 ) 
              5 mux_grant_candidate_68_25 ( bmux_108_228 ) 
              5 mux_grant_candidate_68_131 ( bmux_108_229 ) 
              5 mux_grant_candidate_65_21 ( bmux_108_230 ) 
              5 mux_grant_candidate_68_132 ( bmux_108_231 ) 
              5 mux_grant_candidate_65_133 ( bmux_108_232 ) 
              5 mux_grant_candidate_68_134 ( bmux_108_233 ) 
              5 mux_grant_candidate_65_135 ( bmux_108_234 ) 
              5 mux_grant_candidate_63_13 ( bmux_108_235 ) 
              5 mux_77_29 ( bmux_108_236 ) 
              5 mux_credit[0]_101_17 ( bmux_190_251 ) 
              5 ctl_grant_candidate_88_17 ( case_box_3456_10 ) 
              5 mux_grant_idx_88_17 ( mux_93_22 ) 
              5 mux_credit[2]_101_17 ( bmux_190_253 ) 
              5 mux_credit[3]_101_17 ( bmux_190_255 ) 
           4 master_id_encoder ( onehot_encoder_INPUT_W4_OUTPUT_W2_10 ) 
              5 ctl_i_248_17 ( case_box_3460_10 ) 
              5 mux_encoded_248_17 ( mux_93_23 ) 
           4 slv_skid_buffer ( skid_buffer_SBUF_TYPE3_DATA_WIDTH68_10 ) 
           4 g55 ( or_op_3755 ) 
           4 ctl_granted_mst_id_467_27 ( case_box_3769 ) 
           4 mux_AxPROT_valid[granted_mst_id]_467_27 ( mux_9192_20 ) 
           4 mux_AxLEN_valid_split[granted_mst_id]_463_26 ( mux_9150_59 ) 
           4 mux_AxBURST_valid[granted_mst_id]_462_28 ( mux_1233_12 ) 
           4 mux_AxADDR_valid_split[granted_mst_id]_461_27 ( mux_2030_20 ) 
           4 mux_AxID_valid[granted_mst_id]_458_50 ( mux_9202_10 ) 
           4 mux_msk_addr_crossing_valid[granted_mst_id]_549_44 ( mux_83_115 ) 
           4 mux_AxSIZE_valid[granted_mst_id]_464_27 ( mux_9192_21 ) 
        3 W_channel ( sa_W_channel_MST_AMT4_OUTSTANDING_AMT4_MST_ID_W2_DATA_WIDTH32_ADDR_WIDTH32_TRANS_DATA_LEN_W8_W_FIFO_DEPTH32h00000002_3 ) 
           4 fifo_wdata_order ( sync_fifo_FIFO_TYPE0_DATA_WIDTH10_FIFO_DEPTH4_5 ) 
              5 eq_38_38 ( equal_unsigned_162_236 ) 
              5 add_54_30 ( add_unsigned_5261_138 ) 
              5 eq_37_37 ( equal_unsigned_82_159 ) 
              5 add_39_37 ( add_unsigned_5261_139 ) 
              5 eq_39_45 ( equal_unsigned_82_160 ) 
              5 add_40_38 ( add_unsigned_1931_141 ) 
              5 eq_40_46 ( equal_unsigned_162_237 ) 
              5 sub_41_36 ( sub_unsigned_8778_64 ) 
              5 ctl_rd_addr_46_21 ( case_box_3500_5 ) 
              5 mux_mem[rd_addr]_46_21 ( mux_9232_5 ) 
              5 ctl_wr_addr_53_13 ( case_box_3501_5 ) 
           4 slv_skid_buffer ( skid_buffer_SBUF_TYPE3_DATA_WIDTH37_5 ) 
           4 MST_W_FIFO[0].fifo_wdata ( sync_fifo_FIFO_TYPE0_DATA_WIDTH36_FIFO_DEPTH32h00000002_12 ) 
              5 add_54_30 ( add_unsigned_1931_142 ) 
              5 eq_37_37 ( equal_unsigned_162_238 ) 
              5 add_39_37 ( add_unsigned_1931_143 ) 
              5 eq_39_45 ( equal_unsigned_162_239 ) 
              5 add_40_38 ( add_unsigned_2076_21 ) 
              5 sub_41_36 ( sub_unsigned_8961_19 ) 
              5 ctl_rd_addr_46_21 ( case_box_3507_12 ) 
              5 mux_mem[rd_addr]_46_21 ( mux_9254_12 ) 
              5 ctl_wr_addr_53_13 ( case_box_3508_12 ) 
           4 MST_W_FIFO[1].fifo_wdata ( sync_fifo_FIFO_TYPE0_DATA_WIDTH36_FIFO_DEPTH32h00000002_13 ) 
              5 add_54_30 ( add_unsigned_1931_144 ) 
              5 eq_37_37 ( equal_unsigned_162_240 ) 
              5 add_39_37 ( add_unsigned_1931_145 ) 
              5 eq_39_45 ( equal_unsigned_162_241 ) 
              5 add_40_38 ( add_unsigned_2076_22 ) 
              5 sub_41_36 ( sub_unsigned_8961_20 ) 
              5 ctl_rd_addr_46_21 ( case_box_3507_13 ) 
              5 mux_mem[rd_addr]_46_21 ( mux_9254_13 ) 
              5 ctl_wr_addr_53_13 ( case_box_3508_13 ) 
           4 MST_W_FIFO[2].fifo_wdata ( sync_fifo_FIFO_TYPE0_DATA_WIDTH36_FIFO_DEPTH32h00000002_14 ) 
              5 add_54_30 ( add_unsigned_1931_146 ) 
              5 eq_37_37 ( equal_unsigned_162_242 ) 
              5 add_39_37 ( add_unsigned_1931_147 ) 
              5 eq_39_45 ( equal_unsigned_162_243 ) 
              5 add_40_38 ( add_unsigned_2076_23 ) 
              5 sub_41_36 ( sub_unsigned_8961_21 ) 
              5 ctl_rd_addr_46_21 ( case_box_3507_14 ) 
              5 mux_mem[rd_addr]_46_21 ( mux_9254_14 ) 
              5 ctl_wr_addr_53_13 ( case_box_3508_14 ) 
           4 MST_W_FIFO[3].fifo_wdata ( sync_fifo_FIFO_TYPE0_DATA_WIDTH36_FIFO_DEPTH32h00000002_15 ) 
              5 add_54_30 ( add_unsigned_1931_148 ) 
              5 eq_37_37 ( equal_unsigned_162_244 ) 
              5 add_39_37 ( add_unsigned_1931_149 ) 
              5 eq_39_45 ( equal_unsigned_162_245 ) 
              5 add_40_38 ( add_unsigned_2076_24 ) 
              5 sub_41_36 ( sub_unsigned_8961_22 ) 
              5 ctl_rd_addr_46_21 ( case_box_3507_15 ) 
              5 mux_mem[rd_addr]_46_21 ( mux_9254_15 ) 
              5 ctl_wr_addr_53_13 ( case_box_3508_15 ) 
           4 eq_1041_55 ( equal_unsigned_8797_7 ) 
           4 eq_1023_67_I1 ( equal_unsigned_255_62 ) 
           4 eq_1023_67_I2 ( equal_unsigned_255_63 ) 
           4 eq_1023_67_I3 ( equal_unsigned_162_246 ) 
           4 eq_1023_67_I4 ( equal_unsigned_162_247 ) 
           4 add_1040_54 ( add_unsigned_8799_7 ) 
           4 mux_1041_55 ( bmux_190_260 ) 
           4 ctl_Ax_mst_id_valid_1037_40 ( case_box_3512_3 ) 
           4 mux_fifo_wdata_empt[Ax_mst_id_valid]_1037_40 ( mux_83_116 ) 
           4 mux_dsp_WSTRB_valid[Ax_mst_id_valid]_1049_39 ( mux_86_7 ) 
           4 mux_dsp_WDATA_valid[Ax_mst_id_valid]_1050_39 ( mux_2030_21 ) 
        3 B_channel ( sa_B_channel_MST_AMT4_OUTSTANDING_AMT4_MST_ID_W2_TRANS_MST_ID_W5_TRANS_SLV_ID_W7_TRANS_WR_RESP_W2_5 ) 
           4 fifo_wresp_filter ( sync_fifo_FIFO_TYPE0_DATA_WIDTH8_FIFO_DEPTH4_5 ) 
              5 eq_38_38 ( equal_unsigned_162_248 ) 
              5 add_54_30 ( add_unsigned_5261_140 ) 
              5 eq_37_37 ( equal_unsigned_82_161 ) 
              5 add_39_37 ( add_unsigned_5261_141 ) 
              5 eq_39_45 ( equal_unsigned_82_162 ) 
              5 add_40_38 ( add_unsigned_1931_150 ) 
              5 eq_40_46 ( equal_unsigned_162_249 ) 
              5 sub_41_36 ( sub_unsigned_8778_65 ) 
              5 ctl_rd_addr_46_21 ( case_box_3524_5 ) 
              5 mux_mem[rd_addr]_46_21 ( mux_9150_60 ) 
              5 ctl_wr_addr_53_13 ( case_box_3525_5 ) 
           4 slv_skid_buffer ( skid_buffer_SBUF_TYPE1_DATA_WIDTH9_5 ) 
              5 add_132_42 ( add_unsigned_1931_151 ) 
              5 eq_116_34 ( equal_unsigned_162_250 ) 
              5 add_135_42 ( add_unsigned_1931_152 ) 
              5 ctl_BWD_REGISTERED.rd_ptr_123_34 ( case_box_3531_5 ) 
              5 mux_BWD_REGISTERED.mem[BWD_REGISTERED.rd_ptr]_123_34 ( mux_9309_5 ) 
              5 ctl_BWD_REGISTERED.wr_ptr_131_25 ( case_box_3532_5 ) 
           4 mux_dsp_BREADY_i_1221_31 ( mux_83_117 ) 
           4 decode_gint ( Decoder_2_3_0_3537_5 ) 
           4 eq_1210_44 ( equal_unsigned_119_89 ) 
           4 eq_1224_52_I1 ( equal_unsigned_255_64 ) 
           4 eq_1224_52_I2 ( equal_unsigned_255_65 ) 
           4 eq_1224_52_I3 ( equal_unsigned_162_251 ) 
           4 eq_1224_52_I4 ( equal_unsigned_162_252 ) 
        3 AR_channel ( sa_Ax_channel_MST_AMT4_OUTSTANDING_AMT4_MST_WEIGHTx00000005000000040000000300000001_MST_ID_W2_DATA_WIDTH32_ADDR_WIDTH32_TRANS_MST_ID_W5_DSP_ID_W5_TRANS_SLV_ID_W7_TRANS_BURST_W2_TRANS_DATA_LEN_W8_TRANS_DATA_SIZE_W3_SLV_ID5_SLV_ID_MSB_IDX31_SLV_ID_LSB_IDX29_AXI_SIDEBAND_EN0_AXI_LOCK_CONST0_AXI_CACHE_CONST3_AXI_QOS_CONST0_AXI_REGION_CONST0_1 ) 
           4 MST_FIFO[0].fifo_Ax_channel ( sync_fifo_FIFO_TYPE2_DATA_WIDTH53_FIFO_DEPTH4_44 ) 
              5 eq_38_38 ( equal_unsigned_162_253 ) 
              5 add_54_30 ( add_unsigned_5261_142 ) 
              5 eq_37_37 ( equal_unsigned_82_163 ) 
              5 add_39_37 ( add_unsigned_5261_143 ) 
              5 eq_39_45 ( equal_unsigned_82_164 ) 
              5 add_40_38 ( add_unsigned_1931_153 ) 
              5 eq_40_46 ( equal_unsigned_162_254 ) 
              5 sub_41_36 ( sub_unsigned_8778_66 ) 
              5 ctl_rd_addr_46_21 ( case_box_3368_44 ) 
              5 mux_mem[rd_addr]_46_21 ( mux_9009_44 ) 
              5 ctl_wr_addr_53_13 ( case_box_3369_44 ) 
           4 MST_FIFO[0].splitting_4kb_masker ( splitting_4kb_masker_ADDR_WIDTH32_LEN_WIDTH8_SIZE_WIDTH3_44 ) 
              5 g1 ( or_op_3372_44 ) 
              5 add_323_62 ( add_unsigned_9011_44 ) 
              5 add_313_58 ( add_unsigned_9015_44 ) 
              5 sub_320_83 ( sub_unsigned_5267_89 ) 
              5 add_294_29 ( add_unsigned_9019_44 ) 
              5 sub_319_33 ( sub_unsigned_9021_44 ) 
              5 mux_320_46 ( bmux_190_262 ) 
              5 mux_320_27 ( bmux_190_263 ) 
              5 mux_324_28 ( bmux_46_588 ) 
              5 mux_trans_size_sll[SIZE_i]_304_25 ( bmux_6548_11 ) 
              5 mux_trans_size_rem_srl[SIZE_i]_317_26 ( bmux_6549_11 ) 
           4 MST_FIFO[1].fifo_Ax_channel ( sync_fifo_FIFO_TYPE2_DATA_WIDTH53_FIFO_DEPTH4_45 ) 
              5 eq_38_38 ( equal_unsigned_162_255 ) 
              5 add_54_30 ( add_unsigned_5261_144 ) 
              5 eq_37_37 ( equal_unsigned_82_165 ) 
              5 add_39_37 ( add_unsigned_5261_145 ) 
              5 eq_39_45 ( equal_unsigned_82_166 ) 
              5 add_40_38 ( add_unsigned_1931_154 ) 
              5 eq_40_46 ( equal_unsigned_162_256 ) 
              5 sub_41_36 ( sub_unsigned_8778_67 ) 
              5 ctl_rd_addr_46_21 ( case_box_3368_45 ) 
              5 mux_mem[rd_addr]_46_21 ( mux_9009_45 ) 
              5 ctl_wr_addr_53_13 ( case_box_3369_45 ) 
           4 MST_FIFO[1].splitting_4kb_masker ( splitting_4kb_masker_ADDR_WIDTH32_LEN_WIDTH8_SIZE_WIDTH3_45 ) 
              5 g1 ( or_op_3372_45 ) 
              5 add_323_62 ( add_unsigned_9011_45 ) 
              5 add_313_58 ( add_unsigned_9015_45 ) 
              5 sub_320_83 ( sub_unsigned_5267_90 ) 
              5 add_294_29 ( add_unsigned_9019_45 ) 
              5 sub_319_33 ( sub_unsigned_9021_45 ) 
              5 mux_320_46 ( bmux_190_264 ) 
              5 mux_320_27 ( bmux_190_265 ) 
              5 mux_324_28 ( bmux_46_589 ) 
              5 mux_trans_size_sll[SIZE_i]_304_25 ( bmux_6548_10 ) 
              5 mux_trans_size_rem_srl[SIZE_i]_317_26 ( bmux_6549_10 ) 
           4 MST_FIFO[2].fifo_Ax_channel ( sync_fifo_FIFO_TYPE2_DATA_WIDTH53_FIFO_DEPTH4_46 ) 
              5 eq_38_38 ( equal_unsigned_162_257 ) 
              5 add_54_30 ( add_unsigned_5261_146 ) 
              5 eq_37_37 ( equal_unsigned_82_167 ) 
              5 add_39_37 ( add_unsigned_5261_147 ) 
              5 eq_39_45 ( equal_unsigned_82_168 ) 
              5 add_40_38 ( add_unsigned_1931_155 ) 
              5 eq_40_46 ( equal_unsigned_162_258 ) 
              5 sub_41_36 ( sub_unsigned_8778_68 ) 
              5 ctl_rd_addr_46_21 ( case_box_3368_46 ) 
              5 mux_mem[rd_addr]_46_21 ( mux_9009_46 ) 
              5 ctl_wr_addr_53_13 ( case_box_3369_46 ) 
           4 MST_FIFO[2].splitting_4kb_masker ( splitting_4kb_masker_ADDR_WIDTH32_LEN_WIDTH8_SIZE_WIDTH3_46 ) 
              5 g1 ( or_op_3372_46 ) 
              5 add_323_62 ( add_unsigned_9011_46 ) 
              5 add_313_58 ( add_unsigned_9015_46 ) 
              5 sub_320_83 ( sub_unsigned_5267_91 ) 
              5 add_294_29 ( add_unsigned_9019_46 ) 
              5 sub_319_33 ( sub_unsigned_9021_46 ) 
              5 mux_320_46 ( bmux_190_266 ) 
              5 mux_320_27 ( bmux_190_267 ) 
              5 mux_324_28 ( bmux_46_590 ) 
              5 mux_trans_size_sll[SIZE_i]_304_25 ( bmux_6548_9 ) 
              5 mux_trans_size_rem_srl[SIZE_i]_317_26 ( bmux_6549_9 ) 
           4 MST_FIFO[3].fifo_Ax_channel ( sync_fifo_FIFO_TYPE2_DATA_WIDTH53_FIFO_DEPTH4_47 ) 
              5 eq_38_38 ( equal_unsigned_162_259 ) 
              5 add_54_30 ( add_unsigned_5261_148 ) 
              5 eq_37_37 ( equal_unsigned_82_169 ) 
              5 add_39_37 ( add_unsigned_5261_149 ) 
              5 eq_39_45 ( equal_unsigned_82_170 ) 
              5 add_40_38 ( add_unsigned_1931_156 ) 
              5 eq_40_46 ( equal_unsigned_162_260 ) 
              5 sub_41_36 ( sub_unsigned_8778_69 ) 
              5 ctl_rd_addr_46_21 ( case_box_3368_47 ) 
              5 mux_mem[rd_addr]_46_21 ( mux_9009_47 ) 
              5 ctl_wr_addr_53_13 ( case_box_3369_47 ) 
           4 MST_FIFO[3].splitting_4kb_masker ( splitting_4kb_masker_ADDR_WIDTH32_LEN_WIDTH8_SIZE_WIDTH3_47 ) 
              5 g1 ( or_op_3372_47 ) 
              5 add_323_62 ( add_unsigned_9011_47 ) 
              5 add_313_58 ( add_unsigned_9015_47 ) 
              5 sub_320_83 ( sub_unsigned_5267_92 ) 
              5 add_294_29 ( add_unsigned_9019_47 ) 
              5 sub_319_33 ( sub_unsigned_9021_47 ) 
              5 mux_320_46 ( bmux_190_268 ) 
              5 mux_320_27 ( bmux_190_269 ) 
              5 mux_324_28 ( bmux_46_591 ) 
              5 mux_trans_size_sll[SIZE_i]_304_25 ( bmux_6548_8 ) 
              5 mux_trans_size_rem_srl[SIZE_i]_317_26 ( bmux_6549_8 ) 
           4 arbiter ( arbiter_iwrr_1cycle_P_REQUESTER_NUM4_P_REQUESTER_WEIGHTx00000005000000040000000300000001_P_NUM_GRANT_REQ_W1_11 ) 
              5 mux_req_i_55_21 ( mux_83_118 ) 
              5 decode_gint ( Decoder_2_3_0_11 ) 
              5 mux_grant_candidate_56_21 ( bmux_4377 ) 
              5 mux_grant_candidate_56_2 ( bmux_4378 ) 
              5 mux_grant_candidate_56_3 ( bmux_4379 ) 
              5 mux_grant_candidate_56_4 ( bmux_4380 ) 
              5 mux_req_i_55_6 ( mux_83_119 ) 
              5 decode_gint7 ( Decoder_2_3_0_3380_11 ) 
              5 mux_grant_candidate_56_10 ( bmux_4381 ) 
              5 mux_grant_candidate_56_11 ( bmux_4382 ) 
              5 mux_grant_candidate_56_12 ( bmux_4383 ) 
              5 mux_grant_candidate_56_13 ( bmux_4384 ) 
              5 mux_req_i_55_15 ( mux_83_120 ) 
              5 decode_gint16 ( Decoder_2_3_0_3388_11 ) 
              5 mux_grant_candidate_56_19 ( bmux_4385 ) 
              5 mux_grant_candidate_56_20 ( bmux_4386 ) 
              5 mux_grant_candidate_56_22 ( bmux_4387 ) 
              5 mux_grant_candidate_56_23 ( bmux_4388 ) 
              5 mux_req_i_55_25 ( mux_83_121 ) 
              5 decode_gint26 ( Decoder_2_3_0_3396_11 ) 
              5 mux_grant_candidate_56_29 ( bmux_4389 ) 
              5 mux_grant_candidate_56_30 ( bmux_4390 ) 
              5 mux_grant_candidate_56_31 ( bmux_4391 ) 
              5 mux_grant_candidate_56_32 ( bmux_4392 ) 
              5 mux_grant_candidate_69_25 ( bmux_4393 ) 
              5 mux_grant_candidate_69_35 ( bmux_4394 ) 
              5 mux_grant_candidate_69_36 ( bmux_4395 ) 
              5 mux_grant_candidate_69_37 ( bmux_4396 ) 
              5 mux_grant_candidate_69_42 ( bmux_4397 ) 
              5 mux_grant_candidate_69_43 ( bmux_4398 ) 
              5 mux_grant_candidate_69_44 ( bmux_4399 ) 
              5 mux_grant_candidate_69_45 ( bmux_4400 ) 
              5 mux_grant_candidate_69_50 ( bmux_4401 ) 
              5 mux_grant_candidate_69_51 ( bmux_4402 ) 
              5 mux_grant_candidate_69_52 ( bmux_4403 ) 
              5 mux_grant_candidate_69_53 ( bmux_4404 ) 
              5 mux_grant_candidate_69_58 ( bmux_4405 ) 
              5 mux_grant_candidate_69_59 ( bmux_4406 ) 
              5 mux_grant_candidate_69_60 ( bmux_4407 ) 
              5 mux_grant_candidate_69_61 ( bmux_4408 ) 
              5 g62 ( or_op_3429_11 ) 
              5 g63 ( or_op_3430_11 ) 
              5 g65 ( and_op_3431_11 ) 
              5 g66 ( or_op_3432_11 ) 
              5 add_53_50_I1 ( add_unsigned_9068_22 ) 
              5 gt_55_64_I1 ( gt_unsigned_9074_88 ) 
              5 add00416395 ( add_unsigned_9076_44 ) 
              5 gt_55_64_I2 ( gt_unsigned_9074_89 ) 
              5 add00416485 ( add_unsigned_9076_45 ) 
              5 gt_55_64_I3 ( gt_unsigned_9074_90 ) 
              5 add00416575 ( add_unsigned_9092_22 ) 
              5 gt_55_64_I4 ( gt_unsigned_9074_91 ) 
              5 lte_87_49_I1 ( leq_unsigned_44 ) 
              5 lte_87_49_I2 ( leq_unsigned_45 ) 
              5 lte_87_49_I3 ( leq_unsigned_46 ) 
              5 lte_87_49_I4 ( leq_unsigned_47 ) 
              5 gt_107_58_I4 ( gt_unsigned_9074_92 ) 
              5 sub_108_48_I4 ( sub_unsigned_5267_93 ) 
              5 gt_107_58_I3 ( gt_unsigned_9074_93 ) 
              5 sub_108_48_I3 ( sub_unsigned_5267_94 ) 
              5 gt_107_58_I2 ( gt_unsigned_9074_94 ) 
              5 sub_108_48_I2 ( sub_unsigned_5267_95 ) 
              5 gt_107_58_I1 ( gt_unsigned_9074_95 ) 
              5 sub_108_48_I1 ( sub_unsigned_5267_96 ) 
              5 mux_credit[1]_101_17 ( bmux_190_270 ) 
              5 ctl_idx_wrapped_55_44 ( case_box_3446_11 ) 
              5 mux_credit[idx_wrapped]_55_44 ( mux_9150_61 ) 
              5 mux_found_55_40 ( bmux_4409 ) 
              5 ctl_idx_wrapped_55_93 ( case_box_3447_11 ) 
              5 mux_credit[idx_wrapped]_55_94 ( mux_9150_62 ) 
              5 mux_found_52_17 ( bmux_4410 ) 
              5 ctl_idx_wrapped_55_98 ( case_box_3450_11 ) 
              5 mux_credit[idx_wrapped]_55_99 ( mux_9150_63 ) 
              5 mux_found_52_101 ( bmux_4411 ) 
              5 ctl_idx_wrapped_55_104 ( case_box_3453_11 ) 
              5 mux_credit[idx_wrapped]_55_105 ( mux_9150_64 ) 
              5 mux_found_52_107 ( bmux_4412 ) 
              5 mux_found_68_25 ( bmux_4413 ) 
              5 mux_found_65_21 ( bmux_4414 ) 
              5 mux_found_65_117 ( bmux_4415 ) 
              5 mux_grant_candidate_55_40 ( bmux_108_238 ) 
              5 mux_grant_candidate_55_126 ( bmux_108_239 ) 
              5 mux_grant_candidate_52_17 ( bmux_108_240 ) 
              5 mux_grant_candidate_55_127 ( bmux_108_241 ) 
              5 mux_grant_candidate_52_128 ( bmux_108_242 ) 
              5 mux_grant_candidate_55_129 ( bmux_108_243 ) 
              5 mux_grant_candidate_52_130 ( bmux_108_244 ) 
              5 mux_grant_candidate_68_25 ( bmux_108_245 ) 
              5 mux_grant_candidate_68_131 ( bmux_108_246 ) 
              5 mux_grant_candidate_65_21 ( bmux_108_247 ) 
              5 mux_grant_candidate_68_132 ( bmux_108_248 ) 
              5 mux_grant_candidate_65_133 ( bmux_108_249 ) 
              5 mux_grant_candidate_68_134 ( bmux_108_250 ) 
              5 mux_grant_candidate_65_135 ( bmux_108_251 ) 
              5 mux_grant_candidate_63_13 ( bmux_108_252 ) 
              5 mux_77_29 ( bmux_108_253 ) 
              5 mux_credit[0]_101_17 ( bmux_190_271 ) 
              5 ctl_grant_candidate_88_17 ( case_box_3456_11 ) 
              5 mux_grant_idx_88_17 ( mux_93_24 ) 
              5 mux_credit[2]_101_17 ( bmux_190_273 ) 
              5 mux_credit[3]_101_17 ( bmux_190_275 ) 
           4 master_id_encoder ( onehot_encoder_INPUT_W4_OUTPUT_W2_11 ) 
              5 ctl_i_248_17 ( case_box_3460_11 ) 
              5 mux_encoded_248_17 ( mux_93_25 ) 
           4 slv_skid_buffer ( skid_buffer_SBUF_TYPE3_DATA_WIDTH68_11 ) 
           4 g55 ( or_op_3755_1 ) 
           4 ctl_granted_mst_id_467_27 ( case_box_3769_1 ) 
           4 mux_AxPROT_valid[granted_mst_id]_467_27 ( mux_9192_22 ) 
           4 mux_AxLEN_valid_split[granted_mst_id]_463_26 ( mux_9150_65 ) 
           4 mux_AxBURST_valid[granted_mst_id]_462_28 ( mux_1233_13 ) 
           4 mux_AxADDR_valid_split[granted_mst_id]_461_27 ( mux_2030_22 ) 
           4 mux_AxID_valid[granted_mst_id]_458_50 ( mux_9202_11 ) 
           4 mux_msk_addr_crossing_valid[granted_mst_id]_549_44 ( mux_83_126 ) 
           4 mux_AxSIZE_valid[granted_mst_id]_464_27 ( mux_9192_23 ) 
        3 R_channel ( sa_R_channel_MST_AMT4_OUTSTANDING_AMT4_MST_ID_W2_DATA_WIDTH32_ADDR_WIDTH32_TRANS_MST_ID_W5_TRANS_SLV_ID_W7_DSP_RID_W5_5 ) 
           4 slv_skid_buffer ( skid_buffer_SBUF_TYPE1_DATA_WIDTH42_10 ) 
              5 add_132_42 ( add_unsigned_1931_157 ) 
              5 eq_116_34 ( equal_unsigned_162_261 ) 
              5 add_135_42 ( add_unsigned_1931_158 ) 
              5 ctl_BWD_REGISTERED.rd_ptr_123_34 ( case_box_3541_10 ) 
              5 mux_BWD_REGISTERED.mem[BWD_REGISTERED.rd_ptr]_123_34 ( mux_9333_10 ) 
              5 ctl_BWD_REGISTERED.wr_ptr_131_25 ( case_box_3542_10 ) 
           4 dsp_skid_buffer ( skid_buffer_SBUF_TYPE1_DATA_WIDTH42_11 ) 
              5 add_132_42 ( add_unsigned_1931_159 ) 
              5 eq_116_34 ( equal_unsigned_162_262 ) 
              5 add_135_42 ( add_unsigned_1931_160 ) 
              5 ctl_BWD_REGISTERED.rd_ptr_123_34 ( case_box_3541_11 ) 
              5 mux_BWD_REGISTERED.mem[BWD_REGISTERED.rd_ptr]_123_34 ( mux_9333_11 ) 
              5 ctl_BWD_REGISTERED.wr_ptr_131_25 ( case_box_3542_11 ) 
           4 g1 ( or_op_3545_5 ) 
           4 g4 ( and_op_3546_5 ) 
           4 g11 ( and_op_3547_5 ) 
           4 g12 ( or_op_3548_5 ) 
           4 eq_702_49 ( equal_unsigned_1052_18 ) 
           4 eq00432950 ( equal_unsigned_9337_5 ) 
           4 eq_719_59_I1 ( equal_unsigned_255_66 ) 
           4 eq_719_59_I2 ( equal_unsigned_255_67 ) 
           4 eq_719_59_I3 ( equal_unsigned_162_263 ) 
           4 eq_719_59_I4 ( equal_unsigned_162_264 ) 
           4 eq_733_76_I1 ( equal_unsigned_119_90 ) 
           4 eq_733_76_I2 ( equal_unsigned_119_91 ) 
           4 eq_733_76_I3 ( equal_unsigned_119_92 ) 
           4 eq_733_76_I4 ( equal_unsigned_119_93 ) 
           4 eq_733_76_I5 ( equal_unsigned_119_94 ) 
           4 eq_733_76_I6 ( equal_unsigned_119_95 ) 
           4 eq_733_76_I7 ( equal_unsigned_119_96 ) 
           4 eq_733_76_I8 ( equal_unsigned_119_97 ) 
           4 eq_733_76_I9 ( equal_unsigned_119_98 ) 
           4 eq_733_76_I10 ( equal_unsigned_119_99 ) 
           4 eq_733_76_I11 ( equal_unsigned_119_100 ) 
           4 eq_733_76_I12 ( equal_unsigned_119_101 ) 
           4 eq_733_76_I13 ( equal_unsigned_119_102 ) 
           4 eq_733_76_I14 ( equal_unsigned_119_103 ) 
           4 eq_733_76_I15 ( equal_unsigned_119_104 ) 
           4 eq_733_76_I16 ( equal_unsigned_119_105 ) 
           4 sub_769_51 ( sub_unsigned_9379_5 ) 
           4 eq00432960 ( equal_unsigned_255_68 ) 
           4 eq00432965 ( equal_unsigned_70_16 ) 
           4 eq00432970 ( equal_unsigned_2000_8 ) 
           4 eq00432975 ( equal_unsigned_8_13 ) 
           4 eq00432980 ( equal_unsigned_9391_5 ) 
           4 eq00432985 ( equal_unsigned_137_6 ) 
           4 eq00432990 ( equal_unsigned_8513_6 ) 
           4 eq00432995 ( equal_unsigned_9397_5 ) 
           4 eq00433000 ( equal_unsigned_9399_5 ) 
           4 eq00433005 ( equal_unsigned_9401_5 ) 
           4 eq00433010 ( equal_unsigned_9403_5 ) 
           4 eq00433015 ( equal_unsigned_9405_5 ) 
           4 eq00433020 ( equal_unsigned_9407_5 ) 
           4 eq00433025 ( equal_unsigned_9409_5 ) 
           4 add_797_57 ( add_unsigned_9411_5 ) 
           4 mux_filter_count_q_796_13 ( bmux_9412_5 ) 
           4 mux_filter_push_slot_768_17 ( bmux_46_593 ) 
           4 mux_filter_shift_seen_772_25 ( bmux_4424 ) 
           4 mux_filter_shift_seen_772_103 ( bmux_4425 ) 
           4 mux_filter_shift_seen_772_106 ( bmux_4426 ) 
           4 mux_filter_shift_seen_772_109 ( bmux_4427 ) 
           4 mux_filter_shift_seen_772_112 ( bmux_4428 ) 
           4 mux_filter_shift_seen_772_115 ( bmux_4429 ) 
           4 mux_filter_shift_seen_772_118 ( bmux_4430 ) 
           4 mux_filter_shift_seen_772_121 ( bmux_4431 ) 
           4 mux_filter_shift_seen_772_124 ( bmux_4432 ) 
           4 mux_filter_shift_seen_772_127 ( bmux_4433 ) 
           4 mux_filter_shift_seen_772_130 ( bmux_4434 ) 
           4 mux_filter_shift_seen_772_133 ( bmux_4435 ) 
           4 mux_filter_shift_seen_772_136 ( bmux_4436 ) 
           4 mux_filter_shift_seen_772_139 ( bmux_4437 ) 
           4 mux_filter_shift_seen_772_142 ( bmux_4438 ) 
           4 mux_filter_shift_seen_772_145 ( bmux_4439 ) 
           4 ctl_filter_push_slot_791_17 ( case_box_3595_5 ) 
           4 mux_filter_valid_q[15]_791_17 ( mux_53_2252 ) 
           4 mux_filter_valid_q[15]_790_30 ( bmux_4440 ) 
           4 mux_filter_valid_q[14]_791_17 ( mux_53_2253 ) 
           4 mux_filter_valid_q[14]_790_30 ( bmux_4442 ) 
           4 mux_filter_valid_q[13]_791_17 ( mux_53_2254 ) 
           4 mux_filter_valid_q[13]_790_30 ( bmux_4444 ) 
           4 mux_filter_valid_q[12]_791_17 ( mux_53_2255 ) 
           4 mux_filter_valid_q[12]_790_30 ( bmux_4446 ) 
           4 mux_filter_valid_q[11]_791_17 ( mux_53_2256 ) 
           4 mux_filter_valid_q[11]_790_30 ( bmux_4448 ) 
           4 mux_filter_valid_q[10]_791_17 ( mux_53_2257 ) 
           4 mux_filter_valid_q[10]_790_30 ( bmux_4450 ) 
           4 mux_filter_valid_q[9]_791_17 ( mux_53_2258 ) 
           4 mux_filter_valid_q[9]_790_30 ( bmux_4452 ) 
           4 mux_filter_valid_q[8]_791_17 ( mux_53_2259 ) 
           4 mux_filter_valid_q[8]_790_30 ( bmux_4454 ) 
           4 mux_filter_valid_q[7]_791_17 ( mux_53_2260 ) 
           4 mux_filter_valid_q[7]_790_30 ( bmux_4456 ) 
           4 mux_filter_valid_q[6]_791_17 ( mux_53_2261 ) 
           4 mux_filter_valid_q[6]_790_30 ( bmux_4458 ) 
           4 mux_filter_valid_q[5]_791_17 ( mux_53_2262 ) 
           4 mux_filter_valid_q[5]_790_30 ( bmux_4460 ) 
           4 mux_filter_valid_q[4]_791_17 ( mux_53_2263 ) 
           4 mux_filter_valid_q[4]_790_30 ( bmux_4462 ) 
           4 mux_filter_valid_q[3]_791_17 ( mux_53_2264 ) 
           4 mux_filter_valid_q[3]_790_30 ( bmux_4464 ) 
           4 mux_filter_valid_q[2]_791_17 ( mux_53_2265 ) 
           4 mux_filter_valid_q[2]_790_30 ( bmux_4466 ) 
           4 mux_filter_valid_q[1]_791_17 ( mux_53_2266 ) 
           4 mux_filter_valid_q[1]_790_30 ( bmux_4468 ) 
           4 mux_filter_valid_q[0]_791_17 ( mux_53_2267 ) 
           4 mux_filter_valid_q[0]_790_30 ( bmux_4470 ) 
           4 mux_filter_id_q[15]_793_17 ( mux_9479_80 ) 
           4 mux_filter_id_q[15]_790_30 ( bmux_1884_188 ) 
           4 mux_filter_id_q[14]_793_17 ( mux_9479_81 ) 
           4 mux_filter_id_q[14]_790_30 ( bmux_1884_190 ) 
           4 mux_filter_id_q[13]_793_17 ( mux_9479_82 ) 
           4 mux_filter_id_q[13]_790_30 ( bmux_1884_192 ) 
           4 mux_filter_id_q[12]_793_17 ( mux_9479_83 ) 
           4 mux_filter_id_q[12]_790_30 ( bmux_1884_194 ) 
           4 mux_filter_id_q[11]_793_17 ( mux_9479_84 ) 
           4 mux_filter_id_q[11]_790_30 ( bmux_1884_196 ) 
           4 mux_filter_id_q[10]_793_17 ( mux_9479_85 ) 
           4 mux_filter_id_q[10]_790_30 ( bmux_1884_198 ) 
           4 mux_filter_id_q[9]_793_17 ( mux_9479_86 ) 
           4 mux_filter_id_q[9]_790_30 ( bmux_1884_200 ) 
           4 mux_filter_id_q[8]_793_17 ( mux_9479_87 ) 
           4 mux_filter_id_q[8]_790_30 ( bmux_1884_202 ) 
           4 mux_filter_id_q[7]_793_17 ( mux_9479_88 ) 
           4 mux_filter_id_q[7]_790_30 ( bmux_1884_204 ) 
           4 mux_filter_id_q[6]_793_17 ( mux_9479_89 ) 
           4 mux_filter_id_q[6]_790_30 ( bmux_1884_206 ) 
           4 mux_filter_id_q[5]_793_17 ( mux_9479_90 ) 
           4 mux_filter_id_q[5]_790_30 ( bmux_1884_208 ) 
           4 mux_filter_id_q[4]_793_17 ( mux_9479_91 ) 
           4 mux_filter_id_q[4]_790_30 ( bmux_1884_210 ) 
           4 mux_filter_id_q[3]_793_17 ( mux_9479_92 ) 
           4 mux_filter_id_q[3]_790_30 ( bmux_1884_212 ) 
           4 mux_filter_id_q[2]_793_17 ( mux_9479_93 ) 
           4 mux_filter_id_q[2]_790_30 ( bmux_1884_214 ) 
           4 mux_filter_id_q[1]_793_17 ( mux_9479_94 ) 
           4 mux_filter_id_q[1]_790_30 ( bmux_1884_216 ) 
           4 mux_filter_id_q[0]_793_17 ( mux_9479_95 ) 
           4 mux_filter_id_q[0]_790_30 ( bmux_1884_218 ) 
           4 mux_filter_cross_q[15]_792_17 ( mux_53_2268 ) 
           4 mux_filter_cross_q[15]_790_30 ( bmux_4472 ) 
           4 mux_filter_cross_q[14]_792_17 ( mux_53_2269 ) 
           4 mux_filter_cross_q[14]_790_30 ( bmux_4474 ) 
           4 mux_filter_cross_q[13]_792_17 ( mux_53_2270 ) 
           4 mux_filter_cross_q[13]_790_30 ( bmux_4476 ) 
           4 mux_filter_cross_q[12]_792_17 ( mux_53_2271 ) 
           4 mux_filter_cross_q[12]_790_30 ( bmux_4478 ) 
           4 mux_filter_cross_q[11]_792_17 ( mux_53_2272 ) 
           4 mux_filter_cross_q[11]_790_30 ( bmux_4480 ) 
           4 mux_filter_cross_q[10]_792_17 ( mux_53_2273 ) 
           4 mux_filter_cross_q[10]_790_30 ( bmux_4482 ) 
           4 mux_filter_cross_q[9]_792_17 ( mux_53_2274 ) 
           4 mux_filter_cross_q[9]_790_30 ( bmux_4484 ) 
           4 mux_filter_cross_q[8]_792_17 ( mux_53_2275 ) 
           4 mux_filter_cross_q[8]_790_30 ( bmux_4486 ) 
           4 mux_filter_cross_q[7]_792_17 ( mux_53_2276 ) 
           4 mux_filter_cross_q[7]_790_30 ( bmux_4488 ) 
           4 mux_filter_cross_q[6]_792_17 ( mux_53_2277 ) 
           4 mux_filter_cross_q[6]_790_30 ( bmux_4490 ) 
           4 mux_filter_cross_q[5]_792_17 ( mux_53_2278 ) 
           4 mux_filter_cross_q[5]_790_30 ( bmux_4492 ) 
           4 mux_filter_cross_q[4]_792_17 ( mux_53_2279 ) 
           4 mux_filter_cross_q[4]_790_30 ( bmux_4494 ) 
           4 mux_filter_cross_q[3]_792_17 ( mux_53_2280 ) 
           4 mux_filter_cross_q[3]_790_30 ( bmux_4496 ) 
           4 mux_filter_cross_q[2]_792_17 ( mux_53_2281 ) 
           4 mux_filter_cross_q[2]_790_30 ( bmux_4498 ) 
           4 mux_filter_cross_q[1]_792_17 ( mux_53_2282 ) 
           4 mux_filter_cross_q[1]_790_30 ( bmux_4500 ) 
           4 mux_filter_cross_q[0]_792_17 ( mux_53_2283 ) 
           4 mux_filter_cross_q[0]_790_30 ( bmux_4502 ) 
     2 SA_GEN[6].genblk1.slave_arbitration ( ai_slave_arbitration_MST_AMT4_OUTSTANDING_AMT4_MST_WEIGHTx00000005000000040000000300000001_MST_ID_W2_DATA_WIDTH32_ADDR_WIDTH32_TRANS_MST_ID_W5_TRANS_SLV_ID_W7_TRANS_BURST_W2_TRANS_DATA_LEN_W8_TRANS_DATA_SIZE_W3_TRANS_WR_RESP_W2_SLV_ID6_SLV_ID_MSB_IDX31_SLV_ID_LSB_IDX29_W_FIFO_DEPTH32h00000008_AXI_SIDEBAND_EN0_AXI_LOCK_CONST0_AXI_CACHE_CONST3_AXI_QOS_CONST0_AXI_REGION_CONST0 ) 
        3 AW_channel ( sa_Ax_channel_MST_AMT4_OUTSTANDING_AMT4_MST_WEIGHTx00000005000000040000000300000001_MST_ID_W2_DATA_WIDTH32_ADDR_WIDTH32_TRANS_MST_ID_W5_DSP_ID_W5_TRANS_SLV_ID_W7_TRANS_BURST_W2_TRANS_DATA_LEN_W8_TRANS_DATA_SIZE_W3_SLV_ID6_SLV_ID_MSB_IDX31_SLV_ID_LSB_IDX29_AXI_SIDEBAND_EN0_AXI_LOCK_CONST0_AXI_CACHE_CONST3_AXI_QOS_CONST0_AXI_REGION_CONST0 ) 
           4 MST_FIFO[0].fifo_Ax_channel ( sync_fifo_FIFO_TYPE2_DATA_WIDTH53_FIFO_DEPTH4_48 ) 
              5 eq_38_38 ( equal_unsigned_162_265 ) 
              5 add_54_30 ( add_unsigned_5261_150 ) 
              5 eq_37_37 ( equal_unsigned_82_171 ) 
              5 add_39_37 ( add_unsigned_5261_151 ) 
              5 eq_39_45 ( equal_unsigned_82_172 ) 
              5 add_40_38 ( add_unsigned_1931_161 ) 
              5 eq_40_46 ( equal_unsigned_162_266 ) 
              5 sub_41_36 ( sub_unsigned_8778_70 ) 
              5 ctl_rd_addr_46_21 ( case_box_3368_48 ) 
              5 mux_mem[rd_addr]_46_21 ( mux_9009_48 ) 
              5 ctl_wr_addr_53_13 ( case_box_3369_48 ) 
           4 MST_FIFO[0].splitting_4kb_masker ( splitting_4kb_masker_ADDR_WIDTH32_LEN_WIDTH8_SIZE_WIDTH3_48 ) 
              5 g1 ( or_op_3372_48 ) 
              5 add_323_62 ( add_unsigned_9011_48 ) 
              5 add_313_58 ( add_unsigned_9015_48 ) 
              5 sub_320_83 ( sub_unsigned_5267_97 ) 
              5 add_294_29 ( add_unsigned_9019_48 ) 
              5 sub_319_33 ( sub_unsigned_9021_48 ) 
              5 mux_320_46 ( bmux_190_280 ) 
              5 mux_320_27 ( bmux_190_281 ) 
              5 mux_324_28 ( bmux_46_594 ) 
              5 mux_trans_size_sll[SIZE_i]_304_25 ( bmux_6548_7 ) 
              5 mux_trans_size_rem_srl[SIZE_i]_317_26 ( bmux_6549_7 ) 
           4 MST_FIFO[1].fifo_Ax_channel ( sync_fifo_FIFO_TYPE2_DATA_WIDTH53_FIFO_DEPTH4_49 ) 
              5 eq_38_38 ( equal_unsigned_162_267 ) 
              5 add_54_30 ( add_unsigned_5261_152 ) 
              5 eq_37_37 ( equal_unsigned_82_173 ) 
              5 add_39_37 ( add_unsigned_5261_153 ) 
              5 eq_39_45 ( equal_unsigned_82_174 ) 
              5 add_40_38 ( add_unsigned_1931_162 ) 
              5 eq_40_46 ( equal_unsigned_162_268 ) 
              5 sub_41_36 ( sub_unsigned_8778_71 ) 
              5 ctl_rd_addr_46_21 ( case_box_3368_49 ) 
              5 mux_mem[rd_addr]_46_21 ( mux_9009_49 ) 
              5 ctl_wr_addr_53_13 ( case_box_3369_49 ) 
           4 MST_FIFO[1].splitting_4kb_masker ( splitting_4kb_masker_ADDR_WIDTH32_LEN_WIDTH8_SIZE_WIDTH3_49 ) 
              5 g1 ( or_op_3372_49 ) 
              5 add_323_62 ( add_unsigned_9011_49 ) 
              5 add_313_58 ( add_unsigned_9015_49 ) 
              5 sub_320_83 ( sub_unsigned_5267_98 ) 
              5 add_294_29 ( add_unsigned_9019_49 ) 
              5 sub_319_33 ( sub_unsigned_9021_49 ) 
              5 mux_320_46 ( bmux_190_282 ) 
              5 mux_320_27 ( bmux_190_283 ) 
              5 mux_324_28 ( bmux_46_595 ) 
              5 mux_trans_size_sll[SIZE_i]_304_25 ( bmux_6548_6 ) 
              5 mux_trans_size_rem_srl[SIZE_i]_317_26 ( bmux_6549_6 ) 
           4 MST_FIFO[2].fifo_Ax_channel ( sync_fifo_FIFO_TYPE2_DATA_WIDTH53_FIFO_DEPTH4_50 ) 
              5 eq_38_38 ( equal_unsigned_162_269 ) 
              5 add_54_30 ( add_unsigned_5261_154 ) 
              5 eq_37_37 ( equal_unsigned_82_175 ) 
              5 add_39_37 ( add_unsigned_5261_155 ) 
              5 eq_39_45 ( equal_unsigned_82_176 ) 
              5 add_40_38 ( add_unsigned_1931_163 ) 
              5 eq_40_46 ( equal_unsigned_162_270 ) 
              5 sub_41_36 ( sub_unsigned_8778_72 ) 
              5 ctl_rd_addr_46_21 ( case_box_3368_50 ) 
              5 mux_mem[rd_addr]_46_21 ( mux_9009_50 ) 
              5 ctl_wr_addr_53_13 ( case_box_3369_50 ) 
           4 MST_FIFO[2].splitting_4kb_masker ( splitting_4kb_masker_ADDR_WIDTH32_LEN_WIDTH8_SIZE_WIDTH3_50 ) 
              5 g1 ( or_op_3372_50 ) 
              5 add_323_62 ( add_unsigned_9011_50 ) 
              5 add_313_58 ( add_unsigned_9015_50 ) 
              5 sub_320_83 ( sub_unsigned_5267_99 ) 
              5 add_294_29 ( add_unsigned_9019_50 ) 
              5 sub_319_33 ( sub_unsigned_9021_50 ) 
              5 mux_320_46 ( bmux_190_284 ) 
              5 mux_320_27 ( bmux_190_285 ) 
              5 mux_324_28 ( bmux_46_596 ) 
              5 mux_trans_size_sll[SIZE_i]_304_25 ( bmux_6548_5 ) 
              5 mux_trans_size_rem_srl[SIZE_i]_317_26 ( bmux_6549_5 ) 
           4 MST_FIFO[3].fifo_Ax_channel ( sync_fifo_FIFO_TYPE2_DATA_WIDTH53_FIFO_DEPTH4_51 ) 
              5 eq_38_38 ( equal_unsigned_162_271 ) 
              5 add_54_30 ( add_unsigned_5261_156 ) 
              5 eq_37_37 ( equal_unsigned_82_177 ) 
              5 add_39_37 ( add_unsigned_5261_157 ) 
              5 eq_39_45 ( equal_unsigned_82_178 ) 
              5 add_40_38 ( add_unsigned_1931_164 ) 
              5 eq_40_46 ( equal_unsigned_162_272 ) 
              5 sub_41_36 ( sub_unsigned_8778_73 ) 
              5 ctl_rd_addr_46_21 ( case_box_3368_51 ) 
              5 mux_mem[rd_addr]_46_21 ( mux_9009_51 ) 
              5 ctl_wr_addr_53_13 ( case_box_3369_51 ) 
           4 MST_FIFO[3].splitting_4kb_masker ( splitting_4kb_masker_ADDR_WIDTH32_LEN_WIDTH8_SIZE_WIDTH3_51 ) 
              5 g1 ( or_op_3372_51 ) 
              5 add_323_62 ( add_unsigned_9011_51 ) 
              5 add_313_58 ( add_unsigned_9015_51 ) 
              5 sub_320_83 ( sub_unsigned_5267_100 ) 
              5 add_294_29 ( add_unsigned_9019_51 ) 
              5 sub_319_33 ( sub_unsigned_9021_51 ) 
              5 mux_320_46 ( bmux_190_286 ) 
              5 mux_320_27 ( bmux_190_287 ) 
              5 mux_324_28 ( bmux_46_597 ) 
              5 mux_trans_size_sll[SIZE_i]_304_25 ( bmux_6548_4 ) 
              5 mux_trans_size_rem_srl[SIZE_i]_317_26 ( bmux_6549_4 ) 
           4 arbiter ( arbiter_iwrr_1cycle_P_REQUESTER_NUM4_P_REQUESTER_WEIGHTx00000005000000040000000300000001_P_NUM_GRANT_REQ_W1_12 ) 
              5 mux_req_i_55_21 ( mux_83_127 ) 
              5 decode_gint ( Decoder_2_3_0_12 ) 
              5 mux_grant_candidate_56_21 ( bmux_4504 ) 
              5 mux_grant_candidate_56_2 ( bmux_4505 ) 
              5 mux_grant_candidate_56_3 ( bmux_4506 ) 
              5 mux_grant_candidate_56_4 ( bmux_4507 ) 
              5 mux_req_i_55_6 ( mux_83_128 ) 
              5 decode_gint7 ( Decoder_2_3_0_3380_12 ) 
              5 mux_grant_candidate_56_10 ( bmux_4508 ) 
              5 mux_grant_candidate_56_11 ( bmux_4509 ) 
              5 mux_grant_candidate_56_12 ( bmux_4510 ) 
              5 mux_grant_candidate_56_13 ( bmux_4511 ) 
              5 mux_req_i_55_15 ( mux_83_129 ) 
              5 decode_gint16 ( Decoder_2_3_0_3388_12 ) 
              5 mux_grant_candidate_56_19 ( bmux_4512 ) 
              5 mux_grant_candidate_56_20 ( bmux_4513 ) 
              5 mux_grant_candidate_56_22 ( bmux_4514 ) 
              5 mux_grant_candidate_56_23 ( bmux_4515 ) 
              5 mux_req_i_55_25 ( mux_83_130 ) 
              5 decode_gint26 ( Decoder_2_3_0_3396_12 ) 
              5 mux_grant_candidate_56_29 ( bmux_4516 ) 
              5 mux_grant_candidate_56_30 ( bmux_4517 ) 
              5 mux_grant_candidate_56_31 ( bmux_4518 ) 
              5 mux_grant_candidate_56_32 ( bmux_4519 ) 
              5 mux_grant_candidate_69_25 ( bmux_4520 ) 
              5 mux_grant_candidate_69_35 ( bmux_4521 ) 
              5 mux_grant_candidate_69_36 ( bmux_4522 ) 
              5 mux_grant_candidate_69_37 ( bmux_4523 ) 
              5 mux_grant_candidate_69_42 ( bmux_4524 ) 
              5 mux_grant_candidate_69_43 ( bmux_4525 ) 
              5 mux_grant_candidate_69_44 ( bmux_4526 ) 
              5 mux_grant_candidate_69_45 ( bmux_4527 ) 
              5 mux_grant_candidate_69_50 ( bmux_4528 ) 
              5 mux_grant_candidate_69_51 ( bmux_4529 ) 
              5 mux_grant_candidate_69_52 ( bmux_4530 ) 
              5 mux_grant_candidate_69_53 ( bmux_4531 ) 
              5 mux_grant_candidate_69_58 ( bmux_4532 ) 
              5 mux_grant_candidate_69_59 ( bmux_4533 ) 
              5 mux_grant_candidate_69_60 ( bmux_4534 ) 
              5 mux_grant_candidate_69_61 ( bmux_4535 ) 
              5 g62 ( or_op_3429_12 ) 
              5 g63 ( or_op_3430_12 ) 
              5 g65 ( and_op_3431_12 ) 
              5 g66 ( or_op_3432_12 ) 
              5 add_53_50_I1 ( add_unsigned_9068_24 ) 
              5 gt_55_64_I1 ( gt_unsigned_9074_96 ) 
              5 add00416395 ( add_unsigned_9076_48 ) 
              5 gt_55_64_I2 ( gt_unsigned_9074_97 ) 
              5 add00416485 ( add_unsigned_9076_49 ) 
              5 gt_55_64_I3 ( gt_unsigned_9074_98 ) 
              5 add00416575 ( add_unsigned_9092_24 ) 
              5 gt_55_64_I4 ( gt_unsigned_9074_99 ) 
              5 lte_87_49_I1 ( leq_unsigned_48 ) 
              5 lte_87_49_I2 ( leq_unsigned_49 ) 
              5 lte_87_49_I3 ( leq_unsigned_50 ) 
              5 lte_87_49_I4 ( leq_unsigned_51 ) 
              5 gt_107_58_I4 ( gt_unsigned_9074_100 ) 
              5 sub_108_48_I4 ( sub_unsigned_5267_101 ) 
              5 gt_107_58_I3 ( gt_unsigned_9074_101 ) 
              5 sub_108_48_I3 ( sub_unsigned_5267_102 ) 
              5 gt_107_58_I2 ( gt_unsigned_9074_102 ) 
              5 sub_108_48_I2 ( sub_unsigned_5267_103 ) 
              5 gt_107_58_I1 ( gt_unsigned_9074_103 ) 
              5 sub_108_48_I1 ( sub_unsigned_5267_104 ) 
              5 mux_credit[1]_101_17 ( bmux_190_288 ) 
              5 ctl_idx_wrapped_55_44 ( case_box_3446_12 ) 
              5 mux_credit[idx_wrapped]_55_44 ( mux_9150_66 ) 
              5 mux_found_55_40 ( bmux_4536 ) 
              5 ctl_idx_wrapped_55_93 ( case_box_3447_12 ) 
              5 mux_credit[idx_wrapped]_55_94 ( mux_9150_67 ) 
              5 mux_found_52_17 ( bmux_4537 ) 
              5 ctl_idx_wrapped_55_98 ( case_box_3450_12 ) 
              5 mux_credit[idx_wrapped]_55_99 ( mux_9150_68 ) 
              5 mux_found_52_101 ( bmux_4538 ) 
              5 ctl_idx_wrapped_55_104 ( case_box_3453_12 ) 
              5 mux_credit[idx_wrapped]_55_105 ( mux_9150_69 ) 
              5 mux_found_52_107 ( bmux_4539 ) 
              5 mux_found_68_25 ( bmux_4540 ) 
              5 mux_found_65_21 ( bmux_4541 ) 
              5 mux_found_65_117 ( bmux_4542 ) 
              5 mux_grant_candidate_55_40 ( bmux_108_254 ) 
              5 mux_grant_candidate_55_126 ( bmux_108_255 ) 
              5 mux_grant_candidate_52_17 ( bmux_108_256 ) 
              5 mux_grant_candidate_55_127 ( bmux_108_257 ) 
              5 mux_grant_candidate_52_128 ( bmux_108_258 ) 
              5 mux_grant_candidate_55_129 ( bmux_108_259 ) 
              5 mux_grant_candidate_52_130 ( bmux_108_260 ) 
              5 mux_grant_candidate_68_25 ( bmux_108_261 ) 
              5 mux_grant_candidate_68_131 ( bmux_108_262 ) 
              5 mux_grant_candidate_65_21 ( bmux_108_263 ) 
              5 mux_grant_candidate_68_132 ( bmux_108_264 ) 
              5 mux_grant_candidate_65_133 ( bmux_108_265 ) 
              5 mux_grant_candidate_68_134 ( bmux_108_266 ) 
              5 mux_grant_candidate_65_135 ( bmux_108_267 ) 
              5 mux_grant_candidate_63_13 ( bmux_108_268 ) 
              5 mux_77_29 ( bmux_108_269 ) 
              5 mux_credit[0]_101_17 ( bmux_190_289 ) 
              5 ctl_grant_candidate_88_17 ( case_box_3456_12 ) 
              5 mux_grant_idx_88_17 ( mux_93_26 ) 
              5 mux_credit[2]_101_17 ( bmux_190_291 ) 
              5 mux_credit[3]_101_17 ( bmux_190_293 ) 
           4 master_id_encoder ( onehot_encoder_INPUT_W4_OUTPUT_W2_12 ) 
              5 ctl_i_248_17 ( case_box_3460_12 ) 
              5 mux_encoded_248_17 ( mux_93_27 ) 
           4 slv_skid_buffer ( skid_buffer_SBUF_TYPE3_DATA_WIDTH68_12 ) 
           4 g55 ( or_op_3788 ) 
           4 ctl_granted_mst_id_467_27 ( case_box_3802 ) 
           4 mux_AxPROT_valid[granted_mst_id]_467_27 ( mux_9192_24 ) 
           4 mux_AxLEN_valid_split[granted_mst_id]_463_26 ( mux_9150_70 ) 
           4 mux_AxBURST_valid[granted_mst_id]_462_28 ( mux_1233_14 ) 
           4 mux_AxADDR_valid_split[granted_mst_id]_461_27 ( mux_2030_23 ) 
           4 mux_AxID_valid[granted_mst_id]_458_50 ( mux_9202_12 ) 
           4 mux_msk_addr_crossing_valid[granted_mst_id]_549_44 ( mux_83_135 ) 
           4 mux_AxSIZE_valid[granted_mst_id]_464_27 ( mux_9192_25 ) 
        3 W_channel ( sa_W_channel_MST_AMT4_OUTSTANDING_AMT4_MST_ID_W2_DATA_WIDTH32_ADDR_WIDTH32_TRANS_DATA_LEN_W8_W_FIFO_DEPTH32h00000008_2 ) 
           4 fifo_wdata_order ( sync_fifo_FIFO_TYPE0_DATA_WIDTH10_FIFO_DEPTH4_6 ) 
              5 eq_38_38 ( equal_unsigned_162_273 ) 
              5 add_54_30 ( add_unsigned_5261_158 ) 
              5 eq_37_37 ( equal_unsigned_82_179 ) 
              5 add_39_37 ( add_unsigned_5261_159 ) 
              5 eq_39_45 ( equal_unsigned_82_180 ) 
              5 add_40_38 ( add_unsigned_1931_165 ) 
              5 eq_40_46 ( equal_unsigned_162_274 ) 
              5 sub_41_36 ( sub_unsigned_8778_74 ) 
              5 ctl_rd_addr_46_21 ( case_box_3500_6 ) 
              5 mux_mem[rd_addr]_46_21 ( mux_9232_6 ) 
              5 ctl_wr_addr_53_13 ( case_box_3501_6 ) 
           4 slv_skid_buffer ( skid_buffer_SBUF_TYPE3_DATA_WIDTH37_6 ) 
           4 MST_W_FIFO[0].fifo_wdata ( sync_fifo_FIFO_TYPE0_DATA_WIDTH36_FIFO_DEPTH32h00000008_8 ) 
              5 eq_38_38 ( equal_unsigned_82_181 ) 
              5 add_54_30 ( add_unsigned_8819_28 ) 
              5 eq_37_37 ( equal_unsigned_8455_17 ) 
              5 add_39_37 ( add_unsigned_8819_29 ) 
              5 eq_39_45 ( equal_unsigned_8455_18 ) 
              5 add_40_38 ( add_unsigned_5261_160 ) 
              5 eq_40_46 ( equal_unsigned_82_182 ) 
              5 sub_41_36 ( sub_unsigned_9616_8 ) 
              5 mux_mem[rd_addr]_46_21 ( bmux_9619_8 ) 
              5 ctl_wr_addr_53_13 ( case_box_3647_8 ) 
           4 MST_W_FIFO[1].fifo_wdata ( sync_fifo_FIFO_TYPE0_DATA_WIDTH36_FIFO_DEPTH32h00000008_9 ) 
              5 eq_38_38 ( equal_unsigned_82_183 ) 
              5 add_54_30 ( add_unsigned_8819_30 ) 
              5 eq_37_37 ( equal_unsigned_8455_19 ) 
              5 add_39_37 ( add_unsigned_8819_31 ) 
              5 eq_39_45 ( equal_unsigned_8455_20 ) 
              5 add_40_38 ( add_unsigned_5261_161 ) 
              5 eq_40_46 ( equal_unsigned_82_184 ) 
              5 sub_41_36 ( sub_unsigned_9616_9 ) 
              5 mux_mem[rd_addr]_46_21 ( bmux_9619_9 ) 
              5 ctl_wr_addr_53_13 ( case_box_3647_9 ) 
           4 MST_W_FIFO[2].fifo_wdata ( sync_fifo_FIFO_TYPE0_DATA_WIDTH36_FIFO_DEPTH32h00000008_10 ) 
              5 eq_38_38 ( equal_unsigned_82_185 ) 
              5 add_54_30 ( add_unsigned_8819_32 ) 
              5 eq_37_37 ( equal_unsigned_8455_21 ) 
              5 add_39_37 ( add_unsigned_8819_33 ) 
              5 eq_39_45 ( equal_unsigned_8455_22 ) 
              5 add_40_38 ( add_unsigned_5261_162 ) 
              5 eq_40_46 ( equal_unsigned_82_186 ) 
              5 sub_41_36 ( sub_unsigned_9616_10 ) 
              5 mux_mem[rd_addr]_46_21 ( bmux_9619_10 ) 
              5 ctl_wr_addr_53_13 ( case_box_3647_10 ) 
           4 MST_W_FIFO[3].fifo_wdata ( sync_fifo_FIFO_TYPE0_DATA_WIDTH36_FIFO_DEPTH32h00000008_11 ) 
              5 eq_38_38 ( equal_unsigned_82_187 ) 
              5 add_54_30 ( add_unsigned_8819_34 ) 
              5 eq_37_37 ( equal_unsigned_8455_23 ) 
              5 add_39_37 ( add_unsigned_8819_35 ) 
              5 eq_39_45 ( equal_unsigned_8455_24 ) 
              5 add_40_38 ( add_unsigned_5261_163 ) 
              5 eq_40_46 ( equal_unsigned_82_188 ) 
              5 sub_41_36 ( sub_unsigned_9616_11 ) 
              5 mux_mem[rd_addr]_46_21 ( bmux_9619_11 ) 
              5 ctl_wr_addr_53_13 ( case_box_3647_11 ) 
           4 eq_1041_55 ( equal_unsigned_8797_8 ) 
           4 eq_1023_67_I1 ( equal_unsigned_255_69 ) 
           4 eq_1023_67_I2 ( equal_unsigned_255_70 ) 
           4 eq_1023_67_I3 ( equal_unsigned_162_275 ) 
           4 eq_1023_67_I4 ( equal_unsigned_162_276 ) 
           4 add_1040_54 ( add_unsigned_8799_8 ) 
           4 mux_1041_55 ( bmux_190_298 ) 
           4 ctl_Ax_mst_id_valid_1037_40 ( case_box_3649_2 ) 
           4 mux_fifo_wdata_empt[Ax_mst_id_valid]_1037_40 ( mux_83_136 ) 
           4 mux_dsp_WSTRB_valid[Ax_mst_id_valid]_1049_39 ( mux_86_8 ) 
           4 mux_dsp_WDATA_valid[Ax_mst_id_valid]_1050_39 ( mux_2030_24 ) 
        3 B_channel ( sa_B_channel_MST_AMT4_OUTSTANDING_AMT4_MST_ID_W2_TRANS_MST_ID_W5_TRANS_SLV_ID_W7_TRANS_WR_RESP_W2_6 ) 
           4 fifo_wresp_filter ( sync_fifo_FIFO_TYPE0_DATA_WIDTH8_FIFO_DEPTH4_6 ) 
              5 eq_38_38 ( equal_unsigned_162_277 ) 
              5 add_54_30 ( add_unsigned_5261_164 ) 
              5 eq_37_37 ( equal_unsigned_82_189 ) 
              5 add_39_37 ( add_unsigned_5261_165 ) 
              5 eq_39_45 ( equal_unsigned_82_190 ) 
              5 add_40_38 ( add_unsigned_1931_166 ) 
              5 eq_40_46 ( equal_unsigned_162_278 ) 
              5 sub_41_36 ( sub_unsigned_8778_75 ) 
              5 ctl_rd_addr_46_21 ( case_box_3524_6 ) 
              5 mux_mem[rd_addr]_46_21 ( mux_9150_71 ) 
              5 ctl_wr_addr_53_13 ( case_box_3525_6 ) 
           4 slv_skid_buffer ( skid_buffer_SBUF_TYPE1_DATA_WIDTH9_6 ) 
              5 add_132_42 ( add_unsigned_1931_167 ) 
              5 eq_116_34 ( equal_unsigned_162_279 ) 
              5 add_135_42 ( add_unsigned_1931_168 ) 
              5 ctl_BWD_REGISTERED.rd_ptr_123_34 ( case_box_3531_6 ) 
              5 mux_BWD_REGISTERED.mem[BWD_REGISTERED.rd_ptr]_123_34 ( mux_9309_6 ) 
              5 ctl_BWD_REGISTERED.wr_ptr_131_25 ( case_box_3532_6 ) 
           4 mux_dsp_BREADY_i_1221_31 ( mux_83_137 ) 
           4 decode_gint ( Decoder_2_3_0_3537_6 ) 
           4 eq_1210_44 ( equal_unsigned_119_106 ) 
           4 eq_1224_52_I1 ( equal_unsigned_255_71 ) 
           4 eq_1224_52_I2 ( equal_unsigned_255_72 ) 
           4 eq_1224_52_I3 ( equal_unsigned_162_280 ) 
           4 eq_1224_52_I4 ( equal_unsigned_162_281 ) 
        3 AR_channel ( sa_Ax_channel_MST_AMT4_OUTSTANDING_AMT4_MST_WEIGHTx00000005000000040000000300000001_MST_ID_W2_DATA_WIDTH32_ADDR_WIDTH32_TRANS_MST_ID_W5_DSP_ID_W5_TRANS_SLV_ID_W7_TRANS_BURST_W2_TRANS_DATA_LEN_W8_TRANS_DATA_SIZE_W3_SLV_ID6_SLV_ID_MSB_IDX31_SLV_ID_LSB_IDX29_AXI_SIDEBAND_EN0_AXI_LOCK_CONST0_AXI_CACHE_CONST3_AXI_QOS_CONST0_AXI_REGION_CONST0_1 ) 
           4 MST_FIFO[0].fifo_Ax_channel ( sync_fifo_FIFO_TYPE2_DATA_WIDTH53_FIFO_DEPTH4_52 ) 
              5 eq_38_38 ( equal_unsigned_162_282 ) 
              5 add_54_30 ( add_unsigned_5261_166 ) 
              5 eq_37_37 ( equal_unsigned_82_191 ) 
              5 add_39_37 ( add_unsigned_5261_167 ) 
              5 eq_39_45 ( equal_unsigned_82_192 ) 
              5 add_40_38 ( add_unsigned_1931_169 ) 
              5 eq_40_46 ( equal_unsigned_162_283 ) 
              5 sub_41_36 ( sub_unsigned_8778_76 ) 
              5 ctl_rd_addr_46_21 ( case_box_3368_52 ) 
              5 mux_mem[rd_addr]_46_21 ( mux_9009_52 ) 
              5 ctl_wr_addr_53_13 ( case_box_3369_52 ) 
           4 MST_FIFO[0].splitting_4kb_masker ( splitting_4kb_masker_ADDR_WIDTH32_LEN_WIDTH8_SIZE_WIDTH3_52 ) 
              5 g1 ( or_op_3372_52 ) 
              5 add_323_62 ( add_unsigned_9011_52 ) 
              5 add_313_58 ( add_unsigned_9015_52 ) 
              5 sub_320_83 ( sub_unsigned_5267_105 ) 
              5 add_294_29 ( add_unsigned_9019_52 ) 
              5 sub_319_33 ( sub_unsigned_9021_52 ) 
              5 mux_320_46 ( bmux_190_300 ) 
              5 mux_320_27 ( bmux_190_301 ) 
              5 mux_324_28 ( bmux_46_600 ) 
              5 mux_trans_size_sll[SIZE_i]_304_25 ( bmux_6548_3 ) 
              5 mux_trans_size_rem_srl[SIZE_i]_317_26 ( bmux_6549_3 ) 
           4 MST_FIFO[1].fifo_Ax_channel ( sync_fifo_FIFO_TYPE2_DATA_WIDTH53_FIFO_DEPTH4_53 ) 
              5 eq_38_38 ( equal_unsigned_162_284 ) 
              5 add_54_30 ( add_unsigned_5261_168 ) 
              5 eq_37_37 ( equal_unsigned_82_193 ) 
              5 add_39_37 ( add_unsigned_5261_169 ) 
              5 eq_39_45 ( equal_unsigned_82_194 ) 
              5 add_40_38 ( add_unsigned_1931_170 ) 
              5 eq_40_46 ( equal_unsigned_162_285 ) 
              5 sub_41_36 ( sub_unsigned_8778_77 ) 
              5 ctl_rd_addr_46_21 ( case_box_3368_53 ) 
              5 mux_mem[rd_addr]_46_21 ( mux_9009_53 ) 
              5 ctl_wr_addr_53_13 ( case_box_3369_53 ) 
           4 MST_FIFO[1].splitting_4kb_masker ( splitting_4kb_masker_ADDR_WIDTH32_LEN_WIDTH8_SIZE_WIDTH3_53 ) 
              5 g1 ( or_op_3372_53 ) 
              5 add_323_62 ( add_unsigned_9011_53 ) 
              5 add_313_58 ( add_unsigned_9015_53 ) 
              5 sub_320_83 ( sub_unsigned_5267_106 ) 
              5 add_294_29 ( add_unsigned_9019_53 ) 
              5 sub_319_33 ( sub_unsigned_9021_53 ) 
              5 mux_320_46 ( bmux_190_302 ) 
              5 mux_320_27 ( bmux_190_303 ) 
              5 mux_324_28 ( bmux_46_601 ) 
              5 mux_trans_size_sll[SIZE_i]_304_25 ( bmux_6548_2 ) 
              5 mux_trans_size_rem_srl[SIZE_i]_317_26 ( bmux_6549_2 ) 
           4 MST_FIFO[2].fifo_Ax_channel ( sync_fifo_FIFO_TYPE2_DATA_WIDTH53_FIFO_DEPTH4_54 ) 
              5 eq_38_38 ( equal_unsigned_162_286 ) 
              5 add_54_30 ( add_unsigned_5261_170 ) 
              5 eq_37_37 ( equal_unsigned_82_195 ) 
              5 add_39_37 ( add_unsigned_5261_171 ) 
              5 eq_39_45 ( equal_unsigned_82_196 ) 
              5 add_40_38 ( add_unsigned_1931_171 ) 
              5 eq_40_46 ( equal_unsigned_162_287 ) 
              5 sub_41_36 ( sub_unsigned_8778_78 ) 
              5 ctl_rd_addr_46_21 ( case_box_3368_54 ) 
              5 mux_mem[rd_addr]_46_21 ( mux_9009_54 ) 
              5 ctl_wr_addr_53_13 ( case_box_3369_54 ) 
           4 MST_FIFO[2].splitting_4kb_masker ( splitting_4kb_masker_ADDR_WIDTH32_LEN_WIDTH8_SIZE_WIDTH3_54 ) 
              5 g1 ( or_op_3372_54 ) 
              5 add_323_62 ( add_unsigned_9011_54 ) 
              5 add_313_58 ( add_unsigned_9015_54 ) 
              5 sub_320_83 ( sub_unsigned_5267_107 ) 
              5 add_294_29 ( add_unsigned_9019_54 ) 
              5 sub_319_33 ( sub_unsigned_9021_54 ) 
              5 mux_320_46 ( bmux_190_304 ) 
              5 mux_320_27 ( bmux_190_305 ) 
              5 mux_324_28 ( bmux_46_602 ) 
              5 mux_trans_size_sll[SIZE_i]_304_25 ( bmux_6548_1 ) 
              5 mux_trans_size_rem_srl[SIZE_i]_317_26 ( bmux_6549_1 ) 
           4 MST_FIFO[3].fifo_Ax_channel ( sync_fifo_FIFO_TYPE2_DATA_WIDTH53_FIFO_DEPTH4_55 ) 
              5 eq_38_38 ( equal_unsigned_162_288 ) 
              5 add_54_30 ( add_unsigned_5261_172 ) 
              5 eq_37_37 ( equal_unsigned_82_197 ) 
              5 add_39_37 ( add_unsigned_5261_173 ) 
              5 eq_39_45 ( equal_unsigned_82_198 ) 
              5 add_40_38 ( add_unsigned_1931_172 ) 
              5 eq_40_46 ( equal_unsigned_162_289 ) 
              5 sub_41_36 ( sub_unsigned_8778_79 ) 
              5 ctl_rd_addr_46_21 ( case_box_3368_55 ) 
              5 mux_mem[rd_addr]_46_21 ( mux_9009_55 ) 
              5 ctl_wr_addr_53_13 ( case_box_3369_55 ) 
           4 MST_FIFO[3].splitting_4kb_masker ( splitting_4kb_masker_ADDR_WIDTH32_LEN_WIDTH8_SIZE_WIDTH3_55 ) 
              5 g1 ( or_op_3372_55 ) 
              5 add_323_62 ( add_unsigned_9011_55 ) 
              5 add_313_58 ( add_unsigned_9015_55 ) 
              5 sub_320_83 ( sub_unsigned_5267_108 ) 
              5 add_294_29 ( add_unsigned_9019_55 ) 
              5 sub_319_33 ( sub_unsigned_9021_55 ) 
              5 mux_320_46 ( bmux_190_306 ) 
              5 mux_320_27 ( bmux_190_307 ) 
              5 mux_324_28 ( bmux_46_603 ) 
              5 mux_trans_size_sll[SIZE_i]_304_25 ( bmux_6548_55 ) 
              5 mux_trans_size_rem_srl[SIZE_i]_317_26 ( bmux_6549_55 ) 
           4 arbiter ( arbiter_iwrr_1cycle_P_REQUESTER_NUM4_P_REQUESTER_WEIGHTx00000005000000040000000300000001_P_NUM_GRANT_REQ_W1_13 ) 
              5 mux_req_i_55_21 ( mux_83_138 ) 
              5 decode_gint ( Decoder_2_3_0_13 ) 
              5 mux_grant_candidate_56_21 ( bmux_4554 ) 
              5 mux_grant_candidate_56_2 ( bmux_4555 ) 
              5 mux_grant_candidate_56_3 ( bmux_4556 ) 
              5 mux_grant_candidate_56_4 ( bmux_4557 ) 
              5 mux_req_i_55_6 ( mux_83_139 ) 
              5 decode_gint7 ( Decoder_2_3_0_3380_13 ) 
              5 mux_grant_candidate_56_10 ( bmux_4558 ) 
              5 mux_grant_candidate_56_11 ( bmux_4559 ) 
              5 mux_grant_candidate_56_12 ( bmux_4560 ) 
              5 mux_grant_candidate_56_13 ( bmux_4561 ) 
              5 mux_req_i_55_15 ( mux_83_140 ) 
              5 decode_gint16 ( Decoder_2_3_0_3388_13 ) 
              5 mux_grant_candidate_56_19 ( bmux_4562 ) 
              5 mux_grant_candidate_56_20 ( bmux_4563 ) 
              5 mux_grant_candidate_56_22 ( bmux_4564 ) 
              5 mux_grant_candidate_56_23 ( bmux_4565 ) 
              5 mux_req_i_55_25 ( mux_83_141 ) 
              5 decode_gint26 ( Decoder_2_3_0_3396_13 ) 
              5 mux_grant_candidate_56_29 ( bmux_4566 ) 
              5 mux_grant_candidate_56_30 ( bmux_4567 ) 
              5 mux_grant_candidate_56_31 ( bmux_4568 ) 
              5 mux_grant_candidate_56_32 ( bmux_4569 ) 
              5 mux_grant_candidate_69_25 ( bmux_4570 ) 
              5 mux_grant_candidate_69_35 ( bmux_4571 ) 
              5 mux_grant_candidate_69_36 ( bmux_4572 ) 
              5 mux_grant_candidate_69_37 ( bmux_4573 ) 
              5 mux_grant_candidate_69_42 ( bmux_4574 ) 
              5 mux_grant_candidate_69_43 ( bmux_4575 ) 
              5 mux_grant_candidate_69_44 ( bmux_4576 ) 
              5 mux_grant_candidate_69_45 ( bmux_4577 ) 
              5 mux_grant_candidate_69_50 ( bmux_4578 ) 
              5 mux_grant_candidate_69_51 ( bmux_4579 ) 
              5 mux_grant_candidate_69_52 ( bmux_4580 ) 
              5 mux_grant_candidate_69_53 ( bmux_4581 ) 
              5 mux_grant_candidate_69_58 ( bmux_4582 ) 
              5 mux_grant_candidate_69_59 ( bmux_4583 ) 
              5 mux_grant_candidate_69_60 ( bmux_4584 ) 
              5 mux_grant_candidate_69_61 ( bmux_4585 ) 
              5 g62 ( or_op_3429_13 ) 
              5 g63 ( or_op_3430_13 ) 
              5 g65 ( and_op_3431_13 ) 
              5 g66 ( or_op_3432_13 ) 
              5 add_53_50_I1 ( add_unsigned_9068_26 ) 
              5 gt_55_64_I1 ( gt_unsigned_9074_104 ) 
              5 add00416395 ( add_unsigned_9076_52 ) 
              5 gt_55_64_I2 ( gt_unsigned_9074_105 ) 
              5 add00416485 ( add_unsigned_9076_53 ) 
              5 gt_55_64_I3 ( gt_unsigned_9074_106 ) 
              5 add00416575 ( add_unsigned_9092_26 ) 
              5 gt_55_64_I4 ( gt_unsigned_9074_107 ) 
              5 lte_87_49_I1 ( leq_unsigned_52 ) 
              5 lte_87_49_I2 ( leq_unsigned_53 ) 
              5 lte_87_49_I3 ( leq_unsigned_54 ) 
              5 lte_87_49_I4 ( leq_unsigned_55 ) 
              5 gt_107_58_I4 ( gt_unsigned_9074_108 ) 
              5 sub_108_48_I4 ( sub_unsigned_5267_109 ) 
              5 gt_107_58_I3 ( gt_unsigned_9074_109 ) 
              5 sub_108_48_I3 ( sub_unsigned_5267_110 ) 
              5 gt_107_58_I2 ( gt_unsigned_9074_110 ) 
              5 sub_108_48_I2 ( sub_unsigned_5267_111 ) 
              5 gt_107_58_I1 ( gt_unsigned_9074_111 ) 
              5 sub_108_48_I1 ( sub_unsigned_5267_112 ) 
              5 mux_credit[1]_101_17 ( bmux_190_308 ) 
              5 ctl_idx_wrapped_55_44 ( case_box_3446_13 ) 
              5 mux_credit[idx_wrapped]_55_44 ( mux_9150_72 ) 
              5 mux_found_55_40 ( bmux_4586 ) 
              5 ctl_idx_wrapped_55_93 ( case_box_3447_13 ) 
              5 mux_credit[idx_wrapped]_55_94 ( mux_9150_73 ) 
              5 mux_found_52_17 ( bmux_4587 ) 
              5 ctl_idx_wrapped_55_98 ( case_box_3450_13 ) 
              5 mux_credit[idx_wrapped]_55_99 ( mux_9150_74 ) 
              5 mux_found_52_101 ( bmux_4588 ) 
              5 ctl_idx_wrapped_55_104 ( case_box_3453_13 ) 
              5 mux_credit[idx_wrapped]_55_105 ( mux_9150_75 ) 
              5 mux_found_52_107 ( bmux_4589 ) 
              5 mux_found_68_25 ( bmux_4590 ) 
              5 mux_found_65_21 ( bmux_4591 ) 
              5 mux_found_65_117 ( bmux_4592 ) 
              5 mux_grant_candidate_55_40 ( bmux_108_279 ) 
              5 mux_grant_candidate_55_126 ( bmux_108_280 ) 
              5 mux_grant_candidate_52_17 ( bmux_108_281 ) 
              5 mux_grant_candidate_55_127 ( bmux_108_282 ) 
              5 mux_grant_candidate_52_128 ( bmux_108_283 ) 
              5 mux_grant_candidate_55_129 ( bmux_108_284 ) 
              5 mux_grant_candidate_52_130 ( bmux_108_285 ) 
              5 mux_grant_candidate_68_25 ( bmux_108_286 ) 
              5 mux_grant_candidate_68_131 ( bmux_108_287 ) 
              5 mux_grant_candidate_65_21 ( bmux_108_288 ) 
              5 mux_grant_candidate_68_132 ( bmux_108_289 ) 
              5 mux_grant_candidate_65_133 ( bmux_108_290 ) 
              5 mux_grant_candidate_68_134 ( bmux_108_291 ) 
              5 mux_grant_candidate_65_135 ( bmux_108_292 ) 
              5 mux_grant_candidate_63_13 ( bmux_108_293 ) 
              5 mux_77_29 ( bmux_108_294 ) 
              5 mux_credit[0]_101_17 ( bmux_190_309 ) 
              5 ctl_grant_candidate_88_17 ( case_box_3456_13 ) 
              5 mux_grant_idx_88_17 ( mux_93_28 ) 
              5 mux_credit[2]_101_17 ( bmux_190_311 ) 
              5 mux_credit[3]_101_17 ( bmux_190_313 ) 
           4 master_id_encoder ( onehot_encoder_INPUT_W4_OUTPUT_W2_13 ) 
              5 ctl_i_248_17 ( case_box_3460_13 ) 
              5 mux_encoded_248_17 ( mux_93_29 ) 
           4 slv_skid_buffer ( skid_buffer_SBUF_TYPE3_DATA_WIDTH68_13 ) 
           4 g55 ( or_op_3788_1 ) 
           4 ctl_granted_mst_id_467_27 ( case_box_3802_1 ) 
           4 mux_AxPROT_valid[granted_mst_id]_467_27 ( mux_9192_26 ) 
           4 mux_AxLEN_valid_split[granted_mst_id]_463_26 ( mux_9150_76 ) 
           4 mux_AxBURST_valid[granted_mst_id]_462_28 ( mux_1233_15 ) 
           4 mux_AxADDR_valid_split[granted_mst_id]_461_27 ( mux_2030_25 ) 
           4 mux_AxID_valid[granted_mst_id]_458_50 ( mux_9202_13 ) 
           4 mux_msk_addr_crossing_valid[granted_mst_id]_549_44 ( mux_83_146 ) 
           4 mux_AxSIZE_valid[granted_mst_id]_464_27 ( mux_9192_27 ) 
        3 R_channel ( sa_R_channel_MST_AMT4_OUTSTANDING_AMT4_MST_ID_W2_DATA_WIDTH32_ADDR_WIDTH32_TRANS_MST_ID_W5_TRANS_SLV_ID_W7_DSP_RID_W5_6 ) 
           4 slv_skid_buffer ( skid_buffer_SBUF_TYPE1_DATA_WIDTH42_12 ) 
              5 add_132_42 ( add_unsigned_1931_173 ) 
              5 eq_116_34 ( equal_unsigned_162_290 ) 
              5 add_135_42 ( add_unsigned_1931_174 ) 
              5 ctl_BWD_REGISTERED.rd_ptr_123_34 ( case_box_3541_12 ) 
              5 mux_BWD_REGISTERED.mem[BWD_REGISTERED.rd_ptr]_123_34 ( mux_9333_12 ) 
              5 ctl_BWD_REGISTERED.wr_ptr_131_25 ( case_box_3542_12 ) 
           4 dsp_skid_buffer ( skid_buffer_SBUF_TYPE1_DATA_WIDTH42_13 ) 
              5 add_132_42 ( add_unsigned_1931_175 ) 
              5 eq_116_34 ( equal_unsigned_162_291 ) 
              5 add_135_42 ( add_unsigned_1931_176 ) 
              5 ctl_BWD_REGISTERED.rd_ptr_123_34 ( case_box_3541_13 ) 
              5 mux_BWD_REGISTERED.mem[BWD_REGISTERED.rd_ptr]_123_34 ( mux_9333_13 ) 
              5 ctl_BWD_REGISTERED.wr_ptr_131_25 ( case_box_3542_13 ) 
           4 g1 ( or_op_3545_6 ) 
           4 g4 ( and_op_3546_6 ) 
           4 g11 ( and_op_3547_6 ) 
           4 g12 ( or_op_3548_6 ) 
           4 eq_702_49 ( equal_unsigned_1052_19 ) 
           4 eq00432950 ( equal_unsigned_9337_6 ) 
           4 eq_719_59_I1 ( equal_unsigned_255_73 ) 
           4 eq_719_59_I2 ( equal_unsigned_255_74 ) 
           4 eq_719_59_I3 ( equal_unsigned_162_292 ) 
           4 eq_719_59_I4 ( equal_unsigned_162_293 ) 
           4 eq_733_76_I1 ( equal_unsigned_119_107 ) 
           4 eq_733_76_I2 ( equal_unsigned_119_108 ) 
           4 eq_733_76_I3 ( equal_unsigned_119_109 ) 
           4 eq_733_76_I4 ( equal_unsigned_119_110 ) 
           4 eq_733_76_I5 ( equal_unsigned_119_111 ) 
           4 eq_733_76_I6 ( equal_unsigned_119_112 ) 
           4 eq_733_76_I7 ( equal_unsigned_119_113 ) 
           4 eq_733_76_I8 ( equal_unsigned_119_114 ) 
           4 eq_733_76_I9 ( equal_unsigned_119_115 ) 
           4 eq_733_76_I10 ( equal_unsigned_119_116 ) 
           4 eq_733_76_I11 ( equal_unsigned_119_117 ) 
           4 eq_733_76_I12 ( equal_unsigned_119_118 ) 
           4 eq_733_76_I13 ( equal_unsigned_119_119 ) 
           4 eq_733_76_I14 ( equal_unsigned_119_120 ) 
           4 eq_733_76_I15 ( equal_unsigned_119_121 ) 
           4 eq_733_76_I16 ( equal_unsigned_119_122 ) 
           4 sub_769_51 ( sub_unsigned_9379_6 ) 
           4 eq00432960 ( equal_unsigned_255_75 ) 
           4 eq00432965 ( equal_unsigned_70_17 ) 
           4 eq00432970 ( equal_unsigned_2000_9 ) 
           4 eq00432975 ( equal_unsigned_8_14 ) 
           4 eq00432980 ( equal_unsigned_9391_6 ) 
           4 eq00432985 ( equal_unsigned_137_7 ) 
           4 eq00432990 ( equal_unsigned_8513_7 ) 
           4 eq00432995 ( equal_unsigned_9397_6 ) 
           4 eq00433000 ( equal_unsigned_9399_6 ) 
           4 eq00433005 ( equal_unsigned_9401_6 ) 
           4 eq00433010 ( equal_unsigned_9403_6 ) 
           4 eq00433015 ( equal_unsigned_9405_6 ) 
           4 eq00433020 ( equal_unsigned_9407_6 ) 
           4 eq00433025 ( equal_unsigned_9409_6 ) 
           4 add_797_57 ( add_unsigned_9411_6 ) 
           4 mux_filter_count_q_796_13 ( bmux_9412_6 ) 
           4 mux_filter_push_slot_768_17 ( bmux_46_605 ) 
           4 mux_filter_shift_seen_772_25 ( bmux_4601 ) 
           4 mux_filter_shift_seen_772_103 ( bmux_4602 ) 
           4 mux_filter_shift_seen_772_106 ( bmux_4603 ) 
           4 mux_filter_shift_seen_772_109 ( bmux_4604 ) 
           4 mux_filter_shift_seen_772_112 ( bmux_4605 ) 
           4 mux_filter_shift_seen_772_115 ( bmux_4606 ) 
           4 mux_filter_shift_seen_772_118 ( bmux_4607 ) 
           4 mux_filter_shift_seen_772_121 ( bmux_4608 ) 
           4 mux_filter_shift_seen_772_124 ( bmux_4609 ) 
           4 mux_filter_shift_seen_772_127 ( bmux_4610 ) 
           4 mux_filter_shift_seen_772_130 ( bmux_4611 ) 
           4 mux_filter_shift_seen_772_133 ( bmux_4612 ) 
           4 mux_filter_shift_seen_772_136 ( bmux_4613 ) 
           4 mux_filter_shift_seen_772_139 ( bmux_4614 ) 
           4 mux_filter_shift_seen_772_142 ( bmux_4615 ) 
           4 mux_filter_shift_seen_772_145 ( bmux_4616 ) 
           4 ctl_filter_push_slot_791_17 ( case_box_3595_6 ) 
           4 mux_filter_valid_q[15]_791_17 ( mux_53_2284 ) 
           4 mux_filter_valid_q[15]_790_30 ( bmux_4617 ) 
           4 mux_filter_valid_q[14]_791_17 ( mux_53_2285 ) 
           4 mux_filter_valid_q[14]_790_30 ( bmux_4619 ) 
           4 mux_filter_valid_q[13]_791_17 ( mux_53_2286 ) 
           4 mux_filter_valid_q[13]_790_30 ( bmux_4621 ) 
           4 mux_filter_valid_q[12]_791_17 ( mux_53_2287 ) 
           4 mux_filter_valid_q[12]_790_30 ( bmux_4623 ) 
           4 mux_filter_valid_q[11]_791_17 ( mux_53_2288 ) 
           4 mux_filter_valid_q[11]_790_30 ( bmux_4625 ) 
           4 mux_filter_valid_q[10]_791_17 ( mux_53_2289 ) 
           4 mux_filter_valid_q[10]_790_30 ( bmux_4627 ) 
           4 mux_filter_valid_q[9]_791_17 ( mux_53_2290 ) 
           4 mux_filter_valid_q[9]_790_30 ( bmux_4629 ) 
           4 mux_filter_valid_q[8]_791_17 ( mux_53_2291 ) 
           4 mux_filter_valid_q[8]_790_30 ( bmux_4631 ) 
           4 mux_filter_valid_q[7]_791_17 ( mux_53_2292 ) 
           4 mux_filter_valid_q[7]_790_30 ( bmux_4633 ) 
           4 mux_filter_valid_q[6]_791_17 ( mux_53_2293 ) 
           4 mux_filter_valid_q[6]_790_30 ( bmux_4635 ) 
           4 mux_filter_valid_q[5]_791_17 ( mux_53_2294 ) 
           4 mux_filter_valid_q[5]_790_30 ( bmux_4637 ) 
           4 mux_filter_valid_q[4]_791_17 ( mux_53_2295 ) 
           4 mux_filter_valid_q[4]_790_30 ( bmux_4639 ) 
           4 mux_filter_valid_q[3]_791_17 ( mux_53_2296 ) 
           4 mux_filter_valid_q[3]_790_30 ( bmux_4641 ) 
           4 mux_filter_valid_q[2]_791_17 ( mux_53_2297 ) 
           4 mux_filter_valid_q[2]_790_30 ( bmux_4643 ) 
           4 mux_filter_valid_q[1]_791_17 ( mux_53_2298 ) 
           4 mux_filter_valid_q[1]_790_30 ( bmux_4645 ) 
           4 mux_filter_valid_q[0]_791_17 ( mux_53_2299 ) 
           4 mux_filter_valid_q[0]_790_30 ( bmux_4647 ) 
           4 mux_filter_id_q[15]_793_17 ( mux_9479_96 ) 
           4 mux_filter_id_q[15]_790_30 ( bmux_1884_224 ) 
           4 mux_filter_id_q[14]_793_17 ( mux_9479_97 ) 
           4 mux_filter_id_q[14]_790_30 ( bmux_1884_226 ) 
           4 mux_filter_id_q[13]_793_17 ( mux_9479_98 ) 
           4 mux_filter_id_q[13]_790_30 ( bmux_1884_228 ) 
           4 mux_filter_id_q[12]_793_17 ( mux_9479_99 ) 
           4 mux_filter_id_q[12]_790_30 ( bmux_1884_230 ) 
           4 mux_filter_id_q[11]_793_17 ( mux_9479_100 ) 
           4 mux_filter_id_q[11]_790_30 ( bmux_1884_232 ) 
           4 mux_filter_id_q[10]_793_17 ( mux_9479_101 ) 
           4 mux_filter_id_q[10]_790_30 ( bmux_1884_234 ) 
           4 mux_filter_id_q[9]_793_17 ( mux_9479_102 ) 
           4 mux_filter_id_q[9]_790_30 ( bmux_1884_236 ) 
           4 mux_filter_id_q[8]_793_17 ( mux_9479_103 ) 
           4 mux_filter_id_q[8]_790_30 ( bmux_1884_238 ) 
           4 mux_filter_id_q[7]_793_17 ( mux_9479_104 ) 
           4 mux_filter_id_q[7]_790_30 ( bmux_1884_240 ) 
           4 mux_filter_id_q[6]_793_17 ( mux_9479_105 ) 
           4 mux_filter_id_q[6]_790_30 ( bmux_1884_242 ) 
           4 mux_filter_id_q[5]_793_17 ( mux_9479_106 ) 
           4 mux_filter_id_q[5]_790_30 ( bmux_1884_244 ) 
           4 mux_filter_id_q[4]_793_17 ( mux_9479_107 ) 
           4 mux_filter_id_q[4]_790_30 ( bmux_1884_246 ) 
           4 mux_filter_id_q[3]_793_17 ( mux_9479_108 ) 
           4 mux_filter_id_q[3]_790_30 ( bmux_1884_248 ) 
           4 mux_filter_id_q[2]_793_17 ( mux_9479_109 ) 
           4 mux_filter_id_q[2]_790_30 ( bmux_1884_250 ) 
           4 mux_filter_id_q[1]_793_17 ( mux_9479_110 ) 
           4 mux_filter_id_q[1]_790_30 ( bmux_1884_252 ) 
           4 mux_filter_id_q[0]_793_17 ( mux_9479_111 ) 
           4 mux_filter_id_q[0]_790_30 ( bmux_1884_254 ) 
           4 mux_filter_cross_q[15]_792_17 ( mux_53_2300 ) 
           4 mux_filter_cross_q[15]_790_30 ( bmux_4649 ) 
           4 mux_filter_cross_q[14]_792_17 ( mux_53_2301 ) 
           4 mux_filter_cross_q[14]_790_30 ( bmux_4651 ) 
           4 mux_filter_cross_q[13]_792_17 ( mux_53_2302 ) 
           4 mux_filter_cross_q[13]_790_30 ( bmux_4653 ) 
           4 mux_filter_cross_q[12]_792_17 ( mux_53_2303 ) 
           4 mux_filter_cross_q[12]_790_30 ( bmux_4655 ) 
           4 mux_filter_cross_q[11]_792_17 ( mux_53_2304 ) 
           4 mux_filter_cross_q[11]_790_30 ( bmux_4657 ) 
           4 mux_filter_cross_q[10]_792_17 ( mux_53_2305 ) 
           4 mux_filter_cross_q[10]_790_30 ( bmux_4659 ) 
           4 mux_filter_cross_q[9]_792_17 ( mux_53_2306 ) 
           4 mux_filter_cross_q[9]_790_30 ( bmux_4661 ) 
           4 mux_filter_cross_q[8]_792_17 ( mux_53_2307 ) 
           4 mux_filter_cross_q[8]_790_30 ( bmux_4663 ) 
           4 mux_filter_cross_q[7]_792_17 ( mux_53_2308 ) 
           4 mux_filter_cross_q[7]_790_30 ( bmux_4665 ) 
           4 mux_filter_cross_q[6]_792_17 ( mux_53_2309 ) 
           4 mux_filter_cross_q[6]_790_30 ( bmux_4667 ) 
           4 mux_filter_cross_q[5]_792_17 ( mux_53_2310 ) 
           4 mux_filter_cross_q[5]_790_30 ( bmux_4669 ) 
           4 mux_filter_cross_q[4]_792_17 ( mux_53_2311 ) 
           4 mux_filter_cross_q[4]_790_30 ( bmux_4671 ) 
           4 mux_filter_cross_q[3]_792_17 ( mux_53_2312 ) 
           4 mux_filter_cross_q[3]_790_30 ( bmux_4673 ) 
           4 mux_filter_cross_q[2]_792_17 ( mux_53_2313 ) 
           4 mux_filter_cross_q[2]_790_30 ( bmux_4675 ) 
           4 mux_filter_cross_q[1]_792_17 ( mux_53_2314 ) 
           4 mux_filter_cross_q[1]_790_30 ( bmux_4677 ) 
           4 mux_filter_cross_q[0]_792_17 ( mux_53_2315 ) 
           4 mux_filter_cross_q[0]_790_30 ( bmux_4679 ) 
  1 u_axi_rom ( axi_rom_ID_WIDTH7_ADDR_MASK32h00007fff_MEM_DEPTH8192_INIT_FILE152h72746c2f6d656d6f72792f626f6f742e6d656d ) 
     2 eq_209_36 ( equal_unsigned_255_76 ) 
     2 eq_210_36 ( equal_unsigned_162_405 ) 
     2 add_213_86 ( add_unsigned_8517_1 ) 
     2 sll_213_91 ( shift_left_vlog_unsigned_8519_1 ) 
     2 eq_183_46 ( equal_unsigned_8797_15 ) 
     2 eq_198_60 ( equal_unsigned_8797_16 ) 
     2 add_196_52 ( add_unsigned_8799_15 ) 
     2 ctl_r_state_166_19 ( case_box_3847 ) 
     2 mux_r_count_166_19 ( mux_360_22 ) 
     2 mux_ar_addr_reg_166_19 ( mux_204_113 ) 
     2 ctl_w_state_113_19 ( case_box_3849 ) 
     2 mux_w_state_113_19 ( mux_1233_16 ) 
     2 mux_s_axi_arready_169_39 ( bmux_4721 ) 
     2 mux_s_axi_rlast_188_29 ( bmux_4723 ) 
     2 mux_s_axi_rlast_166_19 ( mux_53_2316 ) 
     2 mux_s_axi_rvalid_166_19 ( mux_53_2317 ) 
     2 mux_r_state_166_19 ( mux_1233_17 ) 
     2 mux_s_axi_awready_116_39 ( bmux_4726 ) 
     2 mux_s_axi_wready_113_19 ( mux_53_2318 ) 
     2 mux_s_axi_bvalid_113_19 ( mux_53_2319 ) 
     2 ctl_address_80_19 ( case_box_3821 ) 
     2 rom_lookup_90_26:mux_rom_lookup_80_19 ( mux_9761 ) 
     2 mux_213_43 ( bmux_6550 ) 
  1 u_axi_ram_lo ( axi_ram_ID_WIDTH7_ADDR_MASK32h0001ffff_MEM_DEPTH32768 ) 
     2 u_mem ( asap7_sram_1rw_ADDR_W15_DATA_W32 ) 
        3 eq_69_56_I1 ( equal_unsigned_8_15 ) 
        3 eq_69_56_I2 ( equal_unsigned_8_16 ) 
        3 eq_69_56_I3 ( equal_unsigned_12 ) 
        3 eq_69_56_I4 ( equal_unsigned_13 ) 
        3 eq_69_56_I5 ( equal_unsigned_9812 ) 
        3 eq_69_56_I6 ( equal_unsigned_9812_1 ) 
        3 eq_69_56_I7 ( equal_unsigned_9812_2 ) 
        3 eq_69_56_I8 ( equal_unsigned_9812_3 ) 
        3 eq_69_56_I9 ( equal_unsigned_9820 ) 
        3 eq_69_56_I10 ( equal_unsigned_9820_1 ) 
        3 eq_69_56_I11 ( equal_unsigned_9820_2 ) 
        3 eq_69_56_I12 ( equal_unsigned_9820_3 ) 
        3 eq_69_56_I13 ( equal_unsigned_9820_4 ) 
        3 eq_69_56_I14 ( equal_unsigned_9820_5 ) 
        3 eq_69_56_I15 ( equal_unsigned_9820_6 ) 
        3 eq_69_56_I16 ( equal_unsigned_9820_7 ) 
        3 eq_69_56_I17 ( equal_unsigned_1052_20 ) 
        3 eq_69_56_I18 ( equal_unsigned_1052_21 ) 
        3 eq_69_56_I19 ( equal_unsigned_1052_22 ) 
        3 eq_69_56_I20 ( equal_unsigned_1052_23 ) 
        3 eq_69_56_I21 ( equal_unsigned_1052_24 ) 
        3 eq_69_56_I22 ( equal_unsigned_1052_25 ) 
        3 eq_69_56_I23 ( equal_unsigned_1052_26 ) 
        3 eq_69_56_I24 ( equal_unsigned_1052_27 ) 
        3 eq_69_56_I25 ( equal_unsigned_1052_28 ) 
        3 eq_69_56_I26 ( equal_unsigned_1052_29 ) 
        3 eq_69_56_I27 ( equal_unsigned_1052_30 ) 
        3 eq_69_56_I28 ( equal_unsigned_1052_31 ) 
        3 eq_69_56_I29 ( equal_unsigned_1052_32 ) 
        3 eq_69_56_I30 ( equal_unsigned_1052_33 ) 
        3 eq_69_56_I31 ( equal_unsigned_1052_34 ) 
        3 eq_69_56_I32 ( equal_unsigned_1052_35 ) 
        3 mux_bank_rdata[G_BANKED_RDATA.read_bank_q]_96_33 ( bmux_956_5 ) 
     2 eq_320_42 ( equal_unsigned_8797_17 ) 
     2 neq_163_23 ( nequal_unsigned_9871 ) 
     2 neq_164_28 ( nequal_unsigned_149_10 ) 
     2 eq_165_26 ( equal_unsigned_255_77 ) 
     2 eq_166_26 ( equal_unsigned_255_78 ) 
     2 eq_301_58 ( equal_unsigned_8513_8 ) 
     2 eq_397_50 ( equal_unsigned_8797_18 ) 
     2 eq_419_71 ( equal_unsigned_8797_19 ) 
     2 eq_341_45 ( equal_unsigned_8455_25 ) 
     2 add_369_54 ( add_unsigned_40_3 ) 
     2 eq_160_26 ( equal_unsigned_255_79 ) 
     2 add_367_52 ( add_unsigned_8799_16 ) 
     2 neq_157_23 ( nequal_unsigned_9871_1 ) 
     2 neq_158_28 ( nequal_unsigned_149_11 ) 
     2 eq_159_26 ( equal_unsigned_255_80 ) 
     2 add_424_62 ( add_unsigned_40_4 ) 
     2 add_411_56 ( add_unsigned_8799_17 ) 
     2 mux_s_axi_wready_327_60 ( bmux_4730 ) 
     2 mux_s_axi_wready_325_29 ( bmux_4731 ) 
     2 mux_s_axi_rvalid_298_29 ( bmux_4732 ) 
     2 mux_s_axi_rlast_298_29 ( bmux_4733 ) 
     2 mux_s_axi_rlast_413_33 ( bmux_4734 ) 
     2 mux_s_axi_rvalid_413_33 ( bmux_4735 ) 
     2 mux_s_axi_rvalid_404_29 ( bmux_4736 ) 
     2 mux_s_axi_awready_282_48 ( bmux_4737 ) 
     2 mux_state_265_39 ( bmux_2_1334 ) 
     2 mux_state_341_45 ( bmux_4739 ) 
     2 mux_state_325_29 ( bmux_202_297 ) 
     2 mux_state_362_25 ( bmux_2_1335 ) 
     2 mux_state_404_29 ( bmux_202_298 ) 
     2 ctl_state_256_19 ( case_box_3957 ) 
     2 mux_r_addr_reg_256_19 ( mux_204_114 ) 
     2 mux_w_error_reg_256_19 ( mux_53_2320 ) 
     2 mux_w_addr_reg_256_19 ( mux_4171_2 ) 
     2 mux_s_axi_rresp_256_19 ( mux_84_9 ) 
     2 ctl_189_15 ( case_box_3958 ) 
     2 mux_cmbsop_mem_read_189_15 ( mux_1233_18 ) 
     2 ctl_state_189_15 ( case_box_3961 ) 
     2 mux_mem_wdata_202_21 ( bmux_190_332 ) 
     2 mux_mem_wdata_203_21 ( bmux_190_333 ) 
     2 mux_mem_wdata_204_21 ( bmux_190_334 ) 
     2 mux_mem_wdata_205_21 ( bmux_190_335 ) 
     2 mux_mem_wdata_189_15 ( mux_204_115 ) 
     2 mux_s_axi_rdata_256_19 ( mux_4171_3 ) 
     2 mux_s_axi_rid_256_19 ( mux_9479_112 ) 
     2 mux_363_41 ( bmux_4746 ) 
     2 mux_s_axi_bresp_256_19 ( mux_84_10 ) 
     2 mux_s_axi_arready_265_39 ( bmux_4749 ) 
     2 mux_s_axi_wready_265_39 ( bmux_4750 ) 
     2 mux_w_count_reg_256_19 ( mux_9953 ) 
     2 mux_s_axi_wready_316_38 ( bmux_4753 ) 
     2 mux_s_axi_wready_256_19 ( mux_83_147 ) 
     2 mux_s_axi_bvalid_256_19 ( mux_83_148 ) 
     2 mux_r_count_reg_256_19 ( mux_360_23 ) 
     2 mux_s_axi_rlast_404_29 ( bmux_4756 ) 
     2 mux_s_axi_rlast_256_19 ( mux_84_11 ) 
     2 mux_s_axi_rvalid_256_19 ( mux_84_12 ) 
     2 mux_s_axi_arready_256_19 ( mux_84_13 ) 
     2 mux_state_256_19 ( bmux_9974 ) 
     2 mux_mem_addr_189_15 ( mux_6551 ) 
  1 u_axi_ram_hi ( axi_ram_ID_WIDTH7_ADDR_MASK32h0001ffff_MEM_DEPTH32768_1 ) 
     2 u_mem ( asap7_sram_1rw_ADDR_W15_DATA_W32_1 ) 
        3 eq_69_56_I1 ( equal_unsigned_8_34 ) 
        3 eq_69_56_I2 ( equal_unsigned_8_35 ) 
        3 eq_69_56_I3 ( equal_unsigned_18 ) 
        3 eq_69_56_I4 ( equal_unsigned_19 ) 
        3 eq_69_56_I5 ( equal_unsigned_9812_12 ) 
        3 eq_69_56_I6 ( equal_unsigned_9812_13 ) 
        3 eq_69_56_I7 ( equal_unsigned_9812_14 ) 
        3 eq_69_56_I8 ( equal_unsigned_9812_15 ) 
        3 eq_69_56_I9 ( equal_unsigned_9820_145 ) 
        3 eq_69_56_I10 ( equal_unsigned_9820_146 ) 
        3 eq_69_56_I11 ( equal_unsigned_9820_147 ) 
        3 eq_69_56_I12 ( equal_unsigned_9820_148 ) 
        3 eq_69_56_I13 ( equal_unsigned_9820_149 ) 
        3 eq_69_56_I14 ( equal_unsigned_9820_150 ) 
        3 eq_69_56_I15 ( equal_unsigned_9820_151 ) 
        3 eq_69_56_I16 ( equal_unsigned_9820_152 ) 
        3 eq_69_56_I17 ( equal_unsigned_1052_204 ) 
        3 eq_69_56_I18 ( equal_unsigned_1052_205 ) 
        3 eq_69_56_I19 ( equal_unsigned_1052_206 ) 
        3 eq_69_56_I20 ( equal_unsigned_1052_207 ) 
        3 eq_69_56_I21 ( equal_unsigned_1052_208 ) 
        3 eq_69_56_I22 ( equal_unsigned_1052_209 ) 
        3 eq_69_56_I23 ( equal_unsigned_1052_210 ) 
        3 eq_69_56_I24 ( equal_unsigned_1052_211 ) 
        3 eq_69_56_I25 ( equal_unsigned_1052_212 ) 
        3 eq_69_56_I26 ( equal_unsigned_1052_213 ) 
        3 eq_69_56_I27 ( equal_unsigned_1052_214 ) 
        3 eq_69_56_I28 ( equal_unsigned_1052_215 ) 
        3 eq_69_56_I29 ( equal_unsigned_1052_216 ) 
        3 eq_69_56_I30 ( equal_unsigned_1052_217 ) 
        3 eq_69_56_I31 ( equal_unsigned_1052_218 ) 
        3 eq_69_56_I32 ( equal_unsigned_1052_219 ) 
        3 mux_bank_rdata[G_BANKED_RDATA.read_bank_q]_96_33 ( bmux_956_6 ) 
     2 eq_320_42 ( equal_unsigned_8797_25 ) 
     2 neq_163_23 ( nequal_unsigned_9871_4 ) 
     2 neq_164_28 ( nequal_unsigned_149_31 ) 
     2 eq_165_26 ( equal_unsigned_255_132 ) 
     2 eq_166_26 ( equal_unsigned_255_133 ) 
     2 eq_301_58 ( equal_unsigned_8513_13 ) 
     2 eq_397_50 ( equal_unsigned_8797_26 ) 
     2 eq_419_71 ( equal_unsigned_8797_27 ) 
     2 eq_341_45 ( equal_unsigned_8455_40 ) 
     2 add_369_54 ( add_unsigned_40_7 ) 
     2 eq_160_26 ( equal_unsigned_255_134 ) 
     2 add_367_52 ( add_unsigned_8799_24 ) 
     2 neq_157_23 ( nequal_unsigned_9871_5 ) 
     2 neq_158_28 ( nequal_unsigned_149_32 ) 
     2 eq_159_26 ( equal_unsigned_255_135 ) 
     2 add_424_62 ( add_unsigned_40_8 ) 
     2 add_411_56 ( add_unsigned_8799_25 ) 
     2 mux_s_axi_wready_327_60 ( bmux_6642 ) 
     2 mux_s_axi_wready_325_29 ( bmux_6643 ) 
     2 mux_s_axi_rvalid_298_29 ( bmux_6644 ) 
     2 mux_s_axi_rlast_298_29 ( bmux_6645 ) 
     2 mux_s_axi_rlast_413_33 ( bmux_6646 ) 
     2 mux_s_axi_rvalid_413_33 ( bmux_6647 ) 
     2 mux_s_axi_rvalid_404_29 ( bmux_6648 ) 
     2 mux_s_axi_awready_282_48 ( bmux_6649 ) 
     2 mux_state_265_39 ( bmux_2_1477 ) 
     2 mux_state_341_45 ( bmux_6651 ) 
     2 mux_state_325_29 ( bmux_202_373 ) 
     2 mux_state_362_25 ( bmux_2_1478 ) 
     2 mux_state_404_29 ( bmux_202_374 ) 
     2 ctl_state_256_19 ( case_box_3957_1 ) 
     2 mux_r_addr_reg_256_19 ( mux_204_130 ) 
     2 mux_w_error_reg_256_19 ( mux_53_2787 ) 
     2 mux_w_addr_reg_256_19 ( mux_4171_12 ) 
     2 mux_s_axi_rresp_256_19 ( mux_84_31 ) 
     2 ctl_189_15 ( case_box_3958_1 ) 
     2 mux_cmbsop_mem_read_189_15 ( mux_1233_28 ) 
     2 ctl_state_189_15 ( case_box_3961_1 ) 
     2 mux_mem_wdata_202_21 ( bmux_190_394 ) 
     2 mux_mem_wdata_203_21 ( bmux_190_395 ) 
     2 mux_mem_wdata_204_21 ( bmux_190_396 ) 
     2 mux_mem_wdata_205_21 ( bmux_190_397 ) 
     2 mux_mem_wdata_189_15 ( mux_204_131 ) 
     2 mux_s_axi_rdata_256_19 ( mux_4171_13 ) 
     2 mux_s_axi_rid_256_19 ( mux_9479_113 ) 
     2 mux_363_41 ( bmux_6658 ) 
     2 mux_s_axi_bresp_256_19 ( mux_84_32 ) 
     2 mux_s_axi_arready_265_39 ( bmux_6661 ) 
     2 mux_s_axi_wready_265_39 ( bmux_6662 ) 
     2 mux_w_count_reg_256_19 ( mux_9953_2 ) 
     2 mux_s_axi_wready_316_38 ( bmux_6665 ) 
     2 mux_s_axi_wready_256_19 ( mux_83_183 ) 
     2 mux_s_axi_bvalid_256_19 ( mux_83_184 ) 
     2 mux_r_count_reg_256_19 ( mux_360_31 ) 
     2 mux_s_axi_rlast_404_29 ( bmux_6668 ) 
     2 mux_s_axi_rlast_256_19 ( mux_84_33 ) 
     2 mux_s_axi_rvalid_256_19 ( mux_84_34 ) 
     2 mux_s_axi_arready_256_19 ( mux_84_35 ) 
     2 mux_state_256_19 ( bmux_9974_1 ) 
     2 mux_mem_addr_189_15 ( mux_6551_1 ) 
  1 u_axi_flash ( axi_spi_flash_ID_WIDTH7 ) 
     2 eq_129_33 ( equal_unsigned_8513_9 ) 
     2 add_135_48 ( add_unsigned_8799_18 ) 
     2 eq_265_52 ( equal_unsigned_8797_20 ) 
     2 eq_226_41 ( equal_unsigned_8513_10 ) 
     2 sub_224_52 ( sub_unsigned_5267_113 ) 
     2 add_275_61 ( add_unsigned_8799_19 ) 
     2 mux_spi_clk_enable_203_39 ( bmux_4762 ) 
     2 mux_spi_clk_enable_271_43 ( bmux_4763 ) 
     2 mux_spi_clk_enable_267_38 ( bmux_4764 ) 
     2 mux_spi_clk_o_128_17 ( bmux_4765 ) 
     2 mux_spi_clk_falling_edge_132_25 ( bmux_4767 ) 
     2 mux_spi_clk_falling_edge_129_33 ( bmux_4768 ) 
     2 mux_spi_clk_falling_edge_128_17 ( bmux_4769 ) 
     2 mux_bit_counter_239_41 ( bmux_190_340 ) 
     2 mux_spi_clk_rising_edge_132_25 ( bmux_4771 ) 
     2 mux_spi_clk_rising_edge_129_33 ( bmux_4772 ) 
     2 mux_spi_clk_rising_edge_128_17 ( bmux_4773 ) 
     2 mux_r_state_271_43 ( bmux_2_1336 ) 
     2 ctl_r_state_196_19 ( case_box_3998 ) 
     2 mux_burst_counter_196_19 ( mux_360_24 ) 
     2 mux_shift_out_reg_196_19 ( mux_10006 ) 
     2 mux_spi_io0_oe_196_19 ( mux_53_2321 ) 
     2 mux_spi_io0_o_196_19 ( mux_84_15 ) 
     2 mux_spi_cs_n_o_203_39 ( bmux_4778 ) 
     2 mux_spi_cs_n_o_196_19 ( mux_53_2322 ) 
     2 mux_s_axi_rlast_267_38 ( bmux_4780 ) 
     2 ctl_w_state_80_19 ( case_box_3999 ) 
     2 mux_w_state_80_19 ( mux_2083_1 ) 
     2 mux_s_axi_rvalid_267_38 ( bmux_4785 ) 
     2 mux_spi_clk_enable_196_19 ( mux_53_2323 ) 
     2 mux_clk_counter_129_33 ( bmux_190_343 ) 
     2 mux_clk_counter_128_17 ( bmux_190_344 ) 
     2 mux_bit_counter_226_41 ( bmux_190_346 ) 
     2 mux_bit_counter_196_19 ( bmux_10035 ) 
     2 mux_r_state_196_19 ( mux_26_2 ) 
     2 mux_r_state_196_55 ( bmux_10038 ) 
     2 mux_s_axi_awready_83_39 ( bmux_4788 ) 
     2 mux_s_axi_wready_80_19 ( mux_53_2324 ) 
     2 mux_s_axi_bvalid_80_19 ( mux_53_2325 ) 
  1 u_axi_sdram ( axi_sdram_controller_ID_WIDTH7_SDRAM_DATA_WIDTH16_INIT_DELAY_CYCLES50000_TRP_CYCLES5_TRCD_CYCLES5_TCAS_CYCLES3_TRFC_CYCLES18_TWR_CYCLES5_REFRESH_PERIOD_CYCLES1950 ) 
     2 g14 ( not_op_4012 ) 
     2 g15 ( not_op_4013 ) 
     2 eq_239_23 ( equal_unsigned_2000_10 ) 
     2 gte_242_42 ( geq_unsigned_10050 ) 
     2 add_246_52 ( add_unsigned_10052 ) 
     2 eq_248_27 ( equal_unsigned_8455_26 ) 
     2 eq_248_56 ( equal_unsigned_9337_7 ) 
     2 gt_293_29 ( gt_unsigned_10059 ) 
     2 eq_458_50 ( equal_unsigned_8797_21 ) 
     2 eq_355_106 ( equal_unsigned_10063 ) 
     2 eq_376_106 ( equal_unsigned_10063_1 ) 
     2 add_225_70 ( add_unsigned_10067 ) 
     2 sub_294_44 ( sub_unsigned_10069 ) 
     2 add_451_73 ( add_unsigned_10071 ) 
     2 add_466_58 ( add_unsigned_8517_2 ) 
     2 sll_466_63 ( shift_left_vlog_unsigned_8519_2 ) 
     2 add_465_56 ( add_unsigned_8799_20 ) 
     2 mux_current_addr_344_48 ( bmux_46_614 ) 
     2 mux_s_axi_rvalid_494_40 ( bmux_4795 ) 
     2 mux_burst_len_344_48 ( bmux_190_348 ) 
     2 mux_burst_size_344_48 ( bmux_202_301 ) 
     2 ctl_s_axi_awaddr_355_33 ( case_box_4045 ) 
     2 mux_is_bank_open[s_axi_awaddr]_355_33 ( mux_83_149 ) 
     2 mux_open_row_addr[s_axi_awaddr]_355_71 ( mux_10086 ) 
     2 mux_state_358_42 ( bmux_4796 ) 
     2 mux_state_355_67 ( bmux_108_332 ) 
     2 ctl_s_axi_araddr_376_33 ( case_box_4052 ) 
     2 mux_is_bank_open[s_axi_araddr]_376_33 ( mux_83_151 ) 
     2 mux_open_row_addr[s_axi_araddr]_376_71 ( mux_10086_1 ) 
     2 mux_state_378_42 ( bmux_4797 ) 
     2 mux_state_376_67 ( bmux_202_302 ) 
     2 mux_state_344_48 ( bmux_108_333 ) 
     2 mux_state_333_29 ( bmux_108_334 ) 
     2 mux_is_read_transaction_344_48 ( bmux_4798 ) 
     2 mux_state_416_29 ( bmux_4799 ) 
     2 mux_state_470_33 ( bmux_202_303 ) 
     2 mux_state_458_50 ( bmux_108_335 ) 
     2 mux_state_448_29 ( bmux_108_336 ) 
     2 mux_state_494_40 ( bmux_202_304 ) 
     2 mux_state_526_37 ( bmux_2_1338 ) 
     2 mux_state_519_45 ( bmux_108_337 ) 
     2 ctl_state_296_23 ( case_box_4061 ) 
     2 mux_delay_timer_296_23 ( mux_10105 ) 
     2 mux_read_second_half_active_494_40 ( bmux_4800 ) 
     2 mux_read_second_half_active_296_23 ( mux_53_2326 ) 
     2 mux_dq_oe_reg_427_42 ( bmux_4802 ) 
     2 mux_dq_oe_reg_448_29 ( bmux_4803 ) 
     2 mux_dq_oe_reg_296_23 ( mux_84_16 ) 
     2 mux_dq_out_reg_296_23 ( mux_10117 ) 
     2 mux_dqm_reg_427_42 ( bmux_2_1339 ) 
     2 mux_dqm_reg_448_29 ( bmux_2_1340 ) 
     2 mux_dqm_reg_296_23 ( mux_2083_2 ) 
     2 mux_addr_reg_296_23 ( mux_10123 ) 
     2 mux_cmd_reg_333_29 ( bmux_2_1343 ) 
     2 mux_cmd_reg_427_42 ( bmux_2_1344 ) 
     2 mux_cmd_reg_448_29 ( bmux_2_1345 ) 
     2 mux_s_axi_rlast_494_40 ( bmux_4807 ) 
     2 mux_s_axi_rlast_296_23 ( mux_84_17 ) 
     2 mux_s_axi_rlast_293_29 ( bmux_4808 ) 
     2 mux_504_45 ( bmux_46_616 ) 
     2 mux_s_axi_bvalid_458_50 ( bmux_4810 ) 
     2 mux_s_axi_bvalid_448_29 ( bmux_4811 ) 
     2 mux_s_axi_bvalid_296_23 ( mux_53_2327 ) 
     2 mux_s_axi_bvalid_293_29 ( bmux_4812 ) 
     2 mux_refresh_counter_242_42 ( bmux_10138 ) 
     2 mux_cmd_reg_296_23 ( mux_2025_1 ) 
     2 mux_s_axi_awready_296_23 ( mux_83_153 ) 
     2 mux_s_axi_arready_296_23 ( mux_83_154 ) 
     2 mux_s_axi_wready_427_42 ( bmux_4816 ) 
     2 mux_write_upper_pending_296_23 ( mux_53_2328 ) 
     2 mux_s_axi_rvalid_296_23 ( mux_84_18 ) 
     2 mux_s_axi_rvalid_293_29 ( bmux_4819 ) 
     2 mux_burst_count_296_23 ( mux_9953_1 ) 
     2 mux_current_addr_296_23 ( mux_4171_4 ) 
     2 mux_is_bank_open[0]_296_23 ( mux_84_19 ) 
     2 mux_state_296_23 ( mux_10167 ) 
     2 mux_delay_timer_293_29 ( bmux_45_11 ) 
     2 ctl_296_23 ( case_box_4064 ) 
     2 mux_cmd_reg_296_88 ( mux_10171 ) 
     2 ctl_target_bank_413_25 ( case_box_4067 ) 
  1 u_axi_to_apb ( axi_to_apb_bridge_ID_WIDTH7 ) 
     2 u_cmd_fifo ( sync_fifo_DATA_WIDTH72_FIFO_DEPTH2 ) 
        3 add_54_30 ( add_unsigned_1931_267 ) 
        3 eq_37_37 ( equal_unsigned_162_406 ) 
        3 add_39_37 ( add_unsigned_1931_268 ) 
        3 eq_39_45 ( equal_unsigned_162_407 ) 
        3 add_40_38 ( add_unsigned_2076_46 ) 
        3 sub_41_36 ( sub_unsigned_8961_44 ) 
        3 ctl_rd_addr_46_21 ( case_box_4081 ) 
        3 mux_mem[rd_addr]_46_21 ( mux_10194 ) 
        3 ctl_wr_addr_53_13 ( case_box_4082 ) 
     2 u_resp_fifo ( sync_fifo_DATA_WIDTH33_FIFO_DEPTH2 ) 
        3 add_54_30 ( add_unsigned_1931_269 ) 
        3 eq_37_37 ( equal_unsigned_162_408 ) 
        3 add_39_37 ( add_unsigned_1931_270 ) 
        3 eq_39_45 ( equal_unsigned_162_409 ) 
        3 add_40_38 ( add_unsigned_2076_47 ) 
        3 sub_41_36 ( sub_unsigned_8961_45 ) 
        3 ctl_rd_addr_46_21 ( case_box_4088 ) 
        3 mux_mem[rd_addr]_46_21 ( mux_10215 ) 
        3 ctl_wr_addr_53_13 ( case_box_4089 ) 
     2 eq_177_40 ( equal_unsigned_8797_22 ) 
     2 add_181_54 ( add_unsigned_8517_3 ) 
     2 sll_181_59 ( shift_left_vlog_unsigned_8519_3 ) 
     2 add_180_54 ( add_unsigned_8799_21 ) 
     2 eq_238_53 ( equal_unsigned_8797_23 ) 
     2 add_251_54 ( add_unsigned_8517_4 ) 
     2 sll_251_59 ( shift_left_vlog_unsigned_8519_4 ) 
     2 add_250_54 ( add_unsigned_8799_22 ) 
     2 eq_363_35 ( equal_unsigned_255_81 ) 
     2 mux_resp_fifo_wr_392_25 ( bmux_4825 ) 
     2 ctl_apb_fsm_373_19 ( case_box_4145 ) 
     2 mux_resp_fifo_wr_373_19 ( mux_53_2329 ) 
     2 mux_ack_r_348_29 ( bmux_4827 ) 
     2 mux_ack_r_346_25 ( bmux_4828 ) 
     2 mux_ack_w_348_29 ( bmux_4829 ) 
     2 mux_ack_w_346_25 ( bmux_4830 ) 
     2 mux_r_state_247_40 ( bmux_4831 ) 
     2 ctl_r_state_214_19 ( case_box_4146 ) 
     2 mux_req_r_214_19 ( mux_84_23 ) 
     2 mux_w_state_177_40 ( bmux_4833 ) 
     2 ctl_w_state_144_19 ( case_box_4149 ) 
     2 mux_req_w_144_19 ( mux_53_2330 ) 
     2 mux_apb_grant_read_327_29 ( bmux_4835 ) 
     2 mux_r_addr_reg_214_19 ( mux_204_116 ) 
     2 mux_w_addr_reg_144_19 ( mux_204_117 ) 
     2 mux_304_29 ( bmux_10252 ) 
     2 mux_cmd_fifo_wr_338_25 ( bmux_4837 ) 
     2 ctl_arb_state_322_19 ( case_box_4152 ) 
     2 mux_cmd_fifo_wr_322_19 ( mux_53_2331 ) 
     2 mux_apb_fsm_373_19 ( mux_2083_3 ) 
     2 mux_m_apb_penable_373_19 ( mux_53_2332 ) 
     2 mux_m_apb_psel_373_19 ( mux_53_2333 ) 
     2 mux_s_axi_rlast_214_19 ( mux_53_2334 ) 
     2 mux_237_41 ( bmux_4843 ) 
     2 mux_w_err_accum_144_19 ( mux_53_2335 ) 
     2 mux_resp_fifo_rd_346_25 ( bmux_4846 ) 
     2 mux_resp_fifo_rd_322_19 ( mux_53_2336 ) 
     2 mux_ack_r_322_19 ( mux_53_2337 ) 
     2 mux_ack_w_322_19 ( mux_53_2338 ) 
     2 mux_s_axi_arready_217_39 ( bmux_4850 ) 
     2 mux_s_axi_rvalid_214_19 ( mux_53_2339 ) 
     2 mux_r_beat_cnt_214_19 ( mux_360_25 ) 
     2 mux_r_state_214_19 ( mux_2083_4 ) 
     2 mux_s_axi_awready_147_39 ( bmux_4853 ) 
     2 mux_s_axi_wready_162_38 ( bmux_4855 ) 
     2 mux_w_beat_cnt_144_19 ( mux_360_26 ) 
     2 mux_s_axi_bvalid_188_25 ( bmux_4857 ) 
     2 mux_s_axi_bvalid_144_19 ( mux_53_2340 ) 
     2 mux_w_state_144_19 ( mux_1233_19 ) 
     2 mux_arb_state_322_19 ( mux_2083_5 ) 
  1 u_clint ( axi_clint_NUM_HARTS1_HART_IDX_W1_AXI_ADDR_WIDTH32_AXI_ID_WIDTH7_PIPELINE_IRQ1 ) 
     2 u_slave ( clint_axi4_slave_ADDR_W32_ID_W7 ) 
        3 eq_141_49 ( equal_unsigned_255_82 ) 
        3 eq_133_40 ( equal_unsigned_162_410 ) 
        3 neq_134_40 ( nequal_unsigned_9871_2 ) 
        3 neq_135_44 ( nequal_unsigned_149_12 ) 
        3 eq_172_37 ( equal_unsigned_255_83 ) 
        3 eq_208_42 ( equal_unsigned_255_84 ) 
        3 add_209_52 ( add_unsigned_40_5 ) 
        3 eq_260_38 ( equal_unsigned_255_85 ) 
        3 eq_325_42 ( equal_unsigned_255_86 ) 
        3 add_326_52 ( add_unsigned_40_6 ) 
        3 sub_327_58 ( sub_unsigned_5267_114 ) 
        3 eq_263_40 ( equal_unsigned_162_411 ) 
        3 neq_264_40 ( nequal_unsigned_9871_3 ) 
        3 neq_265_44 ( nequal_unsigned_149_13 ) 
        3 eq_308_57 ( equal_unsigned_8513_11 ) 
        3 eq_328_60 ( equal_unsigned_8513_12 ) 
        3 eq_380_32 ( equal_unsigned_255_87 ) 
        3 eq_381_32 ( equal_unsigned_162_412 ) 
        3 mux_rd_state_319_29 ( bmux_4859 ) 
        3 mux_r_pipe_valid_313_25 ( bmux_4860 ) 
        3 mux_r_pipe_valid_299_19 ( bmux_388_20 ) 
        3 mux_315_49 ( bmux_4863 ) 
        3 ctl_rd_state_299_19 ( case_box_4199 ) 
        3 mux_r_pipe_resp_299_19 ( mux_53_2341 ) 
        3 ctl_wr_state_184_19 ( case_box_4200 ) 
        3 mux_wr_state_184_19 ( mux_1233_20 ) 
        3 mux_wr_err_184_19 ( bmux_10360 ) 
        3 mux_237_41 ( bmux_4872 ) 
        3 mux_wr_addr_184_19 ( mux_204_118 ) 
        3 mux_reg_req_wstrb_o_373_34 ( bmux_108_341 ) 
        3 mux_reg_req_wdata_o_373_34 ( bmux_46_623 ) 
        3 mux_reg_req_addr_o_380_45 ( bmux_46_624 ) 
        3 mux_reg_req_addr_o_373_34 ( bmux_46_625 ) 
        3 mux_reg_req_write_o_373_34 ( bmux_4874 ) 
        3 mux_reg_req_valid_o_380_45 ( bmux_4875 ) 
        3 mux_reg_req_valid_o_373_34 ( bmux_4876 ) 
        3 mux_rd_len_cnt_299_19 ( bmux_10379 ) 
        3 mux_rd_last_pending_299_19 ( bmux_10360_1 ) 
        3 mux_rd_state_299_19 ( mux_83_155 ) 
        3 mux_rd_state_299_68 ( bmux_388_21 ) 
        3 mux_rd_err_299_19 ( bmux_10360_2 ) 
        3 mux_rd_addr_299_19 ( bmux_10389 ) 
     2 u_regfile ( clint_regfile_NUM_HARTS1_HART_IDX_W1_ADDR_W32 ) 
        3 lt_463_36 ( lt_unsigned_10393 ) 
        3 lt_485_50 ( lt_unsigned_10396 ) 
        3 gte_464_36 ( geq_unsigned_10399 ) 
        3 lt_465_36 ( lt_unsigned_10402 ) 
        3 lt_486_50 ( lt_unsigned_10396_1 ) 
        3 sub_481_49 ( sub_unsigned_10407 ) 
        3 eq_466_36 ( equal_unsigned_10411 ) 
        3 eq_467_36 ( equal_unsigned_10411_1 ) 
        3 ctl_503_25 ( case_box_4229 ) 
        3 mux_rsp_rdata_o_503_25 ( mux_8984_4 ) 
        3 ctl_msip_hart_idx_532_21 ( case_box_4230 ) 
        3 ctl_mtcmp_hart_idx_537_25 ( case_box_4233 ) 
     2 u_timer ( clint_timer ) 
        3 add_152_38 ( add_unsigned_10420 ) 
        3 eq_132_33 ( equal_unsigned_38_27 ) 
        3 add_154_42 ( add_unsigned_10420_1 ) 
        3 mux_mtime_lo_r_138_39 ( bmux_46_627 ) 
        3 mux_mtime_hi_r_144_39 ( bmux_46_629 ) 
     2 u_irq_gen ( clint_irq_gen_NUM_HARTS1_PIPELINE_OUTPUT1 ) 
        3 gte_54_44_I1 ( geq_unsigned_10432 ) 
  1 u_apb_interconnect ( apb_interconnect ) 
     2 eq_150_44 ( equal_unsigned_8815_8 ) 
     2 eq_151_44 ( equal_unsigned_8815_9 ) 
     2 eq_152_44 ( equal_unsigned_8815_10 ) 
     2 eq_153_44 ( equal_unsigned_8815_11 ) 
     2 eq_154_44 ( equal_unsigned_8815_12 ) 
     2 eq_155_44 ( equal_unsigned_8815_13 ) 
     2 eq_156_44 ( equal_unsigned_8815_14 ) 
     2 eq_157_44 ( equal_unsigned_8815_15 ) 
     2 eq_158_44 ( equal_unsigned_8815_16 ) 
     2 eq_159_44 ( equal_unsigned_8815_17 ) 
     2 eq_160_46 ( equal_unsigned_8815_18 ) 
     2 eq_161_46 ( equal_unsigned_8815_19 ) 
     2 eq_162_46 ( equal_unsigned_8815_20 ) 
     2 eq_163_46 ( equal_unsigned_8815_21 ) 
     2 eq_164_46 ( equal_unsigned_8815_22 ) 
     2 ctl_match_s0_212_13 ( case_box_4290 ) 
     2 mux_m_pslverr_212_13 ( mux_10467 ) 
     2 mux_m_prdata_212_13 ( mux_10468 ) 
     2 mux_m_pready_212_13 ( mux_10467_1 ) 
  1 u_apb_uart ( apb_uart ) 
     2 u_tx_fifo ( sync_fifo_DATA_WIDTH8_FIFO_DEPTH16 ) 
        3 eq_38_38 ( equal_unsigned_8455_27 ) 
        3 add_54_30 ( add_unsigned_9411_7 ) 
        3 eq_37_37 ( equal_unsigned_1052_36 ) 
        3 add_39_37 ( add_unsigned_9411_8 ) 
        3 eq_39_45 ( equal_unsigned_1052_37 ) 
        3 add_40_38 ( add_unsigned_8819_72 ) 
        3 eq_40_46 ( equal_unsigned_8455_28 ) 
        3 sub_41_36 ( sub_unsigned_10487 ) 
        3 mux_mem[rd_addr]_46_21 ( bmux_10490 ) 
        3 ctl_wr_addr_53_13 ( case_box_4314 ) 
     2 u_rx_fifo ( sync_fifo_DATA_WIDTH8_FIFO_DEPTH16_1 ) 
        3 eq_38_38 ( equal_unsigned_8455_29 ) 
        3 add_54_30 ( add_unsigned_9411_9 ) 
        3 eq_37_37 ( equal_unsigned_1052_38 ) 
        3 add_39_37 ( add_unsigned_9411_10 ) 
        3 eq_39_45 ( equal_unsigned_1052_39 ) 
        3 add_40_38 ( add_unsigned_8819_73 ) 
        3 eq_40_46 ( equal_unsigned_8455_30 ) 
        3 sub_41_36 ( sub_unsigned_10487_1 ) 
        3 mux_mem[rd_addr]_46_21 ( bmux_10490_1 ) 
        3 ctl_wr_addr_53_13 ( case_box_4314_1 ) 
     2 u_baud_gen ( baud_gen ) 
        3 gte_194_25 ( geq_unsigned_10493 ) 
        3 sub_194_39 ( sub_unsigned_10495 ) 
        3 add_195_37 ( add_unsigned_10497 ) 
        3 gte_199_25 ( geq_unsigned_10493_1 ) 
        3 sub_199_39 ( sub_unsigned_10495_1 ) 
        3 add_200_37 ( add_unsigned_10497_1 ) 
     2 u_uart_tx ( uart_tx ) 
        3 eq_230_40 ( equal_unsigned_82_289 ) 
        3 add_231_52 ( add_unsigned_5261_234 ) 
        3 ctl_state_220_19 ( case_box_4320 ) 
        3 mux_shift_reg_220_19 ( mux_360_27 ) 
        3 mux_TX_220_19 ( mux_83_156 ) 
        3 mux_tx_busy_223_25 ( bmux_4890 ) 
        3 mux_ready_o_223_25 ( bmux_4892 ) 
        3 mux_bit_cnt_220_19 ( mux_92_3 ) 
        3 mux_state_220_19 ( mux_1233_21 ) 
     2 u_uart_rx ( uart_rx ) 
        3 eq_271_43 ( equal_unsigned_2000_11 ) 
        3 eq_278_44 ( equal_unsigned_82_290 ) 
        3 sub_272_58 ( sub_unsigned_10534 ) 
        3 add_279_56 ( add_unsigned_5261_235 ) 
        3 mux_sample_cnt_275_43 ( bmux_108_342 ) 
        3 ctl_state_263_19 ( case_box_4327 ) 
        3 mux_frame_error_263_19 ( mux_53_2342 ) 
        3 mux_transaction_en_266_25 ( bmux_4897 ) 
        3 mux_fifo_wr_284_42 ( bmux_4899 ) 
        3 mux_fifo_wr_283_43 ( bmux_4900 ) 
        3 mux_fifo_wr_282_28 ( bmux_4901 ) 
        3 mux_fifo_wr_263_19 ( mux_53_2343 ) 
        3 mux_sample_cnt_263_19 ( bmux_109_4 ) 
        3 mux_bit_cnt_263_19 ( mux_92_4 ) 
        3 mux_state_263_19 ( mux_1233_22 ) 
     2 mux_rx_fifo_rd_100_29 ( bmux_4903 ) 
     2 ctl_paddr_96_23 ( case_box_4344 ) 
     2 mux_rx_fifo_rd_96_23 ( mux_53_2344 ) 
     2 mux_rx_fifo_rd_95_34 ( bmux_4904 ) 
     2 mux_tx_fifo_wr_88_34 ( bmux_4906 ) 
     2 ctl_paddr_86_23 ( case_box_4345 ) 
     2 mux_tx_fifo_wr_86_23 ( mux_53_2345 ) 
     2 mux_tx_fifo_wr_85_33 ( bmux_4907 ) 
     2 mux_prdata_96_23 ( mux_2026_1 ) 
  1 u_apb_gpio ( apb_gpio ) 
     2 g5 ( not_op_4352 ) 
     2 g6 ( and_op_4353 ) 
     2 g7 ( not_op_4354 ) 
     2 g8 ( and_op_4355 ) 
     2 g41 ( and_op_4356 ) 
     2 g42 ( or_op_4357 ) 
     2 g50 ( not_op_4365 ) 
     2 g51 ( and_op_4366 ) 
     2 g52 ( not_op_4367 ) 
     2 g53 ( and_op_4368 ) 
     2 g54 ( or_op_4369 ) 
     2 g57 ( or_op_4372 ) 
     2 eq_102_42 ( equal_unsigned_10568 ) 
     2 mux_67_35 ( bmux_4910 ) 
     2 mux_67_74 ( bmux_4911 ) 
     2 mux_67_76 ( bmux_4912 ) 
     2 mux_67_78 ( bmux_4913 ) 
     2 mux_67_80 ( bmux_4914 ) 
     2 mux_67_82 ( bmux_4915 ) 
     2 mux_67_84 ( bmux_4916 ) 
     2 mux_67_86 ( bmux_4917 ) 
     2 mux_67_88 ( bmux_4918 ) 
     2 mux_67_90 ( bmux_4919 ) 
     2 mux_67_92 ( bmux_4920 ) 
     2 mux_67_94 ( bmux_4921 ) 
     2 mux_67_96 ( bmux_4922 ) 
     2 mux_67_98 ( bmux_4923 ) 
     2 mux_67_100 ( bmux_4924 ) 
     2 mux_67_102 ( bmux_4925 ) 
     2 mux_67_104 ( bmux_4926 ) 
     2 mux_67_106 ( bmux_4927 ) 
     2 mux_67_108 ( bmux_4928 ) 
     2 mux_67_110 ( bmux_4929 ) 
     2 mux_67_112 ( bmux_4930 ) 
     2 mux_67_114 ( bmux_4931 ) 
     2 mux_67_116 ( bmux_4932 ) 
     2 mux_67_118 ( bmux_4933 ) 
     2 mux_67_120 ( bmux_4934 ) 
     2 mux_67_122 ( bmux_4935 ) 
     2 mux_67_124 ( bmux_4936 ) 
     2 mux_67_126 ( bmux_4937 ) 
     2 mux_67_128 ( bmux_4938 ) 
     2 mux_67_130 ( bmux_4939 ) 
     2 mux_67_132 ( bmux_4940 ) 
     2 mux_67_134 ( bmux_4941 ) 
     2 mux_64_35 ( bmux_4942 ) 
     2 mux_63_35 ( bmux_4943 ) 
     2 mux_64_137 ( bmux_4944 ) 
     2 mux_63_138 ( bmux_4945 ) 
     2 mux_64_140 ( bmux_4946 ) 
     2 mux_63_141 ( bmux_4947 ) 
     2 mux_64_143 ( bmux_4948 ) 
     2 mux_63_144 ( bmux_4949 ) 
     2 mux_64_146 ( bmux_4950 ) 
     2 mux_63_147 ( bmux_4951 ) 
     2 mux_64_149 ( bmux_4952 ) 
     2 mux_63_150 ( bmux_4953 ) 
     2 mux_64_152 ( bmux_4954 ) 
     2 mux_63_153 ( bmux_4955 ) 
     2 mux_64_155 ( bmux_4956 ) 
     2 mux_63_156 ( bmux_4957 ) 
     2 mux_64_158 ( bmux_4958 ) 
     2 mux_63_159 ( bmux_4959 ) 
     2 mux_64_161 ( bmux_4960 ) 
     2 mux_63_162 ( bmux_4961 ) 
     2 mux_64_164 ( bmux_4962 ) 
     2 mux_63_165 ( bmux_4963 ) 
     2 mux_64_167 ( bmux_4964 ) 
     2 mux_63_168 ( bmux_4965 ) 
     2 mux_64_170 ( bmux_4966 ) 
     2 mux_63_171 ( bmux_4967 ) 
     2 mux_64_173 ( bmux_4968 ) 
     2 mux_63_174 ( bmux_4969 ) 
     2 mux_64_176 ( bmux_4970 ) 
     2 mux_63_177 ( bmux_4971 ) 
     2 mux_64_179 ( bmux_4972 ) 
     2 mux_63_180 ( bmux_4973 ) 
     2 mux_64_182 ( bmux_4974 ) 
     2 mux_63_183 ( bmux_4975 ) 
     2 mux_64_185 ( bmux_4976 ) 
     2 mux_63_186 ( bmux_4977 ) 
     2 mux_64_188 ( bmux_4978 ) 
     2 mux_63_189 ( bmux_4979 ) 
     2 mux_64_191 ( bmux_4980 ) 
     2 mux_63_192 ( bmux_4981 ) 
     2 mux_64_194 ( bmux_4982 ) 
     2 mux_63_195 ( bmux_4983 ) 
     2 mux_64_197 ( bmux_4984 ) 
     2 mux_63_198 ( bmux_4985 ) 
     2 mux_64_200 ( bmux_4986 ) 
     2 mux_63_201 ( bmux_4987 ) 
     2 mux_64_203 ( bmux_4988 ) 
     2 mux_63_204 ( bmux_4989 ) 
     2 mux_64_206 ( bmux_4990 ) 
     2 mux_63_207 ( bmux_4991 ) 
     2 mux_64_209 ( bmux_4992 ) 
     2 mux_63_210 ( bmux_4993 ) 
     2 mux_64_212 ( bmux_4994 ) 
     2 mux_63_213 ( bmux_4995 ) 
     2 mux_64_215 ( bmux_4996 ) 
     2 mux_63_216 ( bmux_4997 ) 
     2 mux_64_218 ( bmux_4998 ) 
     2 mux_63_219 ( bmux_4999 ) 
     2 mux_64_221 ( bmux_5000 ) 
     2 mux_63_222 ( bmux_5001 ) 
     2 mux_64_224 ( bmux_5002 ) 
     2 mux_63_225 ( bmux_5003 ) 
     2 mux_64_227 ( bmux_5004 ) 
     2 mux_63_228 ( bmux_5005 ) 
     2 mux_70_37 ( bmux_5006 ) 
     2 mux_70_230 ( bmux_5007 ) 
     2 mux_70_232 ( bmux_5008 ) 
     2 mux_70_234 ( bmux_5009 ) 
     2 mux_70_236 ( bmux_5010 ) 
     2 mux_70_238 ( bmux_5011 ) 
     2 mux_70_240 ( bmux_5012 ) 
     2 mux_70_242 ( bmux_5013 ) 
     2 mux_70_244 ( bmux_5014 ) 
     2 mux_70_246 ( bmux_5015 ) 
     2 mux_70_248 ( bmux_5016 ) 
     2 mux_70_250 ( bmux_5017 ) 
     2 mux_70_252 ( bmux_5018 ) 
     2 mux_70_254 ( bmux_5019 ) 
     2 mux_70_256 ( bmux_5020 ) 
     2 mux_70_258 ( bmux_5021 ) 
     2 mux_70_260 ( bmux_5022 ) 
     2 mux_70_262 ( bmux_5023 ) 
     2 mux_70_264 ( bmux_5024 ) 
     2 mux_70_266 ( bmux_5025 ) 
     2 mux_70_268 ( bmux_5026 ) 
     2 mux_70_270 ( bmux_5027 ) 
     2 mux_70_272 ( bmux_5028 ) 
     2 mux_70_274 ( bmux_5029 ) 
     2 mux_70_276 ( bmux_5030 ) 
     2 mux_70_278 ( bmux_5031 ) 
     2 mux_70_280 ( bmux_5032 ) 
     2 mux_70_282 ( bmux_5033 ) 
     2 mux_70_284 ( bmux_5034 ) 
     2 mux_70_286 ( bmux_5035 ) 
     2 mux_70_288 ( bmux_5036 ) 
     2 mux_70_290 ( bmux_5037 ) 
     2 mux_reg_int_stat_102_27 ( bmux_46_641 ) 
     2 ctl_paddr_112_23 ( case_box_4382 ) 
     2 mux_pslverr_112_23 ( mux_8527_1 ) 
     2 mux_pslverr_111_17 ( bmux_5038 ) 
     2 ctl_paddr_127_23 ( case_box_4383 ) 
     2 mux_pslverr_127_23 ( mux_53_2346 ) 
     2 mux_pslverr_126_17 ( bmux_5039 ) 
     2 mux_prdata_127_23 ( mux_8578_1 ) 
  1 u_apb_pwm ( apb_pwm ) 
     2 lt_91_29 ( lt_unsigned_1280_1 ) 
     2 gte_84_29 ( geq_unsigned_1203_3 ) 
     2 add_87_40 ( add_unsigned_10420_2 ) 
     2 mux_reg_val_84_29 ( bmux_46_648 ) 
     2 mux_reg_val_82_17 ( bmux_46_649 ) 
     2 mux_pwm_out_91_29 ( bmux_5042 ) 
     2 mux_pwm_out_82_17 ( bmux_5043 ) 
     2 ctl_paddr_54_23 ( case_box_4400 ) 
     2 mux_pslverr_54_23 ( mux_26_3 ) 
     2 mux_pslverr_53_17 ( bmux_5045 ) 
     2 ctl_paddr_65_23 ( case_box_4401 ) 
     2 mux_pslverr_65_23 ( mux_53_2347 ) 
     2 mux_pslverr_64_17 ( bmux_5046 ) 
     2 mux_prdata_65_23 ( mux_2026_2 ) 
  1 u_apb_spi ( apb_spi ) 
     2 u_spi_tx_fifo ( sync_fifo_DATA_WIDTH8_FIFO_DEPTH16_2 ) 
        3 eq_38_38 ( equal_unsigned_8455_31 ) 
        3 add_54_30 ( add_unsigned_9411_11 ) 
        3 eq_37_37 ( equal_unsigned_1052_40 ) 
        3 add_39_37 ( add_unsigned_9411_12 ) 
        3 eq_39_45 ( equal_unsigned_1052_41 ) 
        3 add_40_38 ( add_unsigned_8819_74 ) 
        3 eq_40_46 ( equal_unsigned_8455_32 ) 
        3 sub_41_36 ( sub_unsigned_10487_2 ) 
        3 mux_mem[rd_addr]_46_21 ( bmux_10490_2 ) 
        3 ctl_wr_addr_53_13 ( case_box_4314_2 ) 
     2 u_spi_rx_fifo ( sync_fifo_DATA_WIDTH8_FIFO_DEPTH16_3 ) 
        3 eq_38_38 ( equal_unsigned_8455_33 ) 
        3 add_54_30 ( add_unsigned_9411_13 ) 
        3 eq_37_37 ( equal_unsigned_1052_42 ) 
        3 add_39_37 ( add_unsigned_9411_14 ) 
        3 eq_39_45 ( equal_unsigned_1052_43 ) 
        3 add_40_38 ( add_unsigned_8819_75 ) 
        3 eq_40_46 ( equal_unsigned_8455_34 ) 
        3 sub_41_36 ( sub_unsigned_10487_3 ) 
        3 mux_mem[rd_addr]_46_21 ( bmux_10490_3 ) 
        3 ctl_wr_addr_53_13 ( case_box_4314_3 ) 
     2 neq_57_29 ( nequal_unsigned_68_4 ) 
     2 eq_177_33 ( equal_unsigned_38_28 ) 
     2 eq_191_37 ( equal_unsigned_82_291 ) 
     2 add_182_49 ( add_unsigned_10420_3 ) 
     2 add_196_48 ( add_unsigned_5261_236 ) 
     2 eq_151_26 ( equal_unsigned_70_36 ) 
     2 mux_tx_wr_apb_77_34 ( bmux_5049 ) 
     2 ctl_paddr_73_23 ( case_box_4436 ) 
     2 mux_tx_wr_apb_73_23 ( mux_53_2348 ) 
     2 mux_tx_wr_apb_72_33 ( bmux_5050 ) 
     2 mux_clk_cnt_186_33 ( bmux_46_653 ) 
     2 mux_state_191_37 ( bmux_5052 ) 
     2 ctl_state_164_19 ( case_box_4437 ) 
     2 mux_sclk_reg_164_19 ( mux_84_24 ) 
     2 mux_core_done_193_33 ( bmux_5054 ) 
     2 mux_core_done_191_37 ( bmux_5055 ) 
     2 mux_core_done_186_33 ( bmux_5056 ) 
     2 mux_core_done_164_19 ( mux_53_2349 ) 
     2 mux_spi_tx_shift_164_19 ( mux_360_28 ) 
     2 mux_rx_wr_core_191_37 ( bmux_5060 ) 
     2 mux_rx_wr_core_186_33 ( bmux_5061 ) 
     2 mux_rx_wr_core_164_19 ( mux_53_2350 ) 
     2 mux_rx_rd_apb_91_29 ( bmux_5063 ) 
     2 ctl_paddr_85_23 ( case_box_4440 ) 
     2 mux_rx_rd_apb_85_23 ( mux_53_2351 ) 
     2 mux_rx_rd_apb_84_34 ( bmux_5064 ) 
     2 mux_prdata_85_23 ( mux_8984_5 ) 
     2 mux_151_26 ( bmux_5070 ) 
     2 mux_tx_rd_core_167_35 ( bmux_5071 ) 
     2 mux_tx_rd_core_164_19 ( mux_53_2352 ) 
     2 mux_clk_cnt_164_19 ( mux_4171_5 ) 
     2 mux_bit_cnt_164_19 ( mux_92_5 ) 
     2 mux_state_164_19 ( mux_2083_6 ) 
  1 u_apb_i2c ( apb_i2c ) 
     2 u_tx_fifo ( sync_fifo_DATA_WIDTH8_FIFO_DEPTH16_4 ) 
        3 eq_38_38 ( equal_unsigned_8455_35 ) 
        3 add_54_30 ( add_unsigned_9411_15 ) 
        3 eq_37_37 ( equal_unsigned_1052_44 ) 
        3 add_39_37 ( add_unsigned_9411_16 ) 
        3 eq_39_45 ( equal_unsigned_1052_45 ) 
        3 add_40_38 ( add_unsigned_8819_76 ) 
        3 eq_40_46 ( equal_unsigned_8455_36 ) 
        3 sub_41_36 ( sub_unsigned_10487_4 ) 
        3 mux_mem[rd_addr]_46_21 ( bmux_10490_4 ) 
        3 ctl_wr_addr_53_13 ( case_box_4314_4 ) 
     2 u_rx_fifo ( sync_fifo_DATA_WIDTH8_FIFO_DEPTH16_5 ) 
        3 eq_38_38 ( equal_unsigned_8455_37 ) 
        3 add_54_30 ( add_unsigned_9411_17 ) 
        3 eq_37_37 ( equal_unsigned_1052_46 ) 
        3 add_39_37 ( add_unsigned_9411_18 ) 
        3 eq_39_45 ( equal_unsigned_1052_47 ) 
        3 add_40_38 ( add_unsigned_8819_77 ) 
        3 eq_40_46 ( equal_unsigned_8455_38 ) 
        3 sub_41_36 ( sub_unsigned_10487_5 ) 
        3 mux_mem[rd_addr]_46_21 ( bmux_10490_5 ) 
        3 ctl_wr_addr_53_13 ( case_box_4314_5 ) 
     2 neq_66_29 ( nequal_unsigned_6_13 ) 
     2 neq_87_41 ( nequal_unsigned_8803_8 ) 
     2 eq_179_27 ( equal_unsigned_9337_8 ) 
     2 eq_225_41 ( equal_unsigned_70_37 ) 
     2 sub_194_60 ( sub_unsigned_10069_1 ) 
     2 sub_226_59 ( sub_unsigned_10814 ) 
     2 mux_cmd_trigger_pclk_87_41 ( bmux_5073 ) 
     2 ctl_paddr_82_23 ( case_box_4478 ) 
     2 mux_cmd_trigger_pclk_82_23 ( mux_53_2353 ) 
     2 mux_cmd_trigger_pclk_81_33 ( bmux_5074 ) 
     2 mux_core_done_217_64 ( bmux_5076 ) 
     2 mux_core_done_216_32 ( bmux_5077 ) 
     2 mux_core_done_238_33 ( bmux_5078 ) 
     2 mux_core_done_237_30 ( bmux_5079 ) 
     2 mux_core_done_244_31 ( bmux_5080 ) 
     2 ctl_reg_cmd_core_209_29 ( case_box_4479 ) 
     2 mux_state_209_29 ( mux_2089_10 ) 
     2 ctl_217_64 ( case_box_4482 ) 
     2 mux_state_217_64 ( mux_53_2354 ) 
     2 mux_state_225_41 ( bmux_2_1364 ) 
     2 ctl_reg_cmd_core_238_33 ( case_box_4485 ) 
     2 mux_state_238_33 ( mux_2089_11 ) 
     2 mux_tx_fifo_wr_84_34 ( bmux_5081 ) 
     2 mux_tx_fifo_wr_82_23 ( mux_53_2355 ) 
     2 mux_tx_fifo_wr_81_33 ( bmux_5082 ) 
     2 mux_tx_fifo_rd_core_199_45 ( bmux_5084 ) 
     2 mux_tx_fifo_rd_core_198_25 ( bmux_5085 ) 
     2 ctl_state_196_19 ( case_box_4488 ) 
     2 mux_tx_fifo_rd_core_196_19 ( mux_53_2356 ) 
     2 ctl_199_45 ( case_box_4491 ) 
     2 mux_shift_reg_199_45 ( mux_360_29 ) 
     2 mux_shift_reg_196_19 ( mux_360_30 ) 
     2 ctl_reg_cmd_core_221_67 ( case_box_4494 ) 
     2 mux_221_67 ( mux_53_2357 ) 
     2 ctl_reg_cmd_core_229_67 ( case_box_4497 ) 
     2 mux_229_67 ( mux_53_2358 ) 
     2 mux_sda_out_196_19 ( mux_8535_1 ) 
     2 mux_scl_out_196_19 ( mux_10848 ) 
     2 mux_rx_fifo_rd_103_29 ( bmux_5092 ) 
     2 ctl_paddr_99_23 ( case_box_4500 ) 
     2 mux_rx_fifo_rd_99_23 ( mux_53_2359 ) 
     2 mux_rx_fifo_rd_98_34 ( bmux_5093 ) 
     2 mux_rx_fifo_wr_core_234_49 ( bmux_5095 ) 
     2 mux_rx_fifo_wr_core_231_30 ( bmux_5096 ) 
     2 mux_rx_fifo_wr_core_196_19 ( mux_53_2360 ) 
     2 mux_reg_stat_113_17 ( bmux_2_1365 ) 
     2 mux_pslverr_82_23 ( mux_10863 ) 
     2 mux_pslverr_81_33 ( bmux_5098 ) 
     2 mux_prdata_99_23 ( mux_10867 ) 
     2 mux_tick_cnt_193_17 ( bmux_45_19 ) 
     2 mux_tick_cnt_198_25 ( bmux_45_20 ) 
     2 mux_tick_cnt_196_19 ( mux_10117_1 ) 
     2 mux_core_done_196_19 ( mux_83_157 ) 
     2 mux_bit_cnt_196_19 ( mux_92_6 ) 
     2 mux_state_196_19 ( mux_10877 ) 
  1 u_apb_watchdog ( apb_watchdog ) 
     2 gt_47_56 ( gt_unsigned_10881 ) 
     2 sub_48_36 ( sub_unsigned_10883 ) 
     2 eq_51_35 ( equal_unsigned_1190_3 ) 
     2 eq_76_41 ( equal_unsigned_8815_23 ) 
     2 mux_wdt_feed_76_41 ( bmux_5102 ) 
     2 ctl_paddr_73_23 ( case_box_4529 ) 
     2 mux_wdt_feed_73_23 ( mux_53_2361 ) 
     2 mux_wdt_feed_72_33 ( bmux_5103 ) 
     2 mux_pslverr_73_23 ( mux_83_158 ) 
     2 mux_pslverr_72_33 ( bmux_5108 ) 
     2 ctl_paddr_82_23 ( case_box_4530 ) 
     2 mux_prdata_82_23 ( mux_4171_6 ) 
     2 mux_counter_43_17 ( bmux_46_660 ) 
     2 mux_rst_out_53_21 ( bmux_5111 ) 
     2 mux_rst_out_51_24 ( bmux_5112 ) 
     2 mux_irq_out_52_21 ( bmux_5114 ) 
     2 mux_irq_out_51_24 ( bmux_5115 ) 
  1 u_apb_cordic ( apb_cordic ) 
     2 eq_183_34 ( equal_unsigned_9820_8 ) 
     2 add_186_46 ( add_unsigned_9411_19 ) 
     2 gt_159_46 ( gt_signed ) 
     2 minus_161_38 ( sub_signed ) 
     2 lt_164_55 ( lt_signed_10916 ) 
     2 gte_208_21 ( geq_signed_10919 ) 
     2 sub_213_28 ( sub_signed_10921 ) 
     2 add_217_28 ( add_signed_10923 ) 
     2 minus_167_38 ( sub_signed_1 ) 
     2 add_214_28 ( add_signed_10923_1 ) 
     2 sub_218_28 ( sub_signed_10921_1 ) 
     2 sub_163_55 ( sub_signed_10921_2 ) 
     2 sub_168_55 ( sub_signed_10933 ) 
     2 sub_215_28 ( sub_signed_10921_3 ) 
     2 add_219_28 ( add_signed_10923_2 ) 
     2 neq_205_30 ( nequal_unsigned_149_14 ) 
     2 sra_213_37 ( arith_shift_right_vlog_signed_1 ) 
     2 sra_214_37 ( arith_shift_right_vlog_signed_2 ) 
     2 mux_z_reg_164_55 ( bmux_46_663 ) 
     2 mux_z_reg_159_46 ( bmux_46_664 ) 
     2 ctl_iter_cnt_215_30 ( case_box_4555 ) 
     2 mux_atan_table[iter_cnt]_215_30 ( mux_11267 ) 
     2 mux_z_next_212_13 ( bmux_46_665 ) 
     2 ctl_state_152_19 ( case_box_4559 ) 
     2 mux_z_reg_152_19 ( mux_204_119 ) 
     2 mux_y_reg_164_55 ( bmux_46_669 ) 
     2 mux_y_reg_159_46 ( bmux_46_670 ) 
     2 mux_x_reg_164_55 ( bmux_46_671 ) 
     2 mux_x_reg_159_46 ( bmux_46_672 ) 
     2 mux_x_next_212_13 ( bmux_46_673 ) 
     2 mux_x_reg_152_19 ( mux_204_120 ) 
     2 mux_y_next_212_13 ( bmux_46_675 ) 
     2 mux_y_reg_152_19 ( mux_204_121 ) 
     2 ctl_state_103_17 ( case_box_4562 ) 
     2 mux_reg_status_103_17 ( mux_2089_12 ) 
     2 ctl_paddr_113_23 ( case_box_4565 ) 
     2 mux_pslverr_113_23 ( mux_53_2362 ) 
     2 mux_pslverr_112_17 ( bmux_5117 ) 
     2 ctl_paddr_125_23 ( case_box_4568 ) 
     2 mux_pslverr_125_23 ( mux_53_2363 ) 
     2 mux_pslverr_124_17 ( bmux_5118 ) 
     2 mux_prdata_125_23 ( mux_8578_2 ) 
     2 mux_reg_ctrl_113_23 ( mux_53_2364 ) 
     2 mux_reg_ctrl_112_17 ( bmux_5121 ) 
     2 mux_iter_cnt_152_19 ( mux_8480_2 ) 
     2 mux_state_152_19 ( mux_1233_23 ) 
  1 u_apb_syscon ( apb_syscon ) 
     2 g14 ( not_op_4586 ) 
     2 g15 ( and_op_4587 ) 
     2 eq_119_48 ( equal_unsigned_9403_7 ) 
     2 eq_120_48 ( equal_unsigned_11307 ) 
     2 eq_121_48 ( equal_unsigned_11307_1 ) 
     2 eq_121_71 ( equal_unsigned_11311 ) 
     2 eq_122_48 ( equal_unsigned_10568_1 ) 
     2 eq_156_66 ( equal_unsigned_11315 ) 
     2 add_158_44 ( add_unsigned_11317 ) 
     2 eq_170_42 ( equal_unsigned_255_88 ) 
     2 eq_248_60 ( equal_unsigned_162_413 ) 
     2 neq_236_41 ( nequal_unsigned_11323 ) 
     2 ctl_paddr_232_23 ( case_box_4602 ) 
     2 mux_pslverr_232_23 ( mux_11326 ) 
     2 mux_pslverr_236_41 ( bmux_5123 ) 
     2 ctl_232_23 ( case_box_4603 ) 
     2 mux_pslverr_232_43 ( mux_53_2365 ) 
     2 mux_pslverr_231_17 ( bmux_5124 ) 
     2 ctl_paddr_243_23 ( case_box_4606 ) 
     2 mux_pslverr_243_23 ( mux_53_2366 ) 
     2 mux_pslverr_242_17 ( bmux_5125 ) 
     2 mux_147_45 ( bmux_108_348 ) 
     2 mux_dbg_state_q_154_32 ( bmux_5128 ) 
     2 mux_dbg_state_q_152_19 ( bmux_388_22 ) 
     2 mux_prdata_243_23 ( mux_50_2 ) 
     2 ctl_dbg_state_q_152_19 ( case_box_4609 ) 
  1 u_clic ( clic_NUM_IRQ32_CTLBITS3_TRIG_EDGE_RST67108864 ) 
     2 g8 ( xor_op_4616 ) 
     2 g9 ( not_op_4617 ) 
     2 g10 ( and_op_4618 ) 
     2 g11 ( and_op_4619 ) 
     2 g12 ( and_op_4620 ) 
     2 g13 ( not_op_4621 ) 
     2 g14 ( and_op_4622 ) 
     2 g15 ( or_op_4623 ) 
     2 g16 ( and_op_4624 ) 
     2 mux_ip_vec_205_38 ( bmux_11346 ) 
     2 mux_ie_q_204_38 ( bmux_11346_1 ) 
     2 mux_shv_q_203_64 ( bmux_11346_2 ) 
     2 mux_shv_q_181_26 ( bmux_11346_3 ) 
     2 dcd_ie_q_143_31 ( Decoder_5_31_0 ) 
     2 mux_ie_q_143_31 ( bmux_5132 ) 
     2 mux_ie_q_143_260 ( bmux_5133 ) 
     2 mux_ie_q_143_261 ( bmux_5134 ) 
     2 mux_ie_q_143_262 ( bmux_5135 ) 
     2 mux_ie_q_143_263 ( bmux_5136 ) 
     2 mux_ie_q_143_264 ( bmux_5137 ) 
     2 mux_ie_q_143_265 ( bmux_5138 ) 
     2 mux_ie_q_143_266 ( bmux_5139 ) 
     2 mux_ie_q_143_267 ( bmux_5140 ) 
     2 mux_ie_q_143_268 ( bmux_5141 ) 
     2 mux_ie_q_143_269 ( bmux_5142 ) 
     2 mux_ie_q_143_270 ( bmux_5143 ) 
     2 mux_ie_q_143_271 ( bmux_5144 ) 
     2 mux_ie_q_143_272 ( bmux_5145 ) 
     2 mux_ie_q_143_273 ( bmux_5146 ) 
     2 mux_ie_q_143_274 ( bmux_5147 ) 
     2 mux_ie_q_143_275 ( bmux_5148 ) 
     2 mux_ie_q_143_276 ( bmux_5149 ) 
     2 mux_ie_q_143_277 ( bmux_5150 ) 
     2 mux_ie_q_143_278 ( bmux_5151 ) 
     2 mux_ie_q_143_279 ( bmux_5152 ) 
     2 mux_ie_q_143_280 ( bmux_5153 ) 
     2 mux_ie_q_143_281 ( bmux_5154 ) 
     2 mux_ie_q_143_282 ( bmux_5155 ) 
     2 mux_ie_q_143_283 ( bmux_5156 ) 
     2 mux_ie_q_143_284 ( bmux_5157 ) 
     2 mux_ie_q_143_285 ( bmux_5158 ) 
     2 mux_ie_q_143_286 ( bmux_5159 ) 
     2 mux_ie_q_143_287 ( bmux_5160 ) 
     2 mux_ie_q_143_288 ( bmux_5161 ) 
     2 mux_ie_q_143_289 ( bmux_5162 ) 
     2 mux_ie_q_143_290 ( bmux_5163 ) 
     2 mux_shv_q_145_21 ( bmux_5164 ) 
     2 mux_shv_q_145_291 ( bmux_5165 ) 
     2 mux_shv_q_145_292 ( bmux_5166 ) 
     2 mux_shv_q_145_293 ( bmux_5167 ) 
     2 mux_shv_q_145_294 ( bmux_5168 ) 
     2 mux_shv_q_145_295 ( bmux_5169 ) 
     2 mux_shv_q_145_296 ( bmux_5170 ) 
     2 mux_shv_q_145_297 ( bmux_5171 ) 
     2 mux_shv_q_145_298 ( bmux_5172 ) 
     2 mux_shv_q_145_299 ( bmux_5173 ) 
     2 mux_shv_q_145_300 ( bmux_5174 ) 
     2 mux_shv_q_145_301 ( bmux_5175 ) 
     2 mux_shv_q_145_302 ( bmux_5176 ) 
     2 mux_shv_q_145_303 ( bmux_5177 ) 
     2 mux_shv_q_145_304 ( bmux_5178 ) 
     2 mux_shv_q_145_305 ( bmux_5179 ) 
     2 mux_shv_q_145_306 ( bmux_5180 ) 
     2 mux_shv_q_145_307 ( bmux_5181 ) 
     2 mux_shv_q_145_308 ( bmux_5182 ) 
     2 mux_shv_q_145_309 ( bmux_5183 ) 
     2 mux_shv_q_145_310 ( bmux_5184 ) 
     2 mux_shv_q_145_311 ( bmux_5185 ) 
     2 mux_shv_q_145_312 ( bmux_5186 ) 
     2 mux_shv_q_145_313 ( bmux_5187 ) 
     2 mux_shv_q_145_314 ( bmux_5188 ) 
     2 mux_shv_q_145_315 ( bmux_5189 ) 
     2 mux_shv_q_145_316 ( bmux_5190 ) 
     2 mux_shv_q_145_317 ( bmux_5191 ) 
     2 mux_shv_q_145_318 ( bmux_5192 ) 
     2 mux_shv_q_145_319 ( bmux_5193 ) 
     2 mux_shv_q_145_320 ( bmux_5194 ) 
     2 mux_shv_q_145_321 ( bmux_5195 ) 
     2 eq_95_42 ( equal_unsigned_9405_7 ) 
     2 eq_96_72 ( equal_unsigned_8_17 ) 
     2 eq_136_50_I1 ( equal_unsigned_8_18 ) 
     2 eq_134_44_I1 ( equal_unsigned_8_19 ) 
     2 eq_136_50_I2 ( equal_unsigned_8_20 ) 
     2 eq_134_44_I2 ( equal_unsigned_8_21 ) 
     2 eq_136_50_I3 ( equal_unsigned_14 ) 
     2 eq_134_44_I3 ( equal_unsigned_15 ) 
     2 eq_136_50_I4 ( equal_unsigned_16 ) 
     2 eq_134_44_I4 ( equal_unsigned_17 ) 
     2 eq_136_50_I5 ( equal_unsigned_9812_4 ) 
     2 eq_134_44_I5 ( equal_unsigned_9812_5 ) 
     2 eq_136_50_I6 ( equal_unsigned_9812_6 ) 
     2 eq_134_44_I6 ( equal_unsigned_9812_7 ) 
     2 eq_136_50_I7 ( equal_unsigned_9812_8 ) 
     2 eq_134_44_I7 ( equal_unsigned_9812_9 ) 
     2 eq_136_50_I8 ( equal_unsigned_9812_10 ) 
     2 eq_134_44_I8 ( equal_unsigned_9812_11 ) 
     2 eq_136_50_I9 ( equal_unsigned_9820_9 ) 
     2 eq_134_44_I9 ( equal_unsigned_9820_10 ) 
     2 eq_136_50_I10 ( equal_unsigned_9820_11 ) 
     2 eq_134_44_I10 ( equal_unsigned_9820_12 ) 
     2 eq_136_50_I11 ( equal_unsigned_9820_13 ) 
     2 eq_134_44_I11 ( equal_unsigned_9820_14 ) 
     2 eq_136_50_I12 ( equal_unsigned_9820_15 ) 
     2 eq_134_44_I12 ( equal_unsigned_9820_16 ) 
     2 eq_136_50_I13 ( equal_unsigned_9820_17 ) 
     2 eq_134_44_I13 ( equal_unsigned_9820_18 ) 
     2 eq_136_50_I14 ( equal_unsigned_9820_19 ) 
     2 eq_134_44_I14 ( equal_unsigned_9820_20 ) 
     2 eq_136_50_I15 ( equal_unsigned_9820_21 ) 
     2 eq_134_44_I15 ( equal_unsigned_9820_22 ) 
     2 eq_136_50_I16 ( equal_unsigned_9820_23 ) 
     2 eq_134_44_I16 ( equal_unsigned_9820_24 ) 
     2 eq_136_50_I17 ( equal_unsigned_1052_48 ) 
     2 eq_134_44_I17 ( equal_unsigned_1052_49 ) 
     2 eq_136_50_I18 ( equal_unsigned_1052_50 ) 
     2 eq_134_44_I18 ( equal_unsigned_1052_51 ) 
     2 eq_136_50_I19 ( equal_unsigned_1052_52 ) 
     2 eq_134_44_I19 ( equal_unsigned_1052_53 ) 
     2 eq_136_50_I20 ( equal_unsigned_1052_54 ) 
     2 eq_134_44_I20 ( equal_unsigned_1052_55 ) 
     2 eq_136_50_I21 ( equal_unsigned_1052_56 ) 
     2 eq_134_44_I21 ( equal_unsigned_1052_57 ) 
     2 eq_136_50_I22 ( equal_unsigned_1052_58 ) 
     2 eq_134_44_I22 ( equal_unsigned_1052_59 ) 
     2 eq_136_50_I23 ( equal_unsigned_1052_60 ) 
     2 eq_134_44_I23 ( equal_unsigned_1052_61 ) 
     2 eq_136_50_I24 ( equal_unsigned_1052_62 ) 
     2 eq_134_44_I24 ( equal_unsigned_1052_63 ) 
     2 eq_136_50_I25 ( equal_unsigned_1052_64 ) 
     2 eq_134_44_I25 ( equal_unsigned_1052_65 ) 
     2 eq_136_50_I26 ( equal_unsigned_1052_66 ) 
     2 eq_134_44_I26 ( equal_unsigned_1052_67 ) 
     2 eq_136_50_I27 ( equal_unsigned_1052_68 ) 
     2 eq_134_44_I27 ( equal_unsigned_1052_69 ) 
     2 eq_136_50_I28 ( equal_unsigned_1052_70 ) 
     2 eq_134_44_I28 ( equal_unsigned_1052_71 ) 
     2 eq_136_50_I29 ( equal_unsigned_1052_72 ) 
     2 eq_134_44_I29 ( equal_unsigned_1052_73 ) 
     2 eq_136_50_I30 ( equal_unsigned_1052_74 ) 
     2 eq_134_44_I30 ( equal_unsigned_1052_75 ) 
     2 eq_136_50_I31 ( equal_unsigned_1052_76 ) 
     2 eq_134_44_I31 ( equal_unsigned_1052_77 ) 
     2 eq_136_50_I32 ( equal_unsigned_1052_78 ) 
     2 eq_134_44_I32 ( equal_unsigned_1052_79 ) 
     2 neq_178_36 ( nequal_unsigned_5265_1 ) 
     2 gt_163_21_I32 ( gt_unsigned_2 ) 
     2 gt_163_21_I31 ( gt_unsigned_3 ) 
     2 gt_163_21_I30 ( gt_unsigned_4 ) 
     2 gt_163_21_I29 ( gt_unsigned_5 ) 
     2 gt_163_21_I28 ( gt_unsigned_6 ) 
     2 gt_163_21_I27 ( gt_unsigned_7 ) 
     2 gt_163_21_I26 ( gt_unsigned_8 ) 
     2 gt_163_21_I25 ( gt_unsigned_9 ) 
     2 gt_163_21_I24 ( gt_unsigned_10 ) 
     2 gt_163_21_I23 ( gt_unsigned_11 ) 
     2 gt_163_21_I22 ( gt_unsigned_12 ) 
     2 gt_163_21_I21 ( gt_unsigned_13 ) 
     2 gt_163_21_I20 ( gt_unsigned_14 ) 
     2 gt_163_21_I19 ( gt_unsigned_15 ) 
     2 gt_163_21_I18 ( gt_unsigned_16 ) 
     2 gt_163_21_I17 ( gt_unsigned_17 ) 
     2 gt_163_21_I16 ( gt_unsigned_18 ) 
     2 gt_163_21_I15 ( gt_unsigned_19 ) 
     2 gt_163_21_I14 ( gt_unsigned_20 ) 
     2 gt_163_21_I13 ( gt_unsigned_21 ) 
     2 gt_163_21_I12 ( gt_unsigned_22 ) 
     2 gt_163_21_I11 ( gt_unsigned_23 ) 
     2 gt_163_21_I10 ( gt_unsigned_24 ) 
     2 gt_163_21_I9 ( gt_unsigned_25 ) 
     2 gt_163_21_I8 ( gt_unsigned_26 ) 
     2 gt_163_21_I7 ( gt_unsigned_27 ) 
     2 gt_163_21_I6 ( gt_unsigned_28 ) 
     2 gt_163_21_I5 ( gt_unsigned_29 ) 
     2 gt_163_21_I4 ( gt_unsigned_30 ) 
     2 gt_163_21_I3 ( gt_unsigned_31 ) 
     2 gt_163_21_I2 ( gt_unsigned_9074_112 ) 
     2 eq_197_43 ( equal_unsigned_9405_8 ) 
     2 eq_199_48 ( equal_unsigned_11646 ) 
     2 mux_ip_edge_q_134_29 ( bmux_5196 ) 
     2 mux_ip_edge_q_136_68 ( bmux_5197 ) 
     2 mux_ip_edge_q_134_335 ( bmux_5199 ) 
     2 mux_ip_edge_q_136_336 ( bmux_5200 ) 
     2 mux_ip_edge_q_138_337 ( bmux_5201 ) 
     2 mux_ip_edge_q_134_341 ( bmux_5202 ) 
     2 mux_ip_edge_q_136_342 ( bmux_5203 ) 
     2 mux_ip_edge_q_138_343 ( bmux_5204 ) 
     2 mux_ip_edge_q_134_347 ( bmux_5205 ) 
     2 mux_ip_edge_q_136_348 ( bmux_5207 ) 
     2 mux_ip_edge_q_138_349 ( bmux_5208 ) 
     2 mux_ip_edge_q_134_353 ( bmux_5209 ) 
     2 mux_ip_edge_q_136_354 ( bmux_5210 ) 
     2 mux_ip_edge_q_138_355 ( bmux_5211 ) 
     2 mux_ip_edge_q_134_359 ( bmux_5212 ) 
     2 mux_ip_edge_q_136_360 ( bmux_5213 ) 
     2 mux_ip_edge_q_138_361 ( bmux_5214 ) 
     2 mux_ip_edge_q_134_365 ( bmux_5215 ) 
     2 mux_ip_edge_q_136_366 ( bmux_5216 ) 
     2 mux_ip_edge_q_138_367 ( bmux_5217 ) 
     2 mux_ip_edge_q_134_371 ( bmux_5218 ) 
     2 mux_ip_edge_q_136_372 ( bmux_5219 ) 
     2 mux_ip_edge_q_138_373 ( bmux_5220 ) 
     2 mux_ip_edge_q_134_377 ( bmux_5221 ) 
     2 mux_ip_edge_q_136_378 ( bmux_5222 ) 
     2 mux_ip_edge_q_138_379 ( bmux_5223 ) 
     2 mux_ip_edge_q_134_383 ( bmux_5224 ) 
     2 mux_ip_edge_q_136_384 ( bmux_5225 ) 
     2 mux_ip_edge_q_138_385 ( bmux_5226 ) 
     2 mux_ip_edge_q_134_389 ( bmux_5227 ) 
     2 mux_ip_edge_q_136_390 ( bmux_5228 ) 
     2 mux_ip_edge_q_138_391 ( bmux_5229 ) 
     2 mux_ip_edge_q_134_395 ( bmux_5230 ) 
     2 mux_ip_edge_q_136_396 ( bmux_5231 ) 
     2 mux_ip_edge_q_138_397 ( bmux_5232 ) 
     2 mux_ip_edge_q_134_401 ( bmux_5233 ) 
     2 mux_ip_edge_q_136_402 ( bmux_5234 ) 
     2 mux_ip_edge_q_138_403 ( bmux_5235 ) 
     2 mux_ip_edge_q_134_407 ( bmux_5236 ) 
     2 mux_ip_edge_q_136_408 ( bmux_5237 ) 
     2 mux_ip_edge_q_138_409 ( bmux_5238 ) 
     2 mux_ip_edge_q_134_413 ( bmux_5239 ) 
     2 mux_ip_edge_q_136_414 ( bmux_5240 ) 
     2 mux_ip_edge_q_138_415 ( bmux_5241 ) 
     2 mux_ip_edge_q_134_419 ( bmux_5242 ) 
     2 mux_ip_edge_q_136_420 ( bmux_5243 ) 
     2 mux_ip_edge_q_138_421 ( bmux_5244 ) 
     2 mux_ip_edge_q_134_425 ( bmux_5245 ) 
     2 mux_ip_edge_q_136_426 ( bmux_5246 ) 
     2 mux_ip_edge_q_138_427 ( bmux_5247 ) 
     2 mux_ip_edge_q_134_431 ( bmux_5248 ) 
     2 mux_ip_edge_q_136_432 ( bmux_5249 ) 
     2 mux_ip_edge_q_138_433 ( bmux_5250 ) 
     2 mux_ip_edge_q_134_437 ( bmux_5251 ) 
     2 mux_ip_edge_q_136_438 ( bmux_5252 ) 
     2 mux_ip_edge_q_138_439 ( bmux_5253 ) 
     2 mux_ip_edge_q_134_443 ( bmux_5254 ) 
     2 mux_ip_edge_q_136_444 ( bmux_5255 ) 
     2 mux_ip_edge_q_138_445 ( bmux_5256 ) 
     2 mux_ip_edge_q_134_449 ( bmux_5257 ) 
     2 mux_ip_edge_q_136_450 ( bmux_5258 ) 
     2 mux_ip_edge_q_138_451 ( bmux_5259 ) 
     2 mux_ip_edge_q_134_455 ( bmux_5260 ) 
     2 mux_ip_edge_q_136_456 ( bmux_5261 ) 
     2 mux_ip_edge_q_138_457 ( bmux_5262 ) 
     2 mux_ip_edge_q_134_461 ( bmux_5263 ) 
     2 mux_ip_edge_q_136_462 ( bmux_5264 ) 
     2 mux_ip_edge_q_138_463 ( bmux_5265 ) 
     2 mux_ip_edge_q_134_467 ( bmux_5266 ) 
     2 mux_ip_edge_q_136_468 ( bmux_5267 ) 
     2 mux_ip_edge_q_138_469 ( bmux_5268 ) 
     2 mux_ip_edge_q_134_473 ( bmux_5269 ) 
     2 mux_ip_edge_q_136_474 ( bmux_5270 ) 
     2 mux_ip_edge_q_138_475 ( bmux_5271 ) 
     2 mux_ip_edge_q_134_479 ( bmux_5272 ) 
     2 mux_ip_edge_q_136_480 ( bmux_5273 ) 
     2 mux_ip_edge_q_138_481 ( bmux_5274 ) 
     2 mux_ip_edge_q_134_485 ( bmux_5275 ) 
     2 mux_ip_edge_q_136_486 ( bmux_5276 ) 
     2 mux_ip_edge_q_138_487 ( bmux_5277 ) 
     2 mux_ip_edge_q_134_491 ( bmux_5278 ) 
     2 mux_ip_edge_q_136_492 ( bmux_5279 ) 
     2 mux_ip_edge_q_138_493 ( bmux_5280 ) 
     2 mux_ip_edge_q_134_497 ( bmux_5281 ) 
     2 mux_ip_edge_q_136_498 ( bmux_5282 ) 
     2 mux_ip_edge_q_138_499 ( bmux_5283 ) 
     2 mux_ip_edge_q_134_503 ( bmux_5284 ) 
     2 mux_ip_edge_q_136_504 ( bmux_5285 ) 
     2 mux_ip_edge_q_138_505 ( bmux_5286 ) 
     2 mux_ip_edge_q_134_509 ( bmux_5287 ) 
     2 mux_ip_edge_q_136_510 ( bmux_5288 ) 
     2 mux_ip_edge_q_138_511 ( bmux_5289 ) 
     2 mux_ip_edge_q_134_515 ( bmux_5290 ) 
     2 mux_ip_edge_q_136_516 ( bmux_5291 ) 
     2 mux_ip_edge_q_138_517 ( bmux_5292 ) 
     2 mux_trig_q[int_idx]_203_47 ( bmux_11779 ) 
     2 mux_lvl_q[int_idx]_202_32 ( bmux_11812 ) 
     2 mux_prdata_201_26 ( bmux_11813 ) 
     2 mux_prdata_199_33 ( bmux_11814 ) 
     2 mux_prdata_197_28 ( bmux_24_3 ) 
     2 mux_162_19 ( bmux_190_358 ) 
     2 mux_162_522 ( bmux_1884_275 ) 
     2 mux_162_524 ( bmux_1884_276 ) 
     2 mux_162_526 ( bmux_191_13 ) 
     2 mux_162_528 ( bmux_1884_277 ) 
     2 mux_162_530 ( bmux_191_14 ) 
     2 mux_162_532 ( bmux_191_15 ) 
     2 mux_162_534 ( bmux_221_28 ) 
     2 mux_162_536 ( bmux_1884_278 ) 
     2 mux_162_538 ( bmux_191_16 ) 
     2 mux_162_540 ( bmux_191_17 ) 
     2 mux_162_542 ( bmux_221_29 ) 
     2 mux_162_544 ( bmux_191_18 ) 
     2 mux_162_546 ( bmux_221_30 ) 
     2 mux_162_548 ( bmux_221_31 ) 
     2 mux_162_550 ( bmux_108_350 ) 
     2 mux_162_552 ( bmux_1884_279 ) 
     2 mux_162_554 ( bmux_191_19 ) 
     2 mux_162_556 ( bmux_191_20 ) 
     2 mux_162_558 ( bmux_221_32 ) 
     2 mux_162_560 ( bmux_191_21 ) 
     2 mux_162_562 ( bmux_221_33 ) 
     2 mux_162_564 ( bmux_221_34 ) 
     2 mux_162_566 ( bmux_108_351 ) 
     2 mux_162_568 ( bmux_191_22 ) 
     2 mux_162_570 ( bmux_221_35 ) 
     2 mux_162_572 ( bmux_221_36 ) 
     2 mux_162_574 ( bmux_108_352 ) 
     2 mux_162_576 ( bmux_221_37 ) 
     2 mux_162_578 ( bmux_108_353 ) 
     2 mux_162_580 ( bmux_108_354 ) 
     2 mux_best_key_163_21 ( bmux_108_355 ) 
     2 mux_best_key_163_583 ( bmux_221_38 ) 
     2 mux_best_key_163_585 ( bmux_221_39 ) 
     2 mux_best_key_163_587 ( bmux_191_23 ) 
     2 mux_best_key_163_589 ( bmux_191_24 ) 
     2 mux_best_key_163_591 ( bmux_191_25 ) 
     2 mux_best_key_163_593 ( bmux_191_26 ) 
     2 mux_best_key_163_595 ( bmux_1884_280 ) 
     2 mux_best_key_163_597 ( bmux_1884_281 ) 
     2 mux_best_key_163_599 ( bmux_1884_282 ) 
     2 mux_best_key_163_601 ( bmux_1884_283 ) 
     2 mux_best_key_163_603 ( bmux_1884_284 ) 
     2 mux_best_key_163_605 ( bmux_1884_285 ) 
     2 mux_best_key_163_607 ( bmux_1884_286 ) 
     2 mux_best_key_163_609 ( bmux_1884_287 ) 
     2 mux_best_key_163_611 ( bmux_190_359 ) 
     2 mux_best_key_163_613 ( bmux_190_360 ) 
     2 mux_best_key_163_615 ( bmux_190_361 ) 
     2 mux_best_key_163_617 ( bmux_190_362 ) 
     2 mux_best_key_163_619 ( bmux_190_363 ) 
     2 mux_best_key_163_621 ( bmux_190_364 ) 
     2 mux_best_key_163_623 ( bmux_190_365 ) 
     2 mux_best_key_163_625 ( bmux_190_366 ) 
     2 mux_best_key_163_627 ( bmux_190_367 ) 
     2 mux_best_key_163_629 ( bmux_190_368 ) 
     2 mux_best_key_163_631 ( bmux_190_369 ) 
     2 mux_best_key_163_633 ( bmux_190_370 ) 
     2 mux_best_key_163_635 ( bmux_190_371 ) 
     2 mux_best_key_163_637 ( bmux_190_372 ) 
     2 mux_best_key_163_639 ( bmux_190_373 ) 
     2 mux_best_key_163_641 ( bmux_190_374 ) 
     2 ctl_int_idx_146_21 ( case_box_4862 ) 
  1 u_apb_uart1 ( apb_uart_1 ) 
     2 u_tx_fifo ( sync_fifo_DATA_WIDTH8_FIFO_DEPTH16_6 ) 
        3 eq_38_38 ( equal_unsigned_8455_41 ) 
        3 add_54_30 ( add_unsigned_9411_28 ) 
        3 eq_37_37 ( equal_unsigned_1052_220 ) 
        3 add_39_37 ( add_unsigned_9411_29 ) 
        3 eq_39_45 ( equal_unsigned_1052_221 ) 
        3 add_40_38 ( add_unsigned_8819_91 ) 
        3 eq_40_46 ( equal_unsigned_8455_42 ) 
        3 sub_41_36 ( sub_unsigned_10487_18 ) 
        3 mux_mem[rd_addr]_46_21 ( bmux_10490_6 ) 
        3 ctl_wr_addr_53_13 ( case_box_4314_6 ) 
     2 u_rx_fifo ( sync_fifo_DATA_WIDTH8_FIFO_DEPTH16_7 ) 
        3 eq_38_38 ( equal_unsigned_8455_43 ) 
        3 add_54_30 ( add_unsigned_9411_30 ) 
        3 eq_37_37 ( equal_unsigned_1052_222 ) 
        3 add_39_37 ( add_unsigned_9411_31 ) 
        3 eq_39_45 ( equal_unsigned_1052_223 ) 
        3 add_40_38 ( add_unsigned_8819_92 ) 
        3 eq_40_46 ( equal_unsigned_8455_44 ) 
        3 sub_41_36 ( sub_unsigned_10487_19 ) 
        3 mux_mem[rd_addr]_46_21 ( bmux_10490_7 ) 
        3 ctl_wr_addr_53_13 ( case_box_4314_7 ) 
     2 u_baud_gen ( baud_gen_1 ) 
        3 gte_194_25 ( geq_unsigned_10493_2 ) 
        3 sub_194_39 ( sub_unsigned_10495_2 ) 
        3 add_195_37 ( add_unsigned_10497_3 ) 
        3 gte_199_25 ( geq_unsigned_10493_3 ) 
        3 sub_199_39 ( sub_unsigned_10495_3 ) 
        3 add_200_37 ( add_unsigned_10497_4 ) 
     2 u_uart_tx ( uart_tx_1 ) 
        3 eq_230_40 ( equal_unsigned_82_298 ) 
        3 add_231_52 ( add_unsigned_5261_247 ) 
        3 ctl_state_220_19 ( case_box_4320_1 ) 
        3 mux_shift_reg_220_19 ( mux_360_32 ) 
        3 mux_TX_220_19 ( mux_83_185 ) 
        3 mux_tx_busy_223_25 ( bmux_6679 ) 
        3 mux_ready_o_223_25 ( bmux_6681 ) 
        3 mux_bit_cnt_220_19 ( mux_92_7 ) 
        3 mux_state_220_19 ( mux_1233_29 ) 
     2 u_uart_rx ( uart_rx_1 ) 
        3 eq_271_43 ( equal_unsigned_2000_34 ) 
        3 eq_278_44 ( equal_unsigned_82_299 ) 
        3 sub_272_58 ( sub_unsigned_10534_26 ) 
        3 add_279_56 ( add_unsigned_5261_248 ) 
        3 mux_sample_cnt_275_43 ( bmux_108_484 ) 
        3 ctl_state_263_19 ( case_box_4327_1 ) 
        3 mux_frame_error_263_19 ( mux_53_2788 ) 
        3 mux_transaction_en_266_25 ( bmux_6686 ) 
        3 mux_fifo_wr_284_42 ( bmux_6688 ) 
        3 mux_fifo_wr_283_43 ( bmux_6689 ) 
        3 mux_fifo_wr_282_28 ( bmux_6690 ) 
        3 mux_fifo_wr_263_19 ( mux_53_2789 ) 
        3 mux_sample_cnt_263_19 ( bmux_109_13 ) 
        3 mux_bit_cnt_263_19 ( mux_92_8 ) 
        3 mux_state_263_19 ( mux_1233_30 ) 
     2 mux_rx_fifo_rd_100_29 ( bmux_6692 ) 
     2 ctl_paddr_96_23 ( case_box_4344_1 ) 
     2 mux_rx_fifo_rd_96_23 ( mux_53_2790 ) 
     2 mux_rx_fifo_rd_95_34 ( bmux_6693 ) 
     2 mux_tx_fifo_wr_88_34 ( bmux_6695 ) 
     2 ctl_paddr_86_23 ( case_box_4345_1 ) 
     2 mux_tx_fifo_wr_86_23 ( mux_53_2791 ) 
     2 mux_tx_fifo_wr_85_33 ( bmux_6696 ) 
     2 mux_prdata_96_23 ( mux_2026_3 ) 
  1 u_tim0 ( apb_timer ) 
     2 g117 ( not_op_4909 ) 
     2 g118 ( and_op_4910 ) 
     2 g119 ( or_op_4911 ) 
     2 g148 ( and_op_4934 ) 
     2 g149 ( or_op_4935 ) 
     2 add_126_46_I1 ( add_unsigned_11887 ) 
     2 gte_126_53_I1 ( geq_unsigned_11890 ) 
     2 add_130_40_I1 ( add_unsigned_5261_237 ) 
     2 eq_99_37 ( equal_unsigned_11894 ) 
     2 eq_141_39_I1 ( equal_unsigned_38_29 ) 
     2 lt_152_52_I1 ( lt_unsigned_1280_2 ) 
     2 add_126_46_I2 ( add_unsigned_11887_1 ) 
     2 gte_126_53_I2 ( geq_unsigned_11890_1 ) 
     2 add_130_40_I2 ( add_unsigned_5261_238 ) 
     2 eq_141_39_I2 ( equal_unsigned_38_30 ) 
     2 lt_152_52_I2 ( lt_unsigned_1280_3 ) 
     2 add_126_46_I3 ( add_unsigned_11887_2 ) 
     2 gte_126_53_I3 ( geq_unsigned_11890_2 ) 
     2 add_130_40_I3 ( add_unsigned_5261_239 ) 
     2 eq_141_39_I3 ( equal_unsigned_38_31 ) 
     2 lt_152_52_I3 ( lt_unsigned_1280_4 ) 
     2 add_126_46_I4 ( add_unsigned_11887_3 ) 
     2 gte_126_53_I4 ( geq_unsigned_11890_3 ) 
     2 add_130_40_I4 ( add_unsigned_5261_240 ) 
     2 eq_141_39_I4 ( equal_unsigned_38_32 ) 
     2 lt_152_52_I4 ( lt_unsigned_1280_5 ) 
     2 eq_80_36 ( equal_unsigned_9403_8 ) 
     2 eq_81_36 ( equal_unsigned_11945 ) 
     2 eq_82_36 ( equal_unsigned_11307_2 ) 
     2 eq_83_36 ( equal_unsigned_11307_3 ) 
     2 eq_84_36 ( equal_unsigned_10568_2 ) 
     2 eq_85_36 ( equal_unsigned_10568_3 ) 
     2 eq_86_36 ( equal_unsigned_10568_4 ) 
     2 eq_87_36 ( equal_unsigned_10568_5 ) 
     2 eq_88_36 ( equal_unsigned_11959 ) 
     2 eq_89_37 ( equal_unsigned_11959_1 ) 
     2 eq_89_55 ( equal_unsigned_11959_2 ) 
     2 eq_90_37 ( equal_unsigned_11959_3 ) 
     2 eq_90_55 ( equal_unsigned_11959_4 ) 
     2 gte_100_34 ( geq_unsigned_1203_4 ) 
     2 add_227_51 ( add_unsigned_10420_4 ) 
     2 add_225_63 ( add_unsigned_10497_2 ) 
     2 sub_92_33 ( sub_unsigned_1935_1 ) 
     2 ctl_115_41 ( case_box_4936 ) 
     2 mux_115_41 ( mux_86_9 ) 
     2 ctl_115_157 ( case_box_4937 ) 
     2 mux_115_158 ( mux_86_10 ) 
     2 ctl_115_162 ( case_box_4940 ) 
     2 mux_115_163 ( mux_86_11 ) 
     2 ctl_115_167 ( case_box_4943 ) 
     2 mux_115_168 ( mux_86_12 ) 
     2 ctl_g_ch[0].m_136_28 ( case_box_4946 ) 
     2 mux_136_28 ( mux_84_25 ) 
     2 ctl_g_ch[1].m_136_28 ( case_box_4949 ) 
     2 mux_136_172 ( mux_84_26 ) 
     2 mux_136_52 ( bmux_5300 ) 
     2 mux_136_175 ( bmux_5301 ) 
     2 ctl_g_ch[3].m_136_28 ( case_box_4952 ) 
     2 mux_136_177 ( mux_84_27 ) 
     2 ctl_ccmr_187_17 ( case_box_4955 ) 
     2 mux_cap_now_187_17 ( mux_53_2367 ) 
     2 ctl_ccmr_187_178 ( case_box_4958 ) 
     2 mux_cap_now_187_179 ( mux_53_2368 ) 
     2 ctl_ccmr_187_180 ( case_box_4961 ) 
     2 mux_cap_now_187_181 ( mux_53_2369 ) 
     2 ctl_ccmr_187_182 ( case_box_4964 ) 
     2 mux_cap_now_187_183 ( mux_53_2370 ) 
     2 mux_225_37 ( bmux_45_22 ) 
     2 mux_cen_230_17 ( bmux_5303 ) 
     2 mux_227_28 ( bmux_46_690 ) 
     2 mux_cnt_222_26 ( bmux_46_691 ) 
     2 ctl_ccr_idx_249_26 ( case_box_4967 ) 
     2 mux_ccr[0]_249_26 ( mux_204_122 ) 
     2 mux_ccr[0]_249_17 ( bmux_46_694 ) 
     2 mux_ccr[1]_249_26 ( mux_204_123 ) 
     2 mux_ccr[1]_249_17 ( bmux_46_696 ) 
     2 mux_ccr[2]_249_26 ( mux_204_124 ) 
     2 mux_ccr[2]_249_17 ( bmux_46_698 ) 
     2 mux_ccr[3]_249_26 ( mux_204_125 ) 
     2 mux_ccr[3]_249_17 ( bmux_46_700 ) 
     2 mux_238_27 ( bmux_8494_1 ) 
     2 mux_sr_set_187_17 ( mux_2089_13 ) 
     2 mux_sr_set_187_206 ( mux_2089_14 ) 
     2 mux_sr_set_187_208 ( mux_2089_15 ) 
     2 mux_sr_set_187_210 ( mux_2089_16 ) 
     2 mux_pslverr_251_27 ( bmux_5305 ) 
     2 ctl_a_256_23 ( case_box_4982 ) 
     2 mux_pslverr_256_23 ( mux_53_2371 ) 
     2 mux_pslverr_255_17 ( bmux_5306 ) 
     2 mux_prdata_256_23 ( mux_12032 ) 
     2 mux_oc_ref_146_27 ( bmux_1773_4 ) 
     2 mux_oc_ref_146_217 ( bmux_1773_5 ) 
     2 mux_oc_ref_146_220 ( bmux_1773_6 ) 
     2 mux_oc_ref_146_222 ( bmux_1773_7 ) 
     2 mux_fcnt[0]_126_53 ( bmux_202_343 ) 
     2 mux_fcnt[1]_126_53 ( bmux_202_346 ) 
     2 mux_fcnt[2]_126_53 ( bmux_202_349 ) 
     2 mux_fcnt[3]_126_53 ( bmux_202_352 ) 
     2 ctl_g_ch[0].m_146_27 ( case_box_4985 ) 
     2 ctl_g_ch[1].m_146_27 ( case_box_4988 ) 
     2 ctl_g_ch[2].m_146_27 ( case_box_4991 ) 
     2 ctl_g_ch[3].m_146_27 ( case_box_4994 ) 
  1 u_tim1 ( apb_timer_1 ) 
     2 g117 ( not_op_4909_1 ) 
     2 g118 ( and_op_4910_1 ) 
     2 g119 ( or_op_4911_1 ) 
     2 g148 ( and_op_4934_1 ) 
     2 g149 ( or_op_4935_1 ) 
     2 add_126_46_I1 ( add_unsigned_11887_4 ) 
     2 gte_126_53_I1 ( geq_unsigned_11890_12 ) 
     2 add_130_40_I1 ( add_unsigned_5261_249 ) 
     2 eq_99_37 ( equal_unsigned_11894_5 ) 
     2 eq_141_39_I1 ( equal_unsigned_38_33 ) 
     2 lt_152_52_I1 ( lt_unsigned_1280_22 ) 
     2 add_126_46_I2 ( add_unsigned_11887_5 ) 
     2 gte_126_53_I2 ( geq_unsigned_11890_13 ) 
     2 add_130_40_I2 ( add_unsigned_5261_250 ) 
     2 eq_141_39_I2 ( equal_unsigned_38_34 ) 
     2 lt_152_52_I2 ( lt_unsigned_1280_23 ) 
     2 add_126_46_I3 ( add_unsigned_11887_6 ) 
     2 gte_126_53_I3 ( geq_unsigned_11890_14 ) 
     2 add_130_40_I3 ( add_unsigned_5261_251 ) 
     2 eq_141_39_I3 ( equal_unsigned_38_35 ) 
     2 lt_152_52_I3 ( lt_unsigned_1280_24 ) 
     2 add_126_46_I4 ( add_unsigned_11887_7 ) 
     2 gte_126_53_I4 ( geq_unsigned_11890_15 ) 
     2 add_130_40_I4 ( add_unsigned_5261_252 ) 
     2 eq_141_39_I4 ( equal_unsigned_38_36 ) 
     2 lt_152_52_I4 ( lt_unsigned_1280_25 ) 
     2 eq_80_36 ( equal_unsigned_9403_13 ) 
     2 eq_81_36 ( equal_unsigned_11945_2 ) 
     2 eq_82_36 ( equal_unsigned_11307_4 ) 
     2 eq_83_36 ( equal_unsigned_11307_5 ) 
     2 eq_84_36 ( equal_unsigned_10568_10 ) 
     2 eq_85_36 ( equal_unsigned_10568_11 ) 
     2 eq_86_36 ( equal_unsigned_10568_12 ) 
     2 eq_87_36 ( equal_unsigned_10568_13 ) 
     2 eq_88_36 ( equal_unsigned_11959_11 ) 
     2 eq_89_37 ( equal_unsigned_11959_12 ) 
     2 eq_89_55 ( equal_unsigned_11959_13 ) 
     2 eq_90_37 ( equal_unsigned_11959_14 ) 
     2 eq_90_55 ( equal_unsigned_11959_15 ) 
     2 gte_100_34 ( geq_unsigned_1203_5 ) 
     2 add_227_51 ( add_unsigned_10420_5 ) 
     2 add_225_63 ( add_unsigned_10497_5 ) 
     2 sub_92_33 ( sub_unsigned_1935_2 ) 
     2 ctl_115_41 ( case_box_4936_1 ) 
     2 mux_115_41 ( mux_86_32 ) 
     2 ctl_115_157 ( case_box_4937_1 ) 
     2 mux_115_158 ( mux_86_33 ) 
     2 ctl_115_162 ( case_box_4940_1 ) 
     2 mux_115_163 ( mux_86_34 ) 
     2 ctl_115_167 ( case_box_4943_1 ) 
     2 mux_115_168 ( mux_86_35 ) 
     2 ctl_g_ch[0].m_136_28 ( case_box_4946_1 ) 
     2 mux_136_28 ( mux_84_37 ) 
     2 ctl_g_ch[1].m_136_28 ( case_box_4949_1 ) 
     2 mux_136_172 ( mux_84_38 ) 
     2 mux_136_52 ( bmux_6703 ) 
     2 mux_136_175 ( bmux_6704 ) 
     2 ctl_g_ch[3].m_136_28 ( case_box_4952_1 ) 
     2 mux_136_177 ( mux_84_39 ) 
     2 ctl_ccmr_187_17 ( case_box_4955_1 ) 
     2 mux_cap_now_187_17 ( mux_53_2792 ) 
     2 ctl_ccmr_187_178 ( case_box_4958_1 ) 
     2 mux_cap_now_187_179 ( mux_53_2793 ) 
     2 ctl_ccmr_187_180 ( case_box_4961_1 ) 
     2 mux_cap_now_187_181 ( mux_53_2794 ) 
     2 ctl_ccmr_187_182 ( case_box_4964_1 ) 
     2 mux_cap_now_187_183 ( mux_53_2795 ) 
     2 mux_225_37 ( bmux_45_66 ) 
     2 mux_cen_230_17 ( bmux_6706 ) 
     2 mux_227_28 ( bmux_46_784 ) 
     2 mux_cnt_222_26 ( bmux_46_785 ) 
     2 ctl_ccr_idx_249_26 ( case_box_4967_1 ) 
     2 mux_ccr[0]_249_26 ( mux_204_132 ) 
     2 mux_ccr[0]_249_17 ( bmux_46_788 ) 
     2 mux_ccr[1]_249_26 ( mux_204_133 ) 
     2 mux_ccr[1]_249_17 ( bmux_46_790 ) 
     2 mux_ccr[2]_249_26 ( mux_204_134 ) 
     2 mux_ccr[2]_249_17 ( bmux_46_792 ) 
     2 mux_ccr[3]_249_26 ( mux_204_135 ) 
     2 mux_ccr[3]_249_17 ( bmux_46_794 ) 
     2 mux_238_27 ( bmux_8494_3 ) 
     2 mux_sr_set_187_17 ( mux_2089_26 ) 
     2 mux_sr_set_187_206 ( mux_2089_27 ) 
     2 mux_sr_set_187_208 ( mux_2089_28 ) 
     2 mux_sr_set_187_210 ( mux_2089_29 ) 
     2 mux_pslverr_251_27 ( bmux_6708 ) 
     2 ctl_a_256_23 ( case_box_4982_1 ) 
     2 mux_pslverr_256_23 ( mux_53_2796 ) 
     2 mux_pslverr_255_17 ( bmux_6709 ) 
     2 mux_prdata_256_23 ( mux_12032_1 ) 
     2 mux_oc_ref_146_27 ( bmux_1773_8 ) 
     2 mux_oc_ref_146_217 ( bmux_1773_9 ) 
     2 mux_oc_ref_146_220 ( bmux_1773_10 ) 
     2 mux_oc_ref_146_222 ( bmux_1773_11 ) 
     2 mux_fcnt[0]_126_53 ( bmux_202_376 ) 
     2 mux_fcnt[1]_126_53 ( bmux_202_379 ) 
     2 mux_fcnt[2]_126_53 ( bmux_202_382 ) 
     2 mux_fcnt[3]_126_53 ( bmux_202_385 ) 
     2 ctl_g_ch[0].m_146_27 ( case_box_4985_1 ) 
     2 ctl_g_ch[1].m_146_27 ( case_box_4988_1 ) 
     2 ctl_g_ch[2].m_146_27 ( case_box_4991_1 ) 
     2 ctl_g_ch[3].m_146_27 ( case_box_4994_1 ) 
  1 u_pinmux ( apb_pinmux ) 
     2 g12 ( not_op_5067 ) 
     2 g13 ( or_op_5068 ) 
     2 g14 ( and_op_5069 ) 
     2 g15 ( not_op_5070 ) 
     2 g16 ( or_op_5071 ) 
     2 g17 ( and_op_5072 ) 
     2 g18 ( not_op_5073 ) 
     2 g19 ( or_op_5074 ) 
     2 g20 ( and_op_5075 ) 
     2 g21 ( not_op_5076 ) 
     2 g22 ( or_op_5077 ) 
     2 g23 ( and_op_5078 ) 
     2 g25 ( or_op_5080 ) 
     2 g27 ( or_op_5082 ) 
     2 g29 ( or_op_5084 ) 
     2 g31 ( or_op_5086 ) 
     2 g33 ( or_op_5088 ) 
     2 g35 ( or_op_5090 ) 
     2 g37 ( or_op_5092 ) 
     2 g39 ( or_op_5094 ) 
     2 g41 ( or_op_5096 ) 
     2 eq_202_20_I32 ( equal_unsigned_255_89 ) 
     2 eq_202_20_I31 ( equal_unsigned_255_90 ) 
     2 eq_202_20_I30 ( equal_unsigned_255_91 ) 
     2 eq_202_20_I29 ( equal_unsigned_255_92 ) 
     2 eq_202_20_I28 ( equal_unsigned_255_93 ) 
     2 eq_202_20_I27 ( equal_unsigned_255_94 ) 
     2 eq_202_20_I26 ( equal_unsigned_255_95 ) 
     2 eq_202_20_I25 ( equal_unsigned_255_96 ) 
     2 eq_202_20_I24 ( equal_unsigned_255_97 ) 
     2 eq_202_20_I23 ( equal_unsigned_255_98 ) 
     2 eq_202_20_I22 ( equal_unsigned_255_99 ) 
     2 eq_202_20_I21 ( equal_unsigned_255_100 ) 
     2 eq_202_20_I20 ( equal_unsigned_255_101 ) 
     2 eq_202_20_I19 ( equal_unsigned_255_102 ) 
     2 eq_202_20_I18 ( equal_unsigned_255_103 ) 
     2 eq_202_20_I17 ( equal_unsigned_255_104 ) 
     2 eq_202_20_I16 ( equal_unsigned_255_105 ) 
     2 eq_202_20_I15 ( equal_unsigned_255_106 ) 
     2 eq_202_20_I14 ( equal_unsigned_255_107 ) 
     2 eq_202_20_I13 ( equal_unsigned_255_108 ) 
     2 eq_202_20_I12 ( equal_unsigned_255_109 ) 
     2 eq_202_20_I11 ( equal_unsigned_255_110 ) 
     2 eq_202_20_I10 ( equal_unsigned_255_111 ) 
     2 eq_202_20_I9 ( equal_unsigned_255_112 ) 
     2 eq_202_20_I8 ( equal_unsigned_255_113 ) 
     2 eq_202_20_I7 ( equal_unsigned_255_114 ) 
     2 eq_202_20_I6 ( equal_unsigned_255_115 ) 
     2 eq_202_20_I5 ( equal_unsigned_255_116 ) 
     2 eq_202_20_I4 ( equal_unsigned_255_117 ) 
     2 eq_202_20_I3 ( equal_unsigned_255_118 ) 
     2 eq_202_20_I2 ( equal_unsigned_255_119 ) 
     2 eq_202_20_I1 ( equal_unsigned_255_120 ) 
     2 eq_228_35_I1_I4 ( equal_unsigned_1052_80 ) 
     2 eq_224_35_I1_I4 ( equal_unsigned_9820_25 ) 
     2 eq_228_35_I1_I3 ( equal_unsigned_1052_81 ) 
     2 eq_224_35_I1_I3 ( equal_unsigned_9820_26 ) 
     2 eq_228_35_I1_I2 ( equal_unsigned_1052_82 ) 
     2 eq_224_35_I1_I2 ( equal_unsigned_9820_27 ) 
     2 eq_228_35_I1_I1 ( equal_unsigned_1052_83 ) 
     2 eq_224_35_I1_I1 ( equal_unsigned_9820_28 ) 
     2 eq_228_35_I2_I4 ( equal_unsigned_1052_84 ) 
     2 eq_224_35_I2_I4 ( equal_unsigned_9820_29 ) 
     2 eq_228_35_I2_I3 ( equal_unsigned_1052_85 ) 
     2 eq_224_35_I2_I3 ( equal_unsigned_9820_30 ) 
     2 eq_228_35_I2_I2 ( equal_unsigned_1052_86 ) 
     2 eq_224_35_I2_I2 ( equal_unsigned_9820_31 ) 
     2 eq_228_35_I2_I1 ( equal_unsigned_1052_87 ) 
     2 eq_224_35_I2_I1 ( equal_unsigned_9820_32 ) 
     2 eq_228_35_I3_I4 ( equal_unsigned_1052_88 ) 
     2 eq_224_35_I3_I4 ( equal_unsigned_9820_33 ) 
     2 eq_228_35_I3_I3 ( equal_unsigned_1052_89 ) 
     2 eq_224_35_I3_I3 ( equal_unsigned_9820_34 ) 
     2 eq_228_35_I3_I2 ( equal_unsigned_1052_90 ) 
     2 eq_224_35_I3_I2 ( equal_unsigned_9820_35 ) 
     2 eq_228_35_I3_I1 ( equal_unsigned_1052_91 ) 
     2 eq_224_35_I3_I1 ( equal_unsigned_9820_36 ) 
     2 eq_228_35_I4_I4 ( equal_unsigned_1052_92 ) 
     2 eq_224_35_I4_I4 ( equal_unsigned_9820_37 ) 
     2 eq_228_35_I4_I3 ( equal_unsigned_1052_93 ) 
     2 eq_224_35_I4_I3 ( equal_unsigned_9820_38 ) 
     2 eq_228_35_I4_I2 ( equal_unsigned_1052_94 ) 
     2 eq_224_35_I4_I2 ( equal_unsigned_9820_39 ) 
     2 eq_228_35_I4_I1 ( equal_unsigned_1052_95 ) 
     2 eq_224_35_I4_I1 ( equal_unsigned_9820_40 ) 
     2 eq_228_35_I5_I4 ( equal_unsigned_1052_96 ) 
     2 eq_224_35_I5_I4 ( equal_unsigned_9820_41 ) 
     2 eq_228_35_I5_I3 ( equal_unsigned_1052_97 ) 
     2 eq_224_35_I5_I3 ( equal_unsigned_9820_42 ) 
     2 eq_228_35_I5_I2 ( equal_unsigned_1052_98 ) 
     2 eq_224_35_I5_I2 ( equal_unsigned_9820_43 ) 
     2 eq_228_35_I5_I1 ( equal_unsigned_1052_99 ) 
     2 eq_224_35_I5_I1 ( equal_unsigned_9820_44 ) 
     2 eq_228_35_I6_I4 ( equal_unsigned_1052_100 ) 
     2 eq_224_35_I6_I4 ( equal_unsigned_9820_45 ) 
     2 eq_228_35_I6_I3 ( equal_unsigned_1052_101 ) 
     2 eq_224_35_I6_I3 ( equal_unsigned_9820_46 ) 
     2 eq_228_35_I6_I2 ( equal_unsigned_1052_102 ) 
     2 eq_224_35_I6_I2 ( equal_unsigned_9820_47 ) 
     2 eq_228_35_I6_I1 ( equal_unsigned_1052_103 ) 
     2 eq_224_35_I6_I1 ( equal_unsigned_9820_48 ) 
     2 eq_228_35_I7_I4 ( equal_unsigned_1052_104 ) 
     2 eq_224_35_I7_I4 ( equal_unsigned_9820_49 ) 
     2 eq_228_35_I7_I3 ( equal_unsigned_1052_105 ) 
     2 eq_224_35_I7_I3 ( equal_unsigned_9820_50 ) 
     2 eq_228_35_I7_I2 ( equal_unsigned_1052_106 ) 
     2 eq_224_35_I7_I2 ( equal_unsigned_9820_51 ) 
     2 eq_228_35_I7_I1 ( equal_unsigned_1052_107 ) 
     2 eq_224_35_I7_I1 ( equal_unsigned_9820_52 ) 
     2 eq_228_35_I8_I4 ( equal_unsigned_1052_108 ) 
     2 eq_224_35_I8_I4 ( equal_unsigned_9820_53 ) 
     2 eq_228_35_I8_I3 ( equal_unsigned_1052_109 ) 
     2 eq_224_35_I8_I3 ( equal_unsigned_9820_54 ) 
     2 eq_228_35_I8_I2 ( equal_unsigned_1052_110 ) 
     2 eq_224_35_I8_I2 ( equal_unsigned_9820_55 ) 
     2 eq_228_35_I8_I1 ( equal_unsigned_1052_111 ) 
     2 eq_224_35_I8_I1 ( equal_unsigned_9820_56 ) 
     2 eq_228_35_I9_I4 ( equal_unsigned_1052_112 ) 
     2 eq_224_35_I9_I4 ( equal_unsigned_9820_57 ) 
     2 eq_228_35_I9_I3 ( equal_unsigned_1052_113 ) 
     2 eq_224_35_I9_I3 ( equal_unsigned_9820_58 ) 
     2 eq_228_35_I9_I2 ( equal_unsigned_1052_114 ) 
     2 eq_224_35_I9_I2 ( equal_unsigned_9820_59 ) 
     2 eq_228_35_I9_I1 ( equal_unsigned_1052_115 ) 
     2 eq_224_35_I9_I1 ( equal_unsigned_9820_60 ) 
     2 eq_228_35_I10_I4 ( equal_unsigned_1052_116 ) 
     2 eq_224_35_I10_I4 ( equal_unsigned_9820_61 ) 
     2 eq_228_35_I10_I3 ( equal_unsigned_1052_117 ) 
     2 eq_224_35_I10_I3 ( equal_unsigned_9820_62 ) 
     2 eq_228_35_I10_I2 ( equal_unsigned_1052_118 ) 
     2 eq_224_35_I10_I2 ( equal_unsigned_9820_63 ) 
     2 eq_228_35_I10_I1 ( equal_unsigned_1052_119 ) 
     2 eq_224_35_I10_I1 ( equal_unsigned_9820_64 ) 
     2 eq_228_35_I11_I4 ( equal_unsigned_1052_120 ) 
     2 eq_224_35_I11_I4 ( equal_unsigned_9820_65 ) 
     2 eq_228_35_I11_I3 ( equal_unsigned_1052_121 ) 
     2 eq_224_35_I11_I3 ( equal_unsigned_9820_66 ) 
     2 eq_228_35_I11_I2 ( equal_unsigned_1052_122 ) 
     2 eq_224_35_I11_I2 ( equal_unsigned_9820_67 ) 
     2 eq_228_35_I11_I1 ( equal_unsigned_1052_123 ) 
     2 eq_224_35_I11_I1 ( equal_unsigned_9820_68 ) 
     2 eq_228_35_I12_I4 ( equal_unsigned_1052_124 ) 
     2 eq_224_35_I12_I4 ( equal_unsigned_9820_69 ) 
     2 eq_228_35_I12_I3 ( equal_unsigned_1052_125 ) 
     2 eq_224_35_I12_I3 ( equal_unsigned_9820_70 ) 
     2 eq_228_35_I12_I2 ( equal_unsigned_1052_126 ) 
     2 eq_224_35_I12_I2 ( equal_unsigned_9820_71 ) 
     2 eq_228_35_I12_I1 ( equal_unsigned_1052_127 ) 
     2 eq_224_35_I12_I1 ( equal_unsigned_9820_72 ) 
     2 eq_228_35_I13_I4 ( equal_unsigned_1052_128 ) 
     2 eq_224_35_I13_I4 ( equal_unsigned_9820_73 ) 
     2 eq_228_35_I13_I3 ( equal_unsigned_1052_129 ) 
     2 eq_224_35_I13_I3 ( equal_unsigned_9820_74 ) 
     2 eq_228_35_I13_I2 ( equal_unsigned_1052_130 ) 
     2 eq_224_35_I13_I2 ( equal_unsigned_9820_75 ) 
     2 eq_228_35_I13_I1 ( equal_unsigned_1052_131 ) 
     2 eq_224_35_I13_I1 ( equal_unsigned_9820_76 ) 
     2 eq_228_35_I14_I4 ( equal_unsigned_1052_132 ) 
     2 eq_224_35_I14_I4 ( equal_unsigned_9820_77 ) 
     2 eq_228_35_I14_I3 ( equal_unsigned_1052_133 ) 
     2 eq_224_35_I14_I3 ( equal_unsigned_9820_78 ) 
     2 eq_228_35_I14_I2 ( equal_unsigned_1052_134 ) 
     2 eq_224_35_I14_I2 ( equal_unsigned_9820_79 ) 
     2 eq_228_35_I14_I1 ( equal_unsigned_1052_135 ) 
     2 eq_224_35_I14_I1 ( equal_unsigned_9820_80 ) 
     2 eq_228_35_I15_I4 ( equal_unsigned_1052_136 ) 
     2 eq_224_35_I15_I4 ( equal_unsigned_9820_81 ) 
     2 eq_228_35_I15_I3 ( equal_unsigned_1052_137 ) 
     2 eq_224_35_I15_I3 ( equal_unsigned_9820_82 ) 
     2 eq_228_35_I15_I2 ( equal_unsigned_1052_138 ) 
     2 eq_224_35_I15_I2 ( equal_unsigned_9820_83 ) 
     2 eq_228_35_I15_I1 ( equal_unsigned_1052_139 ) 
     2 eq_224_35_I15_I1 ( equal_unsigned_9820_84 ) 
     2 eq_228_35_I17_I4 ( equal_unsigned_1052_140 ) 
     2 eq_224_35_I17_I4 ( equal_unsigned_9820_85 ) 
     2 eq_228_35_I17_I3 ( equal_unsigned_1052_141 ) 
     2 eq_224_35_I17_I3 ( equal_unsigned_9820_86 ) 
     2 eq_228_35_I17_I2 ( equal_unsigned_1052_142 ) 
     2 eq_224_35_I17_I2 ( equal_unsigned_9820_87 ) 
     2 eq_228_35_I17_I1 ( equal_unsigned_1052_143 ) 
     2 eq_224_35_I17_I1 ( equal_unsigned_9820_88 ) 
     2 eq_228_35_I18_I4 ( equal_unsigned_1052_144 ) 
     2 eq_224_35_I18_I4 ( equal_unsigned_9820_89 ) 
     2 eq_228_35_I18_I3 ( equal_unsigned_1052_145 ) 
     2 eq_224_35_I18_I3 ( equal_unsigned_9820_90 ) 
     2 eq_228_35_I18_I2 ( equal_unsigned_1052_146 ) 
     2 eq_224_35_I18_I2 ( equal_unsigned_9820_91 ) 
     2 eq_228_35_I18_I1 ( equal_unsigned_1052_147 ) 
     2 eq_224_35_I18_I1 ( equal_unsigned_9820_92 ) 
     2 eq_228_35_I19_I4 ( equal_unsigned_1052_148 ) 
     2 eq_224_35_I19_I4 ( equal_unsigned_9820_93 ) 
     2 eq_228_35_I19_I3 ( equal_unsigned_1052_149 ) 
     2 eq_224_35_I19_I3 ( equal_unsigned_9820_94 ) 
     2 eq_228_35_I19_I2 ( equal_unsigned_1052_150 ) 
     2 eq_224_35_I19_I2 ( equal_unsigned_9820_95 ) 
     2 eq_228_35_I19_I1 ( equal_unsigned_1052_151 ) 
     2 eq_224_35_I19_I1 ( equal_unsigned_9820_96 ) 
     2 eq_228_35_I20_I4 ( equal_unsigned_1052_152 ) 
     2 eq_224_35_I20_I4 ( equal_unsigned_9820_97 ) 
     2 eq_228_35_I20_I3 ( equal_unsigned_1052_153 ) 
     2 eq_224_35_I20_I3 ( equal_unsigned_9820_98 ) 
     2 eq_228_35_I20_I2 ( equal_unsigned_1052_154 ) 
     2 eq_224_35_I20_I2 ( equal_unsigned_9820_99 ) 
     2 eq_228_35_I20_I1 ( equal_unsigned_1052_155 ) 
     2 eq_224_35_I20_I1 ( equal_unsigned_9820_100 ) 
     2 eq_228_35_I21_I4 ( equal_unsigned_1052_156 ) 
     2 eq_224_35_I21_I4 ( equal_unsigned_9820_101 ) 
     2 eq_228_35_I21_I3 ( equal_unsigned_1052_157 ) 
     2 eq_224_35_I21_I3 ( equal_unsigned_9820_102 ) 
     2 eq_228_35_I21_I2 ( equal_unsigned_1052_158 ) 
     2 eq_224_35_I21_I2 ( equal_unsigned_9820_103 ) 
     2 eq_228_35_I21_I1 ( equal_unsigned_1052_159 ) 
     2 eq_224_35_I21_I1 ( equal_unsigned_9820_104 ) 
     2 eq_228_35_I22_I4 ( equal_unsigned_1052_160 ) 
     2 eq_224_35_I22_I4 ( equal_unsigned_9820_105 ) 
     2 eq_228_35_I22_I3 ( equal_unsigned_1052_161 ) 
     2 eq_224_35_I22_I3 ( equal_unsigned_9820_106 ) 
     2 eq_228_35_I22_I2 ( equal_unsigned_1052_162 ) 
     2 eq_224_35_I22_I2 ( equal_unsigned_9820_107 ) 
     2 eq_228_35_I22_I1 ( equal_unsigned_1052_163 ) 
     2 eq_224_35_I22_I1 ( equal_unsigned_9820_108 ) 
     2 eq_228_35_I23_I4 ( equal_unsigned_1052_164 ) 
     2 eq_224_35_I23_I4 ( equal_unsigned_9820_109 ) 
     2 eq_228_35_I23_I3 ( equal_unsigned_1052_165 ) 
     2 eq_224_35_I23_I3 ( equal_unsigned_9820_110 ) 
     2 eq_228_35_I23_I2 ( equal_unsigned_1052_166 ) 
     2 eq_224_35_I23_I2 ( equal_unsigned_9820_111 ) 
     2 eq_228_35_I23_I1 ( equal_unsigned_1052_167 ) 
     2 eq_224_35_I23_I1 ( equal_unsigned_9820_112 ) 
     2 eq_228_35_I24_I4 ( equal_unsigned_1052_168 ) 
     2 eq_224_35_I24_I4 ( equal_unsigned_9820_113 ) 
     2 eq_228_35_I24_I3 ( equal_unsigned_1052_169 ) 
     2 eq_224_35_I24_I3 ( equal_unsigned_9820_114 ) 
     2 eq_228_35_I24_I2 ( equal_unsigned_1052_170 ) 
     2 eq_224_35_I24_I2 ( equal_unsigned_9820_115 ) 
     2 eq_228_35_I24_I1 ( equal_unsigned_1052_171 ) 
     2 eq_224_35_I24_I1 ( equal_unsigned_9820_116 ) 
     2 eq_228_35_I25_I4 ( equal_unsigned_1052_172 ) 
     2 eq_224_35_I25_I4 ( equal_unsigned_9820_117 ) 
     2 eq_228_35_I25_I3 ( equal_unsigned_1052_173 ) 
     2 eq_224_35_I25_I3 ( equal_unsigned_9820_118 ) 
     2 eq_228_35_I25_I2 ( equal_unsigned_1052_174 ) 
     2 eq_224_35_I25_I2 ( equal_unsigned_9820_119 ) 
     2 eq_228_35_I25_I1 ( equal_unsigned_1052_175 ) 
     2 eq_224_35_I25_I1 ( equal_unsigned_9820_120 ) 
     2 eq_228_35_I26_I4 ( equal_unsigned_1052_176 ) 
     2 eq_224_35_I26_I4 ( equal_unsigned_9820_121 ) 
     2 eq_228_35_I26_I3 ( equal_unsigned_1052_177 ) 
     2 eq_224_35_I26_I3 ( equal_unsigned_9820_122 ) 
     2 eq_228_35_I26_I2 ( equal_unsigned_1052_178 ) 
     2 eq_224_35_I26_I2 ( equal_unsigned_9820_123 ) 
     2 eq_228_35_I26_I1 ( equal_unsigned_1052_179 ) 
     2 eq_224_35_I26_I1 ( equal_unsigned_9820_124 ) 
     2 eq_228_35_I27_I4 ( equal_unsigned_1052_180 ) 
     2 eq_224_35_I27_I4 ( equal_unsigned_9820_125 ) 
     2 eq_228_35_I27_I3 ( equal_unsigned_1052_181 ) 
     2 eq_224_35_I27_I3 ( equal_unsigned_9820_126 ) 
     2 eq_228_35_I27_I2 ( equal_unsigned_1052_182 ) 
     2 eq_224_35_I27_I2 ( equal_unsigned_9820_127 ) 
     2 eq_228_35_I27_I1 ( equal_unsigned_1052_183 ) 
     2 eq_224_35_I27_I1 ( equal_unsigned_9820_128 ) 
     2 eq_228_35_I28_I4 ( equal_unsigned_1052_184 ) 
     2 eq_224_35_I28_I4 ( equal_unsigned_9820_129 ) 
     2 eq_228_35_I28_I3 ( equal_unsigned_1052_185 ) 
     2 eq_224_35_I28_I3 ( equal_unsigned_9820_130 ) 
     2 eq_228_35_I28_I2 ( equal_unsigned_1052_186 ) 
     2 eq_224_35_I28_I2 ( equal_unsigned_9820_131 ) 
     2 eq_228_35_I28_I1 ( equal_unsigned_1052_187 ) 
     2 eq_224_35_I28_I1 ( equal_unsigned_9820_132 ) 
     2 eq_228_35_I29_I4 ( equal_unsigned_1052_188 ) 
     2 eq_224_35_I29_I4 ( equal_unsigned_9820_133 ) 
     2 eq_228_35_I29_I3 ( equal_unsigned_1052_189 ) 
     2 eq_224_35_I29_I3 ( equal_unsigned_9820_134 ) 
     2 eq_228_35_I29_I2 ( equal_unsigned_1052_190 ) 
     2 eq_224_35_I29_I2 ( equal_unsigned_9820_135 ) 
     2 eq_228_35_I29_I1 ( equal_unsigned_1052_191 ) 
     2 eq_224_35_I29_I1 ( equal_unsigned_9820_136 ) 
     2 eq_228_35_I30_I4 ( equal_unsigned_1052_192 ) 
     2 eq_224_35_I30_I4 ( equal_unsigned_9820_137 ) 
     2 eq_228_35_I30_I3 ( equal_unsigned_1052_193 ) 
     2 eq_224_35_I30_I3 ( equal_unsigned_9820_138 ) 
     2 eq_228_35_I30_I2 ( equal_unsigned_1052_194 ) 
     2 eq_224_35_I30_I2 ( equal_unsigned_9820_139 ) 
     2 eq_228_35_I30_I1 ( equal_unsigned_1052_195 ) 
     2 eq_224_35_I30_I1 ( equal_unsigned_9820_140 ) 
     2 eq_228_35_I31_I4 ( equal_unsigned_1052_196 ) 
     2 eq_224_35_I31_I4 ( equal_unsigned_9820_141 ) 
     2 eq_228_35_I31_I3 ( equal_unsigned_1052_197 ) 
     2 eq_224_35_I31_I3 ( equal_unsigned_9820_142 ) 
     2 eq_228_35_I31_I2 ( equal_unsigned_1052_198 ) 
     2 eq_224_35_I31_I2 ( equal_unsigned_9820_143 ) 
     2 eq_228_35_I31_I1 ( equal_unsigned_1052_199 ) 
     2 eq_224_35_I31_I1 ( equal_unsigned_9820_144 ) 
     2 ctl_paddr_166_23 ( case_box_5097 ) 
     2 mux_pslverr_166_23 ( mux_84_28 ) 
     2 mux_pslverr_165_17 ( bmux_5313 ) 
     2 ctl_paddr_173_23 ( case_box_5099 ) 
     2 mux_pslverr_173_23 ( mux_53_2372 ) 
     2 mux_pslverr_172_17 ( bmux_5314 ) 
     2 mux_prdata_173_23 ( mux_4171_7 ) 
     2 ctl_f_208_23 ( case_box_5102 ) 
     2 mux_sel_t1[0]_208_23 ( mux_10848_1 ) 
     2 ctl_228_35 ( case_box_5105 ) 
     2 mux_sel_t1[0]_228_35 ( mux_53_2373 ) 
     2 ctl_208_23 ( case_box_5108 ) 
     2 mux_sel_t1[0]_208_105 ( mux_53_2374 ) 
     2 mux_sel_t1[0]_202_20 ( bmux_5317 ) 
     2 mux_sel_t1[0]_228_106 ( bmux_5318 ) 
     2 ctl_f_208_107 ( case_box_5111 ) 
     2 mux_sel_t1[0]_208_109 ( mux_53_2375 ) 
     2 mux_sel_t1[0]_202_110 ( bmux_5319 ) 
     2 mux_sel_t1[0]_228_111 ( bmux_5320 ) 
     2 ctl_f_208_112 ( case_box_5114 ) 
     2 mux_sel_t1[0]_208_114 ( mux_53_2376 ) 
     2 mux_sel_t1[0]_202_115 ( bmux_5321 ) 
     2 mux_sel_t1[0]_228_116 ( bmux_5322 ) 
     2 ctl_f_208_117 ( case_box_5117 ) 
     2 mux_sel_t1[0]_208_119 ( mux_53_2377 ) 
     2 mux_sel_t1[0]_202_120 ( bmux_5323 ) 
     2 mux_sel_t1[0]_228_121 ( bmux_5324 ) 
     2 ctl_f_208_122 ( case_box_5120 ) 
     2 mux_sel_t1[0]_208_124 ( mux_53_2378 ) 
     2 mux_sel_t1[0]_202_125 ( bmux_5325 ) 
     2 mux_sel_t1[0]_228_126 ( bmux_5326 ) 
     2 ctl_f_208_127 ( case_box_5123 ) 
     2 mux_sel_t1[0]_208_129 ( mux_53_2379 ) 
     2 mux_sel_t1[0]_202_130 ( bmux_5327 ) 
     2 mux_sel_t1[0]_228_131 ( bmux_5328 ) 
     2 ctl_f_208_132 ( case_box_5126 ) 
     2 mux_sel_t1[0]_208_134 ( mux_53_2380 ) 
     2 mux_sel_t1[0]_202_135 ( bmux_5329 ) 
     2 mux_sel_t1[0]_228_136 ( bmux_5330 ) 
     2 ctl_f_208_137 ( case_box_5129 ) 
     2 mux_sel_t1[0]_208_139 ( mux_53_2381 ) 
     2 mux_sel_t1[0]_202_140 ( bmux_5331 ) 
     2 mux_sel_t1[0]_228_141 ( bmux_5332 ) 
     2 ctl_f_208_142 ( case_box_5132 ) 
     2 mux_sel_t1[0]_208_144 ( mux_53_2382 ) 
     2 mux_sel_t1[0]_202_145 ( bmux_5333 ) 
     2 mux_sel_t1[0]_228_146 ( bmux_5334 ) 
     2 ctl_f_208_147 ( case_box_5135 ) 
     2 mux_sel_t1[0]_208_149 ( mux_53_2383 ) 
     2 mux_sel_t1[0]_202_150 ( bmux_5335 ) 
     2 mux_sel_t1[0]_228_151 ( bmux_5336 ) 
     2 ctl_f_208_152 ( case_box_5138 ) 
     2 mux_sel_t1[0]_208_154 ( mux_53_2384 ) 
     2 mux_sel_t1[0]_202_155 ( bmux_5337 ) 
     2 mux_sel_t1[0]_228_156 ( bmux_5338 ) 
     2 ctl_f_208_157 ( case_box_5141 ) 
     2 mux_sel_t1[0]_208_159 ( mux_53_2385 ) 
     2 mux_sel_t1[0]_202_160 ( bmux_5339 ) 
     2 mux_sel_t1[0]_228_161 ( bmux_5340 ) 
     2 ctl_f_208_162 ( case_box_5144 ) 
     2 mux_sel_t1[0]_208_164 ( mux_53_2386 ) 
     2 mux_sel_t1[0]_202_165 ( bmux_5341 ) 
     2 mux_sel_t1[0]_228_166 ( bmux_5342 ) 
     2 ctl_f_208_167 ( case_box_5147 ) 
     2 mux_sel_t1[0]_208_169 ( mux_53_2387 ) 
     2 mux_sel_t1[0]_202_170 ( bmux_5343 ) 
     2 mux_sel_t1[0]_228_171 ( bmux_5344 ) 
     2 ctl_f_208_172 ( case_box_5150 ) 
     2 mux_sel_t1[0]_208_174 ( mux_53_2388 ) 
     2 mux_sel_t1[0]_202_175 ( bmux_5345 ) 
     2 mux_sel_t1[0]_228_176 ( bmux_5346 ) 
     2 ctl_f_208_177 ( case_box_5153 ) 
     2 mux_sel_t1[0]_208_179 ( mux_53_2389 ) 
     2 mux_sel_t1[0]_202_180 ( bmux_5347 ) 
     2 mux_sel_t1[0]_228_181 ( bmux_5348 ) 
     2 ctl_f_208_182 ( case_box_5156 ) 
     2 mux_sel_t1[0]_208_184 ( mux_53_2390 ) 
     2 mux_sel_t1[0]_202_185 ( bmux_5349 ) 
     2 mux_sel_t1[0]_228_186 ( bmux_5350 ) 
     2 ctl_f_208_187 ( case_box_5159 ) 
     2 mux_sel_t1[0]_208_189 ( mux_53_2391 ) 
     2 mux_sel_t1[0]_202_190 ( bmux_5351 ) 
     2 mux_sel_t1[0]_228_191 ( bmux_5352 ) 
     2 ctl_f_208_192 ( case_box_5162 ) 
     2 mux_sel_t1[0]_208_194 ( mux_53_2392 ) 
     2 mux_sel_t1[0]_202_195 ( bmux_5353 ) 
     2 mux_sel_t1[0]_228_196 ( bmux_5354 ) 
     2 ctl_f_208_197 ( case_box_5165 ) 
     2 mux_sel_t1[0]_208_199 ( mux_53_2393 ) 
     2 mux_sel_t1[0]_202_200 ( bmux_5355 ) 
     2 mux_sel_t1[0]_228_201 ( bmux_5356 ) 
     2 ctl_f_208_202 ( case_box_5168 ) 
     2 mux_sel_t1[0]_208_204 ( mux_53_2394 ) 
     2 mux_sel_t1[0]_202_205 ( bmux_5357 ) 
     2 mux_sel_t1[0]_228_206 ( bmux_5358 ) 
     2 ctl_f_208_207 ( case_box_5171 ) 
     2 mux_sel_t1[0]_208_209 ( mux_53_2395 ) 
     2 mux_sel_t1[0]_202_210 ( bmux_5359 ) 
     2 mux_sel_t1[0]_228_211 ( bmux_5360 ) 
     2 ctl_f_208_212 ( case_box_5174 ) 
     2 mux_sel_t1[0]_208_214 ( mux_53_2396 ) 
     2 mux_sel_t1[0]_202_215 ( bmux_5361 ) 
     2 mux_sel_t1[0]_228_216 ( bmux_5362 ) 
     2 ctl_f_208_217 ( case_box_5177 ) 
     2 mux_sel_t1[0]_208_219 ( mux_53_2397 ) 
     2 mux_sel_t1[0]_202_220 ( bmux_5363 ) 
     2 mux_sel_t1[0]_228_221 ( bmux_5364 ) 
     2 ctl_f_208_222 ( case_box_5180 ) 
     2 mux_sel_t1[0]_208_224 ( mux_53_2398 ) 
     2 mux_sel_t1[0]_202_225 ( bmux_5365 ) 
     2 mux_sel_t1[0]_228_226 ( bmux_5366 ) 
     2 ctl_f_208_227 ( case_box_5183 ) 
     2 mux_sel_t1[0]_208_229 ( mux_53_2399 ) 
     2 mux_sel_t1[0]_202_230 ( bmux_5367 ) 
     2 mux_sel_t1[0]_228_231 ( bmux_5368 ) 
     2 ctl_f_208_232 ( case_box_5186 ) 
     2 mux_sel_t1[0]_208_234 ( mux_53_2400 ) 
     2 mux_sel_t1[0]_202_235 ( bmux_5369 ) 
     2 mux_sel_t1[0]_228_236 ( bmux_5370 ) 
     2 ctl_f_208_237 ( case_box_5189 ) 
     2 mux_sel_t1[0]_208_239 ( mux_53_2401 ) 
     2 mux_sel_t1[0]_202_240 ( bmux_5371 ) 
     2 mux_sel_t1[0]_228_241 ( bmux_5372 ) 
     2 ctl_f_208_242 ( case_box_5192 ) 
     2 mux_sel_t1[0]_208_244 ( mux_53_2402 ) 
     2 mux_sel_t1[0]_202_245 ( bmux_5373 ) 
     2 mux_sel_t1[0]_228_246 ( bmux_5374 ) 
     2 ctl_f_208_247 ( case_box_5195 ) 
     2 mux_sel_t1[0]_208_249 ( mux_53_2403 ) 
     2 mux_sel_t1[0]_202_250 ( bmux_5375 ) 
     2 mux_sel_t1[1]_228_35 ( bmux_5376 ) 
     2 mux_sel_t1[1]_208_282 ( mux_53_2404 ) 
     2 mux_sel_t1[1]_202_20 ( bmux_5377 ) 
     2 mux_sel_t1[1]_228_283 ( bmux_5378 ) 
     2 mux_sel_t1[1]_208_285 ( mux_53_2405 ) 
     2 mux_sel_t1[1]_202_286 ( bmux_5379 ) 
     2 mux_sel_t1[1]_228_287 ( bmux_5380 ) 
     2 mux_sel_t1[1]_208_289 ( mux_53_2406 ) 
     2 mux_sel_t1[1]_202_290 ( bmux_5381 ) 
     2 mux_sel_t1[1]_228_291 ( bmux_5382 ) 
     2 mux_sel_t1[1]_208_293 ( mux_53_2407 ) 
     2 mux_sel_t1[1]_202_294 ( bmux_5383 ) 
     2 mux_sel_t1[1]_228_295 ( bmux_5384 ) 
     2 mux_sel_t1[1]_208_297 ( mux_53_2408 ) 
     2 mux_sel_t1[1]_202_298 ( bmux_5385 ) 
     2 mux_sel_t1[1]_228_299 ( bmux_5386 ) 
     2 mux_sel_t1[1]_208_301 ( mux_53_2409 ) 
     2 mux_sel_t1[1]_202_302 ( bmux_5387 ) 
     2 mux_sel_t1[1]_228_303 ( bmux_5388 ) 
     2 mux_sel_t1[1]_208_305 ( mux_53_2410 ) 
     2 mux_sel_t1[1]_202_306 ( bmux_5389 ) 
     2 mux_sel_t1[1]_228_307 ( bmux_5390 ) 
     2 mux_sel_t1[1]_208_309 ( mux_53_2411 ) 
     2 mux_sel_t1[1]_202_310 ( bmux_5391 ) 
     2 mux_sel_t1[1]_228_311 ( bmux_5392 ) 
     2 mux_sel_t1[1]_208_313 ( mux_53_2412 ) 
     2 mux_sel_t1[1]_202_314 ( bmux_5393 ) 
     2 mux_sel_t1[1]_228_315 ( bmux_5394 ) 
     2 mux_sel_t1[1]_208_317 ( mux_53_2413 ) 
     2 mux_sel_t1[1]_202_318 ( bmux_5395 ) 
     2 mux_sel_t1[1]_228_319 ( bmux_5396 ) 
     2 mux_sel_t1[1]_208_321 ( mux_53_2414 ) 
     2 mux_sel_t1[1]_202_322 ( bmux_5397 ) 
     2 mux_sel_t1[1]_228_323 ( bmux_5398 ) 
     2 mux_sel_t1[1]_208_325 ( mux_53_2415 ) 
     2 mux_sel_t1[1]_202_326 ( bmux_5399 ) 
     2 mux_sel_t1[1]_228_327 ( bmux_5400 ) 
     2 mux_sel_t1[1]_208_329 ( mux_53_2416 ) 
     2 mux_sel_t1[1]_202_330 ( bmux_5401 ) 
     2 mux_sel_t1[1]_228_331 ( bmux_5402 ) 
     2 mux_sel_t1[1]_208_333 ( mux_53_2417 ) 
     2 mux_sel_t1[1]_202_334 ( bmux_5403 ) 
     2 mux_sel_t1[1]_228_335 ( bmux_5404 ) 
     2 mux_sel_t1[1]_208_337 ( mux_53_2418 ) 
     2 mux_sel_t1[1]_202_338 ( bmux_5405 ) 
     2 mux_sel_t1[1]_228_339 ( bmux_5406 ) 
     2 mux_sel_t1[1]_208_341 ( mux_53_2419 ) 
     2 mux_sel_t1[1]_202_342 ( bmux_5407 ) 
     2 mux_sel_t1[1]_228_343 ( bmux_5408 ) 
     2 mux_sel_t1[1]_208_345 ( mux_53_2420 ) 
     2 mux_sel_t1[1]_202_346 ( bmux_5409 ) 
     2 mux_sel_t1[1]_228_347 ( bmux_5410 ) 
     2 mux_sel_t1[1]_208_349 ( mux_53_2421 ) 
     2 mux_sel_t1[1]_202_350 ( bmux_5411 ) 
     2 mux_sel_t1[1]_228_351 ( bmux_5412 ) 
     2 mux_sel_t1[1]_208_353 ( mux_53_2422 ) 
     2 mux_sel_t1[1]_202_354 ( bmux_5413 ) 
     2 mux_sel_t1[1]_228_355 ( bmux_5414 ) 
     2 mux_sel_t1[1]_208_357 ( mux_53_2423 ) 
     2 mux_sel_t1[1]_202_358 ( bmux_5415 ) 
     2 mux_sel_t1[1]_228_359 ( bmux_5416 ) 
     2 mux_sel_t1[1]_208_361 ( mux_53_2424 ) 
     2 mux_sel_t1[1]_202_362 ( bmux_5417 ) 
     2 mux_sel_t1[1]_228_363 ( bmux_5418 ) 
     2 mux_sel_t1[1]_208_365 ( mux_53_2425 ) 
     2 mux_sel_t1[1]_202_366 ( bmux_5419 ) 
     2 mux_sel_t1[1]_228_367 ( bmux_5420 ) 
     2 mux_sel_t1[1]_208_369 ( mux_53_2426 ) 
     2 mux_sel_t1[1]_202_370 ( bmux_5421 ) 
     2 mux_sel_t1[1]_228_371 ( bmux_5422 ) 
     2 mux_sel_t1[1]_208_373 ( mux_53_2427 ) 
     2 mux_sel_t1[1]_202_374 ( bmux_5423 ) 
     2 mux_sel_t1[1]_228_375 ( bmux_5424 ) 
     2 mux_sel_t1[1]_208_377 ( mux_53_2428 ) 
     2 mux_sel_t1[1]_202_378 ( bmux_5425 ) 
     2 mux_sel_t1[1]_228_379 ( bmux_5426 ) 
     2 mux_sel_t1[1]_208_381 ( mux_53_2429 ) 
     2 mux_sel_t1[1]_202_382 ( bmux_5427 ) 
     2 mux_sel_t1[1]_228_383 ( bmux_5428 ) 
     2 mux_sel_t1[1]_208_385 ( mux_53_2430 ) 
     2 mux_sel_t1[1]_202_386 ( bmux_5429 ) 
     2 mux_sel_t1[1]_228_387 ( bmux_5430 ) 
     2 mux_sel_t1[1]_208_389 ( mux_53_2431 ) 
     2 mux_sel_t1[1]_202_390 ( bmux_5431 ) 
     2 mux_sel_t1[1]_228_391 ( bmux_5432 ) 
     2 mux_sel_t1[1]_208_393 ( mux_53_2432 ) 
     2 mux_sel_t1[1]_202_394 ( bmux_5433 ) 
     2 mux_sel_t1[1]_228_395 ( bmux_5434 ) 
     2 mux_sel_t1[1]_208_397 ( mux_53_2433 ) 
     2 mux_sel_t1[1]_202_398 ( bmux_5435 ) 
     2 ctl_228_428 ( case_box_5201 ) 
     2 mux_sel_t1[2]_228_35 ( mux_53_2434 ) 
     2 mux_sel_t1[2]_208_430 ( mux_53_2435 ) 
     2 mux_sel_t1[2]_202_20 ( bmux_5436 ) 
     2 mux_sel_t1[2]_228_431 ( bmux_5437 ) 
     2 mux_sel_t1[2]_208_433 ( mux_53_2436 ) 
     2 mux_sel_t1[2]_202_434 ( bmux_5438 ) 
     2 mux_sel_t1[2]_228_435 ( bmux_5439 ) 
     2 mux_sel_t1[2]_208_437 ( mux_53_2437 ) 
     2 mux_sel_t1[2]_202_438 ( bmux_5440 ) 
     2 mux_sel_t1[2]_228_439 ( bmux_5441 ) 
     2 mux_sel_t1[2]_208_441 ( mux_53_2438 ) 
     2 mux_sel_t1[2]_202_442 ( bmux_5442 ) 
     2 mux_sel_t1[2]_228_443 ( bmux_5443 ) 
     2 mux_sel_t1[2]_208_445 ( mux_53_2439 ) 
     2 mux_sel_t1[2]_202_446 ( bmux_5444 ) 
     2 mux_sel_t1[2]_228_447 ( bmux_5445 ) 
     2 mux_sel_t1[2]_208_449 ( mux_53_2440 ) 
     2 mux_sel_t1[2]_202_450 ( bmux_5446 ) 
     2 mux_sel_t1[2]_228_451 ( bmux_5447 ) 
     2 mux_sel_t1[2]_208_453 ( mux_53_2441 ) 
     2 mux_sel_t1[2]_202_454 ( bmux_5448 ) 
     2 mux_sel_t1[2]_228_455 ( bmux_5449 ) 
     2 mux_sel_t1[2]_208_457 ( mux_53_2442 ) 
     2 mux_sel_t1[2]_202_458 ( bmux_5450 ) 
     2 mux_sel_t1[2]_228_459 ( bmux_5451 ) 
     2 mux_sel_t1[2]_208_461 ( mux_53_2443 ) 
     2 mux_sel_t1[2]_202_462 ( bmux_5452 ) 
     2 mux_sel_t1[2]_228_463 ( bmux_5453 ) 
     2 mux_sel_t1[2]_208_465 ( mux_53_2444 ) 
     2 mux_sel_t1[2]_202_466 ( bmux_5454 ) 
     2 mux_sel_t1[2]_228_467 ( bmux_5455 ) 
     2 mux_sel_t1[2]_208_469 ( mux_53_2445 ) 
     2 mux_sel_t1[2]_202_470 ( bmux_5456 ) 
     2 mux_sel_t1[2]_228_471 ( bmux_5457 ) 
     2 mux_sel_t1[2]_208_473 ( mux_53_2446 ) 
     2 mux_sel_t1[2]_202_474 ( bmux_5458 ) 
     2 mux_sel_t1[2]_228_475 ( bmux_5459 ) 
     2 mux_sel_t1[2]_208_477 ( mux_53_2447 ) 
     2 mux_sel_t1[2]_202_478 ( bmux_5460 ) 
     2 mux_sel_t1[2]_228_479 ( bmux_5461 ) 
     2 mux_sel_t1[2]_208_481 ( mux_53_2448 ) 
     2 mux_sel_t1[2]_202_482 ( bmux_5462 ) 
     2 mux_sel_t1[2]_228_483 ( bmux_5463 ) 
     2 mux_sel_t1[2]_208_485 ( mux_53_2449 ) 
     2 mux_sel_t1[2]_202_486 ( bmux_5464 ) 
     2 mux_sel_t1[2]_228_487 ( bmux_5465 ) 
     2 mux_sel_t1[2]_208_489 ( mux_53_2450 ) 
     2 mux_sel_t1[2]_202_490 ( bmux_5466 ) 
     2 mux_sel_t1[2]_228_491 ( bmux_5467 ) 
     2 mux_sel_t1[2]_208_493 ( mux_53_2451 ) 
     2 mux_sel_t1[2]_202_494 ( bmux_5468 ) 
     2 mux_sel_t1[2]_228_495 ( bmux_5469 ) 
     2 mux_sel_t1[2]_208_497 ( mux_53_2452 ) 
     2 mux_sel_t1[2]_202_498 ( bmux_5470 ) 
     2 mux_sel_t1[2]_228_499 ( bmux_5471 ) 
     2 mux_sel_t1[2]_208_501 ( mux_53_2453 ) 
     2 mux_sel_t1[2]_202_502 ( bmux_5472 ) 
     2 mux_sel_t1[2]_228_503 ( bmux_5473 ) 
     2 mux_sel_t1[2]_208_505 ( mux_53_2454 ) 
     2 mux_sel_t1[2]_202_506 ( bmux_5474 ) 
     2 mux_sel_t1[2]_228_507 ( bmux_5475 ) 
     2 mux_sel_t1[2]_208_509 ( mux_53_2455 ) 
     2 mux_sel_t1[2]_202_510 ( bmux_5476 ) 
     2 mux_sel_t1[2]_228_511 ( bmux_5477 ) 
     2 mux_sel_t1[2]_208_513 ( mux_53_2456 ) 
     2 mux_sel_t1[2]_202_514 ( bmux_5478 ) 
     2 mux_sel_t1[2]_228_515 ( bmux_5479 ) 
     2 mux_sel_t1[2]_208_517 ( mux_53_2457 ) 
     2 mux_sel_t1[2]_202_518 ( bmux_5480 ) 
     2 mux_sel_t1[2]_228_519 ( bmux_5481 ) 
     2 mux_sel_t1[2]_208_521 ( mux_53_2458 ) 
     2 mux_sel_t1[2]_202_522 ( bmux_5482 ) 
     2 mux_sel_t1[2]_228_523 ( bmux_5483 ) 
     2 mux_sel_t1[2]_208_525 ( mux_53_2459 ) 
     2 mux_sel_t1[2]_202_526 ( bmux_5484 ) 
     2 mux_sel_t1[2]_228_527 ( bmux_5485 ) 
     2 mux_sel_t1[2]_208_529 ( mux_53_2460 ) 
     2 mux_sel_t1[2]_202_530 ( bmux_5486 ) 
     2 mux_sel_t1[2]_228_531 ( bmux_5487 ) 
     2 mux_sel_t1[2]_208_533 ( mux_53_2461 ) 
     2 mux_sel_t1[2]_202_534 ( bmux_5488 ) 
     2 mux_sel_t1[2]_228_535 ( bmux_5489 ) 
     2 mux_sel_t1[2]_208_537 ( mux_53_2462 ) 
     2 mux_sel_t1[2]_202_538 ( bmux_5490 ) 
     2 mux_sel_t1[2]_228_539 ( bmux_5491 ) 
     2 mux_sel_t1[2]_208_541 ( mux_53_2463 ) 
     2 mux_sel_t1[2]_202_542 ( bmux_5492 ) 
     2 mux_sel_t1[2]_228_543 ( bmux_5493 ) 
     2 mux_sel_t1[2]_208_545 ( mux_53_2464 ) 
     2 mux_sel_t1[2]_202_546 ( bmux_5494 ) 
     2 ctl_228_576 ( case_box_5207 ) 
     2 mux_sel_t1[3]_228_35 ( mux_53_2465 ) 
     2 mux_sel_t1[3]_208_578 ( mux_53_2466 ) 
     2 mux_sel_t1[3]_202_20 ( bmux_5495 ) 
     2 mux_sel_t1[3]_228_579 ( bmux_5496 ) 
     2 mux_sel_t1[3]_208_581 ( mux_53_2467 ) 
     2 mux_sel_t1[3]_202_582 ( bmux_5497 ) 
     2 mux_sel_t1[3]_228_583 ( bmux_5498 ) 
     2 mux_sel_t1[3]_208_585 ( mux_53_2468 ) 
     2 mux_sel_t1[3]_202_586 ( bmux_5499 ) 
     2 mux_sel_t1[3]_228_587 ( bmux_5500 ) 
     2 mux_sel_t1[3]_208_589 ( mux_53_2469 ) 
     2 mux_sel_t1[3]_202_590 ( bmux_5501 ) 
     2 mux_sel_t1[3]_228_591 ( bmux_5502 ) 
     2 mux_sel_t1[3]_208_593 ( mux_53_2470 ) 
     2 mux_sel_t1[3]_202_594 ( bmux_5503 ) 
     2 mux_sel_t1[3]_228_595 ( bmux_5504 ) 
     2 mux_sel_t1[3]_208_597 ( mux_53_2471 ) 
     2 mux_sel_t1[3]_202_598 ( bmux_5505 ) 
     2 mux_sel_t1[3]_228_599 ( bmux_5506 ) 
     2 mux_sel_t1[3]_208_601 ( mux_53_2472 ) 
     2 mux_sel_t1[3]_202_602 ( bmux_5507 ) 
     2 mux_sel_t1[3]_228_603 ( bmux_5508 ) 
     2 mux_sel_t1[3]_208_605 ( mux_53_2473 ) 
     2 mux_sel_t1[3]_202_606 ( bmux_5509 ) 
     2 mux_sel_t1[3]_228_607 ( bmux_5510 ) 
     2 mux_sel_t1[3]_208_609 ( mux_53_2474 ) 
     2 mux_sel_t1[3]_202_610 ( bmux_5511 ) 
     2 mux_sel_t1[3]_228_611 ( bmux_5512 ) 
     2 mux_sel_t1[3]_208_613 ( mux_53_2475 ) 
     2 mux_sel_t1[3]_202_614 ( bmux_5513 ) 
     2 mux_sel_t1[3]_228_615 ( bmux_5514 ) 
     2 mux_sel_t1[3]_208_617 ( mux_53_2476 ) 
     2 mux_sel_t1[3]_202_618 ( bmux_5515 ) 
     2 mux_sel_t1[3]_228_619 ( bmux_5516 ) 
     2 mux_sel_t1[3]_208_621 ( mux_53_2477 ) 
     2 mux_sel_t1[3]_202_622 ( bmux_5517 ) 
     2 mux_sel_t1[3]_228_623 ( bmux_5518 ) 
     2 mux_sel_t1[3]_208_625 ( mux_53_2478 ) 
     2 mux_sel_t1[3]_202_626 ( bmux_5519 ) 
     2 mux_sel_t1[3]_228_627 ( bmux_5520 ) 
     2 mux_sel_t1[3]_208_629 ( mux_53_2479 ) 
     2 mux_sel_t1[3]_202_630 ( bmux_5521 ) 
     2 mux_sel_t1[3]_228_631 ( bmux_5522 ) 
     2 mux_sel_t1[3]_208_633 ( mux_53_2480 ) 
     2 mux_sel_t1[3]_202_634 ( bmux_5523 ) 
     2 mux_sel_t1[3]_228_635 ( bmux_5524 ) 
     2 mux_sel_t1[3]_208_637 ( mux_53_2481 ) 
     2 mux_sel_t1[3]_202_638 ( bmux_5525 ) 
     2 mux_sel_t1[3]_228_639 ( bmux_5526 ) 
     2 mux_sel_t1[3]_208_641 ( mux_53_2482 ) 
     2 mux_sel_t1[3]_202_642 ( bmux_5527 ) 
     2 mux_sel_t1[3]_228_643 ( bmux_5528 ) 
     2 mux_sel_t1[3]_208_645 ( mux_53_2483 ) 
     2 mux_sel_t1[3]_202_646 ( bmux_5529 ) 
     2 mux_sel_t1[3]_228_647 ( bmux_5530 ) 
     2 mux_sel_t1[3]_208_649 ( mux_53_2484 ) 
     2 mux_sel_t1[3]_202_650 ( bmux_5531 ) 
     2 mux_sel_t1[3]_228_651 ( bmux_5532 ) 
     2 mux_sel_t1[3]_208_653 ( mux_53_2485 ) 
     2 mux_sel_t1[3]_202_654 ( bmux_5533 ) 
     2 mux_sel_t1[3]_228_655 ( bmux_5534 ) 
     2 mux_sel_t1[3]_208_657 ( mux_53_2486 ) 
     2 mux_sel_t1[3]_202_658 ( bmux_5535 ) 
     2 mux_sel_t1[3]_228_659 ( bmux_5536 ) 
     2 mux_sel_t1[3]_208_661 ( mux_53_2487 ) 
     2 mux_sel_t1[3]_202_662 ( bmux_5537 ) 
     2 mux_sel_t1[3]_228_663 ( bmux_5538 ) 
     2 mux_sel_t1[3]_208_665 ( mux_53_2488 ) 
     2 mux_sel_t1[3]_202_666 ( bmux_5539 ) 
     2 mux_sel_t1[3]_228_667 ( bmux_5540 ) 
     2 mux_sel_t1[3]_208_669 ( mux_53_2489 ) 
     2 mux_sel_t1[3]_202_670 ( bmux_5541 ) 
     2 mux_sel_t1[3]_228_671 ( bmux_5542 ) 
     2 mux_sel_t1[3]_208_673 ( mux_53_2490 ) 
     2 mux_sel_t1[3]_202_674 ( bmux_5543 ) 
     2 mux_sel_t1[3]_228_675 ( bmux_5544 ) 
     2 mux_sel_t1[3]_208_677 ( mux_53_2491 ) 
     2 mux_sel_t1[3]_202_678 ( bmux_5545 ) 
     2 mux_sel_t1[3]_228_679 ( bmux_5546 ) 
     2 mux_sel_t1[3]_208_681 ( mux_53_2492 ) 
     2 mux_sel_t1[3]_202_682 ( bmux_5547 ) 
     2 mux_sel_t1[3]_228_683 ( bmux_5548 ) 
     2 mux_sel_t1[3]_208_685 ( mux_53_2493 ) 
     2 mux_sel_t1[3]_202_686 ( bmux_5549 ) 
     2 mux_sel_t1[3]_228_687 ( bmux_5550 ) 
     2 mux_sel_t1[3]_208_689 ( mux_53_2494 ) 
     2 mux_sel_t1[3]_202_690 ( bmux_5551 ) 
     2 mux_sel_t1[3]_228_691 ( bmux_5552 ) 
     2 mux_sel_t1[3]_208_693 ( mux_53_2495 ) 
     2 mux_sel_t1[3]_202_694 ( bmux_5553 ) 
     2 ctl_224_35 ( case_box_5213 ) 
     2 mux_sel_t0[0]_224_35 ( mux_53_2496 ) 
     2 mux_sel_t0[0]_208_725 ( mux_53_2497 ) 
     2 mux_sel_t0[0]_202_20 ( bmux_5554 ) 
     2 mux_sel_t0[0]_224_726 ( bmux_5555 ) 
     2 mux_sel_t0[0]_208_728 ( mux_53_2498 ) 
     2 mux_sel_t0[0]_202_729 ( bmux_5556 ) 
     2 mux_sel_t0[0]_224_730 ( bmux_5557 ) 
     2 mux_sel_t0[0]_208_732 ( mux_53_2499 ) 
     2 mux_sel_t0[0]_202_733 ( bmux_5558 ) 
     2 mux_sel_t0[0]_224_734 ( bmux_5559 ) 
     2 mux_sel_t0[0]_208_736 ( mux_53_2500 ) 
     2 mux_sel_t0[0]_202_737 ( bmux_5560 ) 
     2 mux_sel_t0[0]_224_738 ( bmux_5561 ) 
     2 mux_sel_t0[0]_208_740 ( mux_53_2501 ) 
     2 mux_sel_t0[0]_202_741 ( bmux_5562 ) 
     2 mux_sel_t0[0]_224_742 ( bmux_5563 ) 
     2 mux_sel_t0[0]_208_744 ( mux_53_2502 ) 
     2 mux_sel_t0[0]_202_745 ( bmux_5564 ) 
     2 mux_sel_t0[0]_224_746 ( bmux_5565 ) 
     2 mux_sel_t0[0]_208_748 ( mux_53_2503 ) 
     2 mux_sel_t0[0]_202_749 ( bmux_5566 ) 
     2 mux_sel_t0[0]_224_750 ( bmux_5567 ) 
     2 mux_sel_t0[0]_208_752 ( mux_53_2504 ) 
     2 mux_sel_t0[0]_202_753 ( bmux_5568 ) 
     2 mux_sel_t0[0]_224_754 ( bmux_5569 ) 
     2 mux_sel_t0[0]_208_756 ( mux_53_2505 ) 
     2 mux_sel_t0[0]_202_757 ( bmux_5570 ) 
     2 mux_sel_t0[0]_224_758 ( bmux_5571 ) 
     2 mux_sel_t0[0]_208_760 ( mux_53_2506 ) 
     2 mux_sel_t0[0]_202_761 ( bmux_5572 ) 
     2 mux_sel_t0[0]_224_762 ( bmux_5573 ) 
     2 mux_sel_t0[0]_208_764 ( mux_53_2507 ) 
     2 mux_sel_t0[0]_202_765 ( bmux_5574 ) 
     2 mux_sel_t0[0]_224_766 ( bmux_5575 ) 
     2 mux_sel_t0[0]_208_768 ( mux_53_2508 ) 
     2 mux_sel_t0[0]_202_769 ( bmux_5576 ) 
     2 mux_sel_t0[0]_224_770 ( bmux_5577 ) 
     2 mux_sel_t0[0]_208_772 ( mux_53_2509 ) 
     2 mux_sel_t0[0]_202_773 ( bmux_5578 ) 
     2 mux_sel_t0[0]_224_774 ( bmux_5579 ) 
     2 mux_sel_t0[0]_208_776 ( mux_53_2510 ) 
     2 mux_sel_t0[0]_202_777 ( bmux_5580 ) 
     2 mux_sel_t0[0]_224_778 ( bmux_5581 ) 
     2 mux_sel_t0[0]_208_780 ( mux_53_2511 ) 
     2 mux_sel_t0[0]_202_781 ( bmux_5582 ) 
     2 mux_sel_t0[0]_224_782 ( bmux_5583 ) 
     2 mux_sel_t0[0]_208_784 ( mux_53_2512 ) 
     2 mux_sel_t0[0]_202_785 ( bmux_5584 ) 
     2 mux_sel_t0[0]_224_786 ( bmux_5585 ) 
     2 mux_sel_t0[0]_208_788 ( mux_53_2513 ) 
     2 mux_sel_t0[0]_202_789 ( bmux_5586 ) 
     2 mux_sel_t0[0]_224_790 ( bmux_5587 ) 
     2 mux_sel_t0[0]_208_792 ( mux_53_2514 ) 
     2 mux_sel_t0[0]_202_793 ( bmux_5588 ) 
     2 mux_sel_t0[0]_224_794 ( bmux_5589 ) 
     2 mux_sel_t0[0]_208_796 ( mux_53_2515 ) 
     2 mux_sel_t0[0]_202_797 ( bmux_5590 ) 
     2 mux_sel_t0[0]_224_798 ( bmux_5591 ) 
     2 mux_sel_t0[0]_208_800 ( mux_53_2516 ) 
     2 mux_sel_t0[0]_202_801 ( bmux_5592 ) 
     2 mux_sel_t0[0]_224_802 ( bmux_5593 ) 
     2 mux_sel_t0[0]_208_804 ( mux_53_2517 ) 
     2 mux_sel_t0[0]_202_805 ( bmux_5594 ) 
     2 mux_sel_t0[0]_224_806 ( bmux_5595 ) 
     2 mux_sel_t0[0]_208_808 ( mux_53_2518 ) 
     2 mux_sel_t0[0]_202_809 ( bmux_5596 ) 
     2 mux_sel_t0[0]_224_810 ( bmux_5597 ) 
     2 mux_sel_t0[0]_208_812 ( mux_53_2519 ) 
     2 mux_sel_t0[0]_202_813 ( bmux_5598 ) 
     2 mux_sel_t0[0]_224_814 ( bmux_5599 ) 
     2 mux_sel_t0[0]_208_816 ( mux_53_2520 ) 
     2 mux_sel_t0[0]_202_817 ( bmux_5600 ) 
     2 mux_sel_t0[0]_224_818 ( bmux_5601 ) 
     2 mux_sel_t0[0]_208_820 ( mux_53_2521 ) 
     2 mux_sel_t0[0]_202_821 ( bmux_5602 ) 
     2 mux_sel_t0[0]_224_822 ( bmux_5603 ) 
     2 mux_sel_t0[0]_208_824 ( mux_53_2522 ) 
     2 mux_sel_t0[0]_202_825 ( bmux_5604 ) 
     2 mux_sel_t0[0]_224_826 ( bmux_5605 ) 
     2 mux_sel_t0[0]_208_828 ( mux_53_2523 ) 
     2 mux_sel_t0[0]_202_829 ( bmux_5606 ) 
     2 mux_sel_t0[0]_224_830 ( bmux_5607 ) 
     2 mux_sel_t0[0]_208_832 ( mux_53_2524 ) 
     2 mux_sel_t0[0]_202_833 ( bmux_5608 ) 
     2 mux_sel_t0[0]_224_834 ( bmux_5609 ) 
     2 mux_sel_t0[0]_208_836 ( mux_53_2525 ) 
     2 mux_sel_t0[0]_202_837 ( bmux_5610 ) 
     2 mux_sel_t0[0]_224_838 ( bmux_5611 ) 
     2 mux_sel_t0[0]_208_840 ( mux_53_2526 ) 
     2 mux_sel_t0[0]_202_841 ( bmux_5612 ) 
     2 mux_sel_t0[1]_224_35 ( bmux_5613 ) 
     2 mux_sel_t0[1]_208_873 ( mux_53_2527 ) 
     2 mux_sel_t0[1]_202_20 ( bmux_5614 ) 
     2 mux_sel_t0[1]_224_874 ( bmux_5615 ) 
     2 mux_sel_t0[1]_208_876 ( mux_53_2528 ) 
     2 mux_sel_t0[1]_202_877 ( bmux_5616 ) 
     2 mux_sel_t0[1]_224_878 ( bmux_5617 ) 
     2 mux_sel_t0[1]_208_880 ( mux_53_2529 ) 
     2 mux_sel_t0[1]_202_881 ( bmux_5618 ) 
     2 mux_sel_t0[1]_224_882 ( bmux_5619 ) 
     2 mux_sel_t0[1]_208_884 ( mux_53_2530 ) 
     2 mux_sel_t0[1]_202_885 ( bmux_5620 ) 
     2 mux_sel_t0[1]_224_886 ( bmux_5621 ) 
     2 mux_sel_t0[1]_208_888 ( mux_53_2531 ) 
     2 mux_sel_t0[1]_202_889 ( bmux_5622 ) 
     2 mux_sel_t0[1]_224_890 ( bmux_5623 ) 
     2 mux_sel_t0[1]_208_892 ( mux_53_2532 ) 
     2 mux_sel_t0[1]_202_893 ( bmux_5624 ) 
     2 mux_sel_t0[1]_224_894 ( bmux_5625 ) 
     2 mux_sel_t0[1]_208_896 ( mux_53_2533 ) 
     2 mux_sel_t0[1]_202_897 ( bmux_5626 ) 
     2 mux_sel_t0[1]_224_898 ( bmux_5627 ) 
     2 mux_sel_t0[1]_208_900 ( mux_53_2534 ) 
     2 mux_sel_t0[1]_202_901 ( bmux_5628 ) 
     2 mux_sel_t0[1]_224_902 ( bmux_5629 ) 
     2 mux_sel_t0[1]_208_904 ( mux_53_2535 ) 
     2 mux_sel_t0[1]_202_905 ( bmux_5630 ) 
     2 mux_sel_t0[1]_224_906 ( bmux_5631 ) 
     2 mux_sel_t0[1]_208_908 ( mux_53_2536 ) 
     2 mux_sel_t0[1]_202_909 ( bmux_5632 ) 
     2 mux_sel_t0[1]_224_910 ( bmux_5633 ) 
     2 mux_sel_t0[1]_208_912 ( mux_53_2537 ) 
     2 mux_sel_t0[1]_202_913 ( bmux_5634 ) 
     2 mux_sel_t0[1]_224_914 ( bmux_5635 ) 
     2 mux_sel_t0[1]_208_916 ( mux_53_2538 ) 
     2 mux_sel_t0[1]_202_917 ( bmux_5636 ) 
     2 mux_sel_t0[1]_224_918 ( bmux_5637 ) 
     2 mux_sel_t0[1]_208_920 ( mux_53_2539 ) 
     2 mux_sel_t0[1]_202_921 ( bmux_5638 ) 
     2 mux_sel_t0[1]_224_922 ( bmux_5639 ) 
     2 mux_sel_t0[1]_208_924 ( mux_53_2540 ) 
     2 mux_sel_t0[1]_202_925 ( bmux_5640 ) 
     2 mux_sel_t0[1]_224_926 ( bmux_5641 ) 
     2 mux_sel_t0[1]_208_928 ( mux_53_2541 ) 
     2 mux_sel_t0[1]_202_929 ( bmux_5642 ) 
     2 mux_sel_t0[1]_224_930 ( bmux_5643 ) 
     2 mux_sel_t0[1]_208_932 ( mux_53_2542 ) 
     2 mux_sel_t0[1]_202_933 ( bmux_5644 ) 
     2 mux_sel_t0[1]_224_934 ( bmux_5645 ) 
     2 mux_sel_t0[1]_208_936 ( mux_53_2543 ) 
     2 mux_sel_t0[1]_202_937 ( bmux_5646 ) 
     2 mux_sel_t0[1]_224_938 ( bmux_5647 ) 
     2 mux_sel_t0[1]_208_940 ( mux_53_2544 ) 
     2 mux_sel_t0[1]_202_941 ( bmux_5648 ) 
     2 mux_sel_t0[1]_224_942 ( bmux_5649 ) 
     2 mux_sel_t0[1]_208_944 ( mux_53_2545 ) 
     2 mux_sel_t0[1]_202_945 ( bmux_5650 ) 
     2 mux_sel_t0[1]_224_946 ( bmux_5651 ) 
     2 mux_sel_t0[1]_208_948 ( mux_53_2546 ) 
     2 mux_sel_t0[1]_202_949 ( bmux_5652 ) 
     2 mux_sel_t0[1]_224_950 ( bmux_5653 ) 
     2 mux_sel_t0[1]_208_952 ( mux_53_2547 ) 
     2 mux_sel_t0[1]_202_953 ( bmux_5654 ) 
     2 mux_sel_t0[1]_224_954 ( bmux_5655 ) 
     2 mux_sel_t0[1]_208_956 ( mux_53_2548 ) 
     2 mux_sel_t0[1]_202_957 ( bmux_5656 ) 
     2 mux_sel_t0[1]_224_958 ( bmux_5657 ) 
     2 mux_sel_t0[1]_208_960 ( mux_53_2549 ) 
     2 mux_sel_t0[1]_202_961 ( bmux_5658 ) 
     2 mux_sel_t0[1]_224_962 ( bmux_5659 ) 
     2 mux_sel_t0[1]_208_964 ( mux_53_2550 ) 
     2 mux_sel_t0[1]_202_965 ( bmux_5660 ) 
     2 mux_sel_t0[1]_224_966 ( bmux_5661 ) 
     2 mux_sel_t0[1]_208_968 ( mux_53_2551 ) 
     2 mux_sel_t0[1]_202_969 ( bmux_5662 ) 
     2 mux_sel_t0[1]_224_970 ( bmux_5663 ) 
     2 mux_sel_t0[1]_208_972 ( mux_53_2552 ) 
     2 mux_sel_t0[1]_202_973 ( bmux_5664 ) 
     2 mux_sel_t0[1]_224_974 ( bmux_5665 ) 
     2 mux_sel_t0[1]_208_976 ( mux_53_2553 ) 
     2 mux_sel_t0[1]_202_977 ( bmux_5666 ) 
     2 mux_sel_t0[1]_224_978 ( bmux_5667 ) 
     2 mux_sel_t0[1]_208_980 ( mux_53_2554 ) 
     2 mux_sel_t0[1]_202_981 ( bmux_5668 ) 
     2 mux_sel_t0[1]_224_982 ( bmux_5669 ) 
     2 mux_sel_t0[1]_208_984 ( mux_53_2555 ) 
     2 mux_sel_t0[1]_202_985 ( bmux_5670 ) 
     2 mux_sel_t0[1]_224_986 ( bmux_5671 ) 
     2 mux_sel_t0[1]_208_988 ( mux_53_2556 ) 
     2 mux_sel_t0[1]_202_989 ( bmux_5672 ) 
     2 ctl_224_1019 ( case_box_5222 ) 
     2 mux_sel_t0[2]_224_35 ( mux_53_2557 ) 
     2 mux_sel_t0[2]_208_1021 ( mux_53_2558 ) 
     2 mux_sel_t0[2]_202_20 ( bmux_5673 ) 
     2 mux_sel_t0[2]_224_1022 ( bmux_5674 ) 
     2 mux_sel_t0[2]_208_1024 ( mux_53_2559 ) 
     2 mux_sel_t0[2]_202_1025 ( bmux_5675 ) 
     2 mux_sel_t0[2]_224_1026 ( bmux_5676 ) 
     2 mux_sel_t0[2]_208_1028 ( mux_53_2560 ) 
     2 mux_sel_t0[2]_202_1029 ( bmux_5677 ) 
     2 mux_sel_t0[2]_224_1030 ( bmux_5678 ) 
     2 mux_sel_t0[2]_208_1032 ( mux_53_2561 ) 
     2 mux_sel_t0[2]_202_1033 ( bmux_5679 ) 
     2 mux_sel_t0[2]_224_1034 ( bmux_5680 ) 
     2 mux_sel_t0[2]_208_1036 ( mux_53_2562 ) 
     2 mux_sel_t0[2]_202_1037 ( bmux_5681 ) 
     2 mux_sel_t0[2]_224_1038 ( bmux_5682 ) 
     2 mux_sel_t0[2]_208_1040 ( mux_53_2563 ) 
     2 mux_sel_t0[2]_202_1041 ( bmux_5683 ) 
     2 mux_sel_t0[2]_224_1042 ( bmux_5684 ) 
     2 mux_sel_t0[2]_208_1044 ( mux_53_2564 ) 
     2 mux_sel_t0[2]_202_1045 ( bmux_5685 ) 
     2 mux_sel_t0[2]_224_1046 ( bmux_5686 ) 
     2 mux_sel_t0[2]_208_1048 ( mux_53_2565 ) 
     2 mux_sel_t0[2]_202_1049 ( bmux_5687 ) 
     2 mux_sel_t0[2]_224_1050 ( bmux_5688 ) 
     2 mux_sel_t0[2]_208_1052 ( mux_53_2566 ) 
     2 mux_sel_t0[2]_202_1053 ( bmux_5689 ) 
     2 mux_sel_t0[2]_224_1054 ( bmux_5690 ) 
     2 mux_sel_t0[2]_208_1056 ( mux_53_2567 ) 
     2 mux_sel_t0[2]_202_1057 ( bmux_5691 ) 
     2 mux_sel_t0[2]_224_1058 ( bmux_5692 ) 
     2 mux_sel_t0[2]_208_1060 ( mux_53_2568 ) 
     2 mux_sel_t0[2]_202_1061 ( bmux_5693 ) 
     2 mux_sel_t0[2]_224_1062 ( bmux_5694 ) 
     2 mux_sel_t0[2]_208_1064 ( mux_53_2569 ) 
     2 mux_sel_t0[2]_202_1065 ( bmux_5695 ) 
     2 mux_sel_t0[2]_224_1066 ( bmux_5696 ) 
     2 mux_sel_t0[2]_208_1068 ( mux_53_2570 ) 
     2 mux_sel_t0[2]_202_1069 ( bmux_5697 ) 
     2 mux_sel_t0[2]_224_1070 ( bmux_5698 ) 
     2 mux_sel_t0[2]_208_1072 ( mux_53_2571 ) 
     2 mux_sel_t0[2]_202_1073 ( bmux_5699 ) 
     2 mux_sel_t0[2]_224_1074 ( bmux_5700 ) 
     2 mux_sel_t0[2]_208_1076 ( mux_53_2572 ) 
     2 mux_sel_t0[2]_202_1077 ( bmux_5701 ) 
     2 mux_sel_t0[2]_224_1078 ( bmux_5702 ) 
     2 mux_sel_t0[2]_208_1080 ( mux_53_2573 ) 
     2 mux_sel_t0[2]_202_1081 ( bmux_5703 ) 
     2 mux_sel_t0[2]_224_1082 ( bmux_5704 ) 
     2 mux_sel_t0[2]_208_1084 ( mux_53_2574 ) 
     2 mux_sel_t0[2]_202_1085 ( bmux_5705 ) 
     2 mux_sel_t0[2]_224_1086 ( bmux_5706 ) 
     2 mux_sel_t0[2]_208_1088 ( mux_53_2575 ) 
     2 mux_sel_t0[2]_202_1089 ( bmux_5707 ) 
     2 mux_sel_t0[2]_224_1090 ( bmux_5708 ) 
     2 mux_sel_t0[2]_208_1092 ( mux_53_2576 ) 
     2 mux_sel_t0[2]_202_1093 ( bmux_5709 ) 
     2 mux_sel_t0[2]_224_1094 ( bmux_5710 ) 
     2 mux_sel_t0[2]_208_1096 ( mux_53_2577 ) 
     2 mux_sel_t0[2]_202_1097 ( bmux_5711 ) 
     2 mux_sel_t0[2]_224_1098 ( bmux_5712 ) 
     2 mux_sel_t0[2]_208_1100 ( mux_53_2578 ) 
     2 mux_sel_t0[2]_202_1101 ( bmux_5713 ) 
     2 mux_sel_t0[2]_224_1102 ( bmux_5714 ) 
     2 mux_sel_t0[2]_208_1104 ( mux_53_2579 ) 
     2 mux_sel_t0[2]_202_1105 ( bmux_5715 ) 
     2 mux_sel_t0[2]_224_1106 ( bmux_5716 ) 
     2 mux_sel_t0[2]_208_1108 ( mux_53_2580 ) 
     2 mux_sel_t0[2]_202_1109 ( bmux_5717 ) 
     2 mux_sel_t0[2]_224_1110 ( bmux_5718 ) 
     2 mux_sel_t0[2]_208_1112 ( mux_53_2581 ) 
     2 mux_sel_t0[2]_202_1113 ( bmux_5719 ) 
     2 mux_sel_t0[2]_224_1114 ( bmux_5720 ) 
     2 mux_sel_t0[2]_208_1116 ( mux_53_2582 ) 
     2 mux_sel_t0[2]_202_1117 ( bmux_5721 ) 
     2 mux_sel_t0[2]_224_1118 ( bmux_5722 ) 
     2 mux_sel_t0[2]_208_1120 ( mux_53_2583 ) 
     2 mux_sel_t0[2]_202_1121 ( bmux_5723 ) 
     2 mux_sel_t0[2]_224_1122 ( bmux_5724 ) 
     2 mux_sel_t0[2]_208_1124 ( mux_53_2584 ) 
     2 mux_sel_t0[2]_202_1125 ( bmux_5725 ) 
     2 mux_sel_t0[2]_224_1126 ( bmux_5726 ) 
     2 mux_sel_t0[2]_208_1128 ( mux_53_2585 ) 
     2 mux_sel_t0[2]_202_1129 ( bmux_5727 ) 
     2 mux_sel_t0[2]_224_1130 ( bmux_5728 ) 
     2 mux_sel_t0[2]_208_1132 ( mux_53_2586 ) 
     2 mux_sel_t0[2]_202_1133 ( bmux_5729 ) 
     2 mux_sel_t0[2]_224_1134 ( bmux_5730 ) 
     2 mux_sel_t0[2]_208_1136 ( mux_53_2587 ) 
     2 mux_sel_t0[2]_202_1137 ( bmux_5731 ) 
     2 mux_sel_t0[3]_224_35 ( bmux_5732 ) 
     2 mux_sel_t0[3]_208_1169 ( mux_53_2588 ) 
     2 mux_sel_t0[3]_202_20 ( bmux_5733 ) 
     2 mux_sel_t0[3]_224_1170 ( bmux_5734 ) 
     2 mux_sel_t0[3]_208_1172 ( mux_53_2589 ) 
     2 mux_sel_t0[3]_202_1173 ( bmux_5735 ) 
     2 mux_sel_t0[3]_224_1174 ( bmux_5736 ) 
     2 mux_sel_t0[3]_208_1176 ( mux_53_2590 ) 
     2 mux_sel_t0[3]_202_1177 ( bmux_5737 ) 
     2 mux_sel_t0[3]_224_1178 ( bmux_5738 ) 
     2 mux_sel_t0[3]_208_1180 ( mux_53_2591 ) 
     2 mux_sel_t0[3]_202_1181 ( bmux_5739 ) 
     2 mux_sel_t0[3]_224_1182 ( bmux_5740 ) 
     2 mux_sel_t0[3]_208_1184 ( mux_53_2592 ) 
     2 mux_sel_t0[3]_202_1185 ( bmux_5741 ) 
     2 mux_sel_t0[3]_224_1186 ( bmux_5742 ) 
     2 mux_sel_t0[3]_208_1188 ( mux_53_2593 ) 
     2 mux_sel_t0[3]_202_1189 ( bmux_5743 ) 
     2 mux_sel_t0[3]_224_1190 ( bmux_5744 ) 
     2 mux_sel_t0[3]_208_1192 ( mux_53_2594 ) 
     2 mux_sel_t0[3]_202_1193 ( bmux_5745 ) 
     2 mux_sel_t0[3]_224_1194 ( bmux_5746 ) 
     2 mux_sel_t0[3]_208_1196 ( mux_53_2595 ) 
     2 mux_sel_t0[3]_202_1197 ( bmux_5747 ) 
     2 mux_sel_t0[3]_224_1198 ( bmux_5748 ) 
     2 mux_sel_t0[3]_208_1200 ( mux_53_2596 ) 
     2 mux_sel_t0[3]_202_1201 ( bmux_5749 ) 
     2 mux_sel_t0[3]_224_1202 ( bmux_5750 ) 
     2 mux_sel_t0[3]_208_1204 ( mux_53_2597 ) 
     2 mux_sel_t0[3]_202_1205 ( bmux_5751 ) 
     2 mux_sel_t0[3]_224_1206 ( bmux_5752 ) 
     2 mux_sel_t0[3]_208_1208 ( mux_53_2598 ) 
     2 mux_sel_t0[3]_202_1209 ( bmux_5753 ) 
     2 mux_sel_t0[3]_224_1210 ( bmux_5754 ) 
     2 mux_sel_t0[3]_208_1212 ( mux_53_2599 ) 
     2 mux_sel_t0[3]_202_1213 ( bmux_5755 ) 
     2 mux_sel_t0[3]_224_1214 ( bmux_5756 ) 
     2 mux_sel_t0[3]_208_1216 ( mux_53_2600 ) 
     2 mux_sel_t0[3]_202_1217 ( bmux_5757 ) 
     2 mux_sel_t0[3]_224_1218 ( bmux_5758 ) 
     2 mux_sel_t0[3]_208_1220 ( mux_53_2601 ) 
     2 mux_sel_t0[3]_202_1221 ( bmux_5759 ) 
     2 mux_sel_t0[3]_224_1222 ( bmux_5760 ) 
     2 mux_sel_t0[3]_208_1224 ( mux_53_2602 ) 
     2 mux_sel_t0[3]_202_1225 ( bmux_5761 ) 
     2 mux_sel_t0[3]_224_1226 ( bmux_5762 ) 
     2 mux_sel_t0[3]_208_1228 ( mux_53_2603 ) 
     2 mux_sel_t0[3]_202_1229 ( bmux_5763 ) 
     2 mux_sel_t0[3]_224_1230 ( bmux_5764 ) 
     2 mux_sel_t0[3]_208_1232 ( mux_53_2604 ) 
     2 mux_sel_t0[3]_202_1233 ( bmux_5765 ) 
     2 mux_sel_t0[3]_224_1234 ( bmux_5766 ) 
     2 mux_sel_t0[3]_208_1236 ( mux_53_2605 ) 
     2 mux_sel_t0[3]_202_1237 ( bmux_5767 ) 
     2 mux_sel_t0[3]_224_1238 ( bmux_5768 ) 
     2 mux_sel_t0[3]_208_1240 ( mux_53_2606 ) 
     2 mux_sel_t0[3]_202_1241 ( bmux_5769 ) 
     2 mux_sel_t0[3]_224_1242 ( bmux_5770 ) 
     2 mux_sel_t0[3]_208_1244 ( mux_53_2607 ) 
     2 mux_sel_t0[3]_202_1245 ( bmux_5771 ) 
     2 mux_sel_t0[3]_224_1246 ( bmux_5772 ) 
     2 mux_sel_t0[3]_208_1248 ( mux_53_2608 ) 
     2 mux_sel_t0[3]_202_1249 ( bmux_5773 ) 
     2 mux_sel_t0[3]_224_1250 ( bmux_5774 ) 
     2 mux_sel_t0[3]_208_1252 ( mux_53_2609 ) 
     2 mux_sel_t0[3]_202_1253 ( bmux_5775 ) 
     2 mux_sel_t0[3]_224_1254 ( bmux_5776 ) 
     2 mux_sel_t0[3]_208_1256 ( mux_53_2610 ) 
     2 mux_sel_t0[3]_202_1257 ( bmux_5777 ) 
     2 mux_sel_t0[3]_224_1258 ( bmux_5778 ) 
     2 mux_sel_t0[3]_208_1260 ( mux_53_2611 ) 
     2 mux_sel_t0[3]_202_1261 ( bmux_5779 ) 
     2 mux_sel_t0[3]_224_1262 ( bmux_5780 ) 
     2 mux_sel_t0[3]_208_1264 ( mux_53_2612 ) 
     2 mux_sel_t0[3]_202_1265 ( bmux_5781 ) 
     2 mux_sel_t0[3]_224_1266 ( bmux_5782 ) 
     2 mux_sel_t0[3]_208_1268 ( mux_53_2613 ) 
     2 mux_sel_t0[3]_202_1269 ( bmux_5783 ) 
     2 mux_sel_t0[3]_224_1270 ( bmux_5784 ) 
     2 mux_sel_t0[3]_208_1272 ( mux_53_2614 ) 
     2 mux_sel_t0[3]_202_1273 ( bmux_5785 ) 
     2 mux_sel_t0[3]_224_1274 ( bmux_5786 ) 
     2 mux_sel_t0[3]_208_1276 ( mux_53_2615 ) 
     2 mux_sel_t0[3]_202_1277 ( bmux_5787 ) 
     2 mux_sel_t0[3]_224_1278 ( bmux_5788 ) 
     2 mux_sel_t0[3]_208_1280 ( mux_53_2616 ) 
     2 mux_sel_t0[3]_202_1281 ( bmux_5789 ) 
     2 mux_sel_t0[3]_224_1282 ( bmux_5790 ) 
     2 mux_sel_t0[3]_208_1284 ( mux_53_2617 ) 
     2 mux_sel_t0[3]_202_1285 ( bmux_5791 ) 
     2 ctl_208_1286 ( case_box_5231 ) 
     2 mux_cmbsop_sel_scl_208_23 ( mux_85_1 ) 
     2 mux_sel_sda_202_20 ( bmux_5792 ) 
     2 mux_sel_sda_208_23 ( mux_53_2618 ) 
     2 mux_sel_sda_202_1288 ( bmux_5793 ) 
     2 mux_sel_sda_208_1290 ( mux_53_2619 ) 
     2 mux_sel_sda_202_1291 ( bmux_5794 ) 
     2 mux_sel_sda_208_1293 ( mux_53_2620 ) 
     2 mux_sel_sda_202_1294 ( bmux_5795 ) 
     2 mux_sel_sda_208_1296 ( mux_53_2621 ) 
     2 mux_sel_sda_202_1297 ( bmux_5796 ) 
     2 mux_sel_sda_208_1299 ( mux_53_2622 ) 
     2 mux_sel_sda_202_1300 ( bmux_5797 ) 
     2 mux_sel_sda_208_1302 ( mux_53_2623 ) 
     2 mux_sel_sda_202_1303 ( bmux_5798 ) 
     2 mux_sel_sda_208_1305 ( mux_53_2624 ) 
     2 mux_sel_sda_202_1306 ( bmux_5799 ) 
     2 mux_sel_sda_208_1308 ( mux_53_2625 ) 
     2 mux_sel_sda_202_1309 ( bmux_5800 ) 
     2 mux_sel_sda_208_1311 ( mux_53_2626 ) 
     2 mux_sel_sda_202_1312 ( bmux_5801 ) 
     2 mux_sel_sda_208_1314 ( mux_53_2627 ) 
     2 mux_sel_sda_202_1315 ( bmux_5802 ) 
     2 mux_sel_sda_208_1317 ( mux_53_2628 ) 
     2 mux_sel_sda_202_1318 ( bmux_5803 ) 
     2 mux_sel_sda_208_1320 ( mux_53_2629 ) 
     2 mux_sel_sda_202_1321 ( bmux_5804 ) 
     2 mux_sel_sda_208_1323 ( mux_53_2630 ) 
     2 mux_sel_sda_202_1324 ( bmux_5805 ) 
     2 mux_sel_sda_208_1326 ( mux_53_2631 ) 
     2 mux_sel_sda_202_1327 ( bmux_5806 ) 
     2 mux_sel_sda_208_1329 ( mux_53_2632 ) 
     2 mux_sel_sda_202_1330 ( bmux_5807 ) 
     2 mux_sel_sda_208_1332 ( mux_53_2633 ) 
     2 mux_sel_sda_202_1333 ( bmux_5808 ) 
     2 mux_sel_sda_208_1335 ( mux_53_2634 ) 
     2 mux_sel_sda_202_1336 ( bmux_5809 ) 
     2 mux_sel_sda_208_1338 ( mux_53_2635 ) 
     2 mux_sel_sda_202_1339 ( bmux_5810 ) 
     2 mux_sel_sda_208_1341 ( mux_53_2636 ) 
     2 mux_sel_sda_202_1342 ( bmux_5811 ) 
     2 mux_sel_sda_208_1344 ( mux_53_2637 ) 
     2 mux_sel_sda_202_1345 ( bmux_5812 ) 
     2 mux_sel_sda_208_1347 ( mux_53_2638 ) 
     2 mux_sel_sda_202_1348 ( bmux_5813 ) 
     2 mux_sel_sda_208_1350 ( mux_53_2639 ) 
     2 mux_sel_sda_202_1351 ( bmux_5814 ) 
     2 mux_sel_sda_208_1353 ( mux_53_2640 ) 
     2 mux_sel_sda_202_1354 ( bmux_5815 ) 
     2 mux_sel_sda_208_1356 ( mux_53_2641 ) 
     2 mux_sel_sda_202_1357 ( bmux_5816 ) 
     2 mux_sel_sda_208_1359 ( mux_53_2642 ) 
     2 mux_sel_sda_202_1360 ( bmux_5817 ) 
     2 mux_sel_sda_208_1362 ( mux_53_2643 ) 
     2 mux_sel_sda_202_1363 ( bmux_5818 ) 
     2 mux_sel_sda_208_1365 ( mux_53_2644 ) 
     2 mux_sel_sda_202_1366 ( bmux_5819 ) 
     2 mux_sel_sda_208_1368 ( mux_53_2645 ) 
     2 mux_sel_sda_202_1369 ( bmux_5820 ) 
     2 mux_sel_sda_208_1371 ( mux_53_2646 ) 
     2 mux_sel_sda_202_1372 ( bmux_5821 ) 
     2 mux_sel_scl_202_20 ( bmux_5822 ) 
     2 mux_sel_scl_208_23 ( mux_53_2647 ) 
     2 mux_sel_scl_202_1374 ( bmux_5823 ) 
     2 mux_sel_scl_208_1376 ( mux_53_2648 ) 
     2 mux_sel_scl_202_1377 ( bmux_5824 ) 
     2 mux_sel_scl_208_1379 ( mux_53_2649 ) 
     2 mux_sel_scl_202_1380 ( bmux_5825 ) 
     2 mux_sel_scl_208_1382 ( mux_53_2650 ) 
     2 mux_sel_scl_202_1383 ( bmux_5826 ) 
     2 mux_sel_scl_208_1385 ( mux_53_2651 ) 
     2 mux_sel_scl_202_1386 ( bmux_5827 ) 
     2 mux_sel_scl_208_1388 ( mux_53_2652 ) 
     2 mux_sel_scl_202_1389 ( bmux_5828 ) 
     2 mux_sel_scl_208_1391 ( mux_53_2653 ) 
     2 mux_sel_scl_202_1392 ( bmux_5829 ) 
     2 mux_sel_scl_208_1394 ( mux_53_2654 ) 
     2 mux_sel_scl_202_1395 ( bmux_5830 ) 
     2 mux_sel_scl_208_1397 ( mux_53_2655 ) 
     2 mux_sel_scl_202_1398 ( bmux_5831 ) 
     2 mux_sel_scl_208_1400 ( mux_53_2656 ) 
     2 mux_sel_scl_202_1401 ( bmux_5832 ) 
     2 mux_sel_scl_208_1403 ( mux_53_2657 ) 
     2 mux_sel_scl_202_1404 ( bmux_5833 ) 
     2 mux_sel_scl_208_1406 ( mux_53_2658 ) 
     2 mux_sel_scl_202_1407 ( bmux_5834 ) 
     2 mux_sel_scl_208_1409 ( mux_53_2659 ) 
     2 mux_sel_scl_202_1410 ( bmux_5835 ) 
     2 mux_sel_scl_208_1412 ( mux_53_2660 ) 
     2 mux_sel_scl_202_1413 ( bmux_5836 ) 
     2 mux_sel_scl_208_1415 ( mux_53_2661 ) 
     2 mux_sel_scl_202_1416 ( bmux_5837 ) 
     2 mux_sel_scl_208_1418 ( mux_53_2662 ) 
     2 mux_sel_scl_202_1419 ( bmux_5838 ) 
     2 mux_sel_scl_208_1421 ( mux_53_2663 ) 
     2 mux_sel_scl_202_1422 ( bmux_5839 ) 
     2 mux_sel_scl_208_1424 ( mux_53_2664 ) 
     2 mux_sel_scl_202_1425 ( bmux_5840 ) 
     2 mux_sel_scl_208_1427 ( mux_53_2665 ) 
     2 mux_sel_scl_202_1428 ( bmux_5841 ) 
     2 mux_sel_scl_208_1430 ( mux_53_2666 ) 
     2 mux_sel_scl_202_1431 ( bmux_5842 ) 
     2 mux_sel_scl_208_1433 ( mux_53_2667 ) 
     2 mux_sel_scl_202_1434 ( bmux_5843 ) 
     2 mux_sel_scl_208_1436 ( mux_53_2668 ) 
     2 mux_sel_scl_202_1437 ( bmux_5844 ) 
     2 mux_sel_scl_208_1439 ( mux_53_2669 ) 
     2 mux_sel_scl_202_1440 ( bmux_5845 ) 
     2 mux_sel_scl_208_1442 ( mux_53_2670 ) 
     2 mux_sel_scl_202_1443 ( bmux_5846 ) 
     2 mux_sel_scl_208_1445 ( mux_53_2671 ) 
     2 mux_sel_scl_202_1446 ( bmux_5847 ) 
     2 mux_sel_scl_208_1448 ( mux_53_2672 ) 
     2 mux_sel_scl_202_1449 ( bmux_5848 ) 
     2 mux_sel_scl_208_1451 ( mux_53_2673 ) 
     2 mux_sel_scl_202_1452 ( bmux_5849 ) 
     2 mux_sel_scl_208_1454 ( mux_53_2674 ) 
     2 mux_sel_scl_202_1455 ( bmux_5850 ) 
     2 mux_sel_scl_208_1457 ( mux_53_2675 ) 
     2 mux_sel_scl_202_1458 ( bmux_5851 ) 
     2 mux_sel_miso_202_20 ( bmux_5852 ) 
     2 mux_sel_miso_208_23 ( mux_53_2676 ) 
     2 mux_sel_miso_202_1460 ( bmux_5853 ) 
     2 mux_sel_miso_208_1462 ( mux_53_2677 ) 
     2 mux_sel_miso_202_1463 ( bmux_5854 ) 
     2 mux_sel_miso_208_1465 ( mux_53_2678 ) 
     2 mux_sel_miso_202_1466 ( bmux_5855 ) 
     2 mux_sel_miso_208_1468 ( mux_53_2679 ) 
     2 mux_sel_miso_202_1469 ( bmux_5856 ) 
     2 mux_sel_miso_208_1471 ( mux_53_2680 ) 
     2 mux_sel_miso_202_1472 ( bmux_5857 ) 
     2 mux_sel_miso_208_1474 ( mux_53_2681 ) 
     2 mux_sel_miso_202_1475 ( bmux_5858 ) 
     2 mux_sel_miso_208_1477 ( mux_53_2682 ) 
     2 mux_sel_miso_202_1478 ( bmux_5859 ) 
     2 mux_sel_miso_208_1480 ( mux_53_2683 ) 
     2 mux_sel_miso_202_1481 ( bmux_5860 ) 
     2 mux_sel_miso_208_1483 ( mux_53_2684 ) 
     2 mux_sel_miso_202_1484 ( bmux_5861 ) 
     2 mux_sel_miso_208_1486 ( mux_53_2685 ) 
     2 mux_sel_miso_202_1487 ( bmux_5862 ) 
     2 mux_sel_miso_208_1489 ( mux_53_2686 ) 
     2 mux_sel_miso_202_1490 ( bmux_5863 ) 
     2 mux_sel_miso_208_1492 ( mux_53_2687 ) 
     2 mux_sel_miso_202_1493 ( bmux_5864 ) 
     2 mux_sel_miso_208_1495 ( mux_53_2688 ) 
     2 mux_sel_miso_202_1496 ( bmux_5865 ) 
     2 mux_sel_miso_208_1498 ( mux_53_2689 ) 
     2 mux_sel_miso_202_1499 ( bmux_5866 ) 
     2 mux_sel_miso_208_1501 ( mux_53_2690 ) 
     2 mux_sel_miso_202_1502 ( bmux_5867 ) 
     2 mux_sel_miso_208_1504 ( mux_53_2691 ) 
     2 mux_sel_miso_202_1505 ( bmux_5868 ) 
     2 mux_sel_miso_208_1507 ( mux_53_2692 ) 
     2 mux_sel_miso_202_1508 ( bmux_5869 ) 
     2 mux_sel_miso_208_1510 ( mux_53_2693 ) 
     2 mux_sel_miso_202_1511 ( bmux_5870 ) 
     2 mux_sel_miso_208_1513 ( mux_53_2694 ) 
     2 mux_sel_miso_202_1514 ( bmux_5871 ) 
     2 mux_sel_miso_208_1516 ( mux_53_2695 ) 
     2 mux_sel_miso_202_1517 ( bmux_5872 ) 
     2 mux_sel_miso_208_1519 ( mux_53_2696 ) 
     2 mux_sel_miso_202_1520 ( bmux_5873 ) 
     2 mux_sel_miso_208_1522 ( mux_53_2697 ) 
     2 mux_sel_miso_202_1523 ( bmux_5874 ) 
     2 mux_sel_miso_208_1525 ( mux_53_2698 ) 
     2 mux_sel_miso_202_1526 ( bmux_5875 ) 
     2 mux_sel_miso_208_1528 ( mux_53_2699 ) 
     2 mux_sel_miso_202_1529 ( bmux_5876 ) 
     2 mux_sel_miso_208_1531 ( mux_53_2700 ) 
     2 mux_sel_miso_202_1532 ( bmux_5877 ) 
     2 mux_sel_miso_208_1534 ( mux_53_2701 ) 
     2 mux_sel_miso_202_1535 ( bmux_5878 ) 
     2 mux_sel_miso_208_1537 ( mux_53_2702 ) 
     2 mux_sel_miso_202_1538 ( bmux_5879 ) 
     2 mux_sel_miso_208_1540 ( mux_53_2703 ) 
     2 mux_sel_miso_202_1541 ( bmux_5880 ) 
     2 mux_sel_miso_208_1543 ( mux_53_2704 ) 
     2 mux_sel_miso_202_1544 ( bmux_5881 ) 
     2 mux_sel_u1rx_202_20 ( bmux_5882 ) 
     2 mux_sel_u1rx_208_23 ( mux_53_2705 ) 
     2 mux_sel_u1rx_202_1546 ( bmux_5883 ) 
     2 mux_sel_u1rx_208_1548 ( mux_53_2706 ) 
     2 mux_sel_u1rx_202_1549 ( bmux_5884 ) 
     2 mux_sel_u1rx_208_1551 ( mux_53_2707 ) 
     2 mux_sel_u1rx_202_1552 ( bmux_5885 ) 
     2 mux_sel_u1rx_208_1554 ( mux_53_2708 ) 
     2 mux_sel_u1rx_202_1555 ( bmux_5886 ) 
     2 mux_sel_u1rx_208_1557 ( mux_53_2709 ) 
     2 mux_sel_u1rx_202_1558 ( bmux_5887 ) 
     2 mux_sel_u1rx_208_1560 ( mux_53_2710 ) 
     2 mux_sel_u1rx_202_1561 ( bmux_5888 ) 
     2 mux_sel_u1rx_208_1563 ( mux_53_2711 ) 
     2 mux_sel_u1rx_202_1564 ( bmux_5889 ) 
     2 mux_sel_u1rx_208_1566 ( mux_53_2712 ) 
     2 mux_sel_u1rx_202_1567 ( bmux_5890 ) 
     2 mux_sel_u1rx_208_1569 ( mux_53_2713 ) 
     2 mux_sel_u1rx_202_1570 ( bmux_5891 ) 
     2 mux_sel_u1rx_208_1572 ( mux_53_2714 ) 
     2 mux_sel_u1rx_202_1573 ( bmux_5892 ) 
     2 mux_sel_u1rx_208_1575 ( mux_53_2715 ) 
     2 mux_sel_u1rx_202_1576 ( bmux_5893 ) 
     2 mux_sel_u1rx_208_1578 ( mux_53_2716 ) 
     2 mux_sel_u1rx_202_1579 ( bmux_5894 ) 
     2 mux_sel_u1rx_208_1581 ( mux_53_2717 ) 
     2 mux_sel_u1rx_202_1582 ( bmux_5895 ) 
     2 mux_sel_u1rx_208_1584 ( mux_53_2718 ) 
     2 mux_sel_u1rx_202_1585 ( bmux_5896 ) 
     2 mux_sel_u1rx_208_1587 ( mux_53_2719 ) 
     2 mux_sel_u1rx_202_1588 ( bmux_5897 ) 
     2 mux_sel_u1rx_208_1590 ( mux_53_2720 ) 
     2 mux_sel_u1rx_202_1591 ( bmux_5898 ) 
     2 mux_sel_u1rx_208_1593 ( mux_53_2721 ) 
     2 mux_sel_u1rx_202_1594 ( bmux_5899 ) 
     2 mux_sel_u1rx_208_1596 ( mux_53_2722 ) 
     2 mux_sel_u1rx_202_1597 ( bmux_5900 ) 
     2 mux_sel_u1rx_208_1599 ( mux_53_2723 ) 
     2 mux_sel_u1rx_202_1600 ( bmux_5901 ) 
     2 mux_sel_u1rx_208_1602 ( mux_53_2724 ) 
     2 mux_sel_u1rx_202_1603 ( bmux_5902 ) 
     2 mux_sel_u1rx_208_1605 ( mux_53_2725 ) 
     2 mux_sel_u1rx_202_1606 ( bmux_5903 ) 
     2 mux_sel_u1rx_208_1608 ( mux_53_2726 ) 
     2 mux_sel_u1rx_202_1609 ( bmux_5904 ) 
     2 mux_sel_u1rx_208_1611 ( mux_53_2727 ) 
     2 mux_sel_u1rx_202_1612 ( bmux_5905 ) 
     2 mux_sel_u1rx_208_1614 ( mux_53_2728 ) 
     2 mux_sel_u1rx_202_1615 ( bmux_5906 ) 
     2 mux_sel_u1rx_208_1617 ( mux_53_2729 ) 
     2 mux_sel_u1rx_202_1618 ( bmux_5907 ) 
     2 mux_sel_u1rx_208_1620 ( mux_53_2730 ) 
     2 mux_sel_u1rx_202_1621 ( bmux_5908 ) 
     2 mux_sel_u1rx_208_1623 ( mux_53_2731 ) 
     2 mux_sel_u1rx_202_1624 ( bmux_5909 ) 
     2 mux_sel_u1rx_208_1626 ( mux_53_2732 ) 
     2 mux_sel_u1rx_202_1627 ( bmux_5910 ) 
     2 mux_sel_u1rx_208_1629 ( mux_53_2733 ) 
     2 mux_sel_u1rx_202_1630 ( bmux_5911 ) 
     2 mux_sel_u0rx_202_20 ( bmux_5912 ) 
     2 mux_sel_u0rx_208_23 ( mux_53_2734 ) 
     2 mux_sel_u0rx_202_1632 ( bmux_5913 ) 
     2 mux_sel_u0rx_208_1634 ( mux_53_2735 ) 
     2 mux_sel_u0rx_202_1635 ( bmux_5914 ) 
     2 mux_sel_u0rx_208_1637 ( mux_53_2736 ) 
     2 mux_sel_u0rx_202_1638 ( bmux_5915 ) 
     2 mux_sel_u0rx_208_1640 ( mux_53_2737 ) 
     2 mux_sel_u0rx_202_1641 ( bmux_5916 ) 
     2 mux_sel_u0rx_208_1643 ( mux_53_2738 ) 
     2 mux_sel_u0rx_202_1644 ( bmux_5917 ) 
     2 mux_sel_u0rx_208_1646 ( mux_53_2739 ) 
     2 mux_sel_u0rx_202_1647 ( bmux_5918 ) 
     2 mux_sel_u0rx_208_1649 ( mux_53_2740 ) 
     2 mux_sel_u0rx_202_1650 ( bmux_5919 ) 
     2 mux_sel_u0rx_208_1652 ( mux_53_2741 ) 
     2 mux_sel_u0rx_202_1653 ( bmux_5920 ) 
     2 mux_sel_u0rx_208_1655 ( mux_53_2742 ) 
     2 mux_sel_u0rx_202_1656 ( bmux_5921 ) 
     2 mux_sel_u0rx_208_1658 ( mux_53_2743 ) 
     2 mux_sel_u0rx_202_1659 ( bmux_5922 ) 
     2 mux_sel_u0rx_208_1661 ( mux_53_2744 ) 
     2 mux_sel_u0rx_202_1662 ( bmux_5923 ) 
     2 mux_sel_u0rx_208_1664 ( mux_53_2745 ) 
     2 mux_sel_u0rx_202_1665 ( bmux_5924 ) 
     2 mux_sel_u0rx_208_1667 ( mux_53_2746 ) 
     2 mux_sel_u0rx_202_1668 ( bmux_5925 ) 
     2 mux_sel_u0rx_208_1670 ( mux_53_2747 ) 
     2 mux_sel_u0rx_202_1671 ( bmux_5926 ) 
     2 mux_sel_u0rx_208_1673 ( mux_53_2748 ) 
     2 mux_sel_u0rx_202_1674 ( bmux_5927 ) 
     2 mux_sel_u0rx_208_1676 ( mux_53_2749 ) 
     2 mux_sel_u0rx_202_1677 ( bmux_5928 ) 
     2 mux_sel_u0rx_208_1679 ( mux_53_2750 ) 
     2 mux_sel_u0rx_202_1680 ( bmux_5929 ) 
     2 mux_sel_u0rx_208_1682 ( mux_53_2751 ) 
     2 mux_sel_u0rx_202_1683 ( bmux_5930 ) 
     2 mux_sel_u0rx_208_1685 ( mux_53_2752 ) 
     2 mux_sel_u0rx_202_1686 ( bmux_5931 ) 
     2 mux_sel_u0rx_208_1688 ( mux_53_2753 ) 
     2 mux_sel_u0rx_202_1689 ( bmux_5932 ) 
     2 mux_sel_u0rx_208_1691 ( mux_53_2754 ) 
     2 mux_sel_u0rx_202_1692 ( bmux_5933 ) 
     2 mux_sel_u0rx_208_1694 ( mux_53_2755 ) 
     2 mux_sel_u0rx_202_1695 ( bmux_5934 ) 
     2 mux_sel_u0rx_208_1697 ( mux_53_2756 ) 
     2 mux_sel_u0rx_202_1698 ( bmux_5935 ) 
     2 mux_sel_u0rx_208_1700 ( mux_53_2757 ) 
     2 mux_sel_u0rx_202_1701 ( bmux_5936 ) 
     2 mux_sel_u0rx_208_1703 ( mux_53_2758 ) 
     2 mux_sel_u0rx_202_1704 ( bmux_5937 ) 
     2 mux_sel_u0rx_208_1706 ( mux_53_2759 ) 
     2 mux_sel_u0rx_202_1707 ( bmux_5938 ) 
     2 mux_sel_u0rx_208_1709 ( mux_53_2760 ) 
     2 mux_sel_u0rx_202_1710 ( bmux_5939 ) 
     2 mux_sel_u0rx_208_1712 ( mux_53_2761 ) 
     2 mux_sel_u0rx_202_1713 ( bmux_5940 ) 
     2 mux_sel_u0rx_208_1715 ( mux_53_2762 ) 
     2 mux_sel_u0rx_202_1716 ( bmux_5941 ) 
     2 ctl_224_1719 ( case_box_5234 ) 
     2 mux_pad_oe_224_35 ( mux_53_2763 ) 
     2 ctl_228_1720 ( case_box_5237 ) 
     2 mux_pad_oe_228_35 ( mux_53_2764 ) 
     2 ctl_224_1721 ( case_box_5240 ) 
     2 mux_pad_oe_224_1722 ( mux_53_2765 ) 
     2 ctl_228_1723 ( case_box_5243 ) 
     2 mux_pad_oe_228_1724 ( mux_53_2766 ) 
     2 ctl_224_1725 ( case_box_5246 ) 
     2 mux_pad_oe_224_1726 ( mux_53_2767 ) 
     2 ctl_228_1727 ( case_box_5249 ) 
     2 mux_pad_oe_228_1728 ( mux_53_2768 ) 
     2 ctl_224_1729 ( case_box_5252 ) 
     2 mux_pad_oe_224_1730 ( mux_53_2769 ) 
     2 ctl_228_1731 ( case_box_5255 ) 
     2 mux_pad_oe_228_1732 ( mux_53_2770 ) 
     2 mux_pad_oe_208_23 ( mux_13657 ) 
     2 mux_pad_oe_202_20 ( bmux_5942 ) 
     2 mux_pad_oe_224_1793 ( bmux_5943 ) 
     2 mux_pad_oe_228_1824 ( bmux_5944 ) 
     2 mux_pad_oe_224_1855 ( bmux_5945 ) 
     2 mux_pad_oe_228_1886 ( bmux_5946 ) 
     2 mux_pad_oe_224_1917 ( bmux_5947 ) 
     2 mux_pad_oe_228_1948 ( bmux_5948 ) 
     2 mux_pad_oe_224_1979 ( bmux_5949 ) 
     2 mux_pad_oe_228_2010 ( bmux_5950 ) 
     2 mux_pad_oe_208_2012 ( mux_13657_1 ) 
     2 mux_pad_oe_202_2013 ( bmux_5951 ) 
     2 mux_pad_oe_224_2072 ( bmux_5952 ) 
     2 mux_pad_oe_228_2102 ( bmux_5953 ) 
     2 mux_pad_oe_224_2132 ( bmux_5954 ) 
     2 mux_pad_oe_228_2162 ( bmux_5955 ) 
     2 mux_pad_oe_224_2192 ( bmux_5956 ) 
     2 mux_pad_oe_228_2222 ( bmux_5957 ) 
     2 mux_pad_oe_224_2252 ( bmux_5958 ) 
     2 mux_pad_oe_228_2282 ( bmux_5959 ) 
     2 mux_pad_oe_208_2284 ( mux_13657_2 ) 
     2 mux_pad_oe_202_2285 ( bmux_5960 ) 
     2 mux_pad_oe_224_2342 ( bmux_5961 ) 
     2 mux_pad_oe_228_2371 ( bmux_5962 ) 
     2 mux_pad_oe_224_2400 ( bmux_5963 ) 
     2 mux_pad_oe_228_2429 ( bmux_5964 ) 
     2 mux_pad_oe_224_2458 ( bmux_5965 ) 
     2 mux_pad_oe_228_2487 ( bmux_5966 ) 
     2 mux_pad_oe_224_2516 ( bmux_5967 ) 
     2 mux_pad_oe_228_2545 ( bmux_5968 ) 
     2 mux_pad_oe_208_2547 ( mux_13657_3 ) 
     2 mux_pad_oe_202_2548 ( bmux_5969 ) 
     2 mux_pad_oe_224_2603 ( bmux_5970 ) 
     2 mux_pad_oe_228_2631 ( bmux_5971 ) 
     2 mux_pad_oe_224_2659 ( bmux_5972 ) 
     2 mux_pad_oe_228_2687 ( bmux_5973 ) 
     2 mux_pad_oe_224_2715 ( bmux_5974 ) 
     2 mux_pad_oe_228_2743 ( bmux_5975 ) 
     2 mux_pad_oe_224_2771 ( bmux_5976 ) 
     2 mux_pad_oe_228_2799 ( bmux_5977 ) 
     2 mux_pad_oe_208_2801 ( mux_13657_4 ) 
     2 mux_pad_oe_202_2802 ( bmux_5978 ) 
     2 mux_pad_oe_224_2855 ( bmux_5979 ) 
     2 mux_pad_oe_228_2882 ( bmux_5980 ) 
     2 mux_pad_oe_224_2909 ( bmux_5981 ) 
     2 mux_pad_oe_228_2936 ( bmux_5982 ) 
     2 mux_pad_oe_224_2963 ( bmux_5983 ) 
     2 mux_pad_oe_228_2990 ( bmux_5984 ) 
     2 mux_pad_oe_224_3017 ( bmux_5985 ) 
     2 mux_pad_oe_228_3044 ( bmux_5986 ) 
     2 mux_pad_oe_208_3046 ( mux_13657_5 ) 
     2 mux_pad_oe_202_3047 ( bmux_5987 ) 
     2 mux_pad_oe_224_3098 ( bmux_5988 ) 
     2 mux_pad_oe_228_3124 ( bmux_5989 ) 
     2 mux_pad_oe_224_3150 ( bmux_5990 ) 
     2 mux_pad_oe_228_3176 ( bmux_5991 ) 
     2 mux_pad_oe_224_3202 ( bmux_5992 ) 
     2 mux_pad_oe_228_3228 ( bmux_5993 ) 
     2 mux_pad_oe_224_3254 ( bmux_5994 ) 
     2 mux_pad_oe_228_3280 ( bmux_5995 ) 
     2 mux_pad_oe_208_3282 ( mux_13657_6 ) 
     2 mux_pad_oe_202_3283 ( bmux_5996 ) 
     2 mux_pad_oe_224_3332 ( bmux_5997 ) 
     2 mux_pad_oe_228_3357 ( bmux_5998 ) 
     2 mux_pad_oe_224_3382 ( bmux_5999 ) 
     2 mux_pad_oe_228_3407 ( bmux_6000 ) 
     2 mux_pad_oe_224_3432 ( bmux_6001 ) 
     2 mux_pad_oe_228_3457 ( bmux_6002 ) 
     2 mux_pad_oe_224_3482 ( bmux_6003 ) 
     2 mux_pad_oe_228_3507 ( bmux_6004 ) 
     2 mux_pad_oe_208_3509 ( mux_13657_7 ) 
     2 mux_pad_oe_202_3510 ( bmux_6005 ) 
     2 mux_pad_oe_224_3557 ( bmux_6006 ) 
     2 mux_pad_oe_228_3581 ( bmux_6007 ) 
     2 mux_pad_oe_224_3605 ( bmux_6008 ) 
     2 mux_pad_oe_228_3629 ( bmux_6009 ) 
     2 mux_pad_oe_224_3653 ( bmux_6010 ) 
     2 mux_pad_oe_228_3677 ( bmux_6011 ) 
     2 mux_pad_oe_224_3701 ( bmux_6012 ) 
     2 mux_pad_oe_228_3725 ( bmux_6013 ) 
     2 mux_pad_oe_208_3727 ( mux_13657_8 ) 
     2 mux_pad_oe_202_3728 ( bmux_6014 ) 
     2 mux_pad_oe_224_3773 ( bmux_6015 ) 
     2 mux_pad_oe_228_3796 ( bmux_6016 ) 
     2 mux_pad_oe_224_3819 ( bmux_6017 ) 
     2 mux_pad_oe_228_3842 ( bmux_6018 ) 
     2 mux_pad_oe_224_3865 ( bmux_6019 ) 
     2 mux_pad_oe_228_3888 ( bmux_6020 ) 
     2 mux_pad_oe_224_3911 ( bmux_6021 ) 
     2 mux_pad_oe_228_3934 ( bmux_6022 ) 
     2 mux_pad_oe_208_3936 ( mux_13657_9 ) 
     2 mux_pad_oe_202_3937 ( bmux_6023 ) 
     2 mux_pad_oe_224_3980 ( bmux_6024 ) 
     2 mux_pad_oe_228_4002 ( bmux_6025 ) 
     2 mux_pad_oe_224_4024 ( bmux_6026 ) 
     2 mux_pad_oe_228_4046 ( bmux_6027 ) 
     2 mux_pad_oe_224_4068 ( bmux_6028 ) 
     2 mux_pad_oe_228_4090 ( bmux_6029 ) 
     2 mux_pad_oe_224_4112 ( bmux_6030 ) 
     2 mux_pad_oe_228_4134 ( bmux_6031 ) 
     2 mux_pad_oe_208_4136 ( mux_13657_10 ) 
     2 mux_pad_oe_202_4137 ( bmux_6032 ) 
     2 mux_pad_oe_224_4178 ( bmux_6033 ) 
     2 mux_pad_oe_228_4199 ( bmux_6034 ) 
     2 mux_pad_oe_224_4220 ( bmux_6035 ) 
     2 mux_pad_oe_228_4241 ( bmux_6036 ) 
     2 mux_pad_oe_224_4262 ( bmux_6037 ) 
     2 mux_pad_oe_228_4283 ( bmux_6038 ) 
     2 mux_pad_oe_224_4304 ( bmux_6039 ) 
     2 mux_pad_oe_228_4325 ( bmux_6040 ) 
     2 mux_pad_oe_208_4327 ( mux_13657_11 ) 
     2 mux_pad_oe_202_4328 ( bmux_6041 ) 
     2 mux_pad_oe_224_4367 ( bmux_6042 ) 
     2 mux_pad_oe_228_4387 ( bmux_6043 ) 
     2 mux_pad_oe_224_4407 ( bmux_6044 ) 
     2 mux_pad_oe_228_4427 ( bmux_6045 ) 
     2 mux_pad_oe_224_4447 ( bmux_6046 ) 
     2 mux_pad_oe_228_4467 ( bmux_6047 ) 
     2 mux_pad_oe_224_4487 ( bmux_6048 ) 
     2 mux_pad_oe_228_4507 ( bmux_6049 ) 
     2 mux_pad_oe_208_4509 ( mux_13657_12 ) 
     2 mux_pad_oe_202_4510 ( bmux_6050 ) 
     2 mux_pad_oe_224_4547 ( bmux_6051 ) 
     2 mux_pad_oe_228_4566 ( bmux_6052 ) 
     2 mux_pad_oe_224_4585 ( bmux_6053 ) 
     2 mux_pad_oe_228_4604 ( bmux_6054 ) 
     2 mux_pad_oe_224_4623 ( bmux_6055 ) 
     2 mux_pad_oe_228_4642 ( bmux_6056 ) 
     2 mux_pad_oe_224_4661 ( bmux_6057 ) 
     2 mux_pad_oe_228_4680 ( bmux_6058 ) 
     2 mux_pad_oe_208_4682 ( mux_13657_13 ) 
     2 mux_pad_oe_202_4683 ( bmux_6059 ) 
     2 mux_pad_oe_224_4718 ( bmux_6060 ) 
     2 mux_pad_oe_228_4736 ( bmux_6061 ) 
     2 mux_pad_oe_224_4754 ( bmux_6062 ) 
     2 mux_pad_oe_228_4772 ( bmux_6063 ) 
     2 mux_pad_oe_224_4790 ( bmux_6064 ) 
     2 mux_pad_oe_228_4808 ( bmux_6065 ) 
     2 mux_pad_oe_224_4826 ( bmux_6066 ) 
     2 mux_pad_oe_228_4844 ( bmux_6067 ) 
     2 mux_pad_oe_208_4846 ( mux_13657_14 ) 
     2 mux_pad_oe_202_4847 ( bmux_6068 ) 
     2 mux_pad_oe_202_4880 ( bmux_6069 ) 
     2 mux_pad_oe_224_4911 ( bmux_6070 ) 
     2 mux_pad_oe_228_4927 ( bmux_6071 ) 
     2 mux_pad_oe_224_4943 ( bmux_6072 ) 
     2 mux_pad_oe_228_4959 ( bmux_6073 ) 
     2 mux_pad_oe_224_4975 ( bmux_6074 ) 
     2 mux_pad_oe_228_4991 ( bmux_6075 ) 
     2 mux_pad_oe_224_5007 ( bmux_6076 ) 
     2 mux_pad_oe_228_5023 ( bmux_6077 ) 
     2 mux_pad_oe_208_5025 ( mux_13657_15 ) 
     2 mux_pad_oe_202_5026 ( bmux_6078 ) 
     2 mux_pad_oe_224_5055 ( bmux_6079 ) 
     2 mux_pad_oe_228_5070 ( bmux_6080 ) 
     2 mux_pad_oe_224_5085 ( bmux_6081 ) 
     2 mux_pad_oe_228_5100 ( bmux_6082 ) 
     2 mux_pad_oe_224_5115 ( bmux_6083 ) 
     2 mux_pad_oe_228_5130 ( bmux_6084 ) 
     2 mux_pad_oe_224_5145 ( bmux_6085 ) 
     2 mux_pad_oe_228_5160 ( bmux_6086 ) 
     2 mux_pad_oe_208_5162 ( mux_13657_16 ) 
     2 mux_pad_oe_202_5163 ( bmux_6087 ) 
     2 mux_pad_oe_224_5190 ( bmux_6088 ) 
     2 mux_pad_oe_228_5204 ( bmux_6089 ) 
     2 mux_pad_oe_224_5218 ( bmux_6090 ) 
     2 mux_pad_oe_228_5232 ( bmux_6091 ) 
     2 mux_pad_oe_224_5246 ( bmux_6092 ) 
     2 mux_pad_oe_228_5260 ( bmux_6093 ) 
     2 mux_pad_oe_224_5274 ( bmux_6094 ) 
     2 mux_pad_oe_228_5288 ( bmux_6095 ) 
     2 mux_pad_oe_208_5290 ( mux_13657_17 ) 
     2 mux_pad_oe_202_5291 ( bmux_6096 ) 
     2 mux_pad_oe_224_5316 ( bmux_6097 ) 
     2 mux_pad_oe_228_5329 ( bmux_6098 ) 
     2 mux_pad_oe_224_5342 ( bmux_6099 ) 
     2 mux_pad_oe_228_5355 ( bmux_6100 ) 
     2 mux_pad_oe_224_5368 ( bmux_6101 ) 
     2 mux_pad_oe_228_5381 ( bmux_6102 ) 
     2 mux_pad_oe_224_5394 ( bmux_6103 ) 
     2 mux_pad_oe_228_5407 ( bmux_6104 ) 
     2 mux_pad_oe_208_5409 ( mux_13657_18 ) 
     2 mux_pad_oe_202_5410 ( bmux_6105 ) 
     2 mux_pad_oe_224_5433 ( bmux_6106 ) 
     2 mux_pad_oe_228_5445 ( bmux_6107 ) 
     2 mux_pad_oe_224_5457 ( bmux_6108 ) 
     2 mux_pad_oe_228_5469 ( bmux_6109 ) 
     2 mux_pad_oe_224_5481 ( bmux_6110 ) 
     2 mux_pad_oe_228_5493 ( bmux_6111 ) 
     2 mux_pad_oe_224_5505 ( bmux_6112 ) 
     2 mux_pad_oe_228_5517 ( bmux_6113 ) 
     2 mux_pad_oe_208_5519 ( mux_13657_19 ) 
     2 mux_pad_oe_202_5520 ( bmux_6114 ) 
     2 mux_pad_oe_224_5541 ( bmux_6115 ) 
     2 mux_pad_oe_228_5552 ( bmux_6116 ) 
     2 mux_pad_oe_224_5563 ( bmux_6117 ) 
     2 mux_pad_oe_228_5574 ( bmux_6118 ) 
     2 mux_pad_oe_224_5585 ( bmux_6119 ) 
     2 mux_pad_oe_228_5596 ( bmux_6120 ) 
     2 mux_pad_oe_224_5607 ( bmux_6121 ) 
     2 mux_pad_oe_228_5618 ( bmux_6122 ) 
     2 mux_pad_oe_208_5620 ( mux_13657_20 ) 
     2 mux_pad_oe_202_5621 ( bmux_6123 ) 
     2 mux_pad_oe_224_5640 ( bmux_6124 ) 
     2 mux_pad_oe_228_5650 ( bmux_6125 ) 
     2 mux_pad_oe_224_5660 ( bmux_6126 ) 
     2 mux_pad_oe_228_5670 ( bmux_6127 ) 
     2 mux_pad_oe_224_5680 ( bmux_6128 ) 
     2 mux_pad_oe_228_5690 ( bmux_6129 ) 
     2 mux_pad_oe_224_5700 ( bmux_6130 ) 
     2 mux_pad_oe_228_5710 ( bmux_6131 ) 
     2 mux_pad_oe_208_5712 ( mux_13657_21 ) 
     2 mux_pad_oe_202_5713 ( bmux_6132 ) 
     2 mux_pad_oe_224_5730 ( bmux_6133 ) 
     2 mux_pad_oe_228_5739 ( bmux_6134 ) 
     2 mux_pad_oe_224_5748 ( bmux_6135 ) 
     2 mux_pad_oe_228_5757 ( bmux_6136 ) 
     2 mux_pad_oe_224_5766 ( bmux_6137 ) 
     2 mux_pad_oe_228_5775 ( bmux_6138 ) 
     2 mux_pad_oe_224_5784 ( bmux_6139 ) 
     2 mux_pad_oe_228_5793 ( bmux_6140 ) 
     2 mux_pad_oe_208_5795 ( mux_13657_22 ) 
     2 mux_pad_oe_202_5796 ( bmux_6141 ) 
     2 mux_pad_oe_224_5811 ( bmux_6142 ) 
     2 mux_pad_oe_228_5819 ( bmux_6143 ) 
     2 mux_pad_oe_224_5827 ( bmux_6144 ) 
     2 mux_pad_oe_228_5835 ( bmux_6145 ) 
     2 mux_pad_oe_224_5843 ( bmux_6146 ) 
     2 mux_pad_oe_228_5851 ( bmux_6147 ) 
     2 mux_pad_oe_224_5859 ( bmux_6148 ) 
     2 mux_pad_oe_228_5867 ( bmux_6149 ) 
     2 mux_pad_oe_208_5869 ( mux_13657_23 ) 
     2 mux_pad_oe_202_5870 ( bmux_6150 ) 
     2 mux_pad_oe_224_5883 ( bmux_6151 ) 
     2 mux_pad_oe_228_5890 ( bmux_6152 ) 
     2 mux_pad_oe_224_5897 ( bmux_6153 ) 
     2 mux_pad_oe_228_5904 ( bmux_6154 ) 
     2 mux_pad_oe_224_5911 ( bmux_6155 ) 
     2 mux_pad_oe_228_5918 ( bmux_6156 ) 
     2 mux_pad_oe_224_5925 ( bmux_6157 ) 
     2 mux_pad_oe_228_5932 ( bmux_6158 ) 
     2 mux_pad_oe_208_5934 ( mux_13657_24 ) 
     2 mux_pad_oe_202_5935 ( bmux_6159 ) 
     2 mux_pad_oe_224_5946 ( bmux_6160 ) 
     2 mux_pad_oe_228_5952 ( bmux_6161 ) 
     2 mux_pad_oe_224_5958 ( bmux_6162 ) 
     2 mux_pad_oe_228_5964 ( bmux_6163 ) 
     2 mux_pad_oe_224_5970 ( bmux_6164 ) 
     2 mux_pad_oe_228_5976 ( bmux_6165 ) 
     2 mux_pad_oe_224_5982 ( bmux_6166 ) 
     2 mux_pad_oe_228_5988 ( bmux_6167 ) 
     2 mux_pad_oe_208_5990 ( mux_13657_25 ) 
     2 mux_pad_oe_202_5991 ( bmux_6168 ) 
     2 mux_pad_oe_224_6000 ( bmux_6169 ) 
     2 mux_pad_oe_228_6005 ( bmux_6170 ) 
     2 mux_pad_oe_224_6010 ( bmux_6171 ) 
     2 mux_pad_oe_228_6015 ( bmux_6172 ) 
     2 mux_pad_oe_224_6020 ( bmux_6173 ) 
     2 mux_pad_oe_228_6025 ( bmux_6174 ) 
     2 mux_pad_oe_224_6030 ( bmux_6175 ) 
     2 mux_pad_oe_228_6035 ( bmux_6176 ) 
     2 mux_pad_oe_208_6037 ( mux_13657_26 ) 
     2 mux_pad_oe_202_6038 ( bmux_6177 ) 
     2 mux_pad_oe_224_6045 ( bmux_6178 ) 
     2 mux_pad_oe_228_6049 ( bmux_6179 ) 
     2 mux_pad_oe_224_6053 ( bmux_6180 ) 
     2 mux_pad_oe_228_6057 ( bmux_6181 ) 
     2 mux_pad_oe_224_6061 ( bmux_6182 ) 
     2 mux_pad_oe_228_6065 ( bmux_6183 ) 
     2 mux_pad_oe_224_6069 ( bmux_6184 ) 
     2 mux_pad_oe_228_6073 ( bmux_6185 ) 
     2 mux_pad_oe_208_6075 ( mux_13657_27 ) 
     2 mux_pad_oe_202_6076 ( bmux_6186 ) 
     2 mux_pad_oe_224_6081 ( bmux_6187 ) 
     2 mux_pad_oe_228_6084 ( bmux_6188 ) 
     2 mux_pad_oe_224_6087 ( bmux_6189 ) 
     2 mux_pad_oe_228_6090 ( bmux_6190 ) 
     2 mux_pad_oe_224_6093 ( bmux_6191 ) 
     2 mux_pad_oe_228_6096 ( bmux_6192 ) 
     2 mux_pad_oe_224_6099 ( bmux_6193 ) 
     2 mux_pad_oe_228_6102 ( bmux_6194 ) 
     2 mux_pad_oe_208_6104 ( mux_13657_28 ) 
     2 mux_pad_oe_202_6105 ( bmux_6195 ) 
     2 mux_pad_oe_224_6108 ( bmux_6196 ) 
     2 mux_pad_oe_228_6110 ( bmux_6197 ) 
     2 mux_pad_oe_224_6112 ( bmux_6198 ) 
     2 mux_pad_oe_228_6114 ( bmux_6199 ) 
     2 mux_pad_oe_224_6116 ( bmux_6200 ) 
     2 mux_pad_oe_228_6118 ( bmux_6201 ) 
     2 mux_pad_oe_224_6120 ( bmux_6202 ) 
     2 mux_pad_oe_228_6122 ( bmux_6203 ) 
     2 mux_pad_oe_208_6124 ( mux_13657_29 ) 
     2 mux_pad_oe_202_6125 ( bmux_6204 ) 
     2 mux_pad_oe_202_6126 ( bmux_6205 ) 
     2 mux_pad_out_224_35 ( mux_53_2771 ) 
     2 mux_pad_out_228_35 ( mux_53_2772 ) 
     2 mux_pad_out_224_6130 ( mux_53_2773 ) 
     2 mux_pad_out_228_6132 ( mux_53_2774 ) 
     2 mux_pad_out_224_6134 ( mux_53_2775 ) 
     2 mux_pad_out_228_6136 ( mux_53_2776 ) 
     2 mux_pad_out_224_6138 ( mux_53_2777 ) 
     2 mux_pad_out_228_6140 ( mux_53_2778 ) 
     2 mux_pad_out_208_23 ( mux_13657_30 ) 
     2 mux_pad_out_202_20 ( bmux_6206 ) 
     2 mux_pad_out_224_6202 ( bmux_6207 ) 
     2 mux_pad_out_228_6233 ( bmux_6208 ) 
     2 mux_pad_out_224_6264 ( bmux_6209 ) 
     2 mux_pad_out_228_6295 ( bmux_6210 ) 
     2 mux_pad_out_224_6326 ( bmux_6211 ) 
     2 mux_pad_out_228_6357 ( bmux_6212 ) 
     2 mux_pad_out_224_6388 ( bmux_6213 ) 
     2 mux_pad_out_228_6419 ( bmux_6214 ) 
     2 mux_pad_out_208_6421 ( mux_13657_31 ) 
     2 mux_pad_out_202_6422 ( bmux_6215 ) 
     2 mux_pad_out_224_6481 ( bmux_6216 ) 
     2 mux_pad_out_228_6511 ( bmux_6217 ) 
     2 mux_pad_out_224_6541 ( bmux_6218 ) 
     2 mux_pad_out_228_6571 ( bmux_6219 ) 
     2 mux_pad_out_224_6601 ( bmux_6220 ) 
     2 mux_pad_out_228_6631 ( bmux_6221 ) 
     2 mux_pad_out_224_6661 ( bmux_6222 ) 
     2 mux_pad_out_228_6691 ( bmux_6223 ) 
     2 mux_pad_out_208_6693 ( mux_13657_32 ) 
     2 mux_pad_out_202_6694 ( bmux_6224 ) 
     2 mux_pad_out_224_6751 ( bmux_6225 ) 
     2 mux_pad_out_228_6780 ( bmux_6226 ) 
     2 mux_pad_out_224_6809 ( bmux_6227 ) 
     2 mux_pad_out_228_6838 ( bmux_6228 ) 
     2 mux_pad_out_224_6867 ( bmux_6229 ) 
     2 mux_pad_out_228_6896 ( bmux_6230 ) 
     2 mux_pad_out_224_6925 ( bmux_6231 ) 
     2 mux_pad_out_228_6954 ( bmux_6232 ) 
     2 mux_pad_out_208_6956 ( mux_13657_33 ) 
     2 mux_pad_out_202_6957 ( bmux_6233 ) 
     2 mux_pad_out_224_7012 ( bmux_6234 ) 
     2 mux_pad_out_228_7040 ( bmux_6235 ) 
     2 mux_pad_out_224_7068 ( bmux_6236 ) 
     2 mux_pad_out_228_7096 ( bmux_6237 ) 
     2 mux_pad_out_224_7124 ( bmux_6238 ) 
     2 mux_pad_out_228_7152 ( bmux_6239 ) 
     2 mux_pad_out_224_7180 ( bmux_6240 ) 
     2 mux_pad_out_228_7208 ( bmux_6241 ) 
     2 mux_pad_out_208_7210 ( mux_13657_34 ) 
     2 mux_pad_out_202_7211 ( bmux_6242 ) 
     2 mux_pad_out_224_7264 ( bmux_6243 ) 
     2 mux_pad_out_228_7291 ( bmux_6244 ) 
     2 mux_pad_out_224_7318 ( bmux_6245 ) 
     2 mux_pad_out_228_7345 ( bmux_6246 ) 
     2 mux_pad_out_224_7372 ( bmux_6247 ) 
     2 mux_pad_out_228_7399 ( bmux_6248 ) 
     2 mux_pad_out_224_7426 ( bmux_6249 ) 
     2 mux_pad_out_228_7453 ( bmux_6250 ) 
     2 mux_pad_out_208_7455 ( mux_13657_35 ) 
     2 mux_pad_out_202_7456 ( bmux_6251 ) 
     2 mux_pad_out_224_7507 ( bmux_6252 ) 
     2 mux_pad_out_228_7533 ( bmux_6253 ) 
     2 mux_pad_out_224_7559 ( bmux_6254 ) 
     2 mux_pad_out_228_7585 ( bmux_6255 ) 
     2 mux_pad_out_224_7611 ( bmux_6256 ) 
     2 mux_pad_out_228_7637 ( bmux_6257 ) 
     2 mux_pad_out_224_7663 ( bmux_6258 ) 
     2 mux_pad_out_228_7689 ( bmux_6259 ) 
     2 mux_pad_out_208_7691 ( mux_13657_36 ) 
     2 mux_pad_out_202_7692 ( bmux_6260 ) 
     2 mux_pad_out_224_7741 ( bmux_6261 ) 
     2 mux_pad_out_228_7766 ( bmux_6262 ) 
     2 mux_pad_out_224_7791 ( bmux_6263 ) 
     2 mux_pad_out_228_7816 ( bmux_6264 ) 
     2 mux_pad_out_224_7841 ( bmux_6265 ) 
     2 mux_pad_out_228_7866 ( bmux_6266 ) 
     2 mux_pad_out_224_7891 ( bmux_6267 ) 
     2 mux_pad_out_228_7916 ( bmux_6268 ) 
     2 mux_pad_out_208_7918 ( mux_13657_37 ) 
     2 mux_pad_out_202_7919 ( bmux_6269 ) 
     2 mux_pad_out_224_7966 ( bmux_6270 ) 
     2 mux_pad_out_228_7990 ( bmux_6271 ) 
     2 mux_pad_out_224_8014 ( bmux_6272 ) 
     2 mux_pad_out_228_8038 ( bmux_6273 ) 
     2 mux_pad_out_224_8062 ( bmux_6274 ) 
     2 mux_pad_out_228_8086 ( bmux_6275 ) 
     2 mux_pad_out_224_8110 ( bmux_6276 ) 
     2 mux_pad_out_228_8134 ( bmux_6277 ) 
     2 mux_pad_out_208_8136 ( mux_13657_38 ) 
     2 mux_pad_out_202_8137 ( bmux_6278 ) 
     2 mux_pad_out_224_8182 ( bmux_6279 ) 
     2 mux_pad_out_228_8205 ( bmux_6280 ) 
     2 mux_pad_out_224_8228 ( bmux_6281 ) 
     2 mux_pad_out_228_8251 ( bmux_6282 ) 
     2 mux_pad_out_224_8274 ( bmux_6283 ) 
     2 mux_pad_out_228_8297 ( bmux_6284 ) 
     2 mux_pad_out_224_8320 ( bmux_6285 ) 
     2 mux_pad_out_228_8343 ( bmux_6286 ) 
     2 mux_pad_out_208_8345 ( mux_13657_39 ) 
     2 mux_pad_out_202_8346 ( bmux_6287 ) 
     2 mux_pad_out_224_8389 ( bmux_6288 ) 
     2 mux_pad_out_228_8411 ( bmux_6289 ) 
     2 mux_pad_out_224_8433 ( bmux_6290 ) 
     2 mux_pad_out_228_8455 ( bmux_6291 ) 
     2 mux_pad_out_224_8477 ( bmux_6292 ) 
     2 mux_pad_out_228_8499 ( bmux_6293 ) 
     2 mux_pad_out_224_8521 ( bmux_6294 ) 
     2 mux_pad_out_228_8543 ( bmux_6295 ) 
     2 mux_pad_out_208_8545 ( mux_13657_40 ) 
     2 mux_pad_out_202_8546 ( bmux_6296 ) 
     2 mux_pad_out_224_8587 ( bmux_6297 ) 
     2 mux_pad_out_228_8608 ( bmux_6298 ) 
     2 mux_pad_out_224_8629 ( bmux_6299 ) 
     2 mux_pad_out_228_8650 ( bmux_6300 ) 
     2 mux_pad_out_224_8671 ( bmux_6301 ) 
     2 mux_pad_out_228_8692 ( bmux_6302 ) 
     2 mux_pad_out_224_8713 ( bmux_6303 ) 
     2 mux_pad_out_228_8734 ( bmux_6304 ) 
     2 mux_pad_out_208_8736 ( mux_13657_41 ) 
     2 mux_pad_out_202_8737 ( bmux_6305 ) 
     2 mux_pad_out_224_8776 ( bmux_6306 ) 
     2 mux_pad_out_228_8796 ( bmux_6307 ) 
     2 mux_pad_out_224_8816 ( bmux_6308 ) 
     2 mux_pad_out_228_8836 ( bmux_6309 ) 
     2 mux_pad_out_224_8856 ( bmux_6310 ) 
     2 mux_pad_out_228_8876 ( bmux_6311 ) 
     2 mux_pad_out_224_8896 ( bmux_6312 ) 
     2 mux_pad_out_228_8916 ( bmux_6313 ) 
     2 mux_pad_out_208_8918 ( mux_13657_42 ) 
     2 mux_pad_out_202_8919 ( bmux_6314 ) 
     2 mux_pad_out_224_8956 ( bmux_6315 ) 
     2 mux_pad_out_228_8975 ( bmux_6316 ) 
     2 mux_pad_out_224_8994 ( bmux_6317 ) 
     2 mux_pad_out_228_9013 ( bmux_6318 ) 
     2 mux_pad_out_224_9032 ( bmux_6319 ) 
     2 mux_pad_out_228_9051 ( bmux_6320 ) 
     2 mux_pad_out_224_9070 ( bmux_6321 ) 
     2 mux_pad_out_228_9089 ( bmux_6322 ) 
     2 mux_pad_out_208_9091 ( mux_13657_43 ) 
     2 mux_pad_out_202_9092 ( bmux_6323 ) 
     2 mux_pad_out_224_9127 ( bmux_6324 ) 
     2 mux_pad_out_228_9145 ( bmux_6325 ) 
     2 mux_pad_out_224_9163 ( bmux_6326 ) 
     2 mux_pad_out_228_9181 ( bmux_6327 ) 
     2 mux_pad_out_224_9199 ( bmux_6328 ) 
     2 mux_pad_out_228_9217 ( bmux_6329 ) 
     2 mux_pad_out_224_9235 ( bmux_6330 ) 
     2 mux_pad_out_228_9253 ( bmux_6331 ) 
     2 mux_pad_out_208_9255 ( mux_13657_44 ) 
     2 mux_pad_out_202_9256 ( bmux_6332 ) 
     2 mux_pad_out_202_9289 ( bmux_6333 ) 
     2 mux_pad_out_224_9320 ( bmux_6334 ) 
     2 mux_pad_out_228_9336 ( bmux_6335 ) 
     2 mux_pad_out_224_9352 ( bmux_6336 ) 
     2 mux_pad_out_228_9368 ( bmux_6337 ) 
     2 mux_pad_out_224_9384 ( bmux_6338 ) 
     2 mux_pad_out_228_9400 ( bmux_6339 ) 
     2 mux_pad_out_224_9416 ( bmux_6340 ) 
     2 mux_pad_out_228_9432 ( bmux_6341 ) 
     2 mux_pad_out_208_9434 ( mux_13657_45 ) 
     2 mux_pad_out_202_9435 ( bmux_6342 ) 
     2 mux_pad_out_224_9464 ( bmux_6343 ) 
     2 mux_pad_out_228_9479 ( bmux_6344 ) 
     2 mux_pad_out_224_9494 ( bmux_6345 ) 
     2 mux_pad_out_228_9509 ( bmux_6346 ) 
     2 mux_pad_out_224_9524 ( bmux_6347 ) 
     2 mux_pad_out_228_9539 ( bmux_6348 ) 
     2 mux_pad_out_224_9554 ( bmux_6349 ) 
     2 mux_pad_out_228_9569 ( bmux_6350 ) 
     2 mux_pad_out_208_9571 ( mux_13657_46 ) 
     2 mux_pad_out_202_9572 ( bmux_6351 ) 
     2 mux_pad_out_224_9599 ( bmux_6352 ) 
     2 mux_pad_out_228_9613 ( bmux_6353 ) 
     2 mux_pad_out_224_9627 ( bmux_6354 ) 
     2 mux_pad_out_228_9641 ( bmux_6355 ) 
     2 mux_pad_out_224_9655 ( bmux_6356 ) 
     2 mux_pad_out_228_9669 ( bmux_6357 ) 
     2 mux_pad_out_224_9683 ( bmux_6358 ) 
     2 mux_pad_out_228_9697 ( bmux_6359 ) 
     2 mux_pad_out_208_9699 ( mux_13657_47 ) 
     2 mux_pad_out_202_9700 ( bmux_6360 ) 
     2 mux_pad_out_224_9725 ( bmux_6361 ) 
     2 mux_pad_out_228_9738 ( bmux_6362 ) 
     2 mux_pad_out_224_9751 ( bmux_6363 ) 
     2 mux_pad_out_228_9764 ( bmux_6364 ) 
     2 mux_pad_out_224_9777 ( bmux_6365 ) 
     2 mux_pad_out_228_9790 ( bmux_6366 ) 
     2 mux_pad_out_224_9803 ( bmux_6367 ) 
     2 mux_pad_out_228_9816 ( bmux_6368 ) 
     2 mux_pad_out_208_9818 ( mux_13657_48 ) 
     2 mux_pad_out_202_9819 ( bmux_6369 ) 
     2 mux_pad_out_224_9842 ( bmux_6370 ) 
     2 mux_pad_out_228_9854 ( bmux_6371 ) 
     2 mux_pad_out_224_9866 ( bmux_6372 ) 
     2 mux_pad_out_228_9878 ( bmux_6373 ) 
     2 mux_pad_out_224_9890 ( bmux_6374 ) 
     2 mux_pad_out_228_9902 ( bmux_6375 ) 
     2 mux_pad_out_224_9914 ( bmux_6376 ) 
     2 mux_pad_out_228_9926 ( bmux_6377 ) 
     2 mux_pad_out_208_9928 ( mux_13657_49 ) 
     2 mux_pad_out_202_9929 ( bmux_6378 ) 
     2 mux_pad_out_224_9950 ( bmux_6379 ) 
     2 mux_pad_out_228_9961 ( bmux_6380 ) 
     2 mux_pad_out_224_9972 ( bmux_6381 ) 
     2 mux_pad_out_228_9983 ( bmux_6382 ) 
     2 mux_pad_out_224_9994 ( bmux_6383 ) 
     2 mux_pad_out_228_10005 ( bmux_6384 ) 
     2 mux_pad_out_224_10016 ( bmux_6385 ) 
     2 mux_pad_out_228_10027 ( bmux_6386 ) 
     2 mux_pad_out_208_10029 ( mux_13657_50 ) 
     2 mux_pad_out_202_10030 ( bmux_6387 ) 
     2 mux_pad_out_224_10049 ( bmux_6388 ) 
     2 mux_pad_out_228_10059 ( bmux_6389 ) 
     2 mux_pad_out_224_10069 ( bmux_6390 ) 
     2 mux_pad_out_228_10079 ( bmux_6391 ) 
     2 mux_pad_out_224_10089 ( bmux_6392 ) 
     2 mux_pad_out_228_10099 ( bmux_6393 ) 
     2 mux_pad_out_224_10109 ( bmux_6394 ) 
     2 mux_pad_out_228_10119 ( bmux_6395 ) 
     2 mux_pad_out_208_10121 ( mux_13657_51 ) 
     2 mux_pad_out_202_10122 ( bmux_6396 ) 
     2 mux_pad_out_224_10139 ( bmux_6397 ) 
     2 mux_pad_out_228_10148 ( bmux_6398 ) 
     2 mux_pad_out_224_10157 ( bmux_6399 ) 
     2 mux_pad_out_228_10166 ( bmux_6400 ) 
     2 mux_pad_out_224_10175 ( bmux_6401 ) 
     2 mux_pad_out_228_10184 ( bmux_6402 ) 
     2 mux_pad_out_224_10193 ( bmux_6403 ) 
     2 mux_pad_out_228_10202 ( bmux_6404 ) 
     2 mux_pad_out_208_10204 ( mux_13657_52 ) 
     2 mux_pad_out_202_10205 ( bmux_6405 ) 
     2 mux_pad_out_224_10220 ( bmux_6406 ) 
     2 mux_pad_out_228_10228 ( bmux_6407 ) 
     2 mux_pad_out_224_10236 ( bmux_6408 ) 
     2 mux_pad_out_228_10244 ( bmux_6409 ) 
     2 mux_pad_out_224_10252 ( bmux_6410 ) 
     2 mux_pad_out_228_10260 ( bmux_6411 ) 
     2 mux_pad_out_224_10268 ( bmux_6412 ) 
     2 mux_pad_out_228_10276 ( bmux_6413 ) 
     2 mux_pad_out_208_10278 ( mux_13657_53 ) 
     2 mux_pad_out_202_10279 ( bmux_6414 ) 
     2 mux_pad_out_224_10292 ( bmux_6415 ) 
     2 mux_pad_out_228_10299 ( bmux_6416 ) 
     2 mux_pad_out_224_10306 ( bmux_6417 ) 
     2 mux_pad_out_228_10313 ( bmux_6418 ) 
     2 mux_pad_out_224_10320 ( bmux_6419 ) 
     2 mux_pad_out_228_10327 ( bmux_6420 ) 
     2 mux_pad_out_224_10334 ( bmux_6421 ) 
     2 mux_pad_out_228_10341 ( bmux_6422 ) 
     2 mux_pad_out_208_10343 ( mux_13657_54 ) 
     2 mux_pad_out_202_10344 ( bmux_6423 ) 
     2 mux_pad_out_224_10355 ( bmux_6424 ) 
     2 mux_pad_out_228_10361 ( bmux_6425 ) 
     2 mux_pad_out_224_10367 ( bmux_6426 ) 
     2 mux_pad_out_228_10373 ( bmux_6427 ) 
     2 mux_pad_out_224_10379 ( bmux_6428 ) 
     2 mux_pad_out_228_10385 ( bmux_6429 ) 
     2 mux_pad_out_224_10391 ( bmux_6430 ) 
     2 mux_pad_out_228_10397 ( bmux_6431 ) 
     2 mux_pad_out_208_10399 ( mux_13657_55 ) 
     2 mux_pad_out_202_10400 ( bmux_6432 ) 
     2 mux_pad_out_224_10409 ( bmux_6433 ) 
     2 mux_pad_out_228_10414 ( bmux_6434 ) 
     2 mux_pad_out_224_10419 ( bmux_6435 ) 
     2 mux_pad_out_228_10424 ( bmux_6436 ) 
     2 mux_pad_out_224_10429 ( bmux_6437 ) 
     2 mux_pad_out_228_10434 ( bmux_6438 ) 
     2 mux_pad_out_224_10439 ( bmux_6439 ) 
     2 mux_pad_out_228_10444 ( bmux_6440 ) 
     2 mux_pad_out_208_10446 ( mux_13657_56 ) 
     2 mux_pad_out_202_10447 ( bmux_6441 ) 
     2 mux_pad_out_224_10454 ( bmux_6442 ) 
     2 mux_pad_out_228_10458 ( bmux_6443 ) 
     2 mux_pad_out_224_10462 ( bmux_6444 ) 
     2 mux_pad_out_228_10466 ( bmux_6445 ) 
     2 mux_pad_out_224_10470 ( bmux_6446 ) 
     2 mux_pad_out_228_10474 ( bmux_6447 ) 
     2 mux_pad_out_224_10478 ( bmux_6448 ) 
     2 mux_pad_out_228_10482 ( bmux_6449 ) 
     2 mux_pad_out_208_10484 ( mux_13657_57 ) 
     2 mux_pad_out_202_10485 ( bmux_6450 ) 
     2 mux_pad_out_224_10490 ( bmux_6451 ) 
     2 mux_pad_out_228_10493 ( bmux_6452 ) 
     2 mux_pad_out_224_10496 ( bmux_6453 ) 
     2 mux_pad_out_228_10499 ( bmux_6454 ) 
     2 mux_pad_out_224_10502 ( bmux_6455 ) 
     2 mux_pad_out_228_10505 ( bmux_6456 ) 
     2 mux_pad_out_224_10508 ( bmux_6457 ) 
     2 mux_pad_out_228_10511 ( bmux_6458 ) 
     2 mux_pad_out_208_10513 ( mux_13657_58 ) 
     2 mux_pad_out_202_10514 ( bmux_6459 ) 
     2 mux_pad_out_224_10517 ( bmux_6460 ) 
     2 mux_pad_out_228_10519 ( bmux_6461 ) 
     2 mux_pad_out_224_10521 ( bmux_6462 ) 
     2 mux_pad_out_228_10523 ( bmux_6463 ) 
     2 mux_pad_out_224_10525 ( bmux_6464 ) 
     2 mux_pad_out_228_10527 ( bmux_6465 ) 
     2 mux_pad_out_224_10529 ( bmux_6466 ) 
     2 mux_pad_out_228_10531 ( bmux_6467 ) 
     2 mux_pad_out_208_10533 ( mux_13657_59 ) 
     2 mux_pad_out_202_10534 ( bmux_6468 ) 
     2 mux_pad_out_202_10535 ( bmux_6469 ) 
     2 ctl_af_116_19 ( case_box_5054 ) 
     2 af_func_201_18_I1:mux_af_func_116_19 ( mux_9192_33 ) 
     2 ctl_af_116_10630 ( case_box_5051 ) 
     2 af_func_201_18_I2:mux_af_func_116_19 ( mux_86_20 ) 
     2 ctl_af_116_10632 ( case_box_5048 ) 
     2 af_func_201_18_I3:mux_af_func_116_19 ( mux_86_19 ) 
     2 ctl_af_116_10634 ( case_box_5045 ) 
     2 af_func_201_18_I4:mux_af_func_116_19 ( mux_86_18 ) 
     2 ctl_af_116_10636 ( case_box_5042 ) 
     2 af_func_201_18_I5:mux_af_func_116_19 ( mux_9192_32 ) 
     2 ctl_af_116_10638 ( case_box_5039 ) 
     2 af_func_201_18_I6:mux_af_func_116_19 ( mux_86_17 ) 
     2 ctl_af_116_10640 ( case_box_5016 ) 
     2 af_func_201_18_I7:mux_af_func_116_19 ( mux_86_13 ) 
     2 ctl_af_116_10642 ( case_box_5033 ) 
     2 af_func_201_18_I8:mux_af_func_116_19 ( mux_86_15 ) 
     2 ctl_af_116_10644 ( case_box_5030 ) 
     2 af_func_201_18_I9:mux_af_func_116_19 ( mux_9192_31 ) 
     2 ctl_af_116_10646 ( case_box_5027 ) 
     2 af_func_201_18_I10:mux_af_func_116_19 ( mux_9192_30 ) 
     2 ctl_af_116_10648 ( case_box_5024 ) 
     2 af_func_201_18_I11:mux_af_func_116_19 ( mux_9192_29 ) 
     2 ctl_af_116_10650 ( case_box_5021 ) 
     2 af_func_201_18_I12:mux_af_func_116_19 ( mux_86_14 ) 
     2 ctl_af_116_10652 ( case_box_5018 ) 
     2 af_func_201_18_I13:mux_af_func_116_19 ( mux_9192_28 ) 
     2 ctl_af_116_10654 ( case_box_5036 ) 
     2 af_func_201_18_I14:mux_af_func_116_19 ( mux_86_16 ) 
     2 ctl_af_116_10656 ( case_box_5057 ) 
     2 af_func_201_18_I15:mux_af_func_116_19 ( mux_9192_34 ) 
     2 ctl_af_116_10658 ( case_box_5054_1 ) 
     2 af_func_201_18_I17:mux_af_func_116_19 ( mux_9192_35 ) 
     2 ctl_af_116_10660 ( case_box_5051_1 ) 
     2 af_func_201_18_I18:mux_af_func_116_19 ( mux_86_21 ) 
     2 ctl_af_116_10662 ( case_box_5048_1 ) 
     2 af_func_201_18_I19:mux_af_func_116_19 ( mux_86_22 ) 
     2 ctl_af_116_10664 ( case_box_5045_1 ) 
     2 af_func_201_18_I20:mux_af_func_116_19 ( mux_86_23 ) 
     2 ctl_af_116_10666 ( case_box_5042_1 ) 
     2 af_func_201_18_I21:mux_af_func_116_19 ( mux_9192_36 ) 
     2 ctl_af_116_10668 ( case_box_5039_1 ) 
     2 af_func_201_18_I22:mux_af_func_116_19 ( mux_86_24 ) 
     2 ctl_af_116_10670 ( case_box_5016_1 ) 
     2 af_func_201_18_I23:mux_af_func_116_19 ( mux_86_25 ) 
     2 ctl_af_116_10672 ( case_box_5033_1 ) 
     2 af_func_201_18_I24:mux_af_func_116_19 ( mux_86_26 ) 
     2 ctl_af_116_10674 ( case_box_5030_1 ) 
     2 af_func_201_18_I25:mux_af_func_116_19 ( mux_9192_37 ) 
     2 ctl_af_116_10676 ( case_box_5027_1 ) 
     2 af_func_201_18_I26:mux_af_func_116_19 ( mux_9192_38 ) 
     2 ctl_af_116_10678 ( case_box_5024_1 ) 
     2 af_func_201_18_I27:mux_af_func_116_19 ( mux_9192_39 ) 
     2 ctl_af_116_10680 ( case_box_5021_1 ) 
     2 af_func_201_18_I28:mux_af_func_116_19 ( mux_86_27 ) 
     2 ctl_af_116_10682 ( case_box_5018_1 ) 
     2 af_func_201_18_I29:mux_af_func_116_19 ( mux_9192_40 ) 
     2 ctl_af_116_10684 ( case_box_5036_1 ) 
     2 af_func_201_18_I30:mux_af_func_116_19 ( mux_86_28 ) 
     2 ctl_af_116_10686 ( case_box_5057_1 ) 
     2 af_func_201_18_I31:mux_af_func_116_19 ( mux_9192_41 ) 
  1 u_apb_ascon ( apb_ascon ) 
     2 u_trng ( trng_128b ) 
        3 ro ( RingOscillator ) 
           4 ro_invs_not_gate_0 ( xilinx_not ) 
              5 inst ( xilinx_primitive_not ) 
           4 ro_invs_not_gate_1 ( xilinx_not_1 ) 
              5 inst ( xilinx_primitive_not_1 ) 
           4 ro_invs_not_gate_2 ( xilinx_not_2 ) 
              5 inst ( xilinx_primitive_not_2 ) 
           4 ro_invs_not_gate_3 ( xilinx_not_3 ) 
              5 inst ( xilinx_primitive_not_3 ) 
           4 ro_invs_not_gate_4 ( xilinx_not_4 ) 
              5 inst ( xilinx_primitive_not_4 ) 
           4 ro_invs_not_gate_5 ( xilinx_not_5 ) 
              5 inst ( xilinx_primitive_not_5 ) 
           4 ro_nand_nand_gate_0 ( xilinx_nand ) 
              5 inst ( xilinx_primitive_nand ) 
        3 rg ( RingGenerator ) 
           4 mux_61_29 ( bmux_108_359 ) 
        3 eq_23_26 ( equal_unsigned_8797_24 ) 
        3 add_26_38 ( add_unsigned_8799_23 ) 
        3 mux_32_23 ( bmux_14254 ) 
     2 u_ascon ( ascon_core ) 
        3 g1410 ( xor_op_5340 ) 
        3 g1411 ( xor_op_5341 ) 
        3 g1412 ( xor_op_5342 ) 
        3 g1413 ( xor_op_5343 ) 
        3 g1414 ( xor_op_5344 ) 
        3 g1415 ( xor_op_5345 ) 
        3 g1416 ( xor_op_5346 ) 
        3 g1417 ( xor_op_5347 ) 
        3 g1418 ( xor_op_5348 ) 
        3 g1419 ( xor_op_5349 ) 
        3 g1420 ( xor_op_5350 ) 
        3 g1422 ( xor_op_5351 ) 
        3 g1425 ( xor_op_5353 ) 
        3 g1428 ( xor_op_5356 ) 
        3 g1429 ( xor_op_5357 ) 
        3 eq_127_31 ( equal_unsigned_8455_39 ) 
        3 eq_210_41 ( equal_unsigned_162_414 ) 
        3 eq_208_41 ( equal_unsigned_162_415 ) 
        3 eq_207_41 ( equal_unsigned_255_121 ) 
        3 eq_144_38 ( equal_unsigned_82_292 ) 
        3 eq_153_42 ( equal_unsigned_78_30 ) 
        3 eq_191_45 ( equal_unsigned_70_38 ) 
        3 add_138_40 ( add_unsigned_8819_78 ) 
        3 eq_159_69 ( equal_unsigned_82_293 ) 
        3 eq_159_93 ( equal_unsigned_82_294 ) 
        3 add_216_56 ( add_unsigned_1931_271 ) 
        3 neq_98_34 ( nequal_unsigned_68_5 ) 
        3 mux_round_159_81 ( bmux_2_1401 ) 
        3 mux_round_174_31 ( bmux_108_360 ) 
        3 ctl_175_29 ( case_box_5360 ) 
        3 mux_cmbsop_done_175_29 ( mux_225_1 ) 
        3 mux_state_119_34 ( bmux_14294 ) 
        3 ctl_round_56_15 ( case_box_5361 ) 
        3 mux_cr_56_15 ( mux_14295 ) 
        3 mux_state_128_34 ( bmux_14254_2 ) 
        3 mux_state_127_31 ( bmux_14254_3 ) 
        3 mux_state_153_42 ( bmux_14254_4 ) 
        3 mux_state_144_38 ( bmux_14299 ) 
        3 mux_state_191_45 ( bmux_6472 ) 
        3 ctl_latched_cmd_175_29 ( case_box_5364 ) 
        3 mux_state_175_29 ( mux_84_29 ) 
        3 mux_state_174_31 ( bmux_6473 ) 
        3 mux_state_113_19 ( bmux_14303 ) 
        3 mux_done_174_31 ( bmux_6474 ) 
        3 mux_done_210_41 ( bmux_6475 ) 
        3 mux_done_205_31 ( bmux_6476 ) 
        3 ctl_fsm_state_113_19 ( case_box_5367 ) 
        3 mux_done_113_19 ( mux_84_30 ) 
        3 mux_ready_115_25 ( bmux_6478 ) 
        3 mux_ready_144_38 ( bmux_6479 ) 
        3 mux_ready_143_25 ( bmux_6480 ) 
        3 mux_ready_113_19 ( bmux_14313 ) 
        3 mux_squeeze_cnt_113_19 ( mux_2089_17 ) 
        3 mux_round_113_19 ( bmux_14319 ) 
        3 mux_fsm_state_113_19 ( mux_26_4 ) 
        3 mux_fsm_state_113_1645 ( bmux_10038_1 ) 
     2 eq_74_52 ( equal_unsigned_11945_1 ) 
     2 eq_74_30 ( equal_unsigned_9403_9 ) 
     2 eq_75_30 ( equal_unsigned_10568_6 ) 
     2 eq_75_52 ( equal_unsigned_10568_7 ) 
     2 eq_76_30 ( equal_unsigned_10568_8 ) 
     2 eq_76_52 ( equal_unsigned_10568_9 ) 
     2 eq_77_30 ( equal_unsigned_11959_5 ) 
     2 eq_77_52 ( equal_unsigned_11959_6 ) 
     2 eq_78_30 ( equal_unsigned_11959_7 ) 
     2 eq_78_52 ( equal_unsigned_11959_8 ) 
     2 eq_79_30 ( equal_unsigned_11959_9 ) 
     2 eq_79_52 ( equal_unsigned_11959_10 ) 
     2 eq_82_30 ( equal_unsigned_14349 ) 
     2 eq_82_52 ( equal_unsigned_14349_1 ) 
     2 eq_83_30 ( equal_unsigned_14349_2 ) 
     2 eq_83_52 ( equal_unsigned_14349_3 ) 
     2 eq_84_30 ( equal_unsigned_14349_4 ) 
     2 eq_84_52 ( equal_unsigned_14349_5 ) 
     2 eq_85_30 ( equal_unsigned_14349_6 ) 
     2 eq_85_52 ( equal_unsigned_14349_7 ) 
     2 eq_86_30 ( equal_unsigned_14349_8 ) 
     2 eq_86_52 ( equal_unsigned_14349_9 ) 
     2 eq_87_30 ( equal_unsigned_14349_10 ) 
     2 eq_87_52 ( equal_unsigned_14349_11 ) 
     2 eq_88_30 ( equal_unsigned_14349_12 ) 
     2 eq_88_52 ( equal_unsigned_14349_13 ) 
     2 mux_ctrl_reg_100_22 ( bmux_2_1403 ) 
     2 mux_162_35 ( bmux_46_715 ) 
     2 mux_163_35 ( bmux_46_716 ) 
     2 mux_164_35 ( bmux_46_717 ) 
     2 mux_165_35 ( bmux_46_718 ) 
     2 ctl_PADDR_156_15 ( case_box_5413 ) 
     2 mux_prdata_reg_156_15 ( mux_14395 ) 
     2 mux_179_24 ( bmux_46_719 ) 
     2 ctl_PADDR_101_19 ( case_box_5414 ) 
  1 u_axi_apb_dma ( axi_apb_dma ) 
     2 u_dma_engine ( dma_engine_N_CH4_N_CH_W2_ADDR_W32_LEN_W4_ID_W4_FIFO_DEPTH16_MAX_BURST64_BURST_W7_TOKEN_W4_OUT_W4_TIMEOUT_W12_PERIPH_NUM_W5_LEN_FIELD_W16_APB_ADDR_W14_DEF_TOKENS4_DEF_OUTS4 ) 
        3 gen_ch[0].u_ch ( dma_channel_ADDR_W32_LEN_W4_ID_W4_N_CH_W2_CH_IDX0_FIFO_DEPTH16_MAX_BURST64_BURST_W7_TOKEN_W4_OUT_W4_TIMEOUT_W12_PERIPH_NUM_W5_LEN_FIELD_W16 ) 
           4 u_data_fifo ( sync_ff_DATA_W32_DEPTH16_AFULL_TH4_AEMPTY_TH1_OUTREG0_PTR_W4 ) 
              5 sub_166_44 ( sub_unsigned_10487_6 ) 
              5 eq_172_38 ( equal_unsigned_1052_200 ) 
              5 eq_173_38 ( equal_unsigned_8_22 ) 
              5 gte_174_38 ( geq_unsigned_14405 ) 
              5 lte_175_38 ( leq_unsigned_14408 ) 
              5 add_158_34 ( add_unsigned_9411_20 ) 
              5 add_161_34 ( add_unsigned_9411_21 ) 
              5 mux_mem[rd_ptr]_191_30 ( bmux_1784_1 ) 
              5 ctl_wr_ptr_157_17 ( case_box_5434 ) 
           4 g1 ( or_op_5435 ) 
           4 g2 ( or_op_5436 ) 
           4 g3 ( or_op_5437 ) 
           4 mux_periph_req_ext_305_34 ( bmux_11346_4 ) 
           4 eq_265_28 ( equal_unsigned_70_39 ) 
           4 eq_499_34 ( equal_unsigned_70_40 ) 
           4 neq_500_38 ( nequal_unsigned_14422 ) 
           4 neq_177_29 ( nequal_unsigned_14422_1 ) 
           4 neq_175_45 ( nequal_unsigned_74_1 ) 
           4 eq_176_47 ( equal_unsigned_137_8 ) 
           4 neq_256_37 ( nequal_unsigned_8803_9 ) 
           4 gte_257_30 ( geq_unsigned_11890_4 ) 
           4 gte_390_51 ( geq_unsigned_1 ) 
           4 add_390_75 ( add_unsigned_14438 ) 
           4 add_361_26 ( add_unsigned_343_3 ) 
           4 eq_299_33 ( equal_unsigned_2000_12 ) 
           4 neq_300_29 ( nequal_unsigned_8803_10 ) 
           4 eq_301_32 ( equal_unsigned_9337_9 ) 
           4 add_270_43 ( add_unsigned_8819_79 ) 
           4 eq_468_33 ( equal_unsigned_2000_13 ) 
           4 sub_272_60 ( sub_unsigned_10534_1 ) 
           4 eq_525_55 ( equal_unsigned_78_31 ) 
           4 neq_526_38 ( nequal_unsigned_14422_2 ) 
           4 neq_258_37 ( nequal_unsigned_8803_11 ) 
           4 gte_259_30 ( geq_unsigned_11890_5 ) 
           4 gte_391_44 ( geq_unsigned_14464 ) 
           4 add_363_26 ( add_unsigned_343_4 ) 
           4 add_277_43 ( add_unsigned_8819_80 ) 
           4 eq_469_33 ( equal_unsigned_2000_14 ) 
           4 sub_279_60 ( sub_unsigned_10534_2 ) 
           4 eq_576_28 ( equal_unsigned_78_32 ) 
           4 eq_294_31 ( equal_unsigned_2000_15 ) 
           4 sub_294_78 ( sub_unsigned_10534_3 ) 
           4 add_296_30 ( add_unsigned_8819_81 ) 
           4 neq_316_48 ( nequal_unsigned_6_14 ) 
           4 sub_320_57 ( sub_unsigned_14484 ) 
           4 sll_320_38 ( shift_left_vlog_unsigned_14486 ) 
           4 add_387_26 ( add_unsigned_14488 ) 
           4 sub_388_26 ( sub_unsigned_10487_7 ) 
           4 neq_393_52 ( nequal_unsigned_149_15 ) 
           4 eq_438_44 ( equal_unsigned_162_416 ) 
           4 neq_392_52 ( nequal_unsigned_149_16 ) 
           4 eq_435_44 ( equal_unsigned_162_417 ) 
           4 eq_410_59 ( equal_unsigned_9337_10 ) 
           4 neq_444_65 ( nequal_unsigned_149_17 ) 
           4 eq_446_41 ( equal_unsigned_9337_11 ) 
           4 eq_448_42 ( equal_unsigned_11894_1 ) 
           4 sub_184_47 ( sub_unsigned_14508 ) 
           4 lt_192_25 ( lt_unsigned_1280_6 ) 
           4 add_233_44 ( add_unsigned_9011_56 ) 
           4 lt_188_24 ( lt_unsigned_1280_7 ) 
           4 add_234_30 ( add_unsigned_131_6 ) 
           4 add_235_30 ( add_unsigned_131_7 ) 
           4 sub_185_47 ( sub_unsigned_14508_1 ) 
           4 lt_194_25 ( lt_unsigned_1280_8 ) 
           4 add_237_44 ( add_unsigned_9011_57 ) 
           4 lt_190_24 ( lt_unsigned_1280_9 ) 
           4 add_238_30 ( add_unsigned_131_8 ) 
           4 add_239_30 ( add_unsigned_131_9 ) 
           4 sub_242_32 ( sub_unsigned_14536 ) 
           4 sub_244_32 ( sub_unsigned_14536_1 ) 
           4 sub_246_32 ( sub_unsigned_14536_2 ) 
           4 sub_248_32 ( sub_unsigned_14536_3 ) 
           4 add_496_54 ( add_unsigned_1931_272 ) 
           4 add_518_54 ( add_unsigned_1931_273 ) 
           4 eq_207_46 ( equal_unsigned_8_23 ) 
           4 sub_209_47 ( sub_unsigned_10534_4 ) 
           4 eq_556_33 ( equal_unsigned_2000_16 ) 
           4 sub_565_48 ( sub_unsigned_10534_5 ) 
           4 neq_575_28 ( nequal_unsigned_68_6 ) 
           4 eq_202_46 ( equal_unsigned_8_24 ) 
           4 sub_204_47 ( sub_unsigned_10534_6 ) 
           4 gt_168_30 ( gt_unsigned_14563 ) 
           4 eq_166_24 ( equal_unsigned_137_9 ) 
           4 sub_357_53 ( sub_unsigned_10487_8 ) 
           4 neq_388_75 ( nequal_unsigned_6_15 ) 
           4 mux_166_24 ( bmux_1884_288 ) 
           4 mux_410_47 ( bmux_6484 ) 
           4 mux_416_38 ( bmux_6485 ) 
           4 mux_438_44 ( bmux_2_1404 ) 
           4 mux_435_44 ( bmux_2_1405 ) 
           4 mux_err_437_25 ( bmux_2_1406 ) 
           4 mux_err_440_25 ( bmux_2_1407 ) 
           4 ctl_state_406_19 ( case_box_5455 ) 
           4 mux_err_406_19 ( mux_2083_7 ) 
           4 mux_271_44 ( bmux_108_363 ) 
           4 mux_rd_outs_269_13 ( bmux_109_5 ) 
           4 mux_234_9 ( bmux_46_720 ) 
           4 mux_233_9 ( bmux_46_721 ) 
           4 mux_188_24 ( bmux_45_26 ) 
           4 mux_202_46 ( bmux_108_366 ) 
           4 mux_387_29 ( bmux_221_44 ) 
           4 mux_294_31 ( bmux_108_367 ) 
           4 mux_tokens_293_30 ( bmux_108_368 ) 
           4 mux_tokens_291_37 ( bmux_108_369 ) 
           4 mux_238_9 ( bmux_46_723 ) 
           4 mux_237_9 ( bmux_46_724 ) 
           4 mux_wr_addr_406_19 ( mux_4171_8 ) 
           4 mux_190_24 ( bmux_45_27 ) 
           4 mux_247_9 ( bmux_45_28 ) 
           4 mux_246_9 ( bmux_45_29 ) 
           4 mux_wr_remain_406_19 ( mux_14607 ) 
           4 mux_243_9 ( bmux_45_31 ) 
           4 mux_242_9 ( bmux_45_32 ) 
           4 mux_rd_remain_406_19 ( mux_10117_2 ) 
           4 mux_state_442_25 ( bmux_6486 ) 
           4 mux_278_44 ( bmux_108_371 ) 
           4 mux_wr_outs_276_13 ( bmux_109_6 ) 
           4 mux_state_406_19 ( bmux_14618 ) 
           4 mux_207_46 ( bmux_108_374 ) 
           4 mux_wr_dat_active_558_25 ( bmux_6487 ) 
           4 mux_rd_addr_406_19 ( mux_204_126 ) 
           4 mux_wr_beat_cnt_556_33 ( bmux_108_375 ) 
           4 mux_wr_beat_cnt_551_32 ( bmux_108_376 ) 
           4 mux_192_25 ( bmux_6552 ) 
           4 mux_194_25 ( bmux_6553 ) 
           4 mux_168_30 ( bmux_6554 ) 
        3 gen_ch[1].u_ch ( dma_channel_ADDR_W32_LEN_W4_ID_W4_N_CH_W2_CH_IDX1_FIFO_DEPTH16_MAX_BURST64_BURST_W7_TOKEN_W4_OUT_W4_TIMEOUT_W12_PERIPH_NUM_W5_LEN_FIELD_W16 ) 
           4 u_data_fifo ( sync_ff_DATA_W32_DEPTH16_AFULL_TH4_AEMPTY_TH1_OUTREG0_PTR_W4_1 ) 
              5 sub_166_44 ( sub_unsigned_10487_9 ) 
              5 eq_172_38 ( equal_unsigned_1052_201 ) 
              5 eq_173_38 ( equal_unsigned_8_25 ) 
              5 gte_174_38 ( geq_unsigned_14405_1 ) 
              5 lte_175_38 ( leq_unsigned_14408_1 ) 
              5 add_158_34 ( add_unsigned_9411_22 ) 
              5 add_161_34 ( add_unsigned_9411_23 ) 
              5 mux_mem[rd_ptr]_191_30 ( bmux_1784_2 ) 
              5 ctl_wr_ptr_157_17 ( case_box_5434_1 ) 
           4 g1 ( or_op_5457 ) 
           4 g2 ( or_op_5458 ) 
           4 g3 ( or_op_5459 ) 
           4 mux_periph_req_ext_305_34 ( bmux_11346_5 ) 
           4 eq_265_28 ( equal_unsigned_70_41 ) 
           4 eq_499_34 ( equal_unsigned_70_42 ) 
           4 neq_500_38 ( nequal_unsigned_14422_3 ) 
           4 neq_177_29 ( nequal_unsigned_14422_4 ) 
           4 neq_175_45 ( nequal_unsigned_74_2 ) 
           4 eq_176_47 ( equal_unsigned_137_10 ) 
           4 neq_256_37 ( nequal_unsigned_8803_12 ) 
           4 gte_257_30 ( geq_unsigned_11890_6 ) 
           4 gte_390_51 ( geq_unsigned_2 ) 
           4 add_390_75 ( add_unsigned_14438_1 ) 
           4 add_361_26 ( add_unsigned_343_5 ) 
           4 eq_299_33 ( equal_unsigned_2000_17 ) 
           4 neq_300_29 ( nequal_unsigned_8803_13 ) 
           4 eq_301_32 ( equal_unsigned_9337_12 ) 
           4 add_270_43 ( add_unsigned_8819_82 ) 
           4 eq_468_33 ( equal_unsigned_2000_18 ) 
           4 sub_272_60 ( sub_unsigned_10534_7 ) 
           4 eq_525_55 ( equal_unsigned_78_33 ) 
           4 neq_526_38 ( nequal_unsigned_14422_5 ) 
           4 neq_258_37 ( nequal_unsigned_8803_14 ) 
           4 gte_259_30 ( geq_unsigned_11890_7 ) 
           4 gte_391_44 ( geq_unsigned_14464_1 ) 
           4 add_363_26 ( add_unsigned_343_6 ) 
           4 add_277_43 ( add_unsigned_8819_83 ) 
           4 eq_469_33 ( equal_unsigned_2000_19 ) 
           4 sub_279_60 ( sub_unsigned_10534_8 ) 
           4 eq_576_28 ( equal_unsigned_78_34 ) 
           4 eq_294_31 ( equal_unsigned_2000_20 ) 
           4 sub_294_78 ( sub_unsigned_10534_9 ) 
           4 add_296_30 ( add_unsigned_8819_84 ) 
           4 neq_316_48 ( nequal_unsigned_6_16 ) 
           4 sub_320_57 ( sub_unsigned_14484_1 ) 
           4 sll_320_38 ( shift_left_vlog_unsigned_14486_1 ) 
           4 add_387_26 ( add_unsigned_14488_1 ) 
           4 sub_388_26 ( sub_unsigned_10487_10 ) 
           4 neq_393_52 ( nequal_unsigned_149_18 ) 
           4 eq_438_44 ( equal_unsigned_162_418 ) 
           4 neq_392_52 ( nequal_unsigned_149_19 ) 
           4 eq_435_44 ( equal_unsigned_162_419 ) 
           4 eq_410_59 ( equal_unsigned_9337_13 ) 
           4 neq_444_65 ( nequal_unsigned_149_20 ) 
           4 eq_446_41 ( equal_unsigned_9337_14 ) 
           4 eq_448_42 ( equal_unsigned_11894_2 ) 
           4 sub_184_47 ( sub_unsigned_14508_2 ) 
           4 lt_192_25 ( lt_unsigned_1280_10 ) 
           4 add_233_44 ( add_unsigned_9011_58 ) 
           4 lt_188_24 ( lt_unsigned_1280_11 ) 
           4 add_234_30 ( add_unsigned_131_10 ) 
           4 add_235_30 ( add_unsigned_131_11 ) 
           4 sub_185_47 ( sub_unsigned_14508_3 ) 
           4 lt_194_25 ( lt_unsigned_1280_12 ) 
           4 add_237_44 ( add_unsigned_9011_59 ) 
           4 lt_190_24 ( lt_unsigned_1280_13 ) 
           4 add_238_30 ( add_unsigned_131_12 ) 
           4 add_239_30 ( add_unsigned_131_13 ) 
           4 sub_242_32 ( sub_unsigned_14536_4 ) 
           4 sub_244_32 ( sub_unsigned_14536_5 ) 
           4 sub_246_32 ( sub_unsigned_14536_6 ) 
           4 sub_248_32 ( sub_unsigned_14536_7 ) 
           4 add_496_54 ( add_unsigned_1931_274 ) 
           4 add_518_54 ( add_unsigned_1931_275 ) 
           4 eq_207_46 ( equal_unsigned_8_26 ) 
           4 sub_209_47 ( sub_unsigned_10534_10 ) 
           4 eq_556_33 ( equal_unsigned_2000_21 ) 
           4 sub_565_48 ( sub_unsigned_10534_11 ) 
           4 neq_575_28 ( nequal_unsigned_68_7 ) 
           4 eq_202_46 ( equal_unsigned_8_27 ) 
           4 sub_204_47 ( sub_unsigned_10534_12 ) 
           4 gt_168_30 ( gt_unsigned_14563_1 ) 
           4 eq_166_24 ( equal_unsigned_137_11 ) 
           4 sub_357_53 ( sub_unsigned_10487_11 ) 
           4 neq_388_75 ( nequal_unsigned_6_17 ) 
           4 mux_166_24 ( bmux_1884_290 ) 
           4 mux_410_47 ( bmux_6490 ) 
           4 mux_416_38 ( bmux_6491 ) 
           4 mux_438_44 ( bmux_2_1418 ) 
           4 mux_435_44 ( bmux_2_1419 ) 
           4 mux_err_437_25 ( bmux_2_1420 ) 
           4 mux_err_440_25 ( bmux_2_1421 ) 
           4 ctl_state_406_19 ( case_box_5477 ) 
           4 mux_err_406_19 ( mux_2083_8 ) 
           4 mux_271_44 ( bmux_108_378 ) 
           4 mux_rd_outs_269_13 ( bmux_109_7 ) 
           4 mux_234_9 ( bmux_46_728 ) 
           4 mux_233_9 ( bmux_46_729 ) 
           4 mux_188_24 ( bmux_45_34 ) 
           4 mux_202_46 ( bmux_108_381 ) 
           4 mux_387_29 ( bmux_221_49 ) 
           4 mux_294_31 ( bmux_108_382 ) 
           4 mux_tokens_293_30 ( bmux_108_383 ) 
           4 mux_tokens_291_37 ( bmux_108_384 ) 
           4 mux_238_9 ( bmux_46_731 ) 
           4 mux_237_9 ( bmux_46_732 ) 
           4 mux_wr_addr_406_19 ( mux_4171_9 ) 
           4 mux_190_24 ( bmux_45_35 ) 
           4 mux_247_9 ( bmux_45_36 ) 
           4 mux_246_9 ( bmux_45_37 ) 
           4 mux_wr_remain_406_19 ( mux_14607_1 ) 
           4 mux_243_9 ( bmux_45_39 ) 
           4 mux_242_9 ( bmux_45_40 ) 
           4 mux_rd_remain_406_19 ( mux_10117_3 ) 
           4 mux_state_442_25 ( bmux_6492 ) 
           4 mux_278_44 ( bmux_108_386 ) 
           4 mux_wr_outs_276_13 ( bmux_109_8 ) 
           4 mux_state_406_19 ( bmux_14618_1 ) 
           4 mux_207_46 ( bmux_108_389 ) 
           4 mux_wr_dat_active_558_25 ( bmux_6493 ) 
           4 mux_rd_addr_406_19 ( mux_204_127 ) 
           4 mux_wr_beat_cnt_556_33 ( bmux_108_390 ) 
           4 mux_wr_beat_cnt_551_32 ( bmux_108_391 ) 
           4 mux_192_25 ( bmux_6555 ) 
           4 mux_194_25 ( bmux_6558 ) 
           4 mux_168_30 ( bmux_6559 ) 
        3 gen_ch[2].u_ch ( dma_channel_ADDR_W32_LEN_W4_ID_W4_N_CH_W2_CH_IDX2_FIFO_DEPTH16_MAX_BURST64_BURST_W7_TOKEN_W4_OUT_W4_TIMEOUT_W12_PERIPH_NUM_W5_LEN_FIELD_W16 ) 
           4 u_data_fifo ( sync_ff_DATA_W32_DEPTH16_AFULL_TH4_AEMPTY_TH1_OUTREG0_PTR_W4_2 ) 
              5 sub_166_44 ( sub_unsigned_10487_12 ) 
              5 eq_172_38 ( equal_unsigned_1052_202 ) 
              5 eq_173_38 ( equal_unsigned_8_28 ) 
              5 gte_174_38 ( geq_unsigned_14405_2 ) 
              5 lte_175_38 ( leq_unsigned_14408_2 ) 
              5 add_158_34 ( add_unsigned_9411_24 ) 
              5 add_161_34 ( add_unsigned_9411_25 ) 
              5 mux_mem[rd_ptr]_191_30 ( bmux_1784_3 ) 
              5 ctl_wr_ptr_157_17 ( case_box_5434_2 ) 
           4 g1 ( or_op_5479 ) 
           4 g2 ( or_op_5480 ) 
           4 g3 ( or_op_5481 ) 
           4 mux_periph_req_ext_305_34 ( bmux_11346_6 ) 
           4 eq_265_28 ( equal_unsigned_70_43 ) 
           4 eq_499_34 ( equal_unsigned_70_44 ) 
           4 neq_500_38 ( nequal_unsigned_14422_6 ) 
           4 neq_177_29 ( nequal_unsigned_14422_7 ) 
           4 neq_175_45 ( nequal_unsigned_74_3 ) 
           4 eq_176_47 ( equal_unsigned_137_12 ) 
           4 neq_256_37 ( nequal_unsigned_8803_15 ) 
           4 gte_257_30 ( geq_unsigned_11890_8 ) 
           4 gte_390_51 ( geq_unsigned_3 ) 
           4 add_390_75 ( add_unsigned_14438_2 ) 
           4 add_361_26 ( add_unsigned_343_7 ) 
           4 eq_299_33 ( equal_unsigned_2000_22 ) 
           4 neq_300_29 ( nequal_unsigned_8803_16 ) 
           4 eq_301_32 ( equal_unsigned_9337_15 ) 
           4 add_270_43 ( add_unsigned_8819_85 ) 
           4 eq_468_33 ( equal_unsigned_2000_23 ) 
           4 sub_272_60 ( sub_unsigned_10534_13 ) 
           4 eq_525_55 ( equal_unsigned_78_35 ) 
           4 neq_526_38 ( nequal_unsigned_14422_8 ) 
           4 neq_258_37 ( nequal_unsigned_8803_17 ) 
           4 gte_259_30 ( geq_unsigned_11890_9 ) 
           4 gte_391_44 ( geq_unsigned_14464_2 ) 
           4 add_363_26 ( add_unsigned_343_8 ) 
           4 add_277_43 ( add_unsigned_8819_86 ) 
           4 eq_469_33 ( equal_unsigned_2000_24 ) 
           4 sub_279_60 ( sub_unsigned_10534_14 ) 
           4 eq_576_28 ( equal_unsigned_78_36 ) 
           4 eq_294_31 ( equal_unsigned_2000_25 ) 
           4 sub_294_78 ( sub_unsigned_10534_15 ) 
           4 add_296_30 ( add_unsigned_8819_87 ) 
           4 neq_316_48 ( nequal_unsigned_6_18 ) 
           4 sub_320_57 ( sub_unsigned_14484_2 ) 
           4 sll_320_38 ( shift_left_vlog_unsigned_14486_2 ) 
           4 add_387_26 ( add_unsigned_14488_2 ) 
           4 sub_388_26 ( sub_unsigned_10487_13 ) 
           4 neq_393_52 ( nequal_unsigned_149_21 ) 
           4 eq_438_44 ( equal_unsigned_162_420 ) 
           4 neq_392_52 ( nequal_unsigned_149_22 ) 
           4 eq_435_44 ( equal_unsigned_162_421 ) 
           4 eq_410_59 ( equal_unsigned_9337_16 ) 
           4 neq_444_65 ( nequal_unsigned_149_23 ) 
           4 eq_446_41 ( equal_unsigned_9337_17 ) 
           4 eq_448_42 ( equal_unsigned_11894_3 ) 
           4 sub_184_47 ( sub_unsigned_14508_4 ) 
           4 lt_192_25 ( lt_unsigned_1280_14 ) 
           4 add_233_44 ( add_unsigned_9011_60 ) 
           4 lt_188_24 ( lt_unsigned_1280_15 ) 
           4 add_234_30 ( add_unsigned_131_14 ) 
           4 add_235_30 ( add_unsigned_131_15 ) 
           4 sub_185_47 ( sub_unsigned_14508_5 ) 
           4 lt_194_25 ( lt_unsigned_1280_16 ) 
           4 add_237_44 ( add_unsigned_9011_61 ) 
           4 lt_190_24 ( lt_unsigned_1280_17 ) 
           4 add_238_30 ( add_unsigned_131_16 ) 
           4 add_239_30 ( add_unsigned_131_17 ) 
           4 sub_242_32 ( sub_unsigned_14536_8 ) 
           4 sub_244_32 ( sub_unsigned_14536_9 ) 
           4 sub_246_32 ( sub_unsigned_14536_10 ) 
           4 sub_248_32 ( sub_unsigned_14536_11 ) 
           4 add_496_54 ( add_unsigned_1931_276 ) 
           4 add_518_54 ( add_unsigned_1931_277 ) 
           4 eq_207_46 ( equal_unsigned_8_29 ) 
           4 sub_209_47 ( sub_unsigned_10534_16 ) 
           4 eq_556_33 ( equal_unsigned_2000_26 ) 
           4 sub_565_48 ( sub_unsigned_10534_17 ) 
           4 neq_575_28 ( nequal_unsigned_68_8 ) 
           4 eq_202_46 ( equal_unsigned_8_30 ) 
           4 sub_204_47 ( sub_unsigned_10534_18 ) 
           4 gt_168_30 ( gt_unsigned_14563_2 ) 
           4 eq_166_24 ( equal_unsigned_137_13 ) 
           4 sub_357_53 ( sub_unsigned_10487_14 ) 
           4 neq_388_75 ( nequal_unsigned_6_19 ) 
           4 mux_166_24 ( bmux_1884_292 ) 
           4 mux_410_47 ( bmux_6496 ) 
           4 mux_416_38 ( bmux_6497 ) 
           4 mux_438_44 ( bmux_2_1432 ) 
           4 mux_435_44 ( bmux_2_1433 ) 
           4 mux_err_437_25 ( bmux_2_1434 ) 
           4 mux_err_440_25 ( bmux_2_1435 ) 
           4 ctl_state_406_19 ( case_box_5499 ) 
           4 mux_err_406_19 ( mux_2083_9 ) 
           4 mux_271_44 ( bmux_108_393 ) 
           4 mux_rd_outs_269_13 ( bmux_109_9 ) 
           4 mux_234_9 ( bmux_46_736 ) 
           4 mux_233_9 ( bmux_46_737 ) 
           4 mux_188_24 ( bmux_45_42 ) 
           4 mux_202_46 ( bmux_108_396 ) 
           4 mux_387_29 ( bmux_221_54 ) 
           4 mux_294_31 ( bmux_108_397 ) 
           4 mux_tokens_293_30 ( bmux_108_398 ) 
           4 mux_tokens_291_37 ( bmux_108_399 ) 
           4 mux_238_9 ( bmux_46_739 ) 
           4 mux_237_9 ( bmux_46_740 ) 
           4 mux_wr_addr_406_19 ( mux_4171_10 ) 
           4 mux_190_24 ( bmux_45_43 ) 
           4 mux_247_9 ( bmux_45_44 ) 
           4 mux_246_9 ( bmux_45_45 ) 
           4 mux_wr_remain_406_19 ( mux_14607_2 ) 
           4 mux_243_9 ( bmux_45_47 ) 
           4 mux_242_9 ( bmux_45_48 ) 
           4 mux_rd_remain_406_19 ( mux_10117_4 ) 
           4 mux_state_442_25 ( bmux_6498 ) 
           4 mux_278_44 ( bmux_108_401 ) 
           4 mux_wr_outs_276_13 ( bmux_109_10 ) 
           4 mux_state_406_19 ( bmux_14618_2 ) 
           4 mux_207_46 ( bmux_108_404 ) 
           4 mux_wr_dat_active_558_25 ( bmux_6499 ) 
           4 mux_rd_addr_406_19 ( mux_204_128 ) 
           4 mux_wr_beat_cnt_556_33 ( bmux_108_405 ) 
           4 mux_wr_beat_cnt_551_32 ( bmux_108_406 ) 
           4 mux_192_25 ( bmux_6560 ) 
           4 mux_194_25 ( bmux_6561 ) 
           4 mux_168_30 ( bmux_6562 ) 
        3 gen_ch[3].u_ch ( dma_channel_ADDR_W32_LEN_W4_ID_W4_N_CH_W2_CH_IDX3_FIFO_DEPTH16_MAX_BURST64_BURST_W7_TOKEN_W4_OUT_W4_TIMEOUT_W12_PERIPH_NUM_W5_LEN_FIELD_W16 ) 
           4 u_data_fifo ( sync_ff_DATA_W32_DEPTH16_AFULL_TH4_AEMPTY_TH1_OUTREG0_PTR_W4_3 ) 
              5 sub_166_44 ( sub_unsigned_10487_15 ) 
              5 eq_172_38 ( equal_unsigned_1052_203 ) 
              5 eq_173_38 ( equal_unsigned_8_31 ) 
              5 gte_174_38 ( geq_unsigned_14405_3 ) 
              5 lte_175_38 ( leq_unsigned_14408_3 ) 
              5 add_158_34 ( add_unsigned_9411_26 ) 
              5 add_161_34 ( add_unsigned_9411_27 ) 
              5 mux_mem[rd_ptr]_191_30 ( bmux_1784_4 ) 
              5 ctl_wr_ptr_157_17 ( case_box_5434_3 ) 
           4 g1 ( or_op_5501 ) 
           4 g2 ( or_op_5502 ) 
           4 g3 ( or_op_5503 ) 
           4 mux_periph_req_ext_305_34 ( bmux_11346_7 ) 
           4 eq_265_28 ( equal_unsigned_70_45 ) 
           4 eq_499_34 ( equal_unsigned_70_46 ) 
           4 neq_500_38 ( nequal_unsigned_14422_9 ) 
           4 neq_177_29 ( nequal_unsigned_14422_10 ) 
           4 neq_175_45 ( nequal_unsigned_74_4 ) 
           4 eq_176_47 ( equal_unsigned_137_14 ) 
           4 neq_256_37 ( nequal_unsigned_8803_18 ) 
           4 gte_257_30 ( geq_unsigned_11890_10 ) 
           4 gte_390_51 ( geq_unsigned_4 ) 
           4 add_390_75 ( add_unsigned_14438_3 ) 
           4 add_361_26 ( add_unsigned_343_9 ) 
           4 eq_299_33 ( equal_unsigned_2000_27 ) 
           4 neq_300_29 ( nequal_unsigned_8803_19 ) 
           4 eq_301_32 ( equal_unsigned_9337_18 ) 
           4 add_270_43 ( add_unsigned_8819_88 ) 
           4 eq_468_33 ( equal_unsigned_2000_28 ) 
           4 sub_272_60 ( sub_unsigned_10534_19 ) 
           4 eq_525_55 ( equal_unsigned_78_37 ) 
           4 neq_526_38 ( nequal_unsigned_14422_11 ) 
           4 neq_258_37 ( nequal_unsigned_8803_20 ) 
           4 gte_259_30 ( geq_unsigned_11890_11 ) 
           4 gte_391_44 ( geq_unsigned_14464_3 ) 
           4 add_363_26 ( add_unsigned_343_10 ) 
           4 add_277_43 ( add_unsigned_8819_89 ) 
           4 eq_469_33 ( equal_unsigned_2000_29 ) 
           4 sub_279_60 ( sub_unsigned_10534_20 ) 
           4 eq_576_28 ( equal_unsigned_78_38 ) 
           4 eq_294_31 ( equal_unsigned_2000_30 ) 
           4 sub_294_78 ( sub_unsigned_10534_21 ) 
           4 add_296_30 ( add_unsigned_8819_90 ) 
           4 neq_316_48 ( nequal_unsigned_6_20 ) 
           4 sub_320_57 ( sub_unsigned_14484_3 ) 
           4 sll_320_38 ( shift_left_vlog_unsigned_14486_3 ) 
           4 add_387_26 ( add_unsigned_14488_3 ) 
           4 sub_388_26 ( sub_unsigned_10487_16 ) 
           4 neq_393_52 ( nequal_unsigned_149_24 ) 
           4 eq_438_44 ( equal_unsigned_162_422 ) 
           4 neq_392_52 ( nequal_unsigned_149_25 ) 
           4 eq_435_44 ( equal_unsigned_162_423 ) 
           4 eq_410_59 ( equal_unsigned_9337_19 ) 
           4 neq_444_65 ( nequal_unsigned_149_26 ) 
           4 eq_446_41 ( equal_unsigned_9337_20 ) 
           4 eq_448_42 ( equal_unsigned_11894_4 ) 
           4 sub_184_47 ( sub_unsigned_14508_6 ) 
           4 lt_192_25 ( lt_unsigned_1280_18 ) 
           4 add_233_44 ( add_unsigned_9011_62 ) 
           4 lt_188_24 ( lt_unsigned_1280_19 ) 
           4 add_234_30 ( add_unsigned_131_18 ) 
           4 add_235_30 ( add_unsigned_131_19 ) 
           4 sub_185_47 ( sub_unsigned_14508_7 ) 
           4 lt_194_25 ( lt_unsigned_1280_20 ) 
           4 add_237_44 ( add_unsigned_9011_63 ) 
           4 lt_190_24 ( lt_unsigned_1280_21 ) 
           4 add_238_30 ( add_unsigned_131_20 ) 
           4 add_239_30 ( add_unsigned_131_21 ) 
           4 sub_242_32 ( sub_unsigned_14536_12 ) 
           4 sub_244_32 ( sub_unsigned_14536_13 ) 
           4 sub_246_32 ( sub_unsigned_14536_14 ) 
           4 sub_248_32 ( sub_unsigned_14536_15 ) 
           4 add_496_54 ( add_unsigned_1931_278 ) 
           4 add_518_54 ( add_unsigned_1931_279 ) 
           4 eq_207_46 ( equal_unsigned_8_32 ) 
           4 sub_209_47 ( sub_unsigned_10534_22 ) 
           4 eq_556_33 ( equal_unsigned_2000_31 ) 
           4 sub_565_48 ( sub_unsigned_10534_23 ) 
           4 neq_575_28 ( nequal_unsigned_68_9 ) 
           4 eq_202_46 ( equal_unsigned_8_33 ) 
           4 sub_204_47 ( sub_unsigned_10534_24 ) 
           4 gt_168_30 ( gt_unsigned_14563_3 ) 
           4 eq_166_24 ( equal_unsigned_137_15 ) 
           4 sub_357_53 ( sub_unsigned_10487_17 ) 
           4 neq_388_75 ( nequal_unsigned_6_21 ) 
           4 mux_166_24 ( bmux_1884_294 ) 
           4 mux_410_47 ( bmux_6502 ) 
           4 mux_416_38 ( bmux_6503 ) 
           4 mux_438_44 ( bmux_2_1446 ) 
           4 mux_435_44 ( bmux_2_1447 ) 
           4 mux_err_437_25 ( bmux_2_1448 ) 
           4 mux_err_440_25 ( bmux_2_1449 ) 
           4 ctl_state_406_19 ( case_box_5521 ) 
           4 mux_err_406_19 ( mux_2083_10 ) 
           4 mux_271_44 ( bmux_108_408 ) 
           4 mux_rd_outs_269_13 ( bmux_109_11 ) 
           4 mux_234_9 ( bmux_46_744 ) 
           4 mux_233_9 ( bmux_46_745 ) 
           4 mux_188_24 ( bmux_45_50 ) 
           4 mux_202_46 ( bmux_108_411 ) 
           4 mux_387_29 ( bmux_221_59 ) 
           4 mux_294_31 ( bmux_108_412 ) 
           4 mux_tokens_293_30 ( bmux_108_413 ) 
           4 mux_tokens_291_37 ( bmux_108_414 ) 
           4 mux_238_9 ( bmux_46_747 ) 
           4 mux_237_9 ( bmux_46_748 ) 
           4 mux_wr_addr_406_19 ( mux_4171_11 ) 
           4 mux_190_24 ( bmux_45_51 ) 
           4 mux_247_9 ( bmux_45_52 ) 
           4 mux_246_9 ( bmux_45_53 ) 
           4 mux_wr_remain_406_19 ( mux_14607_3 ) 
           4 mux_243_9 ( bmux_45_55 ) 
           4 mux_242_9 ( bmux_45_56 ) 
           4 mux_rd_remain_406_19 ( mux_10117_5 ) 
           4 mux_state_442_25 ( bmux_6504 ) 
           4 mux_278_44 ( bmux_108_416 ) 
           4 mux_wr_outs_276_13 ( bmux_109_12 ) 
           4 mux_state_406_19 ( bmux_14618_3 ) 
           4 mux_207_46 ( bmux_108_419 ) 
           4 mux_wr_dat_active_558_25 ( bmux_6505 ) 
           4 mux_rd_addr_406_19 ( mux_204_129 ) 
           4 mux_wr_beat_cnt_556_33 ( bmux_108_420 ) 
           4 mux_wr_beat_cnt_551_32 ( bmux_108_421 ) 
           4 mux_192_25 ( bmux_6563 ) 
           4 mux_194_25 ( bmux_6603 ) 
           4 mux_168_30 ( bmux_6604 ) 
        3 u_rd_arb ( arbiter_iwrr_1cycle_P_REQUESTER_NUM4_P_REQUESTER_WEIGHTx00000001000000010000000100000001 ) 
           4 mux_req_i_55_21 ( mux_83_159 ) 
           4 decode_gint ( Decoder_2_3_0_5525 ) 
           4 mux_grant_candidate_56_21 ( bmux_6508 ) 
           4 mux_grant_candidate_56_2 ( bmux_6509 ) 
           4 mux_grant_candidate_56_3 ( bmux_6510 ) 
           4 mux_grant_candidate_56_4 ( bmux_6511 ) 
           4 mux_req_i_55_6 ( mux_83_160 ) 
           4 decode_gint7 ( Decoder_2_3_0_5532 ) 
           4 mux_grant_candidate_56_10 ( bmux_6512 ) 
           4 mux_grant_candidate_56_11 ( bmux_6513 ) 
           4 mux_grant_candidate_56_12 ( bmux_6514 ) 
           4 mux_grant_candidate_56_13 ( bmux_6515 ) 
           4 mux_req_i_55_15 ( mux_83_161 ) 
           4 decode_gint16 ( Decoder_2_3_0_5540 ) 
           4 mux_grant_candidate_56_19 ( bmux_6516 ) 
           4 mux_grant_candidate_56_20 ( bmux_6517 ) 
           4 mux_grant_candidate_56_22 ( bmux_6518 ) 
           4 mux_grant_candidate_56_23 ( bmux_6519 ) 
           4 mux_req_i_55_25 ( mux_83_162 ) 
           4 decode_gint26 ( Decoder_2_3_0_5548 ) 
           4 mux_grant_candidate_56_29 ( bmux_6520 ) 
           4 mux_grant_candidate_56_30 ( bmux_6521 ) 
           4 mux_grant_candidate_56_31 ( bmux_6522 ) 
           4 mux_grant_candidate_56_32 ( bmux_6523 ) 
           4 mux_grant_candidate_69_25 ( bmux_6524 ) 
           4 mux_grant_candidate_69_35 ( bmux_6525 ) 
           4 mux_grant_candidate_69_36 ( bmux_6526 ) 
           4 mux_grant_candidate_69_37 ( bmux_6527 ) 
           4 mux_grant_candidate_69_42 ( bmux_6528 ) 
           4 mux_grant_candidate_69_43 ( bmux_6529 ) 
           4 mux_grant_candidate_69_44 ( bmux_6530 ) 
           4 mux_grant_candidate_69_45 ( bmux_6531 ) 
           4 mux_grant_candidate_69_50 ( bmux_6532 ) 
           4 mux_grant_candidate_69_51 ( bmux_6533 ) 
           4 mux_grant_candidate_69_52 ( bmux_6534 ) 
           4 mux_grant_candidate_69_53 ( bmux_6535 ) 
           4 mux_grant_candidate_69_58 ( bmux_6536 ) 
           4 mux_grant_candidate_69_59 ( bmux_6537 ) 
           4 mux_grant_candidate_69_60 ( bmux_6538 ) 
           4 mux_grant_candidate_69_61 ( bmux_6539 ) 
           4 g62 ( or_op_5581 ) 
           4 g63 ( or_op_5582 ) 
           4 g65 ( and_op_5583 ) 
           4 g66 ( or_op_5584 ) 
           4 add_53_50_I1 ( add_unsigned_9068_28 ) 
           4 gt_55_64_I1 ( gt_unsigned_9074_113 ) 
           4 add00732939 ( add_unsigned_9076_56 ) 
           4 gt_55_64_I2 ( gt_unsigned_9074_114 ) 
           4 add00733029 ( add_unsigned_9076_57 ) 
           4 gt_55_64_I3 ( gt_unsigned_9074_115 ) 
           4 add00733119 ( add_unsigned_9092_28 ) 
           4 gt_55_64_I4 ( gt_unsigned_9074_116 ) 
           4 lte_87_49_I1 ( leq_unsigned_56 ) 
           4 lte_87_49_I2 ( leq_unsigned_57 ) 
           4 lte_87_49_I3 ( leq_unsigned_58 ) 
           4 lte_87_49_I4 ( leq_unsigned_59 ) 
           4 gt_107_58_I4 ( gt_unsigned_9074_117 ) 
           4 sub_108_48_I4 ( sub_unsigned_5267_115 ) 
           4 gt_107_58_I3 ( gt_unsigned_9074_118 ) 
           4 sub_108_48_I3 ( sub_unsigned_5267_116 ) 
           4 gt_107_58_I2 ( gt_unsigned_9074_119 ) 
           4 sub_108_48_I2 ( sub_unsigned_5267_117 ) 
           4 gt_107_58_I1 ( gt_unsigned_9074_120 ) 
           4 sub_108_48_I1 ( sub_unsigned_5267_118 ) 
           4 mux_credit[1]_101_17 ( bmux_190_378 ) 
           4 ctl_idx_wrapped_55_44 ( case_box_5598 ) 
           4 mux_credit[idx_wrapped]_55_44 ( mux_9150_77 ) 
           4 mux_found_55_40 ( bmux_6540 ) 
           4 ctl_idx_wrapped_55_93 ( case_box_5599 ) 
           4 mux_credit[idx_wrapped]_55_94 ( mux_9150_78 ) 
           4 mux_found_52_17 ( bmux_6541 ) 
           4 ctl_idx_wrapped_55_98 ( case_box_5602 ) 
           4 mux_credit[idx_wrapped]_55_99 ( mux_9150_79 ) 
           4 mux_found_52_101 ( bmux_6542 ) 
           4 ctl_idx_wrapped_55_104 ( case_box_5605 ) 
           4 mux_credit[idx_wrapped]_55_105 ( mux_9150_80 ) 
           4 mux_found_52_107 ( bmux_6543 ) 
           4 mux_found_68_25 ( bmux_6544 ) 
           4 mux_found_65_21 ( bmux_6545 ) 
           4 mux_found_65_117 ( bmux_6546 ) 
           4 mux_grant_candidate_55_40 ( bmux_108_423 ) 
           4 mux_grant_candidate_55_126 ( bmux_108_424 ) 
           4 mux_grant_candidate_52_17 ( bmux_108_425 ) 
           4 mux_grant_candidate_55_127 ( bmux_108_426 ) 
           4 mux_grant_candidate_52_128 ( bmux_108_427 ) 
           4 mux_grant_candidate_55_129 ( bmux_108_428 ) 
           4 mux_grant_candidate_52_130 ( bmux_108_429 ) 
           4 mux_grant_candidate_68_25 ( bmux_108_430 ) 
           4 mux_grant_candidate_68_131 ( bmux_108_431 ) 
           4 mux_grant_candidate_65_21 ( bmux_108_432 ) 
           4 mux_grant_candidate_68_132 ( bmux_108_433 ) 
           4 mux_grant_candidate_65_133 ( bmux_108_434 ) 
           4 mux_grant_candidate_68_134 ( bmux_108_435 ) 
           4 mux_grant_candidate_65_135 ( bmux_108_436 ) 
           4 mux_grant_candidate_63_13 ( bmux_108_437 ) 
           4 mux_77_29 ( bmux_108_438 ) 
           4 mux_credit[0]_101_17 ( bmux_190_379 ) 
           4 ctl_grant_candidate_88_17 ( case_box_5608 ) 
           4 mux_grant_idx_88_17 ( mux_93_30 ) 
           4 mux_credit[2]_101_17 ( bmux_190_381 ) 
           4 mux_credit[3]_101_17 ( bmux_190_383 ) 
        3 mux_araddr ( onehot_mux_DATA_W32_N4 ) 
           4 g2 ( or_op_5613 ) 
           4 g3 ( or_op_5614 ) 
           4 g4 ( or_op_5615 ) 
           4 mux_dout_123_17 ( bmux_46_752 ) 
           4 mux_dout_123_9 ( bmux_46_753 ) 
           4 mux_dout_123_10 ( bmux_46_754 ) 
           4 mux_dout_123_11 ( bmux_46_755 ) 
        3 mux_arlen ( onehot_mux_DATA_W4_N4 ) 
           4 g2 ( or_op_5617 ) 
           4 g3 ( or_op_5618 ) 
           4 g4 ( or_op_5619 ) 
           4 mux_dout_123_17 ( bmux_108_439 ) 
           4 mux_dout_123_9 ( bmux_108_440 ) 
           4 mux_dout_123_10 ( bmux_108_441 ) 
           4 mux_dout_123_11 ( bmux_108_442 ) 
        3 mux_arsize ( onehot_mux_DATA_W3_N4 ) 
           4 g2 ( or_op_5621 ) 
           4 g3 ( or_op_5622 ) 
           4 g4 ( or_op_5623 ) 
           4 mux_dout_123_17 ( bmux_202_357 ) 
           4 mux_dout_123_9 ( bmux_202_358 ) 
           4 mux_dout_123_10 ( bmux_202_359 ) 
           4 mux_dout_123_11 ( bmux_202_360 ) 
        3 mux_arid ( onehot_mux_DATA_W4_N4_1 ) 
           4 g2 ( or_op_5617_1 ) 
           4 g3 ( or_op_5618_1 ) 
           4 g4 ( or_op_5619_1 ) 
           4 mux_dout_123_17 ( bmux_108_450 ) 
           4 mux_dout_123_9 ( bmux_108_451 ) 
           4 mux_dout_123_10 ( bmux_108_452 ) 
           4 mux_dout_123_11 ( bmux_108_453 ) 
        3 u_rd_master ( axi4_master_rd_ADDR_W32_ID_W4_LEN_W4_CMD_DEPTH4_TIMEOUT_W12 ) 
           4 u_cmd_fifo ( sync_ff_DATA_W4_DEPTH4_AFULL_TH1_AEMPTY_TH1_OUTREG0_PTR_W2 ) 
              5 sub_166_44 ( sub_unsigned_8778_110 ) 
              5 eq_172_38 ( equal_unsigned_82_295 ) 
              5 eq_173_38 ( equal_unsigned_70_47 ) 
              5 gte_174_38 ( geq_unsigned_15477 ) 
              5 lte_175_38 ( leq_unsigned_15480 ) 
              5 add_158_34 ( add_unsigned_5261_241 ) 
              5 add_161_34 ( add_unsigned_5261_242 ) 
              5 ctl_rd_ptr_191_30 ( case_box_5628 ) 
              5 mux_mem[rd_ptr]_191_30 ( mux_86_29 ) 
              5 ctl_wr_ptr_157_17 ( case_box_5629 ) 
           4 u_ar_timeout ( timeout_cnt_CNT_W12_AUTO_HOLD1 ) 
              5 sub_77_24 ( sub_unsigned_15489 ) 
              5 eq_78_21 ( equal_unsigned_9403_10 ) 
        3 u_wr_arb ( arbiter_iwrr_1cycle_P_REQUESTER_NUM4_P_REQUESTER_WEIGHTx00000001000000010000000100000001_1 ) 
           4 mux_req_i_55_21 ( mux_83_167 ) 
           4 decode_gint ( Decoder_2_3_0_5525_1 ) 
           4 mux_grant_candidate_56_21 ( bmux_6564 ) 
           4 mux_grant_candidate_56_2 ( bmux_6565 ) 
           4 mux_grant_candidate_56_3 ( bmux_6566 ) 
           4 mux_grant_candidate_56_4 ( bmux_6567 ) 
           4 mux_req_i_55_6 ( mux_83_168 ) 
           4 decode_gint7 ( Decoder_2_3_0_5532_1 ) 
           4 mux_grant_candidate_56_10 ( bmux_6568 ) 
           4 mux_grant_candidate_56_11 ( bmux_6569 ) 
           4 mux_grant_candidate_56_12 ( bmux_6570 ) 
           4 mux_grant_candidate_56_13 ( bmux_6571 ) 
           4 mux_req_i_55_15 ( mux_83_169 ) 
           4 decode_gint16 ( Decoder_2_3_0_5540_1 ) 
           4 mux_grant_candidate_56_19 ( bmux_6572 ) 
           4 mux_grant_candidate_56_20 ( bmux_6573 ) 
           4 mux_grant_candidate_56_22 ( bmux_6574 ) 
           4 mux_grant_candidate_56_23 ( bmux_6575 ) 
           4 mux_req_i_55_25 ( mux_83_170 ) 
           4 decode_gint26 ( Decoder_2_3_0_5548_1 ) 
           4 mux_grant_candidate_56_29 ( bmux_6576 ) 
           4 mux_grant_candidate_56_30 ( bmux_6577 ) 
           4 mux_grant_candidate_56_31 ( bmux_6578 ) 
           4 mux_grant_candidate_56_32 ( bmux_6579 ) 
           4 mux_grant_candidate_69_25 ( bmux_6580 ) 
           4 mux_grant_candidate_69_35 ( bmux_6581 ) 
           4 mux_grant_candidate_69_36 ( bmux_6582 ) 
           4 mux_grant_candidate_69_37 ( bmux_6583 ) 
           4 mux_grant_candidate_69_42 ( bmux_6584 ) 
           4 mux_grant_candidate_69_43 ( bmux_6585 ) 
           4 mux_grant_candidate_69_44 ( bmux_6586 ) 
           4 mux_grant_candidate_69_45 ( bmux_6587 ) 
           4 mux_grant_candidate_69_50 ( bmux_6588 ) 
           4 mux_grant_candidate_69_51 ( bmux_6589 ) 
           4 mux_grant_candidate_69_52 ( bmux_6590 ) 
           4 mux_grant_candidate_69_53 ( bmux_6591 ) 
           4 mux_grant_candidate_69_58 ( bmux_6592 ) 
           4 mux_grant_candidate_69_59 ( bmux_6593 ) 
           4 mux_grant_candidate_69_60 ( bmux_6594 ) 
           4 mux_grant_candidate_69_61 ( bmux_6595 ) 
           4 g62 ( or_op_5581_1 ) 
           4 g63 ( or_op_5582_1 ) 
           4 g65 ( and_op_5583_1 ) 
           4 g66 ( or_op_5584_1 ) 
           4 add_53_50_I1 ( add_unsigned_9068_30 ) 
           4 gt_55_64_I1 ( gt_unsigned_9074_121 ) 
           4 add00732939 ( add_unsigned_9076_60 ) 
           4 gt_55_64_I2 ( gt_unsigned_9074_122 ) 
           4 add00733029 ( add_unsigned_9076_61 ) 
           4 gt_55_64_I3 ( gt_unsigned_9074_123 ) 
           4 add00733119 ( add_unsigned_9092_30 ) 
           4 gt_55_64_I4 ( gt_unsigned_9074_124 ) 
           4 lte_87_49_I1 ( leq_unsigned_60 ) 
           4 lte_87_49_I2 ( leq_unsigned_61 ) 
           4 lte_87_49_I3 ( leq_unsigned_62 ) 
           4 lte_87_49_I4 ( leq_unsigned_63 ) 
           4 gt_107_58_I4 ( gt_unsigned_9074_125 ) 
           4 sub_108_48_I4 ( sub_unsigned_5267_119 ) 
           4 gt_107_58_I3 ( gt_unsigned_9074_126 ) 
           4 sub_108_48_I3 ( sub_unsigned_5267_120 ) 
           4 gt_107_58_I2 ( gt_unsigned_9074_127 ) 
           4 sub_108_48_I2 ( sub_unsigned_5267_121 ) 
           4 gt_107_58_I1 ( gt_unsigned_9074_128 ) 
           4 sub_108_48_I1 ( sub_unsigned_5267_122 ) 
           4 mux_credit[1]_101_17 ( bmux_190_386 ) 
           4 ctl_idx_wrapped_55_44 ( case_box_5598_1 ) 
           4 mux_credit[idx_wrapped]_55_44 ( mux_9150_82 ) 
           4 mux_found_55_40 ( bmux_6596 ) 
           4 ctl_idx_wrapped_55_93 ( case_box_5599_1 ) 
           4 mux_credit[idx_wrapped]_55_94 ( mux_9150_83 ) 
           4 mux_found_52_17 ( bmux_6597 ) 
           4 ctl_idx_wrapped_55_98 ( case_box_5602_1 ) 
           4 mux_credit[idx_wrapped]_55_99 ( mux_9150_84 ) 
           4 mux_found_52_101 ( bmux_6598 ) 
           4 ctl_idx_wrapped_55_104 ( case_box_5605_1 ) 
           4 mux_credit[idx_wrapped]_55_105 ( mux_9150_85 ) 
           4 mux_found_52_107 ( bmux_6599 ) 
           4 mux_found_68_25 ( bmux_6600 ) 
           4 mux_found_65_21 ( bmux_6601 ) 
           4 mux_found_65_117 ( bmux_6602 ) 
           4 mux_grant_candidate_55_40 ( bmux_108_454 ) 
           4 mux_grant_candidate_55_126 ( bmux_108_455 ) 
           4 mux_grant_candidate_52_17 ( bmux_108_456 ) 
           4 mux_grant_candidate_55_127 ( bmux_108_457 ) 
           4 mux_grant_candidate_52_128 ( bmux_108_458 ) 
           4 mux_grant_candidate_55_129 ( bmux_108_459 ) 
           4 mux_grant_candidate_52_130 ( bmux_108_460 ) 
           4 mux_grant_candidate_68_25 ( bmux_108_461 ) 
           4 mux_grant_candidate_68_131 ( bmux_108_462 ) 
           4 mux_grant_candidate_65_21 ( bmux_108_463 ) 
           4 mux_grant_candidate_68_132 ( bmux_108_464 ) 
           4 mux_grant_candidate_65_133 ( bmux_108_465 ) 
           4 mux_grant_candidate_68_134 ( bmux_108_466 ) 
           4 mux_grant_candidate_65_135 ( bmux_108_467 ) 
           4 mux_grant_candidate_63_13 ( bmux_108_468 ) 
           4 mux_77_29 ( bmux_108_469 ) 
           4 mux_credit[0]_101_17 ( bmux_190_387 ) 
           4 ctl_grant_candidate_88_17 ( case_box_5608_1 ) 
           4 mux_grant_idx_88_17 ( mux_93_31 ) 
           4 mux_credit[2]_101_17 ( bmux_190_389 ) 
           4 mux_credit[3]_101_17 ( bmux_190_391 ) 
        3 mux_awaddr ( onehot_mux_DATA_W32_N4_1 ) 
           4 g2 ( or_op_5613_1 ) 
           4 g3 ( or_op_5614_1 ) 
           4 g4 ( or_op_5615_1 ) 
           4 mux_dout_123_17 ( bmux_46_758 ) 
           4 mux_dout_123_9 ( bmux_46_759 ) 
           4 mux_dout_123_10 ( bmux_46_760 ) 
           4 mux_dout_123_11 ( bmux_46_761 ) 
        3 mux_awlen ( onehot_mux_DATA_W4_N4_2 ) 
           4 g2 ( or_op_5617_2 ) 
           4 g3 ( or_op_5618_2 ) 
           4 g4 ( or_op_5619_2 ) 
           4 mux_dout_123_17 ( bmux_108_470 ) 
           4 mux_dout_123_9 ( bmux_108_471 ) 
           4 mux_dout_123_10 ( bmux_108_472 ) 
           4 mux_dout_123_11 ( bmux_108_473 ) 
        3 mux_awsize ( onehot_mux_DATA_W3_N4_1 ) 
           4 g2 ( or_op_5621_1 ) 
           4 g3 ( or_op_5622_1 ) 
           4 g4 ( or_op_5623_1 ) 
           4 mux_dout_123_17 ( bmux_202_369 ) 
           4 mux_dout_123_9 ( bmux_202_370 ) 
           4 mux_dout_123_10 ( bmux_202_371 ) 
           4 mux_dout_123_11 ( bmux_202_372 ) 
        3 mux_awid ( onehot_mux_DATA_W4_N4_3 ) 
           4 g2 ( or_op_5617_3 ) 
           4 g3 ( or_op_5618_3 ) 
           4 g4 ( or_op_5619_3 ) 
           4 mux_dout_123_17 ( bmux_108_474 ) 
           4 mux_dout_123_9 ( bmux_108_475 ) 
           4 mux_dout_123_10 ( bmux_108_476 ) 
           4 mux_dout_123_11 ( bmux_108_477 ) 
        3 mux_wdata ( onehot_mux_DATA_W32_N4_2 ) 
           4 g2 ( or_op_5613_2 ) 
           4 g3 ( or_op_5614_2 ) 
           4 g4 ( or_op_5615_2 ) 
           4 mux_dout_123_17 ( bmux_46_762 ) 
           4 mux_dout_123_9 ( bmux_46_763 ) 
           4 mux_dout_123_10 ( bmux_46_764 ) 
           4 mux_dout_123_11 ( bmux_46_765 ) 
        3 u_wr_master ( axi4_master_wr_ADDR_W32_ID_W4_LEN_W4_CMD_DEPTH4_TIMEOUT_W12 ) 
           4 u_winfo_fifo ( sync_ff_DATA_W8_DEPTH4_AFULL_TH1_AEMPTY_TH1_OUTREG0_PTR_W2 ) 
              5 sub_166_44 ( sub_unsigned_8778_111 ) 
              5 eq_172_38 ( equal_unsigned_82_296 ) 
              5 eq_173_38 ( equal_unsigned_70_48 ) 
              5 gte_174_38 ( geq_unsigned_15477_1 ) 
              5 lte_175_38 ( leq_unsigned_15480_1 ) 
              5 add_158_34 ( add_unsigned_5261_243 ) 
              5 add_161_34 ( add_unsigned_5261_244 ) 
              5 ctl_rd_ptr_191_30 ( case_box_5641 ) 
              5 mux_mem[rd_ptr]_191_30 ( mux_9150_81 ) 
              5 ctl_wr_ptr_157_17 ( case_box_5642 ) 
           4 u_bid_fifo ( sync_ff_DATA_W4_DEPTH4_AFULL_TH1_AEMPTY_TH1_OUTREG0_PTR_W2_1 ) 
              5 sub_166_44 ( sub_unsigned_8778_112 ) 
              5 eq_172_38 ( equal_unsigned_82_297 ) 
              5 eq_173_38 ( equal_unsigned_70_49 ) 
              5 gte_174_38 ( geq_unsigned_15477_2 ) 
              5 lte_175_38 ( leq_unsigned_15480_2 ) 
              5 add_158_34 ( add_unsigned_5261_245 ) 
              5 add_161_34 ( add_unsigned_5261_246 ) 
              5 ctl_rd_ptr_191_30 ( case_box_5628_1 ) 
              5 mux_mem[rd_ptr]_191_30 ( mux_86_30 ) 
              5 ctl_wr_ptr_157_17 ( case_box_5629_1 ) 
           4 u_aw_to ( timeout_cnt_CNT_W12_AUTO_HOLD1_1 ) 
              5 sub_77_24 ( sub_unsigned_15489_1 ) 
              5 eq_78_21 ( equal_unsigned_9403_11 ) 
           4 u_w_to ( timeout_cnt_CNT_W12_AUTO_HOLD1_2 ) 
              5 sub_77_24 ( sub_unsigned_15489_2 ) 
              5 eq_78_21 ( equal_unsigned_9403_12 ) 
           4 eq_406_43 ( equal_unsigned_2000_32 ) 
           4 sub_398_38 ( sub_unsigned_10534_25 ) 
           4 gt_395_30 ( gt_unsigned_15530 ) 
           4 mux_w_active_386_36 ( bmux_6556 ) 
           4 mux_w_active_380_17 ( bmux_6557 ) 
           4 ctl_w_reload_380_17 ( case_box_5655 ) 
           4 mux_beat_cnt_380_17 ( mux_86_31 ) 
        3 g34 ( not_op_5661 ) 
        3 g77 ( or_op_5699 ) 
        3 g78 ( or_op_5700 ) 
        3 g79 ( or_op_5701 ) 
        3 g80 ( or_op_5702 ) 
        3 g82 ( or_op_5704 ) 
        3 g83 ( or_op_5705 ) 
        3 g84 ( or_op_5706 ) 
        3 g89 ( and_op_5707 ) 
        3 g90 ( or_op_5708 ) 
        3 g103 ( and_op_5709 ) 
        3 g104 ( or_op_5710 ) 
        3 g127 ( or_op_5714 ) 
        3 g128 ( and_op_5715 ) 
        3 g129 ( or_op_5716 ) 
        3 g132 ( and_op_5717 ) 
        3 g133 ( or_op_5718 ) 
        3 eq_745_39 ( equal_unsigned_1998_1 ) 
        3 eq_1093_65_I2 ( equal_unsigned_255_122 ) 
        3 eq_1098_71_I2 ( equal_unsigned_255_123 ) 
        3 eq_1262_71_I2 ( equal_unsigned_255_124 ) 
        3 eq_1102_54_I2 ( equal_unsigned_255_125 ) 
        3 eq_1266_63_I2 ( equal_unsigned_255_126 ) 
        3 eq_1093_65_I3 ( equal_unsigned_162_424 ) 
        3 eq_1098_71_I3 ( equal_unsigned_162_425 ) 
        3 eq_1262_71_I3 ( equal_unsigned_162_426 ) 
        3 eq_1102_54_I3 ( equal_unsigned_162_427 ) 
        3 eq_1266_63_I3 ( equal_unsigned_162_428 ) 
        3 eq_1093_65_I4 ( equal_unsigned_162_429 ) 
        3 eq_1098_71_I4 ( equal_unsigned_162_430 ) 
        3 eq_1262_71_I4 ( equal_unsigned_162_431 ) 
        3 eq_1102_54_I4 ( equal_unsigned_162_432 ) 
        3 eq_1266_63_I4 ( equal_unsigned_162_433 ) 
        3 eq_1093_65_I1 ( equal_unsigned_255_127 ) 
        3 eq_1098_71_I1 ( equal_unsigned_255_128 ) 
        3 eq_1262_71_I1 ( equal_unsigned_255_129 ) 
        3 eq_1102_54_I1 ( equal_unsigned_255_130 ) 
        3 eq_1266_63_I1 ( equal_unsigned_255_131 ) 
        3 neq_796_45_I4 ( nequal_unsigned_149_27 ) 
        3 neq_796_45_I3 ( nequal_unsigned_149_28 ) 
        3 neq_796_45_I2 ( nequal_unsigned_149_29 ) 
        3 neq_796_45_I1 ( nequal_unsigned_149_30 ) 
        3 eq00739895 ( equal_unsigned_2000_33 ) 
        3 ctl_ch_idx_811_29 ( case_box_5719 ) 
        3 mux_ch_start_r[3]_811_29 ( mux_53_2779 ) 
        3 mux_ch_start_r[3]_810_29 ( bmux_6607 ) 
        3 ctl_reg_off_802_23 ( case_box_5720 ) 
        3 mux_ch_start_r[3]_802_23 ( mux_53_2780 ) 
        3 mux_ch_start_r[3]_801_24 ( bmux_6608 ) 
        3 mux_1190_35 ( bmux_108_478 ) 
        3 mux_1102_18 ( bmux_6611 ) 
        3 mux_ch_start_r[2]_811_29 ( mux_53_2781 ) 
        3 mux_ch_start_r[2]_810_29 ( bmux_6614 ) 
        3 mux_ch_start_r[2]_802_23 ( mux_53_2782 ) 
        3 mux_ch_start_r[2]_801_24 ( bmux_6615 ) 
        3 mux_1102_678 ( bmux_6618 ) 
        3 mux_ch_start_r[1]_811_29 ( mux_53_2783 ) 
        3 mux_ch_start_r[1]_810_29 ( bmux_6621 ) 
        3 mux_ch_start_r[1]_802_23 ( mux_53_2784 ) 
        3 mux_ch_start_r[1]_801_24 ( bmux_6622 ) 
        3 mux_1102_681 ( bmux_6625 ) 
        3 ctl_ch_idx_803_41 ( case_box_5723 ) 
        3 mux_ch_active[ch_idx]_803_41 ( mux_83_175 ) 
        3 mux_ch_start_r[0]_811_29 ( mux_53_2785 ) 
        3 mux_ch_start_r[0]_810_29 ( bmux_6628 ) 
        3 mux_ch_start_r[0]_802_23 ( mux_53_2786 ) 
        3 mux_ch_start_r[0]_801_24 ( bmux_6629 ) 
        3 mux_1102_684 ( bmux_6632 ) 
        3 mux_wr_dat_grant_r_1180_26 ( bmux_108_480 ) 
        3 mux_wr_dat_grant_r_1177_31 ( bmux_108_481 ) 
        3 mux_ch_src[ch_idx]_831_50 ( mux_2030_26 ) 
        3 mux_ch_dst[ch_idx]_832_50 ( mux_2030_27 ) 
        3 mux_ch_len[ch_idx]_833_77 ( mux_15659 ) 
        3 mux_ch_bmax[ch_idx]_839_37 ( mux_8919_28 ) 
        3 mux_ch_si[ch_idx]_838_37 ( mux_83_176 ) 
        3 mux_ch_di[ch_idx]_837_37 ( mux_83_177 ) 
        3 mux_ch_pnum[ch_idx]_836_37 ( mux_9202_14 ) 
        3 mux_ch_int_st[ch_idx]_819_58 ( mux_1233_24 ) 
        3 mux_ch_int_st[0]_819_36 ( mux_2089_18 ) 
        3 mux_ch_int_st[0]_802_23 ( mux_2089_19 ) 
        3 mux_ch_int_st[0]_801_24 ( bmux_2_1464 ) 
        3 mux_ch_err[ch_idx]_847_37 ( mux_1233_26 ) 
        3 mux_ch_int_en[ch_idx]_850_58 ( mux_83_179 ) 
        3 ctl_reg_off_830_23 ( case_box_5768 ) 
        3 mux_apb_prdata_830_23 ( mux_15679 ) 
        3 mux_apb_prdata_829_17 ( bmux_46_769 ) 
        3 mux_ch_int_st[1]_819_36 ( mux_2089_20 ) 
        3 mux_ch_int_st[1]_802_23 ( mux_2089_21 ) 
        3 mux_ch_int_st[1]_801_24 ( bmux_2_1467 ) 
        3 mux_ch_int_st[2]_819_36 ( mux_2089_22 ) 
        3 mux_ch_int_st[2]_802_23 ( mux_2089_23 ) 
        3 mux_ch_int_st[2]_801_24 ( bmux_2_1470 ) 
        3 mux_ch_int_st[3]_819_36 ( mux_2089_24 ) 
        3 mux_ch_int_st[3]_802_23 ( mux_2089_25 ) 
        3 mux_ch_int_st[3]_801_24 ( bmux_2_1473 ) 
        3 ctl_ch_idx_804_40 ( case_box_5780 ) 
  1 g80 ( or_op_5837 ) 
  1 g82 ( or_op_5838 ) 
  1 g84 ( or_op_5839 ) 
  1 g86 ( or_op_5840 ) 
  1 g88 ( or_op_5841 ) 
  1 g90 ( or_op_5842 ) 
  1 g92 ( or_op_5843 ) 
  1 g94 ( or_op_5844 ) 
  1 g96 ( or_op_5845 ) 
  1 g99 ( or_op_5846 ) 
  1 eq_740_24 ( equal_unsigned_15708 ) 
  1 eq_741_24 ( equal_unsigned_15708_1 ) 
  1 eq_879_26 ( equal_unsigned_8815_24 ) 
  1 eq_879_26_2 ( equal_unsigned_8817_8 ) 
  1 eq_879_26_3 ( equal_unsigned_143_25 ) 
  1 eq_739_24 ( equal_unsigned_15708_2 ) 
  1 eq_825_26 ( equal_unsigned_8815_25 ) 
  1 eq_825_26_2 ( equal_unsigned_8817_9 ) 
  1 eq_825_26_3 ( equal_unsigned_143_26 ) 
  1 neq_990_73 ( nequal_unsigned_8803_21 ) 
  1 neq_146_37 ( nequal_unsigned_15728 ) 
  1 sub_147_42 ( sub_unsigned_15730 ) 
  1 neq_157_36 ( nequal_unsigned_15728_1 ) 
  1 sub_158_40 ( sub_unsigned_15730_1 ) 
  1 sub_988_42 ( sub_unsigned_10534_27 ) 
  1 mux_1084_29 ( bmux_46_797 ) 
  1 mux_1085_29 ( bmux_6717 ) 
  1 mux_1086_29 ( bmux_6718 ) 
  1 mux_1112_29 ( bmux_6719 ) 
  1 mux_1089_29 ( bmux_46_798 ) 
  1 mux_1088_29 ( bmux_46_799 ) 
  1 mux_1091_29 ( bmux_6720 ) 
  1 mux_1090_29 ( bmux_6721 ) 
  1 mux_1093_29 ( bmux_6722 ) 
  1 mux_1092_29 ( bmux_6723 ) 
  1 mux_1113_29 ( bmux_6724 ) 
  1 mux_dmrst_n_q_157_36 ( bmux_6725 ) 
  1 mux_sysrst_n_q_146_37 ( bmux_6728 ) 
