============================================================
  Generated by:           Genus(TM) Synthesis Solution 23.14-s090_1
  Generated on:           Sep 25 2026  02:08:30 am
  Module:                 top_soc
  Operating conditions:   PVT_0P63V_100C 
  Operating conditions:   PVT_0P7V_25C 
  Interconnect mode:      global
  Area mode:              physical library
============================================================


Path 1: MET (2212 ps) Setup Check with Pin u_apb_uart_u_baud_gen_rx_cnt_reg[15]/CLK->D
           View: view_ss
          Group: CLK_UART
     Startpoint: (R) u_apb_uart_reg_clk_div_reg[16]/CLK
          Clock: (R) CLK_UART
       Endpoint: (R) u_apb_uart_u_baud_gen_rx_cnt_reg[15]/D
          Clock: (R) CLK_UART

                     Capture       Launch     
        Clock Edge:+    4000            0     
       Src Latency:+     100          150     
       Net Latency:+       0 (I)        0 (I) 
           Arrival:=    4100          150     
                                              
             Setup:-      29                  
       Uncertainty:-     150                  
     Required Time:=    3921                  
      Launch Clock:-     150                  
         Data Path:-    1558                  
             Slack:=    2212                  

#-------------------------------------------------------------------------------------------------------------------------------
#             Timing Point               Flags    Arc    Edge          Cell            Fanout Load Trans Delay Arrival Instance 
#                                                                                             (fF)  (ps)  (ps)   (ps)  Location 
#-------------------------------------------------------------------------------------------------------------------------------
  u_apb_uart_reg_clk_div_reg[16]/CLK     -       -       R     (arrival)                   32    -    40     0     150    (-,-) 
  u_apb_uart_reg_clk_div_reg[16]/QN      -       CLK->QN F     DFFASRHQNx1_ASAP7_75t_R      4  2.3    54   110     260    (-,-) 
  u_apb_uart_u_baud_gen_g6455/Y          -       A->Y    R     NOR2xp33_ASAP7_75t_R         2  1.2    64    44     304    (-,-) 
  u_apb_uart_u_baud_gen_g6452/Y          -       A->Y    F     INVxp33_ASAP7_75t_R          2  1.3    52    46     350    (-,-) 
  u_apb_uart_u_baud_gen_g6447/Y          -       B->Y    R     NOR2xp33_ASAP7_75t_R         2  1.3    69    48     398    (-,-) 
  u_apb_uart_u_baud_gen_g6445/Y          -       A->Y    F     INVxp33_ASAP7_75t_R          3  2.5    85    66     464    (-,-) 
  u_apb_uart_u_baud_gen_g6438/Y          -       A->Y    R     NOR3xp33_ASAP7_75t_R         3  2.3   121    78     542    (-,-) 
  u_apb_uart_u_baud_gen_g6434/Y          -       A->Y    F     INVxp33_ASAP7_75t_R          2  1.6    74    68     610    (-,-) 
  u_apb_uart_u_baud_gen_g6423/Y          -       A->Y    R     NOR3xp33_ASAP7_75t_R         4  3.0   146    89     698    (-,-) 
  u_apb_uart_u_baud_gen_g6416/Y          -       A->Y    F     NAND3xp33_ASAP7_75t_R        4  3.0   116    90     788    (-,-) 
  u_apb_uart_u_baud_gen_g6403/Y          -       A->Y    R     NOR3xp33_ASAP7_75t_R         2  1.4    95    67     855    (-,-) 
  u_apb_uart_u_baud_gen_g6398/Y          -       A->Y    F     INVxp33_ASAP7_75t_R          2  1.3    60    55     910    (-,-) 
  u_apb_uart_u_baud_gen_g6381/Y          -       B->Y    R     NOR2xp33_ASAP7_75t_R         2  1.3    70    50     960    (-,-) 
  u_apb_uart_u_baud_gen_g6375/Y          -       A->Y    F     INVxp33_ASAP7_75t_R          3  2.6    88    68    1028    (-,-) 
  u_apb_uart_u_baud_gen_g6370/Y          -       A->Y    R     NOR3xp33_ASAP7_75t_R         2  1.4    88    61    1090    (-,-) 
  u_apb_uart_u_baud_gen_g6363/Y          -       A->Y    F     INVxp33_ASAP7_75t_R          2  1.3    58    53    1143    (-,-) 
  u_apb_uart_u_baud_gen_g6346/Y          -       B->Y    R     NOR2xp33_ASAP7_75t_R         3  2.0    97    63    1206    (-,-) 
  u_apb_uart_u_baud_gen_g6330/Y          -       B->Y    R     OR2x2_ASAP7_75t_R            2  1.6    21    52    1258    (-,-) 
  u_apb_uart_u_baud_gen_g6318/Y          -       B->Y    R     OR2x2_ASAP7_75t_R            2  1.5    19    32    1290    (-,-) 
  u_apb_uart_u_baud_gen_g6303/Y          -       C->Y    F     OAI221xp5_ASAP7_75t_R        2  1.5    68    36    1326    (-,-) 
  u_apb_uart_u_baud_gen_g6294/Y          -       B->Y    R     AOI21xp33_ASAP7_75t_R        2  1.4    80    58    1384    (-,-) 
  u_apb_uart_u_baud_gen_g6293/Y          -       A->Y    F     INVxp33_ASAP7_75t_R          1  0.8    44    41    1425    (-,-) 
  u_apb_uart_u_baud_gen_g6287/Y          -       A1->Y   R     OAI221xp5_ASAP7_75t_R        1  0.9    71    49    1474    (-,-) 
  u_apb_uart_u_baud_gen_g6284/Y          -       C->Y    F     AOI321xp33_ASAP7_75t_R       1  0.8    53    35    1509    (-,-) 
  u_apb_uart_u_baud_gen_g6283/Y          -       B->Y    R     AOI21xp33_ASAP7_75t_R        2  1.7    88    59    1568    (-,-) 
  u_apb_uart_u_baud_gen_g6282/Y          -       A->Y    F     INVx1_ASAP7_75t_R           16  9.5   106    82    1651    (-,-) 
  u_apb_uart_u_baud_gen_g6267/Y          -       B->Y    R     NAND2xp33_ASAP7_75t_R        1  0.9    68    57    1708    (-,-) 
  u_apb_uart_u_baud_gen_rx_cnt_reg[15]/D -       -       R     DFFASRHQNx1_ASAP7_75t_R      1    -     -     0    1708    (-,-) 
#-------------------------------------------------------------------------------------------------------------------------------



Path 2: MET (2223 ps) Setup Check with Pin u_apb_uart_u_baud_gen_rx_cnt_reg[13]/CLK->D
           View: view_ss
          Group: CLK_UART
     Startpoint: (R) u_apb_uart_reg_clk_div_reg[16]/CLK
          Clock: (R) CLK_UART
       Endpoint: (R) u_apb_uart_u_baud_gen_rx_cnt_reg[13]/D
          Clock: (R) CLK_UART

                     Capture       Launch     
        Clock Edge:+    4000            0     
       Src Latency:+     100          150     
       Net Latency:+       0 (I)        0 (I) 
           Arrival:=    4100          150     
                                              
             Setup:-      29                  
       Uncertainty:-     150                  
     Required Time:=    3921                  
      Launch Clock:-     150                  
         Data Path:-    1548                  
             Slack:=    2223                  

#-------------------------------------------------------------------------------------------------------------------------------
#             Timing Point               Flags    Arc    Edge          Cell            Fanout Load Trans Delay Arrival Instance 
#                                                                                             (fF)  (ps)  (ps)   (ps)  Location 
#-------------------------------------------------------------------------------------------------------------------------------
  u_apb_uart_reg_clk_div_reg[16]/CLK     -       -       R     (arrival)                   32    -    40     0     150    (-,-) 
  u_apb_uart_reg_clk_div_reg[16]/QN      -       CLK->QN F     DFFASRHQNx1_ASAP7_75t_R      4  2.3    54   110     260    (-,-) 
  u_apb_uart_u_baud_gen_g6455/Y          -       A->Y    R     NOR2xp33_ASAP7_75t_R         2  1.2    64    44     304    (-,-) 
  u_apb_uart_u_baud_gen_g6452/Y          -       A->Y    F     INVxp33_ASAP7_75t_R          2  1.3    52    46     350    (-,-) 
  u_apb_uart_u_baud_gen_g6447/Y          -       B->Y    R     NOR2xp33_ASAP7_75t_R         2  1.3    69    48     398    (-,-) 
  u_apb_uart_u_baud_gen_g6445/Y          -       A->Y    F     INVxp33_ASAP7_75t_R          3  2.5    85    66     464    (-,-) 
  u_apb_uart_u_baud_gen_g6438/Y          -       A->Y    R     NOR3xp33_ASAP7_75t_R         3  2.3   121    78     542    (-,-) 
  u_apb_uart_u_baud_gen_g6434/Y          -       A->Y    F     INVxp33_ASAP7_75t_R          2  1.6    74    68     610    (-,-) 
  u_apb_uart_u_baud_gen_g6423/Y          -       A->Y    R     NOR3xp33_ASAP7_75t_R         4  3.0   146    89     698    (-,-) 
  u_apb_uart_u_baud_gen_g6416/Y          -       A->Y    F     NAND3xp33_ASAP7_75t_R        4  3.0   116    90     788    (-,-) 
  u_apb_uart_u_baud_gen_g6403/Y          -       A->Y    R     NOR3xp33_ASAP7_75t_R         2  1.4    95    67     855    (-,-) 
  u_apb_uart_u_baud_gen_g6398/Y          -       A->Y    F     INVxp33_ASAP7_75t_R          2  1.3    60    55     910    (-,-) 
  u_apb_uart_u_baud_gen_g6381/Y          -       B->Y    R     NOR2xp33_ASAP7_75t_R         2  1.3    70    50     960    (-,-) 
  u_apb_uart_u_baud_gen_g6375/Y          -       A->Y    F     INVxp33_ASAP7_75t_R          3  2.6    88    68    1028    (-,-) 
  u_apb_uart_u_baud_gen_g6370/Y          -       A->Y    R     NOR3xp33_ASAP7_75t_R         2  1.4    88    61    1090    (-,-) 
  u_apb_uart_u_baud_gen_g6363/Y          -       A->Y    F     INVxp33_ASAP7_75t_R          2  1.3    58    53    1143    (-,-) 
  u_apb_uart_u_baud_gen_g6346/Y          -       B->Y    R     NOR2xp33_ASAP7_75t_R         3  2.0    97    63    1206    (-,-) 
  u_apb_uart_u_baud_gen_g6330/Y          -       B->Y    R     OR2x2_ASAP7_75t_R            2  1.6    21    52    1258    (-,-) 
  u_apb_uart_u_baud_gen_g6318/Y          -       B->Y    R     OR2x2_ASAP7_75t_R            2  1.5    19    32    1290    (-,-) 
  u_apb_uart_u_baud_gen_g6303/Y          -       C->Y    F     OAI221xp5_ASAP7_75t_R        2  1.5    68    36    1326    (-,-) 
  u_apb_uart_u_baud_gen_g6294/Y          -       B->Y    R     AOI21xp33_ASAP7_75t_R        2  1.4    80    58    1384    (-,-) 
  u_apb_uart_u_baud_gen_g6293/Y          -       A->Y    F     INVxp33_ASAP7_75t_R          1  0.8    44    41    1425    (-,-) 
  u_apb_uart_u_baud_gen_g6287/Y          -       A1->Y   R     OAI221xp5_ASAP7_75t_R        1  0.9    71    49    1474    (-,-) 
  u_apb_uart_u_baud_gen_g6284/Y          -       C->Y    F     AOI321xp33_ASAP7_75t_R       1  0.8    53    35    1509    (-,-) 
  u_apb_uart_u_baud_gen_g6283/Y          -       B->Y    R     AOI21xp33_ASAP7_75t_R        2  1.7    88    59    1568    (-,-) 
  u_apb_uart_u_baud_gen_g6282/Y          -       A->Y    F     INVx1_ASAP7_75t_R           16  9.5   106    82    1651    (-,-) 
  u_apb_uart_u_baud_gen_g6279/Y          -       B->Y    R     OAI211xp5_ASAP7_75t_R        1  0.9    66    47    1698    (-,-) 
  u_apb_uart_u_baud_gen_rx_cnt_reg[13]/D -       -       R     DFFASRHQNx1_ASAP7_75t_R      1    -     -     0    1698    (-,-) 
#-------------------------------------------------------------------------------------------------------------------------------



Path 3: MET (2223 ps) Setup Check with Pin u_apb_uart_u_baud_gen_rx_cnt_reg[2]/CLK->D
           View: view_ss
          Group: CLK_UART
     Startpoint: (R) u_apb_uart_reg_clk_div_reg[16]/CLK
          Clock: (R) CLK_UART
       Endpoint: (R) u_apb_uart_u_baud_gen_rx_cnt_reg[2]/D
          Clock: (R) CLK_UART

                     Capture       Launch     
        Clock Edge:+    4000            0     
       Src Latency:+     100          150     
       Net Latency:+       0 (I)        0 (I) 
           Arrival:=    4100          150     
                                              
             Setup:-      29                  
       Uncertainty:-     150                  
     Required Time:=    3921                  
      Launch Clock:-     150                  
         Data Path:-    1548                  
             Slack:=    2223                  

#------------------------------------------------------------------------------------------------------------------------------
#             Timing Point              Flags    Arc    Edge          Cell            Fanout Load Trans Delay Arrival Instance 
#                                                                                            (fF)  (ps)  (ps)   (ps)  Location 
#------------------------------------------------------------------------------------------------------------------------------
  u_apb_uart_reg_clk_div_reg[16]/CLK    -       -       R     (arrival)                   32    -    40     0     150    (-,-) 
  u_apb_uart_reg_clk_div_reg[16]/QN     -       CLK->QN F     DFFASRHQNx1_ASAP7_75t_R      4  2.3    54   110     260    (-,-) 
  u_apb_uart_u_baud_gen_g6455/Y         -       A->Y    R     NOR2xp33_ASAP7_75t_R         2  1.2    64    44     304    (-,-) 
  u_apb_uart_u_baud_gen_g6452/Y         -       A->Y    F     INVxp33_ASAP7_75t_R          2  1.3    52    46     350    (-,-) 
  u_apb_uart_u_baud_gen_g6447/Y         -       B->Y    R     NOR2xp33_ASAP7_75t_R         2  1.3    69    48     398    (-,-) 
  u_apb_uart_u_baud_gen_g6445/Y         -       A->Y    F     INVxp33_ASAP7_75t_R          3  2.5    85    66     464    (-,-) 
  u_apb_uart_u_baud_gen_g6438/Y         -       A->Y    R     NOR3xp33_ASAP7_75t_R         3  2.3   121    78     542    (-,-) 
  u_apb_uart_u_baud_gen_g6434/Y         -       A->Y    F     INVxp33_ASAP7_75t_R          2  1.6    74    68     610    (-,-) 
  u_apb_uart_u_baud_gen_g6423/Y         -       A->Y    R     NOR3xp33_ASAP7_75t_R         4  3.0   146    89     698    (-,-) 
  u_apb_uart_u_baud_gen_g6416/Y         -       A->Y    F     NAND3xp33_ASAP7_75t_R        4  3.0   116    90     788    (-,-) 
  u_apb_uart_u_baud_gen_g6403/Y         -       A->Y    R     NOR3xp33_ASAP7_75t_R         2  1.4    95    67     855    (-,-) 
  u_apb_uart_u_baud_gen_g6398/Y         -       A->Y    F     INVxp33_ASAP7_75t_R          2  1.3    60    55     910    (-,-) 
  u_apb_uart_u_baud_gen_g6381/Y         -       B->Y    R     NOR2xp33_ASAP7_75t_R         2  1.3    70    50     960    (-,-) 
  u_apb_uart_u_baud_gen_g6375/Y         -       A->Y    F     INVxp33_ASAP7_75t_R          3  2.6    88    68    1028    (-,-) 
  u_apb_uart_u_baud_gen_g6370/Y         -       A->Y    R     NOR3xp33_ASAP7_75t_R         2  1.4    88    61    1090    (-,-) 
  u_apb_uart_u_baud_gen_g6363/Y         -       A->Y    F     INVxp33_ASAP7_75t_R          2  1.3    58    53    1143    (-,-) 
  u_apb_uart_u_baud_gen_g6346/Y         -       B->Y    R     NOR2xp33_ASAP7_75t_R         3  2.0    97    63    1206    (-,-) 
  u_apb_uart_u_baud_gen_g6330/Y         -       B->Y    R     OR2x2_ASAP7_75t_R            2  1.6    21    52    1258    (-,-) 
  u_apb_uart_u_baud_gen_g6318/Y         -       B->Y    R     OR2x2_ASAP7_75t_R            2  1.5    19    32    1290    (-,-) 
  u_apb_uart_u_baud_gen_g6303/Y         -       C->Y    F     OAI221xp5_ASAP7_75t_R        2  1.5    68    36    1326    (-,-) 
  u_apb_uart_u_baud_gen_g6294/Y         -       B->Y    R     AOI21xp33_ASAP7_75t_R        2  1.4    80    58    1384    (-,-) 
  u_apb_uart_u_baud_gen_g6293/Y         -       A->Y    F     INVxp33_ASAP7_75t_R          1  0.8    44    41    1425    (-,-) 
  u_apb_uart_u_baud_gen_g6287/Y         -       A1->Y   R     OAI221xp5_ASAP7_75t_R        1  0.9    71    49    1474    (-,-) 
  u_apb_uart_u_baud_gen_g6284/Y         -       C->Y    F     AOI321xp33_ASAP7_75t_R       1  0.8    53    35    1509    (-,-) 
  u_apb_uart_u_baud_gen_g6283/Y         -       B->Y    R     AOI21xp33_ASAP7_75t_R        2  1.7    88    59    1568    (-,-) 
  u_apb_uart_u_baud_gen_g6282/Y         -       A->Y    F     INVx1_ASAP7_75t_R           16  9.5   106    82    1651    (-,-) 
  u_apb_uart_u_baud_gen_g6268/Y         -       B->Y    R     OAI211xp5_ASAP7_75t_R        1  0.9    64    47    1698    (-,-) 
  u_apb_uart_u_baud_gen_rx_cnt_reg[2]/D -       -       R     DFFASRHQNx1_ASAP7_75t_R      1    -     -     0    1698    (-,-) 
#------------------------------------------------------------------------------------------------------------------------------



Path 4: MET (2223 ps) Setup Check with Pin u_apb_uart_u_baud_gen_rx_cnt_reg[1]/CLK->D
           View: view_ss
          Group: CLK_UART
     Startpoint: (R) u_apb_uart_reg_clk_div_reg[16]/CLK
          Clock: (R) CLK_UART
       Endpoint: (R) u_apb_uart_u_baud_gen_rx_cnt_reg[1]/D
          Clock: (R) CLK_UART

                     Capture       Launch     
        Clock Edge:+    4000            0     
       Src Latency:+     100          150     
       Net Latency:+       0 (I)        0 (I) 
           Arrival:=    4100          150     
                                              
             Setup:-      29                  
       Uncertainty:-     150                  
     Required Time:=    3921                  
      Launch Clock:-     150                  
         Data Path:-    1548                  
             Slack:=    2223                  

#------------------------------------------------------------------------------------------------------------------------------
#             Timing Point              Flags    Arc    Edge          Cell            Fanout Load Trans Delay Arrival Instance 
#                                                                                            (fF)  (ps)  (ps)   (ps)  Location 
#------------------------------------------------------------------------------------------------------------------------------
  u_apb_uart_reg_clk_div_reg[16]/CLK    -       -       R     (arrival)                   32    -    40     0     150    (-,-) 
  u_apb_uart_reg_clk_div_reg[16]/QN     -       CLK->QN F     DFFASRHQNx1_ASAP7_75t_R      4  2.3    54   110     260    (-,-) 
  u_apb_uart_u_baud_gen_g6455/Y         -       A->Y    R     NOR2xp33_ASAP7_75t_R         2  1.2    64    44     304    (-,-) 
  u_apb_uart_u_baud_gen_g6452/Y         -       A->Y    F     INVxp33_ASAP7_75t_R          2  1.3    52    46     350    (-,-) 
  u_apb_uart_u_baud_gen_g6447/Y         -       B->Y    R     NOR2xp33_ASAP7_75t_R         2  1.3    69    48     398    (-,-) 
  u_apb_uart_u_baud_gen_g6445/Y         -       A->Y    F     INVxp33_ASAP7_75t_R          3  2.5    85    66     464    (-,-) 
  u_apb_uart_u_baud_gen_g6438/Y         -       A->Y    R     NOR3xp33_ASAP7_75t_R         3  2.3   121    78     542    (-,-) 
  u_apb_uart_u_baud_gen_g6434/Y         -       A->Y    F     INVxp33_ASAP7_75t_R          2  1.6    74    68     610    (-,-) 
  u_apb_uart_u_baud_gen_g6423/Y         -       A->Y    R     NOR3xp33_ASAP7_75t_R         4  3.0   146    89     698    (-,-) 
  u_apb_uart_u_baud_gen_g6416/Y         -       A->Y    F     NAND3xp33_ASAP7_75t_R        4  3.0   116    90     788    (-,-) 
  u_apb_uart_u_baud_gen_g6403/Y         -       A->Y    R     NOR3xp33_ASAP7_75t_R         2  1.4    95    67     855    (-,-) 
  u_apb_uart_u_baud_gen_g6398/Y         -       A->Y    F     INVxp33_ASAP7_75t_R          2  1.3    60    55     910    (-,-) 
  u_apb_uart_u_baud_gen_g6381/Y         -       B->Y    R     NOR2xp33_ASAP7_75t_R         2  1.3    70    50     960    (-,-) 
  u_apb_uart_u_baud_gen_g6375/Y         -       A->Y    F     INVxp33_ASAP7_75t_R          3  2.6    88    68    1028    (-,-) 
  u_apb_uart_u_baud_gen_g6370/Y         -       A->Y    R     NOR3xp33_ASAP7_75t_R         2  1.4    88    61    1090    (-,-) 
  u_apb_uart_u_baud_gen_g6363/Y         -       A->Y    F     INVxp33_ASAP7_75t_R          2  1.3    58    53    1143    (-,-) 
  u_apb_uart_u_baud_gen_g6346/Y         -       B->Y    R     NOR2xp33_ASAP7_75t_R         3  2.0    97    63    1206    (-,-) 
  u_apb_uart_u_baud_gen_g6330/Y         -       B->Y    R     OR2x2_ASAP7_75t_R            2  1.6    21    52    1258    (-,-) 
  u_apb_uart_u_baud_gen_g6318/Y         -       B->Y    R     OR2x2_ASAP7_75t_R            2  1.5    19    32    1290    (-,-) 
  u_apb_uart_u_baud_gen_g6303/Y         -       C->Y    F     OAI221xp5_ASAP7_75t_R        2  1.5    68    36    1326    (-,-) 
  u_apb_uart_u_baud_gen_g6294/Y         -       B->Y    R     AOI21xp33_ASAP7_75t_R        2  1.4    80    58    1384    (-,-) 
  u_apb_uart_u_baud_gen_g6293/Y         -       A->Y    F     INVxp33_ASAP7_75t_R          1  0.8    44    41    1425    (-,-) 
  u_apb_uart_u_baud_gen_g6287/Y         -       A1->Y   R     OAI221xp5_ASAP7_75t_R        1  0.9    71    49    1474    (-,-) 
  u_apb_uart_u_baud_gen_g6284/Y         -       C->Y    F     AOI321xp33_ASAP7_75t_R       1  0.8    53    35    1509    (-,-) 
  u_apb_uart_u_baud_gen_g6283/Y         -       B->Y    R     AOI21xp33_ASAP7_75t_R        2  1.7    88    59    1568    (-,-) 
  u_apb_uart_u_baud_gen_g6282/Y         -       A->Y    F     INVx1_ASAP7_75t_R           16  9.5   106    82    1651    (-,-) 
  u_apb_uart_u_baud_gen_g6273/Y         -       B->Y    R     OAI211xp5_ASAP7_75t_R        1  0.9    63    47    1698    (-,-) 
  u_apb_uart_u_baud_gen_rx_cnt_reg[1]/D -       -       R     DFFASRHQNx1_ASAP7_75t_R      1    -     -     0    1698    (-,-) 
#------------------------------------------------------------------------------------------------------------------------------



Path 5: MET (2223 ps) Setup Check with Pin u_apb_uart_u_baud_gen_rx_cnt_reg[3]/CLK->D
           View: view_ss
          Group: CLK_UART
     Startpoint: (R) u_apb_uart_reg_clk_div_reg[16]/CLK
          Clock: (R) CLK_UART
       Endpoint: (R) u_apb_uart_u_baud_gen_rx_cnt_reg[3]/D
          Clock: (R) CLK_UART

                     Capture       Launch     
        Clock Edge:+    4000            0     
       Src Latency:+     100          150     
       Net Latency:+       0 (I)        0 (I) 
           Arrival:=    4100          150     
                                              
             Setup:-      29                  
       Uncertainty:-     150                  
     Required Time:=    3921                  
      Launch Clock:-     150                  
         Data Path:-    1548                  
             Slack:=    2223                  

#------------------------------------------------------------------------------------------------------------------------------
#             Timing Point              Flags    Arc    Edge          Cell            Fanout Load Trans Delay Arrival Instance 
#                                                                                            (fF)  (ps)  (ps)   (ps)  Location 
#------------------------------------------------------------------------------------------------------------------------------
  u_apb_uart_reg_clk_div_reg[16]/CLK    -       -       R     (arrival)                   32    -    40     0     150    (-,-) 
  u_apb_uart_reg_clk_div_reg[16]/QN     -       CLK->QN F     DFFASRHQNx1_ASAP7_75t_R      4  2.3    54   110     260    (-,-) 
  u_apb_uart_u_baud_gen_g6455/Y         -       A->Y    R     NOR2xp33_ASAP7_75t_R         2  1.2    64    44     304    (-,-) 
  u_apb_uart_u_baud_gen_g6452/Y         -       A->Y    F     INVxp33_ASAP7_75t_R          2  1.3    52    46     350    (-,-) 
  u_apb_uart_u_baud_gen_g6447/Y         -       B->Y    R     NOR2xp33_ASAP7_75t_R         2  1.3    69    48     398    (-,-) 
  u_apb_uart_u_baud_gen_g6445/Y         -       A->Y    F     INVxp33_ASAP7_75t_R          3  2.5    85    66     464    (-,-) 
  u_apb_uart_u_baud_gen_g6438/Y         -       A->Y    R     NOR3xp33_ASAP7_75t_R         3  2.3   121    78     542    (-,-) 
  u_apb_uart_u_baud_gen_g6434/Y         -       A->Y    F     INVxp33_ASAP7_75t_R          2  1.6    74    68     610    (-,-) 
  u_apb_uart_u_baud_gen_g6423/Y         -       A->Y    R     NOR3xp33_ASAP7_75t_R         4  3.0   146    89     698    (-,-) 
  u_apb_uart_u_baud_gen_g6416/Y         -       A->Y    F     NAND3xp33_ASAP7_75t_R        4  3.0   116    90     788    (-,-) 
  u_apb_uart_u_baud_gen_g6403/Y         -       A->Y    R     NOR3xp33_ASAP7_75t_R         2  1.4    95    67     855    (-,-) 
  u_apb_uart_u_baud_gen_g6398/Y         -       A->Y    F     INVxp33_ASAP7_75t_R          2  1.3    60    55     910    (-,-) 
  u_apb_uart_u_baud_gen_g6381/Y         -       B->Y    R     NOR2xp33_ASAP7_75t_R         2  1.3    70    50     960    (-,-) 
  u_apb_uart_u_baud_gen_g6375/Y         -       A->Y    F     INVxp33_ASAP7_75t_R          3  2.6    88    68    1028    (-,-) 
  u_apb_uart_u_baud_gen_g6370/Y         -       A->Y    R     NOR3xp33_ASAP7_75t_R         2  1.4    88    61    1090    (-,-) 
  u_apb_uart_u_baud_gen_g6363/Y         -       A->Y    F     INVxp33_ASAP7_75t_R          2  1.3    58    53    1143    (-,-) 
  u_apb_uart_u_baud_gen_g6346/Y         -       B->Y    R     NOR2xp33_ASAP7_75t_R         3  2.0    97    63    1206    (-,-) 
  u_apb_uart_u_baud_gen_g6330/Y         -       B->Y    R     OR2x2_ASAP7_75t_R            2  1.6    21    52    1258    (-,-) 
  u_apb_uart_u_baud_gen_g6318/Y         -       B->Y    R     OR2x2_ASAP7_75t_R            2  1.5    19    32    1290    (-,-) 
  u_apb_uart_u_baud_gen_g6303/Y         -       C->Y    F     OAI221xp5_ASAP7_75t_R        2  1.5    68    36    1326    (-,-) 
  u_apb_uart_u_baud_gen_g6294/Y         -       B->Y    R     AOI21xp33_ASAP7_75t_R        2  1.4    80    58    1384    (-,-) 
  u_apb_uart_u_baud_gen_g6293/Y         -       A->Y    F     INVxp33_ASAP7_75t_R          1  0.8    44    41    1425    (-,-) 
  u_apb_uart_u_baud_gen_g6287/Y         -       A1->Y   R     OAI221xp5_ASAP7_75t_R        1  0.9    71    49    1474    (-,-) 
  u_apb_uart_u_baud_gen_g6284/Y         -       C->Y    F     AOI321xp33_ASAP7_75t_R       1  0.8    53    35    1509    (-,-) 
  u_apb_uart_u_baud_gen_g6283/Y         -       B->Y    R     AOI21xp33_ASAP7_75t_R        2  1.7    88    59    1568    (-,-) 
  u_apb_uart_u_baud_gen_g6282/Y         -       A->Y    F     INVx1_ASAP7_75t_R           16  9.5   106    82    1651    (-,-) 
  u_apb_uart_u_baud_gen_g6265/Y         -       B->Y    R     OAI211xp5_ASAP7_75t_R        1  0.9    63    47    1698    (-,-) 
  u_apb_uart_u_baud_gen_rx_cnt_reg[3]/D -       -       R     DFFASRHQNx1_ASAP7_75t_R      1    -     -     0    1698    (-,-) 
#------------------------------------------------------------------------------------------------------------------------------



Path 6: MET (2223 ps) Setup Check with Pin u_apb_uart_u_baud_gen_rx_cnt_reg[4]/CLK->D
           View: view_ss
          Group: CLK_UART
     Startpoint: (R) u_apb_uart_reg_clk_div_reg[16]/CLK
          Clock: (R) CLK_UART
       Endpoint: (R) u_apb_uart_u_baud_gen_rx_cnt_reg[4]/D
          Clock: (R) CLK_UART

                     Capture       Launch     
        Clock Edge:+    4000            0     
       Src Latency:+     100          150     
       Net Latency:+       0 (I)        0 (I) 
           Arrival:=    4100          150     
                                              
             Setup:-      29                  
       Uncertainty:-     150                  
     Required Time:=    3921                  
      Launch Clock:-     150                  
         Data Path:-    1548                  
             Slack:=    2223                  

#------------------------------------------------------------------------------------------------------------------------------
#             Timing Point              Flags    Arc    Edge          Cell            Fanout Load Trans Delay Arrival Instance 
#                                                                                            (fF)  (ps)  (ps)   (ps)  Location 
#------------------------------------------------------------------------------------------------------------------------------
  u_apb_uart_reg_clk_div_reg[16]/CLK    -       -       R     (arrival)                   32    -    40     0     150    (-,-) 
  u_apb_uart_reg_clk_div_reg[16]/QN     -       CLK->QN F     DFFASRHQNx1_ASAP7_75t_R      4  2.3    54   110     260    (-,-) 
  u_apb_uart_u_baud_gen_g6455/Y         -       A->Y    R     NOR2xp33_ASAP7_75t_R         2  1.2    64    44     304    (-,-) 
  u_apb_uart_u_baud_gen_g6452/Y         -       A->Y    F     INVxp33_ASAP7_75t_R          2  1.3    52    46     350    (-,-) 
  u_apb_uart_u_baud_gen_g6447/Y         -       B->Y    R     NOR2xp33_ASAP7_75t_R         2  1.3    69    48     398    (-,-) 
  u_apb_uart_u_baud_gen_g6445/Y         -       A->Y    F     INVxp33_ASAP7_75t_R          3  2.5    85    66     464    (-,-) 
  u_apb_uart_u_baud_gen_g6438/Y         -       A->Y    R     NOR3xp33_ASAP7_75t_R         3  2.3   121    78     542    (-,-) 
  u_apb_uart_u_baud_gen_g6434/Y         -       A->Y    F     INVxp33_ASAP7_75t_R          2  1.6    74    68     610    (-,-) 
  u_apb_uart_u_baud_gen_g6423/Y         -       A->Y    R     NOR3xp33_ASAP7_75t_R         4  3.0   146    89     698    (-,-) 
  u_apb_uart_u_baud_gen_g6416/Y         -       A->Y    F     NAND3xp33_ASAP7_75t_R        4  3.0   116    90     788    (-,-) 
  u_apb_uart_u_baud_gen_g6403/Y         -       A->Y    R     NOR3xp33_ASAP7_75t_R         2  1.4    95    67     855    (-,-) 
  u_apb_uart_u_baud_gen_g6398/Y         -       A->Y    F     INVxp33_ASAP7_75t_R          2  1.3    60    55     910    (-,-) 
  u_apb_uart_u_baud_gen_g6381/Y         -       B->Y    R     NOR2xp33_ASAP7_75t_R         2  1.3    70    50     960    (-,-) 
  u_apb_uart_u_baud_gen_g6375/Y         -       A->Y    F     INVxp33_ASAP7_75t_R          3  2.6    88    68    1028    (-,-) 
  u_apb_uart_u_baud_gen_g6370/Y         -       A->Y    R     NOR3xp33_ASAP7_75t_R         2  1.4    88    61    1090    (-,-) 
  u_apb_uart_u_baud_gen_g6363/Y         -       A->Y    F     INVxp33_ASAP7_75t_R          2  1.3    58    53    1143    (-,-) 
  u_apb_uart_u_baud_gen_g6346/Y         -       B->Y    R     NOR2xp33_ASAP7_75t_R         3  2.0    97    63    1206    (-,-) 
  u_apb_uart_u_baud_gen_g6330/Y         -       B->Y    R     OR2x2_ASAP7_75t_R            2  1.6    21    52    1258    (-,-) 
  u_apb_uart_u_baud_gen_g6318/Y         -       B->Y    R     OR2x2_ASAP7_75t_R            2  1.5    19    32    1290    (-,-) 
  u_apb_uart_u_baud_gen_g6303/Y         -       C->Y    F     OAI221xp5_ASAP7_75t_R        2  1.5    68    36    1326    (-,-) 
  u_apb_uart_u_baud_gen_g6294/Y         -       B->Y    R     AOI21xp33_ASAP7_75t_R        2  1.4    80    58    1384    (-,-) 
  u_apb_uart_u_baud_gen_g6293/Y         -       A->Y    F     INVxp33_ASAP7_75t_R          1  0.8    44    41    1425    (-,-) 
  u_apb_uart_u_baud_gen_g6287/Y         -       A1->Y   R     OAI221xp5_ASAP7_75t_R        1  0.9    71    49    1474    (-,-) 
  u_apb_uart_u_baud_gen_g6284/Y         -       C->Y    F     AOI321xp33_ASAP7_75t_R       1  0.8    53    35    1509    (-,-) 
  u_apb_uart_u_baud_gen_g6283/Y         -       B->Y    R     AOI21xp33_ASAP7_75t_R        2  1.7    88    59    1568    (-,-) 
  u_apb_uart_u_baud_gen_g6282/Y         -       A->Y    F     INVx1_ASAP7_75t_R           16  9.5   106    82    1651    (-,-) 
  u_apb_uart_u_baud_gen_g6270/Y         -       B->Y    R     OAI211xp5_ASAP7_75t_R        1  0.9    63    47    1698    (-,-) 
  u_apb_uart_u_baud_gen_rx_cnt_reg[4]/D -       -       R     DFFASRHQNx1_ASAP7_75t_R      1    -     -     0    1698    (-,-) 
#------------------------------------------------------------------------------------------------------------------------------



Path 7: MET (2223 ps) Setup Check with Pin u_apb_uart_u_baud_gen_rx_cnt_reg[5]/CLK->D
           View: view_ss
          Group: CLK_UART
     Startpoint: (R) u_apb_uart_reg_clk_div_reg[16]/CLK
          Clock: (R) CLK_UART
       Endpoint: (R) u_apb_uart_u_baud_gen_rx_cnt_reg[5]/D
          Clock: (R) CLK_UART

                     Capture       Launch     
        Clock Edge:+    4000            0     
       Src Latency:+     100          150     
       Net Latency:+       0 (I)        0 (I) 
           Arrival:=    4100          150     
                                              
             Setup:-      29                  
       Uncertainty:-     150                  
     Required Time:=    3921                  
      Launch Clock:-     150                  
         Data Path:-    1548                  
             Slack:=    2223                  

#------------------------------------------------------------------------------------------------------------------------------
#             Timing Point              Flags    Arc    Edge          Cell            Fanout Load Trans Delay Arrival Instance 
#                                                                                            (fF)  (ps)  (ps)   (ps)  Location 
#------------------------------------------------------------------------------------------------------------------------------
  u_apb_uart_reg_clk_div_reg[16]/CLK    -       -       R     (arrival)                   32    -    40     0     150    (-,-) 
  u_apb_uart_reg_clk_div_reg[16]/QN     -       CLK->QN F     DFFASRHQNx1_ASAP7_75t_R      4  2.3    54   110     260    (-,-) 
  u_apb_uart_u_baud_gen_g6455/Y         -       A->Y    R     NOR2xp33_ASAP7_75t_R         2  1.2    64    44     304    (-,-) 
  u_apb_uart_u_baud_gen_g6452/Y         -       A->Y    F     INVxp33_ASAP7_75t_R          2  1.3    52    46     350    (-,-) 
  u_apb_uart_u_baud_gen_g6447/Y         -       B->Y    R     NOR2xp33_ASAP7_75t_R         2  1.3    69    48     398    (-,-) 
  u_apb_uart_u_baud_gen_g6445/Y         -       A->Y    F     INVxp33_ASAP7_75t_R          3  2.5    85    66     464    (-,-) 
  u_apb_uart_u_baud_gen_g6438/Y         -       A->Y    R     NOR3xp33_ASAP7_75t_R         3  2.3   121    78     542    (-,-) 
  u_apb_uart_u_baud_gen_g6434/Y         -       A->Y    F     INVxp33_ASAP7_75t_R          2  1.6    74    68     610    (-,-) 
  u_apb_uart_u_baud_gen_g6423/Y         -       A->Y    R     NOR3xp33_ASAP7_75t_R         4  3.0   146    89     698    (-,-) 
  u_apb_uart_u_baud_gen_g6416/Y         -       A->Y    F     NAND3xp33_ASAP7_75t_R        4  3.0   116    90     788    (-,-) 
  u_apb_uart_u_baud_gen_g6403/Y         -       A->Y    R     NOR3xp33_ASAP7_75t_R         2  1.4    95    67     855    (-,-) 
  u_apb_uart_u_baud_gen_g6398/Y         -       A->Y    F     INVxp33_ASAP7_75t_R          2  1.3    60    55     910    (-,-) 
  u_apb_uart_u_baud_gen_g6381/Y         -       B->Y    R     NOR2xp33_ASAP7_75t_R         2  1.3    70    50     960    (-,-) 
  u_apb_uart_u_baud_gen_g6375/Y         -       A->Y    F     INVxp33_ASAP7_75t_R          3  2.6    88    68    1028    (-,-) 
  u_apb_uart_u_baud_gen_g6370/Y         -       A->Y    R     NOR3xp33_ASAP7_75t_R         2  1.4    88    61    1090    (-,-) 
  u_apb_uart_u_baud_gen_g6363/Y         -       A->Y    F     INVxp33_ASAP7_75t_R          2  1.3    58    53    1143    (-,-) 
  u_apb_uart_u_baud_gen_g6346/Y         -       B->Y    R     NOR2xp33_ASAP7_75t_R         3  2.0    97    63    1206    (-,-) 
  u_apb_uart_u_baud_gen_g6330/Y         -       B->Y    R     OR2x2_ASAP7_75t_R            2  1.6    21    52    1258    (-,-) 
  u_apb_uart_u_baud_gen_g6318/Y         -       B->Y    R     OR2x2_ASAP7_75t_R            2  1.5    19    32    1290    (-,-) 
  u_apb_uart_u_baud_gen_g6303/Y         -       C->Y    F     OAI221xp5_ASAP7_75t_R        2  1.5    68    36    1326    (-,-) 
  u_apb_uart_u_baud_gen_g6294/Y         -       B->Y    R     AOI21xp33_ASAP7_75t_R        2  1.4    80    58    1384    (-,-) 
  u_apb_uart_u_baud_gen_g6293/Y         -       A->Y    F     INVxp33_ASAP7_75t_R          1  0.8    44    41    1425    (-,-) 
  u_apb_uart_u_baud_gen_g6287/Y         -       A1->Y   R     OAI221xp5_ASAP7_75t_R        1  0.9    71    49    1474    (-,-) 
  u_apb_uart_u_baud_gen_g6284/Y         -       C->Y    F     AOI321xp33_ASAP7_75t_R       1  0.8    53    35    1509    (-,-) 
  u_apb_uart_u_baud_gen_g6283/Y         -       B->Y    R     AOI21xp33_ASAP7_75t_R        2  1.7    88    59    1568    (-,-) 
  u_apb_uart_u_baud_gen_g6282/Y         -       A->Y    F     INVx1_ASAP7_75t_R           16  9.5   106    82    1651    (-,-) 
  u_apb_uart_u_baud_gen_g6271/Y         -       B->Y    R     OAI211xp5_ASAP7_75t_R        1  0.9    63    47    1698    (-,-) 
  u_apb_uart_u_baud_gen_rx_cnt_reg[5]/D -       -       R     DFFASRHQNx1_ASAP7_75t_R      1    -     -     0    1698    (-,-) 
#------------------------------------------------------------------------------------------------------------------------------



Path 8: MET (2223 ps) Setup Check with Pin u_apb_uart_u_baud_gen_rx_cnt_reg[6]/CLK->D
           View: view_ss
          Group: CLK_UART
     Startpoint: (R) u_apb_uart_reg_clk_div_reg[16]/CLK
          Clock: (R) CLK_UART
       Endpoint: (R) u_apb_uart_u_baud_gen_rx_cnt_reg[6]/D
          Clock: (R) CLK_UART

                     Capture       Launch     
        Clock Edge:+    4000            0     
       Src Latency:+     100          150     
       Net Latency:+       0 (I)        0 (I) 
           Arrival:=    4100          150     
                                              
             Setup:-      29                  
       Uncertainty:-     150                  
     Required Time:=    3921                  
      Launch Clock:-     150                  
         Data Path:-    1548                  
             Slack:=    2223                  

#------------------------------------------------------------------------------------------------------------------------------
#             Timing Point              Flags    Arc    Edge          Cell            Fanout Load Trans Delay Arrival Instance 
#                                                                                            (fF)  (ps)  (ps)   (ps)  Location 
#------------------------------------------------------------------------------------------------------------------------------
  u_apb_uart_reg_clk_div_reg[16]/CLK    -       -       R     (arrival)                   32    -    40     0     150    (-,-) 
  u_apb_uart_reg_clk_div_reg[16]/QN     -       CLK->QN F     DFFASRHQNx1_ASAP7_75t_R      4  2.3    54   110     260    (-,-) 
  u_apb_uart_u_baud_gen_g6455/Y         -       A->Y    R     NOR2xp33_ASAP7_75t_R         2  1.2    64    44     304    (-,-) 
  u_apb_uart_u_baud_gen_g6452/Y         -       A->Y    F     INVxp33_ASAP7_75t_R          2  1.3    52    46     350    (-,-) 
  u_apb_uart_u_baud_gen_g6447/Y         -       B->Y    R     NOR2xp33_ASAP7_75t_R         2  1.3    69    48     398    (-,-) 
  u_apb_uart_u_baud_gen_g6445/Y         -       A->Y    F     INVxp33_ASAP7_75t_R          3  2.5    85    66     464    (-,-) 
  u_apb_uart_u_baud_gen_g6438/Y         -       A->Y    R     NOR3xp33_ASAP7_75t_R         3  2.3   121    78     542    (-,-) 
  u_apb_uart_u_baud_gen_g6434/Y         -       A->Y    F     INVxp33_ASAP7_75t_R          2  1.6    74    68     610    (-,-) 
  u_apb_uart_u_baud_gen_g6423/Y         -       A->Y    R     NOR3xp33_ASAP7_75t_R         4  3.0   146    89     698    (-,-) 
  u_apb_uart_u_baud_gen_g6416/Y         -       A->Y    F     NAND3xp33_ASAP7_75t_R        4  3.0   116    90     788    (-,-) 
  u_apb_uart_u_baud_gen_g6403/Y         -       A->Y    R     NOR3xp33_ASAP7_75t_R         2  1.4    95    67     855    (-,-) 
  u_apb_uart_u_baud_gen_g6398/Y         -       A->Y    F     INVxp33_ASAP7_75t_R          2  1.3    60    55     910    (-,-) 
  u_apb_uart_u_baud_gen_g6381/Y         -       B->Y    R     NOR2xp33_ASAP7_75t_R         2  1.3    70    50     960    (-,-) 
  u_apb_uart_u_baud_gen_g6375/Y         -       A->Y    F     INVxp33_ASAP7_75t_R          3  2.6    88    68    1028    (-,-) 
  u_apb_uart_u_baud_gen_g6370/Y         -       A->Y    R     NOR3xp33_ASAP7_75t_R         2  1.4    88    61    1090    (-,-) 
  u_apb_uart_u_baud_gen_g6363/Y         -       A->Y    F     INVxp33_ASAP7_75t_R          2  1.3    58    53    1143    (-,-) 
  u_apb_uart_u_baud_gen_g6346/Y         -       B->Y    R     NOR2xp33_ASAP7_75t_R         3  2.0    97    63    1206    (-,-) 
  u_apb_uart_u_baud_gen_g6330/Y         -       B->Y    R     OR2x2_ASAP7_75t_R            2  1.6    21    52    1258    (-,-) 
  u_apb_uart_u_baud_gen_g6318/Y         -       B->Y    R     OR2x2_ASAP7_75t_R            2  1.5    19    32    1290    (-,-) 
  u_apb_uart_u_baud_gen_g6303/Y         -       C->Y    F     OAI221xp5_ASAP7_75t_R        2  1.5    68    36    1326    (-,-) 
  u_apb_uart_u_baud_gen_g6294/Y         -       B->Y    R     AOI21xp33_ASAP7_75t_R        2  1.4    80    58    1384    (-,-) 
  u_apb_uart_u_baud_gen_g6293/Y         -       A->Y    F     INVxp33_ASAP7_75t_R          1  0.8    44    41    1425    (-,-) 
  u_apb_uart_u_baud_gen_g6287/Y         -       A1->Y   R     OAI221xp5_ASAP7_75t_R        1  0.9    71    49    1474    (-,-) 
  u_apb_uart_u_baud_gen_g6284/Y         -       C->Y    F     AOI321xp33_ASAP7_75t_R       1  0.8    53    35    1509    (-,-) 
  u_apb_uart_u_baud_gen_g6283/Y         -       B->Y    R     AOI21xp33_ASAP7_75t_R        2  1.7    88    59    1568    (-,-) 
  u_apb_uart_u_baud_gen_g6282/Y         -       A->Y    F     INVx1_ASAP7_75t_R           16  9.5   106    82    1651    (-,-) 
  u_apb_uart_u_baud_gen_g6272/Y         -       B->Y    R     OAI211xp5_ASAP7_75t_R        1  0.9    63    47    1698    (-,-) 
  u_apb_uart_u_baud_gen_rx_cnt_reg[6]/D -       -       R     DFFASRHQNx1_ASAP7_75t_R      1    -     -     0    1698    (-,-) 
#------------------------------------------------------------------------------------------------------------------------------



Path 9: MET (2223 ps) Setup Check with Pin u_apb_uart_u_baud_gen_rx_cnt_reg[7]/CLK->D
           View: view_ss
          Group: CLK_UART
     Startpoint: (R) u_apb_uart_reg_clk_div_reg[16]/CLK
          Clock: (R) CLK_UART
       Endpoint: (R) u_apb_uart_u_baud_gen_rx_cnt_reg[7]/D
          Clock: (R) CLK_UART

                     Capture       Launch     
        Clock Edge:+    4000            0     
       Src Latency:+     100          150     
       Net Latency:+       0 (I)        0 (I) 
           Arrival:=    4100          150     
                                              
             Setup:-      29                  
       Uncertainty:-     150                  
     Required Time:=    3921                  
      Launch Clock:-     150                  
         Data Path:-    1548                  
             Slack:=    2223                  

#------------------------------------------------------------------------------------------------------------------------------
#             Timing Point              Flags    Arc    Edge          Cell            Fanout Load Trans Delay Arrival Instance 
#                                                                                            (fF)  (ps)  (ps)   (ps)  Location 
#------------------------------------------------------------------------------------------------------------------------------
  u_apb_uart_reg_clk_div_reg[16]/CLK    -       -       R     (arrival)                   32    -    40     0     150    (-,-) 
  u_apb_uart_reg_clk_div_reg[16]/QN     -       CLK->QN F     DFFASRHQNx1_ASAP7_75t_R      4  2.3    54   110     260    (-,-) 
  u_apb_uart_u_baud_gen_g6455/Y         -       A->Y    R     NOR2xp33_ASAP7_75t_R         2  1.2    64    44     304    (-,-) 
  u_apb_uart_u_baud_gen_g6452/Y         -       A->Y    F     INVxp33_ASAP7_75t_R          2  1.3    52    46     350    (-,-) 
  u_apb_uart_u_baud_gen_g6447/Y         -       B->Y    R     NOR2xp33_ASAP7_75t_R         2  1.3    69    48     398    (-,-) 
  u_apb_uart_u_baud_gen_g6445/Y         -       A->Y    F     INVxp33_ASAP7_75t_R          3  2.5    85    66     464    (-,-) 
  u_apb_uart_u_baud_gen_g6438/Y         -       A->Y    R     NOR3xp33_ASAP7_75t_R         3  2.3   121    78     542    (-,-) 
  u_apb_uart_u_baud_gen_g6434/Y         -       A->Y    F     INVxp33_ASAP7_75t_R          2  1.6    74    68     610    (-,-) 
  u_apb_uart_u_baud_gen_g6423/Y         -       A->Y    R     NOR3xp33_ASAP7_75t_R         4  3.0   146    89     698    (-,-) 
  u_apb_uart_u_baud_gen_g6416/Y         -       A->Y    F     NAND3xp33_ASAP7_75t_R        4  3.0   116    90     788    (-,-) 
  u_apb_uart_u_baud_gen_g6403/Y         -       A->Y    R     NOR3xp33_ASAP7_75t_R         2  1.4    95    67     855    (-,-) 
  u_apb_uart_u_baud_gen_g6398/Y         -       A->Y    F     INVxp33_ASAP7_75t_R          2  1.3    60    55     910    (-,-) 
  u_apb_uart_u_baud_gen_g6381/Y         -       B->Y    R     NOR2xp33_ASAP7_75t_R         2  1.3    70    50     960    (-,-) 
  u_apb_uart_u_baud_gen_g6375/Y         -       A->Y    F     INVxp33_ASAP7_75t_R          3  2.6    88    68    1028    (-,-) 
  u_apb_uart_u_baud_gen_g6370/Y         -       A->Y    R     NOR3xp33_ASAP7_75t_R         2  1.4    88    61    1090    (-,-) 
  u_apb_uart_u_baud_gen_g6363/Y         -       A->Y    F     INVxp33_ASAP7_75t_R          2  1.3    58    53    1143    (-,-) 
  u_apb_uart_u_baud_gen_g6346/Y         -       B->Y    R     NOR2xp33_ASAP7_75t_R         3  2.0    97    63    1206    (-,-) 
  u_apb_uart_u_baud_gen_g6330/Y         -       B->Y    R     OR2x2_ASAP7_75t_R            2  1.6    21    52    1258    (-,-) 
  u_apb_uart_u_baud_gen_g6318/Y         -       B->Y    R     OR2x2_ASAP7_75t_R            2  1.5    19    32    1290    (-,-) 
  u_apb_uart_u_baud_gen_g6303/Y         -       C->Y    F     OAI221xp5_ASAP7_75t_R        2  1.5    68    36    1326    (-,-) 
  u_apb_uart_u_baud_gen_g6294/Y         -       B->Y    R     AOI21xp33_ASAP7_75t_R        2  1.4    80    58    1384    (-,-) 
  u_apb_uart_u_baud_gen_g6293/Y         -       A->Y    F     INVxp33_ASAP7_75t_R          1  0.8    44    41    1425    (-,-) 
  u_apb_uart_u_baud_gen_g6287/Y         -       A1->Y   R     OAI221xp5_ASAP7_75t_R        1  0.9    71    49    1474    (-,-) 
  u_apb_uart_u_baud_gen_g6284/Y         -       C->Y    F     AOI321xp33_ASAP7_75t_R       1  0.8    53    35    1509    (-,-) 
  u_apb_uart_u_baud_gen_g6283/Y         -       B->Y    R     AOI21xp33_ASAP7_75t_R        2  1.7    88    59    1568    (-,-) 
  u_apb_uart_u_baud_gen_g6282/Y         -       A->Y    F     INVx1_ASAP7_75t_R           16  9.5   106    82    1651    (-,-) 
  u_apb_uart_u_baud_gen_g6281/Y         -       B->Y    R     OAI211xp5_ASAP7_75t_R        1  0.9    63    47    1698    (-,-) 
  u_apb_uart_u_baud_gen_rx_cnt_reg[7]/D -       -       R     DFFASRHQNx1_ASAP7_75t_R      1    -     -     0    1698    (-,-) 
#------------------------------------------------------------------------------------------------------------------------------



Path 10: MET (2223 ps) Setup Check with Pin u_apb_uart_u_baud_gen_rx_cnt_reg[8]/CLK->D
           View: view_ss
          Group: CLK_UART
     Startpoint: (R) u_apb_uart_reg_clk_div_reg[16]/CLK
          Clock: (R) CLK_UART
       Endpoint: (R) u_apb_uart_u_baud_gen_rx_cnt_reg[8]/D
          Clock: (R) CLK_UART

                     Capture       Launch     
        Clock Edge:+    4000            0     
       Src Latency:+     100          150     
       Net Latency:+       0 (I)        0 (I) 
           Arrival:=    4100          150     
                                              
             Setup:-      29                  
       Uncertainty:-     150                  
     Required Time:=    3921                  
      Launch Clock:-     150                  
         Data Path:-    1548                  
             Slack:=    2223                  

#------------------------------------------------------------------------------------------------------------------------------
#             Timing Point              Flags    Arc    Edge          Cell            Fanout Load Trans Delay Arrival Instance 
#                                                                                            (fF)  (ps)  (ps)   (ps)  Location 
#------------------------------------------------------------------------------------------------------------------------------
  u_apb_uart_reg_clk_div_reg[16]/CLK    -       -       R     (arrival)                   32    -    40     0     150    (-,-) 
  u_apb_uart_reg_clk_div_reg[16]/QN     -       CLK->QN F     DFFASRHQNx1_ASAP7_75t_R      4  2.3    54   110     260    (-,-) 
  u_apb_uart_u_baud_gen_g6455/Y         -       A->Y    R     NOR2xp33_ASAP7_75t_R         2  1.2    64    44     304    (-,-) 
  u_apb_uart_u_baud_gen_g6452/Y         -       A->Y    F     INVxp33_ASAP7_75t_R          2  1.3    52    46     350    (-,-) 
  u_apb_uart_u_baud_gen_g6447/Y         -       B->Y    R     NOR2xp33_ASAP7_75t_R         2  1.3    69    48     398    (-,-) 
  u_apb_uart_u_baud_gen_g6445/Y         -       A->Y    F     INVxp33_ASAP7_75t_R          3  2.5    85    66     464    (-,-) 
  u_apb_uart_u_baud_gen_g6438/Y         -       A->Y    R     NOR3xp33_ASAP7_75t_R         3  2.3   121    78     542    (-,-) 
  u_apb_uart_u_baud_gen_g6434/Y         -       A->Y    F     INVxp33_ASAP7_75t_R          2  1.6    74    68     610    (-,-) 
  u_apb_uart_u_baud_gen_g6423/Y         -       A->Y    R     NOR3xp33_ASAP7_75t_R         4  3.0   146    89     698    (-,-) 
  u_apb_uart_u_baud_gen_g6416/Y         -       A->Y    F     NAND3xp33_ASAP7_75t_R        4  3.0   116    90     788    (-,-) 
  u_apb_uart_u_baud_gen_g6403/Y         -       A->Y    R     NOR3xp33_ASAP7_75t_R         2  1.4    95    67     855    (-,-) 
  u_apb_uart_u_baud_gen_g6398/Y         -       A->Y    F     INVxp33_ASAP7_75t_R          2  1.3    60    55     910    (-,-) 
  u_apb_uart_u_baud_gen_g6381/Y         -       B->Y    R     NOR2xp33_ASAP7_75t_R         2  1.3    70    50     960    (-,-) 
  u_apb_uart_u_baud_gen_g6375/Y         -       A->Y    F     INVxp33_ASAP7_75t_R          3  2.6    88    68    1028    (-,-) 
  u_apb_uart_u_baud_gen_g6370/Y         -       A->Y    R     NOR3xp33_ASAP7_75t_R         2  1.4    88    61    1090    (-,-) 
  u_apb_uart_u_baud_gen_g6363/Y         -       A->Y    F     INVxp33_ASAP7_75t_R          2  1.3    58    53    1143    (-,-) 
  u_apb_uart_u_baud_gen_g6346/Y         -       B->Y    R     NOR2xp33_ASAP7_75t_R         3  2.0    97    63    1206    (-,-) 
  u_apb_uart_u_baud_gen_g6330/Y         -       B->Y    R     OR2x2_ASAP7_75t_R            2  1.6    21    52    1258    (-,-) 
  u_apb_uart_u_baud_gen_g6318/Y         -       B->Y    R     OR2x2_ASAP7_75t_R            2  1.5    19    32    1290    (-,-) 
  u_apb_uart_u_baud_gen_g6303/Y         -       C->Y    F     OAI221xp5_ASAP7_75t_R        2  1.5    68    36    1326    (-,-) 
  u_apb_uart_u_baud_gen_g6294/Y         -       B->Y    R     AOI21xp33_ASAP7_75t_R        2  1.4    80    58    1384    (-,-) 
  u_apb_uart_u_baud_gen_g6293/Y         -       A->Y    F     INVxp33_ASAP7_75t_R          1  0.8    44    41    1425    (-,-) 
  u_apb_uart_u_baud_gen_g6287/Y         -       A1->Y   R     OAI221xp5_ASAP7_75t_R        1  0.9    71    49    1474    (-,-) 
  u_apb_uart_u_baud_gen_g6284/Y         -       C->Y    F     AOI321xp33_ASAP7_75t_R       1  0.8    53    35    1509    (-,-) 
  u_apb_uart_u_baud_gen_g6283/Y         -       B->Y    R     AOI21xp33_ASAP7_75t_R        2  1.7    88    59    1568    (-,-) 
  u_apb_uart_u_baud_gen_g6282/Y         -       A->Y    F     INVx1_ASAP7_75t_R           16  9.5   106    82    1651    (-,-) 
  u_apb_uart_u_baud_gen_g6275/Y         -       B->Y    R     OAI211xp5_ASAP7_75t_R        1  0.9    63    47    1698    (-,-) 
  u_apb_uart_u_baud_gen_rx_cnt_reg[8]/D -       -       R     DFFASRHQNx1_ASAP7_75t_R      1    -     -     0    1698    (-,-) 
#------------------------------------------------------------------------------------------------------------------------------



Path 11: MET (2223 ps) Setup Check with Pin u_apb_uart_u_baud_gen_rx_cnt_reg[9]/CLK->D
           View: view_ss
          Group: CLK_UART
     Startpoint: (R) u_apb_uart_reg_clk_div_reg[16]/CLK
          Clock: (R) CLK_UART
       Endpoint: (R) u_apb_uart_u_baud_gen_rx_cnt_reg[9]/D
          Clock: (R) CLK_UART

                     Capture       Launch     
        Clock Edge:+    4000            0     
       Src Latency:+     100          150     
       Net Latency:+       0 (I)        0 (I) 
           Arrival:=    4100          150     
                                              
             Setup:-      29                  
       Uncertainty:-     150                  
     Required Time:=    3921                  
      Launch Clock:-     150                  
         Data Path:-    1548                  
             Slack:=    2223                  

#------------------------------------------------------------------------------------------------------------------------------
#             Timing Point              Flags    Arc    Edge          Cell            Fanout Load Trans Delay Arrival Instance 
#                                                                                            (fF)  (ps)  (ps)   (ps)  Location 
#------------------------------------------------------------------------------------------------------------------------------
  u_apb_uart_reg_clk_div_reg[16]/CLK    -       -       R     (arrival)                   32    -    40     0     150    (-,-) 
  u_apb_uart_reg_clk_div_reg[16]/QN     -       CLK->QN F     DFFASRHQNx1_ASAP7_75t_R      4  2.3    54   110     260    (-,-) 
  u_apb_uart_u_baud_gen_g6455/Y         -       A->Y    R     NOR2xp33_ASAP7_75t_R         2  1.2    64    44     304    (-,-) 
  u_apb_uart_u_baud_gen_g6452/Y         -       A->Y    F     INVxp33_ASAP7_75t_R          2  1.3    52    46     350    (-,-) 
  u_apb_uart_u_baud_gen_g6447/Y         -       B->Y    R     NOR2xp33_ASAP7_75t_R         2  1.3    69    48     398    (-,-) 
  u_apb_uart_u_baud_gen_g6445/Y         -       A->Y    F     INVxp33_ASAP7_75t_R          3  2.5    85    66     464    (-,-) 
  u_apb_uart_u_baud_gen_g6438/Y         -       A->Y    R     NOR3xp33_ASAP7_75t_R         3  2.3   121    78     542    (-,-) 
  u_apb_uart_u_baud_gen_g6434/Y         -       A->Y    F     INVxp33_ASAP7_75t_R          2  1.6    74    68     610    (-,-) 
  u_apb_uart_u_baud_gen_g6423/Y         -       A->Y    R     NOR3xp33_ASAP7_75t_R         4  3.0   146    89     698    (-,-) 
  u_apb_uart_u_baud_gen_g6416/Y         -       A->Y    F     NAND3xp33_ASAP7_75t_R        4  3.0   116    90     788    (-,-) 
  u_apb_uart_u_baud_gen_g6403/Y         -       A->Y    R     NOR3xp33_ASAP7_75t_R         2  1.4    95    67     855    (-,-) 
  u_apb_uart_u_baud_gen_g6398/Y         -       A->Y    F     INVxp33_ASAP7_75t_R          2  1.3    60    55     910    (-,-) 
  u_apb_uart_u_baud_gen_g6381/Y         -       B->Y    R     NOR2xp33_ASAP7_75t_R         2  1.3    70    50     960    (-,-) 
  u_apb_uart_u_baud_gen_g6375/Y         -       A->Y    F     INVxp33_ASAP7_75t_R          3  2.6    88    68    1028    (-,-) 
  u_apb_uart_u_baud_gen_g6370/Y         -       A->Y    R     NOR3xp33_ASAP7_75t_R         2  1.4    88    61    1090    (-,-) 
  u_apb_uart_u_baud_gen_g6363/Y         -       A->Y    F     INVxp33_ASAP7_75t_R          2  1.3    58    53    1143    (-,-) 
  u_apb_uart_u_baud_gen_g6346/Y         -       B->Y    R     NOR2xp33_ASAP7_75t_R         3  2.0    97    63    1206    (-,-) 
  u_apb_uart_u_baud_gen_g6330/Y         -       B->Y    R     OR2x2_ASAP7_75t_R            2  1.6    21    52    1258    (-,-) 
  u_apb_uart_u_baud_gen_g6318/Y         -       B->Y    R     OR2x2_ASAP7_75t_R            2  1.5    19    32    1290    (-,-) 
  u_apb_uart_u_baud_gen_g6303/Y         -       C->Y    F     OAI221xp5_ASAP7_75t_R        2  1.5    68    36    1326    (-,-) 
  u_apb_uart_u_baud_gen_g6294/Y         -       B->Y    R     AOI21xp33_ASAP7_75t_R        2  1.4    80    58    1384    (-,-) 
  u_apb_uart_u_baud_gen_g6293/Y         -       A->Y    F     INVxp33_ASAP7_75t_R          1  0.8    44    41    1425    (-,-) 
  u_apb_uart_u_baud_gen_g6287/Y         -       A1->Y   R     OAI221xp5_ASAP7_75t_R        1  0.9    71    49    1474    (-,-) 
  u_apb_uart_u_baud_gen_g6284/Y         -       C->Y    F     AOI321xp33_ASAP7_75t_R       1  0.8    53    35    1509    (-,-) 
  u_apb_uart_u_baud_gen_g6283/Y         -       B->Y    R     AOI21xp33_ASAP7_75t_R        2  1.7    88    59    1568    (-,-) 
  u_apb_uart_u_baud_gen_g6282/Y         -       A->Y    F     INVx1_ASAP7_75t_R           16  9.5   106    82    1651    (-,-) 
  u_apb_uart_u_baud_gen_g6274/Y         -       B->Y    R     OAI211xp5_ASAP7_75t_R        1  0.9    63    47    1698    (-,-) 
  u_apb_uart_u_baud_gen_rx_cnt_reg[9]/D -       -       R     DFFASRHQNx1_ASAP7_75t_R      1    -     -     0    1698    (-,-) 
#------------------------------------------------------------------------------------------------------------------------------



Path 12: MET (2223 ps) Setup Check with Pin u_apb_uart_u_baud_gen_rx_cnt_reg[10]/CLK->D
           View: view_ss
          Group: CLK_UART
     Startpoint: (R) u_apb_uart_reg_clk_div_reg[16]/CLK
          Clock: (R) CLK_UART
       Endpoint: (R) u_apb_uart_u_baud_gen_rx_cnt_reg[10]/D
          Clock: (R) CLK_UART

                     Capture       Launch     
        Clock Edge:+    4000            0     
       Src Latency:+     100          150     
       Net Latency:+       0 (I)        0 (I) 
           Arrival:=    4100          150     
                                              
             Setup:-      29                  
       Uncertainty:-     150                  
     Required Time:=    3921                  
      Launch Clock:-     150                  
         Data Path:-    1548                  
             Slack:=    2223                  

#-------------------------------------------------------------------------------------------------------------------------------
#             Timing Point               Flags    Arc    Edge          Cell            Fanout Load Trans Delay Arrival Instance 
#                                                                                             (fF)  (ps)  (ps)   (ps)  Location 
#-------------------------------------------------------------------------------------------------------------------------------
  u_apb_uart_reg_clk_div_reg[16]/CLK     -       -       R     (arrival)                   32    -    40     0     150    (-,-) 
  u_apb_uart_reg_clk_div_reg[16]/QN      -       CLK->QN F     DFFASRHQNx1_ASAP7_75t_R      4  2.3    54   110     260    (-,-) 
  u_apb_uart_u_baud_gen_g6455/Y          -       A->Y    R     NOR2xp33_ASAP7_75t_R         2  1.2    64    44     304    (-,-) 
  u_apb_uart_u_baud_gen_g6452/Y          -       A->Y    F     INVxp33_ASAP7_75t_R          2  1.3    52    46     350    (-,-) 
  u_apb_uart_u_baud_gen_g6447/Y          -       B->Y    R     NOR2xp33_ASAP7_75t_R         2  1.3    69    48     398    (-,-) 
  u_apb_uart_u_baud_gen_g6445/Y          -       A->Y    F     INVxp33_ASAP7_75t_R          3  2.5    85    66     464    (-,-) 
  u_apb_uart_u_baud_gen_g6438/Y          -       A->Y    R     NOR3xp33_ASAP7_75t_R         3  2.3   121    78     542    (-,-) 
  u_apb_uart_u_baud_gen_g6434/Y          -       A->Y    F     INVxp33_ASAP7_75t_R          2  1.6    74    68     610    (-,-) 
  u_apb_uart_u_baud_gen_g6423/Y          -       A->Y    R     NOR3xp33_ASAP7_75t_R         4  3.0   146    89     698    (-,-) 
  u_apb_uart_u_baud_gen_g6416/Y          -       A->Y    F     NAND3xp33_ASAP7_75t_R        4  3.0   116    90     788    (-,-) 
  u_apb_uart_u_baud_gen_g6403/Y          -       A->Y    R     NOR3xp33_ASAP7_75t_R         2  1.4    95    67     855    (-,-) 
  u_apb_uart_u_baud_gen_g6398/Y          -       A->Y    F     INVxp33_ASAP7_75t_R          2  1.3    60    55     910    (-,-) 
  u_apb_uart_u_baud_gen_g6381/Y          -       B->Y    R     NOR2xp33_ASAP7_75t_R         2  1.3    70    50     960    (-,-) 
  u_apb_uart_u_baud_gen_g6375/Y          -       A->Y    F     INVxp33_ASAP7_75t_R          3  2.6    88    68    1028    (-,-) 
  u_apb_uart_u_baud_gen_g6370/Y          -       A->Y    R     NOR3xp33_ASAP7_75t_R         2  1.4    88    61    1090    (-,-) 
  u_apb_uart_u_baud_gen_g6363/Y          -       A->Y    F     INVxp33_ASAP7_75t_R          2  1.3    58    53    1143    (-,-) 
  u_apb_uart_u_baud_gen_g6346/Y          -       B->Y    R     NOR2xp33_ASAP7_75t_R         3  2.0    97    63    1206    (-,-) 
  u_apb_uart_u_baud_gen_g6330/Y          -       B->Y    R     OR2x2_ASAP7_75t_R            2  1.6    21    52    1258    (-,-) 
  u_apb_uart_u_baud_gen_g6318/Y          -       B->Y    R     OR2x2_ASAP7_75t_R            2  1.5    19    32    1290    (-,-) 
  u_apb_uart_u_baud_gen_g6303/Y          -       C->Y    F     OAI221xp5_ASAP7_75t_R        2  1.5    68    36    1326    (-,-) 
  u_apb_uart_u_baud_gen_g6294/Y          -       B->Y    R     AOI21xp33_ASAP7_75t_R        2  1.4    80    58    1384    (-,-) 
  u_apb_uart_u_baud_gen_g6293/Y          -       A->Y    F     INVxp33_ASAP7_75t_R          1  0.8    44    41    1425    (-,-) 
  u_apb_uart_u_baud_gen_g6287/Y          -       A1->Y   R     OAI221xp5_ASAP7_75t_R        1  0.9    71    49    1474    (-,-) 
  u_apb_uart_u_baud_gen_g6284/Y          -       C->Y    F     AOI321xp33_ASAP7_75t_R       1  0.8    53    35    1509    (-,-) 
  u_apb_uart_u_baud_gen_g6283/Y          -       B->Y    R     AOI21xp33_ASAP7_75t_R        2  1.7    88    59    1568    (-,-) 
  u_apb_uart_u_baud_gen_g6282/Y          -       A->Y    F     INVx1_ASAP7_75t_R           16  9.5   106    82    1651    (-,-) 
  u_apb_uart_u_baud_gen_g6276/Y          -       B->Y    R     OAI211xp5_ASAP7_75t_R        1  0.9    63    47    1698    (-,-) 
  u_apb_uart_u_baud_gen_rx_cnt_reg[10]/D -       -       R     DFFASRHQNx1_ASAP7_75t_R      1    -     -     0    1698    (-,-) 
#-------------------------------------------------------------------------------------------------------------------------------



Path 13: MET (2223 ps) Setup Check with Pin u_apb_uart_u_baud_gen_rx_cnt_reg[11]/CLK->D
           View: view_ss
          Group: CLK_UART
     Startpoint: (R) u_apb_uart_reg_clk_div_reg[16]/CLK
          Clock: (R) CLK_UART
       Endpoint: (R) u_apb_uart_u_baud_gen_rx_cnt_reg[11]/D
          Clock: (R) CLK_UART

                     Capture       Launch     
        Clock Edge:+    4000            0     
       Src Latency:+     100          150     
       Net Latency:+       0 (I)        0 (I) 
           Arrival:=    4100          150     
                                              
             Setup:-      29                  
       Uncertainty:-     150                  
     Required Time:=    3921                  
      Launch Clock:-     150                  
         Data Path:-    1548                  
             Slack:=    2223                  

#-------------------------------------------------------------------------------------------------------------------------------
#             Timing Point               Flags    Arc    Edge          Cell            Fanout Load Trans Delay Arrival Instance 
#                                                                                             (fF)  (ps)  (ps)   (ps)  Location 
#-------------------------------------------------------------------------------------------------------------------------------
  u_apb_uart_reg_clk_div_reg[16]/CLK     -       -       R     (arrival)                   32    -    40     0     150    (-,-) 
  u_apb_uart_reg_clk_div_reg[16]/QN      -       CLK->QN F     DFFASRHQNx1_ASAP7_75t_R      4  2.3    54   110     260    (-,-) 
  u_apb_uart_u_baud_gen_g6455/Y          -       A->Y    R     NOR2xp33_ASAP7_75t_R         2  1.2    64    44     304    (-,-) 
  u_apb_uart_u_baud_gen_g6452/Y          -       A->Y    F     INVxp33_ASAP7_75t_R          2  1.3    52    46     350    (-,-) 
  u_apb_uart_u_baud_gen_g6447/Y          -       B->Y    R     NOR2xp33_ASAP7_75t_R         2  1.3    69    48     398    (-,-) 
  u_apb_uart_u_baud_gen_g6445/Y          -       A->Y    F     INVxp33_ASAP7_75t_R          3  2.5    85    66     464    (-,-) 
  u_apb_uart_u_baud_gen_g6438/Y          -       A->Y    R     NOR3xp33_ASAP7_75t_R         3  2.3   121    78     542    (-,-) 
  u_apb_uart_u_baud_gen_g6434/Y          -       A->Y    F     INVxp33_ASAP7_75t_R          2  1.6    74    68     610    (-,-) 
  u_apb_uart_u_baud_gen_g6423/Y          -       A->Y    R     NOR3xp33_ASAP7_75t_R         4  3.0   146    89     698    (-,-) 
  u_apb_uart_u_baud_gen_g6416/Y          -       A->Y    F     NAND3xp33_ASAP7_75t_R        4  3.0   116    90     788    (-,-) 
  u_apb_uart_u_baud_gen_g6403/Y          -       A->Y    R     NOR3xp33_ASAP7_75t_R         2  1.4    95    67     855    (-,-) 
  u_apb_uart_u_baud_gen_g6398/Y          -       A->Y    F     INVxp33_ASAP7_75t_R          2  1.3    60    55     910    (-,-) 
  u_apb_uart_u_baud_gen_g6381/Y          -       B->Y    R     NOR2xp33_ASAP7_75t_R         2  1.3    70    50     960    (-,-) 
  u_apb_uart_u_baud_gen_g6375/Y          -       A->Y    F     INVxp33_ASAP7_75t_R          3  2.6    88    68    1028    (-,-) 
  u_apb_uart_u_baud_gen_g6370/Y          -       A->Y    R     NOR3xp33_ASAP7_75t_R         2  1.4    88    61    1090    (-,-) 
  u_apb_uart_u_baud_gen_g6363/Y          -       A->Y    F     INVxp33_ASAP7_75t_R          2  1.3    58    53    1143    (-,-) 
  u_apb_uart_u_baud_gen_g6346/Y          -       B->Y    R     NOR2xp33_ASAP7_75t_R         3  2.0    97    63    1206    (-,-) 
  u_apb_uart_u_baud_gen_g6330/Y          -       B->Y    R     OR2x2_ASAP7_75t_R            2  1.6    21    52    1258    (-,-) 
  u_apb_uart_u_baud_gen_g6318/Y          -       B->Y    R     OR2x2_ASAP7_75t_R            2  1.5    19    32    1290    (-,-) 
  u_apb_uart_u_baud_gen_g6303/Y          -       C->Y    F     OAI221xp5_ASAP7_75t_R        2  1.5    68    36    1326    (-,-) 
  u_apb_uart_u_baud_gen_g6294/Y          -       B->Y    R     AOI21xp33_ASAP7_75t_R        2  1.4    80    58    1384    (-,-) 
  u_apb_uart_u_baud_gen_g6293/Y          -       A->Y    F     INVxp33_ASAP7_75t_R          1  0.8    44    41    1425    (-,-) 
  u_apb_uart_u_baud_gen_g6287/Y          -       A1->Y   R     OAI221xp5_ASAP7_75t_R        1  0.9    71    49    1474    (-,-) 
  u_apb_uart_u_baud_gen_g6284/Y          -       C->Y    F     AOI321xp33_ASAP7_75t_R       1  0.8    53    35    1509    (-,-) 
  u_apb_uart_u_baud_gen_g6283/Y          -       B->Y    R     AOI21xp33_ASAP7_75t_R        2  1.7    88    59    1568    (-,-) 
  u_apb_uart_u_baud_gen_g6282/Y          -       A->Y    F     INVx1_ASAP7_75t_R           16  9.5   106    82    1651    (-,-) 
  u_apb_uart_u_baud_gen_g6277/Y          -       B->Y    R     OAI211xp5_ASAP7_75t_R        1  0.9    63    47    1698    (-,-) 
  u_apb_uart_u_baud_gen_rx_cnt_reg[11]/D -       -       R     DFFASRHQNx1_ASAP7_75t_R      1    -     -     0    1698    (-,-) 
#-------------------------------------------------------------------------------------------------------------------------------



Path 14: MET (2223 ps) Setup Check with Pin u_apb_uart_u_baud_gen_rx_cnt_reg[14]/CLK->D
           View: view_ss
          Group: CLK_UART
     Startpoint: (R) u_apb_uart_reg_clk_div_reg[16]/CLK
          Clock: (R) CLK_UART
       Endpoint: (R) u_apb_uart_u_baud_gen_rx_cnt_reg[14]/D
          Clock: (R) CLK_UART

                     Capture       Launch     
        Clock Edge:+    4000            0     
       Src Latency:+     100          150     
       Net Latency:+       0 (I)        0 (I) 
           Arrival:=    4100          150     
                                              
             Setup:-      29                  
       Uncertainty:-     150                  
     Required Time:=    3921                  
      Launch Clock:-     150                  
         Data Path:-    1548                  
             Slack:=    2223                  

#-------------------------------------------------------------------------------------------------------------------------------
#             Timing Point               Flags    Arc    Edge          Cell            Fanout Load Trans Delay Arrival Instance 
#                                                                                             (fF)  (ps)  (ps)   (ps)  Location 
#-------------------------------------------------------------------------------------------------------------------------------
  u_apb_uart_reg_clk_div_reg[16]/CLK     -       -       R     (arrival)                   32    -    40     0     150    (-,-) 
  u_apb_uart_reg_clk_div_reg[16]/QN      -       CLK->QN F     DFFASRHQNx1_ASAP7_75t_R      4  2.3    54   110     260    (-,-) 
  u_apb_uart_u_baud_gen_g6455/Y          -       A->Y    R     NOR2xp33_ASAP7_75t_R         2  1.2    64    44     304    (-,-) 
  u_apb_uart_u_baud_gen_g6452/Y          -       A->Y    F     INVxp33_ASAP7_75t_R          2  1.3    52    46     350    (-,-) 
  u_apb_uart_u_baud_gen_g6447/Y          -       B->Y    R     NOR2xp33_ASAP7_75t_R         2  1.3    69    48     398    (-,-) 
  u_apb_uart_u_baud_gen_g6445/Y          -       A->Y    F     INVxp33_ASAP7_75t_R          3  2.5    85    66     464    (-,-) 
  u_apb_uart_u_baud_gen_g6438/Y          -       A->Y    R     NOR3xp33_ASAP7_75t_R         3  2.3   121    78     542    (-,-) 
  u_apb_uart_u_baud_gen_g6434/Y          -       A->Y    F     INVxp33_ASAP7_75t_R          2  1.6    74    68     610    (-,-) 
  u_apb_uart_u_baud_gen_g6423/Y          -       A->Y    R     NOR3xp33_ASAP7_75t_R         4  3.0   146    89     698    (-,-) 
  u_apb_uart_u_baud_gen_g6416/Y          -       A->Y    F     NAND3xp33_ASAP7_75t_R        4  3.0   116    90     788    (-,-) 
  u_apb_uart_u_baud_gen_g6403/Y          -       A->Y    R     NOR3xp33_ASAP7_75t_R         2  1.4    95    67     855    (-,-) 
  u_apb_uart_u_baud_gen_g6398/Y          -       A->Y    F     INVxp33_ASAP7_75t_R          2  1.3    60    55     910    (-,-) 
  u_apb_uart_u_baud_gen_g6381/Y          -       B->Y    R     NOR2xp33_ASAP7_75t_R         2  1.3    70    50     960    (-,-) 
  u_apb_uart_u_baud_gen_g6375/Y          -       A->Y    F     INVxp33_ASAP7_75t_R          3  2.6    88    68    1028    (-,-) 
  u_apb_uart_u_baud_gen_g6370/Y          -       A->Y    R     NOR3xp33_ASAP7_75t_R         2  1.4    88    61    1090    (-,-) 
  u_apb_uart_u_baud_gen_g6363/Y          -       A->Y    F     INVxp33_ASAP7_75t_R          2  1.3    58    53    1143    (-,-) 
  u_apb_uart_u_baud_gen_g6346/Y          -       B->Y    R     NOR2xp33_ASAP7_75t_R         3  2.0    97    63    1206    (-,-) 
  u_apb_uart_u_baud_gen_g6330/Y          -       B->Y    R     OR2x2_ASAP7_75t_R            2  1.6    21    52    1258    (-,-) 
  u_apb_uart_u_baud_gen_g6318/Y          -       B->Y    R     OR2x2_ASAP7_75t_R            2  1.5    19    32    1290    (-,-) 
  u_apb_uart_u_baud_gen_g6303/Y          -       C->Y    F     OAI221xp5_ASAP7_75t_R        2  1.5    68    36    1326    (-,-) 
  u_apb_uart_u_baud_gen_g6294/Y          -       B->Y    R     AOI21xp33_ASAP7_75t_R        2  1.4    80    58    1384    (-,-) 
  u_apb_uart_u_baud_gen_g6293/Y          -       A->Y    F     INVxp33_ASAP7_75t_R          1  0.8    44    41    1425    (-,-) 
  u_apb_uart_u_baud_gen_g6287/Y          -       A1->Y   R     OAI221xp5_ASAP7_75t_R        1  0.9    71    49    1474    (-,-) 
  u_apb_uart_u_baud_gen_g6284/Y          -       C->Y    F     AOI321xp33_ASAP7_75t_R       1  0.8    53    35    1509    (-,-) 
  u_apb_uart_u_baud_gen_g6283/Y          -       B->Y    R     AOI21xp33_ASAP7_75t_R        2  1.7    88    59    1568    (-,-) 
  u_apb_uart_u_baud_gen_g6282/Y          -       A->Y    F     INVx1_ASAP7_75t_R           16  9.5   106    82    1651    (-,-) 
  u_apb_uart_u_baud_gen_g6280/Y          -       B->Y    R     OAI211xp5_ASAP7_75t_R        1  0.9    63    47    1698    (-,-) 
  u_apb_uart_u_baud_gen_rx_cnt_reg[14]/D -       -       R     DFFASRHQNx1_ASAP7_75t_R      1    -     -     0    1698    (-,-) 
#-------------------------------------------------------------------------------------------------------------------------------



Path 15: MET (2223 ps) Setup Check with Pin u_apb_uart_u_baud_gen_rx_cnt_reg[12]/CLK->D
           View: view_ss
          Group: CLK_UART
     Startpoint: (R) u_apb_uart_reg_clk_div_reg[16]/CLK
          Clock: (R) CLK_UART
       Endpoint: (R) u_apb_uart_u_baud_gen_rx_cnt_reg[12]/D
          Clock: (R) CLK_UART

                     Capture       Launch     
        Clock Edge:+    4000            0     
       Src Latency:+     100          150     
       Net Latency:+       0 (I)        0 (I) 
           Arrival:=    4100          150     
                                              
             Setup:-      29                  
       Uncertainty:-     150                  
     Required Time:=    3921                  
      Launch Clock:-     150                  
         Data Path:-    1548                  
             Slack:=    2223                  

#-------------------------------------------------------------------------------------------------------------------------------
#             Timing Point               Flags    Arc    Edge          Cell            Fanout Load Trans Delay Arrival Instance 
#                                                                                             (fF)  (ps)  (ps)   (ps)  Location 
#-------------------------------------------------------------------------------------------------------------------------------
  u_apb_uart_reg_clk_div_reg[16]/CLK     -       -       R     (arrival)                   32    -    40     0     150    (-,-) 
  u_apb_uart_reg_clk_div_reg[16]/QN      -       CLK->QN F     DFFASRHQNx1_ASAP7_75t_R      4  2.3    54   110     260    (-,-) 
  u_apb_uart_u_baud_gen_g6455/Y          -       A->Y    R     NOR2xp33_ASAP7_75t_R         2  1.2    64    44     304    (-,-) 
  u_apb_uart_u_baud_gen_g6452/Y          -       A->Y    F     INVxp33_ASAP7_75t_R          2  1.3    52    46     350    (-,-) 
  u_apb_uart_u_baud_gen_g6447/Y          -       B->Y    R     NOR2xp33_ASAP7_75t_R         2  1.3    69    48     398    (-,-) 
  u_apb_uart_u_baud_gen_g6445/Y          -       A->Y    F     INVxp33_ASAP7_75t_R          3  2.5    85    66     464    (-,-) 
  u_apb_uart_u_baud_gen_g6438/Y          -       A->Y    R     NOR3xp33_ASAP7_75t_R         3  2.3   121    78     542    (-,-) 
  u_apb_uart_u_baud_gen_g6434/Y          -       A->Y    F     INVxp33_ASAP7_75t_R          2  1.6    74    68     610    (-,-) 
  u_apb_uart_u_baud_gen_g6423/Y          -       A->Y    R     NOR3xp33_ASAP7_75t_R         4  3.0   146    89     698    (-,-) 
  u_apb_uart_u_baud_gen_g6416/Y          -       A->Y    F     NAND3xp33_ASAP7_75t_R        4  3.0   116    90     788    (-,-) 
  u_apb_uart_u_baud_gen_g6403/Y          -       A->Y    R     NOR3xp33_ASAP7_75t_R         2  1.4    95    67     855    (-,-) 
  u_apb_uart_u_baud_gen_g6398/Y          -       A->Y    F     INVxp33_ASAP7_75t_R          2  1.3    60    55     910    (-,-) 
  u_apb_uart_u_baud_gen_g6381/Y          -       B->Y    R     NOR2xp33_ASAP7_75t_R         2  1.3    70    50     960    (-,-) 
  u_apb_uart_u_baud_gen_g6375/Y          -       A->Y    F     INVxp33_ASAP7_75t_R          3  2.6    88    68    1028    (-,-) 
  u_apb_uart_u_baud_gen_g6370/Y          -       A->Y    R     NOR3xp33_ASAP7_75t_R         2  1.4    88    61    1090    (-,-) 
  u_apb_uart_u_baud_gen_g6363/Y          -       A->Y    F     INVxp33_ASAP7_75t_R          2  1.3    58    53    1143    (-,-) 
  u_apb_uart_u_baud_gen_g6346/Y          -       B->Y    R     NOR2xp33_ASAP7_75t_R         3  2.0    97    63    1206    (-,-) 
  u_apb_uart_u_baud_gen_g6330/Y          -       B->Y    R     OR2x2_ASAP7_75t_R            2  1.6    21    52    1258    (-,-) 
  u_apb_uart_u_baud_gen_g6318/Y          -       B->Y    R     OR2x2_ASAP7_75t_R            2  1.5    19    32    1290    (-,-) 
  u_apb_uart_u_baud_gen_g6303/Y          -       C->Y    F     OAI221xp5_ASAP7_75t_R        2  1.5    68    36    1326    (-,-) 
  u_apb_uart_u_baud_gen_g6294/Y          -       B->Y    R     AOI21xp33_ASAP7_75t_R        2  1.4    80    58    1384    (-,-) 
  u_apb_uart_u_baud_gen_g6293/Y          -       A->Y    F     INVxp33_ASAP7_75t_R          1  0.8    44    41    1425    (-,-) 
  u_apb_uart_u_baud_gen_g6287/Y          -       A1->Y   R     OAI221xp5_ASAP7_75t_R        1  0.9    71    49    1474    (-,-) 
  u_apb_uart_u_baud_gen_g6284/Y          -       C->Y    F     AOI321xp33_ASAP7_75t_R       1  0.8    53    35    1509    (-,-) 
  u_apb_uart_u_baud_gen_g6283/Y          -       B->Y    R     AOI21xp33_ASAP7_75t_R        2  1.7    88    59    1568    (-,-) 
  u_apb_uart_u_baud_gen_g6282/Y          -       A->Y    F     INVx1_ASAP7_75t_R           16  9.5   106    82    1651    (-,-) 
  u_apb_uart_u_baud_gen_g6278/Y          -       B->Y    R     OAI211xp5_ASAP7_75t_R        1  0.9    60    47    1698    (-,-) 
  u_apb_uart_u_baud_gen_rx_cnt_reg[12]/D -       -       R     DFFASRHQNx1_ASAP7_75t_R      1    -     -     0    1698    (-,-) 
#-------------------------------------------------------------------------------------------------------------------------------



Path 16: MET (2242 ps) Setup Check with Pin u_apb_uart_u_baud_gen_tx_cnt_reg[15]/CLK->D
           View: view_ss
          Group: CLK_UART
     Startpoint: (R) u_apb_uart_u_baud_gen_tx_cnt_reg[0]/CLK
          Clock: (R) CLK_UART
       Endpoint: (R) u_apb_uart_u_baud_gen_tx_cnt_reg[15]/D
          Clock: (R) CLK_UART

                     Capture       Launch     
        Clock Edge:+    4000            0     
       Src Latency:+     100          150     
       Net Latency:+       0 (I)        0 (I) 
           Arrival:=    4100          150     
                                              
             Setup:-      28                  
       Uncertainty:-     150                  
     Required Time:=    3922                  
      Launch Clock:-     150                  
         Data Path:-    1530                  
             Slack:=    2242                  

#--------------------------------------------------------------------------------------------------------------------------------
#              Timing Point               Flags    Arc    Edge          Cell            Fanout Load Trans Delay Arrival Instance 
#                                                                                              (fF)  (ps)  (ps)   (ps)  Location 
#--------------------------------------------------------------------------------------------------------------------------------
  u_apb_uart_u_baud_gen_tx_cnt_reg[0]/CLK -       -       R     (arrival)                   90    -    40     0     150    (-,-) 
  u_apb_uart_u_baud_gen_tx_cnt_reg[0]/QN  -       CLK->QN F     DFFASRHQNx1_ASAP7_75t_R      4  2.7    58   114     264    (-,-) 
  u_apb_uart_u_baud_gen_g6457/Y           -       B->Y    R     NAND2xp33_ASAP7_75t_R        3  1.8    91    63     327    (-,-) 
  u_apb_uart_u_baud_gen_g6454/Y           -       A->Y    F     INVxp33_ASAP7_75t_R          2  1.4    62    56     384    (-,-) 
  u_apb_uart_u_baud_gen_g6446/Y           -       B->Y    R     NAND2xp33_ASAP7_75t_R        2  1.3    72    54     438    (-,-) 
  u_apb_uart_u_baud_gen_g6444/Y           -       A->Y    F     INVxp33_ASAP7_75t_R          2  1.4    57    51     488    (-,-) 
  u_apb_uart_u_baud_gen_g6433/Y           -       B->Y    R     NAND2xp33_ASAP7_75t_R        2  1.3    72    52     541    (-,-) 
  u_apb_uart_u_baud_gen_g6429/Y           -       A->Y    F     INVxp33_ASAP7_75t_R          2  1.4    57    51     592    (-,-) 
  u_apb_uart_u_baud_gen_g6421/Y           -       B->Y    R     NAND2xp33_ASAP7_75t_R        2  1.3    72    52     644    (-,-) 
  u_apb_uart_u_baud_gen_g6419/Y           -       A->Y    F     INVxp33_ASAP7_75t_R          2  1.4    57    51     695    (-,-) 
  u_apb_uart_u_baud_gen_g6410/Y           -       B->Y    R     NAND2xp33_ASAP7_75t_R        2  1.3    72    52     747    (-,-) 
  u_apb_uart_u_baud_gen_g6405/Y           -       A->Y    F     INVxp33_ASAP7_75t_R          2  1.4    57    51     798    (-,-) 
  u_apb_uart_u_baud_gen_g6395/Y           -       B->Y    R     NAND2xp33_ASAP7_75t_R        2  1.3    72    52     850    (-,-) 
  u_apb_uart_u_baud_gen_g6390/Y           -       A->Y    F     INVxp33_ASAP7_75t_R          2  1.4    57    51     901    (-,-) 
  u_apb_uart_u_baud_gen_g6378/Y           -       B->Y    R     NAND2xp33_ASAP7_75t_R        2  1.3    72    52     954    (-,-) 
  u_apb_uart_u_baud_gen_g6373/Y           -       A->Y    F     INVxp33_ASAP7_75t_R          2  1.4    57    50    1004    (-,-) 
  u_apb_uart_u_baud_gen_g6362/Y           -       B->Y    R     NAND2xp33_ASAP7_75t_R        2  1.3    72    52    1056    (-,-) 
  u_apb_uart_u_baud_gen_g6356/Y           -       A->Y    F     INVxp33_ASAP7_75t_R          2  1.4    57    51    1107    (-,-) 
  u_apb_uart_u_baud_gen_g6345/Y           -       B->Y    R     NAND2xp33_ASAP7_75t_R        2  1.3    72    52    1160    (-,-) 
  u_apb_uart_u_baud_gen_g6341/Y           -       A->Y    F     INVxp33_ASAP7_75t_R          2  1.4    57    51    1210    (-,-) 
  u_apb_uart_u_baud_gen_g6331/Y           -       B->Y    R     NAND2xp33_ASAP7_75t_R        3  1.7    88    60    1270    (-,-) 
  u_apb_uart_u_baud_gen_g6320/Y           -       B->Y    F     NOR2xp33_ASAP7_75t_R         3  1.8    78    64    1334    (-,-) 
  u_apb_uart_u_baud_gen_g6310/Y           -       B->Y    R     NAND2xp33_ASAP7_75t_R        2  1.3    75    60    1394    (-,-) 
  u_apb_uart_u_baud_gen_g6306/Y           -       A->Y    F     INVxp33_ASAP7_75t_R          2  1.4    57    52    1446    (-,-) 
  u_apb_uart_u_baud_gen_g6304/Y           -       B->Y    R     NAND2xp33_ASAP7_75t_R        2  1.3    72    53    1499    (-,-) 
  u_apb_uart_u_baud_gen_g6302/Y           -       A->Y    F     INVxp33_ASAP7_75t_R          2  1.4    57    51    1550    (-,-) 
  u_apb_uart_u_baud_gen_g6295/Y           -       B->Y    R     NAND2xp33_ASAP7_75t_R        2  1.8    92    62    1612    (-,-) 
  u_apb_uart_u_baud_gen_g6291/Y           -       B->Y    F     XNOR2xp5_ASAP7_75t_R         1  0.7    34    31    1643    (-,-) 
  u_apb_uart_u_baud_gen_g6229/Y           -       A->Y    R     NAND2xp33_ASAP7_75t_R        1  0.9    52    38    1680    (-,-) 
  u_apb_uart_u_baud_gen_tx_cnt_reg[15]/D  -       -       R     DFFASRHQNx1_ASAP7_75t_R      1    -     -     0    1680    (-,-) 
#--------------------------------------------------------------------------------------------------------------------------------



Path 17: MET (2288 ps) Setup Check with Pin u_apb_uart_u_baud_gen_baud_rx_en_reg/CLK->D
           View: view_ss
          Group: CLK_UART
     Startpoint: (R) u_apb_uart_reg_clk_div_reg[16]/CLK
          Clock: (R) CLK_UART
       Endpoint: (F) u_apb_uart_u_baud_gen_baud_rx_en_reg/D
          Clock: (R) CLK_UART

                     Capture       Launch     
        Clock Edge:+    4000            0     
       Src Latency:+     100          150     
       Net Latency:+       0 (I)        0 (I) 
           Arrival:=    4100          150     
                                              
             Setup:-      11                  
       Uncertainty:-     150                  
     Required Time:=    3939                  
      Launch Clock:-     150                  
         Data Path:-    1501                  
             Slack:=    2288                  

#-------------------------------------------------------------------------------------------------------------------------------
#             Timing Point               Flags    Arc    Edge          Cell            Fanout Load Trans Delay Arrival Instance 
#                                                                                             (fF)  (ps)  (ps)   (ps)  Location 
#-------------------------------------------------------------------------------------------------------------------------------
  u_apb_uart_reg_clk_div_reg[16]/CLK     -       -       R     (arrival)                   32    -    40     0     150    (-,-) 
  u_apb_uart_reg_clk_div_reg[16]/QN      -       CLK->QN F     DFFASRHQNx1_ASAP7_75t_R      4  2.3    54   110     260    (-,-) 
  u_apb_uart_u_baud_gen_g6455/Y          -       A->Y    R     NOR2xp33_ASAP7_75t_R         2  1.2    64    44     304    (-,-) 
  u_apb_uart_u_baud_gen_g6452/Y          -       A->Y    F     INVxp33_ASAP7_75t_R          2  1.3    52    46     350    (-,-) 
  u_apb_uart_u_baud_gen_g6447/Y          -       B->Y    R     NOR2xp33_ASAP7_75t_R         2  1.3    69    48     398    (-,-) 
  u_apb_uart_u_baud_gen_g6445/Y          -       A->Y    F     INVxp33_ASAP7_75t_R          3  2.5    85    66     464    (-,-) 
  u_apb_uart_u_baud_gen_g6438/Y          -       A->Y    R     NOR3xp33_ASAP7_75t_R         3  2.3   121    78     542    (-,-) 
  u_apb_uart_u_baud_gen_g6434/Y          -       A->Y    F     INVxp33_ASAP7_75t_R          2  1.6    74    68     610    (-,-) 
  u_apb_uart_u_baud_gen_g6423/Y          -       A->Y    R     NOR3xp33_ASAP7_75t_R         4  3.0   146    89     698    (-,-) 
  u_apb_uart_u_baud_gen_g6416/Y          -       A->Y    F     NAND3xp33_ASAP7_75t_R        4  3.0   116    90     788    (-,-) 
  u_apb_uart_u_baud_gen_g6403/Y          -       A->Y    R     NOR3xp33_ASAP7_75t_R         2  1.4    95    67     855    (-,-) 
  u_apb_uart_u_baud_gen_g6398/Y          -       A->Y    F     INVxp33_ASAP7_75t_R          2  1.3    60    55     910    (-,-) 
  u_apb_uart_u_baud_gen_g6381/Y          -       B->Y    R     NOR2xp33_ASAP7_75t_R         2  1.3    70    50     960    (-,-) 
  u_apb_uart_u_baud_gen_g6375/Y          -       A->Y    F     INVxp33_ASAP7_75t_R          3  2.6    88    68    1028    (-,-) 
  u_apb_uart_u_baud_gen_g6370/Y          -       A->Y    R     NOR3xp33_ASAP7_75t_R         2  1.4    88    61    1090    (-,-) 
  u_apb_uart_u_baud_gen_g6363/Y          -       A->Y    F     INVxp33_ASAP7_75t_R          2  1.3    58    53    1143    (-,-) 
  u_apb_uart_u_baud_gen_g6346/Y          -       B->Y    R     NOR2xp33_ASAP7_75t_R         3  2.0    97    63    1206    (-,-) 
  u_apb_uart_u_baud_gen_g6330/Y          -       B->Y    R     OR2x2_ASAP7_75t_R            2  1.6    21    52    1258    (-,-) 
  u_apb_uart_u_baud_gen_g6318/Y          -       B->Y    R     OR2x2_ASAP7_75t_R            2  1.5    19    32    1290    (-,-) 
  u_apb_uart_u_baud_gen_g6303/Y          -       C->Y    F     OAI221xp5_ASAP7_75t_R        2  1.5    68    36    1326    (-,-) 
  u_apb_uart_u_baud_gen_g6294/Y          -       B->Y    R     AOI21xp33_ASAP7_75t_R        2  1.4    80    58    1384    (-,-) 
  u_apb_uart_u_baud_gen_g6293/Y          -       A->Y    F     INVxp33_ASAP7_75t_R          1  0.8    44    41    1425    (-,-) 
  u_apb_uart_u_baud_gen_g6287/Y          -       A1->Y   R     OAI221xp5_ASAP7_75t_R        1  0.9    71    49    1474    (-,-) 
  u_apb_uart_u_baud_gen_g6284/Y          -       C->Y    F     AOI321xp33_ASAP7_75t_R       1  0.8    53    35    1509    (-,-) 
  u_apb_uart_u_baud_gen_g6283/Y          -       B->Y    R     AOI21xp33_ASAP7_75t_R        2  1.7    88    59    1568    (-,-) 
  u_apb_uart_u_baud_gen_g6282/Y          -       A->Y    F     INVx1_ASAP7_75t_R           16  9.5   106    82    1651    (-,-) 
  u_apb_uart_u_baud_gen_baud_rx_en_reg/D -       -       F     DFFASRHQNx1_ASAP7_75t_R     16    -     -     0    1651    (-,-) 
#-------------------------------------------------------------------------------------------------------------------------------



Path 18: MET (2296 ps) Setup Check with Pin u_apb_uart_u_baud_gen_tx_cnt_reg[14]/CLK->D
           View: view_ss
          Group: CLK_UART
     Startpoint: (R) u_apb_uart_u_baud_gen_tx_cnt_reg[0]/CLK
          Clock: (R) CLK_UART
       Endpoint: (F) u_apb_uart_u_baud_gen_tx_cnt_reg[14]/D
          Clock: (R) CLK_UART

                     Capture       Launch     
        Clock Edge:+    4000            0     
       Src Latency:+     100          150     
       Net Latency:+       0 (I)        0 (I) 
           Arrival:=    4100          150     
                                              
             Setup:-       4                  
       Uncertainty:-     150                  
     Required Time:=    3946                  
      Launch Clock:-     150                  
         Data Path:-    1500                  
             Slack:=    2296                  

#--------------------------------------------------------------------------------------------------------------------------------
#              Timing Point               Flags    Arc    Edge          Cell            Fanout Load Trans Delay Arrival Instance 
#                                                                                              (fF)  (ps)  (ps)   (ps)  Location 
#--------------------------------------------------------------------------------------------------------------------------------
  u_apb_uart_u_baud_gen_tx_cnt_reg[0]/CLK -       -       R     (arrival)                   90    -    40     0     150    (-,-) 
  u_apb_uart_u_baud_gen_tx_cnt_reg[0]/QN  -       CLK->QN F     DFFASRHQNx1_ASAP7_75t_R      4  2.7    58   114     264    (-,-) 
  u_apb_uart_u_baud_gen_g6457/Y           -       B->Y    R     NAND2xp33_ASAP7_75t_R        3  1.8    91    63     327    (-,-) 
  u_apb_uart_u_baud_gen_g6454/Y           -       A->Y    F     INVxp33_ASAP7_75t_R          2  1.4    62    56     384    (-,-) 
  u_apb_uart_u_baud_gen_g6446/Y           -       B->Y    R     NAND2xp33_ASAP7_75t_R        2  1.3    72    54     438    (-,-) 
  u_apb_uart_u_baud_gen_g6444/Y           -       A->Y    F     INVxp33_ASAP7_75t_R          2  1.4    57    51     488    (-,-) 
  u_apb_uart_u_baud_gen_g6433/Y           -       B->Y    R     NAND2xp33_ASAP7_75t_R        2  1.3    72    52     541    (-,-) 
  u_apb_uart_u_baud_gen_g6429/Y           -       A->Y    F     INVxp33_ASAP7_75t_R          2  1.4    57    51     592    (-,-) 
  u_apb_uart_u_baud_gen_g6421/Y           -       B->Y    R     NAND2xp33_ASAP7_75t_R        2  1.3    72    52     644    (-,-) 
  u_apb_uart_u_baud_gen_g6419/Y           -       A->Y    F     INVxp33_ASAP7_75t_R          2  1.4    57    51     695    (-,-) 
  u_apb_uart_u_baud_gen_g6410/Y           -       B->Y    R     NAND2xp33_ASAP7_75t_R        2  1.3    72    52     747    (-,-) 
  u_apb_uart_u_baud_gen_g6405/Y           -       A->Y    F     INVxp33_ASAP7_75t_R          2  1.4    57    51     798    (-,-) 
  u_apb_uart_u_baud_gen_g6395/Y           -       B->Y    R     NAND2xp33_ASAP7_75t_R        2  1.3    72    52     850    (-,-) 
  u_apb_uart_u_baud_gen_g6390/Y           -       A->Y    F     INVxp33_ASAP7_75t_R          2  1.4    57    51     901    (-,-) 
  u_apb_uart_u_baud_gen_g6378/Y           -       B->Y    R     NAND2xp33_ASAP7_75t_R        2  1.3    72    52     954    (-,-) 
  u_apb_uart_u_baud_gen_g6373/Y           -       A->Y    F     INVxp33_ASAP7_75t_R          2  1.4    57    50    1004    (-,-) 
  u_apb_uart_u_baud_gen_g6362/Y           -       B->Y    R     NAND2xp33_ASAP7_75t_R        2  1.3    72    52    1056    (-,-) 
  u_apb_uart_u_baud_gen_g6356/Y           -       A->Y    F     INVxp33_ASAP7_75t_R          2  1.4    57    51    1107    (-,-) 
  u_apb_uart_u_baud_gen_g6345/Y           -       B->Y    R     NAND2xp33_ASAP7_75t_R        2  1.3    72    52    1160    (-,-) 
  u_apb_uart_u_baud_gen_g6341/Y           -       A->Y    F     INVxp33_ASAP7_75t_R          2  1.4    57    51    1210    (-,-) 
  u_apb_uart_u_baud_gen_g6331/Y           -       B->Y    R     NAND2xp33_ASAP7_75t_R        3  1.7    88    60    1270    (-,-) 
  u_apb_uart_u_baud_gen_g6320/Y           -       B->Y    F     NOR2xp33_ASAP7_75t_R         3  1.8    78    64    1334    (-,-) 
  u_apb_uart_u_baud_gen_g6310/Y           -       B->Y    R     NAND2xp33_ASAP7_75t_R        2  1.3    75    60    1394    (-,-) 
  u_apb_uart_u_baud_gen_g6306/Y           -       A->Y    F     INVxp33_ASAP7_75t_R          2  1.4    57    52    1446    (-,-) 
  u_apb_uart_u_baud_gen_g6304/Y           -       B->Y    R     NAND2xp33_ASAP7_75t_R        2  1.3    72    53    1499    (-,-) 
  u_apb_uart_u_baud_gen_g6302/Y           -       A->Y    F     INVxp33_ASAP7_75t_R          2  1.4    57    51    1550    (-,-) 
  u_apb_uart_u_baud_gen_g6295/Y           -       B->Y    R     NAND2xp33_ASAP7_75t_R        2  1.8    92    62    1612    (-,-) 
  u_apb_uart_u_baud_gen_g6240/Y           -       C->Y    F     OAI211xp5_ASAP7_75t_R        1  0.9    60    39    1650    (-,-) 
  u_apb_uart_u_baud_gen_tx_cnt_reg[14]/D  -       -       F     DFFASRHQNx1_ASAP7_75t_R      1    -     -     0    1650    (-,-) 
#--------------------------------------------------------------------------------------------------------------------------------



Path 19: MET (2314 ps) Setup Check with Pin u_apb_uart_u_baud_gen_rx_cnt_reg[0]/CLK->D
           View: view_ss
          Group: CLK_UART
     Startpoint: (R) u_apb_uart_reg_clk_div_reg[16]/CLK
          Clock: (R) CLK_UART
       Endpoint: (R) u_apb_uart_u_baud_gen_rx_cnt_reg[0]/D
          Clock: (R) CLK_UART

                     Capture       Launch     
        Clock Edge:+    4000            0     
       Src Latency:+     100          150     
       Net Latency:+       0 (I)        0 (I) 
           Arrival:=    4100          150     
                                              
             Setup:-      20                  
       Uncertainty:-     150                  
     Required Time:=    3930                  
      Launch Clock:-     150                  
         Data Path:-    1466                  
             Slack:=    2314                  

#------------------------------------------------------------------------------------------------------------------------------
#             Timing Point              Flags    Arc    Edge          Cell            Fanout Load Trans Delay Arrival Instance 
#                                                                                            (fF)  (ps)  (ps)   (ps)  Location 
#------------------------------------------------------------------------------------------------------------------------------
  u_apb_uart_reg_clk_div_reg[16]/CLK    -       -       R     (arrival)                   32    -    40     0     150    (-,-) 
  u_apb_uart_reg_clk_div_reg[16]/QN     -       CLK->QN F     DFFASRHQNx1_ASAP7_75t_R      4  2.3    54   110     260    (-,-) 
  u_apb_uart_u_baud_gen_g6455/Y         -       A->Y    R     NOR2xp33_ASAP7_75t_R         2  1.2    64    44     304    (-,-) 
  u_apb_uart_u_baud_gen_g6452/Y         -       A->Y    F     INVxp33_ASAP7_75t_R          2  1.3    52    46     350    (-,-) 
  u_apb_uart_u_baud_gen_g6447/Y         -       B->Y    R     NOR2xp33_ASAP7_75t_R         2  1.3    69    48     398    (-,-) 
  u_apb_uart_u_baud_gen_g6445/Y         -       A->Y    F     INVxp33_ASAP7_75t_R          3  2.5    85    66     464    (-,-) 
  u_apb_uart_u_baud_gen_g6438/Y         -       A->Y    R     NOR3xp33_ASAP7_75t_R         3  2.3   121    78     542    (-,-) 
  u_apb_uart_u_baud_gen_g6434/Y         -       A->Y    F     INVxp33_ASAP7_75t_R          2  1.6    74    68     610    (-,-) 
  u_apb_uart_u_baud_gen_g6423/Y         -       A->Y    R     NOR3xp33_ASAP7_75t_R         4  3.0   146    89     698    (-,-) 
  u_apb_uart_u_baud_gen_g6416/Y         -       A->Y    F     NAND3xp33_ASAP7_75t_R        4  3.0   116    90     788    (-,-) 
  u_apb_uart_u_baud_gen_g6403/Y         -       A->Y    R     NOR3xp33_ASAP7_75t_R         2  1.4    95    67     855    (-,-) 
  u_apb_uart_u_baud_gen_g6398/Y         -       A->Y    F     INVxp33_ASAP7_75t_R          2  1.3    60    55     910    (-,-) 
  u_apb_uart_u_baud_gen_g6381/Y         -       B->Y    R     NOR2xp33_ASAP7_75t_R         2  1.3    70    50     960    (-,-) 
  u_apb_uart_u_baud_gen_g6375/Y         -       A->Y    F     INVxp33_ASAP7_75t_R          3  2.6    88    68    1028    (-,-) 
  u_apb_uart_u_baud_gen_g6370/Y         -       A->Y    R     NOR3xp33_ASAP7_75t_R         2  1.4    88    61    1090    (-,-) 
  u_apb_uart_u_baud_gen_g6363/Y         -       A->Y    F     INVxp33_ASAP7_75t_R          2  1.3    58    53    1143    (-,-) 
  u_apb_uart_u_baud_gen_g6346/Y         -       B->Y    R     NOR2xp33_ASAP7_75t_R         3  2.0    97    63    1206    (-,-) 
  u_apb_uart_u_baud_gen_g6330/Y         -       B->Y    R     OR2x2_ASAP7_75t_R            2  1.6    21    52    1258    (-,-) 
  u_apb_uart_u_baud_gen_g6318/Y         -       B->Y    R     OR2x2_ASAP7_75t_R            2  1.5    19    32    1290    (-,-) 
  u_apb_uart_u_baud_gen_g6303/Y         -       C->Y    F     OAI221xp5_ASAP7_75t_R        2  1.5    68    36    1326    (-,-) 
  u_apb_uart_u_baud_gen_g6294/Y         -       B->Y    R     AOI21xp33_ASAP7_75t_R        2  1.4    80    58    1384    (-,-) 
  u_apb_uart_u_baud_gen_g6293/Y         -       A->Y    F     INVxp33_ASAP7_75t_R          1  0.8    44    41    1425    (-,-) 
  u_apb_uart_u_baud_gen_g6287/Y         -       A1->Y   R     OAI221xp5_ASAP7_75t_R        1  0.9    71    49    1474    (-,-) 
  u_apb_uart_u_baud_gen_g6284/Y         -       C->Y    F     AOI321xp33_ASAP7_75t_R       1  0.8    53    35    1509    (-,-) 
  u_apb_uart_u_baud_gen_g6283/Y         -       B->Y    R     AOI21xp33_ASAP7_75t_R        2  1.7    88    59    1568    (-,-) 
  u_apb_uart_u_baud_gen_g6266/Y         -       B->Y    R     OR2x2_ASAP7_75t_R            1  0.9    17    48    1616    (-,-) 
  u_apb_uart_u_baud_gen_rx_cnt_reg[0]/D -       -       R     DFFASRHQNx1_ASAP7_75t_R      1    -     -     0    1616    (-,-) 
#------------------------------------------------------------------------------------------------------------------------------



Path 20: MET (2413 ps) Setup Check with Pin u_apb_uart_u_baud_gen_tx_cnt_reg[13]/CLK->D
           View: view_ss
          Group: CLK_UART
     Startpoint: (R) u_apb_uart_u_baud_gen_tx_cnt_reg[0]/CLK
          Clock: (R) CLK_UART
       Endpoint: (F) u_apb_uart_u_baud_gen_tx_cnt_reg[13]/D
          Clock: (R) CLK_UART

                     Capture       Launch     
        Clock Edge:+    4000            0     
       Src Latency:+     100          150     
       Net Latency:+       0 (I)        0 (I) 
           Arrival:=    4100          150     
                                              
             Setup:-       2                  
       Uncertainty:-     150                  
     Required Time:=    3948                  
      Launch Clock:-     150                  
         Data Path:-    1385                  
             Slack:=    2413                  

#--------------------------------------------------------------------------------------------------------------------------------
#              Timing Point               Flags    Arc    Edge          Cell            Fanout Load Trans Delay Arrival Instance 
#                                                                                              (fF)  (ps)  (ps)   (ps)  Location 
#--------------------------------------------------------------------------------------------------------------------------------
  u_apb_uart_u_baud_gen_tx_cnt_reg[0]/CLK -       -       R     (arrival)                   90    -    40     0     150    (-,-) 
  u_apb_uart_u_baud_gen_tx_cnt_reg[0]/QN  -       CLK->QN F     DFFASRHQNx1_ASAP7_75t_R      4  2.7    58   114     264    (-,-) 
  u_apb_uart_u_baud_gen_g6457/Y           -       B->Y    R     NAND2xp33_ASAP7_75t_R        3  1.8    91    63     327    (-,-) 
  u_apb_uart_u_baud_gen_g6454/Y           -       A->Y    F     INVxp33_ASAP7_75t_R          2  1.4    62    56     384    (-,-) 
  u_apb_uart_u_baud_gen_g6446/Y           -       B->Y    R     NAND2xp33_ASAP7_75t_R        2  1.3    72    54     438    (-,-) 
  u_apb_uart_u_baud_gen_g6444/Y           -       A->Y    F     INVxp33_ASAP7_75t_R          2  1.4    57    51     488    (-,-) 
  u_apb_uart_u_baud_gen_g6433/Y           -       B->Y    R     NAND2xp33_ASAP7_75t_R        2  1.3    72    52     541    (-,-) 
  u_apb_uart_u_baud_gen_g6429/Y           -       A->Y    F     INVxp33_ASAP7_75t_R          2  1.4    57    51     592    (-,-) 
  u_apb_uart_u_baud_gen_g6421/Y           -       B->Y    R     NAND2xp33_ASAP7_75t_R        2  1.3    72    52     644    (-,-) 
  u_apb_uart_u_baud_gen_g6419/Y           -       A->Y    F     INVxp33_ASAP7_75t_R          2  1.4    57    51     695    (-,-) 
  u_apb_uart_u_baud_gen_g6410/Y           -       B->Y    R     NAND2xp33_ASAP7_75t_R        2  1.3    72    52     747    (-,-) 
  u_apb_uart_u_baud_gen_g6405/Y           -       A->Y    F     INVxp33_ASAP7_75t_R          2  1.4    57    51     798    (-,-) 
  u_apb_uart_u_baud_gen_g6395/Y           -       B->Y    R     NAND2xp33_ASAP7_75t_R        2  1.3    72    52     850    (-,-) 
  u_apb_uart_u_baud_gen_g6390/Y           -       A->Y    F     INVxp33_ASAP7_75t_R          2  1.4    57    51     901    (-,-) 
  u_apb_uart_u_baud_gen_g6378/Y           -       B->Y    R     NAND2xp33_ASAP7_75t_R        2  1.3    72    52     954    (-,-) 
  u_apb_uart_u_baud_gen_g6373/Y           -       A->Y    F     INVxp33_ASAP7_75t_R          2  1.4    57    50    1004    (-,-) 
  u_apb_uart_u_baud_gen_g6362/Y           -       B->Y    R     NAND2xp33_ASAP7_75t_R        2  1.3    72    52    1056    (-,-) 
  u_apb_uart_u_baud_gen_g6356/Y           -       A->Y    F     INVxp33_ASAP7_75t_R          2  1.4    57    51    1107    (-,-) 
  u_apb_uart_u_baud_gen_g6345/Y           -       B->Y    R     NAND2xp33_ASAP7_75t_R        2  1.3    72    52    1160    (-,-) 
  u_apb_uart_u_baud_gen_g6341/Y           -       A->Y    F     INVxp33_ASAP7_75t_R          2  1.4    57    51    1210    (-,-) 
  u_apb_uart_u_baud_gen_g6331/Y           -       B->Y    R     NAND2xp33_ASAP7_75t_R        3  1.7    88    60    1270    (-,-) 
  u_apb_uart_u_baud_gen_g6320/Y           -       B->Y    F     NOR2xp33_ASAP7_75t_R         3  1.8    78    64    1334    (-,-) 
  u_apb_uart_u_baud_gen_g6310/Y           -       B->Y    R     NAND2xp33_ASAP7_75t_R        2  1.3    75    60    1394    (-,-) 
  u_apb_uart_u_baud_gen_g6306/Y           -       A->Y    F     INVxp33_ASAP7_75t_R          2  1.4    57    52    1446    (-,-) 
  u_apb_uart_u_baud_gen_g6304/Y           -       B->Y    R     NAND2xp33_ASAP7_75t_R        2  1.3    72    53    1499    (-,-) 
  u_apb_uart_u_baud_gen_g6239/Y           -       C->Y    F     OAI211xp5_ASAP7_75t_R        1  0.9    49    36    1535    (-,-) 
  u_apb_uart_u_baud_gen_tx_cnt_reg[13]/D  -       -       F     DFFASRHQNx1_ASAP7_75t_R      1    -     -     0    1535    (-,-) 
#--------------------------------------------------------------------------------------------------------------------------------


