============================================================
  Generated by:           Genus(TM) Synthesis Solution 23.14-s090_1
  Generated on:           Sep 10 2026  06:46:58 pm
  Module:                 top_soc
  Operating conditions:   PVT_0P63V_100C 
  Operating conditions:   PVT_0P7V_25C 
  Interconnect mode:      global
  Area mode:              physical library
============================================================


Path 1: MET (1 ps) Setup Check with Pin u_axi_apb_dma_u_dma_engine_gen_ch[1].u_ch_rd_addr_reg[31]/CLK->D
           View: view_ss
          Group: CLK_AXI
     Startpoint: (R) u_axi_apb_dma_u_dma_engine_ch_bmax_reg[1][5]/CLK
          Clock: (R) CLK_AXI
       Endpoint: (R) u_axi_apb_dma_u_dma_engine_gen_ch[1].u_ch_rd_addr_reg[31]/D
          Clock: (R) CLK_AXI

                     Capture       Launch     
        Clock Edge:+    5000            0     
       Src Latency:+     100          150     
       Net Latency:+       0 (I)        0 (I) 
           Arrival:=    5100          150     
                                              
             Setup:-      36                  
       Uncertainty:-     150                  
     Required Time:=    4914                  
      Launch Clock:-     150                  
         Data Path:-    4763                  
             Slack:=       1                  

#----------------------------------------------------------------------------------------------------------------------------------------------------
#                        Timing Point                         Flags    Arc    Edge          Cell            Fanout Load Trans Delay Arrival Instance 
#                                                                                                                  (fF)  (ps)  (ps)   (ps)  Location 
#----------------------------------------------------------------------------------------------------------------------------------------------------
  u_axi_apb_dma_u_dma_engine_ch_bmax_reg[1][5]/CLK            -       -       R     (arrival)                24431    -    40     0     150    (-,-) 
  u_axi_apb_dma_u_dma_engine_ch_bmax_reg[1][5]/QN             -       CLK->QN F     DFFASRHQNx1_ASAP7_75t_R      4  6.1    90   139     289    (-,-) 
  g200684/Y                                                   -       A->Y    F     OR4x1_ASAP7_75t_R            1  2.5    42    83     372    (-,-) 
  g10291/Y                                                    -       A3->Y   F     OA31x2_ASAP7_75t_R           9 13.0    75    79     451    (-,-) 
  g199099/Y                                                   -       B->Y    R     NAND2xp5_ASAP7_75t_R         5  6.3   149    94     545    (-,-) 
  g198566/Y                                                   -       B->Y    F     NOR2xp33_ASAP7_75t_R         1  1.9    90    83     628    (-,-) 
  g10260/Y                                                    -       B->Y    F     OR5x1_ASAP7_75t_R            1  1.9    40    90     718    (-,-) 
  drc_bufs3107/Y                                              -       A->Y    R     INVxp67_ASAP7_75t_R          1  2.0    51    38     756    (-,-) 
  g198147/Y                                                   -       A->Y    R     OR3x1_ASAP7_75t_R            1  2.6    42    44     800    (-,-) 
  g198041/Y                                                   -       B->Y    F     AOI21x1_ASAP7_75t_R          4  6.0    74    43     843    (-,-) 
  drc_bufs2817/Y                                              -       A->Y    R     INVx1_ASAP7_75t_R            5  7.4   116    79     922    (-,-) 
  drc_bufs2816/Y                                              -       A->Y    F     INVxp67_ASAP7_75t_R          4  6.2   111    91    1014    (-,-) 
  g197927/Y                                                   -       B2->Y   R     AOI22xp5_ASAP7_75t_R         2  3.5   128    88    1102    (-,-) 
  g197894/Y                                                   -       A->Y    F     INVxp33_ASAP7_75t_R          2  3.1   115    97    1199    (-,-) 
  g197848/Y                                                   -       B->Y    R     NAND2xp5_ASAP7_75t_R         2  3.0    91    74    1273    (-,-) 
  g197814/Y                                                   -       A->Y    F     INVxp33_ASAP7_75t_R          1  2.0    77    66    1338    (-,-) 
  g197812/Y                                                   -       A->Y    R     NOR3xp33_ASAP7_75t_R         2  3.0   148    90    1428    (-,-) 
  g197660/Y                                                   -       A1->Y   F     AOI21xp33_ASAP7_75t_R        1  1.9    89    75    1503    (-,-) 
  g197562/Y                                                   -       B->Y    R     OAI21xp33_ASAP7_75t_R        1  2.0   101    55    1559    (-,-) 
  g197553/Y                                                   -       B->Y    R     OR2x2_ASAP7_75t_R            8 11.5    88    86    1645    (-,-) 
  g197550/Y                                                   -       A->Y    F     INVx1_ASAP7_75t_R            6  9.2   103    81    1726    (-,-) 
  g197462/Y                                                   -       B2->Y   F     AO22x1_ASAP7_75t_R           4  5.7    66    90    1816    (-,-) 
  u_axi_apb_dma_u_dma_engine_gen_ch[1].u_ch_add_359_48_g504/Y -       B->Y    R     NAND2xp5_ASAP7_75t_R         3  4.7   125    75    1891    (-,-) 
  u_axi_apb_dma_u_dma_engine_gen_ch[1].u_ch_add_359_48_g503/Y -       A->Y    F     INVxp67_ASAP7_75t_R          1  2.1    60    55    1946    (-,-) 
  u_axi_apb_dma_u_dma_engine_gen_ch[1].u_ch_add_359_48_g495/Y -       A->Y    R     MAJIxp5_ASAP7_75t_R          2  3.5   127    74    2020    (-,-) 
  u_axi_apb_dma_u_dma_engine_gen_ch[1].u_ch_add_359_48_g494/Y -       A->Y    F     INVxp67_ASAP7_75t_R          1  2.1    60    56    2075    (-,-) 
  u_axi_apb_dma_u_dma_engine_gen_ch[1].u_ch_add_359_48_g492/Y -       A->Y    R     MAJIxp5_ASAP7_75t_R          2  3.4   124    73    2148    (-,-) 
  u_axi_apb_dma_u_dma_engine_gen_ch[1].u_ch_add_359_48_g491/Y -       A->Y    F     INVxp33_ASAP7_75t_R          1  2.1    88    78    2225    (-,-) 
  u_axi_apb_dma_u_dma_engine_gen_ch[1].u_ch_add_359_48_g489/Y -       A->Y    R     MAJIxp5_ASAP7_75t_R          2  3.4   124    82    2307    (-,-) 
  u_axi_apb_dma_u_dma_engine_gen_ch[1].u_ch_add_359_48_g488/Y -       A->Y    F     INVxp33_ASAP7_75t_R          1  2.1    88    78    2385    (-,-) 
  u_axi_apb_dma_u_dma_engine_gen_ch[1].u_ch_add_359_48_g486/Y -       A->Y    R     MAJIxp5_ASAP7_75t_R          2  3.5   125    83    2467    (-,-) 
  u_axi_apb_dma_u_dma_engine_gen_ch[1].u_ch_add_359_48_g485/Y -       A->Y    F     INVxp67_ASAP7_75t_R          1  2.1    60    55    2522    (-,-) 
  u_axi_apb_dma_u_dma_engine_gen_ch[1].u_ch_add_359_48_g483/Y -       A->Y    R     MAJIxp5_ASAP7_75t_R          2  4.0   140    80    2602    (-,-) 
  u_axi_apb_dma_u_dma_engine_gen_ch[1].u_ch_add_359_48_g482/Y -       A->Y    F     INVxp67_ASAP7_75t_R          1  2.1    64    58    2661    (-,-) 
  u_axi_apb_dma_u_dma_engine_gen_ch[1].u_ch_add_359_48_g480/Y -       A->Y    R     MAJIxp5_ASAP7_75t_R          2  3.3   122    72    2733    (-,-) 
  u_axi_apb_dma_u_dma_engine_gen_ch[1].u_ch_add_359_48_g478/Y -       B->Y    F     NOR2xp67_ASAP7_75t_R         3  4.3    89    79    2812    (-,-) 
  u_axi_apb_dma_u_dma_engine_gen_ch[1].u_ch_add_359_48_g476/Y -       B->Y    R     NAND2xp5_ASAP7_75t_R         3  4.5   116    81    2894    (-,-) 
  u_axi_apb_dma_u_dma_engine_gen_ch[1].u_ch_add_359_48_g474/Y -       B->Y    F     NOR2xp67_ASAP7_75t_R         3  4.3    87    78    2971    (-,-) 
  u_axi_apb_dma_u_dma_engine_gen_ch[1].u_ch_add_359_48_g472/Y -       B->Y    R     NAND2xp5_ASAP7_75t_R         3  4.5   116    81    3052    (-,-) 
  u_axi_apb_dma_u_dma_engine_gen_ch[1].u_ch_add_359_48_g470/Y -       B->Y    F     NOR2xp67_ASAP7_75t_R         3  4.3    87    78    3130    (-,-) 
  u_axi_apb_dma_u_dma_engine_gen_ch[1].u_ch_add_359_48_g468/Y -       B->Y    R     NAND2xp5_ASAP7_75t_R         3  4.5   113    81    3210    (-,-) 
  u_axi_apb_dma_u_dma_engine_gen_ch[1].u_ch_add_359_48_g466/Y -       B->Y    F     NOR2xp67_ASAP7_75t_R         3  4.3    98    77    3287    (-,-) 
  u_axi_apb_dma_u_dma_engine_gen_ch[1].u_ch_add_359_48_g464/Y -       B->Y    R     NAND2xp5_ASAP7_75t_R         3  4.5   115    84    3372    (-,-) 
  u_axi_apb_dma_u_dma_engine_gen_ch[1].u_ch_add_359_48_g462/Y -       B->Y    F     NOR2xp67_ASAP7_75t_R         3  4.3    98    77    3449    (-,-) 
  u_axi_apb_dma_u_dma_engine_gen_ch[1].u_ch_add_359_48_g460/Y -       B->Y    R     NAND2xp5_ASAP7_75t_R         3  4.5   115    84    3533    (-,-) 
  u_axi_apb_dma_u_dma_engine_gen_ch[1].u_ch_add_359_48_g458/Y -       B->Y    F     NOR2xp67_ASAP7_75t_R         3  4.3    98    77    3610    (-,-) 
  u_axi_apb_dma_u_dma_engine_gen_ch[1].u_ch_add_359_48_g456/Y -       B->Y    R     NAND2xp5_ASAP7_75t_R         3  4.5   115    84    3695    (-,-) 
  u_axi_apb_dma_u_dma_engine_gen_ch[1].u_ch_add_359_48_g454/Y -       B->Y    F     NOR2xp67_ASAP7_75t_R         3  4.3    98    77    3772    (-,-) 
  u_axi_apb_dma_u_dma_engine_gen_ch[1].u_ch_add_359_48_g452/Y -       B->Y    R     NAND2xp5_ASAP7_75t_R         3  4.5   115    84    3856    (-,-) 
  u_axi_apb_dma_u_dma_engine_gen_ch[1].u_ch_add_359_48_g450/Y -       B->Y    F     NOR2xp67_ASAP7_75t_R         3  4.3    98    77    3934    (-,-) 
  u_axi_apb_dma_u_dma_engine_gen_ch[1].u_ch_add_359_48_g448/Y -       B->Y    R     NAND2xp5_ASAP7_75t_R         3  4.5   115    84    4018    (-,-) 
  u_axi_apb_dma_u_dma_engine_gen_ch[1].u_ch_add_359_48_g446/Y -       B->Y    F     NOR2xp67_ASAP7_75t_R         3  4.3    98    77    4095    (-,-) 
  u_axi_apb_dma_u_dma_engine_gen_ch[1].u_ch_add_359_48_g444/Y -       B->Y    R     NAND2xp5_ASAP7_75t_R         3  4.5   115    84    4180    (-,-) 
  u_axi_apb_dma_u_dma_engine_gen_ch[1].u_ch_add_359_48_g442/Y -       B->Y    F     NOR2xp67_ASAP7_75t_R         3  4.3    98    77    4257    (-,-) 
  u_axi_apb_dma_u_dma_engine_gen_ch[1].u_ch_add_359_48_g440/Y -       B->Y    R     NAND2xp5_ASAP7_75t_R         3  4.5   115    84    4341    (-,-) 
  u_axi_apb_dma_u_dma_engine_gen_ch[1].u_ch_add_359_48_g438/Y -       B->Y    F     NOR2xp67_ASAP7_75t_R         3  4.3    98    77    4418    (-,-) 
  u_axi_apb_dma_u_dma_engine_gen_ch[1].u_ch_add_359_48_g436/Y -       B->Y    R     NAND2xp5_ASAP7_75t_R         3  4.1   107    80    4499    (-,-) 
  u_axi_apb_dma_u_dma_engine_gen_ch[1].u_ch_add_359_48_g434/Y -       B->Y    F     NOR2xp33_ASAP7_75t_R         2  3.0   115    89    4588    (-,-) 
  drc_bufs2581/Y                                              -       A->Y    R     INVxp33_ASAP7_75t_R          1  1.9   106    82    4670    (-,-) 
  drc_bufs2579/Y                                              -       A->Y    F     INVxp67_ASAP7_75t_R          2  3.1    69    62    4732    (-,-) 
  u_axi_apb_dma_u_dma_engine_gen_ch[1].u_ch_add_359_48_g432/Y -       B->Y    R     NAND2xp5_ASAP7_75t_R         2  3.5    94    64    4797    (-,-) 
  u_axi_apb_dma_u_dma_engine_gen_ch[1].u_ch_add_359_48_g430/Y -       B->Y    F     XNOR2xp5_ASAP7_75t_R         1  1.9    56    46    4842    (-,-) 
  g179817/Y                                                   -       A2->Y   R     AOI222xp33_ASAP7_75t_R       1  2.0   120    71    4913    (-,-) 
  u_axi_apb_dma_u_dma_engine_gen_ch[1].u_ch_rd_addr_reg[31]/D -       -       R     DFFASRHQNx1_ASAP7_75t_R      1    -     -     0    4913    (-,-) 
#----------------------------------------------------------------------------------------------------------------------------------------------------



Path 2: MET (1 ps) Setup Check with Pin u_core/EX_gen_muldiv.MUL_md_result_reg_reg[30]/CLK->D
           View: view_ss
          Group: CLK_CPU
     Startpoint: (R) u_core/EX_gen_muldiv.MUL_counter_reg[5]/CLK
          Clock: (R) CLK_CPU
       Endpoint: (R) u_core/EX_gen_muldiv.MUL_md_result_reg_reg[30]/D
          Clock: (R) CLK_CPU

                     Capture       Launch     
        Clock Edge:+    2500            0     
       Src Latency:+       0            0     
       Net Latency:+       0 (I)        0 (I) 
           Arrival:=    2500            0     
                                              
             Setup:-      27                  
       Uncertainty:-     125                  
     Required Time:=    2348                  
      Launch Clock:-       0                  
         Data Path:-    2347                  
             Slack:=       1                  

#-----------------------------------------------------------------------------------------------------------------------------------------
#                  Timing Point                    Flags    Arc    Edge          Cell            Fanout Load Trans Delay Arrival Instance 
#                                                                                                       (fF)  (ps)  (ps)   (ps)  Location 
#-----------------------------------------------------------------------------------------------------------------------------------------
  u_core/EX_gen_muldiv.MUL_counter_reg[5]/CLK      -       -       R     (arrival)                 8138    -    40     0       0    (-,-) 
  u_core/EX_gen_muldiv.MUL_counter_reg[5]/QN       -       CLK->QN F     DFFASRHQNx1_ASAP7_75t_R      1  2.6    57   114     114    (-,-) 
  u_core/g235714/Y                                 -       A->Y    F     BUFx6f_ASAP7_75t_R           7 13.3    30    51     164    (-,-) 
  u_core/g140667/Y                                 -       A->Y    R     INVx4_ASAP7_75t_R           10 15.8    61    40     204    (-,-) 
  u_core/g140523/Y                                 -       B->Y    R     AND2x4_ASAP7_75t_R          15 19.1    75    71     275    (-,-) 
  u_core/g140073/Y                                 -       B->Y    R     AND2x2_ASAP7_75t_R           2  3.1    32    54     328    (-,-) 
  u_core/WALLACE_CSA_DUMMY_OP_groupi_g7680/Y       -       B->Y    R     AND2x2_ASAP7_75t_R           3  5.7    49    52     380    (-,-) 
  u_core/WALLACE_CSA_DUMMY_OP_groupi_g7679/Y       -       A->Y    F     INVxp67_ASAP7_75t_R          1  1.9    39    34     415    (-,-) 
  u_core/WALLACE_CSA_DUMMY_OP_groupi_g7578/Y       -       B->Y    R     OAI21xp33_ASAP7_75t_R        1  1.9    96    38     453    (-,-) 
  u_core/drc_bufs251651/Y                          -       A->Y    F     INVxp67_ASAP7_75t_R          1  1.9    51    47     500    (-,-) 
  u_core/drc_bufs251649/Y                          -       A->Y    R     INVxp67_ASAP7_75t_R          2  3.4    81    55     555    (-,-) 
  u_core/WALLACE_CSA_DUMMY_OP_groupi_g7262/Y       -       A->Y    F     NOR2xp67_ASAP7_75t_R         2  4.0    78    68     623    (-,-) 
  u_core/WALLACE_CSA_DUMMY_OP_groupi_g255642/Y     -       B->Y    R     AOI21x1_ASAP7_75t_R          3  5.2    94    67     689    (-,-) 
  u_core/WALLACE_CSA_DUMMY_OP_groupi_g7086_dup/Y   -       A2->Y   F     OAI21xp5_ASAP7_75t_R         1  2.0    60    51     741    (-,-) 
  u_core/WALLACE_CSA_DUMMY_OP_groupi_g255647/Y     -       A1->Y   F     AO21x1_ASAP7_75t_R           2  4.1    48    63     804    (-,-) 
  u_core/WALLACE_CSA_DUMMY_OP_groupi_g6778/Y       -       A2->Y   F     AO21x1_ASAP7_75t_R           2  4.1    48    59     863    (-,-) 
  u_core/WALLACE_CSA_DUMMY_OP_groupi_g6769/Y       -       A2->Y   F     AO21x1_ASAP7_75t_R           3  5.3    59    65     928    (-,-) 
  u_core/WALLACE_CSA_DUMMY_OP_groupi_g6759/Y       -       B->Y    R     NAND2xp5_ASAP7_75t_R         2  3.2    81    58     985    (-,-) 
  u_core/WALLACE_CSA_DUMMY_OP_groupi_g250508/Y     -       B->Y    F     NAND2xp5_ASAP7_75t_R         1  2.4    62    52    1037    (-,-) 
  u_core/g264909/Y                                 -       B->Y    R     XNOR2xp5_ASAP7_75t_R         1  1.9    76    54    1091    (-,-) 
  u_core/drc_bufs244017/Y                          -       A->Y    F     INVxp67_ASAP7_75t_R          3  4.3    76    63    1153    (-,-) 
  u_core/EX_gen_muldiv.MUL_minus_198_42_g1381/Y    -       C->Y    F     OR4x1_ASAP7_75t_R            1  1.9    36    78    1231    (-,-) 
  u_core/EX_gen_muldiv.MUL_minus_198_42_g1380/Y    -       B->Y    F     OR5x1_ASAP7_75t_R            1  1.9    39    80    1310    (-,-) 
  u_core/EX_gen_muldiv.MUL_minus_198_42_g1405/Y    -       B->Y    F     OR5x1_ASAP7_75t_R            1  2.0    40    81    1391    (-,-) 
  u_core/EX_gen_muldiv.MUL_minus_198_42_g2/Y       -       D->Y    F     OR4x1_ASAP7_75t_R            1  2.5    41    77    1468    (-,-) 
  u_core/EX_gen_muldiv.MUL_minus_198_42_g1375/Y    -       B->Y    R     NOR2x1_ASAP7_75t_R           1  2.0    44    31    1499    (-,-) 
  u_core/EX_gen_muldiv.MUL_minus_198_42_g1374/Y    -       B->Y    F     NAND2xp5_ASAP7_75t_R         1  2.0    47    37    1536    (-,-) 
  u_core/g265912/Y                                 -       A->Y    F     OR5x2_ASAP7_75t_R            4  6.2    59   105    1641    (-,-) 
  u_core/EX_gen_muldiv.MUL_minus_198_42_g1367/Y    -       A->Y    R     NOR2x1_ASAP7_75t_R           1  2.9    55    42    1682    (-,-) 
  u_core/EX_gen_muldiv.MUL_minus_198_42_g1361/Y    -       D->Y    F     NAND4xp75_ASAP7_75t_R        2  4.1    74    50    1732    (-,-) 
  u_core/EX_gen_muldiv.MUL_minus_198_42_g1353/Y    -       B->Y    R     NOR2x1p5_ASAP7_75t_R         5  7.6    89    62    1794    (-,-) 
  u_core/EX_gen_muldiv.MUL_minus_198_42_g1346/Y    -       A->Y    R     AND3x4_ASAP7_75t_R           3  6.1    36    66    1860    (-,-) 
  u_core/EX_gen_muldiv.MUL_minus_198_42_g1342/Y    -       B->Y    F     NAND2x2_ASAP7_75t_R          2  4.6    36    26    1886    (-,-) 
  u_core/EX_gen_muldiv.MUL_minus_198_42_g1339/Y    -       B->Y    R     NOR2x2_ASAP7_75t_R           3  4.6    44    32    1918    (-,-) 
  u_core/EX_gen_muldiv.MUL_minus_198_42_g1336/Y    -       B->Y    R     AND2x4_ASAP7_75t_R           3  5.1    27    43    1961    (-,-) 
  u_core/EX_gen_muldiv.MUL_minus_198_42_g1334/Y    -       B->Y    R     AND2x4_ASAP7_75t_R           2  3.5    21    35    1996    (-,-) 
  u_core/EX_gen_muldiv.MUL_minus_198_42_g1331/Y    -       B->Y    R     AND2x4_ASAP7_75t_R           3  4.3    24    35    2031    (-,-) 
  u_core/EX_gen_muldiv.MUL_minus_198_42_g3/Y       -       B->Y    F     NAND2xp5_ASAP7_75t_R         1  2.7    62    36    2067    (-,-) 
  u_core/EX_gen_muldiv.MUL_minus_198_42_g1407/Y    -       A->Y    R     NOR3x1_ASAP7_75t_R           2  4.7    85    55    2122    (-,-) 
  u_core/EX_gen_muldiv.MUL_minus_198_42_g1315/Y    -       B->Y    F     NAND2x1p5_ASAP7_75t_R        2  3.1    41    36    2158    (-,-) 
  u_core/EX_gen_muldiv.MUL_minus_198_42_g1308/Y    -       A->Y    F     OR2x2_ASAP7_75t_R            2  3.7    29    52    2210    (-,-) 
  u_core/EX_gen_muldiv.MUL_minus_198_42_g1303/Y    -       A->Y    F     OR2x6_ASAP7_75t_R            2  5.1    22    49    2259    (-,-) 
  u_core/EX_gen_muldiv.MUL_minus_198_42_g1300/Y    -       B->Y    R     NOR2x2_ASAP7_75t_R           2  4.7    45    28    2287    (-,-) 
  u_core/EX_gen_muldiv.MUL_minus_198_42_g1299/Y    -       B->Y    F     AOI21x1_ASAP7_75t_R          1  2.5    38    30    2316    (-,-) 
  u_core/g227453/Y                                 -       A1->Y   R     AOI21x1_ASAP7_75t_R          1  2.0    45    31    2347    (-,-) 
  u_core/EX_gen_muldiv.MUL_md_result_reg_reg[30]/D -       -       R     DFFASRHQNx1_ASAP7_75t_R      1    -     -     0    2347    (-,-) 
#-----------------------------------------------------------------------------------------------------------------------------------------



Path 3: MET (1 ps) Setup Check with Pin u_core/IF_ID_if_id_instr_reg[14]/CLK->D
           View: view_ss
          Group: CLK_CPU
     Startpoint: (R) u_core/pc_reg_reg[3]/CLK
          Clock: (R) CLK_CPU
       Endpoint: (R) u_core/IF_ID_if_id_instr_reg[14]/D
          Clock: (R) CLK_CPU

                     Capture       Launch     
        Clock Edge:+    2500            0     
       Src Latency:+       0            0     
       Net Latency:+       0 (I)        0 (I) 
           Arrival:=    2500            0     
                                              
             Setup:-      31                  
       Uncertainty:-     125                  
     Required Time:=    2344                  
      Launch Clock:-       0                  
         Data Path:-    2342                  
             Slack:=       1                  

#---------------------------------------------------------------------------------------------------------------------------
#           Timing Point             Flags    Arc    Edge          Cell            Fanout Load Trans Delay Arrival Instance 
#                                                                                         (fF)  (ps)  (ps)   (ps)  Location 
#---------------------------------------------------------------------------------------------------------------------------
  u_core/pc_reg_reg[3]/CLK           -       -       R     (arrival)                 8138    -    40     0       0    (-,-) 
  u_core/pc_reg_reg[3]/QN            -       CLK->QN R     DFFASRHQNx1_ASAP7_75t_R      1  2.1    51   102     102    (-,-) 
  u_core/drc_bufs245642/Y            -       A->Y    R     BUFx3_ASAP7_75t_R            4  6.1    36    48     150    (-,-) 
  u_core/IF_add_339_31_g781/Y        -       B->Y    R     AND2x2_ASAP7_75t_R           3  4.9    44    50     200    (-,-) 
  u_core/g265914/Y                   -       A->Y    R     AND3x4_ASAP7_75t_R           3  4.8    30    52     253    (-,-) 
  u_core/g265913/Y                   -       C->Y    R     AND3x4_ASAP7_75t_R           3  4.8    30    51     303    (-,-) 
  u_core/IF_add_339_31_g2/Y          -       C->Y    R     AND3x1_ASAP7_75t_R           4  5.7    89    74     377    (-,-) 
  u_core/IF_add_339_31_g757/Y        -       B->Y    R     AND2x2_ASAP7_75t_R           2  3.1    32    56     434    (-,-) 
  u_core/IF_add_339_31_g749/Y        -       B->Y    R     AND2x2_ASAP7_75t_R           2  3.2    32    43     477    (-,-) 
  u_core/IF_add_339_31_g742/Y        -       B->Y    F     NAND2xp5_ASAP7_75t_R         2  3.5    74    46     523    (-,-) 
  u_core/IF_add_339_31_g739/Y        -       B->Y    F     OA21x2_ASAP7_75t_R           2  2.9    26    51     574    (-,-) 
  u_core/g140263/Y                   -       A1->Y   F     AO22x1_ASAP7_75t_R           4  6.0    68    73     647    (-,-) 
  u_icache/g55414/Y                  -       B->Y    F     AND2x2_ASAP7_75t_R           1  2.4    22    52     699    (-,-) 
  u_icache/g55399/Y                  -       A->Y    F     OR2x6_ASAP7_75t_R           17 29.9    63    72     771    (-,-) 
  u_icache/g12396/Y                  -       A->Y    R     INVx5_ASAP7_75t_R           17 29.6    95    65     836    (-,-) 
  u_icache/g12262/Y                  -       B->Y    R     OR2x2_ASAP7_75t_R            1  3.7    35    60     895    (-,-) 
  u_icache/g12256/Y                  -       A->Y    F     INVx4_ASAP7_75t_R           16 20.3    55    40     935    (-,-) 
  u_icache/g11869/Y                  -       B->Y    F     AND2x2_ASAP7_75t_R           3  4.4    31    54     990    (-,-) 
  u_icache/g4092/Y                   -       A2->Y   R     AOI22xp5_ASAP7_75t_R         1  1.9    76    43    1033    (-,-) 
  u_icache/g3587/Y                   -       C->Y    F     NAND4xp25_ASAP7_75t_R        1  2.0    97    64    1097    (-,-) 
  u_icache/g3460/Y                   -       A->Y    F     OR2x2_ASAP7_75t_R            1  2.0    23    56    1154    (-,-) 
  u_icache/g4101/Y                   -       E->Y    F     OR5x1_ASAP7_75t_R            1  2.5    46    90    1243    (-,-) 
  u_icache/g3419/Y                   -       B->Y    R     NOR2x1_ASAP7_75t_R           1  2.9    54    39    1282    (-,-) 
  u_icache/g3413/Y                   -       C->Y    F     NAND4xp75_ASAP7_75t_R        1  2.0    47    38    1320    (-,-) 
  u_icache/g59232/Y                  -       A->Y    F     AND3x2_ASAP7_75t_R           3  6.3    38    52    1371    (-,-) 
  u_icache/g59231/Y                  -       A->Y    R     INVx2_ASAP7_75t_R            1  2.4    27    23    1394    (-,-) 
  u_icache/g59219/Y                  -       B->Y    F     NAND2x1_ASAP7_75t_R          1  2.4    37    24    1418    (-,-) 
  u_icache/g59218/Y                  -       B->Y    F     OR2x6_ASAP7_75t_R            3  7.8    27    54    1472    (-,-) 
  u_icache/g59214/Y                  -       A->Y    R     INVx4_ASAP7_75t_R           14 17.9    68    42    1514    (-,-) 
  u_icache/g75466/Y                  -       A2->Y   R     AO222x2_ASAP7_75t_R          1  2.0    26    56    1570    (-,-) 
  g200543/Y                          -       B2->Y   R     AO22x2_ASAP7_75t_R           3  5.1    46    51    1621    (-,-) 
  u_core/g233792/Y                   -       A->Y    F     NAND2x1p5_ASAP7_75t_R        3  4.6    38    31    1652    (-,-) 
  u_core/g233607/Y                   -       A->Y    F     OR2x6_ASAP7_75t_R            6 12.7    36    61    1713    (-,-) 
  u_core/g233533/Y                   -       A->Y    R     INVx3_ASAP7_75t_R            1  2.5    22    19    1733    (-,-) 
  u_core/g232416/Y                   -       A1->Y   F     OAI21x1_ASAP7_75t_R          1  2.4    44    23    1755    (-,-) 
  u_core/g232072/Y                   -       B->Y    F     AND2x4_ASAP7_75t_R           4  6.5    25    46    1801    (-,-) 
  u_core/g230829/Y                   -       B->Y    R     NAND2x1p5_ASAP7_75t_R        3  5.5    59    36    1837    (-,-) 
  u_core/g230217/Y                   -       A->Y    F     INVx3_ASAP7_75t_R            3  5.7    33    31    1868    (-,-) 
  u_core/g230058/Y                   -       B->Y    R     NAND2x1p5_ASAP7_75t_R        3  4.7    55    36    1904    (-,-) 
  u_core/g228385/Y                   -       A->Y    R     OR2x6_ASAP7_75t_R            3  5.9    24    48    1952    (-,-) 
  u_core/g228133/Y                   -       A->Y    F     INVx3_ASAP7_75t_R            2  4.0    19    18    1970    (-,-) 
  u_core/g228119/Y                   -       B->Y    F     AND2x4_ASAP7_75t_R           9 12.7    39    46    2016    (-,-) 
  u_core/g227855/Y                   -       A->Y    R     INVx2_ASAP7_75t_R            6  8.0    63    43    2059    (-,-) 
  u_core/g227407/Y                   -       A->Y    R     OR2x4_ASAP7_75t_R            6  9.9    46    70    2128    (-,-) 
  u_core/g227022/Y                   -       B->Y    F     NOR2x1p5_ASAP7_75t_R         3  5.0    56    36    2164    (-,-) 
  u_core/g226832/Y                   -       A->Y    R     INVx1_ASAP7_75t_R            3  4.2    70    51    2215    (-,-) 
  u_core/g226552/Y                   -       A->Y    F     NAND4xp25_ASAP7_75t_R        1  2.0    96    65    2280    (-,-) 
  u_core/g226188/Y                   -       B->Y    R     AOI21xp5_ASAP7_75t_R         1  2.0    83    62    2342    (-,-) 
  u_core/IF_ID_if_id_instr_reg[14]/D -       -       R     DFFASRHQNx1_ASAP7_75t_R      1    -     -     0    2342    (-,-) 
#---------------------------------------------------------------------------------------------------------------------------



Path 4: MET (1 ps) Setup Check with Pin u_core/EX_gen_muldiv.MUL_md_result_reg_reg[31]/CLK->D
           View: view_ss
          Group: CLK_CPU
     Startpoint: (R) u_core/EX_gen_muldiv.MUL_counter_reg[5]/CLK
          Clock: (R) CLK_CPU
       Endpoint: (R) u_core/EX_gen_muldiv.MUL_md_result_reg_reg[31]/D
          Clock: (R) CLK_CPU

                     Capture       Launch     
        Clock Edge:+    2500            0     
       Src Latency:+       0            0     
       Net Latency:+       0 (I)        0 (I) 
           Arrival:=    2500            0     
                                              
             Setup:-      27                  
       Uncertainty:-     125                  
     Required Time:=    2348                  
      Launch Clock:-       0                  
         Data Path:-    2347                  
             Slack:=       1                  

#-----------------------------------------------------------------------------------------------------------------------------------------
#                  Timing Point                    Flags    Arc    Edge          Cell            Fanout Load Trans Delay Arrival Instance 
#                                                                                                       (fF)  (ps)  (ps)   (ps)  Location 
#-----------------------------------------------------------------------------------------------------------------------------------------
  u_core/EX_gen_muldiv.MUL_counter_reg[5]/CLK      -       -       R     (arrival)                 8138    -    40     0       0    (-,-) 
  u_core/EX_gen_muldiv.MUL_counter_reg[5]/QN       -       CLK->QN F     DFFASRHQNx1_ASAP7_75t_R      1  2.6    57   114     114    (-,-) 
  u_core/g235714/Y                                 -       A->Y    F     BUFx6f_ASAP7_75t_R           7 13.3    30    51     164    (-,-) 
  u_core/g140728/Y                                 -       A->Y    R     INVx4_ASAP7_75t_R           15 22.4    84    50     215    (-,-) 
  u_core/g140723/Y                                 -       A->Y    F     INVx3_ASAP7_75t_R           14 18.3    75    63     278    (-,-) 
  u_core/g140719/Y                                 -       A->Y    F     BUFx4f_ASAP7_75t_R          15 18.6    54    69     347    (-,-) 
  u_core/g140718/Y                                 -       A->Y    F     BUFx2_ASAP7_75t_R            4  5.6    36    56     403    (-,-) 
  u_core/g140717/Y                                 -       A->Y    R     INVx1_ASAP7_75t_R            3  5.6    84    53     456    (-,-) 
  u_core/g140491/Y                                 -       A->Y    F     NAND2x1_ASAP7_75t_R          3  5.2    66    50     506    (-,-) 
  u_core/g140280/Y                                 -       A->Y    R     NAND2x1_ASAP7_75t_R          3  4.4    81    61     568    (-,-) 
  u_core/g139918/Y                                 -       B->Y    R     AND2x2_ASAP7_75t_R           2  3.7    36    57     625    (-,-) 
  u_core/WALLACE_CSA_DUMMY_OP_groupi_g7483/Y       -       A->Y    F     MAJIxp5_ASAP7_75t_R          1  2.0    62    37     662    (-,-) 
  u_core/drc257458/Y                               -       A->Y    F     HB2xp67_ASAP7_75t_R          2  3.4    62    93     755    (-,-) 
  u_core/WALLACE_CSA_DUMMY_OP_groupi_g7453/Y       -       A->Y    R     INVxp67_ASAP7_75t_R          1  2.1    59    46     801    (-,-) 
  u_core/WALLACE_CSA_DUMMY_OP_groupi_g7334/Y       -       A->Y    F     MAJIxp5_ASAP7_75t_R          1  1.8    55    42     843    (-,-) 
  u_core/drc_bufs245494/Y                          -       A->Y    R     INVxp33_ASAP7_75t_R          1  1.9    91    62     905    (-,-) 
  u_core/drc_bufs245492/Y                          -       A->Y    F     INVxp67_ASAP7_75t_R          2  4.0    76    65     970    (-,-) 
  u_core/WALLACE_CSA_DUMMY_OP_groupi_g7145/Y       -       C->Y    R     MAJIxp5_ASAP7_75t_R          1  1.9    76    56    1027    (-,-) 
  u_core/drc_bufs248479/Y                          -       A->Y    F     INVxp67_ASAP7_75t_R          1  2.1    48    44    1071    (-,-) 
  u_core/drc_bufs248477/Y                          -       A->Y    R     INVx1_ASAP7_75t_R            2  3.5    59    44    1115    (-,-) 
  u_core/WALLACE_CSA_DUMMY_OP_groupi_g6949/Y       -       A->Y    R     AND2x2_ASAP7_75t_R           3  4.4    40    52    1167    (-,-) 
  u_core/WALLACE_CSA_DUMMY_OP_groupi_g6788/Y       -       A1->Y   R     AO21x1_ASAP7_75t_R           2  3.8    61    53    1220    (-,-) 
  u_core/WALLACE_CSA_DUMMY_OP_groupi_g251719/Y     -       B->Y    F     NAND2xp5_ASAP7_75t_R         2  3.2    71    54    1274    (-,-) 
  u_core/WALLACE_CSA_DUMMY_OP_groupi_g6758_dup/Y   -       A2->Y   R     A2O1A1Ixp33_ASAP7_75t_R      1  2.3    83    61    1335    (-,-) 
  u_core/WALLACE_CSA_DUMMY_OP_groupi_g251720/Y     -       A2->Y   F     AOI211x1_ASAP7_75t_R         1  2.0    66    58    1393    (-,-) 
  u_core/WALLACE_CSA_DUMMY_OP_groupi_g6701/Y       -       B->Y    F     OA21x2_ASAP7_75t_R           2  4.0    32    52    1445    (-,-) 
  u_core/WALLACE_CSA_DUMMY_OP_groupi_g6697/Y       -       B->Y    R     NOR2x1_ASAP7_75t_R           3  5.1    81    48    1493    (-,-) 
  u_core/WALLACE_CSA_DUMMY_OP_groupi_g6688/Y       -       A2->Y   R     AO21x1_ASAP7_75t_R           3  4.7    73    70    1563    (-,-) 
  u_core/WALLACE_CSA_DUMMY_OP_groupi_g6677/Y       -       A2->Y   R     AO21x1_ASAP7_75t_R           3  5.3    81    72    1635    (-,-) 
  u_core/WALLACE_CSA_DUMMY_OP_groupi_g6668/Y       -       A1->Y   F     AOI21x1_ASAP7_75t_R          2  4.0    59    50    1684    (-,-) 
  u_core/WALLACE_CSA_DUMMY_OP_groupi_g6663/Y       -       B->Y    R     NOR2x1_ASAP7_75t_R           3  4.9    82    56    1740    (-,-) 
  u_core/WALLACE_CSA_DUMMY_OP_groupi_g6657/Y       -       A1->Y   F     AOI21x1_ASAP7_75t_R          2  4.0    59    50    1790    (-,-) 
  u_core/WALLACE_CSA_DUMMY_OP_groupi_g6650/Y       -       A1->Y   R     OAI21x1_ASAP7_75t_R          2  3.5    69    49    1839    (-,-) 
  u_core/WALLACE_CSA_DUMMY_OP_groupi_g6646/Y       -       A2->Y   R     AO21x1_ASAP7_75t_R           2  3.5    56    59    1899    (-,-) 
  u_core/WALLACE_CSA_DUMMY_OP_groupi_g6644/Y       -       A2->Y   R     AO21x1_ASAP7_75t_R           2  4.0    63    60    1959    (-,-) 
  u_core/WALLACE_CSA_DUMMY_OP_groupi_g6642/Y       -       A1->Y   F     AOI21x1_ASAP7_75t_R          2  3.5    52    42    2001    (-,-) 
  u_core/WALLACE_CSA_DUMMY_OP_groupi_g6640/Y       -       A2->Y   F     OA21x2_ASAP7_75t_R           2  3.5    29    57    2058    (-,-) 
  u_core/WALLACE_CSA_DUMMY_OP_groupi_g6638/Y       -       A2->Y   F     OA21x2_ASAP7_75t_R           2  3.5    29    50    2108    (-,-) 
  u_core/WALLACE_CSA_DUMMY_OP_groupi_g6636/Y       -       A1->Y   R     OAI21xp5_ASAP7_75t_R         1  2.4    86    47    2155    (-,-) 
  u_core/WALLACE_CSA_DUMMY_OP_groupi_g6635/Y       -       A->Y    F     XNOR2x2_ASAP7_75t_R          3  5.3    38    85    2240    (-,-) 
  u_core/g228020/Y                                 -       B1->Y   F     AO222x2_ASAP7_75t_R          1  2.6    32    76    2315    (-,-) 
  u_core/g227454/Y                                 -       B->Y    R     AOI21x1_ASAP7_75t_R          1  2.0    45    31    2347    (-,-) 
  u_core/EX_gen_muldiv.MUL_md_result_reg_reg[31]/D -       -       R     DFFASRHQNx1_ASAP7_75t_R      1    -     -     0    2347    (-,-) 
#-----------------------------------------------------------------------------------------------------------------------------------------



Path 5: MET (2 ps) Setup Check with Pin u_axi_apb_dma_u_dma_engine_gen_ch[2].u_ch_rd_addr_reg[31]/CLK->D
           View: view_ss
          Group: CLK_AXI
     Startpoint: (R) u_axi_apb_dma_u_dma_engine_gen_ch[2].u_ch_rd_addr_reg[0]/CLK
          Clock: (R) CLK_AXI
       Endpoint: (R) u_axi_apb_dma_u_dma_engine_gen_ch[2].u_ch_rd_addr_reg[31]/D
          Clock: (R) CLK_AXI

                     Capture       Launch     
        Clock Edge:+    5000            0     
       Src Latency:+     100          150     
       Net Latency:+       0 (I)        0 (I) 
           Arrival:=    5100          150     
                                              
             Setup:-      36                  
       Uncertainty:-     150                  
     Required Time:=    4914                  
      Launch Clock:-     150                  
         Data Path:-    4762                  
             Slack:=       2                  

#-----------------------------------------------------------------------------------------------------------------------------------------------------
#                        Timing Point                          Flags    Arc    Edge          Cell            Fanout Load Trans Delay Arrival Instance 
#                                                                                                                   (fF)  (ps)  (ps)   (ps)  Location 
#-----------------------------------------------------------------------------------------------------------------------------------------------------
  u_axi_apb_dma_u_dma_engine_gen_ch[2].u_ch_rd_addr_reg[0]/CLK -       -       R     (arrival)                24431    -    40     0     150    (-,-) 
  u_axi_apb_dma_u_dma_engine_gen_ch[2].u_ch_rd_addr_reg[0]/QN  -       CLK->QN F     DFFASRHQNx1_ASAP7_75t_R      6  8.0   107   150     300    (-,-) 
  g201157/Y                                                    -       B->Y    R     NOR2xp33_ASAP7_75t_R         2  3.1   149    99     399    (-,-) 
  g200998/Y                                                    -       A->Y    F     INVxp67_ASAP7_75t_R          2  3.0    79    72     471    (-,-) 
  g200637/Y                                                    -       B->Y    R     NOR2xp33_ASAP7_75t_R         2  3.1   147    90     562    (-,-) 
  drc_bufs3767/Y                                               -       A->Y    F     INVxp67_ASAP7_75t_R          2  3.5    84    77     638    (-,-) 
  g200170/Y                                                    -       B->Y    R     NOR2xp33_ASAP7_75t_R         1  1.9   102    69     707    (-,-) 
  drc_bufs3803/Y                                               -       A->Y    F     INVxp67_ASAP7_75t_R          3  4.0    79    68     776    (-,-) 
  g199617/Y                                                    -       B->Y    R     NOR2xp33_ASAP7_75t_R         2  3.1   147    90     866    (-,-) 
  drc_bufs3791/Y                                               -       A->Y    F     INVxp67_ASAP7_75t_R          2  3.2    81    74     940    (-,-) 
  g199077/Y                                                    -       B->Y    R     NAND2xp5_ASAP7_75t_R         3  4.1   113    75    1015    (-,-) 
  g197846/Y                                                    -       A->Y    F     NOR2xp33_ASAP7_75t_R         2  3.0   115    93    1107    (-,-) 
  drc_bufs3650/Y                                               -       A->Y    R     INVxp33_ASAP7_75t_R          1  2.0   110    84    1191    (-,-) 
  g197714/Y                                                    -       A1->Y   F     AOI32xp33_ASAP7_75t_R        1  1.9    95    66    1258    (-,-) 
  g197612/Y                                                    -       A1->Y   R     OAI221xp5_ASAP7_75t_R        1  1.8   116    83    1340    (-,-) 
  g197597/Y                                                    -       A->Y    F     INVxp33_ASAP7_75t_R          1  1.9    81    71    1412    (-,-) 
  g197533/Y                                                    -       B->Y    F     OA211x2_ASAP7_75t_R         12 14.2    86   120    1531    (-,-) 
  g197518/Y                                                    -       A->Y    R     INVxp33_ASAP7_75t_R          2  3.2   148    98    1630    (-,-) 
  g197457/Y                                                    -       B2->Y   F     OAI22xp5_ASAP7_75t_R         2  4.0   100    79    1709    (-,-) 
  drc_bufs1941/Y                                               -       A->Y    R     INVxp67_ASAP7_75t_R          2  3.5    95    73    1782    (-,-) 
  drc_bufs1939/Y                                               -       A->Y    F     INVxp67_ASAP7_75t_R          2  3.9    76    66    1848    (-,-) 
  u_axi_apb_dma_u_dma_engine_gen_ch[2].u_ch_add_359_48_g495/Y  -       C->Y    R     MAJIxp5_ASAP7_75t_R          2  3.4   125    76    1924    (-,-) 
  u_axi_apb_dma_u_dma_engine_gen_ch[2].u_ch_add_359_48_g494/Y  -       A->Y    F     INVxp33_ASAP7_75t_R          1  2.1    88    78    2002    (-,-) 
  u_axi_apb_dma_u_dma_engine_gen_ch[2].u_ch_add_359_48_g492/Y  -       A->Y    R     MAJIxp5_ASAP7_75t_R          2  3.4   124    82    2083    (-,-) 
  u_axi_apb_dma_u_dma_engine_gen_ch[2].u_ch_add_359_48_g491/Y  -       A->Y    F     INVxp33_ASAP7_75t_R          1  2.1    88    78    2161    (-,-) 
  u_axi_apb_dma_u_dma_engine_gen_ch[2].u_ch_add_359_48_g489/Y  -       A->Y    R     MAJIxp5_ASAP7_75t_R          2  3.4   125    81    2242    (-,-) 
  u_axi_apb_dma_u_dma_engine_gen_ch[2].u_ch_add_359_48_g488/Y  -       A->Y    F     INVxp33_ASAP7_75t_R          1  2.1    88    78    2320    (-,-) 
  u_axi_apb_dma_u_dma_engine_gen_ch[2].u_ch_add_359_48_g486/Y  -       A->Y    R     MAJIxp5_ASAP7_75t_R          2  3.4   124    82    2402    (-,-) 
  u_axi_apb_dma_u_dma_engine_gen_ch[2].u_ch_add_359_48_g485/Y  -       A->Y    F     INVxp33_ASAP7_75t_R          1  2.1    88    78    2479    (-,-) 
  u_axi_apb_dma_u_dma_engine_gen_ch[2].u_ch_add_359_48_g483/Y  -       A->Y    R     MAJIxp5_ASAP7_75t_R          2  3.9   137    88    2567    (-,-) 
  u_axi_apb_dma_u_dma_engine_gen_ch[2].u_ch_add_359_48_g482/Y  -       A->Y    F     INVxp33_ASAP7_75t_R          1  2.1    91    82    2649    (-,-) 
  u_axi_apb_dma_u_dma_engine_gen_ch[2].u_ch_add_359_48_g480/Y  -       A->Y    R     MAJIxp5_ASAP7_75t_R          2  3.3   121    81    2730    (-,-) 
  u_axi_apb_dma_u_dma_engine_gen_ch[2].u_ch_add_359_48_g478/Y  -       B->Y    F     NOR2xp67_ASAP7_75t_R         3  4.3    98    79    2809    (-,-) 
  u_axi_apb_dma_u_dma_engine_gen_ch[2].u_ch_add_359_48_g476/Y  -       B->Y    R     NAND2xp5_ASAP7_75t_R         3  4.5   116    84    2894    (-,-) 
  u_axi_apb_dma_u_dma_engine_gen_ch[2].u_ch_add_359_48_g474/Y  -       B->Y    F     NOR2xp67_ASAP7_75t_R         3  4.3    87    78    2971    (-,-) 
  u_axi_apb_dma_u_dma_engine_gen_ch[2].u_ch_add_359_48_g472/Y  -       B->Y    R     NAND2xp5_ASAP7_75t_R         3  4.5   116    81    3052    (-,-) 
  u_axi_apb_dma_u_dma_engine_gen_ch[2].u_ch_add_359_48_g470/Y  -       B->Y    F     NOR2xp67_ASAP7_75t_R         3  4.3    98    78    3129    (-,-) 
  u_axi_apb_dma_u_dma_engine_gen_ch[2].u_ch_add_359_48_g468/Y  -       B->Y    R     NAND2xp5_ASAP7_75t_R         3  4.5   115    84    3214    (-,-) 
  u_axi_apb_dma_u_dma_engine_gen_ch[2].u_ch_add_359_48_g466/Y  -       B->Y    F     NOR2xp67_ASAP7_75t_R         3  4.3    98    77    3291    (-,-) 
  u_axi_apb_dma_u_dma_engine_gen_ch[2].u_ch_add_359_48_g464/Y  -       B->Y    R     NAND2xp5_ASAP7_75t_R         3  4.5   114    84    3376    (-,-) 
  u_axi_apb_dma_u_dma_engine_gen_ch[2].u_ch_add_359_48_g462/Y  -       B->Y    F     NOR2xp67_ASAP7_75t_R         3  4.3    87    77    3453    (-,-) 
  u_axi_apb_dma_u_dma_engine_gen_ch[2].u_ch_add_359_48_g460/Y  -       B->Y    R     NAND2xp5_ASAP7_75t_R         3  4.5   113    81    3533    (-,-) 
  u_axi_apb_dma_u_dma_engine_gen_ch[2].u_ch_add_359_48_g458/Y  -       B->Y    F     NOR2xp67_ASAP7_75t_R         3  4.3    98    77    3610    (-,-) 
  u_axi_apb_dma_u_dma_engine_gen_ch[2].u_ch_add_359_48_g456/Y  -       B->Y    R     NAND2xp5_ASAP7_75t_R         3  4.5   114    84    3694    (-,-) 
  u_axi_apb_dma_u_dma_engine_gen_ch[2].u_ch_add_359_48_g454/Y  -       B->Y    F     NOR2xp67_ASAP7_75t_R         3  4.3    98    77    3772    (-,-) 
  u_axi_apb_dma_u_dma_engine_gen_ch[2].u_ch_add_359_48_g452/Y  -       B->Y    R     NAND2xp5_ASAP7_75t_R         3  4.5   114    84    3856    (-,-) 
  u_axi_apb_dma_u_dma_engine_gen_ch[2].u_ch_add_359_48_g450/Y  -       B->Y    F     NOR2xp67_ASAP7_75t_R         3  4.3    98    77    3933    (-,-) 
  u_axi_apb_dma_u_dma_engine_gen_ch[2].u_ch_add_359_48_g448/Y  -       B->Y    R     NAND2xp5_ASAP7_75t_R         3  4.5   114    84    4017    (-,-) 
  u_axi_apb_dma_u_dma_engine_gen_ch[2].u_ch_add_359_48_g446/Y  -       B->Y    F     NOR2xp67_ASAP7_75t_R         3  4.3    98    77    4094    (-,-) 
  u_axi_apb_dma_u_dma_engine_gen_ch[2].u_ch_add_359_48_g444/Y  -       B->Y    R     NAND2xp5_ASAP7_75t_R         3  4.5   114    84    4179    (-,-) 
  u_axi_apb_dma_u_dma_engine_gen_ch[2].u_ch_add_359_48_g442/Y  -       B->Y    F     NOR2xp67_ASAP7_75t_R         3  4.3    98    77    4256    (-,-) 
  u_axi_apb_dma_u_dma_engine_gen_ch[2].u_ch_add_359_48_g440/Y  -       B->Y    R     NAND2xp5_ASAP7_75t_R         3  4.5   114    84    4340    (-,-) 
  u_axi_apb_dma_u_dma_engine_gen_ch[2].u_ch_add_359_48_g438/Y  -       B->Y    F     NOR2xp67_ASAP7_75t_R         3  4.3    98    77    4418    (-,-) 
  u_axi_apb_dma_u_dma_engine_gen_ch[2].u_ch_add_359_48_g436/Y  -       B->Y    R     NAND2xp5_ASAP7_75t_R         3  4.1   107    80    4498    (-,-) 
  u_axi_apb_dma_u_dma_engine_gen_ch[2].u_ch_add_359_48_g434/Y  -       B->Y    F     NOR2xp33_ASAP7_75t_R         2  3.0   115    89    4587    (-,-) 
  drc_bufs2575/Y                                               -       A->Y    R     INVxp33_ASAP7_75t_R          1  1.9   106    82    4669    (-,-) 
  drc_bufs2573/Y                                               -       A->Y    F     INVxp67_ASAP7_75t_R          2  3.1    69    62    4731    (-,-) 
  u_axi_apb_dma_u_dma_engine_gen_ch[2].u_ch_add_359_48_g432/Y  -       B->Y    R     NAND2xp5_ASAP7_75t_R         2  3.5    94    64    4796    (-,-) 
  u_axi_apb_dma_u_dma_engine_gen_ch[2].u_ch_add_359_48_g430/Y  -       B->Y    F     XNOR2xp5_ASAP7_75t_R         1  1.9    56    46    4841    (-,-) 
  g179849/Y                                                    -       B2->Y   R     AOI222xp33_ASAP7_75t_R       1  2.0   120    71    4912    (-,-) 
  u_axi_apb_dma_u_dma_engine_gen_ch[2].u_ch_rd_addr_reg[31]/D  -       -       R     DFFASRHQNx1_ASAP7_75t_R      1    -     -     0    4912    (-,-) 
#-----------------------------------------------------------------------------------------------------------------------------------------------------



Path 6: MET (2 ps) Setup Check with Pin u_core/IF_ID_if_id_instr_reg[16]/CLK->D
           View: view_ss
          Group: CLK_CPU
     Startpoint: (R) u_core/pc_reg_reg[3]/CLK
          Clock: (R) CLK_CPU
       Endpoint: (R) u_core/IF_ID_if_id_instr_reg[16]/D
          Clock: (R) CLK_CPU

                     Capture       Launch     
        Clock Edge:+    2500            0     
       Src Latency:+       0            0     
       Net Latency:+       0 (I)        0 (I) 
           Arrival:=    2500            0     
                                              
             Setup:-      26                  
       Uncertainty:-     125                  
     Required Time:=    2349                  
      Launch Clock:-       0                  
         Data Path:-    2346                  
             Slack:=       2                  

#---------------------------------------------------------------------------------------------------------------------------
#           Timing Point             Flags    Arc    Edge          Cell            Fanout Load Trans Delay Arrival Instance 
#                                                                                         (fF)  (ps)  (ps)   (ps)  Location 
#---------------------------------------------------------------------------------------------------------------------------
  u_core/pc_reg_reg[3]/CLK           -       -       R     (arrival)                 8138    -    40     0       0    (-,-) 
  u_core/pc_reg_reg[3]/QN            -       CLK->QN R     DFFASRHQNx1_ASAP7_75t_R      1  2.1    51   102     102    (-,-) 
  u_core/drc_bufs245642/Y            -       A->Y    R     BUFx3_ASAP7_75t_R            4  6.1    36    48     150    (-,-) 
  u_core/IF_add_339_31_g781/Y        -       B->Y    R     AND2x2_ASAP7_75t_R           3  4.9    44    50     200    (-,-) 
  u_core/g265914/Y                   -       A->Y    R     AND3x4_ASAP7_75t_R           3  4.8    30    52     253    (-,-) 
  u_core/g265913/Y                   -       C->Y    R     AND3x4_ASAP7_75t_R           3  4.8    30    51     303    (-,-) 
  u_core/IF_add_339_31_g2/Y          -       C->Y    R     AND3x1_ASAP7_75t_R           4  5.7    89    74     377    (-,-) 
  u_core/IF_add_339_31_g757/Y        -       B->Y    R     AND2x2_ASAP7_75t_R           2  3.1    32    56     434    (-,-) 
  u_core/IF_add_339_31_g749/Y        -       B->Y    R     AND2x2_ASAP7_75t_R           2  3.2    32    43     477    (-,-) 
  u_core/IF_add_339_31_g742/Y        -       B->Y    F     NAND2xp5_ASAP7_75t_R         2  3.5    74    46     523    (-,-) 
  u_core/IF_add_339_31_g739/Y        -       B->Y    F     OA21x2_ASAP7_75t_R           2  2.9    26    51     574    (-,-) 
  u_core/g140263/Y                   -       A1->Y   F     AO22x1_ASAP7_75t_R           4  6.0    68    73     647    (-,-) 
  u_icache/g55414/Y                  -       B->Y    F     AND2x2_ASAP7_75t_R           1  2.4    22    52     699    (-,-) 
  u_icache/g55399/Y                  -       A->Y    F     OR2x6_ASAP7_75t_R           17 29.9    63    72     771    (-,-) 
  u_icache/g12396/Y                  -       A->Y    R     INVx5_ASAP7_75t_R           17 29.6    95    65     836    (-,-) 
  u_icache/g12262/Y                  -       B->Y    R     OR2x2_ASAP7_75t_R            1  3.7    35    60     895    (-,-) 
  u_icache/g12256/Y                  -       A->Y    F     INVx4_ASAP7_75t_R           16 20.3    55    40     935    (-,-) 
  u_icache/g11869/Y                  -       B->Y    F     AND2x2_ASAP7_75t_R           3  4.4    31    54     990    (-,-) 
  u_icache/g4092/Y                   -       A2->Y   R     AOI22xp5_ASAP7_75t_R         1  1.9    76    43    1033    (-,-) 
  u_icache/g3587/Y                   -       C->Y    F     NAND4xp25_ASAP7_75t_R        1  2.0    97    64    1097    (-,-) 
  u_icache/g3460/Y                   -       A->Y    F     OR2x2_ASAP7_75t_R            1  2.0    23    56    1154    (-,-) 
  u_icache/g4101/Y                   -       E->Y    F     OR5x1_ASAP7_75t_R            1  2.5    46    90    1243    (-,-) 
  u_icache/g3419/Y                   -       B->Y    R     NOR2x1_ASAP7_75t_R           1  2.9    54    39    1282    (-,-) 
  u_icache/g3413/Y                   -       C->Y    F     NAND4xp75_ASAP7_75t_R        1  2.0    47    38    1320    (-,-) 
  u_icache/g59232/Y                  -       A->Y    F     AND3x2_ASAP7_75t_R           3  6.3    38    52    1371    (-,-) 
  u_icache/g59231/Y                  -       A->Y    R     INVx2_ASAP7_75t_R            1  2.4    27    23    1394    (-,-) 
  u_icache/g59219/Y                  -       B->Y    F     NAND2x1_ASAP7_75t_R          1  2.4    37    24    1418    (-,-) 
  u_icache/g59218/Y                  -       B->Y    F     OR2x6_ASAP7_75t_R            3  7.8    27    54    1472    (-,-) 
  u_icache/g59214/Y                  -       A->Y    R     INVx4_ASAP7_75t_R           14 17.9    68    42    1514    (-,-) 
  u_icache/g75466/Y                  -       A2->Y   R     AO222x2_ASAP7_75t_R          1  2.0    26    56    1570    (-,-) 
  g200543/Y                          -       B2->Y   R     AO22x2_ASAP7_75t_R           3  5.1    46    51    1621    (-,-) 
  u_core/g233792/Y                   -       A->Y    F     NAND2x1p5_ASAP7_75t_R        3  4.6    38    31    1652    (-,-) 
  u_core/g233607/Y                   -       A->Y    F     OR2x6_ASAP7_75t_R            6 12.7    36    61    1713    (-,-) 
  u_core/g233533/Y                   -       A->Y    R     INVx3_ASAP7_75t_R            1  2.5    22    19    1733    (-,-) 
  u_core/g232416/Y                   -       A1->Y   F     OAI21x1_ASAP7_75t_R          1  2.4    44    23    1755    (-,-) 
  u_core/g232072/Y                   -       B->Y    F     AND2x4_ASAP7_75t_R           4  6.5    25    46    1801    (-,-) 
  u_core/g230829/Y                   -       B->Y    R     NAND2x1p5_ASAP7_75t_R        3  5.5    59    36    1837    (-,-) 
  u_core/g230217/Y                   -       A->Y    F     INVx3_ASAP7_75t_R            3  5.7    33    31    1868    (-,-) 
  u_core/g230058/Y                   -       B->Y    R     NAND2x1p5_ASAP7_75t_R        3  4.7    55    36    1904    (-,-) 
  u_core/g228385/Y                   -       A->Y    R     OR2x6_ASAP7_75t_R            3  5.9    24    48    1952    (-,-) 
  u_core/g237392/Y                   -       C->Y    R     OR3x1_ASAP7_75t_R            2  3.8    59    47    2000    (-,-) 
  u_core/g227848/Y                   -       A->Y    F     INVx2_ASAP7_75t_R            3  6.5    44    39    2039    (-,-) 
  u_core/g227611/Y                   -       B->Y    R     NAND2x1p5_ASAP7_75t_R        4  6.5    65    47    2086    (-,-) 
  u_core/g227015/Y                   -       A->Y    F     NAND2x1p5_ASAP7_75t_R        3  4.8    46    36    2122    (-,-) 
  u_core/g226616/Y                   -       B->Y    R     NOR2x1_ASAP7_75t_R           2  3.1    56    40    2162    (-,-) 
  u_core/g226501/Y                   -       B->Y    R     AND2x2_ASAP7_75t_R           2  4.1    38    53    2214    (-,-) 
  u_core/g226468/Y                   -       B->Y    F     NAND2x1p5_ASAP7_75t_R        2  3.8    34    28    2242    (-,-) 
  u_core/g237394/Y                   -       A2->Y   R     AOI21xp5_ASAP7_75t_R         1  2.0    78    43    2286    (-,-) 
  u_core/g237393/Y                   -       A->Y    R     AND3x1_ASAP7_75t_R           1  2.0    39    61    2346    (-,-) 
  u_core/IF_ID_if_id_instr_reg[16]/D -       -       R     DFFASRHQNx1_ASAP7_75t_R      1    -     -     0    2346    (-,-) 
#---------------------------------------------------------------------------------------------------------------------------



Path 7: MET (3 ps) Setup Check with Pin u_core/EX_gen_muldiv.MUL_md_result_reg_reg[26]/CLK->D
           View: view_ss
          Group: CLK_CPU
     Startpoint: (R) u_core/EX_gen_muldiv.MUL_counter_reg[5]/CLK
          Clock: (R) CLK_CPU
       Endpoint: (R) u_core/EX_gen_muldiv.MUL_md_result_reg_reg[26]/D
          Clock: (R) CLK_CPU

                     Capture       Launch     
        Clock Edge:+    2500            0     
       Src Latency:+       0            0     
       Net Latency:+       0 (I)        0 (I) 
           Arrival:=    2500            0     
                                              
             Setup:-      33                  
       Uncertainty:-     125                  
     Required Time:=    2342                  
      Launch Clock:-       0                  
         Data Path:-    2339                  
             Slack:=       3                  

#-----------------------------------------------------------------------------------------------------------------------------------------
#                  Timing Point                    Flags    Arc    Edge          Cell            Fanout Load Trans Delay Arrival Instance 
#                                                                                                       (fF)  (ps)  (ps)   (ps)  Location 
#-----------------------------------------------------------------------------------------------------------------------------------------
  u_core/EX_gen_muldiv.MUL_counter_reg[5]/CLK      -       -       R     (arrival)                 8138    -    40     0       0    (-,-) 
  u_core/EX_gen_muldiv.MUL_counter_reg[5]/QN       -       CLK->QN F     DFFASRHQNx1_ASAP7_75t_R      1  2.6    57   114     114    (-,-) 
  u_core/g235714/Y                                 -       A->Y    F     BUFx6f_ASAP7_75t_R           7 13.3    30    51     164    (-,-) 
  u_core/g140667/Y                                 -       A->Y    R     INVx4_ASAP7_75t_R           10 15.8    61    40     204    (-,-) 
  u_core/g140523/Y                                 -       B->Y    R     AND2x4_ASAP7_75t_R          15 19.1    75    71     275    (-,-) 
  u_core/g140073/Y                                 -       B->Y    R     AND2x2_ASAP7_75t_R           2  3.1    32    54     328    (-,-) 
  u_core/WALLACE_CSA_DUMMY_OP_groupi_g7680/Y       -       B->Y    R     AND2x2_ASAP7_75t_R           3  5.7    49    52     380    (-,-) 
  u_core/WALLACE_CSA_DUMMY_OP_groupi_g7679/Y       -       A->Y    F     INVxp67_ASAP7_75t_R          1  1.9    39    34     415    (-,-) 
  u_core/WALLACE_CSA_DUMMY_OP_groupi_g7578/Y       -       B->Y    R     OAI21xp33_ASAP7_75t_R        1  1.9    96    38     453    (-,-) 
  u_core/drc_bufs251651/Y                          -       A->Y    F     INVxp67_ASAP7_75t_R          1  1.9    51    47     500    (-,-) 
  u_core/drc_bufs251649/Y                          -       A->Y    R     INVxp67_ASAP7_75t_R          2  3.4    81    55     555    (-,-) 
  u_core/WALLACE_CSA_DUMMY_OP_groupi_g7262/Y       -       A->Y    F     NOR2xp67_ASAP7_75t_R         2  4.0    78    68     623    (-,-) 
  u_core/WALLACE_CSA_DUMMY_OP_groupi_g255642/Y     -       B->Y    R     AOI21x1_ASAP7_75t_R          3  5.2    94    67     689    (-,-) 
  u_core/WALLACE_CSA_DUMMY_OP_groupi_g7086_dup/Y   -       A2->Y   F     OAI21xp5_ASAP7_75t_R         1  2.0    60    51     741    (-,-) 
  u_core/WALLACE_CSA_DUMMY_OP_groupi_g255647/Y     -       A1->Y   F     AO21x1_ASAP7_75t_R           2  4.1    48    63     804    (-,-) 
  u_core/WALLACE_CSA_DUMMY_OP_groupi_g6778/Y       -       A2->Y   F     AO21x1_ASAP7_75t_R           2  4.1    48    59     863    (-,-) 
  u_core/WALLACE_CSA_DUMMY_OP_groupi_g6769/Y       -       A2->Y   F     AO21x1_ASAP7_75t_R           3  5.3    59    65     928    (-,-) 
  u_core/WALLACE_CSA_DUMMY_OP_groupi_g6759/Y       -       B->Y    R     NAND2xp5_ASAP7_75t_R         2  3.2    81    58     985    (-,-) 
  u_core/WALLACE_CSA_DUMMY_OP_groupi_g250508/Y     -       B->Y    F     NAND2xp5_ASAP7_75t_R         1  2.4    62    52    1037    (-,-) 
  u_core/g264909/Y                                 -       B->Y    R     XNOR2xp5_ASAP7_75t_R         1  1.9    76    54    1091    (-,-) 
  u_core/drc_bufs244017/Y                          -       A->Y    F     INVxp67_ASAP7_75t_R          3  4.3    76    63    1153    (-,-) 
  u_core/EX_gen_muldiv.MUL_minus_198_42_g1381/Y    -       C->Y    F     OR4x1_ASAP7_75t_R            1  1.9    36    78    1231    (-,-) 
  u_core/EX_gen_muldiv.MUL_minus_198_42_g1380/Y    -       B->Y    F     OR5x1_ASAP7_75t_R            1  1.9    39    80    1310    (-,-) 
  u_core/EX_gen_muldiv.MUL_minus_198_42_g1405/Y    -       B->Y    F     OR5x1_ASAP7_75t_R            1  2.0    40    81    1391    (-,-) 
  u_core/EX_gen_muldiv.MUL_minus_198_42_g2/Y       -       D->Y    F     OR4x1_ASAP7_75t_R            1  2.5    41    77    1468    (-,-) 
  u_core/EX_gen_muldiv.MUL_minus_198_42_g1375/Y    -       B->Y    R     NOR2x1_ASAP7_75t_R           1  2.0    44    31    1499    (-,-) 
  u_core/EX_gen_muldiv.MUL_minus_198_42_g1374/Y    -       B->Y    F     NAND2xp5_ASAP7_75t_R         1  2.0    47    37    1536    (-,-) 
  u_core/g265912/Y                                 -       A->Y    F     OR5x2_ASAP7_75t_R            4  6.2    59   105    1641    (-,-) 
  u_core/EX_gen_muldiv.MUL_minus_198_42_g1367/Y    -       A->Y    R     NOR2x1_ASAP7_75t_R           1  2.9    55    42    1682    (-,-) 
  u_core/EX_gen_muldiv.MUL_minus_198_42_g1361/Y    -       D->Y    F     NAND4xp75_ASAP7_75t_R        2  4.1    74    50    1732    (-,-) 
  u_core/EX_gen_muldiv.MUL_minus_198_42_g1353/Y    -       B->Y    R     NOR2x1p5_ASAP7_75t_R         5  7.6    89    62    1794    (-,-) 
  u_core/EX_gen_muldiv.MUL_minus_198_42_g1346/Y    -       A->Y    R     AND3x4_ASAP7_75t_R           3  6.1    36    66    1860    (-,-) 
  u_core/EX_gen_muldiv.MUL_minus_198_42_g1342/Y    -       B->Y    F     NAND2x2_ASAP7_75t_R          2  4.6    36    26    1886    (-,-) 
  u_core/EX_gen_muldiv.MUL_minus_198_42_g1339/Y    -       B->Y    R     NOR2x2_ASAP7_75t_R           3  4.6    44    32    1918    (-,-) 
  u_core/EX_gen_muldiv.MUL_minus_198_42_g1336/Y    -       B->Y    R     AND2x4_ASAP7_75t_R           3  5.1    27    43    1961    (-,-) 
  u_core/EX_gen_muldiv.MUL_minus_198_42_g1334/Y    -       B->Y    R     AND2x4_ASAP7_75t_R           2  3.5    21    35    1996    (-,-) 
  u_core/EX_gen_muldiv.MUL_minus_198_42_g1331/Y    -       B->Y    R     AND2x4_ASAP7_75t_R           3  4.3    24    35    2031    (-,-) 
  u_core/EX_gen_muldiv.MUL_minus_198_42_g3/Y       -       B->Y    F     NAND2xp5_ASAP7_75t_R         1  2.7    62    36    2067    (-,-) 
  u_core/EX_gen_muldiv.MUL_minus_198_42_g1407/Y    -       A->Y    R     NOR3x1_ASAP7_75t_R           2  4.7    85    55    2122    (-,-) 
  u_core/EX_gen_muldiv.MUL_minus_198_42_g1320/Y    -       A->Y    F     INVx2_ASAP7_75t_R            3  4.9    44    40    2163    (-,-) 
  u_core/EX_gen_muldiv.MUL_minus_198_42_g1314/Y    -       A->Y    F     OR2x6_ASAP7_75t_R            2  4.0    20    52    2214    (-,-) 
  u_core/EX_gen_muldiv.MUL_minus_198_42_g1310/Y    -       B->Y    R     NOR2x1p5_ASAP7_75t_R         2  3.4    45    27    2241    (-,-) 
  u_core/EX_gen_muldiv.MUL_minus_198_42_g1304/Y    -       B->Y    F     AOI21xp33_ASAP7_75t_R        1  1.9    67    34    2275    (-,-) 
  u_core/g227450/Y                                 -       A1->Y   R     AOI21xp33_ASAP7_75t_R        1  2.0   100    64    2339    (-,-) 
  u_core/EX_gen_muldiv.MUL_md_result_reg_reg[26]/D -       -       R     DFFASRHQNx1_ASAP7_75t_R      1    -     -     0    2339    (-,-) 
#-----------------------------------------------------------------------------------------------------------------------------------------



Path 8: MET (3 ps) Setup Check with Pin u_core/EX_MEM_ex_mem_alu_result_reg[27]/CLK->D
           View: view_ss
          Group: CLK_CPU
     Startpoint: (R) u_dcache/state_reg[0]/CLK
          Clock: (R) CLK_CPU
       Endpoint: (F) u_core/EX_MEM_ex_mem_alu_result_reg[27]/D
          Clock: (R) CLK_CPU

                     Capture       Launch     
        Clock Edge:+    2500            0     
       Src Latency:+       0            0     
       Net Latency:+       0 (I)        0 (I) 
           Arrival:=    2500            0     
                                              
             Setup:-       5                  
       Uncertainty:-     125                  
     Required Time:=    2370                  
      Launch Clock:-       0                  
         Data Path:-    2367                  
             Slack:=       3                  

#----------------------------------------------------------------------------------------------------------------------------------
#               Timing Point                Flags    Arc    Edge          Cell            Fanout Load Trans Delay Arrival Instance 
#                                                                                                (fF)  (ps)  (ps)   (ps)  Location 
#----------------------------------------------------------------------------------------------------------------------------------
  u_dcache/state_reg[0]/CLK                 -       -       R     (arrival)                 8138    -    40     0       0    (-,-) 
  u_dcache/state_reg[0]/QN                  -       CLK->QN F     DFFASRHQNx1_ASAP7_75t_R      3  4.3    74   126     126    (-,-) 
  u_dcache/g73110/Y                         -       A->Y    R     INVxp67_ASAP7_75t_R          2  3.5    88    65     191    (-,-) 
  u_dcache/g73106/Y                         -       A->Y    R     AND2x6_ASAP7_75t_R          12 15.8    48    66     258    (-,-) 
  u_dcache/g87696/Y                         -       A->Y    F     INVx1_ASAP7_75t_R            5  6.6    72    53     311    (-,-) 
  u_dcache/g87589/Y                         -       B2->Y   F     OA22x2_ASAP7_75t_R           2  4.9    36    71     382    (-,-) 
  u_dcache/g87559/Y                         -       A->Y    R     INVx4_ASAP7_75t_R           20 25.3    94    57     439    (-,-) 
  u_dcache/g87530/Y                         -       B->Y    F     NOR2xp67_ASAP7_75t_R         2  3.6    73    65     505    (-,-) 
  u_dcache/g87472/Y                         -       B->Y    F     AND2x2_ASAP7_75t_R           5  9.1    53    72     576    (-,-) 
  u_dcache/g87341/Y                         -       A->Y    F     BUFx6f_ASAP7_75t_R          20 25.4    50    60     636    (-,-) 
  u_dcache/g87340/Y                         -       A->Y    F     HB3xp67_ASAP7_75t_R          2  3.2    65   112     748    (-,-) 
  u_dcache/g87187/Y                         -       A2->Y   R     AOI22xp5_ASAP7_75t_R         1  2.0    78    53     801    (-,-) 
  u_dcache/g86472/Y                         -       A->Y    F     NAND4xp25_ASAP7_75t_R        1  2.0    97    68     869    (-,-) 
  u_dcache/g86287/Y                         -       A2->Y   R     AOI22xp5_ASAP7_75t_R         1  1.9    82    58     926    (-,-) 
  u_dcache/g86191/Y                         -       C->Y    F     NAND4xp25_ASAP7_75t_R        1  2.0    99    66     992    (-,-) 
  u_dcache/g86164/Y                         -       A2->Y   R     A2O1A1Ixp33_ASAP7_75t_R      1  2.0    80    63    1055    (-,-) 
  u_dcache/g86156/Y                         -       B->Y    F     O2A1O1Ixp5_ASAP7_75t_R       1  1.9    60    51    1106    (-,-) 
  u_dcache/g86154/Y                         -       A2->Y   R     OAI21xp33_ASAP7_75t_R        1  2.0   100    66    1171    (-,-) 
  u_dcache/g96327/Y                         -       B->Y    R     AND2x2_ASAP7_75t_R           2  4.4    41    63    1234    (-,-) 
  u_dcache/drc_bufs93436/Y                  -       A->Y    F     INVx2_ASAP7_75t_R            5  7.2    42    35    1269    (-,-) 
  u_dcache/g65301/Y                         -       B->Y    R     NAND2x1_ASAP7_75t_R          3  4.5    78    50    1320    (-,-) 
  u_dcache/g65289/Y                         -       A2->Y   R     AO21x1_ASAP7_75t_R           1  2.0    36    51    1371    (-,-) 
  g200938/Y                                 -       B->Y    R     AND2x2_ASAP7_75t_R           1  2.0    24    40    1411    (-,-) 
  g200450/Y                                 -       A->Y    R     OR2x2_ASAP7_75t_R            9 13.1    99    73    1484    (-,-) 
  u_core/g234204/Y                          -       B->Y    R     OR2x2_ASAP7_75t_R            3  5.5    47    66    1550    (-,-) 
  u_core/g233987/Y                          -       B->Y    F     OAI21x1_ASAP7_75t_R          2  3.1    48    36    1586    (-,-) 
  u_core/g265909/Y                          -       B->Y    F     AO21x2_ASAP7_75t_R           5  8.3    52    69    1655    (-,-) 
  u_core/g233124/Y                          -       B->Y    R     NOR2x1p5_ASAP7_75t_R         5  7.9    86    56    1712    (-,-) 
  u_core/g232864/Y                          -       A->Y    F     INVx1_ASAP7_75t_R            1  2.0    40    38    1749    (-,-) 
  u_core/g232542/Y                          -       B->Y    F     OR2x2_ASAP7_75t_R            2  4.7    34    56    1805    (-,-) 
  u_core/g232274/Y                          -       A->Y    R     INVx2_ASAP7_75t_R            5  7.5    58    39    1844    (-,-) 
  u_core/g232055/Y                          -       B->Y    R     AND2x2_ASAP7_75t_R           2  3.2    32    50    1895    (-,-) 
  u_core/g230825/Y                          -       A->Y    R     AND3x2_ASAP7_75t_R           7  9.4    78    77    1972    (-,-) 
  u_core/drc_bufs241958/Y                   -       A->Y    F     INVx1_ASAP7_75t_R            1  2.6    44    41    2013    (-,-) 
  u_core/drc_bufs241957/Y                   -       A->Y    R     INVx2_ASAP7_75t_R            7  9.4    73    49    2062    (-,-) 
  u_core/g230182/Y                          -       A->Y    R     BUFx3_ASAP7_75t_R           13 17.0    87    77    2139    (-,-) 
  u_core/g228476/Y                          -       A2->Y   F     AOI22xp5_ASAP7_75t_R         1  1.9    62    52    2191    (-,-) 
  u_core/g225065/Y                          -       B->Y    R     OAI211xp5_ASAP7_75t_R        1  1.9    99    49    2240    (-,-) 
  u_core/drc_bufs254132/Y                   -       A->Y    F     INVxp67_ASAP7_75t_R          1  1.9    51    47    2287    (-,-) 
  u_core/drc_bufs254131/Y                   -       A->Y    R     INVxp67_ASAP7_75t_R          1  2.3    60    45    2331    (-,-) 
  u_core/g224834/Y                          -       B->Y    F     AOI211x1_ASAP7_75t_R         1  2.0    67    36    2367    (-,-) 
  u_core/EX_MEM_ex_mem_alu_result_reg[27]/D -       -       F     DFFHQNx2_ASAP7_75t_R         1    -     -     0    2367    (-,-) 
#----------------------------------------------------------------------------------------------------------------------------------



Path 9: MET (3 ps) Setup Check with Pin u_axi_apb_dma_u_dma_engine_gen_ch[0].u_ch_rd_addr_reg[31]/CLK->D
           View: view_ss
          Group: CLK_AXI
     Startpoint: (R) u_axi_apb_dma_u_dma_engine_ch_bmax_reg[0][3]/CLK
          Clock: (R) CLK_AXI
       Endpoint: (R) u_axi_apb_dma_u_dma_engine_gen_ch[0].u_ch_rd_addr_reg[31]/D
          Clock: (R) CLK_AXI

                     Capture       Launch     
        Clock Edge:+    5000            0     
       Src Latency:+     100          150     
       Net Latency:+       0 (I)        0 (I) 
           Arrival:=    5100          150     
                                              
             Setup:-      36                  
       Uncertainty:-     150                  
     Required Time:=    4914                  
      Launch Clock:-     150                  
         Data Path:-    4761                  
             Slack:=       3                  

#----------------------------------------------------------------------------------------------------------------------------------------------------
#                        Timing Point                         Flags    Arc    Edge          Cell            Fanout Load Trans Delay Arrival Instance 
#                                                                                                                  (fF)  (ps)  (ps)   (ps)  Location 
#----------------------------------------------------------------------------------------------------------------------------------------------------
  u_axi_apb_dma_u_dma_engine_ch_bmax_reg[0][3]/CLK            -       -       R     (arrival)                24431    -    40     0     150    (-,-) 
  u_axi_apb_dma_u_dma_engine_ch_bmax_reg[0][3]/QN             -       CLK->QN R     DFFASRHQNx1_ASAP7_75t_R      4  5.7   100   131     281    (-,-) 
  g201110/Y                                                   -       A->Y    F     NOR2xp33_ASAP7_75t_R         1  2.4    93    78     360    (-,-) 
  g199777/Y                                                   -       A2->Y   R     AOI21x1_ASAP7_75t_R          4  5.9   102    70     429    (-,-) 
  g199094/Y                                                   -       B->Y    F     NAND2xp5_ASAP7_75t_R         5  6.2   129    94     523    (-,-) 
  g198628/Y                                                   -       B->Y    R     NOR2xp33_ASAP7_75t_R         2  2.9   147   102     626    (-,-) 
  g198551/Y                                                   -       A->Y    F     INVxp33_ASAP7_75t_R          1  2.0    91    82     708    (-,-) 
  g198384/Y                                                   -       A1->Y   R     AOI32xp33_ASAP7_75t_R        1  1.8   119    72     780    (-,-) 
  g198194/Y                                                   -       B->Y    F     NOR2xp33_ASAP7_75t_R         1  1.9    92    74     855    (-,-) 
  g198042/Y                                                   -       B->Y    F     OR5x1_ASAP7_75t_R            5  7.0    89   123     978    (-,-) 
  g198032/Y                                                   -       A->Y    R     INVx1_ASAP7_75t_R            7  8.9   139    94    1071    (-,-) 
  g197999/Y                                                   -       B->Y    F     NOR2xp33_ASAP7_75t_R         1  1.9    87    80    1151    (-,-) 
  drc_bufs2395/Y                                              -       A->Y    R     INVxp67_ASAP7_75t_R          3  4.1   103    75    1227    (-,-) 
  drc_bufs2394/Y                                              -       A->Y    F     INVxp33_ASAP7_75t_R          2  3.1   108    88    1314    (-,-) 
  g197802/Y                                                   -       A1->Y   R     OAI321xp33_ASAP7_75t_R       1  1.9   125    86    1401    (-,-) 
  g197665/Y                                                   -       B->Y    F     AOI21xp33_ASAP7_75t_R        1  2.0    82    55    1456    (-,-) 
  g197564/Y                                                   -       C->Y    R     A2O1A1Ixp33_ASAP7_75t_R      1  2.0    84    54    1510    (-,-) 
  g197559/Y                                                   -       B->Y    R     OR2x2_ASAP7_75t_R            8 10.8    83    81    1591    (-,-) 
  g197555/Y                                                   -       A->Y    F     INVx1_ASAP7_75t_R            6  8.4    95    75    1666    (-,-) 
  g197482/Y                                                   -       B2->Y   F     AO22x1_ASAP7_75t_R           4  5.7    66    88    1754    (-,-) 
  u_axi_apb_dma_u_dma_engine_gen_ch[0].u_ch_add_359_48_g504/Y -       B->Y    R     NAND2xp5_ASAP7_75t_R         3  5.5   137    83    1837    (-,-) 
  u_axi_apb_dma_u_dma_engine_gen_ch[0].u_ch_add_359_48_g503/Y -       A->Y    F     INVxp67_ASAP7_75t_R          1  2.1    63    58    1895    (-,-) 
  u_axi_apb_dma_u_dma_engine_gen_ch[0].u_ch_add_359_48_g495/Y -       A->Y    R     MAJIxp5_ASAP7_75t_R          2  4.0   139    81    1976    (-,-) 
  u_axi_apb_dma_u_dma_engine_gen_ch[0].u_ch_add_359_48_g494/Y -       A->Y    F     INVxp67_ASAP7_75t_R          1  2.1    63    58    2034    (-,-) 
  u_axi_apb_dma_u_dma_engine_gen_ch[0].u_ch_add_359_48_g492/Y -       A->Y    R     MAJIxp5_ASAP7_75t_R          2  3.9   137    80    2114    (-,-) 
  u_axi_apb_dma_u_dma_engine_gen_ch[0].u_ch_add_359_48_g491/Y -       A->Y    F     INVxp33_ASAP7_75t_R          1  2.1    91    82    2196    (-,-) 
  u_axi_apb_dma_u_dma_engine_gen_ch[0].u_ch_add_359_48_g489/Y -       A->Y    R     MAJIxp5_ASAP7_75t_R          2  3.4   124    82    2278    (-,-) 
  u_axi_apb_dma_u_dma_engine_gen_ch[0].u_ch_add_359_48_g488/Y -       A->Y    F     INVxp33_ASAP7_75t_R          1  2.1    88    78    2356    (-,-) 
  u_axi_apb_dma_u_dma_engine_gen_ch[0].u_ch_add_359_48_g486/Y -       A->Y    R     MAJIxp5_ASAP7_75t_R          2  3.5   127    83    2438    (-,-) 
  u_axi_apb_dma_u_dma_engine_gen_ch[0].u_ch_add_359_48_g485/Y -       A->Y    F     INVxp67_ASAP7_75t_R          1  2.1    60    56    2494    (-,-) 
  u_axi_apb_dma_u_dma_engine_gen_ch[0].u_ch_add_359_48_g483/Y -       A->Y    R     MAJIxp5_ASAP7_75t_R          2  3.9   137    79    2573    (-,-) 
  u_axi_apb_dma_u_dma_engine_gen_ch[0].u_ch_add_359_48_g482/Y -       A->Y    F     INVxp33_ASAP7_75t_R          1  2.1    91    82    2654    (-,-) 
  u_axi_apb_dma_u_dma_engine_gen_ch[0].u_ch_add_359_48_g480/Y -       A->Y    R     MAJIxp5_ASAP7_75t_R          2  3.3   122    81    2735    (-,-) 
  u_axi_apb_dma_u_dma_engine_gen_ch[0].u_ch_add_359_48_g478/Y -       B->Y    F     NOR2xp67_ASAP7_75t_R         3  4.3    89    79    2815    (-,-) 
  u_axi_apb_dma_u_dma_engine_gen_ch[0].u_ch_add_359_48_g476/Y -       B->Y    R     NAND2xp5_ASAP7_75t_R         3  4.5   115    81    2896    (-,-) 
  u_axi_apb_dma_u_dma_engine_gen_ch[0].u_ch_add_359_48_g474/Y -       B->Y    F     NOR2xp67_ASAP7_75t_R         3  4.3    87    77    2973    (-,-) 
  u_axi_apb_dma_u_dma_engine_gen_ch[0].u_ch_add_359_48_g472/Y -       B->Y    R     NAND2xp5_ASAP7_75t_R         3  4.5   116    81    3054    (-,-) 
  u_axi_apb_dma_u_dma_engine_gen_ch[0].u_ch_add_359_48_g470/Y -       B->Y    F     NOR2xp67_ASAP7_75t_R         3  4.3    87    78    3132    (-,-) 
  u_axi_apb_dma_u_dma_engine_gen_ch[0].u_ch_add_359_48_g468/Y -       B->Y    R     NAND2xp5_ASAP7_75t_R         3  4.5   113    81    3213    (-,-) 
  u_axi_apb_dma_u_dma_engine_gen_ch[0].u_ch_add_359_48_g466/Y -       B->Y    F     NOR2xp67_ASAP7_75t_R         3  4.3    87    77    3289    (-,-) 
  u_axi_apb_dma_u_dma_engine_gen_ch[0].u_ch_add_359_48_g464/Y -       B->Y    R     NAND2xp5_ASAP7_75t_R         3  4.5   113    81    3370    (-,-) 
  u_axi_apb_dma_u_dma_engine_gen_ch[0].u_ch_add_359_48_g462/Y -       B->Y    F     NOR2xp67_ASAP7_75t_R         3  4.3    98    77    3446    (-,-) 
  u_axi_apb_dma_u_dma_engine_gen_ch[0].u_ch_add_359_48_g460/Y -       B->Y    R     NAND2xp5_ASAP7_75t_R         3  4.5   115    84    3531    (-,-) 
  u_axi_apb_dma_u_dma_engine_gen_ch[0].u_ch_add_359_48_g458/Y -       B->Y    F     NOR2xp67_ASAP7_75t_R         3  4.3    98    77    3608    (-,-) 
  u_axi_apb_dma_u_dma_engine_gen_ch[0].u_ch_add_359_48_g456/Y -       B->Y    R     NAND2xp5_ASAP7_75t_R         3  4.5   115    84    3692    (-,-) 
  u_axi_apb_dma_u_dma_engine_gen_ch[0].u_ch_add_359_48_g454/Y -       B->Y    F     NOR2xp67_ASAP7_75t_R         3  4.3    98    77    3770    (-,-) 
  u_axi_apb_dma_u_dma_engine_gen_ch[0].u_ch_add_359_48_g452/Y -       B->Y    R     NAND2xp5_ASAP7_75t_R         3  4.5   115    84    3854    (-,-) 
  u_axi_apb_dma_u_dma_engine_gen_ch[0].u_ch_add_359_48_g450/Y -       B->Y    F     NOR2xp67_ASAP7_75t_R         3  4.3    98    77    3931    (-,-) 
  u_axi_apb_dma_u_dma_engine_gen_ch[0].u_ch_add_359_48_g448/Y -       B->Y    R     NAND2xp5_ASAP7_75t_R         3  4.5   115    84    4016    (-,-) 
  u_axi_apb_dma_u_dma_engine_gen_ch[0].u_ch_add_359_48_g446/Y -       B->Y    F     NOR2xp67_ASAP7_75t_R         3  4.3    98    77    4093    (-,-) 
  u_axi_apb_dma_u_dma_engine_gen_ch[0].u_ch_add_359_48_g444/Y -       B->Y    R     NAND2xp5_ASAP7_75t_R         3  4.5   115    84    4177    (-,-) 
  u_axi_apb_dma_u_dma_engine_gen_ch[0].u_ch_add_359_48_g442/Y -       B->Y    F     NOR2xp67_ASAP7_75t_R         3  4.3    98    77    4254    (-,-) 
  u_axi_apb_dma_u_dma_engine_gen_ch[0].u_ch_add_359_48_g440/Y -       B->Y    R     NAND2xp5_ASAP7_75t_R         3  4.5   115    84    4339    (-,-) 
  u_axi_apb_dma_u_dma_engine_gen_ch[0].u_ch_add_359_48_g438/Y -       B->Y    F     NOR2xp67_ASAP7_75t_R         3  4.3    98    77    4416    (-,-) 
  u_axi_apb_dma_u_dma_engine_gen_ch[0].u_ch_add_359_48_g436/Y -       B->Y    R     NAND2xp5_ASAP7_75t_R         3  4.1   107    80    4496    (-,-) 
  u_axi_apb_dma_u_dma_engine_gen_ch[0].u_ch_add_359_48_g434/Y -       B->Y    F     NOR2xp33_ASAP7_75t_R         2  3.0   115    89    4586    (-,-) 
  drc_bufs2569/Y                                              -       A->Y    R     INVxp33_ASAP7_75t_R          1  1.9   106    82    4668    (-,-) 
  drc_bufs2567/Y                                              -       A->Y    F     INVxp67_ASAP7_75t_R          2  3.1    69    62    4730    (-,-) 
  u_axi_apb_dma_u_dma_engine_gen_ch[0].u_ch_add_359_48_g432/Y -       B->Y    R     NAND2xp5_ASAP7_75t_R         2  3.5    94    64    4794    (-,-) 
  u_axi_apb_dma_u_dma_engine_gen_ch[0].u_ch_add_359_48_g430/Y -       B->Y    F     XNOR2xp5_ASAP7_75t_R         1  1.9    56    46    4840    (-,-) 
  g179950/Y                                                   -       B2->Y   R     AOI222xp33_ASAP7_75t_R       1  2.0   120    71    4911    (-,-) 
  u_axi_apb_dma_u_dma_engine_gen_ch[0].u_ch_rd_addr_reg[31]/D -       -       R     DFFASRHQNx1_ASAP7_75t_R      1    -     -     0    4911    (-,-) 
#----------------------------------------------------------------------------------------------------------------------------------------------------



Path 10: MET (3 ps) Setup Check with Pin u_core/pc_reg_reg[29]/CLK->D
           View: view_ss
          Group: CLK_CPU
     Startpoint: (R) u_core/pc_reg_reg[3]/CLK
          Clock: (R) CLK_CPU
       Endpoint: (R) u_core/pc_reg_reg[29]/D
          Clock: (R) CLK_CPU

                     Capture       Launch     
        Clock Edge:+    2500            0     
       Src Latency:+       0            0     
       Net Latency:+       0 (I)        0 (I) 
           Arrival:=    2500            0     
                                              
             Setup:-      31                  
       Uncertainty:-     125                  
     Required Time:=    2344                  
      Launch Clock:-       0                  
         Data Path:-    2341                  
             Slack:=       3                  

#--------------------------------------------------------------------------------------------------------------------
#        Timing Point         Flags    Arc    Edge          Cell            Fanout Load Trans Delay Arrival Instance 
#                                                                                  (fF)  (ps)  (ps)   (ps)  Location 
#--------------------------------------------------------------------------------------------------------------------
  u_core/pc_reg_reg[3]/CLK    -       -       R     (arrival)                 8138    -    40     0       0    (-,-) 
  u_core/pc_reg_reg[3]/QN     -       CLK->QN R     DFFASRHQNx1_ASAP7_75t_R      1  2.1    51   102     102    (-,-) 
  u_core/drc_bufs245642/Y     -       A->Y    R     BUFx3_ASAP7_75t_R            4  6.1    36    48     150    (-,-) 
  u_core/IF_add_339_31_g781/Y -       B->Y    R     AND2x2_ASAP7_75t_R           3  4.9    44    50     200    (-,-) 
  u_core/g265914/Y            -       A->Y    R     AND3x4_ASAP7_75t_R           3  4.8    30    52     253    (-,-) 
  u_core/g265913/Y            -       C->Y    R     AND3x4_ASAP7_75t_R           3  4.8    30    51     303    (-,-) 
  u_core/IF_add_339_31_g2/Y   -       C->Y    R     AND3x1_ASAP7_75t_R           4  5.7    89    74     377    (-,-) 
  u_core/IF_add_339_31_g757/Y -       B->Y    R     AND2x2_ASAP7_75t_R           2  3.1    32    56     434    (-,-) 
  u_core/IF_add_339_31_g749/Y -       B->Y    R     AND2x2_ASAP7_75t_R           2  3.2    32    43     477    (-,-) 
  u_core/IF_add_339_31_g742/Y -       B->Y    F     NAND2xp5_ASAP7_75t_R         2  3.5    74    46     523    (-,-) 
  u_core/IF_add_339_31_g739/Y -       B->Y    F     OA21x2_ASAP7_75t_R           2  2.9    26    51     574    (-,-) 
  u_core/g140263/Y            -       A1->Y   F     AO22x1_ASAP7_75t_R           4  6.0    68    73     647    (-,-) 
  u_icache/g55414/Y           -       B->Y    F     AND2x2_ASAP7_75t_R           1  2.4    22    52     699    (-,-) 
  u_icache/g55399/Y           -       A->Y    F     OR2x6_ASAP7_75t_R           17 29.9    63    72     771    (-,-) 
  u_icache/g12396/Y           -       A->Y    R     INVx5_ASAP7_75t_R           17 29.6    95    65     836    (-,-) 
  u_icache/g12262/Y           -       B->Y    R     OR2x2_ASAP7_75t_R            1  3.7    35    60     895    (-,-) 
  u_icache/g12256/Y           -       A->Y    F     INVx4_ASAP7_75t_R           16 20.3    55    40     935    (-,-) 
  u_icache/g11869/Y           -       B->Y    F     AND2x2_ASAP7_75t_R           3  4.4    31    54     990    (-,-) 
  u_icache/g4092/Y            -       A2->Y   R     AOI22xp5_ASAP7_75t_R         1  1.9    76    43    1033    (-,-) 
  u_icache/g3587/Y            -       C->Y    F     NAND4xp25_ASAP7_75t_R        1  2.0    97    64    1097    (-,-) 
  u_icache/g3460/Y            -       A->Y    F     OR2x2_ASAP7_75t_R            1  2.0    23    56    1154    (-,-) 
  u_icache/g4101/Y            -       E->Y    F     OR5x1_ASAP7_75t_R            1  2.5    46    90    1243    (-,-) 
  u_icache/g3419/Y            -       B->Y    R     NOR2x1_ASAP7_75t_R           1  2.9    54    39    1282    (-,-) 
  u_icache/g3413/Y            -       C->Y    F     NAND4xp75_ASAP7_75t_R        1  2.0    47    38    1320    (-,-) 
  u_icache/g59232/Y           -       A->Y    F     AND3x2_ASAP7_75t_R           3  6.3    38    52    1371    (-,-) 
  u_icache/g59231/Y           -       A->Y    R     INVx2_ASAP7_75t_R            1  2.4    27    23    1394    (-,-) 
  u_icache/g59219/Y           -       B->Y    F     NAND2x1_ASAP7_75t_R          1  2.4    37    24    1418    (-,-) 
  u_icache/g59218/Y           -       B->Y    F     OR2x6_ASAP7_75t_R            3  7.8    27    54    1472    (-,-) 
  u_icache/g59214/Y           -       A->Y    R     INVx4_ASAP7_75t_R           14 17.9    68    42    1514    (-,-) 
  u_icache/g75466/Y           -       A2->Y   R     AO222x2_ASAP7_75t_R          1  2.0    26    56    1570    (-,-) 
  g200543/Y                   -       B2->Y   R     AO22x2_ASAP7_75t_R           3  5.1    46    51    1621    (-,-) 
  u_core/g233792/Y            -       A->Y    F     NAND2x1p5_ASAP7_75t_R        3  4.6    38    31    1652    (-,-) 
  u_core/g233607/Y            -       A->Y    F     OR2x6_ASAP7_75t_R            6 12.7    36    61    1713    (-,-) 
  u_core/g232355/Y            -       A1->Y   R     AOI21xp5_ASAP7_75t_R         1  2.5    86    49    1762    (-,-) 
  u_core/g230718/Y            -       A1->Y   F     OAI21x1_ASAP7_75t_R          3  4.7    68    48    1810    (-,-) 
  u_core/g230090/Y            -       B->Y    F     AND2x2_ASAP7_75t_R           4  6.4    40    63    1874    (-,-) 
  u_core/g228393/Y            -       A->Y    F     AND3x2_ASAP7_75t_R           5  8.9    50    56    1930    (-,-) 
  u_core/g265908/Y            -       C->Y    F     AND3x4_ASAP7_75t_R          17 21.2    63    84    2015    (-,-) 
  u_core/fopt263662/Y         -       A->Y    F     BUFx3_ASAP7_75t_R           16 17.5    65    72    2087    (-,-) 
  u_core/g227297/Y            -       B->Y    R     NAND2xp33_ASAP7_75t_R        1  2.0   100    69    2156    (-,-) 
  u_core/g224572/Y            -       B->Y    R     AND4x1_ASAP7_75t_R           1  1.9    41    71    2227    (-,-) 
  u_core/g224534/Y            -       C->Y    F     OAI211xp5_ASAP7_75t_L        1  2.1    71    34    2261    (-,-) 
  u_core/drc_bufs267825/Y     -       A->Y    F     BUFx3_ASAP7_75t_L            1  2.9    17    37    2298    (-,-) 
  u_core/g224388/Y            -       C->Y    R     NOR4xp75_ASAP7_75t_R         1  2.0    79    43    2341    (-,-) 
  u_core/pc_reg_reg[29]/D     -       -       R     DFFASRHQNx1_ASAP7_75t_R      1    -     -     0    2341    (-,-) 
#--------------------------------------------------------------------------------------------------------------------



Path 11: MET (3 ps) Setup Check with Pin u_core/pc_reg_reg[28]/CLK->D
           View: view_ss
          Group: CLK_CPU
     Startpoint: (R) u_core/pc_reg_reg[3]/CLK
          Clock: (R) CLK_CPU
       Endpoint: (R) u_core/pc_reg_reg[28]/D
          Clock: (R) CLK_CPU

                     Capture       Launch     
        Clock Edge:+    2500            0     
       Src Latency:+       0            0     
       Net Latency:+       0 (I)        0 (I) 
           Arrival:=    2500            0     
                                              
             Setup:-      31                  
       Uncertainty:-     125                  
     Required Time:=    2344                  
      Launch Clock:-       0                  
         Data Path:-    2341                  
             Slack:=       3                  

#--------------------------------------------------------------------------------------------------------------------
#        Timing Point         Flags    Arc    Edge          Cell            Fanout Load Trans Delay Arrival Instance 
#                                                                                  (fF)  (ps)  (ps)   (ps)  Location 
#--------------------------------------------------------------------------------------------------------------------
  u_core/pc_reg_reg[3]/CLK    -       -       R     (arrival)                 8138    -    40     0       0    (-,-) 
  u_core/pc_reg_reg[3]/QN     -       CLK->QN R     DFFASRHQNx1_ASAP7_75t_R      1  2.1    51   102     102    (-,-) 
  u_core/drc_bufs245642/Y     -       A->Y    R     BUFx3_ASAP7_75t_R            4  6.1    36    48     150    (-,-) 
  u_core/IF_add_339_31_g781/Y -       B->Y    R     AND2x2_ASAP7_75t_R           3  4.9    44    50     200    (-,-) 
  u_core/g265914/Y            -       A->Y    R     AND3x4_ASAP7_75t_R           3  4.8    30    52     253    (-,-) 
  u_core/g265913/Y            -       C->Y    R     AND3x4_ASAP7_75t_R           3  4.8    30    51     303    (-,-) 
  u_core/IF_add_339_31_g2/Y   -       C->Y    R     AND3x1_ASAP7_75t_R           4  5.7    89    74     377    (-,-) 
  u_core/IF_add_339_31_g757/Y -       B->Y    R     AND2x2_ASAP7_75t_R           2  3.1    32    56     434    (-,-) 
  u_core/IF_add_339_31_g749/Y -       B->Y    R     AND2x2_ASAP7_75t_R           2  3.2    32    43     477    (-,-) 
  u_core/IF_add_339_31_g742/Y -       B->Y    F     NAND2xp5_ASAP7_75t_R         2  3.5    74    46     523    (-,-) 
  u_core/IF_add_339_31_g739/Y -       B->Y    F     OA21x2_ASAP7_75t_R           2  2.9    26    51     574    (-,-) 
  u_core/g140263/Y            -       A1->Y   F     AO22x1_ASAP7_75t_R           4  6.0    68    73     647    (-,-) 
  u_icache/g55414/Y           -       B->Y    F     AND2x2_ASAP7_75t_R           1  2.4    22    52     699    (-,-) 
  u_icache/g55399/Y           -       A->Y    F     OR2x6_ASAP7_75t_R           17 29.9    63    72     771    (-,-) 
  u_icache/g12396/Y           -       A->Y    R     INVx5_ASAP7_75t_R           17 29.6    95    65     836    (-,-) 
  u_icache/g12262/Y           -       B->Y    R     OR2x2_ASAP7_75t_R            1  3.7    35    60     895    (-,-) 
  u_icache/g12256/Y           -       A->Y    F     INVx4_ASAP7_75t_R           16 20.3    55    40     935    (-,-) 
  u_icache/g11869/Y           -       B->Y    F     AND2x2_ASAP7_75t_R           3  4.4    31    54     990    (-,-) 
  u_icache/g4092/Y            -       A2->Y   R     AOI22xp5_ASAP7_75t_R         1  1.9    76    43    1033    (-,-) 
  u_icache/g3587/Y            -       C->Y    F     NAND4xp25_ASAP7_75t_R        1  2.0    97    64    1097    (-,-) 
  u_icache/g3460/Y            -       A->Y    F     OR2x2_ASAP7_75t_R            1  2.0    23    56    1154    (-,-) 
  u_icache/g4101/Y            -       E->Y    F     OR5x1_ASAP7_75t_R            1  2.5    46    90    1243    (-,-) 
  u_icache/g3419/Y            -       B->Y    R     NOR2x1_ASAP7_75t_R           1  2.9    54    39    1282    (-,-) 
  u_icache/g3413/Y            -       C->Y    F     NAND4xp75_ASAP7_75t_R        1  2.0    47    38    1320    (-,-) 
  u_icache/g59232/Y           -       A->Y    F     AND3x2_ASAP7_75t_R           3  6.3    38    52    1371    (-,-) 
  u_icache/g59231/Y           -       A->Y    R     INVx2_ASAP7_75t_R            1  2.4    27    23    1394    (-,-) 
  u_icache/g59219/Y           -       B->Y    F     NAND2x1_ASAP7_75t_R          1  2.4    37    24    1418    (-,-) 
  u_icache/g59218/Y           -       B->Y    F     OR2x6_ASAP7_75t_R            3  7.8    27    54    1472    (-,-) 
  u_icache/g59214/Y           -       A->Y    R     INVx4_ASAP7_75t_R           14 17.9    68    42    1514    (-,-) 
  u_icache/g75466/Y           -       A2->Y   R     AO222x2_ASAP7_75t_R          1  2.0    26    56    1570    (-,-) 
  g200543/Y                   -       B2->Y   R     AO22x2_ASAP7_75t_R           3  5.1    46    51    1621    (-,-) 
  u_core/g233792/Y            -       A->Y    F     NAND2x1p5_ASAP7_75t_R        3  4.6    38    31    1652    (-,-) 
  u_core/g233607/Y            -       A->Y    F     OR2x6_ASAP7_75t_R            6 12.7    36    61    1713    (-,-) 
  u_core/g232355/Y            -       A1->Y   R     AOI21xp5_ASAP7_75t_R         1  2.5    86    49    1762    (-,-) 
  u_core/g230718/Y            -       A1->Y   F     OAI21x1_ASAP7_75t_R          3  4.7    68    48    1810    (-,-) 
  u_core/g230090/Y            -       B->Y    F     AND2x2_ASAP7_75t_R           4  6.4    40    63    1874    (-,-) 
  u_core/g228393/Y            -       A->Y    F     AND3x2_ASAP7_75t_R           5  8.9    50    56    1930    (-,-) 
  u_core/g265908/Y            -       C->Y    F     AND3x4_ASAP7_75t_R          17 21.2    63    84    2015    (-,-) 
  u_core/fopt263662/Y         -       A->Y    F     BUFx3_ASAP7_75t_R           16 17.5    65    72    2087    (-,-) 
  u_core/g227296/Y            -       B->Y    R     NAND2xp33_ASAP7_75t_R        1  2.0   100    69    2156    (-,-) 
  u_core/g224571/Y            -       B->Y    R     AND4x1_ASAP7_75t_R           1  1.9    41    71    2227    (-,-) 
  u_core/g224533/Y            -       C->Y    F     OAI211xp5_ASAP7_75t_L        1  2.1    71    34    2261    (-,-) 
  u_core/drc_bufs267801/Y     -       A->Y    F     BUFx3_ASAP7_75t_L            1  2.9    17    37    2298    (-,-) 
  u_core/g224394/Y            -       C->Y    R     NOR4xp75_ASAP7_75t_R         1  2.0    79    43    2341    (-,-) 
  u_core/pc_reg_reg[28]/D     -       -       R     DFFASRHQNx1_ASAP7_75t_R      1    -     -     0    2341    (-,-) 
#--------------------------------------------------------------------------------------------------------------------



Path 12: MET (3 ps) Setup Check with Pin u_core/pc_reg_reg[27]/CLK->D
           View: view_ss
          Group: CLK_CPU
     Startpoint: (R) u_core/pc_reg_reg[3]/CLK
          Clock: (R) CLK_CPU
       Endpoint: (R) u_core/pc_reg_reg[27]/D
          Clock: (R) CLK_CPU

                     Capture       Launch     
        Clock Edge:+    2500            0     
       Src Latency:+       0            0     
       Net Latency:+       0 (I)        0 (I) 
           Arrival:=    2500            0     
                                              
             Setup:-      31                  
       Uncertainty:-     125                  
     Required Time:=    2344                  
      Launch Clock:-       0                  
         Data Path:-    2341                  
             Slack:=       3                  

#--------------------------------------------------------------------------------------------------------------------
#        Timing Point         Flags    Arc    Edge          Cell            Fanout Load Trans Delay Arrival Instance 
#                                                                                  (fF)  (ps)  (ps)   (ps)  Location 
#--------------------------------------------------------------------------------------------------------------------
  u_core/pc_reg_reg[3]/CLK    -       -       R     (arrival)                 8138    -    40     0       0    (-,-) 
  u_core/pc_reg_reg[3]/QN     -       CLK->QN R     DFFASRHQNx1_ASAP7_75t_R      1  2.1    51   102     102    (-,-) 
  u_core/drc_bufs245642/Y     -       A->Y    R     BUFx3_ASAP7_75t_R            4  6.1    36    48     150    (-,-) 
  u_core/IF_add_339_31_g781/Y -       B->Y    R     AND2x2_ASAP7_75t_R           3  4.9    44    50     200    (-,-) 
  u_core/g265914/Y            -       A->Y    R     AND3x4_ASAP7_75t_R           3  4.8    30    52     253    (-,-) 
  u_core/g265913/Y            -       C->Y    R     AND3x4_ASAP7_75t_R           3  4.8    30    51     303    (-,-) 
  u_core/IF_add_339_31_g2/Y   -       C->Y    R     AND3x1_ASAP7_75t_R           4  5.7    89    74     377    (-,-) 
  u_core/IF_add_339_31_g757/Y -       B->Y    R     AND2x2_ASAP7_75t_R           2  3.1    32    56     434    (-,-) 
  u_core/IF_add_339_31_g749/Y -       B->Y    R     AND2x2_ASAP7_75t_R           2  3.2    32    43     477    (-,-) 
  u_core/IF_add_339_31_g742/Y -       B->Y    F     NAND2xp5_ASAP7_75t_R         2  3.5    74    46     523    (-,-) 
  u_core/IF_add_339_31_g739/Y -       B->Y    F     OA21x2_ASAP7_75t_R           2  2.9    26    51     574    (-,-) 
  u_core/g140263/Y            -       A1->Y   F     AO22x1_ASAP7_75t_R           4  6.0    68    73     647    (-,-) 
  u_icache/g55414/Y           -       B->Y    F     AND2x2_ASAP7_75t_R           1  2.4    22    52     699    (-,-) 
  u_icache/g55399/Y           -       A->Y    F     OR2x6_ASAP7_75t_R           17 29.9    63    72     771    (-,-) 
  u_icache/g12396/Y           -       A->Y    R     INVx5_ASAP7_75t_R           17 29.6    95    65     836    (-,-) 
  u_icache/g12262/Y           -       B->Y    R     OR2x2_ASAP7_75t_R            1  3.7    35    60     895    (-,-) 
  u_icache/g12256/Y           -       A->Y    F     INVx4_ASAP7_75t_R           16 20.3    55    40     935    (-,-) 
  u_icache/g11869/Y           -       B->Y    F     AND2x2_ASAP7_75t_R           3  4.4    31    54     990    (-,-) 
  u_icache/g4092/Y            -       A2->Y   R     AOI22xp5_ASAP7_75t_R         1  1.9    76    43    1033    (-,-) 
  u_icache/g3587/Y            -       C->Y    F     NAND4xp25_ASAP7_75t_R        1  2.0    97    64    1097    (-,-) 
  u_icache/g3460/Y            -       A->Y    F     OR2x2_ASAP7_75t_R            1  2.0    23    56    1154    (-,-) 
  u_icache/g4101/Y            -       E->Y    F     OR5x1_ASAP7_75t_R            1  2.5    46    90    1243    (-,-) 
  u_icache/g3419/Y            -       B->Y    R     NOR2x1_ASAP7_75t_R           1  2.9    54    39    1282    (-,-) 
  u_icache/g3413/Y            -       C->Y    F     NAND4xp75_ASAP7_75t_R        1  2.0    47    38    1320    (-,-) 
  u_icache/g59232/Y           -       A->Y    F     AND3x2_ASAP7_75t_R           3  6.3    38    52    1371    (-,-) 
  u_icache/g59231/Y           -       A->Y    R     INVx2_ASAP7_75t_R            1  2.4    27    23    1394    (-,-) 
  u_icache/g59219/Y           -       B->Y    F     NAND2x1_ASAP7_75t_R          1  2.4    37    24    1418    (-,-) 
  u_icache/g59218/Y           -       B->Y    F     OR2x6_ASAP7_75t_R            3  7.8    27    54    1472    (-,-) 
  u_icache/g59214/Y           -       A->Y    R     INVx4_ASAP7_75t_R           14 17.9    68    42    1514    (-,-) 
  u_icache/g75466/Y           -       A2->Y   R     AO222x2_ASAP7_75t_R          1  2.0    26    56    1570    (-,-) 
  g200543/Y                   -       B2->Y   R     AO22x2_ASAP7_75t_R           3  5.1    46    51    1621    (-,-) 
  u_core/g233792/Y            -       A->Y    F     NAND2x1p5_ASAP7_75t_R        3  4.6    38    31    1652    (-,-) 
  u_core/g233607/Y            -       A->Y    F     OR2x6_ASAP7_75t_R            6 12.7    36    61    1713    (-,-) 
  u_core/g232355/Y            -       A1->Y   R     AOI21xp5_ASAP7_75t_R         1  2.5    86    49    1762    (-,-) 
  u_core/g230718/Y            -       A1->Y   F     OAI21x1_ASAP7_75t_R          3  4.7    68    48    1810    (-,-) 
  u_core/g230090/Y            -       B->Y    F     AND2x2_ASAP7_75t_R           4  6.4    40    63    1874    (-,-) 
  u_core/g228393/Y            -       A->Y    F     AND3x2_ASAP7_75t_R           5  8.9    50    56    1930    (-,-) 
  u_core/g265908/Y            -       C->Y    F     AND3x4_ASAP7_75t_R          17 21.2    63    84    2015    (-,-) 
  u_core/fopt263662/Y         -       A->Y    F     BUFx3_ASAP7_75t_R           16 17.5    65    72    2087    (-,-) 
  u_core/g227295/Y            -       B->Y    R     NAND2xp33_ASAP7_75t_R        1  2.0   100    69    2156    (-,-) 
  u_core/g224570/Y            -       B->Y    R     AND4x1_ASAP7_75t_R           1  1.9    41    71    2227    (-,-) 
  u_core/g224532/Y            -       C->Y    F     OAI211xp5_ASAP7_75t_L        1  2.1    71    34    2261    (-,-) 
  u_core/drc_bufs267859/Y     -       A->Y    F     BUFx3_ASAP7_75t_L            1  2.9    17    37    2298    (-,-) 
  u_core/g224393/Y            -       C->Y    R     NOR4xp75_ASAP7_75t_R         1  2.0    79    43    2341    (-,-) 
  u_core/pc_reg_reg[27]/D     -       -       R     DFFASRHQNx1_ASAP7_75t_R      1    -     -     0    2341    (-,-) 
#--------------------------------------------------------------------------------------------------------------------



Path 13: MET (3 ps) Setup Check with Pin u_core/pc_reg_reg[22]/CLK->D
           View: view_ss
          Group: CLK_CPU
     Startpoint: (R) u_core/pc_reg_reg[3]/CLK
          Clock: (R) CLK_CPU
       Endpoint: (R) u_core/pc_reg_reg[22]/D
          Clock: (R) CLK_CPU

                     Capture       Launch     
        Clock Edge:+    2500            0     
       Src Latency:+       0            0     
       Net Latency:+       0 (I)        0 (I) 
           Arrival:=    2500            0     
                                              
             Setup:-      31                  
       Uncertainty:-     125                  
     Required Time:=    2344                  
      Launch Clock:-       0                  
         Data Path:-    2341                  
             Slack:=       3                  

#--------------------------------------------------------------------------------------------------------------------
#        Timing Point         Flags    Arc    Edge          Cell            Fanout Load Trans Delay Arrival Instance 
#                                                                                  (fF)  (ps)  (ps)   (ps)  Location 
#--------------------------------------------------------------------------------------------------------------------
  u_core/pc_reg_reg[3]/CLK    -       -       R     (arrival)                 8138    -    40     0       0    (-,-) 
  u_core/pc_reg_reg[3]/QN     -       CLK->QN R     DFFASRHQNx1_ASAP7_75t_R      1  2.1    51   102     102    (-,-) 
  u_core/drc_bufs245642/Y     -       A->Y    R     BUFx3_ASAP7_75t_R            4  6.1    36    48     150    (-,-) 
  u_core/IF_add_339_31_g781/Y -       B->Y    R     AND2x2_ASAP7_75t_R           3  4.9    44    50     200    (-,-) 
  u_core/g265914/Y            -       A->Y    R     AND3x4_ASAP7_75t_R           3  4.8    30    52     253    (-,-) 
  u_core/g265913/Y            -       C->Y    R     AND3x4_ASAP7_75t_R           3  4.8    30    51     303    (-,-) 
  u_core/IF_add_339_31_g2/Y   -       C->Y    R     AND3x1_ASAP7_75t_R           4  5.7    89    74     377    (-,-) 
  u_core/IF_add_339_31_g757/Y -       B->Y    R     AND2x2_ASAP7_75t_R           2  3.1    32    56     434    (-,-) 
  u_core/IF_add_339_31_g749/Y -       B->Y    R     AND2x2_ASAP7_75t_R           2  3.2    32    43     477    (-,-) 
  u_core/IF_add_339_31_g742/Y -       B->Y    F     NAND2xp5_ASAP7_75t_R         2  3.5    74    46     523    (-,-) 
  u_core/IF_add_339_31_g739/Y -       B->Y    F     OA21x2_ASAP7_75t_R           2  2.9    26    51     574    (-,-) 
  u_core/g140263/Y            -       A1->Y   F     AO22x1_ASAP7_75t_R           4  6.0    68    73     647    (-,-) 
  u_icache/g55414/Y           -       B->Y    F     AND2x2_ASAP7_75t_R           1  2.4    22    52     699    (-,-) 
  u_icache/g55399/Y           -       A->Y    F     OR2x6_ASAP7_75t_R           17 29.9    63    72     771    (-,-) 
  u_icache/g12396/Y           -       A->Y    R     INVx5_ASAP7_75t_R           17 29.6    95    65     836    (-,-) 
  u_icache/g12262/Y           -       B->Y    R     OR2x2_ASAP7_75t_R            1  3.7    35    60     895    (-,-) 
  u_icache/g12256/Y           -       A->Y    F     INVx4_ASAP7_75t_R           16 20.3    55    40     935    (-,-) 
  u_icache/g11869/Y           -       B->Y    F     AND2x2_ASAP7_75t_R           3  4.4    31    54     990    (-,-) 
  u_icache/g4092/Y            -       A2->Y   R     AOI22xp5_ASAP7_75t_R         1  1.9    76    43    1033    (-,-) 
  u_icache/g3587/Y            -       C->Y    F     NAND4xp25_ASAP7_75t_R        1  2.0    97    64    1097    (-,-) 
  u_icache/g3460/Y            -       A->Y    F     OR2x2_ASAP7_75t_R            1  2.0    23    56    1154    (-,-) 
  u_icache/g4101/Y            -       E->Y    F     OR5x1_ASAP7_75t_R            1  2.5    46    90    1243    (-,-) 
  u_icache/g3419/Y            -       B->Y    R     NOR2x1_ASAP7_75t_R           1  2.9    54    39    1282    (-,-) 
  u_icache/g3413/Y            -       C->Y    F     NAND4xp75_ASAP7_75t_R        1  2.0    47    38    1320    (-,-) 
  u_icache/g59232/Y           -       A->Y    F     AND3x2_ASAP7_75t_R           3  6.3    38    52    1371    (-,-) 
  u_icache/g59231/Y           -       A->Y    R     INVx2_ASAP7_75t_R            1  2.4    27    23    1394    (-,-) 
  u_icache/g59219/Y           -       B->Y    F     NAND2x1_ASAP7_75t_R          1  2.4    37    24    1418    (-,-) 
  u_icache/g59218/Y           -       B->Y    F     OR2x6_ASAP7_75t_R            3  7.8    27    54    1472    (-,-) 
  u_icache/g59214/Y           -       A->Y    R     INVx4_ASAP7_75t_R           14 17.9    68    42    1514    (-,-) 
  u_icache/g75466/Y           -       A2->Y   R     AO222x2_ASAP7_75t_R          1  2.0    26    56    1570    (-,-) 
  g200543/Y                   -       B2->Y   R     AO22x2_ASAP7_75t_R           3  5.1    46    51    1621    (-,-) 
  u_core/g233792/Y            -       A->Y    F     NAND2x1p5_ASAP7_75t_R        3  4.6    38    31    1652    (-,-) 
  u_core/g233607/Y            -       A->Y    F     OR2x6_ASAP7_75t_R            6 12.7    36    61    1713    (-,-) 
  u_core/g232355/Y            -       A1->Y   R     AOI21xp5_ASAP7_75t_R         1  2.5    86    49    1762    (-,-) 
  u_core/g230718/Y            -       A1->Y   F     OAI21x1_ASAP7_75t_R          3  4.7    68    48    1810    (-,-) 
  u_core/g230090/Y            -       B->Y    F     AND2x2_ASAP7_75t_R           4  6.4    40    63    1874    (-,-) 
  u_core/g228393/Y            -       A->Y    F     AND3x2_ASAP7_75t_R           5  8.9    50    56    1930    (-,-) 
  u_core/g265908/Y            -       C->Y    F     AND3x4_ASAP7_75t_R          17 21.2    63    84    2015    (-,-) 
  u_core/fopt263662/Y         -       A->Y    F     BUFx3_ASAP7_75t_R           16 17.5    65    72    2087    (-,-) 
  u_core/g227294/Y            -       B->Y    R     NAND2xp33_ASAP7_75t_R        1  2.0   100    69    2156    (-,-) 
  u_core/g224568/Y            -       B->Y    R     AND4x1_ASAP7_75t_R           1  1.9    41    71    2227    (-,-) 
  u_core/g224530/Y            -       C->Y    F     OAI211xp5_ASAP7_75t_L        1  2.1    71    34    2261    (-,-) 
  u_core/drc_bufs267804/Y     -       A->Y    F     BUFx3_ASAP7_75t_L            1  2.9    17    37    2298    (-,-) 
  u_core/g224370/Y            -       C->Y    R     NOR4xp75_ASAP7_75t_R         1  2.0    79    43    2341    (-,-) 
  u_core/pc_reg_reg[22]/D     -       -       R     DFFASRHQNx1_ASAP7_75t_R      1    -     -     0    2341    (-,-) 
#--------------------------------------------------------------------------------------------------------------------



Path 14: MET (3 ps) Setup Check with Pin u_core/pc_reg_reg[19]/CLK->D
           View: view_ss
          Group: CLK_CPU
     Startpoint: (R) u_core/pc_reg_reg[3]/CLK
          Clock: (R) CLK_CPU
       Endpoint: (R) u_core/pc_reg_reg[19]/D
          Clock: (R) CLK_CPU

                     Capture       Launch     
        Clock Edge:+    2500            0     
       Src Latency:+       0            0     
       Net Latency:+       0 (I)        0 (I) 
           Arrival:=    2500            0     
                                              
             Setup:-      31                  
       Uncertainty:-     125                  
     Required Time:=    2344                  
      Launch Clock:-       0                  
         Data Path:-    2341                  
             Slack:=       3                  

#--------------------------------------------------------------------------------------------------------------------
#        Timing Point         Flags    Arc    Edge          Cell            Fanout Load Trans Delay Arrival Instance 
#                                                                                  (fF)  (ps)  (ps)   (ps)  Location 
#--------------------------------------------------------------------------------------------------------------------
  u_core/pc_reg_reg[3]/CLK    -       -       R     (arrival)                 8138    -    40     0       0    (-,-) 
  u_core/pc_reg_reg[3]/QN     -       CLK->QN R     DFFASRHQNx1_ASAP7_75t_R      1  2.1    51   102     102    (-,-) 
  u_core/drc_bufs245642/Y     -       A->Y    R     BUFx3_ASAP7_75t_R            4  6.1    36    48     150    (-,-) 
  u_core/IF_add_339_31_g781/Y -       B->Y    R     AND2x2_ASAP7_75t_R           3  4.9    44    50     200    (-,-) 
  u_core/g265914/Y            -       A->Y    R     AND3x4_ASAP7_75t_R           3  4.8    30    52     253    (-,-) 
  u_core/g265913/Y            -       C->Y    R     AND3x4_ASAP7_75t_R           3  4.8    30    51     303    (-,-) 
  u_core/IF_add_339_31_g2/Y   -       C->Y    R     AND3x1_ASAP7_75t_R           4  5.7    89    74     377    (-,-) 
  u_core/IF_add_339_31_g757/Y -       B->Y    R     AND2x2_ASAP7_75t_R           2  3.1    32    56     434    (-,-) 
  u_core/IF_add_339_31_g749/Y -       B->Y    R     AND2x2_ASAP7_75t_R           2  3.2    32    43     477    (-,-) 
  u_core/IF_add_339_31_g742/Y -       B->Y    F     NAND2xp5_ASAP7_75t_R         2  3.5    74    46     523    (-,-) 
  u_core/IF_add_339_31_g739/Y -       B->Y    F     OA21x2_ASAP7_75t_R           2  2.9    26    51     574    (-,-) 
  u_core/g140263/Y            -       A1->Y   F     AO22x1_ASAP7_75t_R           4  6.0    68    73     647    (-,-) 
  u_icache/g55414/Y           -       B->Y    F     AND2x2_ASAP7_75t_R           1  2.4    22    52     699    (-,-) 
  u_icache/g55399/Y           -       A->Y    F     OR2x6_ASAP7_75t_R           17 29.9    63    72     771    (-,-) 
  u_icache/g12396/Y           -       A->Y    R     INVx5_ASAP7_75t_R           17 29.6    95    65     836    (-,-) 
  u_icache/g12262/Y           -       B->Y    R     OR2x2_ASAP7_75t_R            1  3.7    35    60     895    (-,-) 
  u_icache/g12256/Y           -       A->Y    F     INVx4_ASAP7_75t_R           16 20.3    55    40     935    (-,-) 
  u_icache/g11869/Y           -       B->Y    F     AND2x2_ASAP7_75t_R           3  4.4    31    54     990    (-,-) 
  u_icache/g4092/Y            -       A2->Y   R     AOI22xp5_ASAP7_75t_R         1  1.9    76    43    1033    (-,-) 
  u_icache/g3587/Y            -       C->Y    F     NAND4xp25_ASAP7_75t_R        1  2.0    97    64    1097    (-,-) 
  u_icache/g3460/Y            -       A->Y    F     OR2x2_ASAP7_75t_R            1  2.0    23    56    1154    (-,-) 
  u_icache/g4101/Y            -       E->Y    F     OR5x1_ASAP7_75t_R            1  2.5    46    90    1243    (-,-) 
  u_icache/g3419/Y            -       B->Y    R     NOR2x1_ASAP7_75t_R           1  2.9    54    39    1282    (-,-) 
  u_icache/g3413/Y            -       C->Y    F     NAND4xp75_ASAP7_75t_R        1  2.0    47    38    1320    (-,-) 
  u_icache/g59232/Y           -       A->Y    F     AND3x2_ASAP7_75t_R           3  6.3    38    52    1371    (-,-) 
  u_icache/g59231/Y           -       A->Y    R     INVx2_ASAP7_75t_R            1  2.4    27    23    1394    (-,-) 
  u_icache/g59219/Y           -       B->Y    F     NAND2x1_ASAP7_75t_R          1  2.4    37    24    1418    (-,-) 
  u_icache/g59218/Y           -       B->Y    F     OR2x6_ASAP7_75t_R            3  7.8    27    54    1472    (-,-) 
  u_icache/g59214/Y           -       A->Y    R     INVx4_ASAP7_75t_R           14 17.9    68    42    1514    (-,-) 
  u_icache/g75466/Y           -       A2->Y   R     AO222x2_ASAP7_75t_R          1  2.0    26    56    1570    (-,-) 
  g200543/Y                   -       B2->Y   R     AO22x2_ASAP7_75t_R           3  5.1    46    51    1621    (-,-) 
  u_core/g233792/Y            -       A->Y    F     NAND2x1p5_ASAP7_75t_R        3  4.6    38    31    1652    (-,-) 
  u_core/g233607/Y            -       A->Y    F     OR2x6_ASAP7_75t_R            6 12.7    36    61    1713    (-,-) 
  u_core/g232355/Y            -       A1->Y   R     AOI21xp5_ASAP7_75t_R         1  2.5    86    49    1762    (-,-) 
  u_core/g230718/Y            -       A1->Y   F     OAI21x1_ASAP7_75t_R          3  4.7    68    48    1810    (-,-) 
  u_core/g230090/Y            -       B->Y    F     AND2x2_ASAP7_75t_R           4  6.4    40    63    1874    (-,-) 
  u_core/g228393/Y            -       A->Y    F     AND3x2_ASAP7_75t_R           5  8.9    50    56    1930    (-,-) 
  u_core/g265908/Y            -       C->Y    F     AND3x4_ASAP7_75t_R          17 21.2    63    84    2015    (-,-) 
  u_core/fopt263662/Y         -       A->Y    F     BUFx3_ASAP7_75t_R           16 17.5    65    72    2087    (-,-) 
  u_core/g227293/Y            -       B->Y    R     NAND2xp33_ASAP7_75t_R        1  2.0   100    69    2156    (-,-) 
  u_core/g224559/Y            -       B->Y    R     AND4x1_ASAP7_75t_R           1  1.9    41    71    2227    (-,-) 
  u_core/g224527/Y            -       C->Y    F     OAI211xp5_ASAP7_75t_L        1  2.1    71    34    2261    (-,-) 
  u_core/drc_bufs267807/Y     -       A->Y    F     BUFx3_ASAP7_75t_L            1  2.9    17    37    2298    (-,-) 
  u_core/g224371/Y            -       C->Y    R     NOR4xp75_ASAP7_75t_R         1  2.0    79    43    2341    (-,-) 
  u_core/pc_reg_reg[19]/D     -       -       R     DFFASRHQNx1_ASAP7_75t_R      1    -     -     0    2341    (-,-) 
#--------------------------------------------------------------------------------------------------------------------



Path 15: MET (3 ps) Setup Check with Pin u_core/pc_reg_reg[18]/CLK->D
           View: view_ss
          Group: CLK_CPU
     Startpoint: (R) u_core/pc_reg_reg[3]/CLK
          Clock: (R) CLK_CPU
       Endpoint: (R) u_core/pc_reg_reg[18]/D
          Clock: (R) CLK_CPU

                     Capture       Launch     
        Clock Edge:+    2500            0     
       Src Latency:+       0            0     
       Net Latency:+       0 (I)        0 (I) 
           Arrival:=    2500            0     
                                              
             Setup:-      31                  
       Uncertainty:-     125                  
     Required Time:=    2344                  
      Launch Clock:-       0                  
         Data Path:-    2341                  
             Slack:=       3                  

#--------------------------------------------------------------------------------------------------------------------
#        Timing Point         Flags    Arc    Edge          Cell            Fanout Load Trans Delay Arrival Instance 
#                                                                                  (fF)  (ps)  (ps)   (ps)  Location 
#--------------------------------------------------------------------------------------------------------------------
  u_core/pc_reg_reg[3]/CLK    -       -       R     (arrival)                 8138    -    40     0       0    (-,-) 
  u_core/pc_reg_reg[3]/QN     -       CLK->QN R     DFFASRHQNx1_ASAP7_75t_R      1  2.1    51   102     102    (-,-) 
  u_core/drc_bufs245642/Y     -       A->Y    R     BUFx3_ASAP7_75t_R            4  6.1    36    48     150    (-,-) 
  u_core/IF_add_339_31_g781/Y -       B->Y    R     AND2x2_ASAP7_75t_R           3  4.9    44    50     200    (-,-) 
  u_core/g265914/Y            -       A->Y    R     AND3x4_ASAP7_75t_R           3  4.8    30    52     253    (-,-) 
  u_core/g265913/Y            -       C->Y    R     AND3x4_ASAP7_75t_R           3  4.8    30    51     303    (-,-) 
  u_core/IF_add_339_31_g2/Y   -       C->Y    R     AND3x1_ASAP7_75t_R           4  5.7    89    74     377    (-,-) 
  u_core/IF_add_339_31_g757/Y -       B->Y    R     AND2x2_ASAP7_75t_R           2  3.1    32    56     434    (-,-) 
  u_core/IF_add_339_31_g749/Y -       B->Y    R     AND2x2_ASAP7_75t_R           2  3.2    32    43     477    (-,-) 
  u_core/IF_add_339_31_g742/Y -       B->Y    F     NAND2xp5_ASAP7_75t_R         2  3.5    74    46     523    (-,-) 
  u_core/IF_add_339_31_g739/Y -       B->Y    F     OA21x2_ASAP7_75t_R           2  2.9    26    51     574    (-,-) 
  u_core/g140263/Y            -       A1->Y   F     AO22x1_ASAP7_75t_R           4  6.0    68    73     647    (-,-) 
  u_icache/g55414/Y           -       B->Y    F     AND2x2_ASAP7_75t_R           1  2.4    22    52     699    (-,-) 
  u_icache/g55399/Y           -       A->Y    F     OR2x6_ASAP7_75t_R           17 29.9    63    72     771    (-,-) 
  u_icache/g12396/Y           -       A->Y    R     INVx5_ASAP7_75t_R           17 29.6    95    65     836    (-,-) 
  u_icache/g12262/Y           -       B->Y    R     OR2x2_ASAP7_75t_R            1  3.7    35    60     895    (-,-) 
  u_icache/g12256/Y           -       A->Y    F     INVx4_ASAP7_75t_R           16 20.3    55    40     935    (-,-) 
  u_icache/g11869/Y           -       B->Y    F     AND2x2_ASAP7_75t_R           3  4.4    31    54     990    (-,-) 
  u_icache/g4092/Y            -       A2->Y   R     AOI22xp5_ASAP7_75t_R         1  1.9    76    43    1033    (-,-) 
  u_icache/g3587/Y            -       C->Y    F     NAND4xp25_ASAP7_75t_R        1  2.0    97    64    1097    (-,-) 
  u_icache/g3460/Y            -       A->Y    F     OR2x2_ASAP7_75t_R            1  2.0    23    56    1154    (-,-) 
  u_icache/g4101/Y            -       E->Y    F     OR5x1_ASAP7_75t_R            1  2.5    46    90    1243    (-,-) 
  u_icache/g3419/Y            -       B->Y    R     NOR2x1_ASAP7_75t_R           1  2.9    54    39    1282    (-,-) 
  u_icache/g3413/Y            -       C->Y    F     NAND4xp75_ASAP7_75t_R        1  2.0    47    38    1320    (-,-) 
  u_icache/g59232/Y           -       A->Y    F     AND3x2_ASAP7_75t_R           3  6.3    38    52    1371    (-,-) 
  u_icache/g59231/Y           -       A->Y    R     INVx2_ASAP7_75t_R            1  2.4    27    23    1394    (-,-) 
  u_icache/g59219/Y           -       B->Y    F     NAND2x1_ASAP7_75t_R          1  2.4    37    24    1418    (-,-) 
  u_icache/g59218/Y           -       B->Y    F     OR2x6_ASAP7_75t_R            3  7.8    27    54    1472    (-,-) 
  u_icache/g59214/Y           -       A->Y    R     INVx4_ASAP7_75t_R           14 17.9    68    42    1514    (-,-) 
  u_icache/g75466/Y           -       A2->Y   R     AO222x2_ASAP7_75t_R          1  2.0    26    56    1570    (-,-) 
  g200543/Y                   -       B2->Y   R     AO22x2_ASAP7_75t_R           3  5.1    46    51    1621    (-,-) 
  u_core/g233792/Y            -       A->Y    F     NAND2x1p5_ASAP7_75t_R        3  4.6    38    31    1652    (-,-) 
  u_core/g233607/Y            -       A->Y    F     OR2x6_ASAP7_75t_R            6 12.7    36    61    1713    (-,-) 
  u_core/g232355/Y            -       A1->Y   R     AOI21xp5_ASAP7_75t_R         1  2.5    86    49    1762    (-,-) 
  u_core/g230718/Y            -       A1->Y   F     OAI21x1_ASAP7_75t_R          3  4.7    68    48    1810    (-,-) 
  u_core/g230090/Y            -       B->Y    F     AND2x2_ASAP7_75t_R           4  6.4    40    63    1874    (-,-) 
  u_core/g228393/Y            -       A->Y    F     AND3x2_ASAP7_75t_R           5  8.9    50    56    1930    (-,-) 
  u_core/g265908/Y            -       C->Y    F     AND3x4_ASAP7_75t_R          17 21.2    63    84    2015    (-,-) 
  u_core/fopt263662/Y         -       A->Y    F     BUFx3_ASAP7_75t_R           16 17.5    65    72    2087    (-,-) 
  u_core/g227292/Y            -       B->Y    R     NAND2xp33_ASAP7_75t_R        1  2.0   100    69    2156    (-,-) 
  u_core/g224565/Y            -       B->Y    R     AND4x1_ASAP7_75t_R           1  1.9    41    71    2227    (-,-) 
  u_core/g224526/Y            -       C->Y    F     OAI211xp5_ASAP7_75t_L        1  2.1    71    34    2261    (-,-) 
  u_core/drc_bufs267872/Y     -       A->Y    F     BUFx3_ASAP7_75t_L            1  2.9    17    37    2298    (-,-) 
  u_core/g224386/Y            -       C->Y    R     NOR4xp75_ASAP7_75t_R         1  2.0    79    43    2341    (-,-) 
  u_core/pc_reg_reg[18]/D     -       -       R     DFFASRHQNx1_ASAP7_75t_R      1    -     -     0    2341    (-,-) 
#--------------------------------------------------------------------------------------------------------------------



Path 16: MET (3 ps) Setup Check with Pin u_core/pc_reg_reg[16]/CLK->D
           View: view_ss
          Group: CLK_CPU
     Startpoint: (R) u_core/pc_reg_reg[3]/CLK
          Clock: (R) CLK_CPU
       Endpoint: (R) u_core/pc_reg_reg[16]/D
          Clock: (R) CLK_CPU

                     Capture       Launch     
        Clock Edge:+    2500            0     
       Src Latency:+       0            0     
       Net Latency:+       0 (I)        0 (I) 
           Arrival:=    2500            0     
                                              
             Setup:-      31                  
       Uncertainty:-     125                  
     Required Time:=    2344                  
      Launch Clock:-       0                  
         Data Path:-    2341                  
             Slack:=       3                  

#--------------------------------------------------------------------------------------------------------------------
#        Timing Point         Flags    Arc    Edge          Cell            Fanout Load Trans Delay Arrival Instance 
#                                                                                  (fF)  (ps)  (ps)   (ps)  Location 
#--------------------------------------------------------------------------------------------------------------------
  u_core/pc_reg_reg[3]/CLK    -       -       R     (arrival)                 8138    -    40     0       0    (-,-) 
  u_core/pc_reg_reg[3]/QN     -       CLK->QN R     DFFASRHQNx1_ASAP7_75t_R      1  2.1    51   102     102    (-,-) 
  u_core/drc_bufs245642/Y     -       A->Y    R     BUFx3_ASAP7_75t_R            4  6.1    36    48     150    (-,-) 
  u_core/IF_add_339_31_g781/Y -       B->Y    R     AND2x2_ASAP7_75t_R           3  4.9    44    50     200    (-,-) 
  u_core/g265914/Y            -       A->Y    R     AND3x4_ASAP7_75t_R           3  4.8    30    52     253    (-,-) 
  u_core/g265913/Y            -       C->Y    R     AND3x4_ASAP7_75t_R           3  4.8    30    51     303    (-,-) 
  u_core/IF_add_339_31_g2/Y   -       C->Y    R     AND3x1_ASAP7_75t_R           4  5.7    89    74     377    (-,-) 
  u_core/IF_add_339_31_g757/Y -       B->Y    R     AND2x2_ASAP7_75t_R           2  3.1    32    56     434    (-,-) 
  u_core/IF_add_339_31_g749/Y -       B->Y    R     AND2x2_ASAP7_75t_R           2  3.2    32    43     477    (-,-) 
  u_core/IF_add_339_31_g742/Y -       B->Y    F     NAND2xp5_ASAP7_75t_R         2  3.5    74    46     523    (-,-) 
  u_core/IF_add_339_31_g739/Y -       B->Y    F     OA21x2_ASAP7_75t_R           2  2.9    26    51     574    (-,-) 
  u_core/g140263/Y            -       A1->Y   F     AO22x1_ASAP7_75t_R           4  6.0    68    73     647    (-,-) 
  u_icache/g55414/Y           -       B->Y    F     AND2x2_ASAP7_75t_R           1  2.4    22    52     699    (-,-) 
  u_icache/g55399/Y           -       A->Y    F     OR2x6_ASAP7_75t_R           17 29.9    63    72     771    (-,-) 
  u_icache/g12396/Y           -       A->Y    R     INVx5_ASAP7_75t_R           17 29.6    95    65     836    (-,-) 
  u_icache/g12262/Y           -       B->Y    R     OR2x2_ASAP7_75t_R            1  3.7    35    60     895    (-,-) 
  u_icache/g12256/Y           -       A->Y    F     INVx4_ASAP7_75t_R           16 20.3    55    40     935    (-,-) 
  u_icache/g11869/Y           -       B->Y    F     AND2x2_ASAP7_75t_R           3  4.4    31    54     990    (-,-) 
  u_icache/g4092/Y            -       A2->Y   R     AOI22xp5_ASAP7_75t_R         1  1.9    76    43    1033    (-,-) 
  u_icache/g3587/Y            -       C->Y    F     NAND4xp25_ASAP7_75t_R        1  2.0    97    64    1097    (-,-) 
  u_icache/g3460/Y            -       A->Y    F     OR2x2_ASAP7_75t_R            1  2.0    23    56    1154    (-,-) 
  u_icache/g4101/Y            -       E->Y    F     OR5x1_ASAP7_75t_R            1  2.5    46    90    1243    (-,-) 
  u_icache/g3419/Y            -       B->Y    R     NOR2x1_ASAP7_75t_R           1  2.9    54    39    1282    (-,-) 
  u_icache/g3413/Y            -       C->Y    F     NAND4xp75_ASAP7_75t_R        1  2.0    47    38    1320    (-,-) 
  u_icache/g59232/Y           -       A->Y    F     AND3x2_ASAP7_75t_R           3  6.3    38    52    1371    (-,-) 
  u_icache/g59231/Y           -       A->Y    R     INVx2_ASAP7_75t_R            1  2.4    27    23    1394    (-,-) 
  u_icache/g59219/Y           -       B->Y    F     NAND2x1_ASAP7_75t_R          1  2.4    37    24    1418    (-,-) 
  u_icache/g59218/Y           -       B->Y    F     OR2x6_ASAP7_75t_R            3  7.8    27    54    1472    (-,-) 
  u_icache/g59214/Y           -       A->Y    R     INVx4_ASAP7_75t_R           14 17.9    68    42    1514    (-,-) 
  u_icache/g75466/Y           -       A2->Y   R     AO222x2_ASAP7_75t_R          1  2.0    26    56    1570    (-,-) 
  g200543/Y                   -       B2->Y   R     AO22x2_ASAP7_75t_R           3  5.1    46    51    1621    (-,-) 
  u_core/g233792/Y            -       A->Y    F     NAND2x1p5_ASAP7_75t_R        3  4.6    38    31    1652    (-,-) 
  u_core/g233607/Y            -       A->Y    F     OR2x6_ASAP7_75t_R            6 12.7    36    61    1713    (-,-) 
  u_core/g232355/Y            -       A1->Y   R     AOI21xp5_ASAP7_75t_R         1  2.5    86    49    1762    (-,-) 
  u_core/g230718/Y            -       A1->Y   F     OAI21x1_ASAP7_75t_R          3  4.7    68    48    1810    (-,-) 
  u_core/g230090/Y            -       B->Y    F     AND2x2_ASAP7_75t_R           4  6.4    40    63    1874    (-,-) 
  u_core/g228393/Y            -       A->Y    F     AND3x2_ASAP7_75t_R           5  8.9    50    56    1930    (-,-) 
  u_core/g265908/Y            -       C->Y    F     AND3x4_ASAP7_75t_R          17 21.2    63    84    2015    (-,-) 
  u_core/fopt263662/Y         -       A->Y    F     BUFx3_ASAP7_75t_R           16 17.5    65    72    2087    (-,-) 
  u_core/g227291/Y            -       B->Y    R     NAND2xp33_ASAP7_75t_R        1  2.0   100    69    2156    (-,-) 
  u_core/g224564/Y            -       B->Y    R     AND4x1_ASAP7_75t_R           1  1.9    41    71    2227    (-,-) 
  u_core/g224525/Y            -       C->Y    F     OAI211xp5_ASAP7_75t_L        1  2.1    71    34    2261    (-,-) 
  u_core/drc_bufs267810/Y     -       A->Y    F     BUFx3_ASAP7_75t_L            1  2.9    17    37    2298    (-,-) 
  u_core/g224372/Y            -       C->Y    R     NOR4xp75_ASAP7_75t_R         1  2.0    79    43    2341    (-,-) 
  u_core/pc_reg_reg[16]/D     -       -       R     DFFASRHQNx1_ASAP7_75t_R      1    -     -     0    2341    (-,-) 
#--------------------------------------------------------------------------------------------------------------------



Path 17: MET (3 ps) Setup Check with Pin u_core/pc_reg_reg[15]/CLK->D
           View: view_ss
          Group: CLK_CPU
     Startpoint: (R) u_core/pc_reg_reg[3]/CLK
          Clock: (R) CLK_CPU
       Endpoint: (R) u_core/pc_reg_reg[15]/D
          Clock: (R) CLK_CPU

                     Capture       Launch     
        Clock Edge:+    2500            0     
       Src Latency:+       0            0     
       Net Latency:+       0 (I)        0 (I) 
           Arrival:=    2500            0     
                                              
             Setup:-      31                  
       Uncertainty:-     125                  
     Required Time:=    2344                  
      Launch Clock:-       0                  
         Data Path:-    2341                  
             Slack:=       3                  

#--------------------------------------------------------------------------------------------------------------------
#        Timing Point         Flags    Arc    Edge          Cell            Fanout Load Trans Delay Arrival Instance 
#                                                                                  (fF)  (ps)  (ps)   (ps)  Location 
#--------------------------------------------------------------------------------------------------------------------
  u_core/pc_reg_reg[3]/CLK    -       -       R     (arrival)                 8138    -    40     0       0    (-,-) 
  u_core/pc_reg_reg[3]/QN     -       CLK->QN R     DFFASRHQNx1_ASAP7_75t_R      1  2.1    51   102     102    (-,-) 
  u_core/drc_bufs245642/Y     -       A->Y    R     BUFx3_ASAP7_75t_R            4  6.1    36    48     150    (-,-) 
  u_core/IF_add_339_31_g781/Y -       B->Y    R     AND2x2_ASAP7_75t_R           3  4.9    44    50     200    (-,-) 
  u_core/g265914/Y            -       A->Y    R     AND3x4_ASAP7_75t_R           3  4.8    30    52     253    (-,-) 
  u_core/g265913/Y            -       C->Y    R     AND3x4_ASAP7_75t_R           3  4.8    30    51     303    (-,-) 
  u_core/IF_add_339_31_g2/Y   -       C->Y    R     AND3x1_ASAP7_75t_R           4  5.7    89    74     377    (-,-) 
  u_core/IF_add_339_31_g757/Y -       B->Y    R     AND2x2_ASAP7_75t_R           2  3.1    32    56     434    (-,-) 
  u_core/IF_add_339_31_g749/Y -       B->Y    R     AND2x2_ASAP7_75t_R           2  3.2    32    43     477    (-,-) 
  u_core/IF_add_339_31_g742/Y -       B->Y    F     NAND2xp5_ASAP7_75t_R         2  3.5    74    46     523    (-,-) 
  u_core/IF_add_339_31_g739/Y -       B->Y    F     OA21x2_ASAP7_75t_R           2  2.9    26    51     574    (-,-) 
  u_core/g140263/Y            -       A1->Y   F     AO22x1_ASAP7_75t_R           4  6.0    68    73     647    (-,-) 
  u_icache/g55414/Y           -       B->Y    F     AND2x2_ASAP7_75t_R           1  2.4    22    52     699    (-,-) 
  u_icache/g55399/Y           -       A->Y    F     OR2x6_ASAP7_75t_R           17 29.9    63    72     771    (-,-) 
  u_icache/g12396/Y           -       A->Y    R     INVx5_ASAP7_75t_R           17 29.6    95    65     836    (-,-) 
  u_icache/g12262/Y           -       B->Y    R     OR2x2_ASAP7_75t_R            1  3.7    35    60     895    (-,-) 
  u_icache/g12256/Y           -       A->Y    F     INVx4_ASAP7_75t_R           16 20.3    55    40     935    (-,-) 
  u_icache/g11869/Y           -       B->Y    F     AND2x2_ASAP7_75t_R           3  4.4    31    54     990    (-,-) 
  u_icache/g4092/Y            -       A2->Y   R     AOI22xp5_ASAP7_75t_R         1  1.9    76    43    1033    (-,-) 
  u_icache/g3587/Y            -       C->Y    F     NAND4xp25_ASAP7_75t_R        1  2.0    97    64    1097    (-,-) 
  u_icache/g3460/Y            -       A->Y    F     OR2x2_ASAP7_75t_R            1  2.0    23    56    1154    (-,-) 
  u_icache/g4101/Y            -       E->Y    F     OR5x1_ASAP7_75t_R            1  2.5    46    90    1243    (-,-) 
  u_icache/g3419/Y            -       B->Y    R     NOR2x1_ASAP7_75t_R           1  2.9    54    39    1282    (-,-) 
  u_icache/g3413/Y            -       C->Y    F     NAND4xp75_ASAP7_75t_R        1  2.0    47    38    1320    (-,-) 
  u_icache/g59232/Y           -       A->Y    F     AND3x2_ASAP7_75t_R           3  6.3    38    52    1371    (-,-) 
  u_icache/g59231/Y           -       A->Y    R     INVx2_ASAP7_75t_R            1  2.4    27    23    1394    (-,-) 
  u_icache/g59219/Y           -       B->Y    F     NAND2x1_ASAP7_75t_R          1  2.4    37    24    1418    (-,-) 
  u_icache/g59218/Y           -       B->Y    F     OR2x6_ASAP7_75t_R            3  7.8    27    54    1472    (-,-) 
  u_icache/g59214/Y           -       A->Y    R     INVx4_ASAP7_75t_R           14 17.9    68    42    1514    (-,-) 
  u_icache/g75466/Y           -       A2->Y   R     AO222x2_ASAP7_75t_R          1  2.0    26    56    1570    (-,-) 
  g200543/Y                   -       B2->Y   R     AO22x2_ASAP7_75t_R           3  5.1    46    51    1621    (-,-) 
  u_core/g233792/Y            -       A->Y    F     NAND2x1p5_ASAP7_75t_R        3  4.6    38    31    1652    (-,-) 
  u_core/g233607/Y            -       A->Y    F     OR2x6_ASAP7_75t_R            6 12.7    36    61    1713    (-,-) 
  u_core/g232355/Y            -       A1->Y   R     AOI21xp5_ASAP7_75t_R         1  2.5    86    49    1762    (-,-) 
  u_core/g230718/Y            -       A1->Y   F     OAI21x1_ASAP7_75t_R          3  4.7    68    48    1810    (-,-) 
  u_core/g230090/Y            -       B->Y    F     AND2x2_ASAP7_75t_R           4  6.4    40    63    1874    (-,-) 
  u_core/g228393/Y            -       A->Y    F     AND3x2_ASAP7_75t_R           5  8.9    50    56    1930    (-,-) 
  u_core/g265908/Y            -       C->Y    F     AND3x4_ASAP7_75t_R          17 21.2    63    84    2015    (-,-) 
  u_core/fopt263662/Y         -       A->Y    F     BUFx3_ASAP7_75t_R           16 17.5    65    72    2087    (-,-) 
  u_core/g227290/Y            -       B->Y    R     NAND2xp33_ASAP7_75t_R        1  2.0   100    69    2156    (-,-) 
  u_core/g224563/Y            -       B->Y    R     AND4x1_ASAP7_75t_R           1  1.9    41    71    2227    (-,-) 
  u_core/g224524/Y            -       C->Y    F     OAI211xp5_ASAP7_75t_L        1  2.1    71    34    2261    (-,-) 
  u_core/drc_bufs267813/Y     -       A->Y    F     BUFx3_ASAP7_75t_L            1  2.9    17    37    2298    (-,-) 
  u_core/g224373/Y            -       C->Y    R     NOR4xp75_ASAP7_75t_R         1  2.0    79    43    2341    (-,-) 
  u_core/pc_reg_reg[15]/D     -       -       R     DFFASRHQNx1_ASAP7_75t_R      1    -     -     0    2341    (-,-) 
#--------------------------------------------------------------------------------------------------------------------



Path 18: MET (3 ps) Setup Check with Pin u_core/pc_reg_reg[13]/CLK->D
           View: view_ss
          Group: CLK_CPU
     Startpoint: (R) u_core/pc_reg_reg[3]/CLK
          Clock: (R) CLK_CPU
       Endpoint: (R) u_core/pc_reg_reg[13]/D
          Clock: (R) CLK_CPU

                     Capture       Launch     
        Clock Edge:+    2500            0     
       Src Latency:+       0            0     
       Net Latency:+       0 (I)        0 (I) 
           Arrival:=    2500            0     
                                              
             Setup:-      31                  
       Uncertainty:-     125                  
     Required Time:=    2344                  
      Launch Clock:-       0                  
         Data Path:-    2341                  
             Slack:=       3                  

#--------------------------------------------------------------------------------------------------------------------
#        Timing Point         Flags    Arc    Edge          Cell            Fanout Load Trans Delay Arrival Instance 
#                                                                                  (fF)  (ps)  (ps)   (ps)  Location 
#--------------------------------------------------------------------------------------------------------------------
  u_core/pc_reg_reg[3]/CLK    -       -       R     (arrival)                 8138    -    40     0       0    (-,-) 
  u_core/pc_reg_reg[3]/QN     -       CLK->QN R     DFFASRHQNx1_ASAP7_75t_R      1  2.1    51   102     102    (-,-) 
  u_core/drc_bufs245642/Y     -       A->Y    R     BUFx3_ASAP7_75t_R            4  6.1    36    48     150    (-,-) 
  u_core/IF_add_339_31_g781/Y -       B->Y    R     AND2x2_ASAP7_75t_R           3  4.9    44    50     200    (-,-) 
  u_core/g265914/Y            -       A->Y    R     AND3x4_ASAP7_75t_R           3  4.8    30    52     253    (-,-) 
  u_core/g265913/Y            -       C->Y    R     AND3x4_ASAP7_75t_R           3  4.8    30    51     303    (-,-) 
  u_core/IF_add_339_31_g2/Y   -       C->Y    R     AND3x1_ASAP7_75t_R           4  5.7    89    74     377    (-,-) 
  u_core/IF_add_339_31_g757/Y -       B->Y    R     AND2x2_ASAP7_75t_R           2  3.1    32    56     434    (-,-) 
  u_core/IF_add_339_31_g749/Y -       B->Y    R     AND2x2_ASAP7_75t_R           2  3.2    32    43     477    (-,-) 
  u_core/IF_add_339_31_g742/Y -       B->Y    F     NAND2xp5_ASAP7_75t_R         2  3.5    74    46     523    (-,-) 
  u_core/IF_add_339_31_g739/Y -       B->Y    F     OA21x2_ASAP7_75t_R           2  2.9    26    51     574    (-,-) 
  u_core/g140263/Y            -       A1->Y   F     AO22x1_ASAP7_75t_R           4  6.0    68    73     647    (-,-) 
  u_icache/g55414/Y           -       B->Y    F     AND2x2_ASAP7_75t_R           1  2.4    22    52     699    (-,-) 
  u_icache/g55399/Y           -       A->Y    F     OR2x6_ASAP7_75t_R           17 29.9    63    72     771    (-,-) 
  u_icache/g12396/Y           -       A->Y    R     INVx5_ASAP7_75t_R           17 29.6    95    65     836    (-,-) 
  u_icache/g12262/Y           -       B->Y    R     OR2x2_ASAP7_75t_R            1  3.7    35    60     895    (-,-) 
  u_icache/g12256/Y           -       A->Y    F     INVx4_ASAP7_75t_R           16 20.3    55    40     935    (-,-) 
  u_icache/g11869/Y           -       B->Y    F     AND2x2_ASAP7_75t_R           3  4.4    31    54     990    (-,-) 
  u_icache/g4092/Y            -       A2->Y   R     AOI22xp5_ASAP7_75t_R         1  1.9    76    43    1033    (-,-) 
  u_icache/g3587/Y            -       C->Y    F     NAND4xp25_ASAP7_75t_R        1  2.0    97    64    1097    (-,-) 
  u_icache/g3460/Y            -       A->Y    F     OR2x2_ASAP7_75t_R            1  2.0    23    56    1154    (-,-) 
  u_icache/g4101/Y            -       E->Y    F     OR5x1_ASAP7_75t_R            1  2.5    46    90    1243    (-,-) 
  u_icache/g3419/Y            -       B->Y    R     NOR2x1_ASAP7_75t_R           1  2.9    54    39    1282    (-,-) 
  u_icache/g3413/Y            -       C->Y    F     NAND4xp75_ASAP7_75t_R        1  2.0    47    38    1320    (-,-) 
  u_icache/g59232/Y           -       A->Y    F     AND3x2_ASAP7_75t_R           3  6.3    38    52    1371    (-,-) 
  u_icache/g59231/Y           -       A->Y    R     INVx2_ASAP7_75t_R            1  2.4    27    23    1394    (-,-) 
  u_icache/g59219/Y           -       B->Y    F     NAND2x1_ASAP7_75t_R          1  2.4    37    24    1418    (-,-) 
  u_icache/g59218/Y           -       B->Y    F     OR2x6_ASAP7_75t_R            3  7.8    27    54    1472    (-,-) 
  u_icache/g59214/Y           -       A->Y    R     INVx4_ASAP7_75t_R           14 17.9    68    42    1514    (-,-) 
  u_icache/g75466/Y           -       A2->Y   R     AO222x2_ASAP7_75t_R          1  2.0    26    56    1570    (-,-) 
  g200543/Y                   -       B2->Y   R     AO22x2_ASAP7_75t_R           3  5.1    46    51    1621    (-,-) 
  u_core/g233792/Y            -       A->Y    F     NAND2x1p5_ASAP7_75t_R        3  4.6    38    31    1652    (-,-) 
  u_core/g233607/Y            -       A->Y    F     OR2x6_ASAP7_75t_R            6 12.7    36    61    1713    (-,-) 
  u_core/g232355/Y            -       A1->Y   R     AOI21xp5_ASAP7_75t_R         1  2.5    86    49    1762    (-,-) 
  u_core/g230718/Y            -       A1->Y   F     OAI21x1_ASAP7_75t_R          3  4.7    68    48    1810    (-,-) 
  u_core/g230090/Y            -       B->Y    F     AND2x2_ASAP7_75t_R           4  6.4    40    63    1874    (-,-) 
  u_core/g228393/Y            -       A->Y    F     AND3x2_ASAP7_75t_R           5  8.9    50    56    1930    (-,-) 
  u_core/g265908/Y            -       C->Y    F     AND3x4_ASAP7_75t_R          17 21.2    63    84    2015    (-,-) 
  u_core/fopt263662/Y         -       A->Y    F     BUFx3_ASAP7_75t_R           16 17.5    65    72    2087    (-,-) 
  u_core/g227289/Y            -       B->Y    R     NAND2xp33_ASAP7_75t_R        1  2.0   100    69    2156    (-,-) 
  u_core/g224561/Y            -       B->Y    R     AND4x1_ASAP7_75t_R           1  1.9    41    71    2227    (-,-) 
  u_core/g224522/Y            -       C->Y    F     OAI211xp5_ASAP7_75t_L        1  2.1    71    34    2261    (-,-) 
  u_core/drc_bufs267816/Y     -       A->Y    F     BUFx3_ASAP7_75t_L            1  2.9    17    37    2298    (-,-) 
  u_core/g224383/Y            -       C->Y    R     NOR4xp75_ASAP7_75t_R         1  2.0    79    43    2341    (-,-) 
  u_core/pc_reg_reg[13]/D     -       -       R     DFFASRHQNx1_ASAP7_75t_R      1    -     -     0    2341    (-,-) 
#--------------------------------------------------------------------------------------------------------------------



Path 19: MET (3 ps) Setup Check with Pin u_core/pc_reg_reg[11]/CLK->D
           View: view_ss
          Group: CLK_CPU
     Startpoint: (R) u_core/pc_reg_reg[3]/CLK
          Clock: (R) CLK_CPU
       Endpoint: (R) u_core/pc_reg_reg[11]/D
          Clock: (R) CLK_CPU

                     Capture       Launch     
        Clock Edge:+    2500            0     
       Src Latency:+       0            0     
       Net Latency:+       0 (I)        0 (I) 
           Arrival:=    2500            0     
                                              
             Setup:-      31                  
       Uncertainty:-     125                  
     Required Time:=    2344                  
      Launch Clock:-       0                  
         Data Path:-    2341                  
             Slack:=       3                  

#--------------------------------------------------------------------------------------------------------------------
#        Timing Point         Flags    Arc    Edge          Cell            Fanout Load Trans Delay Arrival Instance 
#                                                                                  (fF)  (ps)  (ps)   (ps)  Location 
#--------------------------------------------------------------------------------------------------------------------
  u_core/pc_reg_reg[3]/CLK    -       -       R     (arrival)                 8138    -    40     0       0    (-,-) 
  u_core/pc_reg_reg[3]/QN     -       CLK->QN R     DFFASRHQNx1_ASAP7_75t_R      1  2.1    51   102     102    (-,-) 
  u_core/drc_bufs245642/Y     -       A->Y    R     BUFx3_ASAP7_75t_R            4  6.1    36    48     150    (-,-) 
  u_core/IF_add_339_31_g781/Y -       B->Y    R     AND2x2_ASAP7_75t_R           3  4.9    44    50     200    (-,-) 
  u_core/g265914/Y            -       A->Y    R     AND3x4_ASAP7_75t_R           3  4.8    30    52     253    (-,-) 
  u_core/g265913/Y            -       C->Y    R     AND3x4_ASAP7_75t_R           3  4.8    30    51     303    (-,-) 
  u_core/IF_add_339_31_g2/Y   -       C->Y    R     AND3x1_ASAP7_75t_R           4  5.7    89    74     377    (-,-) 
  u_core/IF_add_339_31_g757/Y -       B->Y    R     AND2x2_ASAP7_75t_R           2  3.1    32    56     434    (-,-) 
  u_core/IF_add_339_31_g749/Y -       B->Y    R     AND2x2_ASAP7_75t_R           2  3.2    32    43     477    (-,-) 
  u_core/IF_add_339_31_g742/Y -       B->Y    F     NAND2xp5_ASAP7_75t_R         2  3.5    74    46     523    (-,-) 
  u_core/IF_add_339_31_g739/Y -       B->Y    F     OA21x2_ASAP7_75t_R           2  2.9    26    51     574    (-,-) 
  u_core/g140263/Y            -       A1->Y   F     AO22x1_ASAP7_75t_R           4  6.0    68    73     647    (-,-) 
  u_icache/g55414/Y           -       B->Y    F     AND2x2_ASAP7_75t_R           1  2.4    22    52     699    (-,-) 
  u_icache/g55399/Y           -       A->Y    F     OR2x6_ASAP7_75t_R           17 29.9    63    72     771    (-,-) 
  u_icache/g12396/Y           -       A->Y    R     INVx5_ASAP7_75t_R           17 29.6    95    65     836    (-,-) 
  u_icache/g12262/Y           -       B->Y    R     OR2x2_ASAP7_75t_R            1  3.7    35    60     895    (-,-) 
  u_icache/g12256/Y           -       A->Y    F     INVx4_ASAP7_75t_R           16 20.3    55    40     935    (-,-) 
  u_icache/g11869/Y           -       B->Y    F     AND2x2_ASAP7_75t_R           3  4.4    31    54     990    (-,-) 
  u_icache/g4092/Y            -       A2->Y   R     AOI22xp5_ASAP7_75t_R         1  1.9    76    43    1033    (-,-) 
  u_icache/g3587/Y            -       C->Y    F     NAND4xp25_ASAP7_75t_R        1  2.0    97    64    1097    (-,-) 
  u_icache/g3460/Y            -       A->Y    F     OR2x2_ASAP7_75t_R            1  2.0    23    56    1154    (-,-) 
  u_icache/g4101/Y            -       E->Y    F     OR5x1_ASAP7_75t_R            1  2.5    46    90    1243    (-,-) 
  u_icache/g3419/Y            -       B->Y    R     NOR2x1_ASAP7_75t_R           1  2.9    54    39    1282    (-,-) 
  u_icache/g3413/Y            -       C->Y    F     NAND4xp75_ASAP7_75t_R        1  2.0    47    38    1320    (-,-) 
  u_icache/g59232/Y           -       A->Y    F     AND3x2_ASAP7_75t_R           3  6.3    38    52    1371    (-,-) 
  u_icache/g59231/Y           -       A->Y    R     INVx2_ASAP7_75t_R            1  2.4    27    23    1394    (-,-) 
  u_icache/g59219/Y           -       B->Y    F     NAND2x1_ASAP7_75t_R          1  2.4    37    24    1418    (-,-) 
  u_icache/g59218/Y           -       B->Y    F     OR2x6_ASAP7_75t_R            3  7.8    27    54    1472    (-,-) 
  u_icache/g59214/Y           -       A->Y    R     INVx4_ASAP7_75t_R           14 17.9    68    42    1514    (-,-) 
  u_icache/g75466/Y           -       A2->Y   R     AO222x2_ASAP7_75t_R          1  2.0    26    56    1570    (-,-) 
  g200543/Y                   -       B2->Y   R     AO22x2_ASAP7_75t_R           3  5.1    46    51    1621    (-,-) 
  u_core/g233792/Y            -       A->Y    F     NAND2x1p5_ASAP7_75t_R        3  4.6    38    31    1652    (-,-) 
  u_core/g233607/Y            -       A->Y    F     OR2x6_ASAP7_75t_R            6 12.7    36    61    1713    (-,-) 
  u_core/g232355/Y            -       A1->Y   R     AOI21xp5_ASAP7_75t_R         1  2.5    86    49    1762    (-,-) 
  u_core/g230718/Y            -       A1->Y   F     OAI21x1_ASAP7_75t_R          3  4.7    68    48    1810    (-,-) 
  u_core/g230090/Y            -       B->Y    F     AND2x2_ASAP7_75t_R           4  6.4    40    63    1874    (-,-) 
  u_core/g228393/Y            -       A->Y    F     AND3x2_ASAP7_75t_R           5  8.9    50    56    1930    (-,-) 
  u_core/g265908/Y            -       C->Y    F     AND3x4_ASAP7_75t_R          17 21.2    63    84    2015    (-,-) 
  u_core/fopt263662/Y         -       A->Y    F     BUFx3_ASAP7_75t_R           16 17.5    65    72    2087    (-,-) 
  u_core/g227288/Y            -       B->Y    R     NAND2xp33_ASAP7_75t_R        1  2.0   100    69    2156    (-,-) 
  u_core/g224566/Y            -       B->Y    R     AND4x1_ASAP7_75t_R           1  1.9    41    71    2227    (-,-) 
  u_core/g224505/Y            -       C->Y    F     OAI211xp5_ASAP7_75t_L        1  2.1    71    34    2261    (-,-) 
  u_core/drc_bufs267869/Y     -       A->Y    F     BUFx3_ASAP7_75t_L            1  2.9    17    37    2298    (-,-) 
  u_core/g224381/Y            -       C->Y    R     NOR4xp75_ASAP7_75t_R         1  2.0    79    43    2341    (-,-) 
  u_core/pc_reg_reg[11]/D     -       -       R     DFFASRHQNx1_ASAP7_75t_R      1    -     -     0    2341    (-,-) 
#--------------------------------------------------------------------------------------------------------------------



Path 20: MET (3 ps) Setup Check with Pin u_core/pc_reg_reg[10]/CLK->D
           View: view_ss
          Group: CLK_CPU
     Startpoint: (R) u_core/pc_reg_reg[3]/CLK
          Clock: (R) CLK_CPU
       Endpoint: (R) u_core/pc_reg_reg[10]/D
          Clock: (R) CLK_CPU

                     Capture       Launch     
        Clock Edge:+    2500            0     
       Src Latency:+       0            0     
       Net Latency:+       0 (I)        0 (I) 
           Arrival:=    2500            0     
                                              
             Setup:-      31                  
       Uncertainty:-     125                  
     Required Time:=    2344                  
      Launch Clock:-       0                  
         Data Path:-    2341                  
             Slack:=       3                  

#--------------------------------------------------------------------------------------------------------------------
#        Timing Point         Flags    Arc    Edge          Cell            Fanout Load Trans Delay Arrival Instance 
#                                                                                  (fF)  (ps)  (ps)   (ps)  Location 
#--------------------------------------------------------------------------------------------------------------------
  u_core/pc_reg_reg[3]/CLK    -       -       R     (arrival)                 8138    -    40     0       0    (-,-) 
  u_core/pc_reg_reg[3]/QN     -       CLK->QN R     DFFASRHQNx1_ASAP7_75t_R      1  2.1    51   102     102    (-,-) 
  u_core/drc_bufs245642/Y     -       A->Y    R     BUFx3_ASAP7_75t_R            4  6.1    36    48     150    (-,-) 
  u_core/IF_add_339_31_g781/Y -       B->Y    R     AND2x2_ASAP7_75t_R           3  4.9    44    50     200    (-,-) 
  u_core/g265914/Y            -       A->Y    R     AND3x4_ASAP7_75t_R           3  4.8    30    52     253    (-,-) 
  u_core/g265913/Y            -       C->Y    R     AND3x4_ASAP7_75t_R           3  4.8    30    51     303    (-,-) 
  u_core/IF_add_339_31_g2/Y   -       C->Y    R     AND3x1_ASAP7_75t_R           4  5.7    89    74     377    (-,-) 
  u_core/IF_add_339_31_g757/Y -       B->Y    R     AND2x2_ASAP7_75t_R           2  3.1    32    56     434    (-,-) 
  u_core/IF_add_339_31_g749/Y -       B->Y    R     AND2x2_ASAP7_75t_R           2  3.2    32    43     477    (-,-) 
  u_core/IF_add_339_31_g742/Y -       B->Y    F     NAND2xp5_ASAP7_75t_R         2  3.5    74    46     523    (-,-) 
  u_core/IF_add_339_31_g739/Y -       B->Y    F     OA21x2_ASAP7_75t_R           2  2.9    26    51     574    (-,-) 
  u_core/g140263/Y            -       A1->Y   F     AO22x1_ASAP7_75t_R           4  6.0    68    73     647    (-,-) 
  u_icache/g55414/Y           -       B->Y    F     AND2x2_ASAP7_75t_R           1  2.4    22    52     699    (-,-) 
  u_icache/g55399/Y           -       A->Y    F     OR2x6_ASAP7_75t_R           17 29.9    63    72     771    (-,-) 
  u_icache/g12396/Y           -       A->Y    R     INVx5_ASAP7_75t_R           17 29.6    95    65     836    (-,-) 
  u_icache/g12262/Y           -       B->Y    R     OR2x2_ASAP7_75t_R            1  3.7    35    60     895    (-,-) 
  u_icache/g12256/Y           -       A->Y    F     INVx4_ASAP7_75t_R           16 20.3    55    40     935    (-,-) 
  u_icache/g11869/Y           -       B->Y    F     AND2x2_ASAP7_75t_R           3  4.4    31    54     990    (-,-) 
  u_icache/g4092/Y            -       A2->Y   R     AOI22xp5_ASAP7_75t_R         1  1.9    76    43    1033    (-,-) 
  u_icache/g3587/Y            -       C->Y    F     NAND4xp25_ASAP7_75t_R        1  2.0    97    64    1097    (-,-) 
  u_icache/g3460/Y            -       A->Y    F     OR2x2_ASAP7_75t_R            1  2.0    23    56    1154    (-,-) 
  u_icache/g4101/Y            -       E->Y    F     OR5x1_ASAP7_75t_R            1  2.5    46    90    1243    (-,-) 
  u_icache/g3419/Y            -       B->Y    R     NOR2x1_ASAP7_75t_R           1  2.9    54    39    1282    (-,-) 
  u_icache/g3413/Y            -       C->Y    F     NAND4xp75_ASAP7_75t_R        1  2.0    47    38    1320    (-,-) 
  u_icache/g59232/Y           -       A->Y    F     AND3x2_ASAP7_75t_R           3  6.3    38    52    1371    (-,-) 
  u_icache/g59231/Y           -       A->Y    R     INVx2_ASAP7_75t_R            1  2.4    27    23    1394    (-,-) 
  u_icache/g59219/Y           -       B->Y    F     NAND2x1_ASAP7_75t_R          1  2.4    37    24    1418    (-,-) 
  u_icache/g59218/Y           -       B->Y    F     OR2x6_ASAP7_75t_R            3  7.8    27    54    1472    (-,-) 
  u_icache/g59214/Y           -       A->Y    R     INVx4_ASAP7_75t_R           14 17.9    68    42    1514    (-,-) 
  u_icache/g75466/Y           -       A2->Y   R     AO222x2_ASAP7_75t_R          1  2.0    26    56    1570    (-,-) 
  g200543/Y                   -       B2->Y   R     AO22x2_ASAP7_75t_R           3  5.1    46    51    1621    (-,-) 
  u_core/g233792/Y            -       A->Y    F     NAND2x1p5_ASAP7_75t_R        3  4.6    38    31    1652    (-,-) 
  u_core/g233607/Y            -       A->Y    F     OR2x6_ASAP7_75t_R            6 12.7    36    61    1713    (-,-) 
  u_core/g232355/Y            -       A1->Y   R     AOI21xp5_ASAP7_75t_R         1  2.5    86    49    1762    (-,-) 
  u_core/g230718/Y            -       A1->Y   F     OAI21x1_ASAP7_75t_R          3  4.7    68    48    1810    (-,-) 
  u_core/g230090/Y            -       B->Y    F     AND2x2_ASAP7_75t_R           4  6.4    40    63    1874    (-,-) 
  u_core/g228393/Y            -       A->Y    F     AND3x2_ASAP7_75t_R           5  8.9    50    56    1930    (-,-) 
  u_core/g265908/Y            -       C->Y    F     AND3x4_ASAP7_75t_R          17 21.2    63    84    2015    (-,-) 
  u_core/fopt263662/Y         -       A->Y    F     BUFx3_ASAP7_75t_R           16 17.5    65    72    2087    (-,-) 
  u_core/g227287/Y            -       B->Y    R     NAND2xp33_ASAP7_75t_R        1  2.0   100    69    2156    (-,-) 
  u_core/g224545/Y            -       B->Y    R     AND4x1_ASAP7_75t_R           1  1.9    41    71    2227    (-,-) 
  u_core/g224506/Y            -       C->Y    F     OAI211xp5_ASAP7_75t_L        1  2.1    71    34    2261    (-,-) 
  u_core/drc_bufs267822/Y     -       A->Y    F     BUFx3_ASAP7_75t_L            1  2.9    17    37    2298    (-,-) 
  u_core/g224380/Y            -       C->Y    R     NOR4xp75_ASAP7_75t_R         1  2.0    79    43    2341    (-,-) 
  u_core/pc_reg_reg[10]/D     -       -       R     DFFASRHQNx1_ASAP7_75t_R      1    -     -     0    2341    (-,-) 
#--------------------------------------------------------------------------------------------------------------------



Path 21: MET (3 ps) Setup Check with Pin u_core/pc_reg_reg[8]/CLK->D
           View: view_ss
          Group: CLK_CPU
     Startpoint: (R) u_core/pc_reg_reg[3]/CLK
          Clock: (R) CLK_CPU
       Endpoint: (R) u_core/pc_reg_reg[8]/D
          Clock: (R) CLK_CPU

                     Capture       Launch     
        Clock Edge:+    2500            0     
       Src Latency:+       0            0     
       Net Latency:+       0 (I)        0 (I) 
           Arrival:=    2500            0     
                                              
             Setup:-      31                  
       Uncertainty:-     125                  
     Required Time:=    2344                  
      Launch Clock:-       0                  
         Data Path:-    2341                  
             Slack:=       3                  

#--------------------------------------------------------------------------------------------------------------------
#        Timing Point         Flags    Arc    Edge          Cell            Fanout Load Trans Delay Arrival Instance 
#                                                                                  (fF)  (ps)  (ps)   (ps)  Location 
#--------------------------------------------------------------------------------------------------------------------
  u_core/pc_reg_reg[3]/CLK    -       -       R     (arrival)                 8138    -    40     0       0    (-,-) 
  u_core/pc_reg_reg[3]/QN     -       CLK->QN R     DFFASRHQNx1_ASAP7_75t_R      1  2.1    51   102     102    (-,-) 
  u_core/drc_bufs245642/Y     -       A->Y    R     BUFx3_ASAP7_75t_R            4  6.1    36    48     150    (-,-) 
  u_core/IF_add_339_31_g781/Y -       B->Y    R     AND2x2_ASAP7_75t_R           3  4.9    44    50     200    (-,-) 
  u_core/g265914/Y            -       A->Y    R     AND3x4_ASAP7_75t_R           3  4.8    30    52     253    (-,-) 
  u_core/g265913/Y            -       C->Y    R     AND3x4_ASAP7_75t_R           3  4.8    30    51     303    (-,-) 
  u_core/IF_add_339_31_g2/Y   -       C->Y    R     AND3x1_ASAP7_75t_R           4  5.7    89    74     377    (-,-) 
  u_core/IF_add_339_31_g757/Y -       B->Y    R     AND2x2_ASAP7_75t_R           2  3.1    32    56     434    (-,-) 
  u_core/IF_add_339_31_g749/Y -       B->Y    R     AND2x2_ASAP7_75t_R           2  3.2    32    43     477    (-,-) 
  u_core/IF_add_339_31_g742/Y -       B->Y    F     NAND2xp5_ASAP7_75t_R         2  3.5    74    46     523    (-,-) 
  u_core/IF_add_339_31_g739/Y -       B->Y    F     OA21x2_ASAP7_75t_R           2  2.9    26    51     574    (-,-) 
  u_core/g140263/Y            -       A1->Y   F     AO22x1_ASAP7_75t_R           4  6.0    68    73     647    (-,-) 
  u_icache/g55414/Y           -       B->Y    F     AND2x2_ASAP7_75t_R           1  2.4    22    52     699    (-,-) 
  u_icache/g55399/Y           -       A->Y    F     OR2x6_ASAP7_75t_R           17 29.9    63    72     771    (-,-) 
  u_icache/g12396/Y           -       A->Y    R     INVx5_ASAP7_75t_R           17 29.6    95    65     836    (-,-) 
  u_icache/g12262/Y           -       B->Y    R     OR2x2_ASAP7_75t_R            1  3.7    35    60     895    (-,-) 
  u_icache/g12256/Y           -       A->Y    F     INVx4_ASAP7_75t_R           16 20.3    55    40     935    (-,-) 
  u_icache/g11869/Y           -       B->Y    F     AND2x2_ASAP7_75t_R           3  4.4    31    54     990    (-,-) 
  u_icache/g4092/Y            -       A2->Y   R     AOI22xp5_ASAP7_75t_R         1  1.9    76    43    1033    (-,-) 
  u_icache/g3587/Y            -       C->Y    F     NAND4xp25_ASAP7_75t_R        1  2.0    97    64    1097    (-,-) 
  u_icache/g3460/Y            -       A->Y    F     OR2x2_ASAP7_75t_R            1  2.0    23    56    1154    (-,-) 
  u_icache/g4101/Y            -       E->Y    F     OR5x1_ASAP7_75t_R            1  2.5    46    90    1243    (-,-) 
  u_icache/g3419/Y            -       B->Y    R     NOR2x1_ASAP7_75t_R           1  2.9    54    39    1282    (-,-) 
  u_icache/g3413/Y            -       C->Y    F     NAND4xp75_ASAP7_75t_R        1  2.0    47    38    1320    (-,-) 
  u_icache/g59232/Y           -       A->Y    F     AND3x2_ASAP7_75t_R           3  6.3    38    52    1371    (-,-) 
  u_icache/g59231/Y           -       A->Y    R     INVx2_ASAP7_75t_R            1  2.4    27    23    1394    (-,-) 
  u_icache/g59219/Y           -       B->Y    F     NAND2x1_ASAP7_75t_R          1  2.4    37    24    1418    (-,-) 
  u_icache/g59218/Y           -       B->Y    F     OR2x6_ASAP7_75t_R            3  7.8    27    54    1472    (-,-) 
  u_icache/g59214/Y           -       A->Y    R     INVx4_ASAP7_75t_R           14 17.9    68    42    1514    (-,-) 
  u_icache/g75466/Y           -       A2->Y   R     AO222x2_ASAP7_75t_R          1  2.0    26    56    1570    (-,-) 
  g200543/Y                   -       B2->Y   R     AO22x2_ASAP7_75t_R           3  5.1    46    51    1621    (-,-) 
  u_core/g233792/Y            -       A->Y    F     NAND2x1p5_ASAP7_75t_R        3  4.6    38    31    1652    (-,-) 
  u_core/g233607/Y            -       A->Y    F     OR2x6_ASAP7_75t_R            6 12.7    36    61    1713    (-,-) 
  u_core/g232355/Y            -       A1->Y   R     AOI21xp5_ASAP7_75t_R         1  2.5    86    49    1762    (-,-) 
  u_core/g230718/Y            -       A1->Y   F     OAI21x1_ASAP7_75t_R          3  4.7    68    48    1810    (-,-) 
  u_core/g230090/Y            -       B->Y    F     AND2x2_ASAP7_75t_R           4  6.4    40    63    1874    (-,-) 
  u_core/g228393/Y            -       A->Y    F     AND3x2_ASAP7_75t_R           5  8.9    50    56    1930    (-,-) 
  u_core/g265908/Y            -       C->Y    F     AND3x4_ASAP7_75t_R          17 21.2    63    84    2015    (-,-) 
  u_core/fopt263662/Y         -       A->Y    F     BUFx3_ASAP7_75t_R           16 17.5    65    72    2087    (-,-) 
  u_core/g227286/Y            -       B->Y    R     NAND2xp33_ASAP7_75t_R        1  2.0   100    69    2156    (-,-) 
  u_core/g224556/Y            -       B->Y    R     AND4x1_ASAP7_75t_R           1  1.9    41    71    2227    (-,-) 
  u_core/g224518/Y            -       C->Y    F     OAI211xp5_ASAP7_75t_L        1  2.1    71    34    2261    (-,-) 
  u_core/drc_bufs267819/Y     -       A->Y    F     BUFx3_ASAP7_75t_L            1  2.9    17    37    2298    (-,-) 
  u_core/g224379/Y            -       C->Y    R     NOR4xp75_ASAP7_75t_R         1  2.0    79    43    2341    (-,-) 
  u_core/pc_reg_reg[8]/D      -       -       R     DFFASRHQNx1_ASAP7_75t_R      1    -     -     0    2341    (-,-) 
#--------------------------------------------------------------------------------------------------------------------



Path 22: MET (3 ps) Setup Check with Pin u_core/pc_reg_reg[6]/CLK->D
           View: view_ss
          Group: CLK_CPU
     Startpoint: (R) u_core/pc_reg_reg[3]/CLK
          Clock: (R) CLK_CPU
       Endpoint: (R) u_core/pc_reg_reg[6]/D
          Clock: (R) CLK_CPU

                     Capture       Launch     
        Clock Edge:+    2500            0     
       Src Latency:+       0            0     
       Net Latency:+       0 (I)        0 (I) 
           Arrival:=    2500            0     
                                              
             Setup:-      31                  
       Uncertainty:-     125                  
     Required Time:=    2344                  
      Launch Clock:-       0                  
         Data Path:-    2341                  
             Slack:=       3                  

#--------------------------------------------------------------------------------------------------------------------
#        Timing Point         Flags    Arc    Edge          Cell            Fanout Load Trans Delay Arrival Instance 
#                                                                                  (fF)  (ps)  (ps)   (ps)  Location 
#--------------------------------------------------------------------------------------------------------------------
  u_core/pc_reg_reg[3]/CLK    -       -       R     (arrival)                 8138    -    40     0       0    (-,-) 
  u_core/pc_reg_reg[3]/QN     -       CLK->QN R     DFFASRHQNx1_ASAP7_75t_R      1  2.1    51   102     102    (-,-) 
  u_core/drc_bufs245642/Y     -       A->Y    R     BUFx3_ASAP7_75t_R            4  6.1    36    48     150    (-,-) 
  u_core/IF_add_339_31_g781/Y -       B->Y    R     AND2x2_ASAP7_75t_R           3  4.9    44    50     200    (-,-) 
  u_core/g265914/Y            -       A->Y    R     AND3x4_ASAP7_75t_R           3  4.8    30    52     253    (-,-) 
  u_core/g265913/Y            -       C->Y    R     AND3x4_ASAP7_75t_R           3  4.8    30    51     303    (-,-) 
  u_core/IF_add_339_31_g2/Y   -       C->Y    R     AND3x1_ASAP7_75t_R           4  5.7    89    74     377    (-,-) 
  u_core/IF_add_339_31_g757/Y -       B->Y    R     AND2x2_ASAP7_75t_R           2  3.1    32    56     434    (-,-) 
  u_core/IF_add_339_31_g749/Y -       B->Y    R     AND2x2_ASAP7_75t_R           2  3.2    32    43     477    (-,-) 
  u_core/IF_add_339_31_g742/Y -       B->Y    F     NAND2xp5_ASAP7_75t_R         2  3.5    74    46     523    (-,-) 
  u_core/IF_add_339_31_g739/Y -       B->Y    F     OA21x2_ASAP7_75t_R           2  2.9    26    51     574    (-,-) 
  u_core/g140263/Y            -       A1->Y   F     AO22x1_ASAP7_75t_R           4  6.0    68    73     647    (-,-) 
  u_icache/g55414/Y           -       B->Y    F     AND2x2_ASAP7_75t_R           1  2.4    22    52     699    (-,-) 
  u_icache/g55399/Y           -       A->Y    F     OR2x6_ASAP7_75t_R           17 29.9    63    72     771    (-,-) 
  u_icache/g12396/Y           -       A->Y    R     INVx5_ASAP7_75t_R           17 29.6    95    65     836    (-,-) 
  u_icache/g12262/Y           -       B->Y    R     OR2x2_ASAP7_75t_R            1  3.7    35    60     895    (-,-) 
  u_icache/g12256/Y           -       A->Y    F     INVx4_ASAP7_75t_R           16 20.3    55    40     935    (-,-) 
  u_icache/g11869/Y           -       B->Y    F     AND2x2_ASAP7_75t_R           3  4.4    31    54     990    (-,-) 
  u_icache/g4092/Y            -       A2->Y   R     AOI22xp5_ASAP7_75t_R         1  1.9    76    43    1033    (-,-) 
  u_icache/g3587/Y            -       C->Y    F     NAND4xp25_ASAP7_75t_R        1  2.0    97    64    1097    (-,-) 
  u_icache/g3460/Y            -       A->Y    F     OR2x2_ASAP7_75t_R            1  2.0    23    56    1154    (-,-) 
  u_icache/g4101/Y            -       E->Y    F     OR5x1_ASAP7_75t_R            1  2.5    46    90    1243    (-,-) 
  u_icache/g3419/Y            -       B->Y    R     NOR2x1_ASAP7_75t_R           1  2.9    54    39    1282    (-,-) 
  u_icache/g3413/Y            -       C->Y    F     NAND4xp75_ASAP7_75t_R        1  2.0    47    38    1320    (-,-) 
  u_icache/g59232/Y           -       A->Y    F     AND3x2_ASAP7_75t_R           3  6.3    38    52    1371    (-,-) 
  u_icache/g59231/Y           -       A->Y    R     INVx2_ASAP7_75t_R            1  2.4    27    23    1394    (-,-) 
  u_icache/g59219/Y           -       B->Y    F     NAND2x1_ASAP7_75t_R          1  2.4    37    24    1418    (-,-) 
  u_icache/g59218/Y           -       B->Y    F     OR2x6_ASAP7_75t_R            3  7.8    27    54    1472    (-,-) 
  u_icache/g59214/Y           -       A->Y    R     INVx4_ASAP7_75t_R           14 17.9    68    42    1514    (-,-) 
  u_icache/g75466/Y           -       A2->Y   R     AO222x2_ASAP7_75t_R          1  2.0    26    56    1570    (-,-) 
  g200543/Y                   -       B2->Y   R     AO22x2_ASAP7_75t_R           3  5.1    46    51    1621    (-,-) 
  u_core/g233792/Y            -       A->Y    F     NAND2x1p5_ASAP7_75t_R        3  4.6    38    31    1652    (-,-) 
  u_core/g233607/Y            -       A->Y    F     OR2x6_ASAP7_75t_R            6 12.7    36    61    1713    (-,-) 
  u_core/g232355/Y            -       A1->Y   R     AOI21xp5_ASAP7_75t_R         1  2.5    86    49    1762    (-,-) 
  u_core/g230718/Y            -       A1->Y   F     OAI21x1_ASAP7_75t_R          3  4.7    68    48    1810    (-,-) 
  u_core/g230090/Y            -       B->Y    F     AND2x2_ASAP7_75t_R           4  6.4    40    63    1874    (-,-) 
  u_core/g228393/Y            -       A->Y    F     AND3x2_ASAP7_75t_R           5  8.9    50    56    1930    (-,-) 
  u_core/g265908/Y            -       C->Y    F     AND3x4_ASAP7_75t_R          17 21.2    63    84    2015    (-,-) 
  u_core/fopt263662/Y         -       A->Y    F     BUFx3_ASAP7_75t_R           16 17.5    65    72    2087    (-,-) 
  u_core/g227284/Y            -       B->Y    R     NAND2xp33_ASAP7_75t_R        1  2.0   100    69    2156    (-,-) 
  u_core/g224554/Y            -       B->Y    R     AND4x1_ASAP7_75t_R           1  1.9    41    71    2227    (-,-) 
  u_core/g224515/Y            -       C->Y    F     OAI211xp5_ASAP7_75t_L        1  2.1    71    34    2261    (-,-) 
  u_core/drc_bufs267866/Y     -       A->Y    F     BUFx3_ASAP7_75t_L            1  2.9    17    37    2298    (-,-) 
  u_core/g224378/Y            -       C->Y    R     NOR4xp75_ASAP7_75t_R         1  2.0    79    43    2341    (-,-) 
  u_core/pc_reg_reg[6]/D      -       -       R     DFFASRHQNx1_ASAP7_75t_R      1    -     -     0    2341    (-,-) 
#--------------------------------------------------------------------------------------------------------------------



Path 23: MET (3 ps) Setup Check with Pin u_core/pc_reg_reg[4]/CLK->D
           View: view_ss
          Group: CLK_CPU
     Startpoint: (R) u_core/pc_reg_reg[3]/CLK
          Clock: (R) CLK_CPU
       Endpoint: (R) u_core/pc_reg_reg[4]/D
          Clock: (R) CLK_CPU

                     Capture       Launch     
        Clock Edge:+    2500            0     
       Src Latency:+       0            0     
       Net Latency:+       0 (I)        0 (I) 
           Arrival:=    2500            0     
                                              
             Setup:-      31                  
       Uncertainty:-     125                  
     Required Time:=    2344                  
      Launch Clock:-       0                  
         Data Path:-    2341                  
             Slack:=       3                  

#--------------------------------------------------------------------------------------------------------------------
#        Timing Point         Flags    Arc    Edge          Cell            Fanout Load Trans Delay Arrival Instance 
#                                                                                  (fF)  (ps)  (ps)   (ps)  Location 
#--------------------------------------------------------------------------------------------------------------------
  u_core/pc_reg_reg[3]/CLK    -       -       R     (arrival)                 8138    -    40     0       0    (-,-) 
  u_core/pc_reg_reg[3]/QN     -       CLK->QN R     DFFASRHQNx1_ASAP7_75t_R      1  2.1    51   102     102    (-,-) 
  u_core/drc_bufs245642/Y     -       A->Y    R     BUFx3_ASAP7_75t_R            4  6.1    36    48     150    (-,-) 
  u_core/IF_add_339_31_g781/Y -       B->Y    R     AND2x2_ASAP7_75t_R           3  4.9    44    50     200    (-,-) 
  u_core/g265914/Y            -       A->Y    R     AND3x4_ASAP7_75t_R           3  4.8    30    52     253    (-,-) 
  u_core/g265913/Y            -       C->Y    R     AND3x4_ASAP7_75t_R           3  4.8    30    51     303    (-,-) 
  u_core/IF_add_339_31_g2/Y   -       C->Y    R     AND3x1_ASAP7_75t_R           4  5.7    89    74     377    (-,-) 
  u_core/IF_add_339_31_g757/Y -       B->Y    R     AND2x2_ASAP7_75t_R           2  3.1    32    56     434    (-,-) 
  u_core/IF_add_339_31_g749/Y -       B->Y    R     AND2x2_ASAP7_75t_R           2  3.2    32    43     477    (-,-) 
  u_core/IF_add_339_31_g742/Y -       B->Y    F     NAND2xp5_ASAP7_75t_R         2  3.5    74    46     523    (-,-) 
  u_core/IF_add_339_31_g739/Y -       B->Y    F     OA21x2_ASAP7_75t_R           2  2.9    26    51     574    (-,-) 
  u_core/g140263/Y            -       A1->Y   F     AO22x1_ASAP7_75t_R           4  6.0    68    73     647    (-,-) 
  u_icache/g55414/Y           -       B->Y    F     AND2x2_ASAP7_75t_R           1  2.4    22    52     699    (-,-) 
  u_icache/g55399/Y           -       A->Y    F     OR2x6_ASAP7_75t_R           17 29.9    63    72     771    (-,-) 
  u_icache/g12396/Y           -       A->Y    R     INVx5_ASAP7_75t_R           17 29.6    95    65     836    (-,-) 
  u_icache/g12262/Y           -       B->Y    R     OR2x2_ASAP7_75t_R            1  3.7    35    60     895    (-,-) 
  u_icache/g12256/Y           -       A->Y    F     INVx4_ASAP7_75t_R           16 20.3    55    40     935    (-,-) 
  u_icache/g11869/Y           -       B->Y    F     AND2x2_ASAP7_75t_R           3  4.4    31    54     990    (-,-) 
  u_icache/g4092/Y            -       A2->Y   R     AOI22xp5_ASAP7_75t_R         1  1.9    76    43    1033    (-,-) 
  u_icache/g3587/Y            -       C->Y    F     NAND4xp25_ASAP7_75t_R        1  2.0    97    64    1097    (-,-) 
  u_icache/g3460/Y            -       A->Y    F     OR2x2_ASAP7_75t_R            1  2.0    23    56    1154    (-,-) 
  u_icache/g4101/Y            -       E->Y    F     OR5x1_ASAP7_75t_R            1  2.5    46    90    1243    (-,-) 
  u_icache/g3419/Y            -       B->Y    R     NOR2x1_ASAP7_75t_R           1  2.9    54    39    1282    (-,-) 
  u_icache/g3413/Y            -       C->Y    F     NAND4xp75_ASAP7_75t_R        1  2.0    47    38    1320    (-,-) 
  u_icache/g59232/Y           -       A->Y    F     AND3x2_ASAP7_75t_R           3  6.3    38    52    1371    (-,-) 
  u_icache/g59231/Y           -       A->Y    R     INVx2_ASAP7_75t_R            1  2.4    27    23    1394    (-,-) 
  u_icache/g59219/Y           -       B->Y    F     NAND2x1_ASAP7_75t_R          1  2.4    37    24    1418    (-,-) 
  u_icache/g59218/Y           -       B->Y    F     OR2x6_ASAP7_75t_R            3  7.8    27    54    1472    (-,-) 
  u_icache/g59214/Y           -       A->Y    R     INVx4_ASAP7_75t_R           14 17.9    68    42    1514    (-,-) 
  u_icache/g75466/Y           -       A2->Y   R     AO222x2_ASAP7_75t_R          1  2.0    26    56    1570    (-,-) 
  g200543/Y                   -       B2->Y   R     AO22x2_ASAP7_75t_R           3  5.1    46    51    1621    (-,-) 
  u_core/g233792/Y            -       A->Y    F     NAND2x1p5_ASAP7_75t_R        3  4.6    38    31    1652    (-,-) 
  u_core/g233607/Y            -       A->Y    F     OR2x6_ASAP7_75t_R            6 12.7    36    61    1713    (-,-) 
  u_core/g232355/Y            -       A1->Y   R     AOI21xp5_ASAP7_75t_R         1  2.5    86    49    1762    (-,-) 
  u_core/g230718/Y            -       A1->Y   F     OAI21x1_ASAP7_75t_R          3  4.7    68    48    1810    (-,-) 
  u_core/g230090/Y            -       B->Y    F     AND2x2_ASAP7_75t_R           4  6.4    40    63    1874    (-,-) 
  u_core/g228393/Y            -       A->Y    F     AND3x2_ASAP7_75t_R           5  8.9    50    56    1930    (-,-) 
  u_core/g265908/Y            -       C->Y    F     AND3x4_ASAP7_75t_R          17 21.2    63    84    2015    (-,-) 
  u_core/fopt263662/Y         -       A->Y    F     BUFx3_ASAP7_75t_R           16 17.5    65    72    2087    (-,-) 
  u_core/g227283/Y            -       B->Y    R     NAND2xp33_ASAP7_75t_R        1  2.0   100    69    2156    (-,-) 
  u_core/g224553/Y            -       B->Y    R     AND4x1_ASAP7_75t_R           1  1.9    41    71    2227    (-,-) 
  u_core/g224514/Y            -       C->Y    F     OAI211xp5_ASAP7_75t_L        1  2.1    71    34    2261    (-,-) 
  u_core/drc_bufs267875/Y     -       A->Y    F     BUFx3_ASAP7_75t_L            1  2.9    17    37    2298    (-,-) 
  u_core/g224377/Y            -       C->Y    R     NOR4xp75_ASAP7_75t_R         1  2.0    79    43    2341    (-,-) 
  u_core/pc_reg_reg[4]/D      -       -       R     DFFASRHQNx1_ASAP7_75t_R      1    -     -     0    2341    (-,-) 
#--------------------------------------------------------------------------------------------------------------------



Path 24: MET (4 ps) Setup Check with Pin u_core/IF_ID_if_id_instr_reg[25]/CLK->D
           View: view_ss
          Group: CLK_CPU
     Startpoint: (R) u_core/pc_reg_reg[3]/CLK
          Clock: (R) CLK_CPU
       Endpoint: (F) u_core/IF_ID_if_id_instr_reg[25]/D
          Clock: (R) CLK_CPU

                     Capture       Launch     
        Clock Edge:+    2500            0     
       Src Latency:+       0            0     
       Net Latency:+       0 (I)        0 (I) 
           Arrival:=    2500            0     
                                              
             Setup:-      -2                  
       Uncertainty:-     125                  
     Required Time:=    2376                  
      Launch Clock:-       0                  
         Data Path:-    2373                  
             Slack:=       4                  

#---------------------------------------------------------------------------------------------------------------------------
#           Timing Point             Flags    Arc    Edge          Cell            Fanout Load Trans Delay Arrival Instance 
#                                                                                         (fF)  (ps)  (ps)   (ps)  Location 
#---------------------------------------------------------------------------------------------------------------------------
  u_core/pc_reg_reg[3]/CLK           -       -       R     (arrival)                 8138    -    40     0       0    (-,-) 
  u_core/pc_reg_reg[3]/QN            -       CLK->QN R     DFFASRHQNx1_ASAP7_75t_R      1  2.1    51   102     102    (-,-) 
  u_core/drc_bufs245642/Y            -       A->Y    R     BUFx3_ASAP7_75t_R            4  6.1    36    48     150    (-,-) 
  u_core/IF_add_339_31_g781/Y        -       B->Y    R     AND2x2_ASAP7_75t_R           3  4.9    44    50     200    (-,-) 
  u_core/g265914/Y                   -       A->Y    R     AND3x4_ASAP7_75t_R           3  4.8    30    52     253    (-,-) 
  u_core/g265913/Y                   -       C->Y    R     AND3x4_ASAP7_75t_R           3  4.8    30    51     303    (-,-) 
  u_core/IF_add_339_31_g2/Y          -       C->Y    R     AND3x1_ASAP7_75t_R           4  5.7    89    74     377    (-,-) 
  u_core/IF_add_339_31_g757/Y        -       B->Y    R     AND2x2_ASAP7_75t_R           2  3.1    32    56     434    (-,-) 
  u_core/IF_add_339_31_g749/Y        -       B->Y    R     AND2x2_ASAP7_75t_R           2  3.2    32    43     477    (-,-) 
  u_core/IF_add_339_31_g742/Y        -       B->Y    F     NAND2xp5_ASAP7_75t_R         2  3.5    74    46     523    (-,-) 
  u_core/IF_add_339_31_g739/Y        -       B->Y    F     OA21x2_ASAP7_75t_R           2  2.9    26    51     574    (-,-) 
  u_core/g140263/Y                   -       A1->Y   F     AO22x1_ASAP7_75t_R           4  6.0    68    73     647    (-,-) 
  u_icache/g55414/Y                  -       B->Y    F     AND2x2_ASAP7_75t_R           1  2.4    22    52     699    (-,-) 
  u_icache/g55399/Y                  -       A->Y    F     OR2x6_ASAP7_75t_R           17 29.9    63    72     771    (-,-) 
  u_icache/g12396/Y                  -       A->Y    R     INVx5_ASAP7_75t_R           17 29.6    95    65     836    (-,-) 
  u_icache/g12262/Y                  -       B->Y    R     OR2x2_ASAP7_75t_R            1  3.7    35    60     895    (-,-) 
  u_icache/g12256/Y                  -       A->Y    F     INVx4_ASAP7_75t_R           16 20.3    55    40     935    (-,-) 
  u_icache/g11869/Y                  -       B->Y    F     AND2x2_ASAP7_75t_R           3  4.4    31    54     990    (-,-) 
  u_icache/g4092/Y                   -       A2->Y   R     AOI22xp5_ASAP7_75t_R         1  1.9    76    43    1033    (-,-) 
  u_icache/g3587/Y                   -       C->Y    F     NAND4xp25_ASAP7_75t_R        1  2.0    97    64    1097    (-,-) 
  u_icache/g3460/Y                   -       A->Y    F     OR2x2_ASAP7_75t_R            1  2.0    23    56    1154    (-,-) 
  u_icache/g4101/Y                   -       E->Y    F     OR5x1_ASAP7_75t_R            1  2.5    46    90    1243    (-,-) 
  u_icache/g3419/Y                   -       B->Y    R     NOR2x1_ASAP7_75t_R           1  2.9    54    39    1282    (-,-) 
  u_icache/g3413/Y                   -       C->Y    F     NAND4xp75_ASAP7_75t_R        1  2.0    47    38    1320    (-,-) 
  u_icache/g59232/Y                  -       A->Y    F     AND3x2_ASAP7_75t_R           3  6.3    38    52    1371    (-,-) 
  u_icache/g59229/Y                  -       B->Y    F     AND2x4_ASAP7_75t_R          15 19.1    55    60    1432    (-,-) 
  u_icache/g75464/Y                  -       A1->Y   R     AOI22xp5_ASAP7_75t_R         1  2.0    78    51    1483    (-,-) 
  u_icache/g59179/Y                  -       B->Y    F     OAI21xp5_ASAP7_75t_R         1  2.0    59    44    1527    (-,-) 
  g200544/Y                          -       B2->Y   F     AO22x2_ASAP7_75t_R           2  3.2    28    60    1587    (-,-) 
  u_core/g234326/Y                   -       B->Y    F     AND2x2_ASAP7_75t_R           2  4.1    29    45    1632    (-,-) 
  u_core/g233792/Y                   -       B->Y    R     NAND2x1p5_ASAP7_75t_R        3  4.6    52    34    1666    (-,-) 
  u_core/g233607/Y                   -       A->Y    R     OR2x6_ASAP7_75t_R            6 12.7    40    56    1721    (-,-) 
  u_core/g233533/Y                   -       A->Y    F     INVx3_ASAP7_75t_R            1  2.5    18    18    1740    (-,-) 
  u_core/g232416/Y                   -       A1->Y   R     OAI21x1_ASAP7_75t_R          1  2.4    55    30    1770    (-,-) 
  u_core/g232072/Y                   -       B->Y    R     AND2x4_ASAP7_75t_R           4  6.5    32    48    1818    (-,-) 
  u_core/g230829/Y                   -       B->Y    F     NAND2x1p5_ASAP7_75t_R        3  5.5    44    32    1849    (-,-) 
  u_core/g230217/Y                   -       A->Y    R     INVx3_ASAP7_75t_R            3  5.7    38    31    1880    (-,-) 
  u_core/g230058/Y                   -       B->Y    F     NAND2x1p5_ASAP7_75t_R        3  4.7    42    31    1911    (-,-) 
  u_core/g229409/Y                   -       A->Y    R     INVxp67_ASAP7_75t_R          1  2.1    54    39    1950    (-,-) 
  u_core/g228404/Y                   -       A->Y    R     AND4x2_ASAP7_75t_R           9 11.8    98   102    2052    (-,-) 
  u_core/g228150/Y                   -       A->Y    R     BUFx3_ASAP7_75t_R           10 12.9    68    73    2126    (-,-) 
  u_core/g227049/Y                   -       C1->Y   F     AOI222xp33_ASAP7_75t_L       1  1.8    73    49    2175    (-,-) 
  u_core/drc267901/Y                 -       A->Y    F     HB1xp67_ASAP7_75t_R          1  1.8    35    58    2233    (-,-) 
  u_core/drc266642/Y                 -       A->Y    F     HB1xp67_ASAP7_75t_L          1  1.9    29    38    2271    (-,-) 
  u_core/g226610/Y                   -       A->Y    F     AND2x2_ASAP7_75t_R           1  1.9    19    40    2310    (-,-) 
  u_core/g225245/Y                   -       C->Y    F     OA211x2_ASAP7_75t_R          1  2.0    28    62    2373    (-,-) 
  u_core/IF_ID_if_id_instr_reg[25]/D -       -       F     DFFASRHQNx1_ASAP7_75t_R      1    -     -     0    2373    (-,-) 
#---------------------------------------------------------------------------------------------------------------------------



Path 25: MET (4 ps) Setup Check with Pin u_core/EX_MEM_ex_mem_alu_result_reg[21]/CLK->D
           View: view_ss
          Group: CLK_CPU
     Startpoint: (R) u_core/EX_MEM_ex_mem_alu_result_reg[0]/CLK
          Clock: (R) CLK_CPU
       Endpoint: (R) u_core/EX_MEM_ex_mem_alu_result_reg[21]/D
          Clock: (R) CLK_CPU

                     Capture       Launch     
        Clock Edge:+    2500            0     
       Src Latency:+       0            0     
       Net Latency:+       0 (I)        0 (I) 
           Arrival:=    2500            0     
                                              
             Setup:-      18                  
       Uncertainty:-     125                  
     Required Time:=    2357                  
      Launch Clock:-       0                  
         Data Path:-    2353                  
             Slack:=       4                  

#---------------------------------------------------------------------------------------------------------------------------------
#               Timing Point                 Flags    Arc    Edge         Cell           Fanout Load Trans Delay Arrival Instance 
#                                                                                               (fF)  (ps)  (ps)   (ps)  Location 
#---------------------------------------------------------------------------------------------------------------------------------
  u_core/EX_MEM_ex_mem_alu_result_reg[0]/CLK -       -       R     (arrival)               8138    -    40     0       0    (-,-) 
  u_core/EX_MEM_ex_mem_alu_result_reg[0]/QN  -       CLK->QN F     DFFHQNx3_ASAP7_75t_R       9 12.0    87   154     154    (-,-) 
  u_core/drc_bufs240529/Y                    -       A->Y    R     INVxp67_ASAP7_75t_R        1  3.1    84    65     219    (-,-) 
  u_core/drc_bufs240527/Y                    -       A->Y    F     INVx3_ASAP7_75t_R         13 16.8    71    60     280    (-,-) 
  u_dcache/g87638/Y                          -       A->Y    R     XNOR2x2_ASAP7_75t_R        8 10.0    79    86     365    (-,-) 
  u_dcache/g87459/Y                          -       A->Y    F     NAND2xp5_ASAP7_75t_R       2  3.2    71    54     419    (-,-) 
  u_dcache/g2/Y                              -       E->Y    F     OR5x1_ASAP7_75t_R          2  3.3    53   102     521    (-,-) 
  u_dcache/g86492/Y                          -       A->Y    F     OR4x1_ASAP7_75t_R          2  3.2    48    79     600    (-,-) 
  u_dcache/g86297/Y                          -       A->Y    R     NOR3xp33_ASAP7_75t_R       1  1.8    97    59     658    (-,-) 
  u_dcache/drc_bufs94441/Y                   -       A->Y    F     INVxp33_ASAP7_75t_R        1  1.9    76    66     724    (-,-) 
  u_dcache/drc_bufs94440/Y                   -       A->Y    R     INVxp67_ASAP7_75t_R        1  2.0    61    49     773    (-,-) 
  g89502/Y                                   -       B->Y    R     AND2x2_ASAP7_75t_R         1  2.4    27    48     821    (-,-) 
  u_core/g139955/Y                           -       B->Y    F     NAND2x1_ASAP7_75t_R        3  4.8    58    35     856    (-,-) 
  u_core/g3/Y                                -       A->Y    R     NAND3xp33_ASAP7_75t_R      1  2.0    63    46     902    (-,-) 
  u_core/g237388/Y                           -       A->Y    R     OR2x2_ASAP7_75t_R          8 10.7    82    77     979    (-,-) 
  u_core/MEM/g4622/Y                         -       B->Y    R     OR2x2_ASAP7_75t_R          2  3.2    31    55    1034    (-,-) 
  u_core/MEM/g4615/Y                         -       A2->Y   F     OAI22xp5_ASAP7_75t_R       1  2.0    59    35    1069    (-,-) 
  u_core/MEM/drc_bufs7702/Y                  -       A->Y    F     BUFx2_ASAP7_75t_R          3  4.4    30    54    1123    (-,-) 
  g89656/Y                                   -       B->Y    F     AND2x2_ASAP7_75t_R         5  6.6    41    52    1176    (-,-) 
  u_dcache/g63532/Y                          -       B->Y    F     OR2x2_ASAP7_75t_R          3  4.5    33    55    1231    (-,-) 
  u_dcache/g90386/Y                          -       C->Y    R     NAND3xp33_ASAP7_75t_R      1  2.0    61    40    1270    (-,-) 
  u_dcache/g90385/Y                          -       A->Y    F     NAND3xp33_ASAP7_75t_R      1  2.0    75    52    1322    (-,-) 
  u_dcache/g65289/Y                          -       B->Y    F     AO21x1_ASAP7_75t_R         1  2.0    29    54    1376    (-,-) 
  g200938/Y                                  -       B->Y    F     AND2x2_ASAP7_75t_R         1  2.0    20    39    1415    (-,-) 
  g200450/Y                                  -       A->Y    F     OR2x2_ASAP7_75t_R          9 13.1    74    72    1487    (-,-) 
  u_core/g234204/Y                           -       B->Y    F     OR2x2_ASAP7_75t_R          3  5.5    39    67    1554    (-,-) 
  u_core/g233987/Y                           -       B->Y    R     OAI21x1_ASAP7_75t_R        2  3.1    68    28    1582    (-,-) 
  u_core/g265909/Y                           -       B->Y    R     AO21x2_ASAP7_75t_R         5  8.3    67    64    1646    (-,-) 
  u_core/g233124/Y                           -       B->Y    F     NOR2x1p5_ASAP7_75t_R       5  7.9    60    52    1698    (-,-) 
  u_core/g232864/Y                           -       A->Y    R     INVx1_ASAP7_75t_R          1  2.0    44    36    1735    (-,-) 
  u_core/g232542/Y                           -       B->Y    R     OR2x2_ASAP7_75t_R          2  4.7    40    50    1785    (-,-) 
  u_core/g232274/Y                           -       A->Y    F     INVx2_ASAP7_75t_R          5  7.5    43    36    1821    (-,-) 
  u_core/g232081/Y                           -       B->Y    F     OA21x2_ASAP7_75t_R         9 11.7    68    65    1886    (-,-) 
  u_core/drc_bufs240298/Y                    -       A->Y    R     INVxp67_ASAP7_75t_R        1  2.6    70    54    1940    (-,-) 
  u_core/drc_bufs240296/Y                    -       A->Y    F     INVx2_ASAP7_75t_R          8 11.2    67    56    1996    (-,-) 
  u_core/g265278/Y                           -       A2->Y   F     AO222x2_ASAP7_75t_R        1  1.8    28    80    2076    (-,-) 
  u_core/drc_bufs250155/Y                    -       A->Y    R     INVxp33_ASAP7_75t_R        1  2.0    91    53    2129    (-,-) 
  u_core/g224831/Y                           -       A->Y    F     NAND4xp25_ASAP7_75t_R      1  1.8    94    67    2196    (-,-) 
  u_core/drc268377/Y                         -       A->Y    F     HB1xp67_ASAP7_75t_L        1  2.0    33    48    2245    (-,-) 
  u_core/g224649/Y                           -       C->Y    R     AOI211xp5_ASAP7_75t_L      1  1.9    86    45    2290    (-,-) 
  u_core/drc_bufs266616/Y                    -       A->Y    F     INVxp67_ASAP7_75t_L        1  1.9    44    32    2322    (-,-) 
  u_core/drc_bufs266615/Y                    -       A->Y    R     INVxp67_ASAP7_75t_L        1  2.0    46    31    2353    (-,-) 
  u_core/EX_MEM_ex_mem_alu_result_reg[21]/D  -       -       R     DFFHQNx2_ASAP7_75t_R       1    -     -     0    2353    (-,-) 
#---------------------------------------------------------------------------------------------------------------------------------



Path 26: MET (4 ps) Setup Check with Pin u_core/IF_ID_if_id_instr_reg[28]/CLK->D
           View: view_ss
          Group: CLK_CPU
     Startpoint: (R) u_core/pc_reg_reg[3]/CLK
          Clock: (R) CLK_CPU
       Endpoint: (R) u_core/IF_ID_if_id_instr_reg[28]/D
          Clock: (R) CLK_CPU

                     Capture       Launch     
        Clock Edge:+    2500            0     
       Src Latency:+       0            0     
       Net Latency:+       0 (I)        0 (I) 
           Arrival:=    2500            0     
                                              
             Setup:-      28                  
       Uncertainty:-     125                  
     Required Time:=    2347                  
      Launch Clock:-       0                  
         Data Path:-    2343                  
             Slack:=       4                  

#---------------------------------------------------------------------------------------------------------------------------
#           Timing Point             Flags    Arc    Edge          Cell            Fanout Load Trans Delay Arrival Instance 
#                                                                                         (fF)  (ps)  (ps)   (ps)  Location 
#---------------------------------------------------------------------------------------------------------------------------
  u_core/pc_reg_reg[3]/CLK           -       -       R     (arrival)                 8138    -    40     0       0    (-,-) 
  u_core/pc_reg_reg[3]/QN            -       CLK->QN R     DFFASRHQNx1_ASAP7_75t_R      1  2.1    51   102     102    (-,-) 
  u_core/drc_bufs245642/Y            -       A->Y    R     BUFx3_ASAP7_75t_R            4  6.1    36    48     150    (-,-) 
  u_core/IF_add_339_31_g781/Y        -       B->Y    R     AND2x2_ASAP7_75t_R           3  4.9    44    50     200    (-,-) 
  u_core/g265914/Y                   -       A->Y    R     AND3x4_ASAP7_75t_R           3  4.8    30    52     253    (-,-) 
  u_core/g265913/Y                   -       C->Y    R     AND3x4_ASAP7_75t_R           3  4.8    30    51     303    (-,-) 
  u_core/IF_add_339_31_g2/Y          -       C->Y    R     AND3x1_ASAP7_75t_R           4  5.7    89    74     377    (-,-) 
  u_core/IF_add_339_31_g757/Y        -       B->Y    R     AND2x2_ASAP7_75t_R           2  3.1    32    56     434    (-,-) 
  u_core/IF_add_339_31_g749/Y        -       B->Y    R     AND2x2_ASAP7_75t_R           2  3.2    32    43     477    (-,-) 
  u_core/IF_add_339_31_g742/Y        -       B->Y    F     NAND2xp5_ASAP7_75t_R         2  3.5    74    46     523    (-,-) 
  u_core/IF_add_339_31_g739/Y        -       B->Y    F     OA21x2_ASAP7_75t_R           2  2.9    26    51     574    (-,-) 
  u_core/g140263/Y                   -       A1->Y   F     AO22x1_ASAP7_75t_R           4  6.0    68    73     647    (-,-) 
  u_icache/g55414/Y                  -       B->Y    F     AND2x2_ASAP7_75t_R           1  2.4    22    52     699    (-,-) 
  u_icache/g55399/Y                  -       A->Y    F     OR2x6_ASAP7_75t_R           17 29.9    63    72     771    (-,-) 
  u_icache/g12396/Y                  -       A->Y    R     INVx5_ASAP7_75t_R           17 29.6    95    65     836    (-,-) 
  u_icache/g12262/Y                  -       B->Y    R     OR2x2_ASAP7_75t_R            1  3.7    35    60     895    (-,-) 
  u_icache/g12256/Y                  -       A->Y    F     INVx4_ASAP7_75t_R           16 20.3    55    40     935    (-,-) 
  u_icache/g11869/Y                  -       B->Y    F     AND2x2_ASAP7_75t_R           3  4.4    31    54     990    (-,-) 
  u_icache/g4092/Y                   -       A2->Y   R     AOI22xp5_ASAP7_75t_R         1  1.9    76    43    1033    (-,-) 
  u_icache/g3587/Y                   -       C->Y    F     NAND4xp25_ASAP7_75t_R        1  2.0    97    64    1097    (-,-) 
  u_icache/g3460/Y                   -       A->Y    F     OR2x2_ASAP7_75t_R            1  2.0    23    56    1154    (-,-) 
  u_icache/g4101/Y                   -       E->Y    F     OR5x1_ASAP7_75t_R            1  2.5    46    90    1243    (-,-) 
  u_icache/g3419/Y                   -       B->Y    R     NOR2x1_ASAP7_75t_R           1  2.9    54    39    1282    (-,-) 
  u_icache/g3413/Y                   -       C->Y    F     NAND4xp75_ASAP7_75t_R        1  2.0    47    38    1320    (-,-) 
  u_icache/g59232/Y                  -       A->Y    F     AND3x2_ASAP7_75t_R           3  6.3    38    52    1371    (-,-) 
  u_icache/g59231/Y                  -       A->Y    R     INVx2_ASAP7_75t_R            1  2.4    27    23    1394    (-,-) 
  u_icache/g59219/Y                  -       B->Y    F     NAND2x1_ASAP7_75t_R          1  2.4    37    24    1418    (-,-) 
  u_icache/g59218/Y                  -       B->Y    F     OR2x6_ASAP7_75t_R            3  7.8    27    54    1472    (-,-) 
  u_icache/g59214/Y                  -       A->Y    R     INVx4_ASAP7_75t_R           14 17.9    68    42    1514    (-,-) 
  u_icache/g75466/Y                  -       A2->Y   R     AO222x2_ASAP7_75t_R          1  2.0    26    56    1570    (-,-) 
  g200543/Y                          -       B2->Y   R     AO22x2_ASAP7_75t_R           3  5.1    46    51    1621    (-,-) 
  u_core/g233792/Y                   -       A->Y    F     NAND2x1p5_ASAP7_75t_R        3  4.6    38    31    1652    (-,-) 
  u_core/g233607/Y                   -       A->Y    F     OR2x6_ASAP7_75t_R            6 12.7    36    61    1713    (-,-) 
  u_core/g233533/Y                   -       A->Y    R     INVx3_ASAP7_75t_R            1  2.5    22    19    1733    (-,-) 
  u_core/g232416/Y                   -       A1->Y   F     OAI21x1_ASAP7_75t_R          1  2.4    44    23    1755    (-,-) 
  u_core/g232072/Y                   -       B->Y    F     AND2x4_ASAP7_75t_R           4  6.5    25    46    1801    (-,-) 
  u_core/g230829/Y                   -       B->Y    R     NAND2x1p5_ASAP7_75t_R        3  5.5    59    36    1837    (-,-) 
  u_core/g230217/Y                   -       A->Y    F     INVx3_ASAP7_75t_R            3  5.7    33    31    1868    (-,-) 
  u_core/g230058/Y                   -       B->Y    R     NAND2x1p5_ASAP7_75t_R        3  4.7    55    36    1904    (-,-) 
  u_core/g228385/Y                   -       A->Y    R     OR2x6_ASAP7_75t_R            3  5.9    24    48    1952    (-,-) 
  u_core/g228133/Y                   -       A->Y    F     INVx3_ASAP7_75t_R            2  4.0    19    18    1970    (-,-) 
  u_core/g228119/Y                   -       B->Y    F     AND2x4_ASAP7_75t_R           9 12.7    39    46    2016    (-,-) 
  u_core/g227366/Y                   -       B->Y    F     AND2x2_ASAP7_75t_R           2  3.2    25    46    2062    (-,-) 
  u_core/g226932/Y                   -       B->Y    R     NAND2xp67_ASAP7_75t_R        2  3.6    92    50    2112    (-,-) 
  u_core/g226707/Y                   -       A->Y    R     OR2x6_ASAP7_75t_R            9 11.6    38    66    2178    (-,-) 
  u_core/g226527/Y                   -       B->Y    R     AND2x2_ASAP7_75t_R           3  4.5    41    50    2228    (-,-) 
  u_core/g225778/Y                   -       A2->Y   R     OA21x2_ASAP7_75t_R           3  4.5    42    52    2280    (-,-) 
  u_core/g225561/Y                   -       A->Y    F     INVx1_ASAP7_75t_R            1  2.2    31    28    2308    (-,-) 
  u_core/g225244/Y                   -       B->Y    R     NOR2xp67_ASAP7_75t_R         1  2.0    52    35    2343    (-,-) 
  u_core/IF_ID_if_id_instr_reg[28]/D -       -       R     DFFASRHQNx1_ASAP7_75t_R      1    -     -     0    2343    (-,-) 
#---------------------------------------------------------------------------------------------------------------------------



Path 27: MET (5 ps) Setup Check with Pin u_core/EX_gen_muldiv.MUL_md_result_reg_reg[27]/CLK->D
           View: view_ss
          Group: CLK_CPU
     Startpoint: (R) u_core/EX_gen_muldiv.MUL_counter_reg[5]/CLK
          Clock: (R) CLK_CPU
       Endpoint: (R) u_core/EX_gen_muldiv.MUL_md_result_reg_reg[27]/D
          Clock: (R) CLK_CPU

                     Capture       Launch     
        Clock Edge:+    2500            0     
       Src Latency:+       0            0     
       Net Latency:+       0 (I)        0 (I) 
           Arrival:=    2500            0     
                                              
             Setup:-      33                  
       Uncertainty:-     125                  
     Required Time:=    2342                  
      Launch Clock:-       0                  
         Data Path:-    2337                  
             Slack:=       5                  

#-----------------------------------------------------------------------------------------------------------------------------------------
#                  Timing Point                    Flags    Arc    Edge          Cell            Fanout Load Trans Delay Arrival Instance 
#                                                                                                       (fF)  (ps)  (ps)   (ps)  Location 
#-----------------------------------------------------------------------------------------------------------------------------------------
  u_core/EX_gen_muldiv.MUL_counter_reg[5]/CLK      -       -       R     (arrival)                 8138    -    40     0       0    (-,-) 
  u_core/EX_gen_muldiv.MUL_counter_reg[5]/QN       -       CLK->QN F     DFFASRHQNx1_ASAP7_75t_R      1  2.6    57   114     114    (-,-) 
  u_core/g235714/Y                                 -       A->Y    F     BUFx6f_ASAP7_75t_R           7 13.3    30    51     164    (-,-) 
  u_core/g140667/Y                                 -       A->Y    R     INVx4_ASAP7_75t_R           10 15.8    61    40     204    (-,-) 
  u_core/g140523/Y                                 -       B->Y    R     AND2x4_ASAP7_75t_R          15 19.1    75    71     275    (-,-) 
  u_core/g140073/Y                                 -       B->Y    R     AND2x2_ASAP7_75t_R           2  3.1    32    54     328    (-,-) 
  u_core/WALLACE_CSA_DUMMY_OP_groupi_g7680/Y       -       B->Y    R     AND2x2_ASAP7_75t_R           3  5.7    49    52     380    (-,-) 
  u_core/WALLACE_CSA_DUMMY_OP_groupi_g7679/Y       -       A->Y    F     INVxp67_ASAP7_75t_R          1  1.9    39    34     415    (-,-) 
  u_core/WALLACE_CSA_DUMMY_OP_groupi_g7578/Y       -       B->Y    R     OAI21xp33_ASAP7_75t_R        1  1.9    96    38     453    (-,-) 
  u_core/drc_bufs251651/Y                          -       A->Y    F     INVxp67_ASAP7_75t_R          1  1.9    51    47     500    (-,-) 
  u_core/drc_bufs251649/Y                          -       A->Y    R     INVxp67_ASAP7_75t_R          2  3.4    81    55     555    (-,-) 
  u_core/WALLACE_CSA_DUMMY_OP_groupi_g7262/Y       -       A->Y    F     NOR2xp67_ASAP7_75t_R         2  4.0    78    68     623    (-,-) 
  u_core/WALLACE_CSA_DUMMY_OP_groupi_g255642/Y     -       B->Y    R     AOI21x1_ASAP7_75t_R          3  5.2    94    67     689    (-,-) 
  u_core/WALLACE_CSA_DUMMY_OP_groupi_g7086_dup/Y   -       A2->Y   F     OAI21xp5_ASAP7_75t_R         1  2.0    60    51     741    (-,-) 
  u_core/WALLACE_CSA_DUMMY_OP_groupi_g255647/Y     -       A1->Y   F     AO21x1_ASAP7_75t_R           2  4.1    48    63     804    (-,-) 
  u_core/WALLACE_CSA_DUMMY_OP_groupi_g6778/Y       -       A2->Y   F     AO21x1_ASAP7_75t_R           2  4.1    48    59     863    (-,-) 
  u_core/WALLACE_CSA_DUMMY_OP_groupi_g6769/Y       -       A2->Y   F     AO21x1_ASAP7_75t_R           3  5.3    59    65     928    (-,-) 
  u_core/WALLACE_CSA_DUMMY_OP_groupi_g6759/Y       -       B->Y    R     NAND2xp5_ASAP7_75t_R         2  3.2    81    58     985    (-,-) 
  u_core/WALLACE_CSA_DUMMY_OP_groupi_g250508/Y     -       B->Y    F     NAND2xp5_ASAP7_75t_R         1  2.4    62    52    1037    (-,-) 
  u_core/g264909/Y                                 -       B->Y    R     XNOR2xp5_ASAP7_75t_R         1  1.9    76    54    1091    (-,-) 
  u_core/drc_bufs244017/Y                          -       A->Y    F     INVxp67_ASAP7_75t_R          3  4.3    76    63    1153    (-,-) 
  u_core/EX_gen_muldiv.MUL_minus_198_42_g1381/Y    -       C->Y    F     OR4x1_ASAP7_75t_R            1  1.9    36    78    1231    (-,-) 
  u_core/EX_gen_muldiv.MUL_minus_198_42_g1380/Y    -       B->Y    F     OR5x1_ASAP7_75t_R            1  1.9    39    80    1310    (-,-) 
  u_core/EX_gen_muldiv.MUL_minus_198_42_g1405/Y    -       B->Y    F     OR5x1_ASAP7_75t_R            1  2.0    40    81    1391    (-,-) 
  u_core/EX_gen_muldiv.MUL_minus_198_42_g2/Y       -       D->Y    F     OR4x1_ASAP7_75t_R            1  2.5    41    77    1468    (-,-) 
  u_core/EX_gen_muldiv.MUL_minus_198_42_g1375/Y    -       B->Y    R     NOR2x1_ASAP7_75t_R           1  2.0    44    31    1499    (-,-) 
  u_core/EX_gen_muldiv.MUL_minus_198_42_g1374/Y    -       B->Y    F     NAND2xp5_ASAP7_75t_R         1  2.0    47    37    1536    (-,-) 
  u_core/g265912/Y                                 -       A->Y    F     OR5x2_ASAP7_75t_R            4  6.2    59   105    1641    (-,-) 
  u_core/EX_gen_muldiv.MUL_minus_198_42_g1367/Y    -       A->Y    R     NOR2x1_ASAP7_75t_R           1  2.9    55    42    1682    (-,-) 
  u_core/EX_gen_muldiv.MUL_minus_198_42_g1361/Y    -       D->Y    F     NAND4xp75_ASAP7_75t_R        2  4.1    74    50    1732    (-,-) 
  u_core/EX_gen_muldiv.MUL_minus_198_42_g1353/Y    -       B->Y    R     NOR2x1p5_ASAP7_75t_R         5  7.6    89    62    1794    (-,-) 
  u_core/EX_gen_muldiv.MUL_minus_198_42_g1346/Y    -       A->Y    R     AND3x4_ASAP7_75t_R           3  6.1    36    66    1860    (-,-) 
  u_core/EX_gen_muldiv.MUL_minus_198_42_g1342/Y    -       B->Y    F     NAND2x2_ASAP7_75t_R          2  4.6    36    26    1886    (-,-) 
  u_core/EX_gen_muldiv.MUL_minus_198_42_g1339/Y    -       B->Y    R     NOR2x2_ASAP7_75t_R           3  4.6    44    32    1918    (-,-) 
  u_core/EX_gen_muldiv.MUL_minus_198_42_g1336/Y    -       B->Y    R     AND2x4_ASAP7_75t_R           3  5.1    27    43    1961    (-,-) 
  u_core/EX_gen_muldiv.MUL_minus_198_42_g1334/Y    -       B->Y    R     AND2x4_ASAP7_75t_R           2  3.5    21    35    1996    (-,-) 
  u_core/EX_gen_muldiv.MUL_minus_198_42_g1331/Y    -       B->Y    R     AND2x4_ASAP7_75t_R           3  4.3    24    35    2031    (-,-) 
  u_core/EX_gen_muldiv.MUL_minus_198_42_g3/Y       -       B->Y    F     NAND2xp5_ASAP7_75t_R         1  2.7    62    36    2067    (-,-) 
  u_core/EX_gen_muldiv.MUL_minus_198_42_g1407/Y    -       A->Y    R     NOR3x1_ASAP7_75t_R           2  4.7    85    55    2122    (-,-) 
  u_core/EX_gen_muldiv.MUL_minus_198_42_g1320/Y    -       A->Y    F     INVx2_ASAP7_75t_R            3  4.9    44    40    2163    (-,-) 
  u_core/EX_gen_muldiv.MUL_minus_198_42_g1314/Y    -       A->Y    F     OR2x6_ASAP7_75t_R            2  4.0    20    52    2214    (-,-) 
  u_core/EX_gen_muldiv.MUL_minus_198_42_g1310/Y    -       B->Y    R     NOR2x1p5_ASAP7_75t_R         2  3.4    45    27    2241    (-,-) 
  u_core/g265857/Y                                 -       B->Y    F     XNOR2xp5_ASAP7_75t_R         1  1.9    51    36    2277    (-,-) 
  u_core/g227451/Y                                 -       A1->Y   R     AOI21xp33_ASAP7_75t_R        1  2.0   100    60    2337    (-,-) 
  u_core/EX_gen_muldiv.MUL_md_result_reg_reg[27]/D -       -       R     DFFASRHQNx1_ASAP7_75t_R      1    -     -     0    2337    (-,-) 
#-----------------------------------------------------------------------------------------------------------------------------------------



Path 28: MET (5 ps) Setup Check with Pin u_core/EX_gen_muldiv.DIV_remainder_reg[29]/CLK->D
           View: view_ss
          Group: CLK_CPU
     Startpoint: (R) u_core/EX_gen_muldiv.DIV_mask_reg[27]/CLK
          Clock: (R) CLK_CPU
       Endpoint: (R) u_core/EX_gen_muldiv.DIV_remainder_reg[29]/D
          Clock: (R) CLK_CPU

                     Capture       Launch     
        Clock Edge:+    2500            0     
       Src Latency:+       0            0     
       Net Latency:+       0 (I)        0 (I) 
           Arrival:=    2500            0     
                                              
             Setup:-      30                  
       Uncertainty:-     125                  
     Required Time:=    2344                  
      Launch Clock:-       0                  
         Data Path:-    2340                  
             Slack:=       5                  

#-------------------------------------------------------------------------------------------------------------------------------------
#                Timing Point                  Flags    Arc    Edge          Cell            Fanout Load Trans Delay Arrival Instance 
#                                                                                                   (fF)  (ps)  (ps)   (ps)  Location 
#-------------------------------------------------------------------------------------------------------------------------------------
  u_core/EX_gen_muldiv.DIV_mask_reg[27]/CLK    -       -       R     (arrival)                 8138    -    40     0       0    (-,-) 
  u_core/EX_gen_muldiv.DIV_mask_reg[27]/QN     -       CLK->QN F     DFFASRHQNx1_ASAP7_75t_R      1  2.0    51   108     108    (-,-) 
  u_core/drc_bufs242269/Y                      -       A->Y    F     BUFx2_ASAP7_75t_R            7  9.6    54    65     173    (-,-) 
  u_core/g233952/Y                             -       A2->Y   R     AOI22xp5_ASAP7_75t_R         1  2.9    99    62     235    (-,-) 
  u_core/g232951/Y                             -       B->Y    F     NAND4xp75_ASAP7_75t_R        1  3.4    69    55     290    (-,-) 
  u_core/g232512/Y                             -       B->Y    R     NOR2x2_ASAP7_75t_R           3  4.8    54    40     330    (-,-) 
  u_core/g232074/Y                             -       B->Y    R     AND2x2_ASAP7_75t_R           2  3.3    32    50     380    (-,-) 
  u_core/g230390/Y                             -       B->Y    F     NAND2xp5_ASAP7_75t_R         1  2.5    53    38     417    (-,-) 
  u_core/g228320/Y                             -       A1->Y   F     AO31x2_ASAP7_75t_R           2  4.0    28    45     462    (-,-) 
  u_core/g227612/Y                             -       A1->Y   R     AOI21x1_ASAP7_75t_R          3  4.5    83    45     507    (-,-) 
  u_core/g226816/Y                             -       A2->Y   R     OA21x2_ASAP7_75t_R           2  3.5    35    59     566    (-,-) 
  u_core/g226479/Y                             -       A2->Y   R     OA21x2_ASAP7_75t_R           2  3.6    36    47     613    (-,-) 
  u_core/g225318/Y                             -       A2->Y   R     OA21x2_ASAP7_75t_R           2  4.0    38    49     662    (-,-) 
  u_core/g225130/Y                             -       B->Y    F     NOR2x1_ASAP7_75t_R           2  3.4    58    36     698    (-,-) 
  u_core/g224944/Y                             -       A2->Y   F     AO21x2_ASAP7_75t_R           3  4.7    35    61     759    (-,-) 
  u_core/g237387/Y                             -       A2->Y   F     AO221x1_ASAP7_75t_R          2  3.1    43    67     826    (-,-) 
  u_core/g224641/Y                             -       A2->Y   F     AO21x2_ASAP7_75t_R           3  5.7    40    60     886    (-,-) 
  u_core/g224594/Y                             -       B->Y    R     NAND2x1p5_ASAP7_75t_R        2  4.1    46    36     922    (-,-) 
  u_core/g224558/Y                             -       A1->Y   F     OAI21x1_ASAP7_75t_R          1  2.9    48    31     953    (-,-) 
  u_core/g224540/Y                             -       B->Y    R     NAND2x1p5_ASAP7_75t_R        2  3.5    55    36     989    (-,-) 
  u_core/g224538/Y                             -       A->Y    F     INVxp67_ASAP7_75t_R          1  3.4    60    48    1037    (-,-) 
  u_core/g224520/Y                             -       B->Y    R     NAND2x2_ASAP7_75t_R          7  9.9    88    60    1097    (-,-) 
  u_core/g224504/Y                             -       A->Y    R     BUFx2_ASAP7_75t_R            8 10.5    80    79    1176    (-,-) 
  u_core/g237390/Y                             -       A2->Y   R     OA21x2_ASAP7_75t_R           4  5.9    51    67    1243    (-,-) 
  u_core/g224352/Y                             -       B->Y    F     NOR2xp67_ASAP7_75t_R         3  4.2    74    55    1298    (-,-) 
  u_core/g224217/Y                             -       A2->Y   R     AOI21xp5_ASAP7_75t_R         1  2.0    78    52    1350    (-,-) 
  u_core/g224176/Y                             -       A1->Y   R     OA21x2_ASAP7_75t_R           1  2.7    30    57    1407    (-,-) 
  u_core/g224131/Y                             -       B->Y    F     OAI21x1_ASAP7_75t_R          2  3.6    48    32    1440    (-,-) 
  u_core/g224124/Y                             -       B->Y    F     AND2x2_ASAP7_75t_R           2  3.7    28    50    1490    (-,-) 
  u_core/g224118/Y                             -       A1->Y   F     AO31x2_ASAP7_75t_R           3  5.3    34    44    1534    (-,-) 
  u_core/g224111/Y                             -       A1->Y   R     AOI21x1_ASAP7_75t_R          2  3.7    65    41    1574    (-,-) 
  u_core/g224108/Y                             -       A->Y    F     INVx1_ASAP7_75t_R            1  2.0    35    33    1607    (-,-) 
  u_core/g224101/Y                             -       A2->Y   F     AO21x1_ASAP7_75t_R           2  4.1    48    56    1663    (-,-) 
  u_core/g224098/Y                             -       A1->Y   R     AOI21x1_ASAP7_75t_R          2  4.0    78    46    1709    (-,-) 
  u_core/g224097/Y                             -       B->Y    F     NOR2x1_ASAP7_75t_R           2  3.4    51    49    1758    (-,-) 
  u_core/g224096/Y                             -       B->Y    R     NAND2x1_ASAP7_75t_R          2  3.2    63    45    1803    (-,-) 
  u_core/g224091/Y                             -       A2->Y   R     OA22x2_ASAP7_75t_R           4  5.8    50    64    1867    (-,-) 
  u_core/g224085/Y                             -       A2->Y   R     OA21x2_ASAP7_75t_R           4  6.6    56    62    1929    (-,-) 
  u_core/g224076/Y                             -       A1->Y   F     OAI21xp5_ASAP7_75t_R         1  1.8    55    40    1969    (-,-) 
  u_core/drc_bufs243114/Y                      -       A->Y    R     INVxp33_ASAP7_75t_R          1  2.1    99    65    2034    (-,-) 
  u_core/drc_bufs243113/Y                      -       A->Y    F     INVx1_ASAP7_75t_R            3  4.8    68    60    2095    (-,-) 
  u_core/g224064/Y                             -       A1->Y   R     AOI21xp5_ASAP7_75t_R         1  2.4    84    56    2150    (-,-) 
  u_core/g224054/Y                             -       B->Y    R     XOR2xp5_ASAP7_75t_R          1  2.0    75    67    2217    (-,-) 
  u_core/g224006/Y                             -       A2->Y   F     OAI222xp33_ASAP7_75t_R       1  2.0    87    65    2283    (-,-) 
  u_core/g223930/Y                             -       A2->Y   R     AOI22xp5_ASAP7_75t_R         1  2.0    78    57    2340    (-,-) 
  u_core/EX_gen_muldiv.DIV_remainder_reg[29]/D -       -       R     DFFASRHQNx1_ASAP7_75t_R      1    -     -     0    2340    (-,-) 
#-------------------------------------------------------------------------------------------------------------------------------------



Path 29: MET (5 ps) Setup Check with Pin u_core/EX_gen_muldiv.DIV_quotient_reg[30]/CLK->D
           View: view_ss
          Group: CLK_CPU
     Startpoint: (R) u_core/EX_gen_muldiv.DIV_mask_reg[27]/CLK
          Clock: (R) CLK_CPU
       Endpoint: (R) u_core/EX_gen_muldiv.DIV_quotient_reg[30]/D
          Clock: (R) CLK_CPU

                     Capture       Launch     
        Clock Edge:+    2500            0     
       Src Latency:+       0            0     
       Net Latency:+       0 (I)        0 (I) 
           Arrival:=    2500            0     
                                              
             Setup:-      31                  
       Uncertainty:-     125                  
     Required Time:=    2344                  
      Launch Clock:-       0                  
         Data Path:-    2339                  
             Slack:=       5                  

#------------------------------------------------------------------------------------------------------------------------------------
#                Timing Point                 Flags    Arc    Edge          Cell            Fanout Load Trans Delay Arrival Instance 
#                                                                                                  (fF)  (ps)  (ps)   (ps)  Location 
#------------------------------------------------------------------------------------------------------------------------------------
  u_core/EX_gen_muldiv.DIV_mask_reg[27]/CLK   -       -       R     (arrival)                 8138    -    40     0       0    (-,-) 
  u_core/EX_gen_muldiv.DIV_mask_reg[27]/QN    -       CLK->QN F     DFFASRHQNx1_ASAP7_75t_R      1  2.0    51   108     108    (-,-) 
  u_core/drc_bufs242269/Y                     -       A->Y    F     BUFx2_ASAP7_75t_R            7  9.6    54    65     173    (-,-) 
  u_core/g233952/Y                            -       A2->Y   R     AOI22xp5_ASAP7_75t_R         1  2.9    99    62     235    (-,-) 
  u_core/g232951/Y                            -       B->Y    F     NAND4xp75_ASAP7_75t_R        1  3.4    69    55     290    (-,-) 
  u_core/g232512/Y                            -       B->Y    R     NOR2x2_ASAP7_75t_R           3  4.8    54    40     330    (-,-) 
  u_core/g232074/Y                            -       B->Y    R     AND2x2_ASAP7_75t_R           2  3.3    32    50     380    (-,-) 
  u_core/g230390/Y                            -       B->Y    F     NAND2xp5_ASAP7_75t_R         1  2.5    53    38     417    (-,-) 
  u_core/g228320/Y                            -       A1->Y   F     AO31x2_ASAP7_75t_R           2  4.0    28    45     462    (-,-) 
  u_core/g227612/Y                            -       A1->Y   R     AOI21x1_ASAP7_75t_R          3  4.5    83    45     507    (-,-) 
  u_core/g226816/Y                            -       A2->Y   R     OA21x2_ASAP7_75t_R           2  3.5    35    59     566    (-,-) 
  u_core/g226479/Y                            -       A2->Y   R     OA21x2_ASAP7_75t_R           2  3.6    36    47     613    (-,-) 
  u_core/g225318/Y                            -       A2->Y   R     OA21x2_ASAP7_75t_R           2  4.0    38    49     662    (-,-) 
  u_core/g225130/Y                            -       B->Y    F     NOR2x1_ASAP7_75t_R           2  3.4    58    36     698    (-,-) 
  u_core/g224944/Y                            -       A2->Y   F     AO21x2_ASAP7_75t_R           3  4.7    35    61     759    (-,-) 
  u_core/g237387/Y                            -       A2->Y   F     AO221x1_ASAP7_75t_R          2  3.1    43    67     826    (-,-) 
  u_core/g224641/Y                            -       A2->Y   F     AO21x2_ASAP7_75t_R           3  5.7    40    60     886    (-,-) 
  u_core/g224594/Y                            -       B->Y    R     NAND2x1p5_ASAP7_75t_R        2  4.1    46    36     922    (-,-) 
  u_core/g224558/Y                            -       A1->Y   F     OAI21x1_ASAP7_75t_R          1  2.9    48    31     953    (-,-) 
  u_core/g224540/Y                            -       B->Y    R     NAND2x1p5_ASAP7_75t_R        2  3.5    55    36     989    (-,-) 
  u_core/g224538/Y                            -       A->Y    F     INVxp67_ASAP7_75t_R          1  3.4    60    48    1037    (-,-) 
  u_core/g224520/Y                            -       B->Y    R     NAND2x2_ASAP7_75t_R          7  9.9    88    60    1097    (-,-) 
  u_core/g224504/Y                            -       A->Y    R     BUFx2_ASAP7_75t_R            8 10.5    80    79    1176    (-,-) 
  u_core/g237390/Y                            -       A2->Y   R     OA21x2_ASAP7_75t_R           4  5.9    51    67    1243    (-,-) 
  u_core/g224352/Y                            -       B->Y    F     NOR2xp67_ASAP7_75t_R         3  4.2    74    55    1298    (-,-) 
  u_core/g224217/Y                            -       A2->Y   R     AOI21xp5_ASAP7_75t_R         1  2.0    78    52    1350    (-,-) 
  u_core/g224176/Y                            -       A1->Y   R     OA21x2_ASAP7_75t_R           1  2.7    30    57    1407    (-,-) 
  u_core/g224131/Y                            -       B->Y    F     OAI21x1_ASAP7_75t_R          2  3.6    48    32    1440    (-,-) 
  u_core/g224124/Y                            -       B->Y    F     AND2x2_ASAP7_75t_R           2  3.7    28    50    1490    (-,-) 
  u_core/g224118/Y                            -       A1->Y   F     AO31x2_ASAP7_75t_R           3  5.3    34    44    1534    (-,-) 
  u_core/g224111/Y                            -       A1->Y   R     AOI21x1_ASAP7_75t_R          2  3.7    65    41    1574    (-,-) 
  u_core/g224108/Y                            -       A->Y    F     INVx1_ASAP7_75t_R            1  2.0    35    33    1607    (-,-) 
  u_core/g224101/Y                            -       A2->Y   F     AO21x1_ASAP7_75t_R           2  4.1    48    56    1663    (-,-) 
  u_core/g224098/Y                            -       A1->Y   R     AOI21x1_ASAP7_75t_R          2  4.0    78    46    1709    (-,-) 
  u_core/g224097/Y                            -       B->Y    F     NOR2x1_ASAP7_75t_R           2  3.4    51    49    1758    (-,-) 
  u_core/g224096/Y                            -       B->Y    R     NAND2x1_ASAP7_75t_R          2  3.2    63    45    1803    (-,-) 
  u_core/g224091/Y                            -       A2->Y   R     OA22x2_ASAP7_75t_R           4  5.8    50    64    1867    (-,-) 
  u_core/g224085/Y                            -       A2->Y   R     OA21x2_ASAP7_75t_R           4  6.6    56    62    1929    (-,-) 
  u_core/g224083/Y                            -       A->Y    F     INVx1_ASAP7_75t_R            2  3.2    43    38    1967    (-,-) 
  u_core/g224081/Y                            -       B->Y    F     AND2x2_ASAP7_75t_R           1  2.0    19    44    2011    (-,-) 
  u_core/g224073/Y                            -       A2->Y   R     OAI21xp5_ASAP7_75t_R         1  2.1    70    41    2052    (-,-) 
  u_core/drc_bufs248528/Y                     -       A->Y    R     BUFx3_ASAP7_75t_R            2  3.3    24    46    2097    (-,-) 
  u_core/g265850/Y                            -       B->Y    R     OR2x4_ASAP7_75t_R            4  6.9    37    49    2147    (-,-) 
  u_core/g224061_dup/Y                        -       A->Y    R     BUFx10_ASAP7_75t_R          15 20.8    39    51    2198    (-,-) 
  u_core/g224059/Y                            -       A->Y    F     INVx4_ASAP7_75t_R           16 18.7    52    40    2238    (-,-) 
  u_core/g224051/Y                            -       A2->Y   F     AO22x1_ASAP7_75t_R           1  2.0    31    57    2294    (-,-) 
  u_core/g224004/Y                            -       A2->Y   R     AOI22xp5_ASAP7_75t_R         1  2.0    83    45    2339    (-,-) 
  u_core/EX_gen_muldiv.DIV_quotient_reg[30]/D -       -       R     DFFASRHQNx1_ASAP7_75t_R      1    -     -     0    2339    (-,-) 
#------------------------------------------------------------------------------------------------------------------------------------



Path 30: MET (5 ps) Setup Check with Pin u_core/EX_gen_muldiv.DIV_quotient_reg[28]/CLK->D
           View: view_ss
          Group: CLK_CPU
     Startpoint: (R) u_core/EX_gen_muldiv.DIV_mask_reg[27]/CLK
          Clock: (R) CLK_CPU
       Endpoint: (R) u_core/EX_gen_muldiv.DIV_quotient_reg[28]/D
          Clock: (R) CLK_CPU

                     Capture       Launch     
        Clock Edge:+    2500            0     
       Src Latency:+       0            0     
       Net Latency:+       0 (I)        0 (I) 
           Arrival:=    2500            0     
                                              
             Setup:-      31                  
       Uncertainty:-     125                  
     Required Time:=    2344                  
      Launch Clock:-       0                  
         Data Path:-    2339                  
             Slack:=       5                  

#------------------------------------------------------------------------------------------------------------------------------------
#                Timing Point                 Flags    Arc    Edge          Cell            Fanout Load Trans Delay Arrival Instance 
#                                                                                                  (fF)  (ps)  (ps)   (ps)  Location 
#------------------------------------------------------------------------------------------------------------------------------------
  u_core/EX_gen_muldiv.DIV_mask_reg[27]/CLK   -       -       R     (arrival)                 8138    -    40     0       0    (-,-) 
  u_core/EX_gen_muldiv.DIV_mask_reg[27]/QN    -       CLK->QN F     DFFASRHQNx1_ASAP7_75t_R      1  2.0    51   108     108    (-,-) 
  u_core/drc_bufs242269/Y                     -       A->Y    F     BUFx2_ASAP7_75t_R            7  9.6    54    65     173    (-,-) 
  u_core/g233952/Y                            -       A2->Y   R     AOI22xp5_ASAP7_75t_R         1  2.9    99    62     235    (-,-) 
  u_core/g232951/Y                            -       B->Y    F     NAND4xp75_ASAP7_75t_R        1  3.4    69    55     290    (-,-) 
  u_core/g232512/Y                            -       B->Y    R     NOR2x2_ASAP7_75t_R           3  4.8    54    40     330    (-,-) 
  u_core/g232074/Y                            -       B->Y    R     AND2x2_ASAP7_75t_R           2  3.3    32    50     380    (-,-) 
  u_core/g230390/Y                            -       B->Y    F     NAND2xp5_ASAP7_75t_R         1  2.5    53    38     417    (-,-) 
  u_core/g228320/Y                            -       A1->Y   F     AO31x2_ASAP7_75t_R           2  4.0    28    45     462    (-,-) 
  u_core/g227612/Y                            -       A1->Y   R     AOI21x1_ASAP7_75t_R          3  4.5    83    45     507    (-,-) 
  u_core/g226816/Y                            -       A2->Y   R     OA21x2_ASAP7_75t_R           2  3.5    35    59     566    (-,-) 
  u_core/g226479/Y                            -       A2->Y   R     OA21x2_ASAP7_75t_R           2  3.6    36    47     613    (-,-) 
  u_core/g225318/Y                            -       A2->Y   R     OA21x2_ASAP7_75t_R           2  4.0    38    49     662    (-,-) 
  u_core/g225130/Y                            -       B->Y    F     NOR2x1_ASAP7_75t_R           2  3.4    58    36     698    (-,-) 
  u_core/g224944/Y                            -       A2->Y   F     AO21x2_ASAP7_75t_R           3  4.7    35    61     759    (-,-) 
  u_core/g237387/Y                            -       A2->Y   F     AO221x1_ASAP7_75t_R          2  3.1    43    67     826    (-,-) 
  u_core/g224641/Y                            -       A2->Y   F     AO21x2_ASAP7_75t_R           3  5.7    40    60     886    (-,-) 
  u_core/g224594/Y                            -       B->Y    R     NAND2x1p5_ASAP7_75t_R        2  4.1    46    36     922    (-,-) 
  u_core/g224558/Y                            -       A1->Y   F     OAI21x1_ASAP7_75t_R          1  2.9    48    31     953    (-,-) 
  u_core/g224540/Y                            -       B->Y    R     NAND2x1p5_ASAP7_75t_R        2  3.5    55    36     989    (-,-) 
  u_core/g224538/Y                            -       A->Y    F     INVxp67_ASAP7_75t_R          1  3.4    60    48    1037    (-,-) 
  u_core/g224520/Y                            -       B->Y    R     NAND2x2_ASAP7_75t_R          7  9.9    88    60    1097    (-,-) 
  u_core/g224504/Y                            -       A->Y    R     BUFx2_ASAP7_75t_R            8 10.5    80    79    1176    (-,-) 
  u_core/g237390/Y                            -       A2->Y   R     OA21x2_ASAP7_75t_R           4  5.9    51    67    1243    (-,-) 
  u_core/g224352/Y                            -       B->Y    F     NOR2xp67_ASAP7_75t_R         3  4.2    74    55    1298    (-,-) 
  u_core/g224217/Y                            -       A2->Y   R     AOI21xp5_ASAP7_75t_R         1  2.0    78    52    1350    (-,-) 
  u_core/g224176/Y                            -       A1->Y   R     OA21x2_ASAP7_75t_R           1  2.7    30    57    1407    (-,-) 
  u_core/g224131/Y                            -       B->Y    F     OAI21x1_ASAP7_75t_R          2  3.6    48    32    1440    (-,-) 
  u_core/g224124/Y                            -       B->Y    F     AND2x2_ASAP7_75t_R           2  3.7    28    50    1490    (-,-) 
  u_core/g224118/Y                            -       A1->Y   F     AO31x2_ASAP7_75t_R           3  5.3    34    44    1534    (-,-) 
  u_core/g224111/Y                            -       A1->Y   R     AOI21x1_ASAP7_75t_R          2  3.7    65    41    1574    (-,-) 
  u_core/g224108/Y                            -       A->Y    F     INVx1_ASAP7_75t_R            1  2.0    35    33    1607    (-,-) 
  u_core/g224101/Y                            -       A2->Y   F     AO21x1_ASAP7_75t_R           2  4.1    48    56    1663    (-,-) 
  u_core/g224098/Y                            -       A1->Y   R     AOI21x1_ASAP7_75t_R          2  4.0    78    46    1709    (-,-) 
  u_core/g224097/Y                            -       B->Y    F     NOR2x1_ASAP7_75t_R           2  3.4    51    49    1758    (-,-) 
  u_core/g224096/Y                            -       B->Y    R     NAND2x1_ASAP7_75t_R          2  3.2    63    45    1803    (-,-) 
  u_core/g224091/Y                            -       A2->Y   R     OA22x2_ASAP7_75t_R           4  5.8    50    64    1867    (-,-) 
  u_core/g224085/Y                            -       A2->Y   R     OA21x2_ASAP7_75t_R           4  6.6    56    62    1929    (-,-) 
  u_core/g224083/Y                            -       A->Y    F     INVx1_ASAP7_75t_R            2  3.2    43    38    1967    (-,-) 
  u_core/g224081/Y                            -       B->Y    F     AND2x2_ASAP7_75t_R           1  2.0    19    44    2011    (-,-) 
  u_core/g224073/Y                            -       A2->Y   R     OAI21xp5_ASAP7_75t_R         1  2.1    70    41    2052    (-,-) 
  u_core/drc_bufs248528/Y                     -       A->Y    R     BUFx3_ASAP7_75t_R            2  3.3    24    46    2097    (-,-) 
  u_core/g265850/Y                            -       B->Y    R     OR2x4_ASAP7_75t_R            4  6.9    37    49    2147    (-,-) 
  u_core/g224061_dup/Y                        -       A->Y    R     BUFx10_ASAP7_75t_R          15 20.8    39    51    2198    (-,-) 
  u_core/g224059/Y                            -       A->Y    F     INVx4_ASAP7_75t_R           16 18.7    52    40    2238    (-,-) 
  u_core/g224050/Y                            -       A2->Y   F     AO22x1_ASAP7_75t_R           1  2.0    31    57    2294    (-,-) 
  u_core/g224003/Y                            -       A2->Y   R     AOI22xp5_ASAP7_75t_R         1  2.0    83    45    2339    (-,-) 
  u_core/EX_gen_muldiv.DIV_quotient_reg[28]/D -       -       R     DFFASRHQNx1_ASAP7_75t_R      1    -     -     0    2339    (-,-) 
#------------------------------------------------------------------------------------------------------------------------------------



Path 31: MET (5 ps) Setup Check with Pin u_core/EX_gen_muldiv.DIV_quotient_reg[26]/CLK->D
           View: view_ss
          Group: CLK_CPU
     Startpoint: (R) u_core/EX_gen_muldiv.DIV_mask_reg[27]/CLK
          Clock: (R) CLK_CPU
       Endpoint: (R) u_core/EX_gen_muldiv.DIV_quotient_reg[26]/D
          Clock: (R) CLK_CPU

                     Capture       Launch     
        Clock Edge:+    2500            0     
       Src Latency:+       0            0     
       Net Latency:+       0 (I)        0 (I) 
           Arrival:=    2500            0     
                                              
             Setup:-      31                  
       Uncertainty:-     125                  
     Required Time:=    2344                  
      Launch Clock:-       0                  
         Data Path:-    2339                  
             Slack:=       5                  

#------------------------------------------------------------------------------------------------------------------------------------
#                Timing Point                 Flags    Arc    Edge          Cell            Fanout Load Trans Delay Arrival Instance 
#                                                                                                  (fF)  (ps)  (ps)   (ps)  Location 
#------------------------------------------------------------------------------------------------------------------------------------
  u_core/EX_gen_muldiv.DIV_mask_reg[27]/CLK   -       -       R     (arrival)                 8138    -    40     0       0    (-,-) 
  u_core/EX_gen_muldiv.DIV_mask_reg[27]/QN    -       CLK->QN F     DFFASRHQNx1_ASAP7_75t_R      1  2.0    51   108     108    (-,-) 
  u_core/drc_bufs242269/Y                     -       A->Y    F     BUFx2_ASAP7_75t_R            7  9.6    54    65     173    (-,-) 
  u_core/g233952/Y                            -       A2->Y   R     AOI22xp5_ASAP7_75t_R         1  2.9    99    62     235    (-,-) 
  u_core/g232951/Y                            -       B->Y    F     NAND4xp75_ASAP7_75t_R        1  3.4    69    55     290    (-,-) 
  u_core/g232512/Y                            -       B->Y    R     NOR2x2_ASAP7_75t_R           3  4.8    54    40     330    (-,-) 
  u_core/g232074/Y                            -       B->Y    R     AND2x2_ASAP7_75t_R           2  3.3    32    50     380    (-,-) 
  u_core/g230390/Y                            -       B->Y    F     NAND2xp5_ASAP7_75t_R         1  2.5    53    38     417    (-,-) 
  u_core/g228320/Y                            -       A1->Y   F     AO31x2_ASAP7_75t_R           2  4.0    28    45     462    (-,-) 
  u_core/g227612/Y                            -       A1->Y   R     AOI21x1_ASAP7_75t_R          3  4.5    83    45     507    (-,-) 
  u_core/g226816/Y                            -       A2->Y   R     OA21x2_ASAP7_75t_R           2  3.5    35    59     566    (-,-) 
  u_core/g226479/Y                            -       A2->Y   R     OA21x2_ASAP7_75t_R           2  3.6    36    47     613    (-,-) 
  u_core/g225318/Y                            -       A2->Y   R     OA21x2_ASAP7_75t_R           2  4.0    38    49     662    (-,-) 
  u_core/g225130/Y                            -       B->Y    F     NOR2x1_ASAP7_75t_R           2  3.4    58    36     698    (-,-) 
  u_core/g224944/Y                            -       A2->Y   F     AO21x2_ASAP7_75t_R           3  4.7    35    61     759    (-,-) 
  u_core/g237387/Y                            -       A2->Y   F     AO221x1_ASAP7_75t_R          2  3.1    43    67     826    (-,-) 
  u_core/g224641/Y                            -       A2->Y   F     AO21x2_ASAP7_75t_R           3  5.7    40    60     886    (-,-) 
  u_core/g224594/Y                            -       B->Y    R     NAND2x1p5_ASAP7_75t_R        2  4.1    46    36     922    (-,-) 
  u_core/g224558/Y                            -       A1->Y   F     OAI21x1_ASAP7_75t_R          1  2.9    48    31     953    (-,-) 
  u_core/g224540/Y                            -       B->Y    R     NAND2x1p5_ASAP7_75t_R        2  3.5    55    36     989    (-,-) 
  u_core/g224538/Y                            -       A->Y    F     INVxp67_ASAP7_75t_R          1  3.4    60    48    1037    (-,-) 
  u_core/g224520/Y                            -       B->Y    R     NAND2x2_ASAP7_75t_R          7  9.9    88    60    1097    (-,-) 
  u_core/g224504/Y                            -       A->Y    R     BUFx2_ASAP7_75t_R            8 10.5    80    79    1176    (-,-) 
  u_core/g237390/Y                            -       A2->Y   R     OA21x2_ASAP7_75t_R           4  5.9    51    67    1243    (-,-) 
  u_core/g224352/Y                            -       B->Y    F     NOR2xp67_ASAP7_75t_R         3  4.2    74    55    1298    (-,-) 
  u_core/g224217/Y                            -       A2->Y   R     AOI21xp5_ASAP7_75t_R         1  2.0    78    52    1350    (-,-) 
  u_core/g224176/Y                            -       A1->Y   R     OA21x2_ASAP7_75t_R           1  2.7    30    57    1407    (-,-) 
  u_core/g224131/Y                            -       B->Y    F     OAI21x1_ASAP7_75t_R          2  3.6    48    32    1440    (-,-) 
  u_core/g224124/Y                            -       B->Y    F     AND2x2_ASAP7_75t_R           2  3.7    28    50    1490    (-,-) 
  u_core/g224118/Y                            -       A1->Y   F     AO31x2_ASAP7_75t_R           3  5.3    34    44    1534    (-,-) 
  u_core/g224111/Y                            -       A1->Y   R     AOI21x1_ASAP7_75t_R          2  3.7    65    41    1574    (-,-) 
  u_core/g224108/Y                            -       A->Y    F     INVx1_ASAP7_75t_R            1  2.0    35    33    1607    (-,-) 
  u_core/g224101/Y                            -       A2->Y   F     AO21x1_ASAP7_75t_R           2  4.1    48    56    1663    (-,-) 
  u_core/g224098/Y                            -       A1->Y   R     AOI21x1_ASAP7_75t_R          2  4.0    78    46    1709    (-,-) 
  u_core/g224097/Y                            -       B->Y    F     NOR2x1_ASAP7_75t_R           2  3.4    51    49    1758    (-,-) 
  u_core/g224096/Y                            -       B->Y    R     NAND2x1_ASAP7_75t_R          2  3.2    63    45    1803    (-,-) 
  u_core/g224091/Y                            -       A2->Y   R     OA22x2_ASAP7_75t_R           4  5.8    50    64    1867    (-,-) 
  u_core/g224085/Y                            -       A2->Y   R     OA21x2_ASAP7_75t_R           4  6.6    56    62    1929    (-,-) 
  u_core/g224083/Y                            -       A->Y    F     INVx1_ASAP7_75t_R            2  3.2    43    38    1967    (-,-) 
  u_core/g224081/Y                            -       B->Y    F     AND2x2_ASAP7_75t_R           1  2.0    19    44    2011    (-,-) 
  u_core/g224073/Y                            -       A2->Y   R     OAI21xp5_ASAP7_75t_R         1  2.1    70    41    2052    (-,-) 
  u_core/drc_bufs248528/Y                     -       A->Y    R     BUFx3_ASAP7_75t_R            2  3.3    24    46    2097    (-,-) 
  u_core/g265850/Y                            -       B->Y    R     OR2x4_ASAP7_75t_R            4  6.9    37    49    2147    (-,-) 
  u_core/g224061_dup/Y                        -       A->Y    R     BUFx10_ASAP7_75t_R          15 20.8    39    51    2198    (-,-) 
  u_core/g224059/Y                            -       A->Y    F     INVx4_ASAP7_75t_R           16 18.7    52    40    2238    (-,-) 
  u_core/g224049/Y                            -       A2->Y   F     AO22x1_ASAP7_75t_R           1  2.0    31    57    2294    (-,-) 
  u_core/g224002/Y                            -       A2->Y   R     AOI22xp5_ASAP7_75t_R         1  2.0    83    45    2339    (-,-) 
  u_core/EX_gen_muldiv.DIV_quotient_reg[26]/D -       -       R     DFFASRHQNx1_ASAP7_75t_R      1    -     -     0    2339    (-,-) 
#------------------------------------------------------------------------------------------------------------------------------------



Path 32: MET (5 ps) Setup Check with Pin u_core/EX_gen_muldiv.DIV_quotient_reg[24]/CLK->D
           View: view_ss
          Group: CLK_CPU
     Startpoint: (R) u_core/EX_gen_muldiv.DIV_mask_reg[27]/CLK
          Clock: (R) CLK_CPU
       Endpoint: (R) u_core/EX_gen_muldiv.DIV_quotient_reg[24]/D
          Clock: (R) CLK_CPU

                     Capture       Launch     
        Clock Edge:+    2500            0     
       Src Latency:+       0            0     
       Net Latency:+       0 (I)        0 (I) 
           Arrival:=    2500            0     
                                              
             Setup:-      31                  
       Uncertainty:-     125                  
     Required Time:=    2344                  
      Launch Clock:-       0                  
         Data Path:-    2339                  
             Slack:=       5                  

#------------------------------------------------------------------------------------------------------------------------------------
#                Timing Point                 Flags    Arc    Edge          Cell            Fanout Load Trans Delay Arrival Instance 
#                                                                                                  (fF)  (ps)  (ps)   (ps)  Location 
#------------------------------------------------------------------------------------------------------------------------------------
  u_core/EX_gen_muldiv.DIV_mask_reg[27]/CLK   -       -       R     (arrival)                 8138    -    40     0       0    (-,-) 
  u_core/EX_gen_muldiv.DIV_mask_reg[27]/QN    -       CLK->QN F     DFFASRHQNx1_ASAP7_75t_R      1  2.0    51   108     108    (-,-) 
  u_core/drc_bufs242269/Y                     -       A->Y    F     BUFx2_ASAP7_75t_R            7  9.6    54    65     173    (-,-) 
  u_core/g233952/Y                            -       A2->Y   R     AOI22xp5_ASAP7_75t_R         1  2.9    99    62     235    (-,-) 
  u_core/g232951/Y                            -       B->Y    F     NAND4xp75_ASAP7_75t_R        1  3.4    69    55     290    (-,-) 
  u_core/g232512/Y                            -       B->Y    R     NOR2x2_ASAP7_75t_R           3  4.8    54    40     330    (-,-) 
  u_core/g232074/Y                            -       B->Y    R     AND2x2_ASAP7_75t_R           2  3.3    32    50     380    (-,-) 
  u_core/g230390/Y                            -       B->Y    F     NAND2xp5_ASAP7_75t_R         1  2.5    53    38     417    (-,-) 
  u_core/g228320/Y                            -       A1->Y   F     AO31x2_ASAP7_75t_R           2  4.0    28    45     462    (-,-) 
  u_core/g227612/Y                            -       A1->Y   R     AOI21x1_ASAP7_75t_R          3  4.5    83    45     507    (-,-) 
  u_core/g226816/Y                            -       A2->Y   R     OA21x2_ASAP7_75t_R           2  3.5    35    59     566    (-,-) 
  u_core/g226479/Y                            -       A2->Y   R     OA21x2_ASAP7_75t_R           2  3.6    36    47     613    (-,-) 
  u_core/g225318/Y                            -       A2->Y   R     OA21x2_ASAP7_75t_R           2  4.0    38    49     662    (-,-) 
  u_core/g225130/Y                            -       B->Y    F     NOR2x1_ASAP7_75t_R           2  3.4    58    36     698    (-,-) 
  u_core/g224944/Y                            -       A2->Y   F     AO21x2_ASAP7_75t_R           3  4.7    35    61     759    (-,-) 
  u_core/g237387/Y                            -       A2->Y   F     AO221x1_ASAP7_75t_R          2  3.1    43    67     826    (-,-) 
  u_core/g224641/Y                            -       A2->Y   F     AO21x2_ASAP7_75t_R           3  5.7    40    60     886    (-,-) 
  u_core/g224594/Y                            -       B->Y    R     NAND2x1p5_ASAP7_75t_R        2  4.1    46    36     922    (-,-) 
  u_core/g224558/Y                            -       A1->Y   F     OAI21x1_ASAP7_75t_R          1  2.9    48    31     953    (-,-) 
  u_core/g224540/Y                            -       B->Y    R     NAND2x1p5_ASAP7_75t_R        2  3.5    55    36     989    (-,-) 
  u_core/g224538/Y                            -       A->Y    F     INVxp67_ASAP7_75t_R          1  3.4    60    48    1037    (-,-) 
  u_core/g224520/Y                            -       B->Y    R     NAND2x2_ASAP7_75t_R          7  9.9    88    60    1097    (-,-) 
  u_core/g224504/Y                            -       A->Y    R     BUFx2_ASAP7_75t_R            8 10.5    80    79    1176    (-,-) 
  u_core/g237390/Y                            -       A2->Y   R     OA21x2_ASAP7_75t_R           4  5.9    51    67    1243    (-,-) 
  u_core/g224352/Y                            -       B->Y    F     NOR2xp67_ASAP7_75t_R         3  4.2    74    55    1298    (-,-) 
  u_core/g224217/Y                            -       A2->Y   R     AOI21xp5_ASAP7_75t_R         1  2.0    78    52    1350    (-,-) 
  u_core/g224176/Y                            -       A1->Y   R     OA21x2_ASAP7_75t_R           1  2.7    30    57    1407    (-,-) 
  u_core/g224131/Y                            -       B->Y    F     OAI21x1_ASAP7_75t_R          2  3.6    48    32    1440    (-,-) 
  u_core/g224124/Y                            -       B->Y    F     AND2x2_ASAP7_75t_R           2  3.7    28    50    1490    (-,-) 
  u_core/g224118/Y                            -       A1->Y   F     AO31x2_ASAP7_75t_R           3  5.3    34    44    1534    (-,-) 
  u_core/g224111/Y                            -       A1->Y   R     AOI21x1_ASAP7_75t_R          2  3.7    65    41    1574    (-,-) 
  u_core/g224108/Y                            -       A->Y    F     INVx1_ASAP7_75t_R            1  2.0    35    33    1607    (-,-) 
  u_core/g224101/Y                            -       A2->Y   F     AO21x1_ASAP7_75t_R           2  4.1    48    56    1663    (-,-) 
  u_core/g224098/Y                            -       A1->Y   R     AOI21x1_ASAP7_75t_R          2  4.0    78    46    1709    (-,-) 
  u_core/g224097/Y                            -       B->Y    F     NOR2x1_ASAP7_75t_R           2  3.4    51    49    1758    (-,-) 
  u_core/g224096/Y                            -       B->Y    R     NAND2x1_ASAP7_75t_R          2  3.2    63    45    1803    (-,-) 
  u_core/g224091/Y                            -       A2->Y   R     OA22x2_ASAP7_75t_R           4  5.8    50    64    1867    (-,-) 
  u_core/g224085/Y                            -       A2->Y   R     OA21x2_ASAP7_75t_R           4  6.6    56    62    1929    (-,-) 
  u_core/g224083/Y                            -       A->Y    F     INVx1_ASAP7_75t_R            2  3.2    43    38    1967    (-,-) 
  u_core/g224081/Y                            -       B->Y    F     AND2x2_ASAP7_75t_R           1  2.0    19    44    2011    (-,-) 
  u_core/g224073/Y                            -       A2->Y   R     OAI21xp5_ASAP7_75t_R         1  2.1    70    41    2052    (-,-) 
  u_core/drc_bufs248528/Y                     -       A->Y    R     BUFx3_ASAP7_75t_R            2  3.3    24    46    2097    (-,-) 
  u_core/g265850/Y                            -       B->Y    R     OR2x4_ASAP7_75t_R            4  6.9    37    49    2147    (-,-) 
  u_core/g224061_dup/Y                        -       A->Y    R     BUFx10_ASAP7_75t_R          15 20.8    39    51    2198    (-,-) 
  u_core/g224059/Y                            -       A->Y    F     INVx4_ASAP7_75t_R           16 18.7    52    40    2238    (-,-) 
  u_core/g224048/Y                            -       A2->Y   F     AO22x1_ASAP7_75t_R           1  2.0    31    57    2294    (-,-) 
  u_core/g224001/Y                            -       A2->Y   R     AOI22xp5_ASAP7_75t_R         1  2.0    83    45    2339    (-,-) 
  u_core/EX_gen_muldiv.DIV_quotient_reg[24]/D -       -       R     DFFASRHQNx1_ASAP7_75t_R      1    -     -     0    2339    (-,-) 
#------------------------------------------------------------------------------------------------------------------------------------



Path 33: MET (5 ps) Setup Check with Pin u_core/EX_gen_muldiv.DIV_quotient_reg[22]/CLK->D
           View: view_ss
          Group: CLK_CPU
     Startpoint: (R) u_core/EX_gen_muldiv.DIV_mask_reg[27]/CLK
          Clock: (R) CLK_CPU
       Endpoint: (R) u_core/EX_gen_muldiv.DIV_quotient_reg[22]/D
          Clock: (R) CLK_CPU

                     Capture       Launch     
        Clock Edge:+    2500            0     
       Src Latency:+       0            0     
       Net Latency:+       0 (I)        0 (I) 
           Arrival:=    2500            0     
                                              
             Setup:-      31                  
       Uncertainty:-     125                  
     Required Time:=    2344                  
      Launch Clock:-       0                  
         Data Path:-    2339                  
             Slack:=       5                  

#------------------------------------------------------------------------------------------------------------------------------------
#                Timing Point                 Flags    Arc    Edge          Cell            Fanout Load Trans Delay Arrival Instance 
#                                                                                                  (fF)  (ps)  (ps)   (ps)  Location 
#------------------------------------------------------------------------------------------------------------------------------------
  u_core/EX_gen_muldiv.DIV_mask_reg[27]/CLK   -       -       R     (arrival)                 8138    -    40     0       0    (-,-) 
  u_core/EX_gen_muldiv.DIV_mask_reg[27]/QN    -       CLK->QN F     DFFASRHQNx1_ASAP7_75t_R      1  2.0    51   108     108    (-,-) 
  u_core/drc_bufs242269/Y                     -       A->Y    F     BUFx2_ASAP7_75t_R            7  9.6    54    65     173    (-,-) 
  u_core/g233952/Y                            -       A2->Y   R     AOI22xp5_ASAP7_75t_R         1  2.9    99    62     235    (-,-) 
  u_core/g232951/Y                            -       B->Y    F     NAND4xp75_ASAP7_75t_R        1  3.4    69    55     290    (-,-) 
  u_core/g232512/Y                            -       B->Y    R     NOR2x2_ASAP7_75t_R           3  4.8    54    40     330    (-,-) 
  u_core/g232074/Y                            -       B->Y    R     AND2x2_ASAP7_75t_R           2  3.3    32    50     380    (-,-) 
  u_core/g230390/Y                            -       B->Y    F     NAND2xp5_ASAP7_75t_R         1  2.5    53    38     417    (-,-) 
  u_core/g228320/Y                            -       A1->Y   F     AO31x2_ASAP7_75t_R           2  4.0    28    45     462    (-,-) 
  u_core/g227612/Y                            -       A1->Y   R     AOI21x1_ASAP7_75t_R          3  4.5    83    45     507    (-,-) 
  u_core/g226816/Y                            -       A2->Y   R     OA21x2_ASAP7_75t_R           2  3.5    35    59     566    (-,-) 
  u_core/g226479/Y                            -       A2->Y   R     OA21x2_ASAP7_75t_R           2  3.6    36    47     613    (-,-) 
  u_core/g225318/Y                            -       A2->Y   R     OA21x2_ASAP7_75t_R           2  4.0    38    49     662    (-,-) 
  u_core/g225130/Y                            -       B->Y    F     NOR2x1_ASAP7_75t_R           2  3.4    58    36     698    (-,-) 
  u_core/g224944/Y                            -       A2->Y   F     AO21x2_ASAP7_75t_R           3  4.7    35    61     759    (-,-) 
  u_core/g237387/Y                            -       A2->Y   F     AO221x1_ASAP7_75t_R          2  3.1    43    67     826    (-,-) 
  u_core/g224641/Y                            -       A2->Y   F     AO21x2_ASAP7_75t_R           3  5.7    40    60     886    (-,-) 
  u_core/g224594/Y                            -       B->Y    R     NAND2x1p5_ASAP7_75t_R        2  4.1    46    36     922    (-,-) 
  u_core/g224558/Y                            -       A1->Y   F     OAI21x1_ASAP7_75t_R          1  2.9    48    31     953    (-,-) 
  u_core/g224540/Y                            -       B->Y    R     NAND2x1p5_ASAP7_75t_R        2  3.5    55    36     989    (-,-) 
  u_core/g224538/Y                            -       A->Y    F     INVxp67_ASAP7_75t_R          1  3.4    60    48    1037    (-,-) 
  u_core/g224520/Y                            -       B->Y    R     NAND2x2_ASAP7_75t_R          7  9.9    88    60    1097    (-,-) 
  u_core/g224504/Y                            -       A->Y    R     BUFx2_ASAP7_75t_R            8 10.5    80    79    1176    (-,-) 
  u_core/g237390/Y                            -       A2->Y   R     OA21x2_ASAP7_75t_R           4  5.9    51    67    1243    (-,-) 
  u_core/g224352/Y                            -       B->Y    F     NOR2xp67_ASAP7_75t_R         3  4.2    74    55    1298    (-,-) 
  u_core/g224217/Y                            -       A2->Y   R     AOI21xp5_ASAP7_75t_R         1  2.0    78    52    1350    (-,-) 
  u_core/g224176/Y                            -       A1->Y   R     OA21x2_ASAP7_75t_R           1  2.7    30    57    1407    (-,-) 
  u_core/g224131/Y                            -       B->Y    F     OAI21x1_ASAP7_75t_R          2  3.6    48    32    1440    (-,-) 
  u_core/g224124/Y                            -       B->Y    F     AND2x2_ASAP7_75t_R           2  3.7    28    50    1490    (-,-) 
  u_core/g224118/Y                            -       A1->Y   F     AO31x2_ASAP7_75t_R           3  5.3    34    44    1534    (-,-) 
  u_core/g224111/Y                            -       A1->Y   R     AOI21x1_ASAP7_75t_R          2  3.7    65    41    1574    (-,-) 
  u_core/g224108/Y                            -       A->Y    F     INVx1_ASAP7_75t_R            1  2.0    35    33    1607    (-,-) 
  u_core/g224101/Y                            -       A2->Y   F     AO21x1_ASAP7_75t_R           2  4.1    48    56    1663    (-,-) 
  u_core/g224098/Y                            -       A1->Y   R     AOI21x1_ASAP7_75t_R          2  4.0    78    46    1709    (-,-) 
  u_core/g224097/Y                            -       B->Y    F     NOR2x1_ASAP7_75t_R           2  3.4    51    49    1758    (-,-) 
  u_core/g224096/Y                            -       B->Y    R     NAND2x1_ASAP7_75t_R          2  3.2    63    45    1803    (-,-) 
  u_core/g224091/Y                            -       A2->Y   R     OA22x2_ASAP7_75t_R           4  5.8    50    64    1867    (-,-) 
  u_core/g224085/Y                            -       A2->Y   R     OA21x2_ASAP7_75t_R           4  6.6    56    62    1929    (-,-) 
  u_core/g224083/Y                            -       A->Y    F     INVx1_ASAP7_75t_R            2  3.2    43    38    1967    (-,-) 
  u_core/g224081/Y                            -       B->Y    F     AND2x2_ASAP7_75t_R           1  2.0    19    44    2011    (-,-) 
  u_core/g224073/Y                            -       A2->Y   R     OAI21xp5_ASAP7_75t_R         1  2.1    70    41    2052    (-,-) 
  u_core/drc_bufs248528/Y                     -       A->Y    R     BUFx3_ASAP7_75t_R            2  3.3    24    46    2097    (-,-) 
  u_core/g265850/Y                            -       B->Y    R     OR2x4_ASAP7_75t_R            4  6.9    37    49    2147    (-,-) 
  u_core/g224061_dup/Y                        -       A->Y    R     BUFx10_ASAP7_75t_R          15 20.8    39    51    2198    (-,-) 
  u_core/g224059/Y                            -       A->Y    F     INVx4_ASAP7_75t_R           16 18.7    52    40    2238    (-,-) 
  u_core/g224047/Y                            -       A2->Y   F     AO22x1_ASAP7_75t_R           1  2.0    31    57    2294    (-,-) 
  u_core/g224000/Y                            -       A2->Y   R     AOI22xp5_ASAP7_75t_R         1  2.0    83    45    2339    (-,-) 
  u_core/EX_gen_muldiv.DIV_quotient_reg[22]/D -       -       R     DFFASRHQNx1_ASAP7_75t_R      1    -     -     0    2339    (-,-) 
#------------------------------------------------------------------------------------------------------------------------------------



Path 34: MET (5 ps) Setup Check with Pin u_core/EX_gen_muldiv.DIV_quotient_reg[20]/CLK->D
           View: view_ss
          Group: CLK_CPU
     Startpoint: (R) u_core/EX_gen_muldiv.DIV_mask_reg[27]/CLK
          Clock: (R) CLK_CPU
       Endpoint: (R) u_core/EX_gen_muldiv.DIV_quotient_reg[20]/D
          Clock: (R) CLK_CPU

                     Capture       Launch     
        Clock Edge:+    2500            0     
       Src Latency:+       0            0     
       Net Latency:+       0 (I)        0 (I) 
           Arrival:=    2500            0     
                                              
             Setup:-      31                  
       Uncertainty:-     125                  
     Required Time:=    2344                  
      Launch Clock:-       0                  
         Data Path:-    2339                  
             Slack:=       5                  

#------------------------------------------------------------------------------------------------------------------------------------
#                Timing Point                 Flags    Arc    Edge          Cell            Fanout Load Trans Delay Arrival Instance 
#                                                                                                  (fF)  (ps)  (ps)   (ps)  Location 
#------------------------------------------------------------------------------------------------------------------------------------
  u_core/EX_gen_muldiv.DIV_mask_reg[27]/CLK   -       -       R     (arrival)                 8138    -    40     0       0    (-,-) 
  u_core/EX_gen_muldiv.DIV_mask_reg[27]/QN    -       CLK->QN F     DFFASRHQNx1_ASAP7_75t_R      1  2.0    51   108     108    (-,-) 
  u_core/drc_bufs242269/Y                     -       A->Y    F     BUFx2_ASAP7_75t_R            7  9.6    54    65     173    (-,-) 
  u_core/g233952/Y                            -       A2->Y   R     AOI22xp5_ASAP7_75t_R         1  2.9    99    62     235    (-,-) 
  u_core/g232951/Y                            -       B->Y    F     NAND4xp75_ASAP7_75t_R        1  3.4    69    55     290    (-,-) 
  u_core/g232512/Y                            -       B->Y    R     NOR2x2_ASAP7_75t_R           3  4.8    54    40     330    (-,-) 
  u_core/g232074/Y                            -       B->Y    R     AND2x2_ASAP7_75t_R           2  3.3    32    50     380    (-,-) 
  u_core/g230390/Y                            -       B->Y    F     NAND2xp5_ASAP7_75t_R         1  2.5    53    38     417    (-,-) 
  u_core/g228320/Y                            -       A1->Y   F     AO31x2_ASAP7_75t_R           2  4.0    28    45     462    (-,-) 
  u_core/g227612/Y                            -       A1->Y   R     AOI21x1_ASAP7_75t_R          3  4.5    83    45     507    (-,-) 
  u_core/g226816/Y                            -       A2->Y   R     OA21x2_ASAP7_75t_R           2  3.5    35    59     566    (-,-) 
  u_core/g226479/Y                            -       A2->Y   R     OA21x2_ASAP7_75t_R           2  3.6    36    47     613    (-,-) 
  u_core/g225318/Y                            -       A2->Y   R     OA21x2_ASAP7_75t_R           2  4.0    38    49     662    (-,-) 
  u_core/g225130/Y                            -       B->Y    F     NOR2x1_ASAP7_75t_R           2  3.4    58    36     698    (-,-) 
  u_core/g224944/Y                            -       A2->Y   F     AO21x2_ASAP7_75t_R           3  4.7    35    61     759    (-,-) 
  u_core/g237387/Y                            -       A2->Y   F     AO221x1_ASAP7_75t_R          2  3.1    43    67     826    (-,-) 
  u_core/g224641/Y                            -       A2->Y   F     AO21x2_ASAP7_75t_R           3  5.7    40    60     886    (-,-) 
  u_core/g224594/Y                            -       B->Y    R     NAND2x1p5_ASAP7_75t_R        2  4.1    46    36     922    (-,-) 
  u_core/g224558/Y                            -       A1->Y   F     OAI21x1_ASAP7_75t_R          1  2.9    48    31     953    (-,-) 
  u_core/g224540/Y                            -       B->Y    R     NAND2x1p5_ASAP7_75t_R        2  3.5    55    36     989    (-,-) 
  u_core/g224538/Y                            -       A->Y    F     INVxp67_ASAP7_75t_R          1  3.4    60    48    1037    (-,-) 
  u_core/g224520/Y                            -       B->Y    R     NAND2x2_ASAP7_75t_R          7  9.9    88    60    1097    (-,-) 
  u_core/g224504/Y                            -       A->Y    R     BUFx2_ASAP7_75t_R            8 10.5    80    79    1176    (-,-) 
  u_core/g237390/Y                            -       A2->Y   R     OA21x2_ASAP7_75t_R           4  5.9    51    67    1243    (-,-) 
  u_core/g224352/Y                            -       B->Y    F     NOR2xp67_ASAP7_75t_R         3  4.2    74    55    1298    (-,-) 
  u_core/g224217/Y                            -       A2->Y   R     AOI21xp5_ASAP7_75t_R         1  2.0    78    52    1350    (-,-) 
  u_core/g224176/Y                            -       A1->Y   R     OA21x2_ASAP7_75t_R           1  2.7    30    57    1407    (-,-) 
  u_core/g224131/Y                            -       B->Y    F     OAI21x1_ASAP7_75t_R          2  3.6    48    32    1440    (-,-) 
  u_core/g224124/Y                            -       B->Y    F     AND2x2_ASAP7_75t_R           2  3.7    28    50    1490    (-,-) 
  u_core/g224118/Y                            -       A1->Y   F     AO31x2_ASAP7_75t_R           3  5.3    34    44    1534    (-,-) 
  u_core/g224111/Y                            -       A1->Y   R     AOI21x1_ASAP7_75t_R          2  3.7    65    41    1574    (-,-) 
  u_core/g224108/Y                            -       A->Y    F     INVx1_ASAP7_75t_R            1  2.0    35    33    1607    (-,-) 
  u_core/g224101/Y                            -       A2->Y   F     AO21x1_ASAP7_75t_R           2  4.1    48    56    1663    (-,-) 
  u_core/g224098/Y                            -       A1->Y   R     AOI21x1_ASAP7_75t_R          2  4.0    78    46    1709    (-,-) 
  u_core/g224097/Y                            -       B->Y    F     NOR2x1_ASAP7_75t_R           2  3.4    51    49    1758    (-,-) 
  u_core/g224096/Y                            -       B->Y    R     NAND2x1_ASAP7_75t_R          2  3.2    63    45    1803    (-,-) 
  u_core/g224091/Y                            -       A2->Y   R     OA22x2_ASAP7_75t_R           4  5.8    50    64    1867    (-,-) 
  u_core/g224085/Y                            -       A2->Y   R     OA21x2_ASAP7_75t_R           4  6.6    56    62    1929    (-,-) 
  u_core/g224083/Y                            -       A->Y    F     INVx1_ASAP7_75t_R            2  3.2    43    38    1967    (-,-) 
  u_core/g224081/Y                            -       B->Y    F     AND2x2_ASAP7_75t_R           1  2.0    19    44    2011    (-,-) 
  u_core/g224073/Y                            -       A2->Y   R     OAI21xp5_ASAP7_75t_R         1  2.1    70    41    2052    (-,-) 
  u_core/drc_bufs248528/Y                     -       A->Y    R     BUFx3_ASAP7_75t_R            2  3.3    24    46    2097    (-,-) 
  u_core/g265850/Y                            -       B->Y    R     OR2x4_ASAP7_75t_R            4  6.9    37    49    2147    (-,-) 
  u_core/g224061_dup/Y                        -       A->Y    R     BUFx10_ASAP7_75t_R          15 20.8    39    51    2198    (-,-) 
  u_core/g224059/Y                            -       A->Y    F     INVx4_ASAP7_75t_R           16 18.7    52    40    2238    (-,-) 
  u_core/g224046/Y                            -       A2->Y   F     AO22x1_ASAP7_75t_R           1  2.0    31    57    2294    (-,-) 
  u_core/g223998/Y                            -       A2->Y   R     AOI22xp5_ASAP7_75t_R         1  2.0    83    45    2339    (-,-) 
  u_core/EX_gen_muldiv.DIV_quotient_reg[20]/D -       -       R     DFFASRHQNx1_ASAP7_75t_R      1    -     -     0    2339    (-,-) 
#------------------------------------------------------------------------------------------------------------------------------------



Path 35: MET (5 ps) Setup Check with Pin u_core/EX_gen_muldiv.DIV_quotient_reg[18]/CLK->D
           View: view_ss
          Group: CLK_CPU
     Startpoint: (R) u_core/EX_gen_muldiv.DIV_mask_reg[27]/CLK
          Clock: (R) CLK_CPU
       Endpoint: (R) u_core/EX_gen_muldiv.DIV_quotient_reg[18]/D
          Clock: (R) CLK_CPU

                     Capture       Launch     
        Clock Edge:+    2500            0     
       Src Latency:+       0            0     
       Net Latency:+       0 (I)        0 (I) 
           Arrival:=    2500            0     
                                              
             Setup:-      31                  
       Uncertainty:-     125                  
     Required Time:=    2344                  
      Launch Clock:-       0                  
         Data Path:-    2339                  
             Slack:=       5                  

#------------------------------------------------------------------------------------------------------------------------------------
#                Timing Point                 Flags    Arc    Edge          Cell            Fanout Load Trans Delay Arrival Instance 
#                                                                                                  (fF)  (ps)  (ps)   (ps)  Location 
#------------------------------------------------------------------------------------------------------------------------------------
  u_core/EX_gen_muldiv.DIV_mask_reg[27]/CLK   -       -       R     (arrival)                 8138    -    40     0       0    (-,-) 
  u_core/EX_gen_muldiv.DIV_mask_reg[27]/QN    -       CLK->QN F     DFFASRHQNx1_ASAP7_75t_R      1  2.0    51   108     108    (-,-) 
  u_core/drc_bufs242269/Y                     -       A->Y    F     BUFx2_ASAP7_75t_R            7  9.6    54    65     173    (-,-) 
  u_core/g233952/Y                            -       A2->Y   R     AOI22xp5_ASAP7_75t_R         1  2.9    99    62     235    (-,-) 
  u_core/g232951/Y                            -       B->Y    F     NAND4xp75_ASAP7_75t_R        1  3.4    69    55     290    (-,-) 
  u_core/g232512/Y                            -       B->Y    R     NOR2x2_ASAP7_75t_R           3  4.8    54    40     330    (-,-) 
  u_core/g232074/Y                            -       B->Y    R     AND2x2_ASAP7_75t_R           2  3.3    32    50     380    (-,-) 
  u_core/g230390/Y                            -       B->Y    F     NAND2xp5_ASAP7_75t_R         1  2.5    53    38     417    (-,-) 
  u_core/g228320/Y                            -       A1->Y   F     AO31x2_ASAP7_75t_R           2  4.0    28    45     462    (-,-) 
  u_core/g227612/Y                            -       A1->Y   R     AOI21x1_ASAP7_75t_R          3  4.5    83    45     507    (-,-) 
  u_core/g226816/Y                            -       A2->Y   R     OA21x2_ASAP7_75t_R           2  3.5    35    59     566    (-,-) 
  u_core/g226479/Y                            -       A2->Y   R     OA21x2_ASAP7_75t_R           2  3.6    36    47     613    (-,-) 
  u_core/g225318/Y                            -       A2->Y   R     OA21x2_ASAP7_75t_R           2  4.0    38    49     662    (-,-) 
  u_core/g225130/Y                            -       B->Y    F     NOR2x1_ASAP7_75t_R           2  3.4    58    36     698    (-,-) 
  u_core/g224944/Y                            -       A2->Y   F     AO21x2_ASAP7_75t_R           3  4.7    35    61     759    (-,-) 
  u_core/g237387/Y                            -       A2->Y   F     AO221x1_ASAP7_75t_R          2  3.1    43    67     826    (-,-) 
  u_core/g224641/Y                            -       A2->Y   F     AO21x2_ASAP7_75t_R           3  5.7    40    60     886    (-,-) 
  u_core/g224594/Y                            -       B->Y    R     NAND2x1p5_ASAP7_75t_R        2  4.1    46    36     922    (-,-) 
  u_core/g224558/Y                            -       A1->Y   F     OAI21x1_ASAP7_75t_R          1  2.9    48    31     953    (-,-) 
  u_core/g224540/Y                            -       B->Y    R     NAND2x1p5_ASAP7_75t_R        2  3.5    55    36     989    (-,-) 
  u_core/g224538/Y                            -       A->Y    F     INVxp67_ASAP7_75t_R          1  3.4    60    48    1037    (-,-) 
  u_core/g224520/Y                            -       B->Y    R     NAND2x2_ASAP7_75t_R          7  9.9    88    60    1097    (-,-) 
  u_core/g224504/Y                            -       A->Y    R     BUFx2_ASAP7_75t_R            8 10.5    80    79    1176    (-,-) 
  u_core/g237390/Y                            -       A2->Y   R     OA21x2_ASAP7_75t_R           4  5.9    51    67    1243    (-,-) 
  u_core/g224352/Y                            -       B->Y    F     NOR2xp67_ASAP7_75t_R         3  4.2    74    55    1298    (-,-) 
  u_core/g224217/Y                            -       A2->Y   R     AOI21xp5_ASAP7_75t_R         1  2.0    78    52    1350    (-,-) 
  u_core/g224176/Y                            -       A1->Y   R     OA21x2_ASAP7_75t_R           1  2.7    30    57    1407    (-,-) 
  u_core/g224131/Y                            -       B->Y    F     OAI21x1_ASAP7_75t_R          2  3.6    48    32    1440    (-,-) 
  u_core/g224124/Y                            -       B->Y    F     AND2x2_ASAP7_75t_R           2  3.7    28    50    1490    (-,-) 
  u_core/g224118/Y                            -       A1->Y   F     AO31x2_ASAP7_75t_R           3  5.3    34    44    1534    (-,-) 
  u_core/g224111/Y                            -       A1->Y   R     AOI21x1_ASAP7_75t_R          2  3.7    65    41    1574    (-,-) 
  u_core/g224108/Y                            -       A->Y    F     INVx1_ASAP7_75t_R            1  2.0    35    33    1607    (-,-) 
  u_core/g224101/Y                            -       A2->Y   F     AO21x1_ASAP7_75t_R           2  4.1    48    56    1663    (-,-) 
  u_core/g224098/Y                            -       A1->Y   R     AOI21x1_ASAP7_75t_R          2  4.0    78    46    1709    (-,-) 
  u_core/g224097/Y                            -       B->Y    F     NOR2x1_ASAP7_75t_R           2  3.4    51    49    1758    (-,-) 
  u_core/g224096/Y                            -       B->Y    R     NAND2x1_ASAP7_75t_R          2  3.2    63    45    1803    (-,-) 
  u_core/g224091/Y                            -       A2->Y   R     OA22x2_ASAP7_75t_R           4  5.8    50    64    1867    (-,-) 
  u_core/g224085/Y                            -       A2->Y   R     OA21x2_ASAP7_75t_R           4  6.6    56    62    1929    (-,-) 
  u_core/g224083/Y                            -       A->Y    F     INVx1_ASAP7_75t_R            2  3.2    43    38    1967    (-,-) 
  u_core/g224081/Y                            -       B->Y    F     AND2x2_ASAP7_75t_R           1  2.0    19    44    2011    (-,-) 
  u_core/g224073/Y                            -       A2->Y   R     OAI21xp5_ASAP7_75t_R         1  2.1    70    41    2052    (-,-) 
  u_core/drc_bufs248528/Y                     -       A->Y    R     BUFx3_ASAP7_75t_R            2  3.3    24    46    2097    (-,-) 
  u_core/g265850/Y                            -       B->Y    R     OR2x4_ASAP7_75t_R            4  6.9    37    49    2147    (-,-) 
  u_core/g224061_dup/Y                        -       A->Y    R     BUFx10_ASAP7_75t_R          15 20.8    39    51    2198    (-,-) 
  u_core/g224059/Y                            -       A->Y    F     INVx4_ASAP7_75t_R           16 18.7    52    40    2238    (-,-) 
  u_core/g224037/Y                            -       A2->Y   F     AO22x1_ASAP7_75t_R           1  2.0    31    57    2294    (-,-) 
  u_core/g223989/Y                            -       A2->Y   R     AOI22xp5_ASAP7_75t_R         1  2.0    83    45    2339    (-,-) 
  u_core/EX_gen_muldiv.DIV_quotient_reg[18]/D -       -       R     DFFASRHQNx1_ASAP7_75t_R      1    -     -     0    2339    (-,-) 
#------------------------------------------------------------------------------------------------------------------------------------



Path 36: MET (5 ps) Setup Check with Pin u_core/EX_gen_muldiv.DIV_quotient_reg[16]/CLK->D
           View: view_ss
          Group: CLK_CPU
     Startpoint: (R) u_core/EX_gen_muldiv.DIV_mask_reg[27]/CLK
          Clock: (R) CLK_CPU
       Endpoint: (R) u_core/EX_gen_muldiv.DIV_quotient_reg[16]/D
          Clock: (R) CLK_CPU

                     Capture       Launch     
        Clock Edge:+    2500            0     
       Src Latency:+       0            0     
       Net Latency:+       0 (I)        0 (I) 
           Arrival:=    2500            0     
                                              
             Setup:-      31                  
       Uncertainty:-     125                  
     Required Time:=    2344                  
      Launch Clock:-       0                  
         Data Path:-    2339                  
             Slack:=       5                  

#------------------------------------------------------------------------------------------------------------------------------------
#                Timing Point                 Flags    Arc    Edge          Cell            Fanout Load Trans Delay Arrival Instance 
#                                                                                                  (fF)  (ps)  (ps)   (ps)  Location 
#------------------------------------------------------------------------------------------------------------------------------------
  u_core/EX_gen_muldiv.DIV_mask_reg[27]/CLK   -       -       R     (arrival)                 8138    -    40     0       0    (-,-) 
  u_core/EX_gen_muldiv.DIV_mask_reg[27]/QN    -       CLK->QN F     DFFASRHQNx1_ASAP7_75t_R      1  2.0    51   108     108    (-,-) 
  u_core/drc_bufs242269/Y                     -       A->Y    F     BUFx2_ASAP7_75t_R            7  9.6    54    65     173    (-,-) 
  u_core/g233952/Y                            -       A2->Y   R     AOI22xp5_ASAP7_75t_R         1  2.9    99    62     235    (-,-) 
  u_core/g232951/Y                            -       B->Y    F     NAND4xp75_ASAP7_75t_R        1  3.4    69    55     290    (-,-) 
  u_core/g232512/Y                            -       B->Y    R     NOR2x2_ASAP7_75t_R           3  4.8    54    40     330    (-,-) 
  u_core/g232074/Y                            -       B->Y    R     AND2x2_ASAP7_75t_R           2  3.3    32    50     380    (-,-) 
  u_core/g230390/Y                            -       B->Y    F     NAND2xp5_ASAP7_75t_R         1  2.5    53    38     417    (-,-) 
  u_core/g228320/Y                            -       A1->Y   F     AO31x2_ASAP7_75t_R           2  4.0    28    45     462    (-,-) 
  u_core/g227612/Y                            -       A1->Y   R     AOI21x1_ASAP7_75t_R          3  4.5    83    45     507    (-,-) 
  u_core/g226816/Y                            -       A2->Y   R     OA21x2_ASAP7_75t_R           2  3.5    35    59     566    (-,-) 
  u_core/g226479/Y                            -       A2->Y   R     OA21x2_ASAP7_75t_R           2  3.6    36    47     613    (-,-) 
  u_core/g225318/Y                            -       A2->Y   R     OA21x2_ASAP7_75t_R           2  4.0    38    49     662    (-,-) 
  u_core/g225130/Y                            -       B->Y    F     NOR2x1_ASAP7_75t_R           2  3.4    58    36     698    (-,-) 
  u_core/g224944/Y                            -       A2->Y   F     AO21x2_ASAP7_75t_R           3  4.7    35    61     759    (-,-) 
  u_core/g237387/Y                            -       A2->Y   F     AO221x1_ASAP7_75t_R          2  3.1    43    67     826    (-,-) 
  u_core/g224641/Y                            -       A2->Y   F     AO21x2_ASAP7_75t_R           3  5.7    40    60     886    (-,-) 
  u_core/g224594/Y                            -       B->Y    R     NAND2x1p5_ASAP7_75t_R        2  4.1    46    36     922    (-,-) 
  u_core/g224558/Y                            -       A1->Y   F     OAI21x1_ASAP7_75t_R          1  2.9    48    31     953    (-,-) 
  u_core/g224540/Y                            -       B->Y    R     NAND2x1p5_ASAP7_75t_R        2  3.5    55    36     989    (-,-) 
  u_core/g224538/Y                            -       A->Y    F     INVxp67_ASAP7_75t_R          1  3.4    60    48    1037    (-,-) 
  u_core/g224520/Y                            -       B->Y    R     NAND2x2_ASAP7_75t_R          7  9.9    88    60    1097    (-,-) 
  u_core/g224504/Y                            -       A->Y    R     BUFx2_ASAP7_75t_R            8 10.5    80    79    1176    (-,-) 
  u_core/g237390/Y                            -       A2->Y   R     OA21x2_ASAP7_75t_R           4  5.9    51    67    1243    (-,-) 
  u_core/g224352/Y                            -       B->Y    F     NOR2xp67_ASAP7_75t_R         3  4.2    74    55    1298    (-,-) 
  u_core/g224217/Y                            -       A2->Y   R     AOI21xp5_ASAP7_75t_R         1  2.0    78    52    1350    (-,-) 
  u_core/g224176/Y                            -       A1->Y   R     OA21x2_ASAP7_75t_R           1  2.7    30    57    1407    (-,-) 
  u_core/g224131/Y                            -       B->Y    F     OAI21x1_ASAP7_75t_R          2  3.6    48    32    1440    (-,-) 
  u_core/g224124/Y                            -       B->Y    F     AND2x2_ASAP7_75t_R           2  3.7    28    50    1490    (-,-) 
  u_core/g224118/Y                            -       A1->Y   F     AO31x2_ASAP7_75t_R           3  5.3    34    44    1534    (-,-) 
  u_core/g224111/Y                            -       A1->Y   R     AOI21x1_ASAP7_75t_R          2  3.7    65    41    1574    (-,-) 
  u_core/g224108/Y                            -       A->Y    F     INVx1_ASAP7_75t_R            1  2.0    35    33    1607    (-,-) 
  u_core/g224101/Y                            -       A2->Y   F     AO21x1_ASAP7_75t_R           2  4.1    48    56    1663    (-,-) 
  u_core/g224098/Y                            -       A1->Y   R     AOI21x1_ASAP7_75t_R          2  4.0    78    46    1709    (-,-) 
  u_core/g224097/Y                            -       B->Y    F     NOR2x1_ASAP7_75t_R           2  3.4    51    49    1758    (-,-) 
  u_core/g224096/Y                            -       B->Y    R     NAND2x1_ASAP7_75t_R          2  3.2    63    45    1803    (-,-) 
  u_core/g224091/Y                            -       A2->Y   R     OA22x2_ASAP7_75t_R           4  5.8    50    64    1867    (-,-) 
  u_core/g224085/Y                            -       A2->Y   R     OA21x2_ASAP7_75t_R           4  6.6    56    62    1929    (-,-) 
  u_core/g224083/Y                            -       A->Y    F     INVx1_ASAP7_75t_R            2  3.2    43    38    1967    (-,-) 
  u_core/g224081/Y                            -       B->Y    F     AND2x2_ASAP7_75t_R           1  2.0    19    44    2011    (-,-) 
  u_core/g224073/Y                            -       A2->Y   R     OAI21xp5_ASAP7_75t_R         1  2.1    70    41    2052    (-,-) 
  u_core/drc_bufs248528/Y                     -       A->Y    R     BUFx3_ASAP7_75t_R            2  3.3    24    46    2097    (-,-) 
  u_core/g265850/Y                            -       B->Y    R     OR2x4_ASAP7_75t_R            4  6.9    37    49    2147    (-,-) 
  u_core/g224061_dup/Y                        -       A->Y    R     BUFx10_ASAP7_75t_R          15 20.8    39    51    2198    (-,-) 
  u_core/g224059/Y                            -       A->Y    F     INVx4_ASAP7_75t_R           16 18.7    52    40    2238    (-,-) 
  u_core/g224043/Y                            -       A2->Y   F     AO22x1_ASAP7_75t_R           1  2.0    31    57    2294    (-,-) 
  u_core/g223996/Y                            -       A2->Y   R     AOI22xp5_ASAP7_75t_R         1  2.0    83    45    2339    (-,-) 
  u_core/EX_gen_muldiv.DIV_quotient_reg[16]/D -       -       R     DFFASRHQNx1_ASAP7_75t_R      1    -     -     0    2339    (-,-) 
#------------------------------------------------------------------------------------------------------------------------------------



Path 37: MET (5 ps) Setup Check with Pin u_core/EX_gen_muldiv.DIV_quotient_reg[14]/CLK->D
           View: view_ss
          Group: CLK_CPU
     Startpoint: (R) u_core/EX_gen_muldiv.DIV_mask_reg[27]/CLK
          Clock: (R) CLK_CPU
       Endpoint: (R) u_core/EX_gen_muldiv.DIV_quotient_reg[14]/D
          Clock: (R) CLK_CPU

                     Capture       Launch     
        Clock Edge:+    2500            0     
       Src Latency:+       0            0     
       Net Latency:+       0 (I)        0 (I) 
           Arrival:=    2500            0     
                                              
             Setup:-      31                  
       Uncertainty:-     125                  
     Required Time:=    2344                  
      Launch Clock:-       0                  
         Data Path:-    2339                  
             Slack:=       5                  

#------------------------------------------------------------------------------------------------------------------------------------
#                Timing Point                 Flags    Arc    Edge          Cell            Fanout Load Trans Delay Arrival Instance 
#                                                                                                  (fF)  (ps)  (ps)   (ps)  Location 
#------------------------------------------------------------------------------------------------------------------------------------
  u_core/EX_gen_muldiv.DIV_mask_reg[27]/CLK   -       -       R     (arrival)                 8138    -    40     0       0    (-,-) 
  u_core/EX_gen_muldiv.DIV_mask_reg[27]/QN    -       CLK->QN F     DFFASRHQNx1_ASAP7_75t_R      1  2.0    51   108     108    (-,-) 
  u_core/drc_bufs242269/Y                     -       A->Y    F     BUFx2_ASAP7_75t_R            7  9.6    54    65     173    (-,-) 
  u_core/g233952/Y                            -       A2->Y   R     AOI22xp5_ASAP7_75t_R         1  2.9    99    62     235    (-,-) 
  u_core/g232951/Y                            -       B->Y    F     NAND4xp75_ASAP7_75t_R        1  3.4    69    55     290    (-,-) 
  u_core/g232512/Y                            -       B->Y    R     NOR2x2_ASAP7_75t_R           3  4.8    54    40     330    (-,-) 
  u_core/g232074/Y                            -       B->Y    R     AND2x2_ASAP7_75t_R           2  3.3    32    50     380    (-,-) 
  u_core/g230390/Y                            -       B->Y    F     NAND2xp5_ASAP7_75t_R         1  2.5    53    38     417    (-,-) 
  u_core/g228320/Y                            -       A1->Y   F     AO31x2_ASAP7_75t_R           2  4.0    28    45     462    (-,-) 
  u_core/g227612/Y                            -       A1->Y   R     AOI21x1_ASAP7_75t_R          3  4.5    83    45     507    (-,-) 
  u_core/g226816/Y                            -       A2->Y   R     OA21x2_ASAP7_75t_R           2  3.5    35    59     566    (-,-) 
  u_core/g226479/Y                            -       A2->Y   R     OA21x2_ASAP7_75t_R           2  3.6    36    47     613    (-,-) 
  u_core/g225318/Y                            -       A2->Y   R     OA21x2_ASAP7_75t_R           2  4.0    38    49     662    (-,-) 
  u_core/g225130/Y                            -       B->Y    F     NOR2x1_ASAP7_75t_R           2  3.4    58    36     698    (-,-) 
  u_core/g224944/Y                            -       A2->Y   F     AO21x2_ASAP7_75t_R           3  4.7    35    61     759    (-,-) 
  u_core/g237387/Y                            -       A2->Y   F     AO221x1_ASAP7_75t_R          2  3.1    43    67     826    (-,-) 
  u_core/g224641/Y                            -       A2->Y   F     AO21x2_ASAP7_75t_R           3  5.7    40    60     886    (-,-) 
  u_core/g224594/Y                            -       B->Y    R     NAND2x1p5_ASAP7_75t_R        2  4.1    46    36     922    (-,-) 
  u_core/g224558/Y                            -       A1->Y   F     OAI21x1_ASAP7_75t_R          1  2.9    48    31     953    (-,-) 
  u_core/g224540/Y                            -       B->Y    R     NAND2x1p5_ASAP7_75t_R        2  3.5    55    36     989    (-,-) 
  u_core/g224538/Y                            -       A->Y    F     INVxp67_ASAP7_75t_R          1  3.4    60    48    1037    (-,-) 
  u_core/g224520/Y                            -       B->Y    R     NAND2x2_ASAP7_75t_R          7  9.9    88    60    1097    (-,-) 
  u_core/g224504/Y                            -       A->Y    R     BUFx2_ASAP7_75t_R            8 10.5    80    79    1176    (-,-) 
  u_core/g237390/Y                            -       A2->Y   R     OA21x2_ASAP7_75t_R           4  5.9    51    67    1243    (-,-) 
  u_core/g224352/Y                            -       B->Y    F     NOR2xp67_ASAP7_75t_R         3  4.2    74    55    1298    (-,-) 
  u_core/g224217/Y                            -       A2->Y   R     AOI21xp5_ASAP7_75t_R         1  2.0    78    52    1350    (-,-) 
  u_core/g224176/Y                            -       A1->Y   R     OA21x2_ASAP7_75t_R           1  2.7    30    57    1407    (-,-) 
  u_core/g224131/Y                            -       B->Y    F     OAI21x1_ASAP7_75t_R          2  3.6    48    32    1440    (-,-) 
  u_core/g224124/Y                            -       B->Y    F     AND2x2_ASAP7_75t_R           2  3.7    28    50    1490    (-,-) 
  u_core/g224118/Y                            -       A1->Y   F     AO31x2_ASAP7_75t_R           3  5.3    34    44    1534    (-,-) 
  u_core/g224111/Y                            -       A1->Y   R     AOI21x1_ASAP7_75t_R          2  3.7    65    41    1574    (-,-) 
  u_core/g224108/Y                            -       A->Y    F     INVx1_ASAP7_75t_R            1  2.0    35    33    1607    (-,-) 
  u_core/g224101/Y                            -       A2->Y   F     AO21x1_ASAP7_75t_R           2  4.1    48    56    1663    (-,-) 
  u_core/g224098/Y                            -       A1->Y   R     AOI21x1_ASAP7_75t_R          2  4.0    78    46    1709    (-,-) 
  u_core/g224097/Y                            -       B->Y    F     NOR2x1_ASAP7_75t_R           2  3.4    51    49    1758    (-,-) 
  u_core/g224096/Y                            -       B->Y    R     NAND2x1_ASAP7_75t_R          2  3.2    63    45    1803    (-,-) 
  u_core/g224091/Y                            -       A2->Y   R     OA22x2_ASAP7_75t_R           4  5.8    50    64    1867    (-,-) 
  u_core/g224085/Y                            -       A2->Y   R     OA21x2_ASAP7_75t_R           4  6.6    56    62    1929    (-,-) 
  u_core/g224083/Y                            -       A->Y    F     INVx1_ASAP7_75t_R            2  3.2    43    38    1967    (-,-) 
  u_core/g224081/Y                            -       B->Y    F     AND2x2_ASAP7_75t_R           1  2.0    19    44    2011    (-,-) 
  u_core/g224073/Y                            -       A2->Y   R     OAI21xp5_ASAP7_75t_R         1  2.1    70    41    2052    (-,-) 
  u_core/drc_bufs248528/Y                     -       A->Y    R     BUFx3_ASAP7_75t_R            2  3.3    24    46    2097    (-,-) 
  u_core/g265850/Y                            -       B->Y    R     OR2x4_ASAP7_75t_R            4  6.9    37    49    2147    (-,-) 
  u_core/g224061_dup/Y                        -       A->Y    R     BUFx10_ASAP7_75t_R          15 20.8    39    51    2198    (-,-) 
  u_core/g224059/Y                            -       A->Y    F     INVx4_ASAP7_75t_R           16 18.7    52    40    2238    (-,-) 
  u_core/g224044/Y                            -       A2->Y   F     AO22x1_ASAP7_75t_R           1  2.0    31    57    2294    (-,-) 
  u_core/g223999/Y                            -       A2->Y   R     AOI22xp5_ASAP7_75t_R         1  2.0    83    45    2339    (-,-) 
  u_core/EX_gen_muldiv.DIV_quotient_reg[14]/D -       -       R     DFFASRHQNx1_ASAP7_75t_R      1    -     -     0    2339    (-,-) 
#------------------------------------------------------------------------------------------------------------------------------------



Path 38: MET (5 ps) Setup Check with Pin u_core/EX_gen_muldiv.DIV_quotient_reg[12]/CLK->D
           View: view_ss
          Group: CLK_CPU
     Startpoint: (R) u_core/EX_gen_muldiv.DIV_mask_reg[27]/CLK
          Clock: (R) CLK_CPU
       Endpoint: (R) u_core/EX_gen_muldiv.DIV_quotient_reg[12]/D
          Clock: (R) CLK_CPU

                     Capture       Launch     
        Clock Edge:+    2500            0     
       Src Latency:+       0            0     
       Net Latency:+       0 (I)        0 (I) 
           Arrival:=    2500            0     
                                              
             Setup:-      31                  
       Uncertainty:-     125                  
     Required Time:=    2344                  
      Launch Clock:-       0                  
         Data Path:-    2339                  
             Slack:=       5                  

#------------------------------------------------------------------------------------------------------------------------------------
#                Timing Point                 Flags    Arc    Edge          Cell            Fanout Load Trans Delay Arrival Instance 
#                                                                                                  (fF)  (ps)  (ps)   (ps)  Location 
#------------------------------------------------------------------------------------------------------------------------------------
  u_core/EX_gen_muldiv.DIV_mask_reg[27]/CLK   -       -       R     (arrival)                 8138    -    40     0       0    (-,-) 
  u_core/EX_gen_muldiv.DIV_mask_reg[27]/QN    -       CLK->QN F     DFFASRHQNx1_ASAP7_75t_R      1  2.0    51   108     108    (-,-) 
  u_core/drc_bufs242269/Y                     -       A->Y    F     BUFx2_ASAP7_75t_R            7  9.6    54    65     173    (-,-) 
  u_core/g233952/Y                            -       A2->Y   R     AOI22xp5_ASAP7_75t_R         1  2.9    99    62     235    (-,-) 
  u_core/g232951/Y                            -       B->Y    F     NAND4xp75_ASAP7_75t_R        1  3.4    69    55     290    (-,-) 
  u_core/g232512/Y                            -       B->Y    R     NOR2x2_ASAP7_75t_R           3  4.8    54    40     330    (-,-) 
  u_core/g232074/Y                            -       B->Y    R     AND2x2_ASAP7_75t_R           2  3.3    32    50     380    (-,-) 
  u_core/g230390/Y                            -       B->Y    F     NAND2xp5_ASAP7_75t_R         1  2.5    53    38     417    (-,-) 
  u_core/g228320/Y                            -       A1->Y   F     AO31x2_ASAP7_75t_R           2  4.0    28    45     462    (-,-) 
  u_core/g227612/Y                            -       A1->Y   R     AOI21x1_ASAP7_75t_R          3  4.5    83    45     507    (-,-) 
  u_core/g226816/Y                            -       A2->Y   R     OA21x2_ASAP7_75t_R           2  3.5    35    59     566    (-,-) 
  u_core/g226479/Y                            -       A2->Y   R     OA21x2_ASAP7_75t_R           2  3.6    36    47     613    (-,-) 
  u_core/g225318/Y                            -       A2->Y   R     OA21x2_ASAP7_75t_R           2  4.0    38    49     662    (-,-) 
  u_core/g225130/Y                            -       B->Y    F     NOR2x1_ASAP7_75t_R           2  3.4    58    36     698    (-,-) 
  u_core/g224944/Y                            -       A2->Y   F     AO21x2_ASAP7_75t_R           3  4.7    35    61     759    (-,-) 
  u_core/g237387/Y                            -       A2->Y   F     AO221x1_ASAP7_75t_R          2  3.1    43    67     826    (-,-) 
  u_core/g224641/Y                            -       A2->Y   F     AO21x2_ASAP7_75t_R           3  5.7    40    60     886    (-,-) 
  u_core/g224594/Y                            -       B->Y    R     NAND2x1p5_ASAP7_75t_R        2  4.1    46    36     922    (-,-) 
  u_core/g224558/Y                            -       A1->Y   F     OAI21x1_ASAP7_75t_R          1  2.9    48    31     953    (-,-) 
  u_core/g224540/Y                            -       B->Y    R     NAND2x1p5_ASAP7_75t_R        2  3.5    55    36     989    (-,-) 
  u_core/g224538/Y                            -       A->Y    F     INVxp67_ASAP7_75t_R          1  3.4    60    48    1037    (-,-) 
  u_core/g224520/Y                            -       B->Y    R     NAND2x2_ASAP7_75t_R          7  9.9    88    60    1097    (-,-) 
  u_core/g224504/Y                            -       A->Y    R     BUFx2_ASAP7_75t_R            8 10.5    80    79    1176    (-,-) 
  u_core/g237390/Y                            -       A2->Y   R     OA21x2_ASAP7_75t_R           4  5.9    51    67    1243    (-,-) 
  u_core/g224352/Y                            -       B->Y    F     NOR2xp67_ASAP7_75t_R         3  4.2    74    55    1298    (-,-) 
  u_core/g224217/Y                            -       A2->Y   R     AOI21xp5_ASAP7_75t_R         1  2.0    78    52    1350    (-,-) 
  u_core/g224176/Y                            -       A1->Y   R     OA21x2_ASAP7_75t_R           1  2.7    30    57    1407    (-,-) 
  u_core/g224131/Y                            -       B->Y    F     OAI21x1_ASAP7_75t_R          2  3.6    48    32    1440    (-,-) 
  u_core/g224124/Y                            -       B->Y    F     AND2x2_ASAP7_75t_R           2  3.7    28    50    1490    (-,-) 
  u_core/g224118/Y                            -       A1->Y   F     AO31x2_ASAP7_75t_R           3  5.3    34    44    1534    (-,-) 
  u_core/g224111/Y                            -       A1->Y   R     AOI21x1_ASAP7_75t_R          2  3.7    65    41    1574    (-,-) 
  u_core/g224108/Y                            -       A->Y    F     INVx1_ASAP7_75t_R            1  2.0    35    33    1607    (-,-) 
  u_core/g224101/Y                            -       A2->Y   F     AO21x1_ASAP7_75t_R           2  4.1    48    56    1663    (-,-) 
  u_core/g224098/Y                            -       A1->Y   R     AOI21x1_ASAP7_75t_R          2  4.0    78    46    1709    (-,-) 
  u_core/g224097/Y                            -       B->Y    F     NOR2x1_ASAP7_75t_R           2  3.4    51    49    1758    (-,-) 
  u_core/g224096/Y                            -       B->Y    R     NAND2x1_ASAP7_75t_R          2  3.2    63    45    1803    (-,-) 
  u_core/g224091/Y                            -       A2->Y   R     OA22x2_ASAP7_75t_R           4  5.8    50    64    1867    (-,-) 
  u_core/g224085/Y                            -       A2->Y   R     OA21x2_ASAP7_75t_R           4  6.6    56    62    1929    (-,-) 
  u_core/g224083/Y                            -       A->Y    F     INVx1_ASAP7_75t_R            2  3.2    43    38    1967    (-,-) 
  u_core/g224081/Y                            -       B->Y    F     AND2x2_ASAP7_75t_R           1  2.0    19    44    2011    (-,-) 
  u_core/g224073/Y                            -       A2->Y   R     OAI21xp5_ASAP7_75t_R         1  2.1    70    41    2052    (-,-) 
  u_core/drc_bufs248528/Y                     -       A->Y    R     BUFx3_ASAP7_75t_R            2  3.3    24    46    2097    (-,-) 
  u_core/g265850/Y                            -       B->Y    R     OR2x4_ASAP7_75t_R            4  6.9    37    49    2147    (-,-) 
  u_core/g224061_dup/Y                        -       A->Y    R     BUFx10_ASAP7_75t_R          15 20.8    39    51    2198    (-,-) 
  u_core/g224059/Y                            -       A->Y    F     INVx4_ASAP7_75t_R           16 18.7    52    40    2238    (-,-) 
  u_core/g224042/Y                            -       A2->Y   F     AO22x1_ASAP7_75t_R           1  2.0    31    57    2294    (-,-) 
  u_core/g223995/Y                            -       A2->Y   R     AOI22xp5_ASAP7_75t_R         1  2.0    83    45    2339    (-,-) 
  u_core/EX_gen_muldiv.DIV_quotient_reg[12]/D -       -       R     DFFASRHQNx1_ASAP7_75t_R      1    -     -     0    2339    (-,-) 
#------------------------------------------------------------------------------------------------------------------------------------



Path 39: MET (5 ps) Setup Check with Pin u_core/EX_gen_muldiv.DIV_quotient_reg[10]/CLK->D
           View: view_ss
          Group: CLK_CPU
     Startpoint: (R) u_core/EX_gen_muldiv.DIV_mask_reg[27]/CLK
          Clock: (R) CLK_CPU
       Endpoint: (R) u_core/EX_gen_muldiv.DIV_quotient_reg[10]/D
          Clock: (R) CLK_CPU

                     Capture       Launch     
        Clock Edge:+    2500            0     
       Src Latency:+       0            0     
       Net Latency:+       0 (I)        0 (I) 
           Arrival:=    2500            0     
                                              
             Setup:-      31                  
       Uncertainty:-     125                  
     Required Time:=    2344                  
      Launch Clock:-       0                  
         Data Path:-    2339                  
             Slack:=       5                  

#------------------------------------------------------------------------------------------------------------------------------------
#                Timing Point                 Flags    Arc    Edge          Cell            Fanout Load Trans Delay Arrival Instance 
#                                                                                                  (fF)  (ps)  (ps)   (ps)  Location 
#------------------------------------------------------------------------------------------------------------------------------------
  u_core/EX_gen_muldiv.DIV_mask_reg[27]/CLK   -       -       R     (arrival)                 8138    -    40     0       0    (-,-) 
  u_core/EX_gen_muldiv.DIV_mask_reg[27]/QN    -       CLK->QN F     DFFASRHQNx1_ASAP7_75t_R      1  2.0    51   108     108    (-,-) 
  u_core/drc_bufs242269/Y                     -       A->Y    F     BUFx2_ASAP7_75t_R            7  9.6    54    65     173    (-,-) 
  u_core/g233952/Y                            -       A2->Y   R     AOI22xp5_ASAP7_75t_R         1  2.9    99    62     235    (-,-) 
  u_core/g232951/Y                            -       B->Y    F     NAND4xp75_ASAP7_75t_R        1  3.4    69    55     290    (-,-) 
  u_core/g232512/Y                            -       B->Y    R     NOR2x2_ASAP7_75t_R           3  4.8    54    40     330    (-,-) 
  u_core/g232074/Y                            -       B->Y    R     AND2x2_ASAP7_75t_R           2  3.3    32    50     380    (-,-) 
  u_core/g230390/Y                            -       B->Y    F     NAND2xp5_ASAP7_75t_R         1  2.5    53    38     417    (-,-) 
  u_core/g228320/Y                            -       A1->Y   F     AO31x2_ASAP7_75t_R           2  4.0    28    45     462    (-,-) 
  u_core/g227612/Y                            -       A1->Y   R     AOI21x1_ASAP7_75t_R          3  4.5    83    45     507    (-,-) 
  u_core/g226816/Y                            -       A2->Y   R     OA21x2_ASAP7_75t_R           2  3.5    35    59     566    (-,-) 
  u_core/g226479/Y                            -       A2->Y   R     OA21x2_ASAP7_75t_R           2  3.6    36    47     613    (-,-) 
  u_core/g225318/Y                            -       A2->Y   R     OA21x2_ASAP7_75t_R           2  4.0    38    49     662    (-,-) 
  u_core/g225130/Y                            -       B->Y    F     NOR2x1_ASAP7_75t_R           2  3.4    58    36     698    (-,-) 
  u_core/g224944/Y                            -       A2->Y   F     AO21x2_ASAP7_75t_R           3  4.7    35    61     759    (-,-) 
  u_core/g237387/Y                            -       A2->Y   F     AO221x1_ASAP7_75t_R          2  3.1    43    67     826    (-,-) 
  u_core/g224641/Y                            -       A2->Y   F     AO21x2_ASAP7_75t_R           3  5.7    40    60     886    (-,-) 
  u_core/g224594/Y                            -       B->Y    R     NAND2x1p5_ASAP7_75t_R        2  4.1    46    36     922    (-,-) 
  u_core/g224558/Y                            -       A1->Y   F     OAI21x1_ASAP7_75t_R          1  2.9    48    31     953    (-,-) 
  u_core/g224540/Y                            -       B->Y    R     NAND2x1p5_ASAP7_75t_R        2  3.5    55    36     989    (-,-) 
  u_core/g224538/Y                            -       A->Y    F     INVxp67_ASAP7_75t_R          1  3.4    60    48    1037    (-,-) 
  u_core/g224520/Y                            -       B->Y    R     NAND2x2_ASAP7_75t_R          7  9.9    88    60    1097    (-,-) 
  u_core/g224504/Y                            -       A->Y    R     BUFx2_ASAP7_75t_R            8 10.5    80    79    1176    (-,-) 
  u_core/g237390/Y                            -       A2->Y   R     OA21x2_ASAP7_75t_R           4  5.9    51    67    1243    (-,-) 
  u_core/g224352/Y                            -       B->Y    F     NOR2xp67_ASAP7_75t_R         3  4.2    74    55    1298    (-,-) 
  u_core/g224217/Y                            -       A2->Y   R     AOI21xp5_ASAP7_75t_R         1  2.0    78    52    1350    (-,-) 
  u_core/g224176/Y                            -       A1->Y   R     OA21x2_ASAP7_75t_R           1  2.7    30    57    1407    (-,-) 
  u_core/g224131/Y                            -       B->Y    F     OAI21x1_ASAP7_75t_R          2  3.6    48    32    1440    (-,-) 
  u_core/g224124/Y                            -       B->Y    F     AND2x2_ASAP7_75t_R           2  3.7    28    50    1490    (-,-) 
  u_core/g224118/Y                            -       A1->Y   F     AO31x2_ASAP7_75t_R           3  5.3    34    44    1534    (-,-) 
  u_core/g224111/Y                            -       A1->Y   R     AOI21x1_ASAP7_75t_R          2  3.7    65    41    1574    (-,-) 
  u_core/g224108/Y                            -       A->Y    F     INVx1_ASAP7_75t_R            1  2.0    35    33    1607    (-,-) 
  u_core/g224101/Y                            -       A2->Y   F     AO21x1_ASAP7_75t_R           2  4.1    48    56    1663    (-,-) 
  u_core/g224098/Y                            -       A1->Y   R     AOI21x1_ASAP7_75t_R          2  4.0    78    46    1709    (-,-) 
  u_core/g224097/Y                            -       B->Y    F     NOR2x1_ASAP7_75t_R           2  3.4    51    49    1758    (-,-) 
  u_core/g224096/Y                            -       B->Y    R     NAND2x1_ASAP7_75t_R          2  3.2    63    45    1803    (-,-) 
  u_core/g224091/Y                            -       A2->Y   R     OA22x2_ASAP7_75t_R           4  5.8    50    64    1867    (-,-) 
  u_core/g224085/Y                            -       A2->Y   R     OA21x2_ASAP7_75t_R           4  6.6    56    62    1929    (-,-) 
  u_core/g224083/Y                            -       A->Y    F     INVx1_ASAP7_75t_R            2  3.2    43    38    1967    (-,-) 
  u_core/g224081/Y                            -       B->Y    F     AND2x2_ASAP7_75t_R           1  2.0    19    44    2011    (-,-) 
  u_core/g224073/Y                            -       A2->Y   R     OAI21xp5_ASAP7_75t_R         1  2.1    70    41    2052    (-,-) 
  u_core/drc_bufs248528/Y                     -       A->Y    R     BUFx3_ASAP7_75t_R            2  3.3    24    46    2097    (-,-) 
  u_core/g265850/Y                            -       B->Y    R     OR2x4_ASAP7_75t_R            4  6.9    37    49    2147    (-,-) 
  u_core/g224061_dup/Y                        -       A->Y    R     BUFx10_ASAP7_75t_R          15 20.8    39    51    2198    (-,-) 
  u_core/g224059/Y                            -       A->Y    F     INVx4_ASAP7_75t_R           16 18.7    52    40    2238    (-,-) 
  u_core/g224041/Y                            -       A2->Y   F     AO22x1_ASAP7_75t_R           1  2.0    31    57    2294    (-,-) 
  u_core/g223993/Y                            -       A2->Y   R     AOI22xp5_ASAP7_75t_R         1  2.0    83    45    2339    (-,-) 
  u_core/EX_gen_muldiv.DIV_quotient_reg[10]/D -       -       R     DFFASRHQNx1_ASAP7_75t_R      1    -     -     0    2339    (-,-) 
#------------------------------------------------------------------------------------------------------------------------------------



Path 40: MET (5 ps) Setup Check with Pin u_core/EX_gen_muldiv.DIV_quotient_reg[8]/CLK->D
           View: view_ss
          Group: CLK_CPU
     Startpoint: (R) u_core/EX_gen_muldiv.DIV_mask_reg[27]/CLK
          Clock: (R) CLK_CPU
       Endpoint: (R) u_core/EX_gen_muldiv.DIV_quotient_reg[8]/D
          Clock: (R) CLK_CPU

                     Capture       Launch     
        Clock Edge:+    2500            0     
       Src Latency:+       0            0     
       Net Latency:+       0 (I)        0 (I) 
           Arrival:=    2500            0     
                                              
             Setup:-      31                  
       Uncertainty:-     125                  
     Required Time:=    2344                  
      Launch Clock:-       0                  
         Data Path:-    2339                  
             Slack:=       5                  

#-----------------------------------------------------------------------------------------------------------------------------------
#               Timing Point                 Flags    Arc    Edge          Cell            Fanout Load Trans Delay Arrival Instance 
#                                                                                                 (fF)  (ps)  (ps)   (ps)  Location 
#-----------------------------------------------------------------------------------------------------------------------------------
  u_core/EX_gen_muldiv.DIV_mask_reg[27]/CLK  -       -       R     (arrival)                 8138    -    40     0       0    (-,-) 
  u_core/EX_gen_muldiv.DIV_mask_reg[27]/QN   -       CLK->QN F     DFFASRHQNx1_ASAP7_75t_R      1  2.0    51   108     108    (-,-) 
  u_core/drc_bufs242269/Y                    -       A->Y    F     BUFx2_ASAP7_75t_R            7  9.6    54    65     173    (-,-) 
  u_core/g233952/Y                           -       A2->Y   R     AOI22xp5_ASAP7_75t_R         1  2.9    99    62     235    (-,-) 
  u_core/g232951/Y                           -       B->Y    F     NAND4xp75_ASAP7_75t_R        1  3.4    69    55     290    (-,-) 
  u_core/g232512/Y                           -       B->Y    R     NOR2x2_ASAP7_75t_R           3  4.8    54    40     330    (-,-) 
  u_core/g232074/Y                           -       B->Y    R     AND2x2_ASAP7_75t_R           2  3.3    32    50     380    (-,-) 
  u_core/g230390/Y                           -       B->Y    F     NAND2xp5_ASAP7_75t_R         1  2.5    53    38     417    (-,-) 
  u_core/g228320/Y                           -       A1->Y   F     AO31x2_ASAP7_75t_R           2  4.0    28    45     462    (-,-) 
  u_core/g227612/Y                           -       A1->Y   R     AOI21x1_ASAP7_75t_R          3  4.5    83    45     507    (-,-) 
  u_core/g226816/Y                           -       A2->Y   R     OA21x2_ASAP7_75t_R           2  3.5    35    59     566    (-,-) 
  u_core/g226479/Y                           -       A2->Y   R     OA21x2_ASAP7_75t_R           2  3.6    36    47     613    (-,-) 
  u_core/g225318/Y                           -       A2->Y   R     OA21x2_ASAP7_75t_R           2  4.0    38    49     662    (-,-) 
  u_core/g225130/Y                           -       B->Y    F     NOR2x1_ASAP7_75t_R           2  3.4    58    36     698    (-,-) 
  u_core/g224944/Y                           -       A2->Y   F     AO21x2_ASAP7_75t_R           3  4.7    35    61     759    (-,-) 
  u_core/g237387/Y                           -       A2->Y   F     AO221x1_ASAP7_75t_R          2  3.1    43    67     826    (-,-) 
  u_core/g224641/Y                           -       A2->Y   F     AO21x2_ASAP7_75t_R           3  5.7    40    60     886    (-,-) 
  u_core/g224594/Y                           -       B->Y    R     NAND2x1p5_ASAP7_75t_R        2  4.1    46    36     922    (-,-) 
  u_core/g224558/Y                           -       A1->Y   F     OAI21x1_ASAP7_75t_R          1  2.9    48    31     953    (-,-) 
  u_core/g224540/Y                           -       B->Y    R     NAND2x1p5_ASAP7_75t_R        2  3.5    55    36     989    (-,-) 
  u_core/g224538/Y                           -       A->Y    F     INVxp67_ASAP7_75t_R          1  3.4    60    48    1037    (-,-) 
  u_core/g224520/Y                           -       B->Y    R     NAND2x2_ASAP7_75t_R          7  9.9    88    60    1097    (-,-) 
  u_core/g224504/Y                           -       A->Y    R     BUFx2_ASAP7_75t_R            8 10.5    80    79    1176    (-,-) 
  u_core/g237390/Y                           -       A2->Y   R     OA21x2_ASAP7_75t_R           4  5.9    51    67    1243    (-,-) 
  u_core/g224352/Y                           -       B->Y    F     NOR2xp67_ASAP7_75t_R         3  4.2    74    55    1298    (-,-) 
  u_core/g224217/Y                           -       A2->Y   R     AOI21xp5_ASAP7_75t_R         1  2.0    78    52    1350    (-,-) 
  u_core/g224176/Y                           -       A1->Y   R     OA21x2_ASAP7_75t_R           1  2.7    30    57    1407    (-,-) 
  u_core/g224131/Y                           -       B->Y    F     OAI21x1_ASAP7_75t_R          2  3.6    48    32    1440    (-,-) 
  u_core/g224124/Y                           -       B->Y    F     AND2x2_ASAP7_75t_R           2  3.7    28    50    1490    (-,-) 
  u_core/g224118/Y                           -       A1->Y   F     AO31x2_ASAP7_75t_R           3  5.3    34    44    1534    (-,-) 
  u_core/g224111/Y                           -       A1->Y   R     AOI21x1_ASAP7_75t_R          2  3.7    65    41    1574    (-,-) 
  u_core/g224108/Y                           -       A->Y    F     INVx1_ASAP7_75t_R            1  2.0    35    33    1607    (-,-) 
  u_core/g224101/Y                           -       A2->Y   F     AO21x1_ASAP7_75t_R           2  4.1    48    56    1663    (-,-) 
  u_core/g224098/Y                           -       A1->Y   R     AOI21x1_ASAP7_75t_R          2  4.0    78    46    1709    (-,-) 
  u_core/g224097/Y                           -       B->Y    F     NOR2x1_ASAP7_75t_R           2  3.4    51    49    1758    (-,-) 
  u_core/g224096/Y                           -       B->Y    R     NAND2x1_ASAP7_75t_R          2  3.2    63    45    1803    (-,-) 
  u_core/g224091/Y                           -       A2->Y   R     OA22x2_ASAP7_75t_R           4  5.8    50    64    1867    (-,-) 
  u_core/g224085/Y                           -       A2->Y   R     OA21x2_ASAP7_75t_R           4  6.6    56    62    1929    (-,-) 
  u_core/g224083/Y                           -       A->Y    F     INVx1_ASAP7_75t_R            2  3.2    43    38    1967    (-,-) 
  u_core/g224081/Y                           -       B->Y    F     AND2x2_ASAP7_75t_R           1  2.0    19    44    2011    (-,-) 
  u_core/g224073/Y                           -       A2->Y   R     OAI21xp5_ASAP7_75t_R         1  2.1    70    41    2052    (-,-) 
  u_core/drc_bufs248528/Y                    -       A->Y    R     BUFx3_ASAP7_75t_R            2  3.3    24    46    2097    (-,-) 
  u_core/g265850/Y                           -       B->Y    R     OR2x4_ASAP7_75t_R            4  6.9    37    49    2147    (-,-) 
  u_core/g224061_dup/Y                       -       A->Y    R     BUFx10_ASAP7_75t_R          15 20.8    39    51    2198    (-,-) 
  u_core/g224059/Y                           -       A->Y    F     INVx4_ASAP7_75t_R           16 18.7    52    40    2238    (-,-) 
  u_core/g224040/Y                           -       A2->Y   F     AO22x1_ASAP7_75t_R           1  2.0    31    57    2294    (-,-) 
  u_core/g223991/Y                           -       A2->Y   R     AOI22xp5_ASAP7_75t_R         1  2.0    83    45    2339    (-,-) 
  u_core/EX_gen_muldiv.DIV_quotient_reg[8]/D -       -       R     DFFASRHQNx1_ASAP7_75t_R      1    -     -     0    2339    (-,-) 
#-----------------------------------------------------------------------------------------------------------------------------------



Path 41: MET (5 ps) Setup Check with Pin u_core/EX_gen_muldiv.DIV_quotient_reg[6]/CLK->D
           View: view_ss
          Group: CLK_CPU
     Startpoint: (R) u_core/EX_gen_muldiv.DIV_mask_reg[27]/CLK
          Clock: (R) CLK_CPU
       Endpoint: (R) u_core/EX_gen_muldiv.DIV_quotient_reg[6]/D
          Clock: (R) CLK_CPU

                     Capture       Launch     
        Clock Edge:+    2500            0     
       Src Latency:+       0            0     
       Net Latency:+       0 (I)        0 (I) 
           Arrival:=    2500            0     
                                              
             Setup:-      31                  
       Uncertainty:-     125                  
     Required Time:=    2344                  
      Launch Clock:-       0                  
         Data Path:-    2339                  
             Slack:=       5                  

#-----------------------------------------------------------------------------------------------------------------------------------
#               Timing Point                 Flags    Arc    Edge          Cell            Fanout Load Trans Delay Arrival Instance 
#                                                                                                 (fF)  (ps)  (ps)   (ps)  Location 
#-----------------------------------------------------------------------------------------------------------------------------------
  u_core/EX_gen_muldiv.DIV_mask_reg[27]/CLK  -       -       R     (arrival)                 8138    -    40     0       0    (-,-) 
  u_core/EX_gen_muldiv.DIV_mask_reg[27]/QN   -       CLK->QN F     DFFASRHQNx1_ASAP7_75t_R      1  2.0    51   108     108    (-,-) 
  u_core/drc_bufs242269/Y                    -       A->Y    F     BUFx2_ASAP7_75t_R            7  9.6    54    65     173    (-,-) 
  u_core/g233952/Y                           -       A2->Y   R     AOI22xp5_ASAP7_75t_R         1  2.9    99    62     235    (-,-) 
  u_core/g232951/Y                           -       B->Y    F     NAND4xp75_ASAP7_75t_R        1  3.4    69    55     290    (-,-) 
  u_core/g232512/Y                           -       B->Y    R     NOR2x2_ASAP7_75t_R           3  4.8    54    40     330    (-,-) 
  u_core/g232074/Y                           -       B->Y    R     AND2x2_ASAP7_75t_R           2  3.3    32    50     380    (-,-) 
  u_core/g230390/Y                           -       B->Y    F     NAND2xp5_ASAP7_75t_R         1  2.5    53    38     417    (-,-) 
  u_core/g228320/Y                           -       A1->Y   F     AO31x2_ASAP7_75t_R           2  4.0    28    45     462    (-,-) 
  u_core/g227612/Y                           -       A1->Y   R     AOI21x1_ASAP7_75t_R          3  4.5    83    45     507    (-,-) 
  u_core/g226816/Y                           -       A2->Y   R     OA21x2_ASAP7_75t_R           2  3.5    35    59     566    (-,-) 
  u_core/g226479/Y                           -       A2->Y   R     OA21x2_ASAP7_75t_R           2  3.6    36    47     613    (-,-) 
  u_core/g225318/Y                           -       A2->Y   R     OA21x2_ASAP7_75t_R           2  4.0    38    49     662    (-,-) 
  u_core/g225130/Y                           -       B->Y    F     NOR2x1_ASAP7_75t_R           2  3.4    58    36     698    (-,-) 
  u_core/g224944/Y                           -       A2->Y   F     AO21x2_ASAP7_75t_R           3  4.7    35    61     759    (-,-) 
  u_core/g237387/Y                           -       A2->Y   F     AO221x1_ASAP7_75t_R          2  3.1    43    67     826    (-,-) 
  u_core/g224641/Y                           -       A2->Y   F     AO21x2_ASAP7_75t_R           3  5.7    40    60     886    (-,-) 
  u_core/g224594/Y                           -       B->Y    R     NAND2x1p5_ASAP7_75t_R        2  4.1    46    36     922    (-,-) 
  u_core/g224558/Y                           -       A1->Y   F     OAI21x1_ASAP7_75t_R          1  2.9    48    31     953    (-,-) 
  u_core/g224540/Y                           -       B->Y    R     NAND2x1p5_ASAP7_75t_R        2  3.5    55    36     989    (-,-) 
  u_core/g224538/Y                           -       A->Y    F     INVxp67_ASAP7_75t_R          1  3.4    60    48    1037    (-,-) 
  u_core/g224520/Y                           -       B->Y    R     NAND2x2_ASAP7_75t_R          7  9.9    88    60    1097    (-,-) 
  u_core/g224504/Y                           -       A->Y    R     BUFx2_ASAP7_75t_R            8 10.5    80    79    1176    (-,-) 
  u_core/g237390/Y                           -       A2->Y   R     OA21x2_ASAP7_75t_R           4  5.9    51    67    1243    (-,-) 
  u_core/g224352/Y                           -       B->Y    F     NOR2xp67_ASAP7_75t_R         3  4.2    74    55    1298    (-,-) 
  u_core/g224217/Y                           -       A2->Y   R     AOI21xp5_ASAP7_75t_R         1  2.0    78    52    1350    (-,-) 
  u_core/g224176/Y                           -       A1->Y   R     OA21x2_ASAP7_75t_R           1  2.7    30    57    1407    (-,-) 
  u_core/g224131/Y                           -       B->Y    F     OAI21x1_ASAP7_75t_R          2  3.6    48    32    1440    (-,-) 
  u_core/g224124/Y                           -       B->Y    F     AND2x2_ASAP7_75t_R           2  3.7    28    50    1490    (-,-) 
  u_core/g224118/Y                           -       A1->Y   F     AO31x2_ASAP7_75t_R           3  5.3    34    44    1534    (-,-) 
  u_core/g224111/Y                           -       A1->Y   R     AOI21x1_ASAP7_75t_R          2  3.7    65    41    1574    (-,-) 
  u_core/g224108/Y                           -       A->Y    F     INVx1_ASAP7_75t_R            1  2.0    35    33    1607    (-,-) 
  u_core/g224101/Y                           -       A2->Y   F     AO21x1_ASAP7_75t_R           2  4.1    48    56    1663    (-,-) 
  u_core/g224098/Y                           -       A1->Y   R     AOI21x1_ASAP7_75t_R          2  4.0    78    46    1709    (-,-) 
  u_core/g224097/Y                           -       B->Y    F     NOR2x1_ASAP7_75t_R           2  3.4    51    49    1758    (-,-) 
  u_core/g224096/Y                           -       B->Y    R     NAND2x1_ASAP7_75t_R          2  3.2    63    45    1803    (-,-) 
  u_core/g224091/Y                           -       A2->Y   R     OA22x2_ASAP7_75t_R           4  5.8    50    64    1867    (-,-) 
  u_core/g224085/Y                           -       A2->Y   R     OA21x2_ASAP7_75t_R           4  6.6    56    62    1929    (-,-) 
  u_core/g224083/Y                           -       A->Y    F     INVx1_ASAP7_75t_R            2  3.2    43    38    1967    (-,-) 
  u_core/g224081/Y                           -       B->Y    F     AND2x2_ASAP7_75t_R           1  2.0    19    44    2011    (-,-) 
  u_core/g224073/Y                           -       A2->Y   R     OAI21xp5_ASAP7_75t_R         1  2.1    70    41    2052    (-,-) 
  u_core/drc_bufs248528/Y                    -       A->Y    R     BUFx3_ASAP7_75t_R            2  3.3    24    46    2097    (-,-) 
  u_core/g265850/Y                           -       B->Y    R     OR2x4_ASAP7_75t_R            4  6.9    37    49    2147    (-,-) 
  u_core/g224061_dup/Y                       -       A->Y    R     BUFx10_ASAP7_75t_R          15 20.8    39    51    2198    (-,-) 
  u_core/g224059/Y                           -       A->Y    F     INVx4_ASAP7_75t_R           16 18.7    52    40    2238    (-,-) 
  u_core/g224039/Y                           -       A2->Y   F     AO22x1_ASAP7_75t_R           1  2.0    31    57    2294    (-,-) 
  u_core/g223994/Y                           -       A2->Y   R     AOI22xp5_ASAP7_75t_R         1  2.0    83    45    2339    (-,-) 
  u_core/EX_gen_muldiv.DIV_quotient_reg[6]/D -       -       R     DFFASRHQNx1_ASAP7_75t_R      1    -     -     0    2339    (-,-) 
#-----------------------------------------------------------------------------------------------------------------------------------



Path 42: MET (5 ps) Setup Check with Pin u_core/EX_gen_muldiv.DIV_quotient_reg[4]/CLK->D
           View: view_ss
          Group: CLK_CPU
     Startpoint: (R) u_core/EX_gen_muldiv.DIV_mask_reg[27]/CLK
          Clock: (R) CLK_CPU
       Endpoint: (R) u_core/EX_gen_muldiv.DIV_quotient_reg[4]/D
          Clock: (R) CLK_CPU

                     Capture       Launch     
        Clock Edge:+    2500            0     
       Src Latency:+       0            0     
       Net Latency:+       0 (I)        0 (I) 
           Arrival:=    2500            0     
                                              
             Setup:-      31                  
       Uncertainty:-     125                  
     Required Time:=    2344                  
      Launch Clock:-       0                  
         Data Path:-    2339                  
             Slack:=       5                  

#-----------------------------------------------------------------------------------------------------------------------------------
#               Timing Point                 Flags    Arc    Edge          Cell            Fanout Load Trans Delay Arrival Instance 
#                                                                                                 (fF)  (ps)  (ps)   (ps)  Location 
#-----------------------------------------------------------------------------------------------------------------------------------
  u_core/EX_gen_muldiv.DIV_mask_reg[27]/CLK  -       -       R     (arrival)                 8138    -    40     0       0    (-,-) 
  u_core/EX_gen_muldiv.DIV_mask_reg[27]/QN   -       CLK->QN F     DFFASRHQNx1_ASAP7_75t_R      1  2.0    51   108     108    (-,-) 
  u_core/drc_bufs242269/Y                    -       A->Y    F     BUFx2_ASAP7_75t_R            7  9.6    54    65     173    (-,-) 
  u_core/g233952/Y                           -       A2->Y   R     AOI22xp5_ASAP7_75t_R         1  2.9    99    62     235    (-,-) 
  u_core/g232951/Y                           -       B->Y    F     NAND4xp75_ASAP7_75t_R        1  3.4    69    55     290    (-,-) 
  u_core/g232512/Y                           -       B->Y    R     NOR2x2_ASAP7_75t_R           3  4.8    54    40     330    (-,-) 
  u_core/g232074/Y                           -       B->Y    R     AND2x2_ASAP7_75t_R           2  3.3    32    50     380    (-,-) 
  u_core/g230390/Y                           -       B->Y    F     NAND2xp5_ASAP7_75t_R         1  2.5    53    38     417    (-,-) 
  u_core/g228320/Y                           -       A1->Y   F     AO31x2_ASAP7_75t_R           2  4.0    28    45     462    (-,-) 
  u_core/g227612/Y                           -       A1->Y   R     AOI21x1_ASAP7_75t_R          3  4.5    83    45     507    (-,-) 
  u_core/g226816/Y                           -       A2->Y   R     OA21x2_ASAP7_75t_R           2  3.5    35    59     566    (-,-) 
  u_core/g226479/Y                           -       A2->Y   R     OA21x2_ASAP7_75t_R           2  3.6    36    47     613    (-,-) 
  u_core/g225318/Y                           -       A2->Y   R     OA21x2_ASAP7_75t_R           2  4.0    38    49     662    (-,-) 
  u_core/g225130/Y                           -       B->Y    F     NOR2x1_ASAP7_75t_R           2  3.4    58    36     698    (-,-) 
  u_core/g224944/Y                           -       A2->Y   F     AO21x2_ASAP7_75t_R           3  4.7    35    61     759    (-,-) 
  u_core/g237387/Y                           -       A2->Y   F     AO221x1_ASAP7_75t_R          2  3.1    43    67     826    (-,-) 
  u_core/g224641/Y                           -       A2->Y   F     AO21x2_ASAP7_75t_R           3  5.7    40    60     886    (-,-) 
  u_core/g224594/Y                           -       B->Y    R     NAND2x1p5_ASAP7_75t_R        2  4.1    46    36     922    (-,-) 
  u_core/g224558/Y                           -       A1->Y   F     OAI21x1_ASAP7_75t_R          1  2.9    48    31     953    (-,-) 
  u_core/g224540/Y                           -       B->Y    R     NAND2x1p5_ASAP7_75t_R        2  3.5    55    36     989    (-,-) 
  u_core/g224538/Y                           -       A->Y    F     INVxp67_ASAP7_75t_R          1  3.4    60    48    1037    (-,-) 
  u_core/g224520/Y                           -       B->Y    R     NAND2x2_ASAP7_75t_R          7  9.9    88    60    1097    (-,-) 
  u_core/g224504/Y                           -       A->Y    R     BUFx2_ASAP7_75t_R            8 10.5    80    79    1176    (-,-) 
  u_core/g237390/Y                           -       A2->Y   R     OA21x2_ASAP7_75t_R           4  5.9    51    67    1243    (-,-) 
  u_core/g224352/Y                           -       B->Y    F     NOR2xp67_ASAP7_75t_R         3  4.2    74    55    1298    (-,-) 
  u_core/g224217/Y                           -       A2->Y   R     AOI21xp5_ASAP7_75t_R         1  2.0    78    52    1350    (-,-) 
  u_core/g224176/Y                           -       A1->Y   R     OA21x2_ASAP7_75t_R           1  2.7    30    57    1407    (-,-) 
  u_core/g224131/Y                           -       B->Y    F     OAI21x1_ASAP7_75t_R          2  3.6    48    32    1440    (-,-) 
  u_core/g224124/Y                           -       B->Y    F     AND2x2_ASAP7_75t_R           2  3.7    28    50    1490    (-,-) 
  u_core/g224118/Y                           -       A1->Y   F     AO31x2_ASAP7_75t_R           3  5.3    34    44    1534    (-,-) 
  u_core/g224111/Y                           -       A1->Y   R     AOI21x1_ASAP7_75t_R          2  3.7    65    41    1574    (-,-) 
  u_core/g224108/Y                           -       A->Y    F     INVx1_ASAP7_75t_R            1  2.0    35    33    1607    (-,-) 
  u_core/g224101/Y                           -       A2->Y   F     AO21x1_ASAP7_75t_R           2  4.1    48    56    1663    (-,-) 
  u_core/g224098/Y                           -       A1->Y   R     AOI21x1_ASAP7_75t_R          2  4.0    78    46    1709    (-,-) 
  u_core/g224097/Y                           -       B->Y    F     NOR2x1_ASAP7_75t_R           2  3.4    51    49    1758    (-,-) 
  u_core/g224096/Y                           -       B->Y    R     NAND2x1_ASAP7_75t_R          2  3.2    63    45    1803    (-,-) 
  u_core/g224091/Y                           -       A2->Y   R     OA22x2_ASAP7_75t_R           4  5.8    50    64    1867    (-,-) 
  u_core/g224085/Y                           -       A2->Y   R     OA21x2_ASAP7_75t_R           4  6.6    56    62    1929    (-,-) 
  u_core/g224083/Y                           -       A->Y    F     INVx1_ASAP7_75t_R            2  3.2    43    38    1967    (-,-) 
  u_core/g224081/Y                           -       B->Y    F     AND2x2_ASAP7_75t_R           1  2.0    19    44    2011    (-,-) 
  u_core/g224073/Y                           -       A2->Y   R     OAI21xp5_ASAP7_75t_R         1  2.1    70    41    2052    (-,-) 
  u_core/drc_bufs248528/Y                    -       A->Y    R     BUFx3_ASAP7_75t_R            2  3.3    24    46    2097    (-,-) 
  u_core/g265850/Y                           -       B->Y    R     OR2x4_ASAP7_75t_R            4  6.9    37    49    2147    (-,-) 
  u_core/g224061_dup/Y                       -       A->Y    R     BUFx10_ASAP7_75t_R          15 20.8    39    51    2198    (-,-) 
  u_core/g224059/Y                           -       A->Y    F     INVx4_ASAP7_75t_R           16 18.7    52    40    2238    (-,-) 
  u_core/g224045/Y                           -       A2->Y   F     AO22x1_ASAP7_75t_R           1  2.0    31    57    2294    (-,-) 
  u_core/g223992/Y                           -       A2->Y   R     AOI22xp5_ASAP7_75t_R         1  2.0    83    45    2339    (-,-) 
  u_core/EX_gen_muldiv.DIV_quotient_reg[4]/D -       -       R     DFFASRHQNx1_ASAP7_75t_R      1    -     -     0    2339    (-,-) 
#-----------------------------------------------------------------------------------------------------------------------------------



Path 43: MET (5 ps) Setup Check with Pin u_core/EX_gen_muldiv.DIV_quotient_reg[0]/CLK->D
           View: view_ss
          Group: CLK_CPU
     Startpoint: (R) u_core/EX_gen_muldiv.DIV_mask_reg[27]/CLK
          Clock: (R) CLK_CPU
       Endpoint: (R) u_core/EX_gen_muldiv.DIV_quotient_reg[0]/D
          Clock: (R) CLK_CPU

                     Capture       Launch     
        Clock Edge:+    2500            0     
       Src Latency:+       0            0     
       Net Latency:+       0 (I)        0 (I) 
           Arrival:=    2500            0     
                                              
             Setup:-      31                  
       Uncertainty:-     125                  
     Required Time:=    2344                  
      Launch Clock:-       0                  
         Data Path:-    2339                  
             Slack:=       5                  

#-----------------------------------------------------------------------------------------------------------------------------------
#               Timing Point                 Flags    Arc    Edge          Cell            Fanout Load Trans Delay Arrival Instance 
#                                                                                                 (fF)  (ps)  (ps)   (ps)  Location 
#-----------------------------------------------------------------------------------------------------------------------------------
  u_core/EX_gen_muldiv.DIV_mask_reg[27]/CLK  -       -       R     (arrival)                 8138    -    40     0       0    (-,-) 
  u_core/EX_gen_muldiv.DIV_mask_reg[27]/QN   -       CLK->QN F     DFFASRHQNx1_ASAP7_75t_R      1  2.0    51   108     108    (-,-) 
  u_core/drc_bufs242269/Y                    -       A->Y    F     BUFx2_ASAP7_75t_R            7  9.6    54    65     173    (-,-) 
  u_core/g233952/Y                           -       A2->Y   R     AOI22xp5_ASAP7_75t_R         1  2.9    99    62     235    (-,-) 
  u_core/g232951/Y                           -       B->Y    F     NAND4xp75_ASAP7_75t_R        1  3.4    69    55     290    (-,-) 
  u_core/g232512/Y                           -       B->Y    R     NOR2x2_ASAP7_75t_R           3  4.8    54    40     330    (-,-) 
  u_core/g232074/Y                           -       B->Y    R     AND2x2_ASAP7_75t_R           2  3.3    32    50     380    (-,-) 
  u_core/g230390/Y                           -       B->Y    F     NAND2xp5_ASAP7_75t_R         1  2.5    53    38     417    (-,-) 
  u_core/g228320/Y                           -       A1->Y   F     AO31x2_ASAP7_75t_R           2  4.0    28    45     462    (-,-) 
  u_core/g227612/Y                           -       A1->Y   R     AOI21x1_ASAP7_75t_R          3  4.5    83    45     507    (-,-) 
  u_core/g226816/Y                           -       A2->Y   R     OA21x2_ASAP7_75t_R           2  3.5    35    59     566    (-,-) 
  u_core/g226479/Y                           -       A2->Y   R     OA21x2_ASAP7_75t_R           2  3.6    36    47     613    (-,-) 
  u_core/g225318/Y                           -       A2->Y   R     OA21x2_ASAP7_75t_R           2  4.0    38    49     662    (-,-) 
  u_core/g225130/Y                           -       B->Y    F     NOR2x1_ASAP7_75t_R           2  3.4    58    36     698    (-,-) 
  u_core/g224944/Y                           -       A2->Y   F     AO21x2_ASAP7_75t_R           3  4.7    35    61     759    (-,-) 
  u_core/g237387/Y                           -       A2->Y   F     AO221x1_ASAP7_75t_R          2  3.1    43    67     826    (-,-) 
  u_core/g224641/Y                           -       A2->Y   F     AO21x2_ASAP7_75t_R           3  5.7    40    60     886    (-,-) 
  u_core/g224594/Y                           -       B->Y    R     NAND2x1p5_ASAP7_75t_R        2  4.1    46    36     922    (-,-) 
  u_core/g224558/Y                           -       A1->Y   F     OAI21x1_ASAP7_75t_R          1  2.9    48    31     953    (-,-) 
  u_core/g224540/Y                           -       B->Y    R     NAND2x1p5_ASAP7_75t_R        2  3.5    55    36     989    (-,-) 
  u_core/g224538/Y                           -       A->Y    F     INVxp67_ASAP7_75t_R          1  3.4    60    48    1037    (-,-) 
  u_core/g224520/Y                           -       B->Y    R     NAND2x2_ASAP7_75t_R          7  9.9    88    60    1097    (-,-) 
  u_core/g224504/Y                           -       A->Y    R     BUFx2_ASAP7_75t_R            8 10.5    80    79    1176    (-,-) 
  u_core/g237390/Y                           -       A2->Y   R     OA21x2_ASAP7_75t_R           4  5.9    51    67    1243    (-,-) 
  u_core/g224352/Y                           -       B->Y    F     NOR2xp67_ASAP7_75t_R         3  4.2    74    55    1298    (-,-) 
  u_core/g224217/Y                           -       A2->Y   R     AOI21xp5_ASAP7_75t_R         1  2.0    78    52    1350    (-,-) 
  u_core/g224176/Y                           -       A1->Y   R     OA21x2_ASAP7_75t_R           1  2.7    30    57    1407    (-,-) 
  u_core/g224131/Y                           -       B->Y    F     OAI21x1_ASAP7_75t_R          2  3.6    48    32    1440    (-,-) 
  u_core/g224124/Y                           -       B->Y    F     AND2x2_ASAP7_75t_R           2  3.7    28    50    1490    (-,-) 
  u_core/g224118/Y                           -       A1->Y   F     AO31x2_ASAP7_75t_R           3  5.3    34    44    1534    (-,-) 
  u_core/g224111/Y                           -       A1->Y   R     AOI21x1_ASAP7_75t_R          2  3.7    65    41    1574    (-,-) 
  u_core/g224108/Y                           -       A->Y    F     INVx1_ASAP7_75t_R            1  2.0    35    33    1607    (-,-) 
  u_core/g224101/Y                           -       A2->Y   F     AO21x1_ASAP7_75t_R           2  4.1    48    56    1663    (-,-) 
  u_core/g224098/Y                           -       A1->Y   R     AOI21x1_ASAP7_75t_R          2  4.0    78    46    1709    (-,-) 
  u_core/g224097/Y                           -       B->Y    F     NOR2x1_ASAP7_75t_R           2  3.4    51    49    1758    (-,-) 
  u_core/g224096/Y                           -       B->Y    R     NAND2x1_ASAP7_75t_R          2  3.2    63    45    1803    (-,-) 
  u_core/g224091/Y                           -       A2->Y   R     OA22x2_ASAP7_75t_R           4  5.8    50    64    1867    (-,-) 
  u_core/g224085/Y                           -       A2->Y   R     OA21x2_ASAP7_75t_R           4  6.6    56    62    1929    (-,-) 
  u_core/g224083/Y                           -       A->Y    F     INVx1_ASAP7_75t_R            2  3.2    43    38    1967    (-,-) 
  u_core/g224081/Y                           -       B->Y    F     AND2x2_ASAP7_75t_R           1  2.0    19    44    2011    (-,-) 
  u_core/g224073/Y                           -       A2->Y   R     OAI21xp5_ASAP7_75t_R         1  2.1    70    41    2052    (-,-) 
  u_core/drc_bufs248528/Y                    -       A->Y    R     BUFx3_ASAP7_75t_R            2  3.3    24    46    2097    (-,-) 
  u_core/g265850/Y                           -       B->Y    R     OR2x4_ASAP7_75t_R            4  6.9    37    49    2147    (-,-) 
  u_core/g224061_dup/Y                       -       A->Y    R     BUFx10_ASAP7_75t_R          15 20.8    39    51    2198    (-,-) 
  u_core/g224059/Y                           -       A->Y    F     INVx4_ASAP7_75t_R           16 18.7    52    40    2238    (-,-) 
  u_core/g224052/Y                           -       A2->Y   F     AO22x1_ASAP7_75t_R           1  2.0    31    57    2294    (-,-) 
  u_core/g223997/Y                           -       A2->Y   R     AOI22xp5_ASAP7_75t_R         1  2.0    83    45    2339    (-,-) 
  u_core/EX_gen_muldiv.DIV_quotient_reg[0]/D -       -       R     DFFASRHQNx1_ASAP7_75t_R      1    -     -     0    2339    (-,-) 
#-----------------------------------------------------------------------------------------------------------------------------------



Path 44: MET (5 ps) Setup Check with Pin u_core/EX_gen_muldiv.DIV_quotient_reg[2]/CLK->D
           View: view_ss
          Group: CLK_CPU
     Startpoint: (R) u_core/EX_gen_muldiv.DIV_mask_reg[27]/CLK
          Clock: (R) CLK_CPU
       Endpoint: (R) u_core/EX_gen_muldiv.DIV_quotient_reg[2]/D
          Clock: (R) CLK_CPU

                     Capture       Launch     
        Clock Edge:+    2500            0     
       Src Latency:+       0            0     
       Net Latency:+       0 (I)        0 (I) 
           Arrival:=    2500            0     
                                              
             Setup:-      31                  
       Uncertainty:-     125                  
     Required Time:=    2344                  
      Launch Clock:-       0                  
         Data Path:-    2339                  
             Slack:=       5                  

#-----------------------------------------------------------------------------------------------------------------------------------
#               Timing Point                 Flags    Arc    Edge          Cell            Fanout Load Trans Delay Arrival Instance 
#                                                                                                 (fF)  (ps)  (ps)   (ps)  Location 
#-----------------------------------------------------------------------------------------------------------------------------------
  u_core/EX_gen_muldiv.DIV_mask_reg[27]/CLK  -       -       R     (arrival)                 8138    -    40     0       0    (-,-) 
  u_core/EX_gen_muldiv.DIV_mask_reg[27]/QN   -       CLK->QN F     DFFASRHQNx1_ASAP7_75t_R      1  2.0    51   108     108    (-,-) 
  u_core/drc_bufs242269/Y                    -       A->Y    F     BUFx2_ASAP7_75t_R            7  9.6    54    65     173    (-,-) 
  u_core/g233952/Y                           -       A2->Y   R     AOI22xp5_ASAP7_75t_R         1  2.9    99    62     235    (-,-) 
  u_core/g232951/Y                           -       B->Y    F     NAND4xp75_ASAP7_75t_R        1  3.4    69    55     290    (-,-) 
  u_core/g232512/Y                           -       B->Y    R     NOR2x2_ASAP7_75t_R           3  4.8    54    40     330    (-,-) 
  u_core/g232074/Y                           -       B->Y    R     AND2x2_ASAP7_75t_R           2  3.3    32    50     380    (-,-) 
  u_core/g230390/Y                           -       B->Y    F     NAND2xp5_ASAP7_75t_R         1  2.5    53    38     417    (-,-) 
  u_core/g228320/Y                           -       A1->Y   F     AO31x2_ASAP7_75t_R           2  4.0    28    45     462    (-,-) 
  u_core/g227612/Y                           -       A1->Y   R     AOI21x1_ASAP7_75t_R          3  4.5    83    45     507    (-,-) 
  u_core/g226816/Y                           -       A2->Y   R     OA21x2_ASAP7_75t_R           2  3.5    35    59     566    (-,-) 
  u_core/g226479/Y                           -       A2->Y   R     OA21x2_ASAP7_75t_R           2  3.6    36    47     613    (-,-) 
  u_core/g225318/Y                           -       A2->Y   R     OA21x2_ASAP7_75t_R           2  4.0    38    49     662    (-,-) 
  u_core/g225130/Y                           -       B->Y    F     NOR2x1_ASAP7_75t_R           2  3.4    58    36     698    (-,-) 
  u_core/g224944/Y                           -       A2->Y   F     AO21x2_ASAP7_75t_R           3  4.7    35    61     759    (-,-) 
  u_core/g237387/Y                           -       A2->Y   F     AO221x1_ASAP7_75t_R          2  3.1    43    67     826    (-,-) 
  u_core/g224641/Y                           -       A2->Y   F     AO21x2_ASAP7_75t_R           3  5.7    40    60     886    (-,-) 
  u_core/g224594/Y                           -       B->Y    R     NAND2x1p5_ASAP7_75t_R        2  4.1    46    36     922    (-,-) 
  u_core/g224558/Y                           -       A1->Y   F     OAI21x1_ASAP7_75t_R          1  2.9    48    31     953    (-,-) 
  u_core/g224540/Y                           -       B->Y    R     NAND2x1p5_ASAP7_75t_R        2  3.5    55    36     989    (-,-) 
  u_core/g224538/Y                           -       A->Y    F     INVxp67_ASAP7_75t_R          1  3.4    60    48    1037    (-,-) 
  u_core/g224520/Y                           -       B->Y    R     NAND2x2_ASAP7_75t_R          7  9.9    88    60    1097    (-,-) 
  u_core/g224504/Y                           -       A->Y    R     BUFx2_ASAP7_75t_R            8 10.5    80    79    1176    (-,-) 
  u_core/g237390/Y                           -       A2->Y   R     OA21x2_ASAP7_75t_R           4  5.9    51    67    1243    (-,-) 
  u_core/g224352/Y                           -       B->Y    F     NOR2xp67_ASAP7_75t_R         3  4.2    74    55    1298    (-,-) 
  u_core/g224217/Y                           -       A2->Y   R     AOI21xp5_ASAP7_75t_R         1  2.0    78    52    1350    (-,-) 
  u_core/g224176/Y                           -       A1->Y   R     OA21x2_ASAP7_75t_R           1  2.7    30    57    1407    (-,-) 
  u_core/g224131/Y                           -       B->Y    F     OAI21x1_ASAP7_75t_R          2  3.6    48    32    1440    (-,-) 
  u_core/g224124/Y                           -       B->Y    F     AND2x2_ASAP7_75t_R           2  3.7    28    50    1490    (-,-) 
  u_core/g224118/Y                           -       A1->Y   F     AO31x2_ASAP7_75t_R           3  5.3    34    44    1534    (-,-) 
  u_core/g224111/Y                           -       A1->Y   R     AOI21x1_ASAP7_75t_R          2  3.7    65    41    1574    (-,-) 
  u_core/g224108/Y                           -       A->Y    F     INVx1_ASAP7_75t_R            1  2.0    35    33    1607    (-,-) 
  u_core/g224101/Y                           -       A2->Y   F     AO21x1_ASAP7_75t_R           2  4.1    48    56    1663    (-,-) 
  u_core/g224098/Y                           -       A1->Y   R     AOI21x1_ASAP7_75t_R          2  4.0    78    46    1709    (-,-) 
  u_core/g224097/Y                           -       B->Y    F     NOR2x1_ASAP7_75t_R           2  3.4    51    49    1758    (-,-) 
  u_core/g224096/Y                           -       B->Y    R     NAND2x1_ASAP7_75t_R          2  3.2    63    45    1803    (-,-) 
  u_core/g224091/Y                           -       A2->Y   R     OA22x2_ASAP7_75t_R           4  5.8    50    64    1867    (-,-) 
  u_core/g224085/Y                           -       A2->Y   R     OA21x2_ASAP7_75t_R           4  6.6    56    62    1929    (-,-) 
  u_core/g224083/Y                           -       A->Y    F     INVx1_ASAP7_75t_R            2  3.2    43    38    1967    (-,-) 
  u_core/g224081/Y                           -       B->Y    F     AND2x2_ASAP7_75t_R           1  2.0    19    44    2011    (-,-) 
  u_core/g224073/Y                           -       A2->Y   R     OAI21xp5_ASAP7_75t_R         1  2.1    70    41    2052    (-,-) 
  u_core/drc_bufs248528/Y                    -       A->Y    R     BUFx3_ASAP7_75t_R            2  3.3    24    46    2097    (-,-) 
  u_core/g265850/Y                           -       B->Y    R     OR2x4_ASAP7_75t_R            4  6.9    37    49    2147    (-,-) 
  u_core/g224061_dup/Y                       -       A->Y    R     BUFx10_ASAP7_75t_R          15 20.8    39    51    2198    (-,-) 
  u_core/g224059/Y                           -       A->Y    F     INVx4_ASAP7_75t_R           16 18.7    52    40    2238    (-,-) 
  u_core/g224038/Y                           -       A2->Y   F     AO22x1_ASAP7_75t_R           1  2.0    31    57    2294    (-,-) 
  u_core/g223990/Y                           -       A2->Y   R     AOI22xp5_ASAP7_75t_R         1  2.0    83    45    2339    (-,-) 
  u_core/EX_gen_muldiv.DIV_quotient_reg[2]/D -       -       R     DFFASRHQNx1_ASAP7_75t_R      1    -     -     0    2339    (-,-) 
#-----------------------------------------------------------------------------------------------------------------------------------



Path 45: MET (5 ps) Setup Check with Pin u_core/EX_MEM_ex_mem_alu_result_reg[17]/CLK->D
           View: view_ss
          Group: CLK_CPU
     Startpoint: (R) u_core/EX_MEM_ex_mem_alu_result_reg[0]/CLK
          Clock: (R) CLK_CPU
       Endpoint: (R) u_core/EX_MEM_ex_mem_alu_result_reg[17]/D
          Clock: (R) CLK_CPU

                     Capture       Launch     
        Clock Edge:+    2500            0     
       Src Latency:+       0            0     
       Net Latency:+       0 (I)        0 (I) 
           Arrival:=    2500            0     
                                              
             Setup:-      18                  
       Uncertainty:-     125                  
     Required Time:=    2357                  
      Launch Clock:-       0                  
         Data Path:-    2352                  
             Slack:=       5                  

#---------------------------------------------------------------------------------------------------------------------------------
#               Timing Point                 Flags    Arc    Edge         Cell           Fanout Load Trans Delay Arrival Instance 
#                                                                                               (fF)  (ps)  (ps)   (ps)  Location 
#---------------------------------------------------------------------------------------------------------------------------------
  u_core/EX_MEM_ex_mem_alu_result_reg[0]/CLK -       -       R     (arrival)               8138    -    40     0       0    (-,-) 
  u_core/EX_MEM_ex_mem_alu_result_reg[0]/QN  -       CLK->QN F     DFFHQNx3_ASAP7_75t_R       9 12.0    87   154     154    (-,-) 
  u_core/drc_bufs240529/Y                    -       A->Y    R     INVxp67_ASAP7_75t_R        1  3.1    84    65     219    (-,-) 
  u_core/drc_bufs240527/Y                    -       A->Y    F     INVx3_ASAP7_75t_R         13 16.8    71    60     280    (-,-) 
  u_dcache/g87638/Y                          -       A->Y    R     XNOR2x2_ASAP7_75t_R        8 10.0    79    86     365    (-,-) 
  u_dcache/g87459/Y                          -       A->Y    F     NAND2xp5_ASAP7_75t_R       2  3.2    71    54     419    (-,-) 
  u_dcache/g2/Y                              -       E->Y    F     OR5x1_ASAP7_75t_R          2  3.3    53   102     521    (-,-) 
  u_dcache/g86492/Y                          -       A->Y    F     OR4x1_ASAP7_75t_R          2  3.2    48    79     600    (-,-) 
  u_dcache/g86297/Y                          -       A->Y    R     NOR3xp33_ASAP7_75t_R       1  1.8    97    59     658    (-,-) 
  u_dcache/drc_bufs94441/Y                   -       A->Y    F     INVxp33_ASAP7_75t_R        1  1.9    76    66     724    (-,-) 
  u_dcache/drc_bufs94440/Y                   -       A->Y    R     INVxp67_ASAP7_75t_R        1  2.0    61    49     773    (-,-) 
  g89502/Y                                   -       B->Y    R     AND2x2_ASAP7_75t_R         1  2.4    27    48     821    (-,-) 
  u_core/g139955/Y                           -       B->Y    F     NAND2x1_ASAP7_75t_R        3  4.8    58    35     856    (-,-) 
  u_core/g3/Y                                -       A->Y    R     NAND3xp33_ASAP7_75t_R      1  2.0    63    46     902    (-,-) 
  u_core/g237388/Y                           -       A->Y    R     OR2x2_ASAP7_75t_R          8 10.7    82    77     979    (-,-) 
  u_core/MEM/g4622/Y                         -       B->Y    R     OR2x2_ASAP7_75t_R          2  3.2    31    55    1034    (-,-) 
  u_core/MEM/g4615/Y                         -       A2->Y   F     OAI22xp5_ASAP7_75t_R       1  2.0    59    35    1069    (-,-) 
  u_core/MEM/drc_bufs7702/Y                  -       A->Y    F     BUFx2_ASAP7_75t_R          3  4.4    30    54    1123    (-,-) 
  g89656/Y                                   -       B->Y    F     AND2x2_ASAP7_75t_R         5  6.6    41    52    1176    (-,-) 
  u_dcache/g63532/Y                          -       B->Y    F     OR2x2_ASAP7_75t_R          3  4.5    33    55    1231    (-,-) 
  u_dcache/g90386/Y                          -       C->Y    R     NAND3xp33_ASAP7_75t_R      1  2.0    61    40    1270    (-,-) 
  u_dcache/g90385/Y                          -       A->Y    F     NAND3xp33_ASAP7_75t_R      1  2.0    75    52    1322    (-,-) 
  u_dcache/g65289/Y                          -       B->Y    F     AO21x1_ASAP7_75t_R         1  2.0    29    54    1376    (-,-) 
  g200938/Y                                  -       B->Y    F     AND2x2_ASAP7_75t_R         1  2.0    20    39    1415    (-,-) 
  g200450/Y                                  -       A->Y    F     OR2x2_ASAP7_75t_R          9 13.1    74    72    1487    (-,-) 
  u_core/g234204/Y                           -       B->Y    F     OR2x2_ASAP7_75t_R          3  5.5    39    67    1554    (-,-) 
  u_core/g233987/Y                           -       B->Y    R     OAI21x1_ASAP7_75t_R        2  3.1    68    28    1582    (-,-) 
  u_core/g265909/Y                           -       B->Y    R     AO21x2_ASAP7_75t_R         5  8.3    67    64    1646    (-,-) 
  u_core/g233124/Y                           -       B->Y    F     NOR2x1p5_ASAP7_75t_R       5  7.9    60    52    1698    (-,-) 
  u_core/g232864/Y                           -       A->Y    R     INVx1_ASAP7_75t_R          1  2.0    44    36    1735    (-,-) 
  u_core/g232542/Y                           -       B->Y    R     OR2x2_ASAP7_75t_R          2  4.7    40    50    1785    (-,-) 
  u_core/g232274/Y                           -       A->Y    F     INVx2_ASAP7_75t_R          5  7.5    43    36    1821    (-,-) 
  u_core/g232055/Y                           -       B->Y    F     AND2x2_ASAP7_75t_R         2  3.2    24    47    1868    (-,-) 
  u_core/g230825/Y                           -       A->Y    F     AND3x2_ASAP7_75t_R         7  9.4    53    52    1920    (-,-) 
  u_core/drc_bufs241958/Y                    -       A->Y    R     INVx1_ASAP7_75t_R          1  2.6    49    39    1959    (-,-) 
  u_core/drc_bufs241957/Y                    -       A->Y    F     INVx2_ASAP7_75t_R          7  9.4    54    44    2003    (-,-) 
  u_core/g265056/Y                           -       C1->Y   F     AO222x2_ASAP7_75t_R        1  1.8    28    75    2078    (-,-) 
  u_core/drc_bufs246790/Y                    -       A->Y    R     INVxp33_ASAP7_75t_R        1  2.0    91    53    2131    (-,-) 
  u_core/g224828/Y                           -       A->Y    F     NAND4xp25_ASAP7_75t_L      1  1.8    81    50    2181    (-,-) 
  u_core/drc268373/Y                         -       A->Y    F     HB1xp67_ASAP7_75t_R        1  2.0    38    62    2243    (-,-) 
  u_core/g224653/Y                           -       C->Y    R     AOI211xp5_ASAP7_75t_L      1  1.9    86    45    2288    (-,-) 
  u_core/drc_bufs266607/Y                    -       A->Y    F     INVxp67_ASAP7_75t_L        1  1.9    44    32    2321    (-,-) 
  u_core/drc_bufs266606/Y                    -       A->Y    R     INVxp67_ASAP7_75t_L        1  2.0    46    31    2352    (-,-) 
  u_core/EX_MEM_ex_mem_alu_result_reg[17]/D  -       -       R     DFFHQNx1_ASAP7_75t_R       1    -     -     0    2352    (-,-) 
#---------------------------------------------------------------------------------------------------------------------------------



Path 46: MET (5 ps) Setup Check with Pin u_core/IF_ID_if_id_instr_reg[11]/CLK->D
           View: view_ss
          Group: CLK_CPU
     Startpoint: (R) u_core/pc_reg_reg[3]/CLK
          Clock: (R) CLK_CPU
       Endpoint: (R) u_core/IF_ID_if_id_instr_reg[11]/D
          Clock: (R) CLK_CPU

                     Capture       Launch     
        Clock Edge:+    2500            0     
       Src Latency:+       0            0     
       Net Latency:+       0 (I)        0 (I) 
           Arrival:=    2500            0     
                                              
             Setup:-      20                  
       Uncertainty:-     125                  
     Required Time:=    2355                  
      Launch Clock:-       0                  
         Data Path:-    2349                  
             Slack:=       5                  

#---------------------------------------------------------------------------------------------------------------------------
#           Timing Point             Flags    Arc    Edge          Cell            Fanout Load Trans Delay Arrival Instance 
#                                                                                         (fF)  (ps)  (ps)   (ps)  Location 
#---------------------------------------------------------------------------------------------------------------------------
  u_core/pc_reg_reg[3]/CLK           -       -       R     (arrival)                 8138    -    40     0       0    (-,-) 
  u_core/pc_reg_reg[3]/QN            -       CLK->QN R     DFFASRHQNx1_ASAP7_75t_R      1  2.1    51   102     102    (-,-) 
  u_core/drc_bufs245642/Y            -       A->Y    R     BUFx3_ASAP7_75t_R            4  6.1    36    48     150    (-,-) 
  u_core/IF_add_339_31_g781/Y        -       B->Y    R     AND2x2_ASAP7_75t_R           3  4.9    44    50     200    (-,-) 
  u_core/g265914/Y                   -       A->Y    R     AND3x4_ASAP7_75t_R           3  4.8    30    52     253    (-,-) 
  u_core/g265913/Y                   -       C->Y    R     AND3x4_ASAP7_75t_R           3  4.8    30    51     303    (-,-) 
  u_core/IF_add_339_31_g2/Y          -       C->Y    R     AND3x1_ASAP7_75t_R           4  5.7    89    74     377    (-,-) 
  u_core/IF_add_339_31_g757/Y        -       B->Y    R     AND2x2_ASAP7_75t_R           2  3.1    32    56     434    (-,-) 
  u_core/IF_add_339_31_g749/Y        -       B->Y    R     AND2x2_ASAP7_75t_R           2  3.2    32    43     477    (-,-) 
  u_core/IF_add_339_31_g742/Y        -       B->Y    F     NAND2xp5_ASAP7_75t_R         2  3.5    74    46     523    (-,-) 
  u_core/IF_add_339_31_g739/Y        -       B->Y    F     OA21x2_ASAP7_75t_R           2  2.9    26    51     574    (-,-) 
  u_core/g140263/Y                   -       A1->Y   F     AO22x1_ASAP7_75t_R           4  6.0    68    73     647    (-,-) 
  u_icache/g55414/Y                  -       B->Y    F     AND2x2_ASAP7_75t_R           1  2.4    22    52     699    (-,-) 
  u_icache/g55399/Y                  -       A->Y    F     OR2x6_ASAP7_75t_R           17 29.9    63    72     771    (-,-) 
  u_icache/g12396/Y                  -       A->Y    R     INVx5_ASAP7_75t_R           17 29.6    95    65     836    (-,-) 
  u_icache/g12262/Y                  -       B->Y    R     OR2x2_ASAP7_75t_R            1  3.7    35    60     895    (-,-) 
  u_icache/g12256/Y                  -       A->Y    F     INVx4_ASAP7_75t_R           16 20.3    55    40     935    (-,-) 
  u_icache/g11869/Y                  -       B->Y    F     AND2x2_ASAP7_75t_R           3  4.4    31    54     990    (-,-) 
  u_icache/g4092/Y                   -       A2->Y   R     AOI22xp5_ASAP7_75t_R         1  1.9    76    43    1033    (-,-) 
  u_icache/g3587/Y                   -       C->Y    F     NAND4xp25_ASAP7_75t_R        1  2.0    97    64    1097    (-,-) 
  u_icache/g3460/Y                   -       A->Y    F     OR2x2_ASAP7_75t_R            1  2.0    23    56    1154    (-,-) 
  u_icache/g4101/Y                   -       E->Y    F     OR5x1_ASAP7_75t_R            1  2.5    46    90    1243    (-,-) 
  u_icache/g3419/Y                   -       B->Y    R     NOR2x1_ASAP7_75t_R           1  2.9    54    39    1282    (-,-) 
  u_icache/g3413/Y                   -       C->Y    F     NAND4xp75_ASAP7_75t_R        1  2.0    47    38    1320    (-,-) 
  u_icache/g59232/Y                  -       A->Y    F     AND3x2_ASAP7_75t_R           3  6.3    38    52    1371    (-,-) 
  u_icache/g59231/Y                  -       A->Y    R     INVx2_ASAP7_75t_R            1  2.4    27    23    1394    (-,-) 
  u_icache/g59219/Y                  -       B->Y    F     NAND2x1_ASAP7_75t_R          1  2.4    37    24    1418    (-,-) 
  u_icache/g59218/Y                  -       B->Y    F     OR2x6_ASAP7_75t_R            3  7.8    27    54    1472    (-,-) 
  u_icache/g59214/Y                  -       A->Y    R     INVx4_ASAP7_75t_R           14 17.9    68    42    1514    (-,-) 
  u_icache/g75466/Y                  -       A2->Y   R     AO222x2_ASAP7_75t_R          1  2.0    26    56    1570    (-,-) 
  g200543/Y                          -       B2->Y   R     AO22x2_ASAP7_75t_R           3  5.1    46    51    1621    (-,-) 
  u_core/g233792/Y                   -       A->Y    F     NAND2x1p5_ASAP7_75t_R        3  4.6    38    31    1652    (-,-) 
  u_core/g233607/Y                   -       A->Y    F     OR2x6_ASAP7_75t_R            6 12.7    36    61    1713    (-,-) 
  u_core/g233533/Y                   -       A->Y    R     INVx3_ASAP7_75t_R            1  2.5    22    19    1733    (-,-) 
  u_core/g232416/Y                   -       A1->Y   F     OAI21x1_ASAP7_75t_R          1  2.4    44    23    1755    (-,-) 
  u_core/g232072/Y                   -       B->Y    F     AND2x4_ASAP7_75t_R           4  6.5    25    46    1801    (-,-) 
  u_core/g230829/Y                   -       B->Y    R     NAND2x1p5_ASAP7_75t_R        3  5.5    59    36    1837    (-,-) 
  u_core/g230217/Y                   -       A->Y    F     INVx3_ASAP7_75t_R            3  5.7    33    31    1868    (-,-) 
  u_core/g230058/Y                   -       B->Y    R     NAND2x1p5_ASAP7_75t_R        3  4.7    55    36    1904    (-,-) 
  u_core/g228385/Y                   -       A->Y    R     OR2x6_ASAP7_75t_R            3  5.9    24    48    1952    (-,-) 
  u_core/g228133/Y                   -       A->Y    F     INVx3_ASAP7_75t_R            2  4.0    19    18    1970    (-,-) 
  u_core/g228119/Y                   -       B->Y    F     AND2x4_ASAP7_75t_R           9 12.7    39    46    2016    (-,-) 
  u_core/g227366/Y                   -       B->Y    F     AND2x2_ASAP7_75t_R           2  3.2    25    46    2062    (-,-) 
  u_core/g226932/Y                   -       B->Y    R     NAND2xp67_ASAP7_75t_R        2  3.6    92    50    2112    (-,-) 
  u_core/g226707/Y                   -       A->Y    R     OR2x6_ASAP7_75t_R            9 11.6    38    66    2178    (-,-) 
  u_core/g226527/Y                   -       B->Y    R     AND2x2_ASAP7_75t_R           3  4.5    41    50    2228    (-,-) 
  u_core/g226421/Y                   -       B->Y    F     NAND2xp5_ASAP7_75t_R         2  3.8    76    52    2280    (-,-) 
  u_core/g226123/Y                   -       A->Y    R     INVx2_ASAP7_75t_R            1  2.0    34    28    2308    (-,-) 
  u_core/g225277/Y                   -       A2->Y   R     OA21x2_ASAP7_75t_R           1  2.0    23    41    2349    (-,-) 
  u_core/IF_ID_if_id_instr_reg[11]/D -       -       R     DFFASRHQNx1_ASAP7_75t_R      1    -     -     0    2349    (-,-) 
#---------------------------------------------------------------------------------------------------------------------------



Path 47: MET (6 ps) Setup Check with Pin u_core/EX_MEM_ex_mem_alu_result_reg[3]/CLK->D
           View: view_ss
          Group: CLK_CPU
     Startpoint: (R) u_core/EX_MEM_ex_mem_alu_result_reg[0]/CLK
          Clock: (R) CLK_CPU
       Endpoint: (R) u_core/EX_MEM_ex_mem_alu_result_reg[3]/D
          Clock: (R) CLK_CPU

                     Capture       Launch     
        Clock Edge:+    2500            0     
       Src Latency:+       0            0     
       Net Latency:+       0 (I)        0 (I) 
           Arrival:=    2500            0     
                                              
             Setup:-      17                  
       Uncertainty:-     125                  
     Required Time:=    2358                  
      Launch Clock:-       0                  
         Data Path:-    2351                  
             Slack:=       6                  

#---------------------------------------------------------------------------------------------------------------------------------
#               Timing Point                 Flags    Arc    Edge         Cell           Fanout Load Trans Delay Arrival Instance 
#                                                                                               (fF)  (ps)  (ps)   (ps)  Location 
#---------------------------------------------------------------------------------------------------------------------------------
  u_core/EX_MEM_ex_mem_alu_result_reg[0]/CLK -       -       R     (arrival)               8138    -    40     0       0    (-,-) 
  u_core/EX_MEM_ex_mem_alu_result_reg[0]/QN  -       CLK->QN F     DFFHQNx3_ASAP7_75t_R       9 12.0    87   154     154    (-,-) 
  u_core/drc_bufs240529/Y                    -       A->Y    R     INVxp67_ASAP7_75t_R        1  3.1    84    65     219    (-,-) 
  u_core/drc_bufs240527/Y                    -       A->Y    F     INVx3_ASAP7_75t_R         13 16.8    71    60     280    (-,-) 
  u_dcache/g87638/Y                          -       A->Y    R     XNOR2x2_ASAP7_75t_R        8 10.0    79    86     365    (-,-) 
  u_dcache/g87459/Y                          -       A->Y    F     NAND2xp5_ASAP7_75t_R       2  3.2    71    54     419    (-,-) 
  u_dcache/g2/Y                              -       E->Y    F     OR5x1_ASAP7_75t_R          2  3.3    53   102     521    (-,-) 
  u_dcache/g86492/Y                          -       A->Y    F     OR4x1_ASAP7_75t_R          2  3.2    48    79     600    (-,-) 
  u_dcache/g86297/Y                          -       A->Y    R     NOR3xp33_ASAP7_75t_R       1  1.8    97    59     658    (-,-) 
  u_dcache/drc_bufs94441/Y                   -       A->Y    F     INVxp33_ASAP7_75t_R        1  1.9    76    66     724    (-,-) 
  u_dcache/drc_bufs94440/Y                   -       A->Y    R     INVxp67_ASAP7_75t_R        1  2.0    61    49     773    (-,-) 
  g89502/Y                                   -       B->Y    R     AND2x2_ASAP7_75t_R         1  2.4    27    48     821    (-,-) 
  u_core/g139955/Y                           -       B->Y    F     NAND2x1_ASAP7_75t_R        3  4.8    58    35     856    (-,-) 
  u_core/g3/Y                                -       A->Y    R     NAND3xp33_ASAP7_75t_R      1  2.0    63    46     902    (-,-) 
  u_core/g237388/Y                           -       A->Y    R     OR2x2_ASAP7_75t_R          8 10.7    82    77     979    (-,-) 
  u_core/MEM/g4622/Y                         -       B->Y    R     OR2x2_ASAP7_75t_R          2  3.2    31    55    1034    (-,-) 
  u_core/MEM/g4615/Y                         -       A2->Y   F     OAI22xp5_ASAP7_75t_R       1  2.0    59    35    1069    (-,-) 
  u_core/MEM/drc_bufs7702/Y                  -       A->Y    F     BUFx2_ASAP7_75t_R          3  4.4    30    54    1123    (-,-) 
  g89656/Y                                   -       B->Y    F     AND2x2_ASAP7_75t_R         5  6.6    41    52    1176    (-,-) 
  u_dcache/g63532/Y                          -       B->Y    F     OR2x2_ASAP7_75t_R          3  4.5    33    55    1231    (-,-) 
  u_dcache/g90386/Y                          -       C->Y    R     NAND3xp33_ASAP7_75t_R      1  2.0    61    40    1270    (-,-) 
  u_dcache/g90385/Y                          -       A->Y    F     NAND3xp33_ASAP7_75t_R      1  2.0    75    52    1322    (-,-) 
  u_dcache/g65289/Y                          -       B->Y    F     AO21x1_ASAP7_75t_R         1  2.0    29    54    1376    (-,-) 
  g200938/Y                                  -       B->Y    F     AND2x2_ASAP7_75t_R         1  2.0    20    39    1415    (-,-) 
  g200450/Y                                  -       A->Y    F     OR2x2_ASAP7_75t_R          9 13.1    74    72    1487    (-,-) 
  u_core/g234204/Y                           -       B->Y    F     OR2x2_ASAP7_75t_R          3  5.5    39    67    1554    (-,-) 
  u_core/g233987/Y                           -       B->Y    R     OAI21x1_ASAP7_75t_R        2  3.1    68    28    1582    (-,-) 
  u_core/g265909/Y                           -       B->Y    R     AO21x2_ASAP7_75t_R         5  8.3    67    64    1646    (-,-) 
  u_core/g233124/Y                           -       B->Y    F     NOR2x1p5_ASAP7_75t_R       5  7.9    60    52    1698    (-,-) 
  u_core/g232864/Y                           -       A->Y    R     INVx1_ASAP7_75t_R          1  2.0    44    36    1735    (-,-) 
  u_core/g232542/Y                           -       B->Y    R     OR2x2_ASAP7_75t_R          2  4.7    40    50    1785    (-,-) 
  u_core/g232274/Y                           -       A->Y    F     INVx2_ASAP7_75t_R          5  7.5    43    36    1821    (-,-) 
  u_core/g232055/Y                           -       B->Y    F     AND2x2_ASAP7_75t_R         2  3.2    24    47    1868    (-,-) 
  u_core/g230822/Y                           -       B->Y    R     NAND2xp5_ASAP7_75t_R       1  3.1    77    44    1912    (-,-) 
  u_core/g230178/Y                           -       A->Y    F     INVx3_ASAP7_75t_R         10 13.4    59    52    1965    (-,-) 
  u_core/g265533/Y                           -       C1->Y   F     AO222x2_ASAP7_75t_R        1  1.8    28    76    2041    (-,-) 
  u_core/drc_bufs252229/Y                    -       A->Y    R     INVxp33_ASAP7_75t_R        1  1.9    87    51    2092    (-,-) 
  u_core/g224835/Y                           -       C->Y    F     NAND5xp2_ASAP7_75t_L       1  1.8    94    53    2145    (-,-) 
  u_core/drc267581/Y                         -       A->Y    F     HB1xp67_ASAP7_75t_R        1  1.9    38    63    2208    (-,-) 
  u_core/drc_bufs266323/Y                    -       A->Y    R     INVxp67_ASAP7_75t_L        1  1.9    42    29    2237    (-,-) 
  u_core/drc_bufs266322/Y                    -       A->Y    F     INVxp67_ASAP7_75t_L        1  2.0    34    26    2263    (-,-) 
  u_core/g224651/Y                           -       C->Y    R     AOI211xp5_ASAP7_75t_L      1  1.8    87    44    2307    (-,-) 
  u_core/drc266397/Y                         -       A->Y    R     HB1xp67_ASAP7_75t_L        1  2.0    42    45    2351    (-,-) 
  u_core/EX_MEM_ex_mem_alu_result_reg[3]/D   -       -       R     DFFHQNx2_ASAP7_75t_R       1    -     -     0    2351    (-,-) 
#---------------------------------------------------------------------------------------------------------------------------------



Path 48: MET (7 ps) Setup Check with Pin u_core/IF_ID_if_id_instr_reg[20]/CLK->D
           View: view_ss
          Group: CLK_CPU
     Startpoint: (R) u_core/pc_reg_reg[3]/CLK
          Clock: (R) CLK_CPU
       Endpoint: (R) u_core/IF_ID_if_id_instr_reg[20]/D
          Clock: (R) CLK_CPU

                     Capture       Launch     
        Clock Edge:+    2500            0     
       Src Latency:+       0            0     
       Net Latency:+       0 (I)        0 (I) 
           Arrival:=    2500            0     
                                              
             Setup:-      26                  
       Uncertainty:-     125                  
     Required Time:=    2348                  
      Launch Clock:-       0                  
         Data Path:-    2342                  
             Slack:=       7                  

#---------------------------------------------------------------------------------------------------------------------------
#           Timing Point             Flags    Arc    Edge          Cell            Fanout Load Trans Delay Arrival Instance 
#                                                                                         (fF)  (ps)  (ps)   (ps)  Location 
#---------------------------------------------------------------------------------------------------------------------------
  u_core/pc_reg_reg[3]/CLK           -       -       R     (arrival)                 8138    -    40     0       0    (-,-) 
  u_core/pc_reg_reg[3]/QN            -       CLK->QN R     DFFASRHQNx1_ASAP7_75t_R      1  2.1    51   102     102    (-,-) 
  u_core/drc_bufs245642/Y            -       A->Y    R     BUFx3_ASAP7_75t_R            4  6.1    36    48     150    (-,-) 
  u_core/IF_add_339_31_g781/Y        -       B->Y    R     AND2x2_ASAP7_75t_R           3  4.9    44    50     200    (-,-) 
  u_core/g265914/Y                   -       A->Y    R     AND3x4_ASAP7_75t_R           3  4.8    30    52     253    (-,-) 
  u_core/g265913/Y                   -       C->Y    R     AND3x4_ASAP7_75t_R           3  4.8    30    51     303    (-,-) 
  u_core/IF_add_339_31_g2/Y          -       C->Y    R     AND3x1_ASAP7_75t_R           4  5.7    89    74     377    (-,-) 
  u_core/IF_add_339_31_g757/Y        -       B->Y    R     AND2x2_ASAP7_75t_R           2  3.1    32    56     434    (-,-) 
  u_core/IF_add_339_31_g749/Y        -       B->Y    R     AND2x2_ASAP7_75t_R           2  3.2    32    43     477    (-,-) 
  u_core/IF_add_339_31_g742/Y        -       B->Y    F     NAND2xp5_ASAP7_75t_R         2  3.5    74    46     523    (-,-) 
  u_core/IF_add_339_31_g739/Y        -       B->Y    F     OA21x2_ASAP7_75t_R           2  2.9    26    51     574    (-,-) 
  u_core/g140263/Y                   -       A1->Y   F     AO22x1_ASAP7_75t_R           4  6.0    68    73     647    (-,-) 
  u_icache/g55414/Y                  -       B->Y    F     AND2x2_ASAP7_75t_R           1  2.4    22    52     699    (-,-) 
  u_icache/g55399/Y                  -       A->Y    F     OR2x6_ASAP7_75t_R           17 29.9    63    72     771    (-,-) 
  u_icache/g12396/Y                  -       A->Y    R     INVx5_ASAP7_75t_R           17 29.6    95    65     836    (-,-) 
  u_icache/g12262/Y                  -       B->Y    R     OR2x2_ASAP7_75t_R            1  3.7    35    60     895    (-,-) 
  u_icache/g12256/Y                  -       A->Y    F     INVx4_ASAP7_75t_R           16 20.3    55    40     935    (-,-) 
  u_icache/g11869/Y                  -       B->Y    F     AND2x2_ASAP7_75t_R           3  4.4    31    54     990    (-,-) 
  u_icache/g4092/Y                   -       A2->Y   R     AOI22xp5_ASAP7_75t_R         1  1.9    76    43    1033    (-,-) 
  u_icache/g3587/Y                   -       C->Y    F     NAND4xp25_ASAP7_75t_R        1  2.0    97    64    1097    (-,-) 
  u_icache/g3460/Y                   -       A->Y    F     OR2x2_ASAP7_75t_R            1  2.0    23    56    1154    (-,-) 
  u_icache/g4101/Y                   -       E->Y    F     OR5x1_ASAP7_75t_R            1  2.5    46    90    1243    (-,-) 
  u_icache/g3419/Y                   -       B->Y    R     NOR2x1_ASAP7_75t_R           1  2.9    54    39    1282    (-,-) 
  u_icache/g3413/Y                   -       C->Y    F     NAND4xp75_ASAP7_75t_R        1  2.0    47    38    1320    (-,-) 
  u_icache/g59232/Y                  -       A->Y    F     AND3x2_ASAP7_75t_R           3  6.3    38    52    1371    (-,-) 
  u_icache/g59231/Y                  -       A->Y    R     INVx2_ASAP7_75t_R            1  2.4    27    23    1394    (-,-) 
  u_icache/g59219/Y                  -       B->Y    F     NAND2x1_ASAP7_75t_R          1  2.4    37    24    1418    (-,-) 
  u_icache/g59218/Y                  -       B->Y    F     OR2x6_ASAP7_75t_R            3  7.8    27    54    1472    (-,-) 
  u_icache/g59214/Y                  -       A->Y    R     INVx4_ASAP7_75t_R           14 17.9    68    42    1514    (-,-) 
  u_icache/g75466/Y                  -       A2->Y   R     AO222x2_ASAP7_75t_R          1  2.0    26    56    1570    (-,-) 
  g200543/Y                          -       B2->Y   R     AO22x2_ASAP7_75t_R           3  5.1    46    51    1621    (-,-) 
  u_core/g233792/Y                   -       A->Y    F     NAND2x1p5_ASAP7_75t_R        3  4.6    38    31    1652    (-,-) 
  u_core/g233607/Y                   -       A->Y    F     OR2x6_ASAP7_75t_R            6 12.7    36    61    1713    (-,-) 
  u_core/g233533/Y                   -       A->Y    R     INVx3_ASAP7_75t_R            1  2.5    22    19    1733    (-,-) 
  u_core/g232416/Y                   -       A1->Y   F     OAI21x1_ASAP7_75t_R          1  2.4    44    23    1755    (-,-) 
  u_core/g232072/Y                   -       B->Y    F     AND2x4_ASAP7_75t_R           4  6.5    25    46    1801    (-,-) 
  u_core/g230829/Y                   -       B->Y    R     NAND2x1p5_ASAP7_75t_R        3  5.5    59    36    1837    (-,-) 
  u_core/g230217/Y                   -       A->Y    F     INVx3_ASAP7_75t_R            3  5.7    33    31    1868    (-,-) 
  u_core/g230058/Y                   -       B->Y    R     NAND2x1p5_ASAP7_75t_R        3  4.7    55    36    1904    (-,-) 
  u_core/g228385/Y                   -       A->Y    R     OR2x6_ASAP7_75t_R            3  5.9    24    48    1952    (-,-) 
  u_core/g228133/Y                   -       A->Y    F     INVx3_ASAP7_75t_R            2  4.0    19    18    1970    (-,-) 
  u_core/g228119/Y                   -       B->Y    F     AND2x4_ASAP7_75t_R           9 12.7    39    46    2016    (-,-) 
  u_core/g227366/Y                   -       B->Y    F     AND2x2_ASAP7_75t_R           2  3.2    25    46    2062    (-,-) 
  u_core/g226932/Y                   -       B->Y    R     NAND2xp67_ASAP7_75t_R        2  3.6    92    50    2112    (-,-) 
  u_core/g226707/Y                   -       A->Y    R     OR2x6_ASAP7_75t_R            9 11.6    38    66    2178    (-,-) 
  u_core/g226533/Y                   -       B->Y    R     OR2x2_ASAP7_75t_R            3  4.5    40    48    2226    (-,-) 
  u_core/g226484/Y                   -       B->Y    R     AND2x2_ASAP7_75t_R           4  5.7    48    55    2280    (-,-) 
  u_core/g225129/Y                   -       A->Y    R     AND4x1_ASAP7_75t_R           1  2.0    41    61    2342    (-,-) 
  u_core/IF_ID_if_id_instr_reg[20]/D -       -       R     DFFASRHQNx1_ASAP7_75t_R      1    -     -     0    2342    (-,-) 
#---------------------------------------------------------------------------------------------------------------------------



Path 49: MET (7 ps) Setup Check with Pin u_core/IF_ID_if_id_instr_reg[18]/CLK->D
           View: view_ss
          Group: CLK_CPU
     Startpoint: (R) u_core/pc_reg_reg[3]/CLK
          Clock: (R) CLK_CPU
       Endpoint: (R) u_core/IF_ID_if_id_instr_reg[18]/D
          Clock: (R) CLK_CPU

                     Capture       Launch     
        Clock Edge:+    2500            0     
       Src Latency:+       0            0     
       Net Latency:+       0 (I)        0 (I) 
           Arrival:=    2500            0     
                                              
             Setup:-      26                  
       Uncertainty:-     125                  
     Required Time:=    2349                  
      Launch Clock:-       0                  
         Data Path:-    2342                  
             Slack:=       7                  

#---------------------------------------------------------------------------------------------------------------------------
#           Timing Point             Flags    Arc    Edge          Cell            Fanout Load Trans Delay Arrival Instance 
#                                                                                         (fF)  (ps)  (ps)   (ps)  Location 
#---------------------------------------------------------------------------------------------------------------------------
  u_core/pc_reg_reg[3]/CLK           -       -       R     (arrival)                 8138    -    40     0       0    (-,-) 
  u_core/pc_reg_reg[3]/QN            -       CLK->QN R     DFFASRHQNx1_ASAP7_75t_R      1  2.1    51   102     102    (-,-) 
  u_core/drc_bufs245642/Y            -       A->Y    R     BUFx3_ASAP7_75t_R            4  6.1    36    48     150    (-,-) 
  u_core/IF_add_339_31_g781/Y        -       B->Y    R     AND2x2_ASAP7_75t_R           3  4.9    44    50     200    (-,-) 
  u_core/g265914/Y                   -       A->Y    R     AND3x4_ASAP7_75t_R           3  4.8    30    52     253    (-,-) 
  u_core/g265913/Y                   -       C->Y    R     AND3x4_ASAP7_75t_R           3  4.8    30    51     303    (-,-) 
  u_core/IF_add_339_31_g2/Y          -       C->Y    R     AND3x1_ASAP7_75t_R           4  5.7    89    74     377    (-,-) 
  u_core/IF_add_339_31_g757/Y        -       B->Y    R     AND2x2_ASAP7_75t_R           2  3.1    32    56     434    (-,-) 
  u_core/IF_add_339_31_g749/Y        -       B->Y    R     AND2x2_ASAP7_75t_R           2  3.2    32    43     477    (-,-) 
  u_core/IF_add_339_31_g742/Y        -       B->Y    F     NAND2xp5_ASAP7_75t_R         2  3.5    74    46     523    (-,-) 
  u_core/IF_add_339_31_g739/Y        -       B->Y    F     OA21x2_ASAP7_75t_R           2  2.9    26    51     574    (-,-) 
  u_core/g140263/Y                   -       A1->Y   F     AO22x1_ASAP7_75t_R           4  6.0    68    73     647    (-,-) 
  u_icache/g55414/Y                  -       B->Y    F     AND2x2_ASAP7_75t_R           1  2.4    22    52     699    (-,-) 
  u_icache/g55399/Y                  -       A->Y    F     OR2x6_ASAP7_75t_R           17 29.9    63    72     771    (-,-) 
  u_icache/g12396/Y                  -       A->Y    R     INVx5_ASAP7_75t_R           17 29.6    95    65     836    (-,-) 
  u_icache/g12262/Y                  -       B->Y    R     OR2x2_ASAP7_75t_R            1  3.7    35    60     895    (-,-) 
  u_icache/g12256/Y                  -       A->Y    F     INVx4_ASAP7_75t_R           16 20.3    55    40     935    (-,-) 
  u_icache/g11869/Y                  -       B->Y    F     AND2x2_ASAP7_75t_R           3  4.4    31    54     990    (-,-) 
  u_icache/g4092/Y                   -       A2->Y   R     AOI22xp5_ASAP7_75t_R         1  1.9    76    43    1033    (-,-) 
  u_icache/g3587/Y                   -       C->Y    F     NAND4xp25_ASAP7_75t_R        1  2.0    97    64    1097    (-,-) 
  u_icache/g3460/Y                   -       A->Y    F     OR2x2_ASAP7_75t_R            1  2.0    23    56    1154    (-,-) 
  u_icache/g4101/Y                   -       E->Y    F     OR5x1_ASAP7_75t_R            1  2.5    46    90    1243    (-,-) 
  u_icache/g3419/Y                   -       B->Y    R     NOR2x1_ASAP7_75t_R           1  2.9    54    39    1282    (-,-) 
  u_icache/g3413/Y                   -       C->Y    F     NAND4xp75_ASAP7_75t_R        1  2.0    47    38    1320    (-,-) 
  u_icache/g59232/Y                  -       A->Y    F     AND3x2_ASAP7_75t_R           3  6.3    38    52    1371    (-,-) 
  u_icache/g59231/Y                  -       A->Y    R     INVx2_ASAP7_75t_R            1  2.4    27    23    1394    (-,-) 
  u_icache/g59219/Y                  -       B->Y    F     NAND2x1_ASAP7_75t_R          1  2.4    37    24    1418    (-,-) 
  u_icache/g59218/Y                  -       B->Y    F     OR2x6_ASAP7_75t_R            3  7.8    27    54    1472    (-,-) 
  u_icache/g59214/Y                  -       A->Y    R     INVx4_ASAP7_75t_R           14 17.9    68    42    1514    (-,-) 
  u_icache/g75466/Y                  -       A2->Y   R     AO222x2_ASAP7_75t_R          1  2.0    26    56    1570    (-,-) 
  g200543/Y                          -       B2->Y   R     AO22x2_ASAP7_75t_R           3  5.1    46    51    1621    (-,-) 
  u_core/g233792/Y                   -       A->Y    F     NAND2x1p5_ASAP7_75t_R        3  4.6    38    31    1652    (-,-) 
  u_core/g233607/Y                   -       A->Y    F     OR2x6_ASAP7_75t_R            6 12.7    36    61    1713    (-,-) 
  u_core/g233533/Y                   -       A->Y    R     INVx3_ASAP7_75t_R            1  2.5    22    19    1733    (-,-) 
  u_core/g232416/Y                   -       A1->Y   F     OAI21x1_ASAP7_75t_R          1  2.4    44    23    1755    (-,-) 
  u_core/g232072/Y                   -       B->Y    F     AND2x4_ASAP7_75t_R           4  6.5    25    46    1801    (-,-) 
  u_core/g230829/Y                   -       B->Y    R     NAND2x1p5_ASAP7_75t_R        3  5.5    59    36    1837    (-,-) 
  u_core/g230217/Y                   -       A->Y    F     INVx3_ASAP7_75t_R            3  5.7    33    31    1868    (-,-) 
  u_core/g230058/Y                   -       B->Y    R     NAND2x1p5_ASAP7_75t_R        3  4.7    55    36    1904    (-,-) 
  u_core/g228385/Y                   -       A->Y    R     OR2x6_ASAP7_75t_R            3  5.9    24    48    1952    (-,-) 
  u_core/g228133/Y                   -       A->Y    F     INVx3_ASAP7_75t_R            2  4.0    19    18    1970    (-,-) 
  u_core/g228119/Y                   -       B->Y    F     AND2x4_ASAP7_75t_R           9 12.7    39    46    2016    (-,-) 
  u_core/g227366/Y                   -       B->Y    F     AND2x2_ASAP7_75t_R           2  3.2    25    46    2062    (-,-) 
  u_core/g226932/Y                   -       B->Y    R     NAND2xp67_ASAP7_75t_R        2  3.6    92    50    2112    (-,-) 
  u_core/g226707/Y                   -       A->Y    R     OR2x6_ASAP7_75t_R            9 11.6    38    66    2178    (-,-) 
  u_core/g226533/Y                   -       B->Y    R     OR2x2_ASAP7_75t_R            3  4.5    40    48    2226    (-,-) 
  u_core/g226484/Y                   -       B->Y    R     AND2x2_ASAP7_75t_R           4  5.7    48    55    2280    (-,-) 
  u_core/g225240/Y                   -       A->Y    R     AND4x1_ASAP7_75t_R           1  2.0    41    61    2342    (-,-) 
  u_core/IF_ID_if_id_instr_reg[18]/D -       -       R     DFFASRHQNx1_ASAP7_75t_R      1    -     -     0    2342    (-,-) 
#---------------------------------------------------------------------------------------------------------------------------



Path 50: MET (7 ps) Setup Check with Pin u_core/MEM_WB_mem_wb_mem_read_data_reg[30]/CLK->D
           View: view_ss
          Group: CLK_CPU
     Startpoint: (R) u_core/EX_MEM_ex_mem_alu_result_reg[0]/CLK
          Clock: (R) CLK_CPU
       Endpoint: (R) u_core/MEM_WB_mem_wb_mem_read_data_reg[30]/D
          Clock: (R) CLK_CPU

                     Capture       Launch     
        Clock Edge:+    2500            0     
       Src Latency:+       0            0     
       Net Latency:+       0 (I)        0 (I) 
           Arrival:=    2500            0     
                                              
             Setup:-      24                  
       Uncertainty:-     125                  
     Required Time:=    2351                  
      Launch Clock:-       0                  
         Data Path:-    2344                  
             Slack:=       7                  

#-----------------------------------------------------------------------------------------------------------------------------------
#                Timing Point                  Flags    Arc    Edge         Cell           Fanout Load Trans Delay Arrival Instance 
#                                                                                                 (fF)  (ps)  (ps)   (ps)  Location 
#-----------------------------------------------------------------------------------------------------------------------------------
  u_core/EX_MEM_ex_mem_alu_result_reg[0]/CLK   -       -       R     (arrival)               8138    -    40     0       0    (-,-) 
  u_core/EX_MEM_ex_mem_alu_result_reg[0]/QN    -       CLK->QN F     DFFHQNx3_ASAP7_75t_R       9 12.0    87   154     154    (-,-) 
  u_core/drc_bufs240529/Y                      -       A->Y    R     INVxp67_ASAP7_75t_R        1  3.1    84    65     219    (-,-) 
  u_core/drc_bufs240527/Y                      -       A->Y    F     INVx3_ASAP7_75t_R         13 16.8    71    60     280    (-,-) 
  u_dcache/g87638/Y                            -       A->Y    R     XNOR2x2_ASAP7_75t_R        8 10.0    79    86     365    (-,-) 
  u_dcache/g87459/Y                            -       A->Y    F     NAND2xp5_ASAP7_75t_R       2  3.2    71    54     419    (-,-) 
  u_dcache/g2/Y                                -       E->Y    F     OR5x1_ASAP7_75t_R          2  3.3    53   102     521    (-,-) 
  u_dcache/g86492/Y                            -       A->Y    F     OR4x1_ASAP7_75t_R          2  3.2    48    79     600    (-,-) 
  u_dcache/g86297/Y                            -       A->Y    R     NOR3xp33_ASAP7_75t_R       1  1.8    97    59     658    (-,-) 
  u_dcache/drc_bufs94441/Y                     -       A->Y    F     INVxp33_ASAP7_75t_R        1  1.9    76    66     724    (-,-) 
  u_dcache/drc_bufs94440/Y                     -       A->Y    R     INVxp67_ASAP7_75t_R        1  2.0    61    49     773    (-,-) 
  g89502/Y                                     -       B->Y    R     AND2x2_ASAP7_75t_R         1  2.4    27    48     821    (-,-) 
  u_core/g139955/Y                             -       B->Y    F     NAND2x1_ASAP7_75t_R        3  4.8    58    35     856    (-,-) 
  u_core/g3/Y                                  -       A->Y    R     NAND3xp33_ASAP7_75t_R      1  2.0    63    46     902    (-,-) 
  u_core/g237388/Y                             -       A->Y    R     OR2x2_ASAP7_75t_R          8 10.7    82    77     979    (-,-) 
  u_core/MEM/g5045/Y                           -       A->Y    F     INVxp67_ASAP7_75t_R        1  2.0    48    45    1024    (-,-) 
  u_core/MEM/g5044/Y                           -       B->Y    F     AND2x2_ASAP7_75t_R         4  6.3    40    57    1081    (-,-) 
  g89657/Y                                     -       B->Y    F     AND2x4_ASAP7_75t_R        10 13.9    43    55    1136    (-,-) 
  u_dcache/g73017/Y                            -       B->Y    R     NAND2x1p5_ASAP7_75t_R      4  7.0    78    48    1184    (-,-) 
  u_dcache/drc_bufs94756/Y                     -       A->Y    F     INVx1_ASAP7_75t_R          1  2.6    44    41    1225    (-,-) 
  u_dcache/drc_bufs94754/Y                     -       A->Y    R     INVx2_ASAP7_75t_R          3  5.2    46    35    1260    (-,-) 
  u_dcache/g72809/Y                            -       A->Y    F     NOR3xp33_ASAP7_75t_R       1  1.9    51    36    1296    (-,-) 
  u_dcache/drc_bufs93078/Y                     -       A->Y    R     INVxp67_ASAP7_75t_R        1  1.9    52    40    1336    (-,-) 
  u_dcache/drc_bufs93076/Y                     -       A->Y    F     INVxp67_ASAP7_75t_R        2  3.2    56    46    1382    (-,-) 
  u_dcache/g72690/Y                            -       B->Y    F     AND3x2_ASAP7_75t_R         5  7.8    45    59    1441    (-,-) 
  u_dcache/g72663/Y                            -       B->Y    R     NAND2xp5_ASAP7_75t_R       2  3.1    85    52    1493    (-,-) 
  u_dcache/g72650/Y                            -       B->Y    R     OR2x2_ASAP7_75t_R          9 11.5    88    83    1576    (-,-) 
  u_dcache/g72634/Y                            -       B->Y    F     NOR2xp33_ASAP7_75t_R       1  1.8    77    64    1640    (-,-) 
  u_dcache/drc_bufs93732/Y                     -       A->Y    R     INVxp33_ASAP7_75t_R        1  1.9    96    70    1710    (-,-) 
  u_dcache/drc_bufs93730/Y                     -       A->Y    F     INVxp67_ASAP7_75t_R        2  3.8    75    65    1775    (-,-) 
  u_dcache/g72606/Y                            -       C->Y    R     AOI221x1_ASAP7_75t_R       1  1.8    65    47    1821    (-,-) 
  u_dcache/g72604/Y                            -       B->Y    F     NOR2xp33_ASAP7_75t_R       1  1.9    73    58    1879    (-,-) 
  u_dcache/drc_bufs92157/Y                     -       A->Y    R     INVxp67_ASAP7_75t_R        2  3.3    84    63    1942    (-,-) 
  u_dcache/drc_bufs92156/Y                     -       A->Y    F     INVx1_ASAP7_75t_R          2  3.2    51    47    1988    (-,-) 
  u_dcache/g72586/Y                            -       A->Y    F     OR3x4_ASAP7_75t_R         15 17.6    71   113    2102    (-,-) 
  u_dcache/g72574/Y                            -       C->Y    F     AO221x1_ASAP7_75t_R        1  2.0    33    68    2169    (-,-) 
  g90489/Y                                     -       B1->Y   F     AO222x2_ASAP7_75t_R        2  3.1    35    77    2246    (-,-) 
  u_core/MEM/g7153/Y                           -       A2->Y   F     AO22x1_ASAP7_75t_R         1  2.0    31    53    2299    (-,-) 
  u_core/g232750/Y                             -       A2->Y   R     AOI22xp5_ASAP7_75t_R       1  2.0    78    45    2344    (-,-) 
  u_core/MEM_WB_mem_wb_mem_read_data_reg[30]/D -       -       R     DFFHQNx1_ASAP7_75t_R       1    -     -     0    2344    (-,-) 
#-----------------------------------------------------------------------------------------------------------------------------------



Path 51: MET (7 ps) Setup Check with Pin u_core/MEM_WB_mem_wb_mem_read_data_reg[27]/CLK->D
           View: view_ss
          Group: CLK_CPU
     Startpoint: (R) u_core/EX_MEM_ex_mem_alu_result_reg[0]/CLK
          Clock: (R) CLK_CPU
       Endpoint: (R) u_core/MEM_WB_mem_wb_mem_read_data_reg[27]/D
          Clock: (R) CLK_CPU

                     Capture       Launch     
        Clock Edge:+    2500            0     
       Src Latency:+       0            0     
       Net Latency:+       0 (I)        0 (I) 
           Arrival:=    2500            0     
                                              
             Setup:-      24                  
       Uncertainty:-     125                  
     Required Time:=    2351                  
      Launch Clock:-       0                  
         Data Path:-    2344                  
             Slack:=       7                  

#-----------------------------------------------------------------------------------------------------------------------------------
#                Timing Point                  Flags    Arc    Edge         Cell           Fanout Load Trans Delay Arrival Instance 
#                                                                                                 (fF)  (ps)  (ps)   (ps)  Location 
#-----------------------------------------------------------------------------------------------------------------------------------
  u_core/EX_MEM_ex_mem_alu_result_reg[0]/CLK   -       -       R     (arrival)               8138    -    40     0       0    (-,-) 
  u_core/EX_MEM_ex_mem_alu_result_reg[0]/QN    -       CLK->QN F     DFFHQNx3_ASAP7_75t_R       9 12.0    87   154     154    (-,-) 
  u_core/drc_bufs240529/Y                      -       A->Y    R     INVxp67_ASAP7_75t_R        1  3.1    84    65     219    (-,-) 
  u_core/drc_bufs240527/Y                      -       A->Y    F     INVx3_ASAP7_75t_R         13 16.8    71    60     280    (-,-) 
  u_dcache/g87638/Y                            -       A->Y    R     XNOR2x2_ASAP7_75t_R        8 10.0    79    86     365    (-,-) 
  u_dcache/g87459/Y                            -       A->Y    F     NAND2xp5_ASAP7_75t_R       2  3.2    71    54     419    (-,-) 
  u_dcache/g2/Y                                -       E->Y    F     OR5x1_ASAP7_75t_R          2  3.3    53   102     521    (-,-) 
  u_dcache/g86492/Y                            -       A->Y    F     OR4x1_ASAP7_75t_R          2  3.2    48    79     600    (-,-) 
  u_dcache/g86297/Y                            -       A->Y    R     NOR3xp33_ASAP7_75t_R       1  1.8    97    59     658    (-,-) 
  u_dcache/drc_bufs94441/Y                     -       A->Y    F     INVxp33_ASAP7_75t_R        1  1.9    76    66     724    (-,-) 
  u_dcache/drc_bufs94440/Y                     -       A->Y    R     INVxp67_ASAP7_75t_R        1  2.0    61    49     773    (-,-) 
  g89502/Y                                     -       B->Y    R     AND2x2_ASAP7_75t_R         1  2.4    27    48     821    (-,-) 
  u_core/g139955/Y                             -       B->Y    F     NAND2x1_ASAP7_75t_R        3  4.8    58    35     856    (-,-) 
  u_core/g3/Y                                  -       A->Y    R     NAND3xp33_ASAP7_75t_R      1  2.0    63    46     902    (-,-) 
  u_core/g237388/Y                             -       A->Y    R     OR2x2_ASAP7_75t_R          8 10.7    82    77     979    (-,-) 
  u_core/MEM/g5045/Y                           -       A->Y    F     INVxp67_ASAP7_75t_R        1  2.0    48    45    1024    (-,-) 
  u_core/MEM/g5044/Y                           -       B->Y    F     AND2x2_ASAP7_75t_R         4  6.3    40    57    1081    (-,-) 
  g89657/Y                                     -       B->Y    F     AND2x4_ASAP7_75t_R        10 13.9    43    55    1136    (-,-) 
  u_dcache/g73017/Y                            -       B->Y    R     NAND2x1p5_ASAP7_75t_R      4  7.0    78    48    1184    (-,-) 
  u_dcache/drc_bufs94756/Y                     -       A->Y    F     INVx1_ASAP7_75t_R          1  2.6    44    41    1225    (-,-) 
  u_dcache/drc_bufs94754/Y                     -       A->Y    R     INVx2_ASAP7_75t_R          3  5.2    46    35    1260    (-,-) 
  u_dcache/g72809/Y                            -       A->Y    F     NOR3xp33_ASAP7_75t_R       1  1.9    51    36    1296    (-,-) 
  u_dcache/drc_bufs93078/Y                     -       A->Y    R     INVxp67_ASAP7_75t_R        1  1.9    52    40    1336    (-,-) 
  u_dcache/drc_bufs93076/Y                     -       A->Y    F     INVxp67_ASAP7_75t_R        2  3.2    56    46    1382    (-,-) 
  u_dcache/g72690/Y                            -       B->Y    F     AND3x2_ASAP7_75t_R         5  7.8    45    59    1441    (-,-) 
  u_dcache/g72663/Y                            -       B->Y    R     NAND2xp5_ASAP7_75t_R       2  3.1    85    52    1493    (-,-) 
  u_dcache/g72650/Y                            -       B->Y    R     OR2x2_ASAP7_75t_R          9 11.5    88    83    1576    (-,-) 
  u_dcache/g72634/Y                            -       B->Y    F     NOR2xp33_ASAP7_75t_R       1  1.8    77    64    1640    (-,-) 
  u_dcache/drc_bufs93732/Y                     -       A->Y    R     INVxp33_ASAP7_75t_R        1  1.9    96    70    1710    (-,-) 
  u_dcache/drc_bufs93730/Y                     -       A->Y    F     INVxp67_ASAP7_75t_R        2  3.8    75    65    1775    (-,-) 
  u_dcache/g72606/Y                            -       C->Y    R     AOI221x1_ASAP7_75t_R       1  1.8    65    47    1821    (-,-) 
  u_dcache/g72604/Y                            -       B->Y    F     NOR2xp33_ASAP7_75t_R       1  1.9    73    58    1879    (-,-) 
  u_dcache/drc_bufs92157/Y                     -       A->Y    R     INVxp67_ASAP7_75t_R        2  3.3    84    63    1942    (-,-) 
  u_dcache/drc_bufs92156/Y                     -       A->Y    F     INVx1_ASAP7_75t_R          2  3.2    51    47    1988    (-,-) 
  u_dcache/g72586/Y                            -       A->Y    F     OR3x4_ASAP7_75t_R         15 17.6    71   113    2102    (-,-) 
  u_dcache/g72562/Y                            -       C->Y    F     AO221x1_ASAP7_75t_R        1  2.0    33    68    2169    (-,-) 
  g90460/Y                                     -       B1->Y   F     AO222x2_ASAP7_75t_R        2  3.1    35    77    2246    (-,-) 
  u_core/MEM/g7172/Y                           -       A2->Y   F     AO22x1_ASAP7_75t_R         1  2.0    31    53    2299    (-,-) 
  u_core/g232762/Y                             -       A2->Y   R     AOI22xp5_ASAP7_75t_R       1  2.0    78    45    2344    (-,-) 
  u_core/MEM_WB_mem_wb_mem_read_data_reg[27]/D -       -       R     DFFHQNx1_ASAP7_75t_R       1    -     -     0    2344    (-,-) 
#-----------------------------------------------------------------------------------------------------------------------------------



Path 52: MET (7 ps) Setup Check with Pin u_core/EX_MEM_ex_mem_csr_write_data_reg[19]/CLK->D
           View: view_ss
          Group: CLK_CPU
     Startpoint: (R) u_dcache/state_reg[0]/CLK
          Clock: (R) CLK_CPU
       Endpoint: (F) u_core/EX_MEM_ex_mem_csr_write_data_reg[19]/D
          Clock: (R) CLK_CPU

                     Capture       Launch     
        Clock Edge:+    2500            0     
       Src Latency:+       0            0     
       Net Latency:+       0 (I)        0 (I) 
           Arrival:=    2500            0     
                                              
             Setup:-       6                  
       Uncertainty:-     125                  
     Required Time:=    2370                  
      Launch Clock:-       0                  
         Data Path:-    2362                  
             Slack:=       7                  

#--------------------------------------------------------------------------------------------------------------------------------------
#                 Timing Point                  Flags    Arc    Edge          Cell            Fanout Load Trans Delay Arrival Instance 
#                                                                                                    (fF)  (ps)  (ps)   (ps)  Location 
#--------------------------------------------------------------------------------------------------------------------------------------
  u_dcache/state_reg[0]/CLK                     -       -       R     (arrival)                 8138    -    40     0       0    (-,-) 
  u_dcache/state_reg[0]/QN                      -       CLK->QN F     DFFASRHQNx1_ASAP7_75t_R      3  4.3    74   126     126    (-,-) 
  u_dcache/g73110/Y                             -       A->Y    R     INVxp67_ASAP7_75t_R          2  3.5    88    65     191    (-,-) 
  u_dcache/g73106/Y                             -       A->Y    R     AND2x6_ASAP7_75t_R          12 15.8    48    66     258    (-,-) 
  u_dcache/g87696/Y                             -       A->Y    F     INVx1_ASAP7_75t_R            5  6.6    72    53     311    (-,-) 
  u_dcache/g87589/Y                             -       B2->Y   F     OA22x2_ASAP7_75t_R           2  4.9    36    71     382    (-,-) 
  u_dcache/g87559/Y                             -       A->Y    R     INVx4_ASAP7_75t_R           20 25.3    94    57     439    (-,-) 
  u_dcache/g87530/Y                             -       B->Y    F     NOR2xp67_ASAP7_75t_R         2  3.6    73    65     505    (-,-) 
  u_dcache/g87472/Y                             -       B->Y    F     AND2x2_ASAP7_75t_R           5  9.1    53    72     576    (-,-) 
  u_dcache/g87341/Y                             -       A->Y    F     BUFx6f_ASAP7_75t_R          20 25.4    50    60     636    (-,-) 
  u_dcache/g87340/Y                             -       A->Y    F     HB3xp67_ASAP7_75t_R          2  3.2    65   112     748    (-,-) 
  u_dcache/g87187/Y                             -       A2->Y   R     AOI22xp5_ASAP7_75t_R         1  2.0    78    53     801    (-,-) 
  u_dcache/g86472/Y                             -       A->Y    F     NAND4xp25_ASAP7_75t_R        1  2.0    97    68     869    (-,-) 
  u_dcache/g86287/Y                             -       A2->Y   R     AOI22xp5_ASAP7_75t_R         1  1.9    82    58     926    (-,-) 
  u_dcache/g86191/Y                             -       C->Y    F     NAND4xp25_ASAP7_75t_R        1  2.0    99    66     992    (-,-) 
  u_dcache/g86164/Y                             -       A2->Y   R     A2O1A1Ixp33_ASAP7_75t_R      1  2.0    80    63    1055    (-,-) 
  u_dcache/g86156/Y                             -       B->Y    F     O2A1O1Ixp5_ASAP7_75t_R       1  1.9    60    51    1106    (-,-) 
  u_dcache/g86154/Y                             -       A2->Y   R     OAI21xp33_ASAP7_75t_R        1  2.0   100    66    1171    (-,-) 
  u_dcache/g96327/Y                             -       B->Y    R     AND2x2_ASAP7_75t_R           2  4.4    41    63    1234    (-,-) 
  u_dcache/drc_bufs93436/Y                      -       A->Y    F     INVx2_ASAP7_75t_R            5  7.2    42    35    1269    (-,-) 
  u_dcache/g65301/Y                             -       B->Y    R     NAND2x1_ASAP7_75t_R          3  4.5    78    50    1320    (-,-) 
  u_dcache/g65289/Y                             -       A2->Y   R     AO21x1_ASAP7_75t_R           1  2.0    36    51    1371    (-,-) 
  g200938/Y                                     -       B->Y    R     AND2x2_ASAP7_75t_R           1  2.0    24    40    1411    (-,-) 
  g200450/Y                                     -       A->Y    R     OR2x2_ASAP7_75t_R            9 13.1    99    73    1484    (-,-) 
  u_core/g234204/Y                              -       B->Y    R     OR2x2_ASAP7_75t_R            3  5.5    47    66    1550    (-,-) 
  u_core/g233987/Y                              -       B->Y    F     OAI21x1_ASAP7_75t_R          2  3.1    48    36    1586    (-,-) 
  u_core/g265909/Y                              -       B->Y    F     AO21x2_ASAP7_75t_R           5  8.3    52    69    1655    (-,-) 
  u_core/g233124/Y                              -       B->Y    R     NOR2x1p5_ASAP7_75t_R         5  7.9    86    56    1712    (-,-) 
  u_core/g232864/Y                              -       A->Y    F     INVx1_ASAP7_75t_R            1  2.0    40    38    1749    (-,-) 
  u_core/g232542/Y                              -       B->Y    F     OR2x2_ASAP7_75t_R            2  4.7    34    56    1805    (-,-) 
  u_core/g232274/Y                              -       A->Y    R     INVx2_ASAP7_75t_R            5  7.5    58    39    1844    (-,-) 
  u_core/g232089/Y                              -       B->Y    F     NAND2xp5_ASAP7_75t_R         1  2.6    62    47    1892    (-,-) 
  u_core/g231774/Y                              -       A->Y    R     INVx2_ASAP7_75t_R            4  5.9    55    44    1935    (-,-) 
  u_core/g230826/Y                              -       B->Y    R     AND2x2_ASAP7_75t_R           2  6.6    55    61    1996    (-,-) 
  u_core/g230186/Y                              -       A->Y    F     INVx4_ASAP7_75t_R           13 20.3    60    48    2044    (-,-) 
  u_core/g230151/Y                              -       B->Y    F     OR2x4_ASAP7_75t_R           15 19.0    65    92    2136    (-,-) 
  u_core/drc_bufs240333/Y                       -       A->Y    R     INVxp67_ASAP7_75t_R          1  3.1    78    58    2194    (-,-) 
  u_core/drc_bufs240332/Y                       -       A->Y    F     INVx3_ASAP7_75t_R           13 16.7    69    59    2253    (-,-) 
  u_core/g225236/Y                              -       B->Y    R     O2A1O1Ixp5_ASAP7_75t_R       1  2.3    85    58    2311    (-,-) 
  u_core/g225208/Y                              -       C->Y    F     AOI221x1_ASAP7_75t_R         1  2.0    70    51    2362    (-,-) 
  u_core/EX_MEM_ex_mem_csr_write_data_reg[19]/D -       -       F     DFFHQNx2_ASAP7_75t_R         1    -     -     0    2362    (-,-) 
#--------------------------------------------------------------------------------------------------------------------------------------



Path 53: MET (7 ps) Setup Check with Pin u_core/EX_MEM_ex_mem_csr_write_data_reg[5]/CLK->D
           View: view_ss
          Group: CLK_CPU
     Startpoint: (R) u_dcache/state_reg[0]/CLK
          Clock: (R) CLK_CPU
       Endpoint: (F) u_core/EX_MEM_ex_mem_csr_write_data_reg[5]/D
          Clock: (R) CLK_CPU

                     Capture       Launch     
        Clock Edge:+    2500            0     
       Src Latency:+       0            0     
       Net Latency:+       0 (I)        0 (I) 
           Arrival:=    2500            0     
                                              
             Setup:-       6                  
       Uncertainty:-     125                  
     Required Time:=    2370                  
      Launch Clock:-       0                  
         Data Path:-    2362                  
             Slack:=       7                  

#-------------------------------------------------------------------------------------------------------------------------------------
#                Timing Point                  Flags    Arc    Edge          Cell            Fanout Load Trans Delay Arrival Instance 
#                                                                                                   (fF)  (ps)  (ps)   (ps)  Location 
#-------------------------------------------------------------------------------------------------------------------------------------
  u_dcache/state_reg[0]/CLK                    -       -       R     (arrival)                 8138    -    40     0       0    (-,-) 
  u_dcache/state_reg[0]/QN                     -       CLK->QN F     DFFASRHQNx1_ASAP7_75t_R      3  4.3    74   126     126    (-,-) 
  u_dcache/g73110/Y                            -       A->Y    R     INVxp67_ASAP7_75t_R          2  3.5    88    65     191    (-,-) 
  u_dcache/g73106/Y                            -       A->Y    R     AND2x6_ASAP7_75t_R          12 15.8    48    66     258    (-,-) 
  u_dcache/g87696/Y                            -       A->Y    F     INVx1_ASAP7_75t_R            5  6.6    72    53     311    (-,-) 
  u_dcache/g87589/Y                            -       B2->Y   F     OA22x2_ASAP7_75t_R           2  4.9    36    71     382    (-,-) 
  u_dcache/g87559/Y                            -       A->Y    R     INVx4_ASAP7_75t_R           20 25.3    94    57     439    (-,-) 
  u_dcache/g87530/Y                            -       B->Y    F     NOR2xp67_ASAP7_75t_R         2  3.6    73    65     505    (-,-) 
  u_dcache/g87472/Y                            -       B->Y    F     AND2x2_ASAP7_75t_R           5  9.1    53    72     576    (-,-) 
  u_dcache/g87341/Y                            -       A->Y    F     BUFx6f_ASAP7_75t_R          20 25.4    50    60     636    (-,-) 
  u_dcache/g87340/Y                            -       A->Y    F     HB3xp67_ASAP7_75t_R          2  3.2    65   112     748    (-,-) 
  u_dcache/g87187/Y                            -       A2->Y   R     AOI22xp5_ASAP7_75t_R         1  2.0    78    53     801    (-,-) 
  u_dcache/g86472/Y                            -       A->Y    F     NAND4xp25_ASAP7_75t_R        1  2.0    97    68     869    (-,-) 
  u_dcache/g86287/Y                            -       A2->Y   R     AOI22xp5_ASAP7_75t_R         1  1.9    82    58     926    (-,-) 
  u_dcache/g86191/Y                            -       C->Y    F     NAND4xp25_ASAP7_75t_R        1  2.0    99    66     992    (-,-) 
  u_dcache/g86164/Y                            -       A2->Y   R     A2O1A1Ixp33_ASAP7_75t_R      1  2.0    80    63    1055    (-,-) 
  u_dcache/g86156/Y                            -       B->Y    F     O2A1O1Ixp5_ASAP7_75t_R       1  1.9    60    51    1106    (-,-) 
  u_dcache/g86154/Y                            -       A2->Y   R     OAI21xp33_ASAP7_75t_R        1  2.0   100    66    1171    (-,-) 
  u_dcache/g96327/Y                            -       B->Y    R     AND2x2_ASAP7_75t_R           2  4.4    41    63    1234    (-,-) 
  u_dcache/drc_bufs93436/Y                     -       A->Y    F     INVx2_ASAP7_75t_R            5  7.2    42    35    1269    (-,-) 
  u_dcache/g65301/Y                            -       B->Y    R     NAND2x1_ASAP7_75t_R          3  4.5    78    50    1320    (-,-) 
  u_dcache/g65289/Y                            -       A2->Y   R     AO21x1_ASAP7_75t_R           1  2.0    36    51    1371    (-,-) 
  g200938/Y                                    -       B->Y    R     AND2x2_ASAP7_75t_R           1  2.0    24    40    1411    (-,-) 
  g200450/Y                                    -       A->Y    R     OR2x2_ASAP7_75t_R            9 13.1    99    73    1484    (-,-) 
  u_core/g234204/Y                             -       B->Y    R     OR2x2_ASAP7_75t_R            3  5.5    47    66    1550    (-,-) 
  u_core/g233987/Y                             -       B->Y    F     OAI21x1_ASAP7_75t_R          2  3.1    48    36    1586    (-,-) 
  u_core/g265909/Y                             -       B->Y    F     AO21x2_ASAP7_75t_R           5  8.3    52    69    1655    (-,-) 
  u_core/g233124/Y                             -       B->Y    R     NOR2x1p5_ASAP7_75t_R         5  7.9    86    56    1712    (-,-) 
  u_core/g232864/Y                             -       A->Y    F     INVx1_ASAP7_75t_R            1  2.0    40    38    1749    (-,-) 
  u_core/g232542/Y                             -       B->Y    F     OR2x2_ASAP7_75t_R            2  4.7    34    56    1805    (-,-) 
  u_core/g232274/Y                             -       A->Y    R     INVx2_ASAP7_75t_R            5  7.5    58    39    1844    (-,-) 
  u_core/g232089/Y                             -       B->Y    F     NAND2xp5_ASAP7_75t_R         1  2.6    62    47    1892    (-,-) 
  u_core/g231774/Y                             -       A->Y    R     INVx2_ASAP7_75t_R            4  5.9    55    44    1935    (-,-) 
  u_core/g230826/Y                             -       B->Y    R     AND2x2_ASAP7_75t_R           2  6.6    55    61    1996    (-,-) 
  u_core/g230186/Y                             -       A->Y    F     INVx4_ASAP7_75t_R           13 20.3    60    48    2044    (-,-) 
  u_core/g230151/Y                             -       B->Y    F     OR2x4_ASAP7_75t_R           15 19.0    65    92    2136    (-,-) 
  u_core/drc_bufs240333/Y                      -       A->Y    R     INVxp67_ASAP7_75t_R          1  3.1    78    58    2194    (-,-) 
  u_core/drc_bufs240332/Y                      -       A->Y    F     INVx3_ASAP7_75t_R           13 16.7    69    59    2253    (-,-) 
  u_core/g225233/Y                             -       B->Y    R     O2A1O1Ixp5_ASAP7_75t_R       1  2.3    85    58    2311    (-,-) 
  u_core/g225197/Y                             -       C->Y    F     AOI221x1_ASAP7_75t_R         1  2.0    70    51    2362    (-,-) 
  u_core/EX_MEM_ex_mem_csr_write_data_reg[5]/D -       -       F     DFFHQNx3_ASAP7_75t_R         1    -     -     0    2362    (-,-) 
#-------------------------------------------------------------------------------------------------------------------------------------



Path 54: MET (7 ps) Setup Check with Pin u_core/MEM_WB_mem_wb_mem_read_data_reg[29]/CLK->D
           View: view_ss
          Group: CLK_CPU
     Startpoint: (R) u_core/EX_MEM_ex_mem_alu_result_reg[0]/CLK
          Clock: (R) CLK_CPU
       Endpoint: (R) u_core/MEM_WB_mem_wb_mem_read_data_reg[29]/D
          Clock: (R) CLK_CPU

                     Capture       Launch     
        Clock Edge:+    2500            0     
       Src Latency:+       0            0     
       Net Latency:+       0 (I)        0 (I) 
           Arrival:=    2500            0     
                                              
             Setup:-      24                  
       Uncertainty:-     125                  
     Required Time:=    2351                  
      Launch Clock:-       0                  
         Data Path:-    2344                  
             Slack:=       7                  

#-----------------------------------------------------------------------------------------------------------------------------------
#                Timing Point                  Flags    Arc    Edge         Cell           Fanout Load Trans Delay Arrival Instance 
#                                                                                                 (fF)  (ps)  (ps)   (ps)  Location 
#-----------------------------------------------------------------------------------------------------------------------------------
  u_core/EX_MEM_ex_mem_alu_result_reg[0]/CLK   -       -       R     (arrival)               8138    -    40     0       0    (-,-) 
  u_core/EX_MEM_ex_mem_alu_result_reg[0]/QN    -       CLK->QN F     DFFHQNx3_ASAP7_75t_R       9 12.0    87   154     154    (-,-) 
  u_core/drc_bufs240529/Y                      -       A->Y    R     INVxp67_ASAP7_75t_R        1  3.1    84    65     219    (-,-) 
  u_core/drc_bufs240527/Y                      -       A->Y    F     INVx3_ASAP7_75t_R         13 16.8    71    60     280    (-,-) 
  u_dcache/g87638/Y                            -       A->Y    R     XNOR2x2_ASAP7_75t_R        8 10.0    79    86     365    (-,-) 
  u_dcache/g87459/Y                            -       A->Y    F     NAND2xp5_ASAP7_75t_R       2  3.2    71    54     419    (-,-) 
  u_dcache/g2/Y                                -       E->Y    F     OR5x1_ASAP7_75t_R          2  3.3    53   102     521    (-,-) 
  u_dcache/g86492/Y                            -       A->Y    F     OR4x1_ASAP7_75t_R          2  3.2    48    79     600    (-,-) 
  u_dcache/g86297/Y                            -       A->Y    R     NOR3xp33_ASAP7_75t_R       1  1.8    97    59     658    (-,-) 
  u_dcache/drc_bufs94441/Y                     -       A->Y    F     INVxp33_ASAP7_75t_R        1  1.9    76    66     724    (-,-) 
  u_dcache/drc_bufs94440/Y                     -       A->Y    R     INVxp67_ASAP7_75t_R        1  2.0    61    49     773    (-,-) 
  g89502/Y                                     -       B->Y    R     AND2x2_ASAP7_75t_R         1  2.4    27    48     821    (-,-) 
  u_core/g139955/Y                             -       B->Y    F     NAND2x1_ASAP7_75t_R        3  4.8    58    35     856    (-,-) 
  u_core/g3/Y                                  -       A->Y    R     NAND3xp33_ASAP7_75t_R      1  2.0    63    46     902    (-,-) 
  u_core/g237388/Y                             -       A->Y    R     OR2x2_ASAP7_75t_R          8 10.7    82    77     979    (-,-) 
  u_core/MEM/g5045/Y                           -       A->Y    F     INVxp67_ASAP7_75t_R        1  2.0    48    45    1024    (-,-) 
  u_core/MEM/g5044/Y                           -       B->Y    F     AND2x2_ASAP7_75t_R         4  6.3    40    57    1081    (-,-) 
  g89657/Y                                     -       B->Y    F     AND2x4_ASAP7_75t_R        10 13.9    43    55    1136    (-,-) 
  u_dcache/g73017/Y                            -       B->Y    R     NAND2x1p5_ASAP7_75t_R      4  7.0    78    48    1184    (-,-) 
  u_dcache/drc_bufs94756/Y                     -       A->Y    F     INVx1_ASAP7_75t_R          1  2.6    44    41    1225    (-,-) 
  u_dcache/drc_bufs94754/Y                     -       A->Y    R     INVx2_ASAP7_75t_R          3  5.2    46    35    1260    (-,-) 
  u_dcache/g72809/Y                            -       A->Y    F     NOR3xp33_ASAP7_75t_R       1  1.9    51    36    1296    (-,-) 
  u_dcache/drc_bufs93078/Y                     -       A->Y    R     INVxp67_ASAP7_75t_R        1  1.9    52    40    1336    (-,-) 
  u_dcache/drc_bufs93076/Y                     -       A->Y    F     INVxp67_ASAP7_75t_R        2  3.2    56    46    1382    (-,-) 
  u_dcache/g72690/Y                            -       B->Y    F     AND3x2_ASAP7_75t_R         5  7.8    45    59    1441    (-,-) 
  u_dcache/g72663/Y                            -       B->Y    R     NAND2xp5_ASAP7_75t_R       2  3.1    85    52    1493    (-,-) 
  u_dcache/g72650/Y                            -       B->Y    R     OR2x2_ASAP7_75t_R          9 11.5    88    83    1576    (-,-) 
  u_dcache/g72634/Y                            -       B->Y    F     NOR2xp33_ASAP7_75t_R       1  1.8    77    64    1640    (-,-) 
  u_dcache/drc_bufs93732/Y                     -       A->Y    R     INVxp33_ASAP7_75t_R        1  1.9    96    70    1710    (-,-) 
  u_dcache/drc_bufs93730/Y                     -       A->Y    F     INVxp67_ASAP7_75t_R        2  3.8    75    65    1775    (-,-) 
  u_dcache/g72606/Y                            -       C->Y    R     AOI221x1_ASAP7_75t_R       1  1.8    65    47    1821    (-,-) 
  u_dcache/g72604/Y                            -       B->Y    F     NOR2xp33_ASAP7_75t_R       1  1.9    73    58    1879    (-,-) 
  u_dcache/drc_bufs92157/Y                     -       A->Y    R     INVxp67_ASAP7_75t_R        2  3.3    84    63    1942    (-,-) 
  u_dcache/drc_bufs92156/Y                     -       A->Y    F     INVx1_ASAP7_75t_R          2  3.2    51    47    1988    (-,-) 
  u_dcache/g72586/Y                            -       A->Y    F     OR3x4_ASAP7_75t_R         15 17.6    71   113    2102    (-,-) 
  u_dcache/g72575/Y                            -       C->Y    F     AO221x1_ASAP7_75t_R        1  2.0    33    68    2169    (-,-) 
  g90459/Y                                     -       B1->Y   F     AO222x2_ASAP7_75t_R        2  3.1    34    77    2246    (-,-) 
  u_core/MEM/g7169/Y                           -       A2->Y   F     AO22x1_ASAP7_75t_R         1  2.0    31    53    2299    (-,-) 
  u_core/g232744/Y                             -       A2->Y   R     AOI22xp5_ASAP7_75t_R       1  2.0    77    45    2344    (-,-) 
  u_core/MEM_WB_mem_wb_mem_read_data_reg[29]/D -       -       R     DFFHQNx1_ASAP7_75t_R       1    -     -     0    2344    (-,-) 
#-----------------------------------------------------------------------------------------------------------------------------------



Path 55: MET (7 ps) Setup Check with Pin u_core/MEM_WB_mem_wb_mem_read_data_reg[28]/CLK->D
           View: view_ss
          Group: CLK_CPU
     Startpoint: (R) u_core/EX_MEM_ex_mem_alu_result_reg[0]/CLK
          Clock: (R) CLK_CPU
       Endpoint: (R) u_core/MEM_WB_mem_wb_mem_read_data_reg[28]/D
          Clock: (R) CLK_CPU

                     Capture       Launch     
        Clock Edge:+    2500            0     
       Src Latency:+       0            0     
       Net Latency:+       0 (I)        0 (I) 
           Arrival:=    2500            0     
                                              
             Setup:-      24                  
       Uncertainty:-     125                  
     Required Time:=    2351                  
      Launch Clock:-       0                  
         Data Path:-    2344                  
             Slack:=       7                  

#-----------------------------------------------------------------------------------------------------------------------------------
#                Timing Point                  Flags    Arc    Edge         Cell           Fanout Load Trans Delay Arrival Instance 
#                                                                                                 (fF)  (ps)  (ps)   (ps)  Location 
#-----------------------------------------------------------------------------------------------------------------------------------
  u_core/EX_MEM_ex_mem_alu_result_reg[0]/CLK   -       -       R     (arrival)               8138    -    40     0       0    (-,-) 
  u_core/EX_MEM_ex_mem_alu_result_reg[0]/QN    -       CLK->QN F     DFFHQNx3_ASAP7_75t_R       9 12.0    87   154     154    (-,-) 
  u_core/drc_bufs240529/Y                      -       A->Y    R     INVxp67_ASAP7_75t_R        1  3.1    84    65     219    (-,-) 
  u_core/drc_bufs240527/Y                      -       A->Y    F     INVx3_ASAP7_75t_R         13 16.8    71    60     280    (-,-) 
  u_dcache/g87638/Y                            -       A->Y    R     XNOR2x2_ASAP7_75t_R        8 10.0    79    86     365    (-,-) 
  u_dcache/g87459/Y                            -       A->Y    F     NAND2xp5_ASAP7_75t_R       2  3.2    71    54     419    (-,-) 
  u_dcache/g2/Y                                -       E->Y    F     OR5x1_ASAP7_75t_R          2  3.3    53   102     521    (-,-) 
  u_dcache/g86492/Y                            -       A->Y    F     OR4x1_ASAP7_75t_R          2  3.2    48    79     600    (-,-) 
  u_dcache/g86297/Y                            -       A->Y    R     NOR3xp33_ASAP7_75t_R       1  1.8    97    59     658    (-,-) 
  u_dcache/drc_bufs94441/Y                     -       A->Y    F     INVxp33_ASAP7_75t_R        1  1.9    76    66     724    (-,-) 
  u_dcache/drc_bufs94440/Y                     -       A->Y    R     INVxp67_ASAP7_75t_R        1  2.0    61    49     773    (-,-) 
  g89502/Y                                     -       B->Y    R     AND2x2_ASAP7_75t_R         1  2.4    27    48     821    (-,-) 
  u_core/g139955/Y                             -       B->Y    F     NAND2x1_ASAP7_75t_R        3  4.8    58    35     856    (-,-) 
  u_core/g3/Y                                  -       A->Y    R     NAND3xp33_ASAP7_75t_R      1  2.0    63    46     902    (-,-) 
  u_core/g237388/Y                             -       A->Y    R     OR2x2_ASAP7_75t_R          8 10.7    82    77     979    (-,-) 
  u_core/MEM/g5045/Y                           -       A->Y    F     INVxp67_ASAP7_75t_R        1  2.0    48    45    1024    (-,-) 
  u_core/MEM/g5044/Y                           -       B->Y    F     AND2x2_ASAP7_75t_R         4  6.3    40    57    1081    (-,-) 
  g89657/Y                                     -       B->Y    F     AND2x4_ASAP7_75t_R        10 13.9    43    55    1136    (-,-) 
  u_dcache/g73017/Y                            -       B->Y    R     NAND2x1p5_ASAP7_75t_R      4  7.0    78    48    1184    (-,-) 
  u_dcache/drc_bufs94756/Y                     -       A->Y    F     INVx1_ASAP7_75t_R          1  2.6    44    41    1225    (-,-) 
  u_dcache/drc_bufs94754/Y                     -       A->Y    R     INVx2_ASAP7_75t_R          3  5.2    46    35    1260    (-,-) 
  u_dcache/g72809/Y                            -       A->Y    F     NOR3xp33_ASAP7_75t_R       1  1.9    51    36    1296    (-,-) 
  u_dcache/drc_bufs93078/Y                     -       A->Y    R     INVxp67_ASAP7_75t_R        1  1.9    52    40    1336    (-,-) 
  u_dcache/drc_bufs93076/Y                     -       A->Y    F     INVxp67_ASAP7_75t_R        2  3.2    56    46    1382    (-,-) 
  u_dcache/g72690/Y                            -       B->Y    F     AND3x2_ASAP7_75t_R         5  7.8    45    59    1441    (-,-) 
  u_dcache/g72663/Y                            -       B->Y    R     NAND2xp5_ASAP7_75t_R       2  3.1    85    52    1493    (-,-) 
  u_dcache/g72650/Y                            -       B->Y    R     OR2x2_ASAP7_75t_R          9 11.5    88    83    1576    (-,-) 
  u_dcache/g72634/Y                            -       B->Y    F     NOR2xp33_ASAP7_75t_R       1  1.8    77    64    1640    (-,-) 
  u_dcache/drc_bufs93732/Y                     -       A->Y    R     INVxp33_ASAP7_75t_R        1  1.9    96    70    1710    (-,-) 
  u_dcache/drc_bufs93730/Y                     -       A->Y    F     INVxp67_ASAP7_75t_R        2  3.8    75    65    1775    (-,-) 
  u_dcache/g72606/Y                            -       C->Y    R     AOI221x1_ASAP7_75t_R       1  1.8    65    47    1821    (-,-) 
  u_dcache/g72604/Y                            -       B->Y    F     NOR2xp33_ASAP7_75t_R       1  1.9    73    58    1879    (-,-) 
  u_dcache/drc_bufs92157/Y                     -       A->Y    R     INVxp67_ASAP7_75t_R        2  3.3    84    63    1942    (-,-) 
  u_dcache/drc_bufs92156/Y                     -       A->Y    F     INVx1_ASAP7_75t_R          2  3.2    51    47    1988    (-,-) 
  u_dcache/g72586/Y                            -       A->Y    F     OR3x4_ASAP7_75t_R         15 17.6    71   113    2102    (-,-) 
  u_dcache/g72576/Y                            -       C->Y    F     AO221x1_ASAP7_75t_R        1  2.0    33    68    2169    (-,-) 
  g90482/Y                                     -       B1->Y   F     AO222x2_ASAP7_75t_R        2  3.1    34    77    2246    (-,-) 
  u_core/MEM/g7159/Y                           -       A2->Y   F     AO22x1_ASAP7_75t_R         1  2.0    31    53    2299    (-,-) 
  u_core/g232763/Y                             -       A2->Y   R     AOI22xp5_ASAP7_75t_R       1  2.0    77    45    2344    (-,-) 
  u_core/MEM_WB_mem_wb_mem_read_data_reg[28]/D -       -       R     DFFHQNx1_ASAP7_75t_R       1    -     -     0    2344    (-,-) 
#-----------------------------------------------------------------------------------------------------------------------------------



Path 56: MET (7 ps) Setup Check with Pin u_core/MEM_WB_mem_wb_mem_read_data_reg[26]/CLK->D
           View: view_ss
          Group: CLK_CPU
     Startpoint: (R) u_core/EX_MEM_ex_mem_alu_result_reg[0]/CLK
          Clock: (R) CLK_CPU
       Endpoint: (R) u_core/MEM_WB_mem_wb_mem_read_data_reg[26]/D
          Clock: (R) CLK_CPU

                     Capture       Launch     
        Clock Edge:+    2500            0     
       Src Latency:+       0            0     
       Net Latency:+       0 (I)        0 (I) 
           Arrival:=    2500            0     
                                              
             Setup:-      24                  
       Uncertainty:-     125                  
     Required Time:=    2351                  
      Launch Clock:-       0                  
         Data Path:-    2344                  
             Slack:=       7                  

#-----------------------------------------------------------------------------------------------------------------------------------
#                Timing Point                  Flags    Arc    Edge         Cell           Fanout Load Trans Delay Arrival Instance 
#                                                                                                 (fF)  (ps)  (ps)   (ps)  Location 
#-----------------------------------------------------------------------------------------------------------------------------------
  u_core/EX_MEM_ex_mem_alu_result_reg[0]/CLK   -       -       R     (arrival)               8138    -    40     0       0    (-,-) 
  u_core/EX_MEM_ex_mem_alu_result_reg[0]/QN    -       CLK->QN F     DFFHQNx3_ASAP7_75t_R       9 12.0    87   154     154    (-,-) 
  u_core/drc_bufs240529/Y                      -       A->Y    R     INVxp67_ASAP7_75t_R        1  3.1    84    65     219    (-,-) 
  u_core/drc_bufs240527/Y                      -       A->Y    F     INVx3_ASAP7_75t_R         13 16.8    71    60     280    (-,-) 
  u_dcache/g87638/Y                            -       A->Y    R     XNOR2x2_ASAP7_75t_R        8 10.0    79    86     365    (-,-) 
  u_dcache/g87459/Y                            -       A->Y    F     NAND2xp5_ASAP7_75t_R       2  3.2    71    54     419    (-,-) 
  u_dcache/g2/Y                                -       E->Y    F     OR5x1_ASAP7_75t_R          2  3.3    53   102     521    (-,-) 
  u_dcache/g86492/Y                            -       A->Y    F     OR4x1_ASAP7_75t_R          2  3.2    48    79     600    (-,-) 
  u_dcache/g86297/Y                            -       A->Y    R     NOR3xp33_ASAP7_75t_R       1  1.8    97    59     658    (-,-) 
  u_dcache/drc_bufs94441/Y                     -       A->Y    F     INVxp33_ASAP7_75t_R        1  1.9    76    66     724    (-,-) 
  u_dcache/drc_bufs94440/Y                     -       A->Y    R     INVxp67_ASAP7_75t_R        1  2.0    61    49     773    (-,-) 
  g89502/Y                                     -       B->Y    R     AND2x2_ASAP7_75t_R         1  2.4    27    48     821    (-,-) 
  u_core/g139955/Y                             -       B->Y    F     NAND2x1_ASAP7_75t_R        3  4.8    58    35     856    (-,-) 
  u_core/g3/Y                                  -       A->Y    R     NAND3xp33_ASAP7_75t_R      1  2.0    63    46     902    (-,-) 
  u_core/g237388/Y                             -       A->Y    R     OR2x2_ASAP7_75t_R          8 10.7    82    77     979    (-,-) 
  u_core/MEM/g5045/Y                           -       A->Y    F     INVxp67_ASAP7_75t_R        1  2.0    48    45    1024    (-,-) 
  u_core/MEM/g5044/Y                           -       B->Y    F     AND2x2_ASAP7_75t_R         4  6.3    40    57    1081    (-,-) 
  g89657/Y                                     -       B->Y    F     AND2x4_ASAP7_75t_R        10 13.9    43    55    1136    (-,-) 
  u_dcache/g73017/Y                            -       B->Y    R     NAND2x1p5_ASAP7_75t_R      4  7.0    78    48    1184    (-,-) 
  u_dcache/drc_bufs94756/Y                     -       A->Y    F     INVx1_ASAP7_75t_R          1  2.6    44    41    1225    (-,-) 
  u_dcache/drc_bufs94754/Y                     -       A->Y    R     INVx2_ASAP7_75t_R          3  5.2    46    35    1260    (-,-) 
  u_dcache/g72809/Y                            -       A->Y    F     NOR3xp33_ASAP7_75t_R       1  1.9    51    36    1296    (-,-) 
  u_dcache/drc_bufs93078/Y                     -       A->Y    R     INVxp67_ASAP7_75t_R        1  1.9    52    40    1336    (-,-) 
  u_dcache/drc_bufs93076/Y                     -       A->Y    F     INVxp67_ASAP7_75t_R        2  3.2    56    46    1382    (-,-) 
  u_dcache/g72690/Y                            -       B->Y    F     AND3x2_ASAP7_75t_R         5  7.8    45    59    1441    (-,-) 
  u_dcache/g72663/Y                            -       B->Y    R     NAND2xp5_ASAP7_75t_R       2  3.1    85    52    1493    (-,-) 
  u_dcache/g72650/Y                            -       B->Y    R     OR2x2_ASAP7_75t_R          9 11.5    88    83    1576    (-,-) 
  u_dcache/g72634/Y                            -       B->Y    F     NOR2xp33_ASAP7_75t_R       1  1.8    77    64    1640    (-,-) 
  u_dcache/drc_bufs93732/Y                     -       A->Y    R     INVxp33_ASAP7_75t_R        1  1.9    96    70    1710    (-,-) 
  u_dcache/drc_bufs93730/Y                     -       A->Y    F     INVxp67_ASAP7_75t_R        2  3.8    75    65    1775    (-,-) 
  u_dcache/g72606/Y                            -       C->Y    R     AOI221x1_ASAP7_75t_R       1  1.8    65    47    1821    (-,-) 
  u_dcache/g72604/Y                            -       B->Y    F     NOR2xp33_ASAP7_75t_R       1  1.9    73    58    1879    (-,-) 
  u_dcache/drc_bufs92157/Y                     -       A->Y    R     INVxp67_ASAP7_75t_R        2  3.3    84    63    1942    (-,-) 
  u_dcache/drc_bufs92156/Y                     -       A->Y    F     INVx1_ASAP7_75t_R          2  3.2    51    47    1988    (-,-) 
  u_dcache/g72586/Y                            -       A->Y    F     OR3x4_ASAP7_75t_R         15 17.6    71   113    2102    (-,-) 
  u_dcache/g72563/Y                            -       C->Y    F     AO221x1_ASAP7_75t_R        1  2.0    33    68    2169    (-,-) 
  g90467/Y                                     -       B1->Y   F     AO222x2_ASAP7_75t_R        2  3.1    35    77    2246    (-,-) 
  u_core/MEM/g7178/Y                           -       A2->Y   F     AO22x1_ASAP7_75t_R         1  2.0    31    53    2299    (-,-) 
  u_core/g232748/Y                             -       A2->Y   R     AOI22xp5_ASAP7_75t_R       1  2.0    77    45    2344    (-,-) 
  u_core/MEM_WB_mem_wb_mem_read_data_reg[26]/D -       -       R     DFFHQNx1_ASAP7_75t_R       1    -     -     0    2344    (-,-) 
#-----------------------------------------------------------------------------------------------------------------------------------



Path 57: MET (7 ps) Setup Check with Pin u_core/MEM_WB_mem_wb_mem_read_data_reg[25]/CLK->D
           View: view_ss
          Group: CLK_CPU
     Startpoint: (R) u_core/EX_MEM_ex_mem_alu_result_reg[0]/CLK
          Clock: (R) CLK_CPU
       Endpoint: (R) u_core/MEM_WB_mem_wb_mem_read_data_reg[25]/D
          Clock: (R) CLK_CPU

                     Capture       Launch     
        Clock Edge:+    2500            0     
       Src Latency:+       0            0     
       Net Latency:+       0 (I)        0 (I) 
           Arrival:=    2500            0     
                                              
             Setup:-      24                  
       Uncertainty:-     125                  
     Required Time:=    2351                  
      Launch Clock:-       0                  
         Data Path:-    2344                  
             Slack:=       7                  

#-----------------------------------------------------------------------------------------------------------------------------------
#                Timing Point                  Flags    Arc    Edge         Cell           Fanout Load Trans Delay Arrival Instance 
#                                                                                                 (fF)  (ps)  (ps)   (ps)  Location 
#-----------------------------------------------------------------------------------------------------------------------------------
  u_core/EX_MEM_ex_mem_alu_result_reg[0]/CLK   -       -       R     (arrival)               8138    -    40     0       0    (-,-) 
  u_core/EX_MEM_ex_mem_alu_result_reg[0]/QN    -       CLK->QN F     DFFHQNx3_ASAP7_75t_R       9 12.0    87   154     154    (-,-) 
  u_core/drc_bufs240529/Y                      -       A->Y    R     INVxp67_ASAP7_75t_R        1  3.1    84    65     219    (-,-) 
  u_core/drc_bufs240527/Y                      -       A->Y    F     INVx3_ASAP7_75t_R         13 16.8    71    60     280    (-,-) 
  u_dcache/g87638/Y                            -       A->Y    R     XNOR2x2_ASAP7_75t_R        8 10.0    79    86     365    (-,-) 
  u_dcache/g87459/Y                            -       A->Y    F     NAND2xp5_ASAP7_75t_R       2  3.2    71    54     419    (-,-) 
  u_dcache/g2/Y                                -       E->Y    F     OR5x1_ASAP7_75t_R          2  3.3    53   102     521    (-,-) 
  u_dcache/g86492/Y                            -       A->Y    F     OR4x1_ASAP7_75t_R          2  3.2    48    79     600    (-,-) 
  u_dcache/g86297/Y                            -       A->Y    R     NOR3xp33_ASAP7_75t_R       1  1.8    97    59     658    (-,-) 
  u_dcache/drc_bufs94441/Y                     -       A->Y    F     INVxp33_ASAP7_75t_R        1  1.9    76    66     724    (-,-) 
  u_dcache/drc_bufs94440/Y                     -       A->Y    R     INVxp67_ASAP7_75t_R        1  2.0    61    49     773    (-,-) 
  g89502/Y                                     -       B->Y    R     AND2x2_ASAP7_75t_R         1  2.4    27    48     821    (-,-) 
  u_core/g139955/Y                             -       B->Y    F     NAND2x1_ASAP7_75t_R        3  4.8    58    35     856    (-,-) 
  u_core/g3/Y                                  -       A->Y    R     NAND3xp33_ASAP7_75t_R      1  2.0    63    46     902    (-,-) 
  u_core/g237388/Y                             -       A->Y    R     OR2x2_ASAP7_75t_R          8 10.7    82    77     979    (-,-) 
  u_core/MEM/g5045/Y                           -       A->Y    F     INVxp67_ASAP7_75t_R        1  2.0    48    45    1024    (-,-) 
  u_core/MEM/g5044/Y                           -       B->Y    F     AND2x2_ASAP7_75t_R         4  6.3    40    57    1081    (-,-) 
  g89657/Y                                     -       B->Y    F     AND2x4_ASAP7_75t_R        10 13.9    43    55    1136    (-,-) 
  u_dcache/g73017/Y                            -       B->Y    R     NAND2x1p5_ASAP7_75t_R      4  7.0    78    48    1184    (-,-) 
  u_dcache/drc_bufs94756/Y                     -       A->Y    F     INVx1_ASAP7_75t_R          1  2.6    44    41    1225    (-,-) 
  u_dcache/drc_bufs94754/Y                     -       A->Y    R     INVx2_ASAP7_75t_R          3  5.2    46    35    1260    (-,-) 
  u_dcache/g72809/Y                            -       A->Y    F     NOR3xp33_ASAP7_75t_R       1  1.9    51    36    1296    (-,-) 
  u_dcache/drc_bufs93078/Y                     -       A->Y    R     INVxp67_ASAP7_75t_R        1  1.9    52    40    1336    (-,-) 
  u_dcache/drc_bufs93076/Y                     -       A->Y    F     INVxp67_ASAP7_75t_R        2  3.2    56    46    1382    (-,-) 
  u_dcache/g72690/Y                            -       B->Y    F     AND3x2_ASAP7_75t_R         5  7.8    45    59    1441    (-,-) 
  u_dcache/g72663/Y                            -       B->Y    R     NAND2xp5_ASAP7_75t_R       2  3.1    85    52    1493    (-,-) 
  u_dcache/g72650/Y                            -       B->Y    R     OR2x2_ASAP7_75t_R          9 11.5    88    83    1576    (-,-) 
  u_dcache/g72634/Y                            -       B->Y    F     NOR2xp33_ASAP7_75t_R       1  1.8    77    64    1640    (-,-) 
  u_dcache/drc_bufs93732/Y                     -       A->Y    R     INVxp33_ASAP7_75t_R        1  1.9    96    70    1710    (-,-) 
  u_dcache/drc_bufs93730/Y                     -       A->Y    F     INVxp67_ASAP7_75t_R        2  3.8    75    65    1775    (-,-) 
  u_dcache/g72606/Y                            -       C->Y    R     AOI221x1_ASAP7_75t_R       1  1.8    65    47    1821    (-,-) 
  u_dcache/g72604/Y                            -       B->Y    F     NOR2xp33_ASAP7_75t_R       1  1.9    73    58    1879    (-,-) 
  u_dcache/drc_bufs92157/Y                     -       A->Y    R     INVxp67_ASAP7_75t_R        2  3.3    84    63    1942    (-,-) 
  u_dcache/drc_bufs92156/Y                     -       A->Y    F     INVx1_ASAP7_75t_R          2  3.2    51    47    1988    (-,-) 
  u_dcache/g72586/Y                            -       A->Y    F     OR3x4_ASAP7_75t_R         15 17.6    71   113    2102    (-,-) 
  u_dcache/g72564/Y                            -       C->Y    F     AO221x1_ASAP7_75t_R        1  2.0    33    68    2169    (-,-) 
  g90475/Y                                     -       B1->Y   F     AO222x2_ASAP7_75t_R        2  3.1    34    77    2246    (-,-) 
  u_core/MEM/g7150/Y                           -       A2->Y   F     AO22x1_ASAP7_75t_R         1  2.0    31    53    2299    (-,-) 
  u_core/g232764/Y                             -       A2->Y   R     AOI22xp5_ASAP7_75t_R       1  2.0    77    45    2344    (-,-) 
  u_core/MEM_WB_mem_wb_mem_read_data_reg[25]/D -       -       R     DFFHQNx1_ASAP7_75t_R       1    -     -     0    2344    (-,-) 
#-----------------------------------------------------------------------------------------------------------------------------------



Path 58: MET (7 ps) Setup Check with Pin u_core/MEM_WB_mem_wb_mem_read_data_reg[24]/CLK->D
           View: view_ss
          Group: CLK_CPU
     Startpoint: (R) u_core/EX_MEM_ex_mem_alu_result_reg[0]/CLK
          Clock: (R) CLK_CPU
       Endpoint: (R) u_core/MEM_WB_mem_wb_mem_read_data_reg[24]/D
          Clock: (R) CLK_CPU

                     Capture       Launch     
        Clock Edge:+    2500            0     
       Src Latency:+       0            0     
       Net Latency:+       0 (I)        0 (I) 
           Arrival:=    2500            0     
                                              
             Setup:-      24                  
       Uncertainty:-     125                  
     Required Time:=    2351                  
      Launch Clock:-       0                  
         Data Path:-    2344                  
             Slack:=       7                  

#-----------------------------------------------------------------------------------------------------------------------------------
#                Timing Point                  Flags    Arc    Edge         Cell           Fanout Load Trans Delay Arrival Instance 
#                                                                                                 (fF)  (ps)  (ps)   (ps)  Location 
#-----------------------------------------------------------------------------------------------------------------------------------
  u_core/EX_MEM_ex_mem_alu_result_reg[0]/CLK   -       -       R     (arrival)               8138    -    40     0       0    (-,-) 
  u_core/EX_MEM_ex_mem_alu_result_reg[0]/QN    -       CLK->QN F     DFFHQNx3_ASAP7_75t_R       9 12.0    87   154     154    (-,-) 
  u_core/drc_bufs240529/Y                      -       A->Y    R     INVxp67_ASAP7_75t_R        1  3.1    84    65     219    (-,-) 
  u_core/drc_bufs240527/Y                      -       A->Y    F     INVx3_ASAP7_75t_R         13 16.8    71    60     280    (-,-) 
  u_dcache/g87638/Y                            -       A->Y    R     XNOR2x2_ASAP7_75t_R        8 10.0    79    86     365    (-,-) 
  u_dcache/g87459/Y                            -       A->Y    F     NAND2xp5_ASAP7_75t_R       2  3.2    71    54     419    (-,-) 
  u_dcache/g2/Y                                -       E->Y    F     OR5x1_ASAP7_75t_R          2  3.3    53   102     521    (-,-) 
  u_dcache/g86492/Y                            -       A->Y    F     OR4x1_ASAP7_75t_R          2  3.2    48    79     600    (-,-) 
  u_dcache/g86297/Y                            -       A->Y    R     NOR3xp33_ASAP7_75t_R       1  1.8    97    59     658    (-,-) 
  u_dcache/drc_bufs94441/Y                     -       A->Y    F     INVxp33_ASAP7_75t_R        1  1.9    76    66     724    (-,-) 
  u_dcache/drc_bufs94440/Y                     -       A->Y    R     INVxp67_ASAP7_75t_R        1  2.0    61    49     773    (-,-) 
  g89502/Y                                     -       B->Y    R     AND2x2_ASAP7_75t_R         1  2.4    27    48     821    (-,-) 
  u_core/g139955/Y                             -       B->Y    F     NAND2x1_ASAP7_75t_R        3  4.8    58    35     856    (-,-) 
  u_core/g3/Y                                  -       A->Y    R     NAND3xp33_ASAP7_75t_R      1  2.0    63    46     902    (-,-) 
  u_core/g237388/Y                             -       A->Y    R     OR2x2_ASAP7_75t_R          8 10.7    82    77     979    (-,-) 
  u_core/MEM/g5045/Y                           -       A->Y    F     INVxp67_ASAP7_75t_R        1  2.0    48    45    1024    (-,-) 
  u_core/MEM/g5044/Y                           -       B->Y    F     AND2x2_ASAP7_75t_R         4  6.3    40    57    1081    (-,-) 
  g89657/Y                                     -       B->Y    F     AND2x4_ASAP7_75t_R        10 13.9    43    55    1136    (-,-) 
  u_dcache/g73017/Y                            -       B->Y    R     NAND2x1p5_ASAP7_75t_R      4  7.0    78    48    1184    (-,-) 
  u_dcache/drc_bufs94756/Y                     -       A->Y    F     INVx1_ASAP7_75t_R          1  2.6    44    41    1225    (-,-) 
  u_dcache/drc_bufs94754/Y                     -       A->Y    R     INVx2_ASAP7_75t_R          3  5.2    46    35    1260    (-,-) 
  u_dcache/g72809/Y                            -       A->Y    F     NOR3xp33_ASAP7_75t_R       1  1.9    51    36    1296    (-,-) 
  u_dcache/drc_bufs93078/Y                     -       A->Y    R     INVxp67_ASAP7_75t_R        1  1.9    52    40    1336    (-,-) 
  u_dcache/drc_bufs93076/Y                     -       A->Y    F     INVxp67_ASAP7_75t_R        2  3.2    56    46    1382    (-,-) 
  u_dcache/g72690/Y                            -       B->Y    F     AND3x2_ASAP7_75t_R         5  7.8    45    59    1441    (-,-) 
  u_dcache/g72663/Y                            -       B->Y    R     NAND2xp5_ASAP7_75t_R       2  3.1    85    52    1493    (-,-) 
  u_dcache/g72650/Y                            -       B->Y    R     OR2x2_ASAP7_75t_R          9 11.5    88    83    1576    (-,-) 
  u_dcache/g72634/Y                            -       B->Y    F     NOR2xp33_ASAP7_75t_R       1  1.8    77    64    1640    (-,-) 
  u_dcache/drc_bufs93732/Y                     -       A->Y    R     INVxp33_ASAP7_75t_R        1  1.9    96    70    1710    (-,-) 
  u_dcache/drc_bufs93730/Y                     -       A->Y    F     INVxp67_ASAP7_75t_R        2  3.8    75    65    1775    (-,-) 
  u_dcache/g72606/Y                            -       C->Y    R     AOI221x1_ASAP7_75t_R       1  1.8    65    47    1821    (-,-) 
  u_dcache/g72604/Y                            -       B->Y    F     NOR2xp33_ASAP7_75t_R       1  1.9    73    58    1879    (-,-) 
  u_dcache/drc_bufs92157/Y                     -       A->Y    R     INVxp67_ASAP7_75t_R        2  3.3    84    63    1942    (-,-) 
  u_dcache/drc_bufs92156/Y                     -       A->Y    F     INVx1_ASAP7_75t_R          2  3.2    51    47    1988    (-,-) 
  u_dcache/g72586/Y                            -       A->Y    F     OR3x4_ASAP7_75t_R         15 17.6    71   113    2102    (-,-) 
  u_dcache/g72571/Y                            -       C->Y    F     AO221x1_ASAP7_75t_R        1  2.0    33    68    2169    (-,-) 
  g90486/Y                                     -       B1->Y   F     AO222x2_ASAP7_75t_R        2  3.1    34    77    2246    (-,-) 
  u_core/MEM/g7161/Y                           -       A2->Y   F     AO22x1_ASAP7_75t_R         1  2.0    31    53    2299    (-,-) 
  u_core/g232766/Y                             -       A2->Y   R     AOI22xp5_ASAP7_75t_R       1  2.0    77    45    2344    (-,-) 
  u_core/MEM_WB_mem_wb_mem_read_data_reg[24]/D -       -       R     DFFHQNx1_ASAP7_75t_R       1    -     -     0    2344    (-,-) 
#-----------------------------------------------------------------------------------------------------------------------------------



Path 59: MET (7 ps) Setup Check with Pin u_core/MEM_WB_mem_wb_mem_read_data_reg[23]/CLK->D
           View: view_ss
          Group: CLK_CPU
     Startpoint: (R) u_core/EX_MEM_ex_mem_alu_result_reg[0]/CLK
          Clock: (R) CLK_CPU
       Endpoint: (R) u_core/MEM_WB_mem_wb_mem_read_data_reg[23]/D
          Clock: (R) CLK_CPU

                     Capture       Launch     
        Clock Edge:+    2500            0     
       Src Latency:+       0            0     
       Net Latency:+       0 (I)        0 (I) 
           Arrival:=    2500            0     
                                              
             Setup:-      24                  
       Uncertainty:-     125                  
     Required Time:=    2351                  
      Launch Clock:-       0                  
         Data Path:-    2344                  
             Slack:=       7                  

#-----------------------------------------------------------------------------------------------------------------------------------
#                Timing Point                  Flags    Arc    Edge         Cell           Fanout Load Trans Delay Arrival Instance 
#                                                                                                 (fF)  (ps)  (ps)   (ps)  Location 
#-----------------------------------------------------------------------------------------------------------------------------------
  u_core/EX_MEM_ex_mem_alu_result_reg[0]/CLK   -       -       R     (arrival)               8138    -    40     0       0    (-,-) 
  u_core/EX_MEM_ex_mem_alu_result_reg[0]/QN    -       CLK->QN F     DFFHQNx3_ASAP7_75t_R       9 12.0    87   154     154    (-,-) 
  u_core/drc_bufs240529/Y                      -       A->Y    R     INVxp67_ASAP7_75t_R        1  3.1    84    65     219    (-,-) 
  u_core/drc_bufs240527/Y                      -       A->Y    F     INVx3_ASAP7_75t_R         13 16.8    71    60     280    (-,-) 
  u_dcache/g87638/Y                            -       A->Y    R     XNOR2x2_ASAP7_75t_R        8 10.0    79    86     365    (-,-) 
  u_dcache/g87459/Y                            -       A->Y    F     NAND2xp5_ASAP7_75t_R       2  3.2    71    54     419    (-,-) 
  u_dcache/g2/Y                                -       E->Y    F     OR5x1_ASAP7_75t_R          2  3.3    53   102     521    (-,-) 
  u_dcache/g86492/Y                            -       A->Y    F     OR4x1_ASAP7_75t_R          2  3.2    48    79     600    (-,-) 
  u_dcache/g86297/Y                            -       A->Y    R     NOR3xp33_ASAP7_75t_R       1  1.8    97    59     658    (-,-) 
  u_dcache/drc_bufs94441/Y                     -       A->Y    F     INVxp33_ASAP7_75t_R        1  1.9    76    66     724    (-,-) 
  u_dcache/drc_bufs94440/Y                     -       A->Y    R     INVxp67_ASAP7_75t_R        1  2.0    61    49     773    (-,-) 
  g89502/Y                                     -       B->Y    R     AND2x2_ASAP7_75t_R         1  2.4    27    48     821    (-,-) 
  u_core/g139955/Y                             -       B->Y    F     NAND2x1_ASAP7_75t_R        3  4.8    58    35     856    (-,-) 
  u_core/g3/Y                                  -       A->Y    R     NAND3xp33_ASAP7_75t_R      1  2.0    63    46     902    (-,-) 
  u_core/g237388/Y                             -       A->Y    R     OR2x2_ASAP7_75t_R          8 10.7    82    77     979    (-,-) 
  u_core/MEM/g5045/Y                           -       A->Y    F     INVxp67_ASAP7_75t_R        1  2.0    48    45    1024    (-,-) 
  u_core/MEM/g5044/Y                           -       B->Y    F     AND2x2_ASAP7_75t_R         4  6.3    40    57    1081    (-,-) 
  g89657/Y                                     -       B->Y    F     AND2x4_ASAP7_75t_R        10 13.9    43    55    1136    (-,-) 
  u_dcache/g73017/Y                            -       B->Y    R     NAND2x1p5_ASAP7_75t_R      4  7.0    78    48    1184    (-,-) 
  u_dcache/drc_bufs94756/Y                     -       A->Y    F     INVx1_ASAP7_75t_R          1  2.6    44    41    1225    (-,-) 
  u_dcache/drc_bufs94754/Y                     -       A->Y    R     INVx2_ASAP7_75t_R          3  5.2    46    35    1260    (-,-) 
  u_dcache/g72809/Y                            -       A->Y    F     NOR3xp33_ASAP7_75t_R       1  1.9    51    36    1296    (-,-) 
  u_dcache/drc_bufs93078/Y                     -       A->Y    R     INVxp67_ASAP7_75t_R        1  1.9    52    40    1336    (-,-) 
  u_dcache/drc_bufs93076/Y                     -       A->Y    F     INVxp67_ASAP7_75t_R        2  3.2    56    46    1382    (-,-) 
  u_dcache/g72690/Y                            -       B->Y    F     AND3x2_ASAP7_75t_R         5  7.8    45    59    1441    (-,-) 
  u_dcache/g72663/Y                            -       B->Y    R     NAND2xp5_ASAP7_75t_R       2  3.1    85    52    1493    (-,-) 
  u_dcache/g72650/Y                            -       B->Y    R     OR2x2_ASAP7_75t_R          9 11.5    88    83    1576    (-,-) 
  u_dcache/g72634/Y                            -       B->Y    F     NOR2xp33_ASAP7_75t_R       1  1.8    77    64    1640    (-,-) 
  u_dcache/drc_bufs93732/Y                     -       A->Y    R     INVxp33_ASAP7_75t_R        1  1.9    96    70    1710    (-,-) 
  u_dcache/drc_bufs93730/Y                     -       A->Y    F     INVxp67_ASAP7_75t_R        2  3.8    75    65    1775    (-,-) 
  u_dcache/g72606/Y                            -       C->Y    R     AOI221x1_ASAP7_75t_R       1  1.8    65    47    1821    (-,-) 
  u_dcache/g72604/Y                            -       B->Y    F     NOR2xp33_ASAP7_75t_R       1  1.9    73    58    1879    (-,-) 
  u_dcache/drc_bufs92157/Y                     -       A->Y    R     INVxp67_ASAP7_75t_R        2  3.3    84    63    1942    (-,-) 
  u_dcache/drc_bufs92156/Y                     -       A->Y    F     INVx1_ASAP7_75t_R          2  3.2    51    47    1988    (-,-) 
  u_dcache/g72586/Y                            -       A->Y    F     OR3x4_ASAP7_75t_R         15 17.6    71   113    2102    (-,-) 
  u_dcache/g72567/Y                            -       C->Y    F     AO221x1_ASAP7_75t_R        1  2.0    33    68    2169    (-,-) 
  g90461/Y                                     -       B1->Y   F     AO222x2_ASAP7_75t_R        2  3.1    35    77    2246    (-,-) 
  u_core/MEM/g7165/Y                           -       A2->Y   F     AO22x1_ASAP7_75t_R         1  2.0    31    53    2299    (-,-) 
  u_core/g232767/Y                             -       A2->Y   R     AOI22xp5_ASAP7_75t_R       1  2.0    77    45    2344    (-,-) 
  u_core/MEM_WB_mem_wb_mem_read_data_reg[23]/D -       -       R     DFFHQNx1_ASAP7_75t_R       1    -     -     0    2344    (-,-) 
#-----------------------------------------------------------------------------------------------------------------------------------



Path 60: MET (7 ps) Setup Check with Pin u_core/MEM_WB_mem_wb_mem_read_data_reg[16]/CLK->D
           View: view_ss
          Group: CLK_CPU
     Startpoint: (R) u_core/EX_MEM_ex_mem_alu_result_reg[0]/CLK
          Clock: (R) CLK_CPU
       Endpoint: (R) u_core/MEM_WB_mem_wb_mem_read_data_reg[16]/D
          Clock: (R) CLK_CPU

                     Capture       Launch     
        Clock Edge:+    2500            0     
       Src Latency:+       0            0     
       Net Latency:+       0 (I)        0 (I) 
           Arrival:=    2500            0     
                                              
             Setup:-      24                  
       Uncertainty:-     125                  
     Required Time:=    2351                  
      Launch Clock:-       0                  
         Data Path:-    2344                  
             Slack:=       7                  

#-----------------------------------------------------------------------------------------------------------------------------------
#                Timing Point                  Flags    Arc    Edge         Cell           Fanout Load Trans Delay Arrival Instance 
#                                                                                                 (fF)  (ps)  (ps)   (ps)  Location 
#-----------------------------------------------------------------------------------------------------------------------------------
  u_core/EX_MEM_ex_mem_alu_result_reg[0]/CLK   -       -       R     (arrival)               8138    -    40     0       0    (-,-) 
  u_core/EX_MEM_ex_mem_alu_result_reg[0]/QN    -       CLK->QN F     DFFHQNx3_ASAP7_75t_R       9 12.0    87   154     154    (-,-) 
  u_core/drc_bufs240529/Y                      -       A->Y    R     INVxp67_ASAP7_75t_R        1  3.1    84    65     219    (-,-) 
  u_core/drc_bufs240527/Y                      -       A->Y    F     INVx3_ASAP7_75t_R         13 16.8    71    60     280    (-,-) 
  u_dcache/g87638/Y                            -       A->Y    R     XNOR2x2_ASAP7_75t_R        8 10.0    79    86     365    (-,-) 
  u_dcache/g87459/Y                            -       A->Y    F     NAND2xp5_ASAP7_75t_R       2  3.2    71    54     419    (-,-) 
  u_dcache/g2/Y                                -       E->Y    F     OR5x1_ASAP7_75t_R          2  3.3    53   102     521    (-,-) 
  u_dcache/g86492/Y                            -       A->Y    F     OR4x1_ASAP7_75t_R          2  3.2    48    79     600    (-,-) 
  u_dcache/g86297/Y                            -       A->Y    R     NOR3xp33_ASAP7_75t_R       1  1.8    97    59     658    (-,-) 
  u_dcache/drc_bufs94441/Y                     -       A->Y    F     INVxp33_ASAP7_75t_R        1  1.9    76    66     724    (-,-) 
  u_dcache/drc_bufs94440/Y                     -       A->Y    R     INVxp67_ASAP7_75t_R        1  2.0    61    49     773    (-,-) 
  g89502/Y                                     -       B->Y    R     AND2x2_ASAP7_75t_R         1  2.4    27    48     821    (-,-) 
  u_core/g139955/Y                             -       B->Y    F     NAND2x1_ASAP7_75t_R        3  4.8    58    35     856    (-,-) 
  u_core/g3/Y                                  -       A->Y    R     NAND3xp33_ASAP7_75t_R      1  2.0    63    46     902    (-,-) 
  u_core/g237388/Y                             -       A->Y    R     OR2x2_ASAP7_75t_R          8 10.7    82    77     979    (-,-) 
  u_core/MEM/g5045/Y                           -       A->Y    F     INVxp67_ASAP7_75t_R        1  2.0    48    45    1024    (-,-) 
  u_core/MEM/g5044/Y                           -       B->Y    F     AND2x2_ASAP7_75t_R         4  6.3    40    57    1081    (-,-) 
  g89657/Y                                     -       B->Y    F     AND2x4_ASAP7_75t_R        10 13.9    43    55    1136    (-,-) 
  u_dcache/g73017/Y                            -       B->Y    R     NAND2x1p5_ASAP7_75t_R      4  7.0    78    48    1184    (-,-) 
  u_dcache/drc_bufs94756/Y                     -       A->Y    F     INVx1_ASAP7_75t_R          1  2.6    44    41    1225    (-,-) 
  u_dcache/drc_bufs94754/Y                     -       A->Y    R     INVx2_ASAP7_75t_R          3  5.2    46    35    1260    (-,-) 
  u_dcache/g72809/Y                            -       A->Y    F     NOR3xp33_ASAP7_75t_R       1  1.9    51    36    1296    (-,-) 
  u_dcache/drc_bufs93078/Y                     -       A->Y    R     INVxp67_ASAP7_75t_R        1  1.9    52    40    1336    (-,-) 
  u_dcache/drc_bufs93076/Y                     -       A->Y    F     INVxp67_ASAP7_75t_R        2  3.2    56    46    1382    (-,-) 
  u_dcache/g72690/Y                            -       B->Y    F     AND3x2_ASAP7_75t_R         5  7.8    45    59    1441    (-,-) 
  u_dcache/g72663/Y                            -       B->Y    R     NAND2xp5_ASAP7_75t_R       2  3.1    85    52    1493    (-,-) 
  u_dcache/g72650/Y                            -       B->Y    R     OR2x2_ASAP7_75t_R          9 11.5    88    83    1576    (-,-) 
  u_dcache/g72634/Y                            -       B->Y    F     NOR2xp33_ASAP7_75t_R       1  1.8    77    64    1640    (-,-) 
  u_dcache/drc_bufs93732/Y                     -       A->Y    R     INVxp33_ASAP7_75t_R        1  1.9    96    70    1710    (-,-) 
  u_dcache/drc_bufs93730/Y                     -       A->Y    F     INVxp67_ASAP7_75t_R        2  3.8    75    65    1775    (-,-) 
  u_dcache/g72606/Y                            -       C->Y    R     AOI221x1_ASAP7_75t_R       1  1.8    65    47    1821    (-,-) 
  u_dcache/g72604/Y                            -       B->Y    F     NOR2xp33_ASAP7_75t_R       1  1.9    73    58    1879    (-,-) 
  u_dcache/drc_bufs92157/Y                     -       A->Y    R     INVxp67_ASAP7_75t_R        2  3.3    84    63    1942    (-,-) 
  u_dcache/drc_bufs92156/Y                     -       A->Y    F     INVx1_ASAP7_75t_R          2  3.2    51    47    1988    (-,-) 
  u_dcache/g72586/Y                            -       A->Y    F     OR3x4_ASAP7_75t_R         15 17.6    71   113    2102    (-,-) 
  u_dcache/g72573/Y                            -       C->Y    F     AO221x1_ASAP7_75t_R        1  2.0    33    68    2169    (-,-) 
  g90488/Y                                     -       B1->Y   F     AO222x2_ASAP7_75t_R        2  3.1    34    77    2246    (-,-) 
  u_core/MEM/g7163/Y                           -       A2->Y   F     AO22x1_ASAP7_75t_R         1  2.0    31    53    2299    (-,-) 
  u_core/g232758/Y                             -       A2->Y   R     AOI22xp5_ASAP7_75t_R       1  2.0    78    45    2344    (-,-) 
  u_core/MEM_WB_mem_wb_mem_read_data_reg[16]/D -       -       R     DFFHQNx1_ASAP7_75t_R       1    -     -     0    2344    (-,-) 
#-----------------------------------------------------------------------------------------------------------------------------------



Path 61: MET (8 ps) Setup Check with Pin u_core/MEM_WB_mem_wb_mem_read_data_reg[22]/CLK->D
           View: view_ss
          Group: CLK_CPU
     Startpoint: (R) u_core/EX_MEM_ex_mem_alu_result_reg[0]/CLK
          Clock: (R) CLK_CPU
       Endpoint: (R) u_core/MEM_WB_mem_wb_mem_read_data_reg[22]/D
          Clock: (R) CLK_CPU

                     Capture       Launch     
        Clock Edge:+    2500            0     
       Src Latency:+       0            0     
       Net Latency:+       0 (I)        0 (I) 
           Arrival:=    2500            0     
                                              
             Setup:-      24                  
       Uncertainty:-     125                  
     Required Time:=    2351                  
      Launch Clock:-       0                  
         Data Path:-    2344                  
             Slack:=       8                  

#-----------------------------------------------------------------------------------------------------------------------------------
#                Timing Point                  Flags    Arc    Edge         Cell           Fanout Load Trans Delay Arrival Instance 
#                                                                                                 (fF)  (ps)  (ps)   (ps)  Location 
#-----------------------------------------------------------------------------------------------------------------------------------
  u_core/EX_MEM_ex_mem_alu_result_reg[0]/CLK   -       -       R     (arrival)               8138    -    40     0       0    (-,-) 
  u_core/EX_MEM_ex_mem_alu_result_reg[0]/QN    -       CLK->QN F     DFFHQNx3_ASAP7_75t_R       9 12.0    87   154     154    (-,-) 
  u_core/drc_bufs240529/Y                      -       A->Y    R     INVxp67_ASAP7_75t_R        1  3.1    84    65     219    (-,-) 
  u_core/drc_bufs240527/Y                      -       A->Y    F     INVx3_ASAP7_75t_R         13 16.8    71    60     280    (-,-) 
  u_dcache/g87638/Y                            -       A->Y    R     XNOR2x2_ASAP7_75t_R        8 10.0    79    86     365    (-,-) 
  u_dcache/g87459/Y                            -       A->Y    F     NAND2xp5_ASAP7_75t_R       2  3.2    71    54     419    (-,-) 
  u_dcache/g2/Y                                -       E->Y    F     OR5x1_ASAP7_75t_R          2  3.3    53   102     521    (-,-) 
  u_dcache/g86492/Y                            -       A->Y    F     OR4x1_ASAP7_75t_R          2  3.2    48    79     600    (-,-) 
  u_dcache/g86297/Y                            -       A->Y    R     NOR3xp33_ASAP7_75t_R       1  1.8    97    59     658    (-,-) 
  u_dcache/drc_bufs94441/Y                     -       A->Y    F     INVxp33_ASAP7_75t_R        1  1.9    76    66     724    (-,-) 
  u_dcache/drc_bufs94440/Y                     -       A->Y    R     INVxp67_ASAP7_75t_R        1  2.0    61    49     773    (-,-) 
  g89502/Y                                     -       B->Y    R     AND2x2_ASAP7_75t_R         1  2.4    27    48     821    (-,-) 
  u_core/g139955/Y                             -       B->Y    F     NAND2x1_ASAP7_75t_R        3  4.8    58    35     856    (-,-) 
  u_core/g3/Y                                  -       A->Y    R     NAND3xp33_ASAP7_75t_R      1  2.0    63    46     902    (-,-) 
  u_core/g237388/Y                             -       A->Y    R     OR2x2_ASAP7_75t_R          8 10.7    82    77     979    (-,-) 
  u_core/MEM/g5045/Y                           -       A->Y    F     INVxp67_ASAP7_75t_R        1  2.0    48    45    1024    (-,-) 
  u_core/MEM/g5044/Y                           -       B->Y    F     AND2x2_ASAP7_75t_R         4  6.3    40    57    1081    (-,-) 
  g89657/Y                                     -       B->Y    F     AND2x4_ASAP7_75t_R        10 13.9    43    55    1136    (-,-) 
  u_dcache/g73017/Y                            -       B->Y    R     NAND2x1p5_ASAP7_75t_R      4  7.0    78    48    1184    (-,-) 
  u_dcache/drc_bufs94756/Y                     -       A->Y    F     INVx1_ASAP7_75t_R          1  2.6    44    41    1225    (-,-) 
  u_dcache/drc_bufs94754/Y                     -       A->Y    R     INVx2_ASAP7_75t_R          3  5.2    46    35    1260    (-,-) 
  u_dcache/g72809/Y                            -       A->Y    F     NOR3xp33_ASAP7_75t_R       1  1.9    51    36    1296    (-,-) 
  u_dcache/drc_bufs93078/Y                     -       A->Y    R     INVxp67_ASAP7_75t_R        1  1.9    52    40    1336    (-,-) 
  u_dcache/drc_bufs93076/Y                     -       A->Y    F     INVxp67_ASAP7_75t_R        2  3.2    56    46    1382    (-,-) 
  u_dcache/g72690/Y                            -       B->Y    F     AND3x2_ASAP7_75t_R         5  7.8    45    59    1441    (-,-) 
  u_dcache/g72663/Y                            -       B->Y    R     NAND2xp5_ASAP7_75t_R       2  3.1    85    52    1493    (-,-) 
  u_dcache/g72650/Y                            -       B->Y    R     OR2x2_ASAP7_75t_R          9 11.5    88    83    1576    (-,-) 
  u_dcache/g72634/Y                            -       B->Y    F     NOR2xp33_ASAP7_75t_R       1  1.8    77    64    1640    (-,-) 
  u_dcache/drc_bufs93732/Y                     -       A->Y    R     INVxp33_ASAP7_75t_R        1  1.9    96    70    1710    (-,-) 
  u_dcache/drc_bufs93730/Y                     -       A->Y    F     INVxp67_ASAP7_75t_R        2  3.8    75    65    1775    (-,-) 
  u_dcache/g72606/Y                            -       C->Y    R     AOI221x1_ASAP7_75t_R       1  1.8    65    47    1821    (-,-) 
  u_dcache/g72604/Y                            -       B->Y    F     NOR2xp33_ASAP7_75t_R       1  1.9    73    58    1879    (-,-) 
  u_dcache/drc_bufs92157/Y                     -       A->Y    R     INVxp67_ASAP7_75t_R        2  3.3    84    63    1942    (-,-) 
  u_dcache/drc_bufs92156/Y                     -       A->Y    F     INVx1_ASAP7_75t_R          2  3.2    51    47    1988    (-,-) 
  u_dcache/g72586/Y                            -       A->Y    F     OR3x4_ASAP7_75t_R         15 17.6    71   113    2102    (-,-) 
  u_dcache/g72566/Y                            -       C->Y    F     AO221x1_ASAP7_75t_R        1  2.0    33    68    2169    (-,-) 
  g90464/Y                                     -       B1->Y   F     AO222x2_ASAP7_75t_R        2  3.1    35    77    2246    (-,-) 
  u_core/MEM/g7170/Y                           -       A2->Y   F     AO22x1_ASAP7_75t_R         1  2.0    31    53    2299    (-,-) 
  u_core/g232765/Y                             -       A2->Y   R     AOI22xp5_ASAP7_75t_R       1  2.0    77    45    2344    (-,-) 
  u_core/MEM_WB_mem_wb_mem_read_data_reg[22]/D -       -       R     DFFHQNx1_ASAP7_75t_R       1    -     -     0    2344    (-,-) 
#-----------------------------------------------------------------------------------------------------------------------------------



Path 62: MET (8 ps) Setup Check with Pin u_core/MEM_WB_mem_wb_mem_read_data_reg[21]/CLK->D
           View: view_ss
          Group: CLK_CPU
     Startpoint: (R) u_core/EX_MEM_ex_mem_alu_result_reg[0]/CLK
          Clock: (R) CLK_CPU
       Endpoint: (R) u_core/MEM_WB_mem_wb_mem_read_data_reg[21]/D
          Clock: (R) CLK_CPU

                     Capture       Launch     
        Clock Edge:+    2500            0     
       Src Latency:+       0            0     
       Net Latency:+       0 (I)        0 (I) 
           Arrival:=    2500            0     
                                              
             Setup:-      24                  
       Uncertainty:-     125                  
     Required Time:=    2351                  
      Launch Clock:-       0                  
         Data Path:-    2344                  
             Slack:=       8                  

#-----------------------------------------------------------------------------------------------------------------------------------
#                Timing Point                  Flags    Arc    Edge         Cell           Fanout Load Trans Delay Arrival Instance 
#                                                                                                 (fF)  (ps)  (ps)   (ps)  Location 
#-----------------------------------------------------------------------------------------------------------------------------------
  u_core/EX_MEM_ex_mem_alu_result_reg[0]/CLK   -       -       R     (arrival)               8138    -    40     0       0    (-,-) 
  u_core/EX_MEM_ex_mem_alu_result_reg[0]/QN    -       CLK->QN F     DFFHQNx3_ASAP7_75t_R       9 12.0    87   154     154    (-,-) 
  u_core/drc_bufs240529/Y                      -       A->Y    R     INVxp67_ASAP7_75t_R        1  3.1    84    65     219    (-,-) 
  u_core/drc_bufs240527/Y                      -       A->Y    F     INVx3_ASAP7_75t_R         13 16.8    71    60     280    (-,-) 
  u_dcache/g87638/Y                            -       A->Y    R     XNOR2x2_ASAP7_75t_R        8 10.0    79    86     365    (-,-) 
  u_dcache/g87459/Y                            -       A->Y    F     NAND2xp5_ASAP7_75t_R       2  3.2    71    54     419    (-,-) 
  u_dcache/g2/Y                                -       E->Y    F     OR5x1_ASAP7_75t_R          2  3.3    53   102     521    (-,-) 
  u_dcache/g86492/Y                            -       A->Y    F     OR4x1_ASAP7_75t_R          2  3.2    48    79     600    (-,-) 
  u_dcache/g86297/Y                            -       A->Y    R     NOR3xp33_ASAP7_75t_R       1  1.8    97    59     658    (-,-) 
  u_dcache/drc_bufs94441/Y                     -       A->Y    F     INVxp33_ASAP7_75t_R        1  1.9    76    66     724    (-,-) 
  u_dcache/drc_bufs94440/Y                     -       A->Y    R     INVxp67_ASAP7_75t_R        1  2.0    61    49     773    (-,-) 
  g89502/Y                                     -       B->Y    R     AND2x2_ASAP7_75t_R         1  2.4    27    48     821    (-,-) 
  u_core/g139955/Y                             -       B->Y    F     NAND2x1_ASAP7_75t_R        3  4.8    58    35     856    (-,-) 
  u_core/g3/Y                                  -       A->Y    R     NAND3xp33_ASAP7_75t_R      1  2.0    63    46     902    (-,-) 
  u_core/g237388/Y                             -       A->Y    R     OR2x2_ASAP7_75t_R          8 10.7    82    77     979    (-,-) 
  u_core/MEM/g5045/Y                           -       A->Y    F     INVxp67_ASAP7_75t_R        1  2.0    48    45    1024    (-,-) 
  u_core/MEM/g5044/Y                           -       B->Y    F     AND2x2_ASAP7_75t_R         4  6.3    40    57    1081    (-,-) 
  g89657/Y                                     -       B->Y    F     AND2x4_ASAP7_75t_R        10 13.9    43    55    1136    (-,-) 
  u_dcache/g73017/Y                            -       B->Y    R     NAND2x1p5_ASAP7_75t_R      4  7.0    78    48    1184    (-,-) 
  u_dcache/drc_bufs94756/Y                     -       A->Y    F     INVx1_ASAP7_75t_R          1  2.6    44    41    1225    (-,-) 
  u_dcache/drc_bufs94754/Y                     -       A->Y    R     INVx2_ASAP7_75t_R          3  5.2    46    35    1260    (-,-) 
  u_dcache/g72809/Y                            -       A->Y    F     NOR3xp33_ASAP7_75t_R       1  1.9    51    36    1296    (-,-) 
  u_dcache/drc_bufs93078/Y                     -       A->Y    R     INVxp67_ASAP7_75t_R        1  1.9    52    40    1336    (-,-) 
  u_dcache/drc_bufs93076/Y                     -       A->Y    F     INVxp67_ASAP7_75t_R        2  3.2    56    46    1382    (-,-) 
  u_dcache/g72690/Y                            -       B->Y    F     AND3x2_ASAP7_75t_R         5  7.8    45    59    1441    (-,-) 
  u_dcache/g72663/Y                            -       B->Y    R     NAND2xp5_ASAP7_75t_R       2  3.1    85    52    1493    (-,-) 
  u_dcache/g72650/Y                            -       B->Y    R     OR2x2_ASAP7_75t_R          9 11.5    88    83    1576    (-,-) 
  u_dcache/g72634/Y                            -       B->Y    F     NOR2xp33_ASAP7_75t_R       1  1.8    77    64    1640    (-,-) 
  u_dcache/drc_bufs93732/Y                     -       A->Y    R     INVxp33_ASAP7_75t_R        1  1.9    96    70    1710    (-,-) 
  u_dcache/drc_bufs93730/Y                     -       A->Y    F     INVxp67_ASAP7_75t_R        2  3.8    75    65    1775    (-,-) 
  u_dcache/g72606/Y                            -       C->Y    R     AOI221x1_ASAP7_75t_R       1  1.8    65    47    1821    (-,-) 
  u_dcache/g72604/Y                            -       B->Y    F     NOR2xp33_ASAP7_75t_R       1  1.9    73    58    1879    (-,-) 
  u_dcache/drc_bufs92157/Y                     -       A->Y    R     INVxp67_ASAP7_75t_R        2  3.3    84    63    1942    (-,-) 
  u_dcache/drc_bufs92156/Y                     -       A->Y    F     INVx1_ASAP7_75t_R          2  3.2    51    47    1988    (-,-) 
  u_dcache/g72586/Y                            -       A->Y    F     OR3x4_ASAP7_75t_R         15 17.6    71   113    2102    (-,-) 
  u_dcache/g72568/Y                            -       C->Y    F     AO221x1_ASAP7_75t_R        1  2.0    33    68    2169    (-,-) 
  g90468/Y                                     -       B1->Y   F     AO222x2_ASAP7_75t_R        2  3.1    34    77    2246    (-,-) 
  u_core/MEM/g7173/Y                           -       A2->Y   F     AO22x1_ASAP7_75t_R         1  2.0    31    53    2299    (-,-) 
  u_core/g232757/Y                             -       A2->Y   R     AOI22xp5_ASAP7_75t_R       1  2.0    77    45    2344    (-,-) 
  u_core/MEM_WB_mem_wb_mem_read_data_reg[21]/D -       -       R     DFFHQNx1_ASAP7_75t_R       1    -     -     0    2344    (-,-) 
#-----------------------------------------------------------------------------------------------------------------------------------



Path 63: MET (8 ps) Setup Check with Pin u_core/MEM_WB_mem_wb_mem_read_data_reg[20]/CLK->D
           View: view_ss
          Group: CLK_CPU
     Startpoint: (R) u_core/EX_MEM_ex_mem_alu_result_reg[0]/CLK
          Clock: (R) CLK_CPU
       Endpoint: (R) u_core/MEM_WB_mem_wb_mem_read_data_reg[20]/D
          Clock: (R) CLK_CPU

                     Capture       Launch     
        Clock Edge:+    2500            0     
       Src Latency:+       0            0     
       Net Latency:+       0 (I)        0 (I) 
           Arrival:=    2500            0     
                                              
             Setup:-      24                  
       Uncertainty:-     125                  
     Required Time:=    2351                  
      Launch Clock:-       0                  
         Data Path:-    2344                  
             Slack:=       8                  

#-----------------------------------------------------------------------------------------------------------------------------------
#                Timing Point                  Flags    Arc    Edge         Cell           Fanout Load Trans Delay Arrival Instance 
#                                                                                                 (fF)  (ps)  (ps)   (ps)  Location 
#-----------------------------------------------------------------------------------------------------------------------------------
  u_core/EX_MEM_ex_mem_alu_result_reg[0]/CLK   -       -       R     (arrival)               8138    -    40     0       0    (-,-) 
  u_core/EX_MEM_ex_mem_alu_result_reg[0]/QN    -       CLK->QN F     DFFHQNx3_ASAP7_75t_R       9 12.0    87   154     154    (-,-) 
  u_core/drc_bufs240529/Y                      -       A->Y    R     INVxp67_ASAP7_75t_R        1  3.1    84    65     219    (-,-) 
  u_core/drc_bufs240527/Y                      -       A->Y    F     INVx3_ASAP7_75t_R         13 16.8    71    60     280    (-,-) 
  u_dcache/g87638/Y                            -       A->Y    R     XNOR2x2_ASAP7_75t_R        8 10.0    79    86     365    (-,-) 
  u_dcache/g87459/Y                            -       A->Y    F     NAND2xp5_ASAP7_75t_R       2  3.2    71    54     419    (-,-) 
  u_dcache/g2/Y                                -       E->Y    F     OR5x1_ASAP7_75t_R          2  3.3    53   102     521    (-,-) 
  u_dcache/g86492/Y                            -       A->Y    F     OR4x1_ASAP7_75t_R          2  3.2    48    79     600    (-,-) 
  u_dcache/g86297/Y                            -       A->Y    R     NOR3xp33_ASAP7_75t_R       1  1.8    97    59     658    (-,-) 
  u_dcache/drc_bufs94441/Y                     -       A->Y    F     INVxp33_ASAP7_75t_R        1  1.9    76    66     724    (-,-) 
  u_dcache/drc_bufs94440/Y                     -       A->Y    R     INVxp67_ASAP7_75t_R        1  2.0    61    49     773    (-,-) 
  g89502/Y                                     -       B->Y    R     AND2x2_ASAP7_75t_R         1  2.4    27    48     821    (-,-) 
  u_core/g139955/Y                             -       B->Y    F     NAND2x1_ASAP7_75t_R        3  4.8    58    35     856    (-,-) 
  u_core/g3/Y                                  -       A->Y    R     NAND3xp33_ASAP7_75t_R      1  2.0    63    46     902    (-,-) 
  u_core/g237388/Y                             -       A->Y    R     OR2x2_ASAP7_75t_R          8 10.7    82    77     979    (-,-) 
  u_core/MEM/g5045/Y                           -       A->Y    F     INVxp67_ASAP7_75t_R        1  2.0    48    45    1024    (-,-) 
  u_core/MEM/g5044/Y                           -       B->Y    F     AND2x2_ASAP7_75t_R         4  6.3    40    57    1081    (-,-) 
  g89657/Y                                     -       B->Y    F     AND2x4_ASAP7_75t_R        10 13.9    43    55    1136    (-,-) 
  u_dcache/g73017/Y                            -       B->Y    R     NAND2x1p5_ASAP7_75t_R      4  7.0    78    48    1184    (-,-) 
  u_dcache/drc_bufs94756/Y                     -       A->Y    F     INVx1_ASAP7_75t_R          1  2.6    44    41    1225    (-,-) 
  u_dcache/drc_bufs94754/Y                     -       A->Y    R     INVx2_ASAP7_75t_R          3  5.2    46    35    1260    (-,-) 
  u_dcache/g72809/Y                            -       A->Y    F     NOR3xp33_ASAP7_75t_R       1  1.9    51    36    1296    (-,-) 
  u_dcache/drc_bufs93078/Y                     -       A->Y    R     INVxp67_ASAP7_75t_R        1  1.9    52    40    1336    (-,-) 
  u_dcache/drc_bufs93076/Y                     -       A->Y    F     INVxp67_ASAP7_75t_R        2  3.2    56    46    1382    (-,-) 
  u_dcache/g72690/Y                            -       B->Y    F     AND3x2_ASAP7_75t_R         5  7.8    45    59    1441    (-,-) 
  u_dcache/g72663/Y                            -       B->Y    R     NAND2xp5_ASAP7_75t_R       2  3.1    85    52    1493    (-,-) 
  u_dcache/g72650/Y                            -       B->Y    R     OR2x2_ASAP7_75t_R          9 11.5    88    83    1576    (-,-) 
  u_dcache/g72634/Y                            -       B->Y    F     NOR2xp33_ASAP7_75t_R       1  1.8    77    64    1640    (-,-) 
  u_dcache/drc_bufs93732/Y                     -       A->Y    R     INVxp33_ASAP7_75t_R        1  1.9    96    70    1710    (-,-) 
  u_dcache/drc_bufs93730/Y                     -       A->Y    F     INVxp67_ASAP7_75t_R        2  3.8    75    65    1775    (-,-) 
  u_dcache/g72606/Y                            -       C->Y    R     AOI221x1_ASAP7_75t_R       1  1.8    65    47    1821    (-,-) 
  u_dcache/g72604/Y                            -       B->Y    F     NOR2xp33_ASAP7_75t_R       1  1.9    73    58    1879    (-,-) 
  u_dcache/drc_bufs92157/Y                     -       A->Y    R     INVxp67_ASAP7_75t_R        2  3.3    84    63    1942    (-,-) 
  u_dcache/drc_bufs92156/Y                     -       A->Y    F     INVx1_ASAP7_75t_R          2  3.2    51    47    1988    (-,-) 
  u_dcache/g72586/Y                            -       A->Y    F     OR3x4_ASAP7_75t_R         15 17.6    71   113    2102    (-,-) 
  u_dcache/g72569/Y                            -       C->Y    F     AO221x1_ASAP7_75t_R        1  2.0    33    68    2169    (-,-) 
  g90471/Y                                     -       B1->Y   F     AO222x2_ASAP7_75t_R        2  3.1    34    77    2246    (-,-) 
  u_core/MEM/g7177/Y                           -       A2->Y   F     AO22x1_ASAP7_75t_R         1  2.0    31    53    2299    (-,-) 
  u_core/g232756/Y                             -       A2->Y   R     AOI22xp5_ASAP7_75t_R       1  2.0    77    45    2344    (-,-) 
  u_core/MEM_WB_mem_wb_mem_read_data_reg[20]/D -       -       R     DFFHQNx1_ASAP7_75t_R       1    -     -     0    2344    (-,-) 
#-----------------------------------------------------------------------------------------------------------------------------------



Path 64: MET (8 ps) Setup Check with Pin u_core/MEM_WB_mem_wb_mem_read_data_reg[19]/CLK->D
           View: view_ss
          Group: CLK_CPU
     Startpoint: (R) u_core/EX_MEM_ex_mem_alu_result_reg[0]/CLK
          Clock: (R) CLK_CPU
       Endpoint: (R) u_core/MEM_WB_mem_wb_mem_read_data_reg[19]/D
          Clock: (R) CLK_CPU

                     Capture       Launch     
        Clock Edge:+    2500            0     
       Src Latency:+       0            0     
       Net Latency:+       0 (I)        0 (I) 
           Arrival:=    2500            0     
                                              
             Setup:-      24                  
       Uncertainty:-     125                  
     Required Time:=    2351                  
      Launch Clock:-       0                  
         Data Path:-    2344                  
             Slack:=       8                  

#-----------------------------------------------------------------------------------------------------------------------------------
#                Timing Point                  Flags    Arc    Edge         Cell           Fanout Load Trans Delay Arrival Instance 
#                                                                                                 (fF)  (ps)  (ps)   (ps)  Location 
#-----------------------------------------------------------------------------------------------------------------------------------
  u_core/EX_MEM_ex_mem_alu_result_reg[0]/CLK   -       -       R     (arrival)               8138    -    40     0       0    (-,-) 
  u_core/EX_MEM_ex_mem_alu_result_reg[0]/QN    -       CLK->QN F     DFFHQNx3_ASAP7_75t_R       9 12.0    87   154     154    (-,-) 
  u_core/drc_bufs240529/Y                      -       A->Y    R     INVxp67_ASAP7_75t_R        1  3.1    84    65     219    (-,-) 
  u_core/drc_bufs240527/Y                      -       A->Y    F     INVx3_ASAP7_75t_R         13 16.8    71    60     280    (-,-) 
  u_dcache/g87638/Y                            -       A->Y    R     XNOR2x2_ASAP7_75t_R        8 10.0    79    86     365    (-,-) 
  u_dcache/g87459/Y                            -       A->Y    F     NAND2xp5_ASAP7_75t_R       2  3.2    71    54     419    (-,-) 
  u_dcache/g2/Y                                -       E->Y    F     OR5x1_ASAP7_75t_R          2  3.3    53   102     521    (-,-) 
  u_dcache/g86492/Y                            -       A->Y    F     OR4x1_ASAP7_75t_R          2  3.2    48    79     600    (-,-) 
  u_dcache/g86297/Y                            -       A->Y    R     NOR3xp33_ASAP7_75t_R       1  1.8    97    59     658    (-,-) 
  u_dcache/drc_bufs94441/Y                     -       A->Y    F     INVxp33_ASAP7_75t_R        1  1.9    76    66     724    (-,-) 
  u_dcache/drc_bufs94440/Y                     -       A->Y    R     INVxp67_ASAP7_75t_R        1  2.0    61    49     773    (-,-) 
  g89502/Y                                     -       B->Y    R     AND2x2_ASAP7_75t_R         1  2.4    27    48     821    (-,-) 
  u_core/g139955/Y                             -       B->Y    F     NAND2x1_ASAP7_75t_R        3  4.8    58    35     856    (-,-) 
  u_core/g3/Y                                  -       A->Y    R     NAND3xp33_ASAP7_75t_R      1  2.0    63    46     902    (-,-) 
  u_core/g237388/Y                             -       A->Y    R     OR2x2_ASAP7_75t_R          8 10.7    82    77     979    (-,-) 
  u_core/MEM/g5045/Y                           -       A->Y    F     INVxp67_ASAP7_75t_R        1  2.0    48    45    1024    (-,-) 
  u_core/MEM/g5044/Y                           -       B->Y    F     AND2x2_ASAP7_75t_R         4  6.3    40    57    1081    (-,-) 
  g89657/Y                                     -       B->Y    F     AND2x4_ASAP7_75t_R        10 13.9    43    55    1136    (-,-) 
  u_dcache/g73017/Y                            -       B->Y    R     NAND2x1p5_ASAP7_75t_R      4  7.0    78    48    1184    (-,-) 
  u_dcache/drc_bufs94756/Y                     -       A->Y    F     INVx1_ASAP7_75t_R          1  2.6    44    41    1225    (-,-) 
  u_dcache/drc_bufs94754/Y                     -       A->Y    R     INVx2_ASAP7_75t_R          3  5.2    46    35    1260    (-,-) 
  u_dcache/g72809/Y                            -       A->Y    F     NOR3xp33_ASAP7_75t_R       1  1.9    51    36    1296    (-,-) 
  u_dcache/drc_bufs93078/Y                     -       A->Y    R     INVxp67_ASAP7_75t_R        1  1.9    52    40    1336    (-,-) 
  u_dcache/drc_bufs93076/Y                     -       A->Y    F     INVxp67_ASAP7_75t_R        2  3.2    56    46    1382    (-,-) 
  u_dcache/g72690/Y                            -       B->Y    F     AND3x2_ASAP7_75t_R         5  7.8    45    59    1441    (-,-) 
  u_dcache/g72663/Y                            -       B->Y    R     NAND2xp5_ASAP7_75t_R       2  3.1    85    52    1493    (-,-) 
  u_dcache/g72650/Y                            -       B->Y    R     OR2x2_ASAP7_75t_R          9 11.5    88    83    1576    (-,-) 
  u_dcache/g72634/Y                            -       B->Y    F     NOR2xp33_ASAP7_75t_R       1  1.8    77    64    1640    (-,-) 
  u_dcache/drc_bufs93732/Y                     -       A->Y    R     INVxp33_ASAP7_75t_R        1  1.9    96    70    1710    (-,-) 
  u_dcache/drc_bufs93730/Y                     -       A->Y    F     INVxp67_ASAP7_75t_R        2  3.8    75    65    1775    (-,-) 
  u_dcache/g72606/Y                            -       C->Y    R     AOI221x1_ASAP7_75t_R       1  1.8    65    47    1821    (-,-) 
  u_dcache/g72604/Y                            -       B->Y    F     NOR2xp33_ASAP7_75t_R       1  1.9    73    58    1879    (-,-) 
  u_dcache/drc_bufs92157/Y                     -       A->Y    R     INVxp67_ASAP7_75t_R        2  3.3    84    63    1942    (-,-) 
  u_dcache/drc_bufs92156/Y                     -       A->Y    F     INVx1_ASAP7_75t_R          2  3.2    51    47    1988    (-,-) 
  u_dcache/g72586/Y                            -       A->Y    F     OR3x4_ASAP7_75t_R         15 17.6    71   113    2102    (-,-) 
  u_dcache/g72570/Y                            -       C->Y    F     AO221x1_ASAP7_75t_R        1  2.0    33    68    2169    (-,-) 
  g90476/Y                                     -       B1->Y   F     AO222x2_ASAP7_75t_R        2  3.1    35    77    2246    (-,-) 
  u_core/MEM/g7151/Y                           -       A2->Y   F     AO22x1_ASAP7_75t_R         1  2.0    31    53    2299    (-,-) 
  u_core/g232759/Y                             -       A2->Y   R     AOI22xp5_ASAP7_75t_R       1  2.0    77    45    2344    (-,-) 
  u_core/MEM_WB_mem_wb_mem_read_data_reg[19]/D -       -       R     DFFHQNx1_ASAP7_75t_R       1    -     -     0    2344    (-,-) 
#-----------------------------------------------------------------------------------------------------------------------------------



Path 65: MET (8 ps) Setup Check with Pin u_core/MEM_WB_mem_wb_mem_read_data_reg[18]/CLK->D
           View: view_ss
          Group: CLK_CPU
     Startpoint: (R) u_core/EX_MEM_ex_mem_alu_result_reg[0]/CLK
          Clock: (R) CLK_CPU
       Endpoint: (R) u_core/MEM_WB_mem_wb_mem_read_data_reg[18]/D
          Clock: (R) CLK_CPU

                     Capture       Launch     
        Clock Edge:+    2500            0     
       Src Latency:+       0            0     
       Net Latency:+       0 (I)        0 (I) 
           Arrival:=    2500            0     
                                              
             Setup:-      24                  
       Uncertainty:-     125                  
     Required Time:=    2351                  
      Launch Clock:-       0                  
         Data Path:-    2344                  
             Slack:=       8                  

#-----------------------------------------------------------------------------------------------------------------------------------
#                Timing Point                  Flags    Arc    Edge         Cell           Fanout Load Trans Delay Arrival Instance 
#                                                                                                 (fF)  (ps)  (ps)   (ps)  Location 
#-----------------------------------------------------------------------------------------------------------------------------------
  u_core/EX_MEM_ex_mem_alu_result_reg[0]/CLK   -       -       R     (arrival)               8138    -    40     0       0    (-,-) 
  u_core/EX_MEM_ex_mem_alu_result_reg[0]/QN    -       CLK->QN F     DFFHQNx3_ASAP7_75t_R       9 12.0    87   154     154    (-,-) 
  u_core/drc_bufs240529/Y                      -       A->Y    R     INVxp67_ASAP7_75t_R        1  3.1    84    65     219    (-,-) 
  u_core/drc_bufs240527/Y                      -       A->Y    F     INVx3_ASAP7_75t_R         13 16.8    71    60     280    (-,-) 
  u_dcache/g87638/Y                            -       A->Y    R     XNOR2x2_ASAP7_75t_R        8 10.0    79    86     365    (-,-) 
  u_dcache/g87459/Y                            -       A->Y    F     NAND2xp5_ASAP7_75t_R       2  3.2    71    54     419    (-,-) 
  u_dcache/g2/Y                                -       E->Y    F     OR5x1_ASAP7_75t_R          2  3.3    53   102     521    (-,-) 
  u_dcache/g86492/Y                            -       A->Y    F     OR4x1_ASAP7_75t_R          2  3.2    48    79     600    (-,-) 
  u_dcache/g86297/Y                            -       A->Y    R     NOR3xp33_ASAP7_75t_R       1  1.8    97    59     658    (-,-) 
  u_dcache/drc_bufs94441/Y                     -       A->Y    F     INVxp33_ASAP7_75t_R        1  1.9    76    66     724    (-,-) 
  u_dcache/drc_bufs94440/Y                     -       A->Y    R     INVxp67_ASAP7_75t_R        1  2.0    61    49     773    (-,-) 
  g89502/Y                                     -       B->Y    R     AND2x2_ASAP7_75t_R         1  2.4    27    48     821    (-,-) 
  u_core/g139955/Y                             -       B->Y    F     NAND2x1_ASAP7_75t_R        3  4.8    58    35     856    (-,-) 
  u_core/g3/Y                                  -       A->Y    R     NAND3xp33_ASAP7_75t_R      1  2.0    63    46     902    (-,-) 
  u_core/g237388/Y                             -       A->Y    R     OR2x2_ASAP7_75t_R          8 10.7    82    77     979    (-,-) 
  u_core/MEM/g5045/Y                           -       A->Y    F     INVxp67_ASAP7_75t_R        1  2.0    48    45    1024    (-,-) 
  u_core/MEM/g5044/Y                           -       B->Y    F     AND2x2_ASAP7_75t_R         4  6.3    40    57    1081    (-,-) 
  g89657/Y                                     -       B->Y    F     AND2x4_ASAP7_75t_R        10 13.9    43    55    1136    (-,-) 
  u_dcache/g73017/Y                            -       B->Y    R     NAND2x1p5_ASAP7_75t_R      4  7.0    78    48    1184    (-,-) 
  u_dcache/drc_bufs94756/Y                     -       A->Y    F     INVx1_ASAP7_75t_R          1  2.6    44    41    1225    (-,-) 
  u_dcache/drc_bufs94754/Y                     -       A->Y    R     INVx2_ASAP7_75t_R          3  5.2    46    35    1260    (-,-) 
  u_dcache/g72809/Y                            -       A->Y    F     NOR3xp33_ASAP7_75t_R       1  1.9    51    36    1296    (-,-) 
  u_dcache/drc_bufs93078/Y                     -       A->Y    R     INVxp67_ASAP7_75t_R        1  1.9    52    40    1336    (-,-) 
  u_dcache/drc_bufs93076/Y                     -       A->Y    F     INVxp67_ASAP7_75t_R        2  3.2    56    46    1382    (-,-) 
  u_dcache/g72690/Y                            -       B->Y    F     AND3x2_ASAP7_75t_R         5  7.8    45    59    1441    (-,-) 
  u_dcache/g72663/Y                            -       B->Y    R     NAND2xp5_ASAP7_75t_R       2  3.1    85    52    1493    (-,-) 
  u_dcache/g72650/Y                            -       B->Y    R     OR2x2_ASAP7_75t_R          9 11.5    88    83    1576    (-,-) 
  u_dcache/g72634/Y                            -       B->Y    F     NOR2xp33_ASAP7_75t_R       1  1.8    77    64    1640    (-,-) 
  u_dcache/drc_bufs93732/Y                     -       A->Y    R     INVxp33_ASAP7_75t_R        1  1.9    96    70    1710    (-,-) 
  u_dcache/drc_bufs93730/Y                     -       A->Y    F     INVxp67_ASAP7_75t_R        2  3.8    75    65    1775    (-,-) 
  u_dcache/g72606/Y                            -       C->Y    R     AOI221x1_ASAP7_75t_R       1  1.8    65    47    1821    (-,-) 
  u_dcache/g72604/Y                            -       B->Y    F     NOR2xp33_ASAP7_75t_R       1  1.9    73    58    1879    (-,-) 
  u_dcache/drc_bufs92157/Y                     -       A->Y    R     INVxp67_ASAP7_75t_R        2  3.3    84    63    1942    (-,-) 
  u_dcache/drc_bufs92156/Y                     -       A->Y    F     INVx1_ASAP7_75t_R          2  3.2    51    47    1988    (-,-) 
  u_dcache/g72586/Y                            -       A->Y    F     OR3x4_ASAP7_75t_R         15 17.6    71   113    2102    (-,-) 
  u_dcache/g72565/Y                            -       C->Y    F     AO221x1_ASAP7_75t_R        1  2.0    33    68    2169    (-,-) 
  g90479/Y                                     -       B1->Y   F     AO222x2_ASAP7_75t_R        2  3.1    35    77    2246    (-,-) 
  u_core/MEM/g7156/Y                           -       A2->Y   F     AO22x1_ASAP7_75t_R         1  2.0    31    53    2299    (-,-) 
  u_core/g232760/Y                             -       A2->Y   R     AOI22xp5_ASAP7_75t_R       1  2.0    77    45    2344    (-,-) 
  u_core/MEM_WB_mem_wb_mem_read_data_reg[18]/D -       -       R     DFFHQNx1_ASAP7_75t_R       1    -     -     0    2344    (-,-) 
#-----------------------------------------------------------------------------------------------------------------------------------



Path 66: MET (8 ps) Setup Check with Pin u_core/MEM_WB_mem_wb_mem_read_data_reg[17]/CLK->D
           View: view_ss
          Group: CLK_CPU
     Startpoint: (R) u_core/EX_MEM_ex_mem_alu_result_reg[0]/CLK
          Clock: (R) CLK_CPU
       Endpoint: (R) u_core/MEM_WB_mem_wb_mem_read_data_reg[17]/D
          Clock: (R) CLK_CPU

                     Capture       Launch     
        Clock Edge:+    2500            0     
       Src Latency:+       0            0     
       Net Latency:+       0 (I)        0 (I) 
           Arrival:=    2500            0     
                                              
             Setup:-      24                  
       Uncertainty:-     125                  
     Required Time:=    2351                  
      Launch Clock:-       0                  
         Data Path:-    2344                  
             Slack:=       8                  

#-----------------------------------------------------------------------------------------------------------------------------------
#                Timing Point                  Flags    Arc    Edge         Cell           Fanout Load Trans Delay Arrival Instance 
#                                                                                                 (fF)  (ps)  (ps)   (ps)  Location 
#-----------------------------------------------------------------------------------------------------------------------------------
  u_core/EX_MEM_ex_mem_alu_result_reg[0]/CLK   -       -       R     (arrival)               8138    -    40     0       0    (-,-) 
  u_core/EX_MEM_ex_mem_alu_result_reg[0]/QN    -       CLK->QN F     DFFHQNx3_ASAP7_75t_R       9 12.0    87   154     154    (-,-) 
  u_core/drc_bufs240529/Y                      -       A->Y    R     INVxp67_ASAP7_75t_R        1  3.1    84    65     219    (-,-) 
  u_core/drc_bufs240527/Y                      -       A->Y    F     INVx3_ASAP7_75t_R         13 16.8    71    60     280    (-,-) 
  u_dcache/g87638/Y                            -       A->Y    R     XNOR2x2_ASAP7_75t_R        8 10.0    79    86     365    (-,-) 
  u_dcache/g87459/Y                            -       A->Y    F     NAND2xp5_ASAP7_75t_R       2  3.2    71    54     419    (-,-) 
  u_dcache/g2/Y                                -       E->Y    F     OR5x1_ASAP7_75t_R          2  3.3    53   102     521    (-,-) 
  u_dcache/g86492/Y                            -       A->Y    F     OR4x1_ASAP7_75t_R          2  3.2    48    79     600    (-,-) 
  u_dcache/g86297/Y                            -       A->Y    R     NOR3xp33_ASAP7_75t_R       1  1.8    97    59     658    (-,-) 
  u_dcache/drc_bufs94441/Y                     -       A->Y    F     INVxp33_ASAP7_75t_R        1  1.9    76    66     724    (-,-) 
  u_dcache/drc_bufs94440/Y                     -       A->Y    R     INVxp67_ASAP7_75t_R        1  2.0    61    49     773    (-,-) 
  g89502/Y                                     -       B->Y    R     AND2x2_ASAP7_75t_R         1  2.4    27    48     821    (-,-) 
  u_core/g139955/Y                             -       B->Y    F     NAND2x1_ASAP7_75t_R        3  4.8    58    35     856    (-,-) 
  u_core/g3/Y                                  -       A->Y    R     NAND3xp33_ASAP7_75t_R      1  2.0    63    46     902    (-,-) 
  u_core/g237388/Y                             -       A->Y    R     OR2x2_ASAP7_75t_R          8 10.7    82    77     979    (-,-) 
  u_core/MEM/g5045/Y                           -       A->Y    F     INVxp67_ASAP7_75t_R        1  2.0    48    45    1024    (-,-) 
  u_core/MEM/g5044/Y                           -       B->Y    F     AND2x2_ASAP7_75t_R         4  6.3    40    57    1081    (-,-) 
  g89657/Y                                     -       B->Y    F     AND2x4_ASAP7_75t_R        10 13.9    43    55    1136    (-,-) 
  u_dcache/g73017/Y                            -       B->Y    R     NAND2x1p5_ASAP7_75t_R      4  7.0    78    48    1184    (-,-) 
  u_dcache/drc_bufs94756/Y                     -       A->Y    F     INVx1_ASAP7_75t_R          1  2.6    44    41    1225    (-,-) 
  u_dcache/drc_bufs94754/Y                     -       A->Y    R     INVx2_ASAP7_75t_R          3  5.2    46    35    1260    (-,-) 
  u_dcache/g72809/Y                            -       A->Y    F     NOR3xp33_ASAP7_75t_R       1  1.9    51    36    1296    (-,-) 
  u_dcache/drc_bufs93078/Y                     -       A->Y    R     INVxp67_ASAP7_75t_R        1  1.9    52    40    1336    (-,-) 
  u_dcache/drc_bufs93076/Y                     -       A->Y    F     INVxp67_ASAP7_75t_R        2  3.2    56    46    1382    (-,-) 
  u_dcache/g72690/Y                            -       B->Y    F     AND3x2_ASAP7_75t_R         5  7.8    45    59    1441    (-,-) 
  u_dcache/g72663/Y                            -       B->Y    R     NAND2xp5_ASAP7_75t_R       2  3.1    85    52    1493    (-,-) 
  u_dcache/g72650/Y                            -       B->Y    R     OR2x2_ASAP7_75t_R          9 11.5    88    83    1576    (-,-) 
  u_dcache/g72634/Y                            -       B->Y    F     NOR2xp33_ASAP7_75t_R       1  1.8    77    64    1640    (-,-) 
  u_dcache/drc_bufs93732/Y                     -       A->Y    R     INVxp33_ASAP7_75t_R        1  1.9    96    70    1710    (-,-) 
  u_dcache/drc_bufs93730/Y                     -       A->Y    F     INVxp67_ASAP7_75t_R        2  3.8    75    65    1775    (-,-) 
  u_dcache/g72606/Y                            -       C->Y    R     AOI221x1_ASAP7_75t_R       1  1.8    65    47    1821    (-,-) 
  u_dcache/g72604/Y                            -       B->Y    F     NOR2xp33_ASAP7_75t_R       1  1.9    73    58    1879    (-,-) 
  u_dcache/drc_bufs92157/Y                     -       A->Y    R     INVxp67_ASAP7_75t_R        2  3.3    84    63    1942    (-,-) 
  u_dcache/drc_bufs92156/Y                     -       A->Y    F     INVx1_ASAP7_75t_R          2  3.2    51    47    1988    (-,-) 
  u_dcache/g72586/Y                            -       A->Y    F     OR3x4_ASAP7_75t_R         15 17.6    71   113    2102    (-,-) 
  u_dcache/g72572/Y                            -       C->Y    F     AO221x1_ASAP7_75t_R        1  2.0    33    68    2169    (-,-) 
  g90483/Y                                     -       B1->Y   F     AO222x2_ASAP7_75t_R        2  3.1    34    77    2246    (-,-) 
  u_core/MEM/g7157/Y                           -       A2->Y   F     AO22x1_ASAP7_75t_R         1  2.0    31    53    2299    (-,-) 
  u_core/g232718/Y                             -       A2->Y   R     AOI22xp5_ASAP7_75t_R       1  2.0    77    45    2344    (-,-) 
  u_core/MEM_WB_mem_wb_mem_read_data_reg[17]/D -       -       R     DFFHQNx1_ASAP7_75t_R       1    -     -     0    2344    (-,-) 
#-----------------------------------------------------------------------------------------------------------------------------------



Path 67: MET (8 ps) Setup Check with Pin u_core/EX_MEM_ex_mem_csr_write_data_reg[6]/CLK->D
           View: view_ss
          Group: CLK_CPU
     Startpoint: (R) u_dcache/state_reg[0]/CLK
          Clock: (R) CLK_CPU
       Endpoint: (F) u_core/EX_MEM_ex_mem_csr_write_data_reg[6]/D
          Clock: (R) CLK_CPU

                     Capture       Launch     
        Clock Edge:+    2500            0     
       Src Latency:+       0            0     
       Net Latency:+       0 (I)        0 (I) 
           Arrival:=    2500            0     
                                              
             Setup:-       6                  
       Uncertainty:-     125                  
     Required Time:=    2370                  
      Launch Clock:-       0                  
         Data Path:-    2362                  
             Slack:=       8                  

#-------------------------------------------------------------------------------------------------------------------------------------
#                Timing Point                  Flags    Arc    Edge          Cell            Fanout Load Trans Delay Arrival Instance 
#                                                                                                   (fF)  (ps)  (ps)   (ps)  Location 
#-------------------------------------------------------------------------------------------------------------------------------------
  u_dcache/state_reg[0]/CLK                    -       -       R     (arrival)                 8138    -    40     0       0    (-,-) 
  u_dcache/state_reg[0]/QN                     -       CLK->QN F     DFFASRHQNx1_ASAP7_75t_R      3  4.3    74   126     126    (-,-) 
  u_dcache/g73110/Y                            -       A->Y    R     INVxp67_ASAP7_75t_R          2  3.5    88    65     191    (-,-) 
  u_dcache/g73106/Y                            -       A->Y    R     AND2x6_ASAP7_75t_R          12 15.8    48    66     258    (-,-) 
  u_dcache/g87696/Y                            -       A->Y    F     INVx1_ASAP7_75t_R            5  6.6    72    53     311    (-,-) 
  u_dcache/g87589/Y                            -       B2->Y   F     OA22x2_ASAP7_75t_R           2  4.9    36    71     382    (-,-) 
  u_dcache/g87559/Y                            -       A->Y    R     INVx4_ASAP7_75t_R           20 25.3    94    57     439    (-,-) 
  u_dcache/g87530/Y                            -       B->Y    F     NOR2xp67_ASAP7_75t_R         2  3.6    73    65     505    (-,-) 
  u_dcache/g87472/Y                            -       B->Y    F     AND2x2_ASAP7_75t_R           5  9.1    53    72     576    (-,-) 
  u_dcache/g87341/Y                            -       A->Y    F     BUFx6f_ASAP7_75t_R          20 25.4    50    60     636    (-,-) 
  u_dcache/g87340/Y                            -       A->Y    F     HB3xp67_ASAP7_75t_R          2  3.2    65   112     748    (-,-) 
  u_dcache/g87187/Y                            -       A2->Y   R     AOI22xp5_ASAP7_75t_R         1  2.0    78    53     801    (-,-) 
  u_dcache/g86472/Y                            -       A->Y    F     NAND4xp25_ASAP7_75t_R        1  2.0    97    68     869    (-,-) 
  u_dcache/g86287/Y                            -       A2->Y   R     AOI22xp5_ASAP7_75t_R         1  1.9    82    58     926    (-,-) 
  u_dcache/g86191/Y                            -       C->Y    F     NAND4xp25_ASAP7_75t_R        1  2.0    99    66     992    (-,-) 
  u_dcache/g86164/Y                            -       A2->Y   R     A2O1A1Ixp33_ASAP7_75t_R      1  2.0    80    63    1055    (-,-) 
  u_dcache/g86156/Y                            -       B->Y    F     O2A1O1Ixp5_ASAP7_75t_R       1  1.9    60    51    1106    (-,-) 
  u_dcache/g86154/Y                            -       A2->Y   R     OAI21xp33_ASAP7_75t_R        1  2.0   100    66    1171    (-,-) 
  u_dcache/g96327/Y                            -       B->Y    R     AND2x2_ASAP7_75t_R           2  4.4    41    63    1234    (-,-) 
  u_dcache/drc_bufs93436/Y                     -       A->Y    F     INVx2_ASAP7_75t_R            5  7.2    42    35    1269    (-,-) 
  u_dcache/g65301/Y                            -       B->Y    R     NAND2x1_ASAP7_75t_R          3  4.5    78    50    1320    (-,-) 
  u_dcache/g65289/Y                            -       A2->Y   R     AO21x1_ASAP7_75t_R           1  2.0    36    51    1371    (-,-) 
  g200938/Y                                    -       B->Y    R     AND2x2_ASAP7_75t_R           1  2.0    24    40    1411    (-,-) 
  g200450/Y                                    -       A->Y    R     OR2x2_ASAP7_75t_R            9 13.1    99    73    1484    (-,-) 
  u_core/g234204/Y                             -       B->Y    R     OR2x2_ASAP7_75t_R            3  5.5    47    66    1550    (-,-) 
  u_core/g233987/Y                             -       B->Y    F     OAI21x1_ASAP7_75t_R          2  3.1    48    36    1586    (-,-) 
  u_core/g265909/Y                             -       B->Y    F     AO21x2_ASAP7_75t_R           5  8.3    52    69    1655    (-,-) 
  u_core/g233124/Y                             -       B->Y    R     NOR2x1p5_ASAP7_75t_R         5  7.9    86    56    1712    (-,-) 
  u_core/g232864/Y                             -       A->Y    F     INVx1_ASAP7_75t_R            1  2.0    40    38    1749    (-,-) 
  u_core/g232542/Y                             -       B->Y    F     OR2x2_ASAP7_75t_R            2  4.7    34    56    1805    (-,-) 
  u_core/g232274/Y                             -       A->Y    R     INVx2_ASAP7_75t_R            5  7.5    58    39    1844    (-,-) 
  u_core/g232089/Y                             -       B->Y    F     NAND2xp5_ASAP7_75t_R         1  2.6    62    47    1892    (-,-) 
  u_core/g231774/Y                             -       A->Y    R     INVx2_ASAP7_75t_R            4  5.9    55    44    1935    (-,-) 
  u_core/g230826/Y                             -       B->Y    R     AND2x2_ASAP7_75t_R           2  6.6    55    61    1996    (-,-) 
  u_core/g230186/Y                             -       A->Y    F     INVx4_ASAP7_75t_R           13 20.3    60    48    2044    (-,-) 
  u_core/g230151/Y                             -       B->Y    F     OR2x4_ASAP7_75t_R           15 19.0    65    92    2136    (-,-) 
  u_core/drc_bufs240333/Y                      -       A->Y    R     INVxp67_ASAP7_75t_R          1  3.1    78    58    2194    (-,-) 
  u_core/drc_bufs240332/Y                      -       A->Y    F     INVx3_ASAP7_75t_R           13 16.7    69    59    2253    (-,-) 
  u_core/g225247/Y                             -       B->Y    R     O2A1O1Ixp5_ASAP7_75t_R       1  2.3    84    58    2311    (-,-) 
  u_core/g225194/Y                             -       C->Y    F     AOI221x1_ASAP7_75t_R         1  2.0    70    51    2362    (-,-) 
  u_core/EX_MEM_ex_mem_csr_write_data_reg[6]/D -       -       F     DFFHQNx2_ASAP7_75t_R         1    -     -     0    2362    (-,-) 
#-------------------------------------------------------------------------------------------------------------------------------------



Path 68: MET (8 ps) Setup Check with Pin u_core/EX_MEM_ex_mem_csr_write_data_reg[24]/CLK->D
           View: view_ss
          Group: CLK_CPU
     Startpoint: (R) u_dcache/state_reg[0]/CLK
          Clock: (R) CLK_CPU
       Endpoint: (F) u_core/EX_MEM_ex_mem_csr_write_data_reg[24]/D
          Clock: (R) CLK_CPU

                     Capture       Launch     
        Clock Edge:+    2500            0     
       Src Latency:+       0            0     
       Net Latency:+       0 (I)        0 (I) 
           Arrival:=    2500            0     
                                              
             Setup:-       6                  
       Uncertainty:-     125                  
     Required Time:=    2370                  
      Launch Clock:-       0                  
         Data Path:-    2362                  
             Slack:=       8                  

#--------------------------------------------------------------------------------------------------------------------------------------
#                 Timing Point                  Flags    Arc    Edge          Cell            Fanout Load Trans Delay Arrival Instance 
#                                                                                                    (fF)  (ps)  (ps)   (ps)  Location 
#--------------------------------------------------------------------------------------------------------------------------------------
  u_dcache/state_reg[0]/CLK                     -       -       R     (arrival)                 8138    -    40     0       0    (-,-) 
  u_dcache/state_reg[0]/QN                      -       CLK->QN F     DFFASRHQNx1_ASAP7_75t_R      3  4.3    74   126     126    (-,-) 
  u_dcache/g73110/Y                             -       A->Y    R     INVxp67_ASAP7_75t_R          2  3.5    88    65     191    (-,-) 
  u_dcache/g73106/Y                             -       A->Y    R     AND2x6_ASAP7_75t_R          12 15.8    48    66     258    (-,-) 
  u_dcache/g87696/Y                             -       A->Y    F     INVx1_ASAP7_75t_R            5  6.6    72    53     311    (-,-) 
  u_dcache/g87589/Y                             -       B2->Y   F     OA22x2_ASAP7_75t_R           2  4.9    36    71     382    (-,-) 
  u_dcache/g87559/Y                             -       A->Y    R     INVx4_ASAP7_75t_R           20 25.3    94    57     439    (-,-) 
  u_dcache/g87530/Y                             -       B->Y    F     NOR2xp67_ASAP7_75t_R         2  3.6    73    65     505    (-,-) 
  u_dcache/g87472/Y                             -       B->Y    F     AND2x2_ASAP7_75t_R           5  9.1    53    72     576    (-,-) 
  u_dcache/g87341/Y                             -       A->Y    F     BUFx6f_ASAP7_75t_R          20 25.4    50    60     636    (-,-) 
  u_dcache/g87340/Y                             -       A->Y    F     HB3xp67_ASAP7_75t_R          2  3.2    65   112     748    (-,-) 
  u_dcache/g87187/Y                             -       A2->Y   R     AOI22xp5_ASAP7_75t_R         1  2.0    78    53     801    (-,-) 
  u_dcache/g86472/Y                             -       A->Y    F     NAND4xp25_ASAP7_75t_R        1  2.0    97    68     869    (-,-) 
  u_dcache/g86287/Y                             -       A2->Y   R     AOI22xp5_ASAP7_75t_R         1  1.9    82    58     926    (-,-) 
  u_dcache/g86191/Y                             -       C->Y    F     NAND4xp25_ASAP7_75t_R        1  2.0    99    66     992    (-,-) 
  u_dcache/g86164/Y                             -       A2->Y   R     A2O1A1Ixp33_ASAP7_75t_R      1  2.0    80    63    1055    (-,-) 
  u_dcache/g86156/Y                             -       B->Y    F     O2A1O1Ixp5_ASAP7_75t_R       1  1.9    60    51    1106    (-,-) 
  u_dcache/g86154/Y                             -       A2->Y   R     OAI21xp33_ASAP7_75t_R        1  2.0   100    66    1171    (-,-) 
  u_dcache/g96327/Y                             -       B->Y    R     AND2x2_ASAP7_75t_R           2  4.4    41    63    1234    (-,-) 
  u_dcache/drc_bufs93436/Y                      -       A->Y    F     INVx2_ASAP7_75t_R            5  7.2    42    35    1269    (-,-) 
  u_dcache/g65301/Y                             -       B->Y    R     NAND2x1_ASAP7_75t_R          3  4.5    78    50    1320    (-,-) 
  u_dcache/g65289/Y                             -       A2->Y   R     AO21x1_ASAP7_75t_R           1  2.0    36    51    1371    (-,-) 
  g200938/Y                                     -       B->Y    R     AND2x2_ASAP7_75t_R           1  2.0    24    40    1411    (-,-) 
  g200450/Y                                     -       A->Y    R     OR2x2_ASAP7_75t_R            9 13.1    99    73    1484    (-,-) 
  u_core/g234204/Y                              -       B->Y    R     OR2x2_ASAP7_75t_R            3  5.5    47    66    1550    (-,-) 
  u_core/g233987/Y                              -       B->Y    F     OAI21x1_ASAP7_75t_R          2  3.1    48    36    1586    (-,-) 
  u_core/g265909/Y                              -       B->Y    F     AO21x2_ASAP7_75t_R           5  8.3    52    69    1655    (-,-) 
  u_core/g233124/Y                              -       B->Y    R     NOR2x1p5_ASAP7_75t_R         5  7.9    86    56    1712    (-,-) 
  u_core/g232864/Y                              -       A->Y    F     INVx1_ASAP7_75t_R            1  2.0    40    38    1749    (-,-) 
  u_core/g232542/Y                              -       B->Y    F     OR2x2_ASAP7_75t_R            2  4.7    34    56    1805    (-,-) 
  u_core/g232274/Y                              -       A->Y    R     INVx2_ASAP7_75t_R            5  7.5    58    39    1844    (-,-) 
  u_core/g232089/Y                              -       B->Y    F     NAND2xp5_ASAP7_75t_R         1  2.6    62    47    1892    (-,-) 
  u_core/g231774/Y                              -       A->Y    R     INVx2_ASAP7_75t_R            4  5.9    55    44    1935    (-,-) 
  u_core/g230826/Y                              -       B->Y    R     AND2x2_ASAP7_75t_R           2  6.6    55    61    1996    (-,-) 
  u_core/g230186/Y                              -       A->Y    F     INVx4_ASAP7_75t_R           13 20.3    60    48    2044    (-,-) 
  u_core/g230151/Y                              -       B->Y    F     OR2x4_ASAP7_75t_R           15 19.0    65    92    2136    (-,-) 
  u_core/drc_bufs240333/Y                       -       A->Y    R     INVxp67_ASAP7_75t_R          1  3.1    78    58    2194    (-,-) 
  u_core/drc_bufs240332/Y                       -       A->Y    F     INVx3_ASAP7_75t_R           13 16.7    69    59    2253    (-,-) 
  u_core/g225263/Y                              -       B->Y    R     O2A1O1Ixp5_ASAP7_75t_R       1  2.3    84    58    2311    (-,-) 
  u_core/g225213/Y                              -       C->Y    F     AOI221x1_ASAP7_75t_R         1  2.0    70    51    2362    (-,-) 
  u_core/EX_MEM_ex_mem_csr_write_data_reg[24]/D -       -       F     DFFHQNx2_ASAP7_75t_R         1    -     -     0    2362    (-,-) 
#--------------------------------------------------------------------------------------------------------------------------------------



Path 69: MET (8 ps) Setup Check with Pin u_core/EX_MEM_ex_mem_csr_write_data_reg[22]/CLK->D
           View: view_ss
          Group: CLK_CPU
     Startpoint: (R) u_dcache/state_reg[0]/CLK
          Clock: (R) CLK_CPU
       Endpoint: (F) u_core/EX_MEM_ex_mem_csr_write_data_reg[22]/D
          Clock: (R) CLK_CPU

                     Capture       Launch     
        Clock Edge:+    2500            0     
       Src Latency:+       0            0     
       Net Latency:+       0 (I)        0 (I) 
           Arrival:=    2500            0     
                                              
             Setup:-       6                  
       Uncertainty:-     125                  
     Required Time:=    2370                  
      Launch Clock:-       0                  
         Data Path:-    2362                  
             Slack:=       8                  

#--------------------------------------------------------------------------------------------------------------------------------------
#                 Timing Point                  Flags    Arc    Edge          Cell            Fanout Load Trans Delay Arrival Instance 
#                                                                                                    (fF)  (ps)  (ps)   (ps)  Location 
#--------------------------------------------------------------------------------------------------------------------------------------
  u_dcache/state_reg[0]/CLK                     -       -       R     (arrival)                 8138    -    40     0       0    (-,-) 
  u_dcache/state_reg[0]/QN                      -       CLK->QN F     DFFASRHQNx1_ASAP7_75t_R      3  4.3    74   126     126    (-,-) 
  u_dcache/g73110/Y                             -       A->Y    R     INVxp67_ASAP7_75t_R          2  3.5    88    65     191    (-,-) 
  u_dcache/g73106/Y                             -       A->Y    R     AND2x6_ASAP7_75t_R          12 15.8    48    66     258    (-,-) 
  u_dcache/g87696/Y                             -       A->Y    F     INVx1_ASAP7_75t_R            5  6.6    72    53     311    (-,-) 
  u_dcache/g87589/Y                             -       B2->Y   F     OA22x2_ASAP7_75t_R           2  4.9    36    71     382    (-,-) 
  u_dcache/g87559/Y                             -       A->Y    R     INVx4_ASAP7_75t_R           20 25.3    94    57     439    (-,-) 
  u_dcache/g87530/Y                             -       B->Y    F     NOR2xp67_ASAP7_75t_R         2  3.6    73    65     505    (-,-) 
  u_dcache/g87472/Y                             -       B->Y    F     AND2x2_ASAP7_75t_R           5  9.1    53    72     576    (-,-) 
  u_dcache/g87341/Y                             -       A->Y    F     BUFx6f_ASAP7_75t_R          20 25.4    50    60     636    (-,-) 
  u_dcache/g87340/Y                             -       A->Y    F     HB3xp67_ASAP7_75t_R          2  3.2    65   112     748    (-,-) 
  u_dcache/g87187/Y                             -       A2->Y   R     AOI22xp5_ASAP7_75t_R         1  2.0    78    53     801    (-,-) 
  u_dcache/g86472/Y                             -       A->Y    F     NAND4xp25_ASAP7_75t_R        1  2.0    97    68     869    (-,-) 
  u_dcache/g86287/Y                             -       A2->Y   R     AOI22xp5_ASAP7_75t_R         1  1.9    82    58     926    (-,-) 
  u_dcache/g86191/Y                             -       C->Y    F     NAND4xp25_ASAP7_75t_R        1  2.0    99    66     992    (-,-) 
  u_dcache/g86164/Y                             -       A2->Y   R     A2O1A1Ixp33_ASAP7_75t_R      1  2.0    80    63    1055    (-,-) 
  u_dcache/g86156/Y                             -       B->Y    F     O2A1O1Ixp5_ASAP7_75t_R       1  1.9    60    51    1106    (-,-) 
  u_dcache/g86154/Y                             -       A2->Y   R     OAI21xp33_ASAP7_75t_R        1  2.0   100    66    1171    (-,-) 
  u_dcache/g96327/Y                             -       B->Y    R     AND2x2_ASAP7_75t_R           2  4.4    41    63    1234    (-,-) 
  u_dcache/drc_bufs93436/Y                      -       A->Y    F     INVx2_ASAP7_75t_R            5  7.2    42    35    1269    (-,-) 
  u_dcache/g65301/Y                             -       B->Y    R     NAND2x1_ASAP7_75t_R          3  4.5    78    50    1320    (-,-) 
  u_dcache/g65289/Y                             -       A2->Y   R     AO21x1_ASAP7_75t_R           1  2.0    36    51    1371    (-,-) 
  g200938/Y                                     -       B->Y    R     AND2x2_ASAP7_75t_R           1  2.0    24    40    1411    (-,-) 
  g200450/Y                                     -       A->Y    R     OR2x2_ASAP7_75t_R            9 13.1    99    73    1484    (-,-) 
  u_core/g234204/Y                              -       B->Y    R     OR2x2_ASAP7_75t_R            3  5.5    47    66    1550    (-,-) 
  u_core/g233987/Y                              -       B->Y    F     OAI21x1_ASAP7_75t_R          2  3.1    48    36    1586    (-,-) 
  u_core/g265909/Y                              -       B->Y    F     AO21x2_ASAP7_75t_R           5  8.3    52    69    1655    (-,-) 
  u_core/g233124/Y                              -       B->Y    R     NOR2x1p5_ASAP7_75t_R         5  7.9    86    56    1712    (-,-) 
  u_core/g232864/Y                              -       A->Y    F     INVx1_ASAP7_75t_R            1  2.0    40    38    1749    (-,-) 
  u_core/g232542/Y                              -       B->Y    F     OR2x2_ASAP7_75t_R            2  4.7    34    56    1805    (-,-) 
  u_core/g232274/Y                              -       A->Y    R     INVx2_ASAP7_75t_R            5  7.5    58    39    1844    (-,-) 
  u_core/g232089/Y                              -       B->Y    F     NAND2xp5_ASAP7_75t_R         1  2.6    62    47    1892    (-,-) 
  u_core/g231774/Y                              -       A->Y    R     INVx2_ASAP7_75t_R            4  5.9    55    44    1935    (-,-) 
  u_core/g230826/Y                              -       B->Y    R     AND2x2_ASAP7_75t_R           2  6.6    55    61    1996    (-,-) 
  u_core/g230186/Y                              -       A->Y    F     INVx4_ASAP7_75t_R           13 20.3    60    48    2044    (-,-) 
  u_core/g230151/Y                              -       B->Y    F     OR2x4_ASAP7_75t_R           15 19.0    65    92    2136    (-,-) 
  u_core/drc_bufs240333/Y                       -       A->Y    R     INVxp67_ASAP7_75t_R          1  3.1    78    58    2194    (-,-) 
  u_core/drc_bufs240332/Y                       -       A->Y    F     INVx3_ASAP7_75t_R           13 16.7    69    59    2253    (-,-) 
  u_core/g225262/Y                              -       B->Y    R     O2A1O1Ixp5_ASAP7_75t_R       1  2.3    84    58    2311    (-,-) 
  u_core/g225211/Y                              -       C->Y    F     AOI221x1_ASAP7_75t_R         1  2.0    70    51    2362    (-,-) 
  u_core/EX_MEM_ex_mem_csr_write_data_reg[22]/D -       -       F     DFFHQNx2_ASAP7_75t_R         1    -     -     0    2362    (-,-) 
#--------------------------------------------------------------------------------------------------------------------------------------



Path 70: MET (8 ps) Setup Check with Pin u_core/EX_MEM_ex_mem_csr_write_data_reg[30]/CLK->D
           View: view_ss
          Group: CLK_CPU
     Startpoint: (R) u_dcache/state_reg[0]/CLK
          Clock: (R) CLK_CPU
       Endpoint: (F) u_core/EX_MEM_ex_mem_csr_write_data_reg[30]/D
          Clock: (R) CLK_CPU

                     Capture       Launch     
        Clock Edge:+    2500            0     
       Src Latency:+       0            0     
       Net Latency:+       0 (I)        0 (I) 
           Arrival:=    2500            0     
                                              
             Setup:-       5                  
       Uncertainty:-     125                  
     Required Time:=    2370                  
      Launch Clock:-       0                  
         Data Path:-    2362                  
             Slack:=       8                  

#--------------------------------------------------------------------------------------------------------------------------------------
#                 Timing Point                  Flags    Arc    Edge          Cell            Fanout Load Trans Delay Arrival Instance 
#                                                                                                    (fF)  (ps)  (ps)   (ps)  Location 
#--------------------------------------------------------------------------------------------------------------------------------------
  u_dcache/state_reg[0]/CLK                     -       -       R     (arrival)                 8138    -    40     0       0    (-,-) 
  u_dcache/state_reg[0]/QN                      -       CLK->QN F     DFFASRHQNx1_ASAP7_75t_R      3  4.3    74   126     126    (-,-) 
  u_dcache/g73110/Y                             -       A->Y    R     INVxp67_ASAP7_75t_R          2  3.5    88    65     191    (-,-) 
  u_dcache/g73106/Y                             -       A->Y    R     AND2x6_ASAP7_75t_R          12 15.8    48    66     258    (-,-) 
  u_dcache/g87696/Y                             -       A->Y    F     INVx1_ASAP7_75t_R            5  6.6    72    53     311    (-,-) 
  u_dcache/g87589/Y                             -       B2->Y   F     OA22x2_ASAP7_75t_R           2  4.9    36    71     382    (-,-) 
  u_dcache/g87559/Y                             -       A->Y    R     INVx4_ASAP7_75t_R           20 25.3    94    57     439    (-,-) 
  u_dcache/g87530/Y                             -       B->Y    F     NOR2xp67_ASAP7_75t_R         2  3.6    73    65     505    (-,-) 
  u_dcache/g87472/Y                             -       B->Y    F     AND2x2_ASAP7_75t_R           5  9.1    53    72     576    (-,-) 
  u_dcache/g87341/Y                             -       A->Y    F     BUFx6f_ASAP7_75t_R          20 25.4    50    60     636    (-,-) 
  u_dcache/g87340/Y                             -       A->Y    F     HB3xp67_ASAP7_75t_R          2  3.2    65   112     748    (-,-) 
  u_dcache/g87187/Y                             -       A2->Y   R     AOI22xp5_ASAP7_75t_R         1  2.0    78    53     801    (-,-) 
  u_dcache/g86472/Y                             -       A->Y    F     NAND4xp25_ASAP7_75t_R        1  2.0    97    68     869    (-,-) 
  u_dcache/g86287/Y                             -       A2->Y   R     AOI22xp5_ASAP7_75t_R         1  1.9    82    58     926    (-,-) 
  u_dcache/g86191/Y                             -       C->Y    F     NAND4xp25_ASAP7_75t_R        1  2.0    99    66     992    (-,-) 
  u_dcache/g86164/Y                             -       A2->Y   R     A2O1A1Ixp33_ASAP7_75t_R      1  2.0    80    63    1055    (-,-) 
  u_dcache/g86156/Y                             -       B->Y    F     O2A1O1Ixp5_ASAP7_75t_R       1  1.9    60    51    1106    (-,-) 
  u_dcache/g86154/Y                             -       A2->Y   R     OAI21xp33_ASAP7_75t_R        1  2.0   100    66    1171    (-,-) 
  u_dcache/g96327/Y                             -       B->Y    R     AND2x2_ASAP7_75t_R           2  4.4    41    63    1234    (-,-) 
  u_dcache/drc_bufs93436/Y                      -       A->Y    F     INVx2_ASAP7_75t_R            5  7.2    42    35    1269    (-,-) 
  u_dcache/g65301/Y                             -       B->Y    R     NAND2x1_ASAP7_75t_R          3  4.5    78    50    1320    (-,-) 
  u_dcache/g65289/Y                             -       A2->Y   R     AO21x1_ASAP7_75t_R           1  2.0    36    51    1371    (-,-) 
  g200938/Y                                     -       B->Y    R     AND2x2_ASAP7_75t_R           1  2.0    24    40    1411    (-,-) 
  g200450/Y                                     -       A->Y    R     OR2x2_ASAP7_75t_R            9 13.1    99    73    1484    (-,-) 
  u_core/g234204/Y                              -       B->Y    R     OR2x2_ASAP7_75t_R            3  5.5    47    66    1550    (-,-) 
  u_core/g233987/Y                              -       B->Y    F     OAI21x1_ASAP7_75t_R          2  3.1    48    36    1586    (-,-) 
  u_core/g265909/Y                              -       B->Y    F     AO21x2_ASAP7_75t_R           5  8.3    52    69    1655    (-,-) 
  u_core/g233124/Y                              -       B->Y    R     NOR2x1p5_ASAP7_75t_R         5  7.9    86    56    1712    (-,-) 
  u_core/g232864/Y                              -       A->Y    F     INVx1_ASAP7_75t_R            1  2.0    40    38    1749    (-,-) 
  u_core/g232542/Y                              -       B->Y    F     OR2x2_ASAP7_75t_R            2  4.7    34    56    1805    (-,-) 
  u_core/g232274/Y                              -       A->Y    R     INVx2_ASAP7_75t_R            5  7.5    58    39    1844    (-,-) 
  u_core/g232089/Y                              -       B->Y    F     NAND2xp5_ASAP7_75t_R         1  2.6    62    47    1892    (-,-) 
  u_core/g231774/Y                              -       A->Y    R     INVx2_ASAP7_75t_R            4  5.9    55    44    1935    (-,-) 
  u_core/g230826/Y                              -       B->Y    R     AND2x2_ASAP7_75t_R           2  6.6    55    61    1996    (-,-) 
  u_core/g230186/Y                              -       A->Y    F     INVx4_ASAP7_75t_R           13 20.3    60    48    2044    (-,-) 
  u_core/g230151/Y                              -       B->Y    F     OR2x4_ASAP7_75t_R           15 19.0    65    92    2136    (-,-) 
  u_core/drc_bufs240333/Y                       -       A->Y    R     INVxp67_ASAP7_75t_R          1  3.1    78    58    2194    (-,-) 
  u_core/drc_bufs240332/Y                       -       A->Y    F     INVx3_ASAP7_75t_R           13 16.7    69    59    2253    (-,-) 
  u_core/g225237/Y                              -       B->Y    R     O2A1O1Ixp5_ASAP7_75t_R       1  2.3    84    58    2311    (-,-) 
  u_core/g225196/Y                              -       C->Y    F     AOI221x1_ASAP7_75t_R         1  2.0    70    51    2362    (-,-) 
  u_core/EX_MEM_ex_mem_csr_write_data_reg[30]/D -       -       F     DFFHQNx2_ASAP7_75t_R         1    -     -     0    2362    (-,-) 
#--------------------------------------------------------------------------------------------------------------------------------------



Path 71: MET (8 ps) Setup Check with Pin u_core/EX_MEM_ex_mem_csr_write_data_reg[25]/CLK->D
           View: view_ss
          Group: CLK_CPU
     Startpoint: (R) u_dcache/state_reg[0]/CLK
          Clock: (R) CLK_CPU
       Endpoint: (F) u_core/EX_MEM_ex_mem_csr_write_data_reg[25]/D
          Clock: (R) CLK_CPU

                     Capture       Launch     
        Clock Edge:+    2500            0     
       Src Latency:+       0            0     
       Net Latency:+       0 (I)        0 (I) 
           Arrival:=    2500            0     
                                              
             Setup:-       5                  
       Uncertainty:-     125                  
     Required Time:=    2370                  
      Launch Clock:-       0                  
         Data Path:-    2362                  
             Slack:=       8                  

#--------------------------------------------------------------------------------------------------------------------------------------
#                 Timing Point                  Flags    Arc    Edge          Cell            Fanout Load Trans Delay Arrival Instance 
#                                                                                                    (fF)  (ps)  (ps)   (ps)  Location 
#--------------------------------------------------------------------------------------------------------------------------------------
  u_dcache/state_reg[0]/CLK                     -       -       R     (arrival)                 8138    -    40     0       0    (-,-) 
  u_dcache/state_reg[0]/QN                      -       CLK->QN F     DFFASRHQNx1_ASAP7_75t_R      3  4.3    74   126     126    (-,-) 
  u_dcache/g73110/Y                             -       A->Y    R     INVxp67_ASAP7_75t_R          2  3.5    88    65     191    (-,-) 
  u_dcache/g73106/Y                             -       A->Y    R     AND2x6_ASAP7_75t_R          12 15.8    48    66     258    (-,-) 
  u_dcache/g87696/Y                             -       A->Y    F     INVx1_ASAP7_75t_R            5  6.6    72    53     311    (-,-) 
  u_dcache/g87589/Y                             -       B2->Y   F     OA22x2_ASAP7_75t_R           2  4.9    36    71     382    (-,-) 
  u_dcache/g87559/Y                             -       A->Y    R     INVx4_ASAP7_75t_R           20 25.3    94    57     439    (-,-) 
  u_dcache/g87530/Y                             -       B->Y    F     NOR2xp67_ASAP7_75t_R         2  3.6    73    65     505    (-,-) 
  u_dcache/g87472/Y                             -       B->Y    F     AND2x2_ASAP7_75t_R           5  9.1    53    72     576    (-,-) 
  u_dcache/g87341/Y                             -       A->Y    F     BUFx6f_ASAP7_75t_R          20 25.4    50    60     636    (-,-) 
  u_dcache/g87340/Y                             -       A->Y    F     HB3xp67_ASAP7_75t_R          2  3.2    65   112     748    (-,-) 
  u_dcache/g87187/Y                             -       A2->Y   R     AOI22xp5_ASAP7_75t_R         1  2.0    78    53     801    (-,-) 
  u_dcache/g86472/Y                             -       A->Y    F     NAND4xp25_ASAP7_75t_R        1  2.0    97    68     869    (-,-) 
  u_dcache/g86287/Y                             -       A2->Y   R     AOI22xp5_ASAP7_75t_R         1  1.9    82    58     926    (-,-) 
  u_dcache/g86191/Y                             -       C->Y    F     NAND4xp25_ASAP7_75t_R        1  2.0    99    66     992    (-,-) 
  u_dcache/g86164/Y                             -       A2->Y   R     A2O1A1Ixp33_ASAP7_75t_R      1  2.0    80    63    1055    (-,-) 
  u_dcache/g86156/Y                             -       B->Y    F     O2A1O1Ixp5_ASAP7_75t_R       1  1.9    60    51    1106    (-,-) 
  u_dcache/g86154/Y                             -       A2->Y   R     OAI21xp33_ASAP7_75t_R        1  2.0   100    66    1171    (-,-) 
  u_dcache/g96327/Y                             -       B->Y    R     AND2x2_ASAP7_75t_R           2  4.4    41    63    1234    (-,-) 
  u_dcache/drc_bufs93436/Y                      -       A->Y    F     INVx2_ASAP7_75t_R            5  7.2    42    35    1269    (-,-) 
  u_dcache/g65301/Y                             -       B->Y    R     NAND2x1_ASAP7_75t_R          3  4.5    78    50    1320    (-,-) 
  u_dcache/g65289/Y                             -       A2->Y   R     AO21x1_ASAP7_75t_R           1  2.0    36    51    1371    (-,-) 
  g200938/Y                                     -       B->Y    R     AND2x2_ASAP7_75t_R           1  2.0    24    40    1411    (-,-) 
  g200450/Y                                     -       A->Y    R     OR2x2_ASAP7_75t_R            9 13.1    99    73    1484    (-,-) 
  u_core/g234204/Y                              -       B->Y    R     OR2x2_ASAP7_75t_R            3  5.5    47    66    1550    (-,-) 
  u_core/g233987/Y                              -       B->Y    F     OAI21x1_ASAP7_75t_R          2  3.1    48    36    1586    (-,-) 
  u_core/g265909/Y                              -       B->Y    F     AO21x2_ASAP7_75t_R           5  8.3    52    69    1655    (-,-) 
  u_core/g233124/Y                              -       B->Y    R     NOR2x1p5_ASAP7_75t_R         5  7.9    86    56    1712    (-,-) 
  u_core/g232864/Y                              -       A->Y    F     INVx1_ASAP7_75t_R            1  2.0    40    38    1749    (-,-) 
  u_core/g232542/Y                              -       B->Y    F     OR2x2_ASAP7_75t_R            2  4.7    34    56    1805    (-,-) 
  u_core/g232274/Y                              -       A->Y    R     INVx2_ASAP7_75t_R            5  7.5    58    39    1844    (-,-) 
  u_core/g232089/Y                              -       B->Y    F     NAND2xp5_ASAP7_75t_R         1  2.6    62    47    1892    (-,-) 
  u_core/g231774/Y                              -       A->Y    R     INVx2_ASAP7_75t_R            4  5.9    55    44    1935    (-,-) 
  u_core/g230826/Y                              -       B->Y    R     AND2x2_ASAP7_75t_R           2  6.6    55    61    1996    (-,-) 
  u_core/g230186/Y                              -       A->Y    F     INVx4_ASAP7_75t_R           13 20.3    60    48    2044    (-,-) 
  u_core/g230151/Y                              -       B->Y    F     OR2x4_ASAP7_75t_R           15 19.0    65    92    2136    (-,-) 
  u_core/drc_bufs240333/Y                       -       A->Y    R     INVxp67_ASAP7_75t_R          1  3.1    78    58    2194    (-,-) 
  u_core/drc_bufs240332/Y                       -       A->Y    F     INVx3_ASAP7_75t_R           13 16.7    69    59    2253    (-,-) 
  u_core/g225264/Y                              -       B->Y    R     O2A1O1Ixp5_ASAP7_75t_R       1  2.3    83    58    2311    (-,-) 
  u_core/g225192/Y                              -       C->Y    F     AOI221x1_ASAP7_75t_R         1  2.0    70    51    2362    (-,-) 
  u_core/EX_MEM_ex_mem_csr_write_data_reg[25]/D -       -       F     DFFHQNx2_ASAP7_75t_R         1    -     -     0    2362    (-,-) 
#--------------------------------------------------------------------------------------------------------------------------------------



Path 72: MET (8 ps) Setup Check with Pin u_core/EX_MEM_ex_mem_csr_write_data_reg[15]/CLK->D
           View: view_ss
          Group: CLK_CPU
     Startpoint: (R) u_dcache/state_reg[0]/CLK
          Clock: (R) CLK_CPU
       Endpoint: (F) u_core/EX_MEM_ex_mem_csr_write_data_reg[15]/D
          Clock: (R) CLK_CPU

                     Capture       Launch     
        Clock Edge:+    2500            0     
       Src Latency:+       0            0     
       Net Latency:+       0 (I)        0 (I) 
           Arrival:=    2500            0     
                                              
             Setup:-       5                  
       Uncertainty:-     125                  
     Required Time:=    2370                  
      Launch Clock:-       0                  
         Data Path:-    2362                  
             Slack:=       8                  

#--------------------------------------------------------------------------------------------------------------------------------------
#                 Timing Point                  Flags    Arc    Edge          Cell            Fanout Load Trans Delay Arrival Instance 
#                                                                                                    (fF)  (ps)  (ps)   (ps)  Location 
#--------------------------------------------------------------------------------------------------------------------------------------
  u_dcache/state_reg[0]/CLK                     -       -       R     (arrival)                 8138    -    40     0       0    (-,-) 
  u_dcache/state_reg[0]/QN                      -       CLK->QN F     DFFASRHQNx1_ASAP7_75t_R      3  4.3    74   126     126    (-,-) 
  u_dcache/g73110/Y                             -       A->Y    R     INVxp67_ASAP7_75t_R          2  3.5    88    65     191    (-,-) 
  u_dcache/g73106/Y                             -       A->Y    R     AND2x6_ASAP7_75t_R          12 15.8    48    66     258    (-,-) 
  u_dcache/g87696/Y                             -       A->Y    F     INVx1_ASAP7_75t_R            5  6.6    72    53     311    (-,-) 
  u_dcache/g87589/Y                             -       B2->Y   F     OA22x2_ASAP7_75t_R           2  4.9    36    71     382    (-,-) 
  u_dcache/g87559/Y                             -       A->Y    R     INVx4_ASAP7_75t_R           20 25.3    94    57     439    (-,-) 
  u_dcache/g87530/Y                             -       B->Y    F     NOR2xp67_ASAP7_75t_R         2  3.6    73    65     505    (-,-) 
  u_dcache/g87472/Y                             -       B->Y    F     AND2x2_ASAP7_75t_R           5  9.1    53    72     576    (-,-) 
  u_dcache/g87341/Y                             -       A->Y    F     BUFx6f_ASAP7_75t_R          20 25.4    50    60     636    (-,-) 
  u_dcache/g87340/Y                             -       A->Y    F     HB3xp67_ASAP7_75t_R          2  3.2    65   112     748    (-,-) 
  u_dcache/g87187/Y                             -       A2->Y   R     AOI22xp5_ASAP7_75t_R         1  2.0    78    53     801    (-,-) 
  u_dcache/g86472/Y                             -       A->Y    F     NAND4xp25_ASAP7_75t_R        1  2.0    97    68     869    (-,-) 
  u_dcache/g86287/Y                             -       A2->Y   R     AOI22xp5_ASAP7_75t_R         1  1.9    82    58     926    (-,-) 
  u_dcache/g86191/Y                             -       C->Y    F     NAND4xp25_ASAP7_75t_R        1  2.0    99    66     992    (-,-) 
  u_dcache/g86164/Y                             -       A2->Y   R     A2O1A1Ixp33_ASAP7_75t_R      1  2.0    80    63    1055    (-,-) 
  u_dcache/g86156/Y                             -       B->Y    F     O2A1O1Ixp5_ASAP7_75t_R       1  1.9    60    51    1106    (-,-) 
  u_dcache/g86154/Y                             -       A2->Y   R     OAI21xp33_ASAP7_75t_R        1  2.0   100    66    1171    (-,-) 
  u_dcache/g96327/Y                             -       B->Y    R     AND2x2_ASAP7_75t_R           2  4.4    41    63    1234    (-,-) 
  u_dcache/drc_bufs93436/Y                      -       A->Y    F     INVx2_ASAP7_75t_R            5  7.2    42    35    1269    (-,-) 
  u_dcache/g65301/Y                             -       B->Y    R     NAND2x1_ASAP7_75t_R          3  4.5    78    50    1320    (-,-) 
  u_dcache/g65289/Y                             -       A2->Y   R     AO21x1_ASAP7_75t_R           1  2.0    36    51    1371    (-,-) 
  g200938/Y                                     -       B->Y    R     AND2x2_ASAP7_75t_R           1  2.0    24    40    1411    (-,-) 
  g200450/Y                                     -       A->Y    R     OR2x2_ASAP7_75t_R            9 13.1    99    73    1484    (-,-) 
  u_core/g234204/Y                              -       B->Y    R     OR2x2_ASAP7_75t_R            3  5.5    47    66    1550    (-,-) 
  u_core/g233987/Y                              -       B->Y    F     OAI21x1_ASAP7_75t_R          2  3.1    48    36    1586    (-,-) 
  u_core/g265909/Y                              -       B->Y    F     AO21x2_ASAP7_75t_R           5  8.3    52    69    1655    (-,-) 
  u_core/g233124/Y                              -       B->Y    R     NOR2x1p5_ASAP7_75t_R         5  7.9    86    56    1712    (-,-) 
  u_core/g232864/Y                              -       A->Y    F     INVx1_ASAP7_75t_R            1  2.0    40    38    1749    (-,-) 
  u_core/g232542/Y                              -       B->Y    F     OR2x2_ASAP7_75t_R            2  4.7    34    56    1805    (-,-) 
  u_core/g232274/Y                              -       A->Y    R     INVx2_ASAP7_75t_R            5  7.5    58    39    1844    (-,-) 
  u_core/g232089/Y                              -       B->Y    F     NAND2xp5_ASAP7_75t_R         1  2.6    62    47    1892    (-,-) 
  u_core/g231774/Y                              -       A->Y    R     INVx2_ASAP7_75t_R            4  5.9    55    44    1935    (-,-) 
  u_core/g230826/Y                              -       B->Y    R     AND2x2_ASAP7_75t_R           2  6.6    55    61    1996    (-,-) 
  u_core/g230186/Y                              -       A->Y    F     INVx4_ASAP7_75t_R           13 20.3    60    48    2044    (-,-) 
  u_core/g230151/Y                              -       B->Y    F     OR2x4_ASAP7_75t_R           15 19.0    65    92    2136    (-,-) 
  u_core/drc_bufs240333/Y                       -       A->Y    R     INVxp67_ASAP7_75t_R          1  3.1    78    58    2194    (-,-) 
  u_core/drc_bufs240332/Y                       -       A->Y    F     INVx3_ASAP7_75t_R           13 16.7    69    59    2253    (-,-) 
  u_core/g225256/Y                              -       B->Y    R     O2A1O1Ixp5_ASAP7_75t_R       1  2.3    83    58    2311    (-,-) 
  u_core/g225205/Y                              -       C->Y    F     AOI221x1_ASAP7_75t_R         1  2.0    70    51    2362    (-,-) 
  u_core/EX_MEM_ex_mem_csr_write_data_reg[15]/D -       -       F     DFFHQNx2_ASAP7_75t_R         1    -     -     0    2362    (-,-) 
#--------------------------------------------------------------------------------------------------------------------------------------



Path 73: MET (8 ps) Setup Check with Pin u_core/EX_MEM_ex_mem_csr_write_data_reg[12]/CLK->D
           View: view_ss
          Group: CLK_CPU
     Startpoint: (R) u_dcache/state_reg[0]/CLK
          Clock: (R) CLK_CPU
       Endpoint: (F) u_core/EX_MEM_ex_mem_csr_write_data_reg[12]/D
          Clock: (R) CLK_CPU

                     Capture       Launch     
        Clock Edge:+    2500            0     
       Src Latency:+       0            0     
       Net Latency:+       0 (I)        0 (I) 
           Arrival:=    2500            0     
                                              
             Setup:-       5                  
       Uncertainty:-     125                  
     Required Time:=    2370                  
      Launch Clock:-       0                  
         Data Path:-    2362                  
             Slack:=       8                  

#--------------------------------------------------------------------------------------------------------------------------------------
#                 Timing Point                  Flags    Arc    Edge          Cell            Fanout Load Trans Delay Arrival Instance 
#                                                                                                    (fF)  (ps)  (ps)   (ps)  Location 
#--------------------------------------------------------------------------------------------------------------------------------------
  u_dcache/state_reg[0]/CLK                     -       -       R     (arrival)                 8138    -    40     0       0    (-,-) 
  u_dcache/state_reg[0]/QN                      -       CLK->QN F     DFFASRHQNx1_ASAP7_75t_R      3  4.3    74   126     126    (-,-) 
  u_dcache/g73110/Y                             -       A->Y    R     INVxp67_ASAP7_75t_R          2  3.5    88    65     191    (-,-) 
  u_dcache/g73106/Y                             -       A->Y    R     AND2x6_ASAP7_75t_R          12 15.8    48    66     258    (-,-) 
  u_dcache/g87696/Y                             -       A->Y    F     INVx1_ASAP7_75t_R            5  6.6    72    53     311    (-,-) 
  u_dcache/g87589/Y                             -       B2->Y   F     OA22x2_ASAP7_75t_R           2  4.9    36    71     382    (-,-) 
  u_dcache/g87559/Y                             -       A->Y    R     INVx4_ASAP7_75t_R           20 25.3    94    57     439    (-,-) 
  u_dcache/g87530/Y                             -       B->Y    F     NOR2xp67_ASAP7_75t_R         2  3.6    73    65     505    (-,-) 
  u_dcache/g87472/Y                             -       B->Y    F     AND2x2_ASAP7_75t_R           5  9.1    53    72     576    (-,-) 
  u_dcache/g87341/Y                             -       A->Y    F     BUFx6f_ASAP7_75t_R          20 25.4    50    60     636    (-,-) 
  u_dcache/g87340/Y                             -       A->Y    F     HB3xp67_ASAP7_75t_R          2  3.2    65   112     748    (-,-) 
  u_dcache/g87187/Y                             -       A2->Y   R     AOI22xp5_ASAP7_75t_R         1  2.0    78    53     801    (-,-) 
  u_dcache/g86472/Y                             -       A->Y    F     NAND4xp25_ASAP7_75t_R        1  2.0    97    68     869    (-,-) 
  u_dcache/g86287/Y                             -       A2->Y   R     AOI22xp5_ASAP7_75t_R         1  1.9    82    58     926    (-,-) 
  u_dcache/g86191/Y                             -       C->Y    F     NAND4xp25_ASAP7_75t_R        1  2.0    99    66     992    (-,-) 
  u_dcache/g86164/Y                             -       A2->Y   R     A2O1A1Ixp33_ASAP7_75t_R      1  2.0    80    63    1055    (-,-) 
  u_dcache/g86156/Y                             -       B->Y    F     O2A1O1Ixp5_ASAP7_75t_R       1  1.9    60    51    1106    (-,-) 
  u_dcache/g86154/Y                             -       A2->Y   R     OAI21xp33_ASAP7_75t_R        1  2.0   100    66    1171    (-,-) 
  u_dcache/g96327/Y                             -       B->Y    R     AND2x2_ASAP7_75t_R           2  4.4    41    63    1234    (-,-) 
  u_dcache/drc_bufs93436/Y                      -       A->Y    F     INVx2_ASAP7_75t_R            5  7.2    42    35    1269    (-,-) 
  u_dcache/g65301/Y                             -       B->Y    R     NAND2x1_ASAP7_75t_R          3  4.5    78    50    1320    (-,-) 
  u_dcache/g65289/Y                             -       A2->Y   R     AO21x1_ASAP7_75t_R           1  2.0    36    51    1371    (-,-) 
  g200938/Y                                     -       B->Y    R     AND2x2_ASAP7_75t_R           1  2.0    24    40    1411    (-,-) 
  g200450/Y                                     -       A->Y    R     OR2x2_ASAP7_75t_R            9 13.1    99    73    1484    (-,-) 
  u_core/g234204/Y                              -       B->Y    R     OR2x2_ASAP7_75t_R            3  5.5    47    66    1550    (-,-) 
  u_core/g233987/Y                              -       B->Y    F     OAI21x1_ASAP7_75t_R          2  3.1    48    36    1586    (-,-) 
  u_core/g265909/Y                              -       B->Y    F     AO21x2_ASAP7_75t_R           5  8.3    52    69    1655    (-,-) 
  u_core/g233124/Y                              -       B->Y    R     NOR2x1p5_ASAP7_75t_R         5  7.9    86    56    1712    (-,-) 
  u_core/g232864/Y                              -       A->Y    F     INVx1_ASAP7_75t_R            1  2.0    40    38    1749    (-,-) 
  u_core/g232542/Y                              -       B->Y    F     OR2x2_ASAP7_75t_R            2  4.7    34    56    1805    (-,-) 
  u_core/g232274/Y                              -       A->Y    R     INVx2_ASAP7_75t_R            5  7.5    58    39    1844    (-,-) 
  u_core/g232089/Y                              -       B->Y    F     NAND2xp5_ASAP7_75t_R         1  2.6    62    47    1892    (-,-) 
  u_core/g231774/Y                              -       A->Y    R     INVx2_ASAP7_75t_R            4  5.9    55    44    1935    (-,-) 
  u_core/g230826/Y                              -       B->Y    R     AND2x2_ASAP7_75t_R           2  6.6    55    61    1996    (-,-) 
  u_core/g230186/Y                              -       A->Y    F     INVx4_ASAP7_75t_R           13 20.3    60    48    2044    (-,-) 
  u_core/g230151/Y                              -       B->Y    F     OR2x4_ASAP7_75t_R           15 19.0    65    92    2136    (-,-) 
  u_core/drc_bufs240333/Y                       -       A->Y    R     INVxp67_ASAP7_75t_R          1  3.1    78    58    2194    (-,-) 
  u_core/drc_bufs240332/Y                       -       A->Y    F     INVx3_ASAP7_75t_R           13 16.7    69    59    2253    (-,-) 
  u_core/g225232/Y                              -       B->Y    R     O2A1O1Ixp5_ASAP7_75t_R       1  2.3    83    58    2311    (-,-) 
  u_core/g225193/Y                              -       C->Y    F     AOI221x1_ASAP7_75t_R         1  2.0    70    51    2362    (-,-) 
  u_core/EX_MEM_ex_mem_csr_write_data_reg[12]/D -       -       F     DFFHQNx3_ASAP7_75t_R         1    -     -     0    2362    (-,-) 
#--------------------------------------------------------------------------------------------------------------------------------------



Path 74: MET (8 ps) Setup Check with Pin u_core/EX_MEM_ex_mem_csr_write_data_reg[18]/CLK->D
           View: view_ss
          Group: CLK_CPU
     Startpoint: (R) u_dcache/state_reg[0]/CLK
          Clock: (R) CLK_CPU
       Endpoint: (F) u_core/EX_MEM_ex_mem_csr_write_data_reg[18]/D
          Clock: (R) CLK_CPU

                     Capture       Launch     
        Clock Edge:+    2500            0     
       Src Latency:+       0            0     
       Net Latency:+       0 (I)        0 (I) 
           Arrival:=    2500            0     
                                              
             Setup:-       6                  
       Uncertainty:-     125                  
     Required Time:=    2370                  
      Launch Clock:-       0                  
         Data Path:-    2362                  
             Slack:=       8                  

#--------------------------------------------------------------------------------------------------------------------------------------
#                 Timing Point                  Flags    Arc    Edge          Cell            Fanout Load Trans Delay Arrival Instance 
#                                                                                                    (fF)  (ps)  (ps)   (ps)  Location 
#--------------------------------------------------------------------------------------------------------------------------------------
  u_dcache/state_reg[0]/CLK                     -       -       R     (arrival)                 8138    -    40     0       0    (-,-) 
  u_dcache/state_reg[0]/QN                      -       CLK->QN F     DFFASRHQNx1_ASAP7_75t_R      3  4.3    74   126     126    (-,-) 
  u_dcache/g73110/Y                             -       A->Y    R     INVxp67_ASAP7_75t_R          2  3.5    88    65     191    (-,-) 
  u_dcache/g73106/Y                             -       A->Y    R     AND2x6_ASAP7_75t_R          12 15.8    48    66     258    (-,-) 
  u_dcache/g87696/Y                             -       A->Y    F     INVx1_ASAP7_75t_R            5  6.6    72    53     311    (-,-) 
  u_dcache/g87589/Y                             -       B2->Y   F     OA22x2_ASAP7_75t_R           2  4.9    36    71     382    (-,-) 
  u_dcache/g87559/Y                             -       A->Y    R     INVx4_ASAP7_75t_R           20 25.3    94    57     439    (-,-) 
  u_dcache/g87530/Y                             -       B->Y    F     NOR2xp67_ASAP7_75t_R         2  3.6    73    65     505    (-,-) 
  u_dcache/g87472/Y                             -       B->Y    F     AND2x2_ASAP7_75t_R           5  9.1    53    72     576    (-,-) 
  u_dcache/g87341/Y                             -       A->Y    F     BUFx6f_ASAP7_75t_R          20 25.4    50    60     636    (-,-) 
  u_dcache/g87340/Y                             -       A->Y    F     HB3xp67_ASAP7_75t_R          2  3.2    65   112     748    (-,-) 
  u_dcache/g87187/Y                             -       A2->Y   R     AOI22xp5_ASAP7_75t_R         1  2.0    78    53     801    (-,-) 
  u_dcache/g86472/Y                             -       A->Y    F     NAND4xp25_ASAP7_75t_R        1  2.0    97    68     869    (-,-) 
  u_dcache/g86287/Y                             -       A2->Y   R     AOI22xp5_ASAP7_75t_R         1  1.9    82    58     926    (-,-) 
  u_dcache/g86191/Y                             -       C->Y    F     NAND4xp25_ASAP7_75t_R        1  2.0    99    66     992    (-,-) 
  u_dcache/g86164/Y                             -       A2->Y   R     A2O1A1Ixp33_ASAP7_75t_R      1  2.0    80    63    1055    (-,-) 
  u_dcache/g86156/Y                             -       B->Y    F     O2A1O1Ixp5_ASAP7_75t_R       1  1.9    60    51    1106    (-,-) 
  u_dcache/g86154/Y                             -       A2->Y   R     OAI21xp33_ASAP7_75t_R        1  2.0   100    66    1171    (-,-) 
  u_dcache/g96327/Y                             -       B->Y    R     AND2x2_ASAP7_75t_R           2  4.4    41    63    1234    (-,-) 
  u_dcache/drc_bufs93436/Y                      -       A->Y    F     INVx2_ASAP7_75t_R            5  7.2    42    35    1269    (-,-) 
  u_dcache/g65301/Y                             -       B->Y    R     NAND2x1_ASAP7_75t_R          3  4.5    78    50    1320    (-,-) 
  u_dcache/g65289/Y                             -       A2->Y   R     AO21x1_ASAP7_75t_R           1  2.0    36    51    1371    (-,-) 
  g200938/Y                                     -       B->Y    R     AND2x2_ASAP7_75t_R           1  2.0    24    40    1411    (-,-) 
  g200450/Y                                     -       A->Y    R     OR2x2_ASAP7_75t_R            9 13.1    99    73    1484    (-,-) 
  u_core/g234204/Y                              -       B->Y    R     OR2x2_ASAP7_75t_R            3  5.5    47    66    1550    (-,-) 
  u_core/g233987/Y                              -       B->Y    F     OAI21x1_ASAP7_75t_R          2  3.1    48    36    1586    (-,-) 
  u_core/g265909/Y                              -       B->Y    F     AO21x2_ASAP7_75t_R           5  8.3    52    69    1655    (-,-) 
  u_core/g233124/Y                              -       B->Y    R     NOR2x1p5_ASAP7_75t_R         5  7.9    86    56    1712    (-,-) 
  u_core/g232864/Y                              -       A->Y    F     INVx1_ASAP7_75t_R            1  2.0    40    38    1749    (-,-) 
  u_core/g232542/Y                              -       B->Y    F     OR2x2_ASAP7_75t_R            2  4.7    34    56    1805    (-,-) 
  u_core/g232274/Y                              -       A->Y    R     INVx2_ASAP7_75t_R            5  7.5    58    39    1844    (-,-) 
  u_core/g232089/Y                              -       B->Y    F     NAND2xp5_ASAP7_75t_R         1  2.6    62    47    1892    (-,-) 
  u_core/g231774/Y                              -       A->Y    R     INVx2_ASAP7_75t_R            4  5.9    55    44    1935    (-,-) 
  u_core/g230826/Y                              -       B->Y    R     AND2x2_ASAP7_75t_R           2  6.6    55    61    1996    (-,-) 
  u_core/g230186/Y                              -       A->Y    F     INVx4_ASAP7_75t_R           13 20.3    60    48    2044    (-,-) 
  u_core/g230151/Y                              -       B->Y    F     OR2x4_ASAP7_75t_R           15 19.0    65    92    2136    (-,-) 
  u_core/drc_bufs240333/Y                       -       A->Y    R     INVxp67_ASAP7_75t_R          1  3.1    78    58    2194    (-,-) 
  u_core/drc_bufs240332/Y                       -       A->Y    F     INVx3_ASAP7_75t_R           13 16.7    69    59    2253    (-,-) 
  u_core/g225259/Y                              -       B->Y    R     O2A1O1Ixp5_ASAP7_75t_R       1  2.3    83    58    2311    (-,-) 
  u_core/g225182/Y                              -       C->Y    F     AOI221x1_ASAP7_75t_R         1  2.0    70    50    2362    (-,-) 
  u_core/EX_MEM_ex_mem_csr_write_data_reg[18]/D -       -       F     DFFHQNx3_ASAP7_75t_R         1    -     -     0    2362    (-,-) 
#--------------------------------------------------------------------------------------------------------------------------------------



Path 75: MET (8 ps) Setup Check with Pin u_core/EX_MEM_ex_mem_csr_write_data_reg[9]/CLK->D
           View: view_ss
          Group: CLK_CPU
     Startpoint: (R) u_dcache/state_reg[0]/CLK
          Clock: (R) CLK_CPU
       Endpoint: (F) u_core/EX_MEM_ex_mem_csr_write_data_reg[9]/D
          Clock: (R) CLK_CPU

                     Capture       Launch     
        Clock Edge:+    2500            0     
       Src Latency:+       0            0     
       Net Latency:+       0 (I)        0 (I) 
           Arrival:=    2500            0     
                                              
             Setup:-       6                  
       Uncertainty:-     125                  
     Required Time:=    2370                  
      Launch Clock:-       0                  
         Data Path:-    2362                  
             Slack:=       8                  

#-------------------------------------------------------------------------------------------------------------------------------------
#                Timing Point                  Flags    Arc    Edge          Cell            Fanout Load Trans Delay Arrival Instance 
#                                                                                                   (fF)  (ps)  (ps)   (ps)  Location 
#-------------------------------------------------------------------------------------------------------------------------------------
  u_dcache/state_reg[0]/CLK                    -       -       R     (arrival)                 8138    -    40     0       0    (-,-) 
  u_dcache/state_reg[0]/QN                     -       CLK->QN F     DFFASRHQNx1_ASAP7_75t_R      3  4.3    74   126     126    (-,-) 
  u_dcache/g73110/Y                            -       A->Y    R     INVxp67_ASAP7_75t_R          2  3.5    88    65     191    (-,-) 
  u_dcache/g73106/Y                            -       A->Y    R     AND2x6_ASAP7_75t_R          12 15.8    48    66     258    (-,-) 
  u_dcache/g87696/Y                            -       A->Y    F     INVx1_ASAP7_75t_R            5  6.6    72    53     311    (-,-) 
  u_dcache/g87589/Y                            -       B2->Y   F     OA22x2_ASAP7_75t_R           2  4.9    36    71     382    (-,-) 
  u_dcache/g87559/Y                            -       A->Y    R     INVx4_ASAP7_75t_R           20 25.3    94    57     439    (-,-) 
  u_dcache/g87530/Y                            -       B->Y    F     NOR2xp67_ASAP7_75t_R         2  3.6    73    65     505    (-,-) 
  u_dcache/g87472/Y                            -       B->Y    F     AND2x2_ASAP7_75t_R           5  9.1    53    72     576    (-,-) 
  u_dcache/g87341/Y                            -       A->Y    F     BUFx6f_ASAP7_75t_R          20 25.4    50    60     636    (-,-) 
  u_dcache/g87340/Y                            -       A->Y    F     HB3xp67_ASAP7_75t_R          2  3.2    65   112     748    (-,-) 
  u_dcache/g87187/Y                            -       A2->Y   R     AOI22xp5_ASAP7_75t_R         1  2.0    78    53     801    (-,-) 
  u_dcache/g86472/Y                            -       A->Y    F     NAND4xp25_ASAP7_75t_R        1  2.0    97    68     869    (-,-) 
  u_dcache/g86287/Y                            -       A2->Y   R     AOI22xp5_ASAP7_75t_R         1  1.9    82    58     926    (-,-) 
  u_dcache/g86191/Y                            -       C->Y    F     NAND4xp25_ASAP7_75t_R        1  2.0    99    66     992    (-,-) 
  u_dcache/g86164/Y                            -       A2->Y   R     A2O1A1Ixp33_ASAP7_75t_R      1  2.0    80    63    1055    (-,-) 
  u_dcache/g86156/Y                            -       B->Y    F     O2A1O1Ixp5_ASAP7_75t_R       1  1.9    60    51    1106    (-,-) 
  u_dcache/g86154/Y                            -       A2->Y   R     OAI21xp33_ASAP7_75t_R        1  2.0   100    66    1171    (-,-) 
  u_dcache/g96327/Y                            -       B->Y    R     AND2x2_ASAP7_75t_R           2  4.4    41    63    1234    (-,-) 
  u_dcache/drc_bufs93436/Y                     -       A->Y    F     INVx2_ASAP7_75t_R            5  7.2    42    35    1269    (-,-) 
  u_dcache/g65301/Y                            -       B->Y    R     NAND2x1_ASAP7_75t_R          3  4.5    78    50    1320    (-,-) 
  u_dcache/g65289/Y                            -       A2->Y   R     AO21x1_ASAP7_75t_R           1  2.0    36    51    1371    (-,-) 
  g200938/Y                                    -       B->Y    R     AND2x2_ASAP7_75t_R           1  2.0    24    40    1411    (-,-) 
  g200450/Y                                    -       A->Y    R     OR2x2_ASAP7_75t_R            9 13.1    99    73    1484    (-,-) 
  u_core/g234204/Y                             -       B->Y    R     OR2x2_ASAP7_75t_R            3  5.5    47    66    1550    (-,-) 
  u_core/g233987/Y                             -       B->Y    F     OAI21x1_ASAP7_75t_R          2  3.1    48    36    1586    (-,-) 
  u_core/g265909/Y                             -       B->Y    F     AO21x2_ASAP7_75t_R           5  8.3    52    69    1655    (-,-) 
  u_core/g233124/Y                             -       B->Y    R     NOR2x1p5_ASAP7_75t_R         5  7.9    86    56    1712    (-,-) 
  u_core/g232864/Y                             -       A->Y    F     INVx1_ASAP7_75t_R            1  2.0    40    38    1749    (-,-) 
  u_core/g232542/Y                             -       B->Y    F     OR2x2_ASAP7_75t_R            2  4.7    34    56    1805    (-,-) 
  u_core/g232274/Y                             -       A->Y    R     INVx2_ASAP7_75t_R            5  7.5    58    39    1844    (-,-) 
  u_core/g232089/Y                             -       B->Y    F     NAND2xp5_ASAP7_75t_R         1  2.6    62    47    1892    (-,-) 
  u_core/g231774/Y                             -       A->Y    R     INVx2_ASAP7_75t_R            4  5.9    55    44    1935    (-,-) 
  u_core/g230826/Y                             -       B->Y    R     AND2x2_ASAP7_75t_R           2  6.6    55    61    1996    (-,-) 
  u_core/g230186/Y                             -       A->Y    F     INVx4_ASAP7_75t_R           13 20.3    60    48    2044    (-,-) 
  u_core/g230151/Y                             -       B->Y    F     OR2x4_ASAP7_75t_R           15 19.0    65    92    2136    (-,-) 
  u_core/drc_bufs240333/Y                      -       A->Y    R     INVxp67_ASAP7_75t_R          1  3.1    78    58    2194    (-,-) 
  u_core/drc_bufs240332/Y                      -       A->Y    F     INVx3_ASAP7_75t_R           13 16.7    69    59    2253    (-,-) 
  u_core/g225250/Y                             -       B->Y    R     O2A1O1Ixp5_ASAP7_75t_R       1  2.3    83    58    2311    (-,-) 
  u_core/g225200/Y                             -       C->Y    F     AOI221x1_ASAP7_75t_R         1  2.0    70    50    2362    (-,-) 
  u_core/EX_MEM_ex_mem_csr_write_data_reg[9]/D -       -       F     DFFHQNx2_ASAP7_75t_R         1    -     -     0    2362    (-,-) 
#-------------------------------------------------------------------------------------------------------------------------------------



Path 76: MET (8 ps) Setup Check with Pin u_core/IF_ID_if_id_instr_reg[23]/CLK->D
           View: view_ss
          Group: CLK_CPU
     Startpoint: (R) u_core/pc_reg_reg[3]/CLK
          Clock: (R) CLK_CPU
       Endpoint: (R) u_core/IF_ID_if_id_instr_reg[23]/D
          Clock: (R) CLK_CPU

                     Capture       Launch     
        Clock Edge:+    2500            0     
       Src Latency:+       0            0     
       Net Latency:+       0 (I)        0 (I) 
           Arrival:=    2500            0     
                                              
             Setup:-      34                  
       Uncertainty:-     125                  
     Required Time:=    2341                  
      Launch Clock:-       0                  
         Data Path:-    2333                  
             Slack:=       8                  

#---------------------------------------------------------------------------------------------------------------------------
#           Timing Point             Flags    Arc    Edge          Cell            Fanout Load Trans Delay Arrival Instance 
#                                                                                         (fF)  (ps)  (ps)   (ps)  Location 
#---------------------------------------------------------------------------------------------------------------------------
  u_core/pc_reg_reg[3]/CLK           -       -       R     (arrival)                 8138    -    40     0       0    (-,-) 
  u_core/pc_reg_reg[3]/QN            -       CLK->QN R     DFFASRHQNx1_ASAP7_75t_R      1  2.1    51   102     102    (-,-) 
  u_core/drc_bufs245642/Y            -       A->Y    R     BUFx3_ASAP7_75t_R            4  6.1    36    48     150    (-,-) 
  u_core/IF_add_339_31_g781/Y        -       B->Y    R     AND2x2_ASAP7_75t_R           3  4.9    44    50     200    (-,-) 
  u_core/g265914/Y                   -       A->Y    R     AND3x4_ASAP7_75t_R           3  4.8    30    52     253    (-,-) 
  u_core/g265913/Y                   -       C->Y    R     AND3x4_ASAP7_75t_R           3  4.8    30    51     303    (-,-) 
  u_core/IF_add_339_31_g2/Y          -       C->Y    R     AND3x1_ASAP7_75t_R           4  5.7    89    74     377    (-,-) 
  u_core/IF_add_339_31_g757/Y        -       B->Y    R     AND2x2_ASAP7_75t_R           2  3.1    32    56     434    (-,-) 
  u_core/IF_add_339_31_g749/Y        -       B->Y    R     AND2x2_ASAP7_75t_R           2  3.2    32    43     477    (-,-) 
  u_core/IF_add_339_31_g742/Y        -       B->Y    F     NAND2xp5_ASAP7_75t_R         2  3.5    74    46     523    (-,-) 
  u_core/IF_add_339_31_g739/Y        -       B->Y    F     OA21x2_ASAP7_75t_R           2  2.9    26    51     574    (-,-) 
  u_core/g140263/Y                   -       A1->Y   F     AO22x1_ASAP7_75t_R           4  6.0    68    73     647    (-,-) 
  u_icache/g55414/Y                  -       B->Y    F     AND2x2_ASAP7_75t_R           1  2.4    22    52     699    (-,-) 
  u_icache/g55399/Y                  -       A->Y    F     OR2x6_ASAP7_75t_R           17 29.9    63    72     771    (-,-) 
  u_icache/g12396/Y                  -       A->Y    R     INVx5_ASAP7_75t_R           17 29.6    95    65     836    (-,-) 
  u_icache/g12262/Y                  -       B->Y    R     OR2x2_ASAP7_75t_R            1  3.7    35    60     895    (-,-) 
  u_icache/g12256/Y                  -       A->Y    F     INVx4_ASAP7_75t_R           16 20.3    55    40     935    (-,-) 
  u_icache/g11869/Y                  -       B->Y    F     AND2x2_ASAP7_75t_R           3  4.4    31    54     990    (-,-) 
  u_icache/g4092/Y                   -       A2->Y   R     AOI22xp5_ASAP7_75t_R         1  1.9    76    43    1033    (-,-) 
  u_icache/g3587/Y                   -       C->Y    F     NAND4xp25_ASAP7_75t_R        1  2.0    97    64    1097    (-,-) 
  u_icache/g3460/Y                   -       A->Y    F     OR2x2_ASAP7_75t_R            1  2.0    23    56    1154    (-,-) 
  u_icache/g4101/Y                   -       E->Y    F     OR5x1_ASAP7_75t_R            1  2.5    46    90    1243    (-,-) 
  u_icache/g3419/Y                   -       B->Y    R     NOR2x1_ASAP7_75t_R           1  2.9    54    39    1282    (-,-) 
  u_icache/g3413/Y                   -       C->Y    F     NAND4xp75_ASAP7_75t_R        1  2.0    47    38    1320    (-,-) 
  u_icache/g59232/Y                  -       A->Y    F     AND3x2_ASAP7_75t_R           3  6.3    38    52    1371    (-,-) 
  u_icache/g59231/Y                  -       A->Y    R     INVx2_ASAP7_75t_R            1  2.4    27    23    1394    (-,-) 
  u_icache/g59219/Y                  -       B->Y    F     NAND2x1_ASAP7_75t_R          1  2.4    37    24    1418    (-,-) 
  u_icache/g59218/Y                  -       B->Y    F     OR2x6_ASAP7_75t_R            3  7.8    27    54    1472    (-,-) 
  u_icache/g59214/Y                  -       A->Y    R     INVx4_ASAP7_75t_R           14 17.9    68    42    1514    (-,-) 
  u_icache/g75466/Y                  -       A2->Y   R     AO222x2_ASAP7_75t_R          1  2.0    26    56    1570    (-,-) 
  g200543/Y                          -       B2->Y   R     AO22x2_ASAP7_75t_R           3  5.1    46    51    1621    (-,-) 
  u_core/g233792/Y                   -       A->Y    F     NAND2x1p5_ASAP7_75t_R        3  4.6    38    31    1652    (-,-) 
  u_core/g233607/Y                   -       A->Y    F     OR2x6_ASAP7_75t_R            6 12.7    36    61    1713    (-,-) 
  u_core/g233533/Y                   -       A->Y    R     INVx3_ASAP7_75t_R            1  2.5    22    19    1733    (-,-) 
  u_core/g232416/Y                   -       A1->Y   F     OAI21x1_ASAP7_75t_R          1  2.4    44    23    1755    (-,-) 
  u_core/g232072/Y                   -       B->Y    F     AND2x4_ASAP7_75t_R           4  6.5    25    46    1801    (-,-) 
  u_core/g230829/Y                   -       B->Y    R     NAND2x1p5_ASAP7_75t_R        3  5.5    59    36    1837    (-,-) 
  u_core/g230217/Y                   -       A->Y    F     INVx3_ASAP7_75t_R            3  5.7    33    31    1868    (-,-) 
  u_core/g230058/Y                   -       B->Y    R     NAND2x1p5_ASAP7_75t_R        3  4.7    55    36    1904    (-,-) 
  u_core/g228385/Y                   -       A->Y    R     OR2x6_ASAP7_75t_R            3  5.9    24    48    1952    (-,-) 
  u_core/g228133/Y                   -       A->Y    F     INVx3_ASAP7_75t_R            2  4.0    19    18    1970    (-,-) 
  u_core/g228119/Y                   -       B->Y    F     AND2x4_ASAP7_75t_R           9 12.7    39    46    2016    (-,-) 
  u_core/g227366/Y                   -       B->Y    F     AND2x2_ASAP7_75t_R           2  3.2    25    46    2062    (-,-) 
  u_core/g226932/Y                   -       B->Y    R     NAND2xp67_ASAP7_75t_R        2  3.6    92    50    2112    (-,-) 
  u_core/g226707/Y                   -       A->Y    R     OR2x6_ASAP7_75t_R            9 11.6    38    66    2178    (-,-) 
  u_core/g226533/Y                   -       B->Y    R     OR2x2_ASAP7_75t_R            3  4.5    40    48    2226    (-,-) 
  u_core/g226488/Y                   -       A->Y    F     INVx1_ASAP7_75t_R            3  5.1    56    43    2269    (-,-) 
  u_core/g225565/Y                   -       A->Y    R     NOR3xp33_ASAP7_75t_R         1  2.0   104    65    2333    (-,-) 
  u_core/IF_ID_if_id_instr_reg[23]/D -       -       R     DFFASRHQNx1_ASAP7_75t_R      1    -     -     0    2333    (-,-) 
#---------------------------------------------------------------------------------------------------------------------------



Path 77: MET (8 ps) Setup Check with Pin u_core/EX_MEM_ex_mem_csr_write_data_reg[8]/CLK->D
           View: view_ss
          Group: CLK_CPU
     Startpoint: (R) u_dcache/state_reg[0]/CLK
          Clock: (R) CLK_CPU
       Endpoint: (F) u_core/EX_MEM_ex_mem_csr_write_data_reg[8]/D
          Clock: (R) CLK_CPU

                     Capture       Launch     
        Clock Edge:+    2500            0     
       Src Latency:+       0            0     
       Net Latency:+       0 (I)        0 (I) 
           Arrival:=    2500            0     
                                              
             Setup:-       5                  
       Uncertainty:-     125                  
     Required Time:=    2370                  
      Launch Clock:-       0                  
         Data Path:-    2362                  
             Slack:=       8                  

#-------------------------------------------------------------------------------------------------------------------------------------
#                Timing Point                  Flags    Arc    Edge          Cell            Fanout Load Trans Delay Arrival Instance 
#                                                                                                   (fF)  (ps)  (ps)   (ps)  Location 
#-------------------------------------------------------------------------------------------------------------------------------------
  u_dcache/state_reg[0]/CLK                    -       -       R     (arrival)                 8138    -    40     0       0    (-,-) 
  u_dcache/state_reg[0]/QN                     -       CLK->QN F     DFFASRHQNx1_ASAP7_75t_R      3  4.3    74   126     126    (-,-) 
  u_dcache/g73110/Y                            -       A->Y    R     INVxp67_ASAP7_75t_R          2  3.5    88    65     191    (-,-) 
  u_dcache/g73106/Y                            -       A->Y    R     AND2x6_ASAP7_75t_R          12 15.8    48    66     258    (-,-) 
  u_dcache/g87696/Y                            -       A->Y    F     INVx1_ASAP7_75t_R            5  6.6    72    53     311    (-,-) 
  u_dcache/g87589/Y                            -       B2->Y   F     OA22x2_ASAP7_75t_R           2  4.9    36    71     382    (-,-) 
  u_dcache/g87559/Y                            -       A->Y    R     INVx4_ASAP7_75t_R           20 25.3    94    57     439    (-,-) 
  u_dcache/g87530/Y                            -       B->Y    F     NOR2xp67_ASAP7_75t_R         2  3.6    73    65     505    (-,-) 
  u_dcache/g87472/Y                            -       B->Y    F     AND2x2_ASAP7_75t_R           5  9.1    53    72     576    (-,-) 
  u_dcache/g87341/Y                            -       A->Y    F     BUFx6f_ASAP7_75t_R          20 25.4    50    60     636    (-,-) 
  u_dcache/g87340/Y                            -       A->Y    F     HB3xp67_ASAP7_75t_R          2  3.2    65   112     748    (-,-) 
  u_dcache/g87187/Y                            -       A2->Y   R     AOI22xp5_ASAP7_75t_R         1  2.0    78    53     801    (-,-) 
  u_dcache/g86472/Y                            -       A->Y    F     NAND4xp25_ASAP7_75t_R        1  2.0    97    68     869    (-,-) 
  u_dcache/g86287/Y                            -       A2->Y   R     AOI22xp5_ASAP7_75t_R         1  1.9    82    58     926    (-,-) 
  u_dcache/g86191/Y                            -       C->Y    F     NAND4xp25_ASAP7_75t_R        1  2.0    99    66     992    (-,-) 
  u_dcache/g86164/Y                            -       A2->Y   R     A2O1A1Ixp33_ASAP7_75t_R      1  2.0    80    63    1055    (-,-) 
  u_dcache/g86156/Y                            -       B->Y    F     O2A1O1Ixp5_ASAP7_75t_R       1  1.9    60    51    1106    (-,-) 
  u_dcache/g86154/Y                            -       A2->Y   R     OAI21xp33_ASAP7_75t_R        1  2.0   100    66    1171    (-,-) 
  u_dcache/g96327/Y                            -       B->Y    R     AND2x2_ASAP7_75t_R           2  4.4    41    63    1234    (-,-) 
  u_dcache/drc_bufs93436/Y                     -       A->Y    F     INVx2_ASAP7_75t_R            5  7.2    42    35    1269    (-,-) 
  u_dcache/g65301/Y                            -       B->Y    R     NAND2x1_ASAP7_75t_R          3  4.5    78    50    1320    (-,-) 
  u_dcache/g65289/Y                            -       A2->Y   R     AO21x1_ASAP7_75t_R           1  2.0    36    51    1371    (-,-) 
  g200938/Y                                    -       B->Y    R     AND2x2_ASAP7_75t_R           1  2.0    24    40    1411    (-,-) 
  g200450/Y                                    -       A->Y    R     OR2x2_ASAP7_75t_R            9 13.1    99    73    1484    (-,-) 
  u_core/g234204/Y                             -       B->Y    R     OR2x2_ASAP7_75t_R            3  5.5    47    66    1550    (-,-) 
  u_core/g233987/Y                             -       B->Y    F     OAI21x1_ASAP7_75t_R          2  3.1    48    36    1586    (-,-) 
  u_core/g265909/Y                             -       B->Y    F     AO21x2_ASAP7_75t_R           5  8.3    52    69    1655    (-,-) 
  u_core/g233124/Y                             -       B->Y    R     NOR2x1p5_ASAP7_75t_R         5  7.9    86    56    1712    (-,-) 
  u_core/g232864/Y                             -       A->Y    F     INVx1_ASAP7_75t_R            1  2.0    40    38    1749    (-,-) 
  u_core/g232542/Y                             -       B->Y    F     OR2x2_ASAP7_75t_R            2  4.7    34    56    1805    (-,-) 
  u_core/g232274/Y                             -       A->Y    R     INVx2_ASAP7_75t_R            5  7.5    58    39    1844    (-,-) 
  u_core/g232089/Y                             -       B->Y    F     NAND2xp5_ASAP7_75t_R         1  2.6    62    47    1892    (-,-) 
  u_core/g231774/Y                             -       A->Y    R     INVx2_ASAP7_75t_R            4  5.9    55    44    1935    (-,-) 
  u_core/g230826/Y                             -       B->Y    R     AND2x2_ASAP7_75t_R           2  6.6    55    61    1996    (-,-) 
  u_core/g230186/Y                             -       A->Y    F     INVx4_ASAP7_75t_R           13 20.3    60    48    2044    (-,-) 
  u_core/g230151/Y                             -       B->Y    F     OR2x4_ASAP7_75t_R           15 19.0    65    92    2136    (-,-) 
  u_core/drc_bufs240333/Y                      -       A->Y    R     INVxp67_ASAP7_75t_R          1  3.1    78    58    2194    (-,-) 
  u_core/drc_bufs240332/Y                      -       A->Y    F     INVx3_ASAP7_75t_R           13 16.7    69    59    2253    (-,-) 
  u_core/g225249/Y                             -       B->Y    R     O2A1O1Ixp5_ASAP7_75t_R       1  2.3    83    58    2311    (-,-) 
  u_core/g225199/Y                             -       C->Y    F     AOI221x1_ASAP7_75t_R         1  2.0    70    50    2362    (-,-) 
  u_core/EX_MEM_ex_mem_csr_write_data_reg[8]/D -       -       F     DFFHQNx2_ASAP7_75t_R         1    -     -     0    2362    (-,-) 
#-------------------------------------------------------------------------------------------------------------------------------------



Path 78: MET (8 ps) Setup Check with Pin u_core/EX_MEM_ex_mem_branch_taken_reg/CLK->D
           View: view_ss
          Group: CLK_CPU
     Startpoint: (R) u_core/EX_MEM_ex_mem_rd_reg[0]/CLK
          Clock: (R) CLK_CPU
       Endpoint: (R) u_core/EX_MEM_ex_mem_branch_taken_reg/D
          Clock: (R) CLK_CPU

                     Capture       Launch     
        Clock Edge:+    2500            0     
       Src Latency:+       0            0     
       Net Latency:+       0 (I)        0 (I) 
           Arrival:=    2500            0     
                                              
             Setup:-      31                  
       Uncertainty:-     125                  
     Required Time:=    2344                  
      Launch Clock:-       0                  
         Data Path:-    2336                  
             Slack:=       8                  

#---------------------------------------------------------------------------------------------------------------------------------------------------------------
#                              Timing Point                               Flags    Arc   Edge          Cell            Fanout Load Trans Delay Arrival Instance 
#                                                                                                                             (fF)  (ps)  (ps)   (ps)  Location 
#---------------------------------------------------------------------------------------------------------------------------------------------------------------
  u_core/EX_MEM_ex_mem_rd_reg[0]/CLK                                      -       -      R     (arrival)                 8138    -    40     0       0    (-,-) 
  u_core/EX_MEM_ex_mem_rd_reg[0]/Q                                        -       CLK->Q R     DFFHQx4_ASAP7_75t_R          3  4.8    28   124     124    (-,-) 
  u_core/g140655/Y                                                        -       A->Y   F     INVx1_ASAP7_75t_R            3  4.7    51    36     160    (-,-) 
  u_core/g237410/SN                                                       -       A->SN  F     HAxp5_ASAP7_75t_R            1  2.7    71   109     269    (-,-) 
  u_core/g139847/Y                                                        -       B->Y   R     NOR3x1_ASAP7_75t_R           1  2.9    60    46     314    (-,-) 
  u_core/g139817/Y                                                        -       A->Y   F     NAND4xp75_ASAP7_75t_R        3  4.4    75    51     366    (-,-) 
  u_core/g139760/Y                                                        -       A->Y   F     AND3x1_ASAP7_75t_R           2  3.1    36    51     417    (-,-) 
  u_core/g139756/Y                                                        -       A->Y   R     INVxp67_ASAP7_75t_R          1  2.0    50    36     453    (-,-) 
  u_core/g139688/Y                                                        -       B->Y   R     AND2x2_ASAP7_75t_R           4  5.7    48    57     510    (-,-) 
  u_core/g139684/Y                                                        -       A->Y   R     BUFx2_ASAP7_75t_R            9 11.8    89    73     584    (-,-) 
  u_core/g139641/Y                                                        -       B->Y   R     AND2x2_ASAP7_75t_R           1  2.0    25    52     636    (-,-) 
  u_core/g139637/Y                                                        -       A->Y   R     OR2x4_ASAP7_75t_R           18 23.1    91    78     714    (-,-) 
  u_core/csa_tree_SUB_TC_OP_14_Y_csa_tree_SUB_TC_OP_12_groupi_g1701/Y     -       A->Y   F     NAND2xp5_ASAP7_75t_R         2  3.1    73    56     770    (-,-) 
  u_core/drc_bufs252560/Y                                                 -       A->Y   R     INVxp67_ASAP7_75t_R          1  1.9    59    47     817    (-,-) 
  u_core/drc_bufs252558/Y                                                 -       A->Y   F     INVxp67_ASAP7_75t_R          2  3.2    58    48     865    (-,-) 
  u_core/csa_tree_SUB_TC_OP_14_Y_csa_tree_SUB_TC_OP_12_groupi_g1616/Y     -       A1->Y  F     OA21x2_ASAP7_75t_R           1  2.3    23    51     916    (-,-) 
  u_core/csa_tree_SUB_TC_OP_14_Y_csa_tree_SUB_TC_OP_12_groupi_g2/Y        -       B->Y   R     OAI31xp67_ASAP7_75t_R        2  3.4    95    52     968    (-,-) 
  u_core/csa_tree_SUB_TC_OP_14_Y_csa_tree_SUB_TC_OP_12_groupi_g1597/Y     -       A2->Y  F     AOI21x1_ASAP7_75t_R          2  3.5    57    44    1012    (-,-) 
  u_core/csa_tree_SUB_TC_OP_14_Y_csa_tree_SUB_TC_OP_12_groupi_g1595/Y     -       A2->Y  F     OA21x2_ASAP7_75t_R           3  5.2    37    63    1075    (-,-) 
  u_core/g265918/Y                                                        -       A3->Y  F     OA31x2_ASAP7_75t_R           2  3.5    31    52    1127    (-,-) 
  u_core/csa_tree_SUB_TC_OP_14_Y_csa_tree_SUB_TC_OP_12_groupi_g1589/Y     -       A2->Y  F     OA21x2_ASAP7_75t_R           2  3.5    29    51    1177    (-,-) 
  u_core/csa_tree_SUB_TC_OP_14_Y_csa_tree_SUB_TC_OP_12_groupi_g1587/Y     -       A2->Y  F     OA21x2_ASAP7_75t_R           3  5.0    36    55    1232    (-,-) 
  u_core/g265903/Y                                                        -       A1->Y  F     OA31x2_ASAP7_75t_R           2  3.5    31    51    1283    (-,-) 
  u_core/csa_tree_SUB_TC_OP_14_Y_csa_tree_SUB_TC_OP_12_groupi_g1580/Y     -       A2->Y  F     OA21x2_ASAP7_75t_R           2  3.5    29    51    1333    (-,-) 
  u_core/csa_tree_SUB_TC_OP_14_Y_csa_tree_SUB_TC_OP_12_groupi_g1578/Y     -       A2->Y  F     OA21x2_ASAP7_75t_R           4  6.0    41    58    1391    (-,-) 
  u_core/csa_tree_SUB_TC_OP_14_Y_csa_tree_SUB_TC_OP_12_groupi_g1574/Y     -       A2->Y  F     OA211x2_ASAP7_75t_R          3  5.2    43    72    1464    (-,-) 
  u_core/g265917/Y                                                        -       A1->Y  R     OAI31xp67_ASAP7_75t_R        2  3.5    97    58    1522    (-,-) 
  u_core/csa_tree_SUB_TC_OP_14_Y_csa_tree_SUB_TC_OP_12_groupi_g1564/Y     -       A1->Y  F     AOI21xp5_ASAP7_75t_R         1  1.9    60    52    1573    (-,-) 
  u_core/drc_bufs246773/Y                                                 -       A->Y   R     INVxp67_ASAP7_75t_R          1  1.9    55    43    1616    (-,-) 
  u_core/drc_bufs246771/Y                                                 -       A->Y   F     INVxp67_ASAP7_75t_R          2  3.5    61    49    1666    (-,-) 
  u_core/csa_tree_SUB_TC_OP_14_Y_csa_tree_SUB_TC_OP_12_groupi_g1562/Y     -       A2->Y  F     OA21x2_ASAP7_75t_R           3  5.2    37    64    1730    (-,-) 
  u_core/g265916/Y                                                        -       A1->Y  R     OAI31xp67_ASAP7_75t_R        2  3.6    99    57    1787    (-,-) 
  u_core/csa_tree_SUB_TC_OP_14_Y_csa_tree_SUB_TC_OP_12_groupi_g1556/Y     -       A2->Y  R     AO21x1_ASAP7_75t_R           2  3.5    57    64    1851    (-,-) 
  u_core/csa_tree_SUB_TC_OP_14_Y_csa_tree_SUB_TC_OP_12_groupi_g246964/Y   -       A2->Y  R     AO21x1_ASAP7_75t_R           3  4.8    74    66    1917    (-,-) 
  u_core/csa_tree_SUB_TC_OP_14_Y_csa_tree_SUB_TC_OP_12_groupi_g1552_dup/Y -       A1->Y  F     AOI21xp5_ASAP7_75t_R         1  2.0    57    48    1964    (-,-) 
  u_core/csa_tree_SUB_TC_OP_14_Y_csa_tree_SUB_TC_OP_12_groupi_g246969/Y   -       A2->Y  F     OA21x2_ASAP7_75t_R           2  3.6    30    58    2023    (-,-) 
  u_core/csa_tree_SUB_TC_OP_14_Y_csa_tree_SUB_TC_OP_12_groupi_g1548/Y     -       A2->Y  R     OAI21xp5_ASAP7_75t_R         1  2.4    78    48    2070    (-,-) 
  u_core/csa_tree_SUB_TC_OP_14_Y_csa_tree_SUB_TC_OP_12_groupi_g1547/Y     -       A->Y   R     XOR2xp5_ASAP7_75t_R          1  2.9    99    80    2150    (-,-) 
  u_core/g224537/Y                                                        -       A->Y   F     NOR4xp75_ASAP7_75t_R         2  3.2    47    40    2190    (-,-) 
  u_core/g224449/Y                                                        -       A2->Y  R     OAI21xp5_ASAP7_75t_R         1  2.0    74    48    2238    (-,-) 
  u_core/g224335/Y                                                        -       B->Y   F     A2O1A1Ixp33_ASAP7_75t_R      1  2.0    79    43    2280    (-,-) 
  u_core/g224216/Y                                                        -       A2->Y  R     AOI22xp5_ASAP7_75t_R         1  2.0    79    56    2336    (-,-) 
  u_core/EX_MEM_ex_mem_branch_taken_reg/D                                 -       -      R     DFFASRHQNx1_ASAP7_75t_R      1    -     -     0    2336    (-,-) 
#---------------------------------------------------------------------------------------------------------------------------------------------------------------



Path 79: MET (9 ps) Setup Check with Pin u_dcache/DATA_RAM_G_DATA_WAY[1].u_sram/G_SRAM_BANK[1].u_sram/clk->wd[24]
           View: view_ss
          Group: CLK_CPU
     Startpoint: (R) u_core/EX_MEM_ex_mem_instr_reg[30]/CLK
          Clock: (R) CLK_CPU
       Endpoint: (F) u_dcache/DATA_RAM_G_DATA_WAY[1].u_sram/G_SRAM_BANK[1].u_sram/wd[24]
          Clock: (R) CLK_CPU

                     Capture       Launch     
        Clock Edge:+    2500            0     
       Src Latency:+       0            0     
       Net Latency:+       0 (I)        0 (I) 
           Arrival:=    2500            0     
                                              
             Setup:-       3                  
       Uncertainty:-     125                  
     Required Time:=    2372                  
      Launch Clock:-       0                  
         Data Path:-    2363                  
             Slack:=       9                  

#------------------------------------------------------------------------------------------------------------------------------------------------------------
#                            Timing Point                             Flags    Arc    Edge          Cell            Fanout Load Trans Delay Arrival Instance 
#                                                                                                                          (fF)  (ps)  (ps)   (ps)  Location 
#------------------------------------------------------------------------------------------------------------------------------------------------------------
  u_core/EX_MEM_ex_mem_instr_reg[30]/CLK                              -       -       R     (arrival)                 8138    -    40     0       0    (-,-) 
  u_core/EX_MEM_ex_mem_instr_reg[30]/QN                               -       CLK->QN R     DFFASRHQNx1_ASAP7_75t_R      3  4.3    81   120     120    (-,-) 
  u_core/drc_bufs249173/Y                                             -       A->Y    F     INVxp67_ASAP7_75t_R          1  2.1    50    46     166    (-,-) 
  u_core/drc_bufs249171/Y                                             -       A->Y    R     INVx1_ASAP7_75t_R            4  6.2    95    62     228    (-,-) 
  u_core/MEM/g4988/Y                                                  -       A->Y    F     INVxp33_ASAP7_75t_R          1  2.0    78    67     295    (-,-) 
  u_core/MEM/g4984/Y                                                  -       B->Y    F     OR2x2_ASAP7_75t_R            3  6.1    42    70     365    (-,-) 
  u_core/MEM/g4981/Y                                                  -       B->Y    F     OR2x2_ASAP7_75t_R            2  4.0    32    54     419    (-,-) 
  u_core/MEM/g7287/Y                                                  -       A->Y    R     INVx2_ASAP7_75t_R            8 11.5    85    51     470    (-,-) 
  u_core/MEM/g4975/Y                                                  -       A->Y    F     INVx4_ASAP7_75t_R           16 21.1    69    59     529    (-,-) 
  u_core/MEM/g4861/Y                                                  -       B2->Y   F     AO22x1_ASAP7_75t_R           1  2.3    34    64     593    (-,-) 
  u_core/MEM/SUB_TC_OP_1_Y_SUB_TC_OP17_Y_ADD_TC_OP_g1630/Y            -       B->Y    R     XNOR2x2_ASAP7_75t_R          2  3.0    31    56     650    (-,-) 
  u_core/MEM/SUB_TC_OP_1_Y_SUB_TC_OP17_Y_ADD_TC_OP_g1551/Y            -       B->Y    F     NOR2xp33_ASAP7_75t_R         1  1.9    69    45     695    (-,-) 
  u_core/MEM/drc_bufs7776/Y                                           -       A->Y    R     INVxp67_ASAP7_75t_R          2  3.0    78    58     753    (-,-) 
  u_core/MEM/drc_bufs7775/Y                                           -       A->Y    F     INVxp33_ASAP7_75t_R          1  2.0    74    62     815    (-,-) 
  u_core/MEM/SUB_TC_OP_1_Y_SUB_TC_OP17_Y_ADD_TC_OP_g1471/Y            -       A1->Y   F     OA21x2_ASAP7_75t_R           2  4.1    32    60     875    (-,-) 
  u_core/MEM/SUB_TC_OP_1_Y_SUB_TC_OP17_Y_ADD_TC_OP_g1464/Y            -       A1->Y   R     OAI21x1_ASAP7_75t_R          3  4.8    86    50     924    (-,-) 
  u_core/MEM/SUB_TC_OP_1_Y_SUB_TC_OP17_Y_ADD_TC_OP_g1460/Y            -       A2->Y   R     AO21x1_ASAP7_75t_R           2  3.6    58    63     988    (-,-) 
  u_core/MEM/SUB_TC_OP_1_Y_SUB_TC_OP17_Y_ADD_TC_OP_g1457/Y            -       A1->Y   F     AOI21xp5_ASAP7_75t_R         2  3.1    71    53    1041    (-,-) 
  u_core/MEM/SUB_TC_OP_1_Y_SUB_TC_OP17_Y_ADD_TC_OP_g1455/Y            -       A2->Y   F     OA21x2_ASAP7_75t_R           3  5.4    38    68    1108    (-,-) 
  u_core/MEM/SUB_TC_OP_1_Y_SUB_TC_OP17_Y_ADD_TC_OP_g1454/Y            -       A->Y    R     NOR3x1_ASAP7_75t_R           2  3.0    61    38    1146    (-,-) 
  u_core/MEM/SUB_TC_OP_1_Y_SUB_TC_OP17_Y_ADD_TC_OP_g1450/Y            -       A2->Y   R     AO21x1_ASAP7_75t_R           2  4.0    64    61    1207    (-,-) 
  u_core/MEM/SUB_TC_OP_1_Y_SUB_TC_OP17_Y_ADD_TC_OP_g1446/Y            -       B->Y    F     NAND2x1_ASAP7_75t_R          3  5.3    62    49    1256    (-,-) 
  u_core/MEM/SUB_TC_OP_1_Y_SUB_TC_OP17_Y_ADD_TC_OP_g1444/Y            -       A->Y    R     NOR4xp75_ASAP7_75t_R         1  2.0    71    45    1300    (-,-) 
  u_core/MEM/SUB_TC_OP_1_Y_SUB_TC_OP17_Y_ADD_TC_OP_g1441/Y            -       A->Y    R     OR3x1_ASAP7_75t_R            4  6.5    97    73    1374    (-,-) 
  u_core/MEM/SUB_TC_OP_1_Y_SUB_TC_OP17_Y_ADD_TC_OP_g1440/Y            -       A->Y    F     INVxp67_ASAP7_75t_R          2  3.2    67    60    1434    (-,-) 
  u_core/MEM/SUB_TC_OP_1_Y_SUB_TC_OP17_Y_ADD_TC_OP_g1431/Y            -       A2->Y   F     OA21x2_ASAP7_75t_R           2  4.0    32    62    1496    (-,-) 
  u_core/MEM/SUB_TC_OP_1_Y_SUB_TC_OP17_Y_ADD_TC_OP_g1429/Y            -       B->Y    R     NOR2x1_ASAP7_75t_R           3  4.4    75    44    1540    (-,-) 
  u_core/MEM/SUB_TC_OP_1_Y_SUB_TC_OP17_Y_ADD_TC_OP_g1422/Y            -       B->Y    F     NAND2xp33_ASAP7_75t_R        1  1.9    69    54    1595    (-,-) 
  u_core/MEM/SUB_TC_OP_1_Y_SUB_TC_OP17_Y_ADD_TC_OP_g1419/Y            -       B->Y    F     OA211x2_ASAP7_75t_R          2  4.0    37    86    1681    (-,-) 
  u_core/MEM/SUB_TC_OP_1_Y_SUB_TC_OP17_Y_ADD_TC_OP_g1413/Y            -       B->Y    R     NOR2x1_ASAP7_75t_R           3  4.9    81    49    1730    (-,-) 
  u_core/MEM/SUB_TC_OP_1_Y_SUB_TC_OP17_Y_ADD_TC_OP_g1406/Y            -       A2->Y   F     AOI211x1_ASAP7_75t_R         2  3.2    85    69    1799    (-,-) 
  u_core/MEM/g8870/Y                                                  -       A2->Y   F     AO222x2_ASAP7_75t_R          2  5.4    46    98    1897    (-,-) 
  u_core/MEM/g7111/Y                                                  -       A->Y    R     INVx4_ASAP7_75t_R           20 25.3    96    61    1958    (-,-) 
  u_core/MEM/drc_buf_sp8799/Y                                         -       A->Y    R     BUFx3_ASAP7_75t_R           12 15.4    80    78    2036    (-,-) 
  u_core/MEM/g7057/Y                                                  -       A2->Y   R     AO21x1_ASAP7_75t_R           1  2.4    42    54    2090    (-,-) 
  u_core/MEM/g6995/Y                                                  -       A->Y    F     NAND2x1_ASAP7_75t_R          4  5.6    58    42    2132    (-,-) 
  u_dcache/g63466/Y                                                   -       A->Y    F     HB3xp67_ASAP7_75t_R          2  3.1    64   114    2246    (-,-) 
  u_dcache/g65249/Y                                                   -       B->Y    R     NAND2xp5_ASAP7_75t_R         1  2.9    77    57    2303    (-,-) 
  u_dcache/g65186/Y                                                   -       B->Y    F     NAND4xp75_ASAP7_75t_R        4  4.9    84    60    2363    (-,-) 
  u_dcache/DATA_RAM_G_DATA_WAY[1].u_sram/G_SRAM_BANK[1].u_sram/wd[24] -       -       F     srambank_256x4x32_6t122      4    -     -     0    2363    (-,-) 
#------------------------------------------------------------------------------------------------------------------------------------------------------------



Path 80: MET (9 ps) Setup Check with Pin u_dcache/DATA_RAM_G_DATA_WAY[1].u_sram/G_SRAM_BANK[1].u_sram/clk->wd[25]
           View: view_ss
          Group: CLK_CPU
     Startpoint: (R) u_core/EX_MEM_ex_mem_instr_reg[30]/CLK
          Clock: (R) CLK_CPU
       Endpoint: (F) u_dcache/DATA_RAM_G_DATA_WAY[1].u_sram/G_SRAM_BANK[1].u_sram/wd[25]
          Clock: (R) CLK_CPU

                     Capture       Launch     
        Clock Edge:+    2500            0     
       Src Latency:+       0            0     
       Net Latency:+       0 (I)        0 (I) 
           Arrival:=    2500            0     
                                              
             Setup:-       3                  
       Uncertainty:-     125                  
     Required Time:=    2372                  
      Launch Clock:-       0                  
         Data Path:-    2363                  
             Slack:=       9                  

#------------------------------------------------------------------------------------------------------------------------------------------------------------
#                            Timing Point                             Flags    Arc    Edge          Cell            Fanout Load Trans Delay Arrival Instance 
#                                                                                                                          (fF)  (ps)  (ps)   (ps)  Location 
#------------------------------------------------------------------------------------------------------------------------------------------------------------
  u_core/EX_MEM_ex_mem_instr_reg[30]/CLK                              -       -       R     (arrival)                 8138    -    40     0       0    (-,-) 
  u_core/EX_MEM_ex_mem_instr_reg[30]/QN                               -       CLK->QN R     DFFASRHQNx1_ASAP7_75t_R      3  4.3    81   120     120    (-,-) 
  u_core/drc_bufs249173/Y                                             -       A->Y    F     INVxp67_ASAP7_75t_R          1  2.1    50    46     166    (-,-) 
  u_core/drc_bufs249171/Y                                             -       A->Y    R     INVx1_ASAP7_75t_R            4  6.2    95    62     228    (-,-) 
  u_core/MEM/g4988/Y                                                  -       A->Y    F     INVxp33_ASAP7_75t_R          1  2.0    78    67     295    (-,-) 
  u_core/MEM/g4984/Y                                                  -       B->Y    F     OR2x2_ASAP7_75t_R            3  6.1    42    70     365    (-,-) 
  u_core/MEM/g4981/Y                                                  -       B->Y    F     OR2x2_ASAP7_75t_R            2  4.0    32    54     419    (-,-) 
  u_core/MEM/g7287/Y                                                  -       A->Y    R     INVx2_ASAP7_75t_R            8 11.5    85    51     470    (-,-) 
  u_core/MEM/g4975/Y                                                  -       A->Y    F     INVx4_ASAP7_75t_R           16 21.1    69    59     529    (-,-) 
  u_core/MEM/g4861/Y                                                  -       B2->Y   F     AO22x1_ASAP7_75t_R           1  2.3    34    64     593    (-,-) 
  u_core/MEM/SUB_TC_OP_1_Y_SUB_TC_OP17_Y_ADD_TC_OP_g1630/Y            -       B->Y    R     XNOR2x2_ASAP7_75t_R          2  3.0    31    56     650    (-,-) 
  u_core/MEM/SUB_TC_OP_1_Y_SUB_TC_OP17_Y_ADD_TC_OP_g1551/Y            -       B->Y    F     NOR2xp33_ASAP7_75t_R         1  1.9    69    45     695    (-,-) 
  u_core/MEM/drc_bufs7776/Y                                           -       A->Y    R     INVxp67_ASAP7_75t_R          2  3.0    78    58     753    (-,-) 
  u_core/MEM/drc_bufs7775/Y                                           -       A->Y    F     INVxp33_ASAP7_75t_R          1  2.0    74    62     815    (-,-) 
  u_core/MEM/SUB_TC_OP_1_Y_SUB_TC_OP17_Y_ADD_TC_OP_g1471/Y            -       A1->Y   F     OA21x2_ASAP7_75t_R           2  4.1    32    60     875    (-,-) 
  u_core/MEM/SUB_TC_OP_1_Y_SUB_TC_OP17_Y_ADD_TC_OP_g1464/Y            -       A1->Y   R     OAI21x1_ASAP7_75t_R          3  4.8    86    50     924    (-,-) 
  u_core/MEM/SUB_TC_OP_1_Y_SUB_TC_OP17_Y_ADD_TC_OP_g1460/Y            -       A2->Y   R     AO21x1_ASAP7_75t_R           2  3.6    58    63     988    (-,-) 
  u_core/MEM/SUB_TC_OP_1_Y_SUB_TC_OP17_Y_ADD_TC_OP_g1457/Y            -       A1->Y   F     AOI21xp5_ASAP7_75t_R         2  3.1    71    53    1041    (-,-) 
  u_core/MEM/SUB_TC_OP_1_Y_SUB_TC_OP17_Y_ADD_TC_OP_g1455/Y            -       A2->Y   F     OA21x2_ASAP7_75t_R           3  5.4    38    68    1108    (-,-) 
  u_core/MEM/SUB_TC_OP_1_Y_SUB_TC_OP17_Y_ADD_TC_OP_g1454/Y            -       A->Y    R     NOR3x1_ASAP7_75t_R           2  3.0    61    38    1146    (-,-) 
  u_core/MEM/SUB_TC_OP_1_Y_SUB_TC_OP17_Y_ADD_TC_OP_g1450/Y            -       A2->Y   R     AO21x1_ASAP7_75t_R           2  4.0    64    61    1207    (-,-) 
  u_core/MEM/SUB_TC_OP_1_Y_SUB_TC_OP17_Y_ADD_TC_OP_g1446/Y            -       B->Y    F     NAND2x1_ASAP7_75t_R          3  5.3    62    49    1256    (-,-) 
  u_core/MEM/SUB_TC_OP_1_Y_SUB_TC_OP17_Y_ADD_TC_OP_g1444/Y            -       A->Y    R     NOR4xp75_ASAP7_75t_R         1  2.0    71    45    1300    (-,-) 
  u_core/MEM/SUB_TC_OP_1_Y_SUB_TC_OP17_Y_ADD_TC_OP_g1441/Y            -       A->Y    R     OR3x1_ASAP7_75t_R            4  6.5    97    73    1374    (-,-) 
  u_core/MEM/SUB_TC_OP_1_Y_SUB_TC_OP17_Y_ADD_TC_OP_g1440/Y            -       A->Y    F     INVxp67_ASAP7_75t_R          2  3.2    67    60    1434    (-,-) 
  u_core/MEM/SUB_TC_OP_1_Y_SUB_TC_OP17_Y_ADD_TC_OP_g1431/Y            -       A2->Y   F     OA21x2_ASAP7_75t_R           2  4.0    32    62    1496    (-,-) 
  u_core/MEM/SUB_TC_OP_1_Y_SUB_TC_OP17_Y_ADD_TC_OP_g1429/Y            -       B->Y    R     NOR2x1_ASAP7_75t_R           3  4.4    75    44    1540    (-,-) 
  u_core/MEM/SUB_TC_OP_1_Y_SUB_TC_OP17_Y_ADD_TC_OP_g1422/Y            -       B->Y    F     NAND2xp33_ASAP7_75t_R        1  1.9    69    54    1595    (-,-) 
  u_core/MEM/SUB_TC_OP_1_Y_SUB_TC_OP17_Y_ADD_TC_OP_g1419/Y            -       B->Y    F     OA211x2_ASAP7_75t_R          2  4.0    37    86    1681    (-,-) 
  u_core/MEM/SUB_TC_OP_1_Y_SUB_TC_OP17_Y_ADD_TC_OP_g1413/Y            -       B->Y    R     NOR2x1_ASAP7_75t_R           3  4.9    81    49    1730    (-,-) 
  u_core/MEM/SUB_TC_OP_1_Y_SUB_TC_OP17_Y_ADD_TC_OP_g1406/Y            -       A2->Y   F     AOI211x1_ASAP7_75t_R         2  3.2    85    69    1799    (-,-) 
  u_core/MEM/g8870/Y                                                  -       A2->Y   F     AO222x2_ASAP7_75t_R          2  5.4    46    98    1897    (-,-) 
  u_core/MEM/g7111/Y                                                  -       A->Y    R     INVx4_ASAP7_75t_R           20 25.3    96    61    1958    (-,-) 
  u_core/MEM/drc_buf_sp8799/Y                                         -       A->Y    R     BUFx3_ASAP7_75t_R           12 15.4    80    78    2036    (-,-) 
  u_core/MEM/g7061/Y                                                  -       A2->Y   R     AO21x1_ASAP7_75t_R           1  2.4    42    54    2090    (-,-) 
  u_core/MEM/g7009/Y                                                  -       A->Y    F     NAND2x1_ASAP7_75t_R          4  5.6    58    42    2132    (-,-) 
  u_dcache/g63472/Y                                                   -       A->Y    F     HB3xp67_ASAP7_75t_R          2  3.1    64   114    2246    (-,-) 
  u_dcache/g65248/Y                                                   -       B->Y    R     NAND2xp5_ASAP7_75t_R         1  2.9    77    57    2303    (-,-) 
  u_dcache/g65185/Y                                                   -       B->Y    F     NAND4xp75_ASAP7_75t_R        4  4.9    84    60    2363    (-,-) 
  u_dcache/DATA_RAM_G_DATA_WAY[1].u_sram/G_SRAM_BANK[1].u_sram/wd[25] -       -       F     srambank_256x4x32_6t122      4    -     -     0    2363    (-,-) 
#------------------------------------------------------------------------------------------------------------------------------------------------------------



Path 81: MET (9 ps) Setup Check with Pin u_dcache/DATA_RAM_G_DATA_WAY[1].u_sram/G_SRAM_BANK[1].u_sram/clk->wd[28]
           View: view_ss
          Group: CLK_CPU
     Startpoint: (R) u_core/EX_MEM_ex_mem_instr_reg[30]/CLK
          Clock: (R) CLK_CPU
       Endpoint: (F) u_dcache/DATA_RAM_G_DATA_WAY[1].u_sram/G_SRAM_BANK[1].u_sram/wd[28]
          Clock: (R) CLK_CPU

                     Capture       Launch     
        Clock Edge:+    2500            0     
       Src Latency:+       0            0     
       Net Latency:+       0 (I)        0 (I) 
           Arrival:=    2500            0     
                                              
             Setup:-       3                  
       Uncertainty:-     125                  
     Required Time:=    2372                  
      Launch Clock:-       0                  
         Data Path:-    2363                  
             Slack:=       9                  

#------------------------------------------------------------------------------------------------------------------------------------------------------------
#                            Timing Point                             Flags    Arc    Edge          Cell            Fanout Load Trans Delay Arrival Instance 
#                                                                                                                          (fF)  (ps)  (ps)   (ps)  Location 
#------------------------------------------------------------------------------------------------------------------------------------------------------------
  u_core/EX_MEM_ex_mem_instr_reg[30]/CLK                              -       -       R     (arrival)                 8138    -    40     0       0    (-,-) 
  u_core/EX_MEM_ex_mem_instr_reg[30]/QN                               -       CLK->QN R     DFFASRHQNx1_ASAP7_75t_R      3  4.3    81   120     120    (-,-) 
  u_core/drc_bufs249173/Y                                             -       A->Y    F     INVxp67_ASAP7_75t_R          1  2.1    50    46     166    (-,-) 
  u_core/drc_bufs249171/Y                                             -       A->Y    R     INVx1_ASAP7_75t_R            4  6.2    95    62     228    (-,-) 
  u_core/MEM/g4988/Y                                                  -       A->Y    F     INVxp33_ASAP7_75t_R          1  2.0    78    67     295    (-,-) 
  u_core/MEM/g4984/Y                                                  -       B->Y    F     OR2x2_ASAP7_75t_R            3  6.1    42    70     365    (-,-) 
  u_core/MEM/g4981/Y                                                  -       B->Y    F     OR2x2_ASAP7_75t_R            2  4.0    32    54     419    (-,-) 
  u_core/MEM/g7287/Y                                                  -       A->Y    R     INVx2_ASAP7_75t_R            8 11.5    85    51     470    (-,-) 
  u_core/MEM/g4975/Y                                                  -       A->Y    F     INVx4_ASAP7_75t_R           16 21.1    69    59     529    (-,-) 
  u_core/MEM/g4861/Y                                                  -       B2->Y   F     AO22x1_ASAP7_75t_R           1  2.3    34    64     593    (-,-) 
  u_core/MEM/SUB_TC_OP_1_Y_SUB_TC_OP17_Y_ADD_TC_OP_g1630/Y            -       B->Y    R     XNOR2x2_ASAP7_75t_R          2  3.0    31    56     650    (-,-) 
  u_core/MEM/SUB_TC_OP_1_Y_SUB_TC_OP17_Y_ADD_TC_OP_g1551/Y            -       B->Y    F     NOR2xp33_ASAP7_75t_R         1  1.9    69    45     695    (-,-) 
  u_core/MEM/drc_bufs7776/Y                                           -       A->Y    R     INVxp67_ASAP7_75t_R          2  3.0    78    58     753    (-,-) 
  u_core/MEM/drc_bufs7775/Y                                           -       A->Y    F     INVxp33_ASAP7_75t_R          1  2.0    74    62     815    (-,-) 
  u_core/MEM/SUB_TC_OP_1_Y_SUB_TC_OP17_Y_ADD_TC_OP_g1471/Y            -       A1->Y   F     OA21x2_ASAP7_75t_R           2  4.1    32    60     875    (-,-) 
  u_core/MEM/SUB_TC_OP_1_Y_SUB_TC_OP17_Y_ADD_TC_OP_g1464/Y            -       A1->Y   R     OAI21x1_ASAP7_75t_R          3  4.8    86    50     924    (-,-) 
  u_core/MEM/SUB_TC_OP_1_Y_SUB_TC_OP17_Y_ADD_TC_OP_g1460/Y            -       A2->Y   R     AO21x1_ASAP7_75t_R           2  3.6    58    63     988    (-,-) 
  u_core/MEM/SUB_TC_OP_1_Y_SUB_TC_OP17_Y_ADD_TC_OP_g1457/Y            -       A1->Y   F     AOI21xp5_ASAP7_75t_R         2  3.1    71    53    1041    (-,-) 
  u_core/MEM/SUB_TC_OP_1_Y_SUB_TC_OP17_Y_ADD_TC_OP_g1455/Y            -       A2->Y   F     OA21x2_ASAP7_75t_R           3  5.4    38    68    1108    (-,-) 
  u_core/MEM/SUB_TC_OP_1_Y_SUB_TC_OP17_Y_ADD_TC_OP_g1454/Y            -       A->Y    R     NOR3x1_ASAP7_75t_R           2  3.0    61    38    1146    (-,-) 
  u_core/MEM/SUB_TC_OP_1_Y_SUB_TC_OP17_Y_ADD_TC_OP_g1450/Y            -       A2->Y   R     AO21x1_ASAP7_75t_R           2  4.0    64    61    1207    (-,-) 
  u_core/MEM/SUB_TC_OP_1_Y_SUB_TC_OP17_Y_ADD_TC_OP_g1446/Y            -       B->Y    F     NAND2x1_ASAP7_75t_R          3  5.3    62    49    1256    (-,-) 
  u_core/MEM/SUB_TC_OP_1_Y_SUB_TC_OP17_Y_ADD_TC_OP_g1444/Y            -       A->Y    R     NOR4xp75_ASAP7_75t_R         1  2.0    71    45    1300    (-,-) 
  u_core/MEM/SUB_TC_OP_1_Y_SUB_TC_OP17_Y_ADD_TC_OP_g1441/Y            -       A->Y    R     OR3x1_ASAP7_75t_R            4  6.5    97    73    1374    (-,-) 
  u_core/MEM/SUB_TC_OP_1_Y_SUB_TC_OP17_Y_ADD_TC_OP_g1440/Y            -       A->Y    F     INVxp67_ASAP7_75t_R          2  3.2    67    60    1434    (-,-) 
  u_core/MEM/SUB_TC_OP_1_Y_SUB_TC_OP17_Y_ADD_TC_OP_g1431/Y            -       A2->Y   F     OA21x2_ASAP7_75t_R           2  4.0    32    62    1496    (-,-) 
  u_core/MEM/SUB_TC_OP_1_Y_SUB_TC_OP17_Y_ADD_TC_OP_g1429/Y            -       B->Y    R     NOR2x1_ASAP7_75t_R           3  4.4    75    44    1540    (-,-) 
  u_core/MEM/SUB_TC_OP_1_Y_SUB_TC_OP17_Y_ADD_TC_OP_g1422/Y            -       B->Y    F     NAND2xp33_ASAP7_75t_R        1  1.9    69    54    1595    (-,-) 
  u_core/MEM/SUB_TC_OP_1_Y_SUB_TC_OP17_Y_ADD_TC_OP_g1419/Y            -       B->Y    F     OA211x2_ASAP7_75t_R          2  4.0    37    86    1681    (-,-) 
  u_core/MEM/SUB_TC_OP_1_Y_SUB_TC_OP17_Y_ADD_TC_OP_g1413/Y            -       B->Y    R     NOR2x1_ASAP7_75t_R           3  4.9    81    49    1730    (-,-) 
  u_core/MEM/SUB_TC_OP_1_Y_SUB_TC_OP17_Y_ADD_TC_OP_g1406/Y            -       A2->Y   F     AOI211x1_ASAP7_75t_R         2  3.2    85    69    1799    (-,-) 
  u_core/MEM/g8870/Y                                                  -       A2->Y   F     AO222x2_ASAP7_75t_R          2  5.4    46    98    1897    (-,-) 
  u_core/MEM/g7111/Y                                                  -       A->Y    R     INVx4_ASAP7_75t_R           20 25.3    96    61    1958    (-,-) 
  u_core/MEM/drc_buf_sp8799/Y                                         -       A->Y    R     BUFx3_ASAP7_75t_R           12 15.4    80    78    2036    (-,-) 
  u_core/MEM/g7059/Y                                                  -       A2->Y   R     AO21x1_ASAP7_75t_R           1  2.4    42    54    2090    (-,-) 
  u_core/MEM/g7007/Y                                                  -       A->Y    F     NAND2x1_ASAP7_75t_R          4  5.6    58    42    2132    (-,-) 
  u_dcache/g63465/Y                                                   -       A->Y    F     HB3xp67_ASAP7_75t_R          2  3.1    64   114    2246    (-,-) 
  u_dcache/g65250/Y                                                   -       B->Y    R     NAND2xp5_ASAP7_75t_R         1  2.9    77    57    2303    (-,-) 
  u_dcache/g65188/Y                                                   -       B->Y    F     NAND4xp75_ASAP7_75t_R        4  4.9    84    60    2363    (-,-) 
  u_dcache/DATA_RAM_G_DATA_WAY[1].u_sram/G_SRAM_BANK[1].u_sram/wd[28] -       -       F     srambank_256x4x32_6t122      4    -     -     0    2363    (-,-) 
#------------------------------------------------------------------------------------------------------------------------------------------------------------



Path 82: MET (9 ps) Setup Check with Pin u_dcache/DATA_RAM_G_DATA_WAY[1].u_sram/G_SRAM_BANK[1].u_sram/clk->wd[30]
           View: view_ss
          Group: CLK_CPU
     Startpoint: (R) u_core/EX_MEM_ex_mem_instr_reg[30]/CLK
          Clock: (R) CLK_CPU
       Endpoint: (F) u_dcache/DATA_RAM_G_DATA_WAY[1].u_sram/G_SRAM_BANK[1].u_sram/wd[30]
          Clock: (R) CLK_CPU

                     Capture       Launch     
        Clock Edge:+    2500            0     
       Src Latency:+       0            0     
       Net Latency:+       0 (I)        0 (I) 
           Arrival:=    2500            0     
                                              
             Setup:-       3                  
       Uncertainty:-     125                  
     Required Time:=    2372                  
      Launch Clock:-       0                  
         Data Path:-    2363                  
             Slack:=       9                  

#------------------------------------------------------------------------------------------------------------------------------------------------------------
#                            Timing Point                             Flags    Arc    Edge          Cell            Fanout Load Trans Delay Arrival Instance 
#                                                                                                                          (fF)  (ps)  (ps)   (ps)  Location 
#------------------------------------------------------------------------------------------------------------------------------------------------------------
  u_core/EX_MEM_ex_mem_instr_reg[30]/CLK                              -       -       R     (arrival)                 8138    -    40     0       0    (-,-) 
  u_core/EX_MEM_ex_mem_instr_reg[30]/QN                               -       CLK->QN R     DFFASRHQNx1_ASAP7_75t_R      3  4.3    81   120     120    (-,-) 
  u_core/drc_bufs249173/Y                                             -       A->Y    F     INVxp67_ASAP7_75t_R          1  2.1    50    46     166    (-,-) 
  u_core/drc_bufs249171/Y                                             -       A->Y    R     INVx1_ASAP7_75t_R            4  6.2    95    62     228    (-,-) 
  u_core/MEM/g4988/Y                                                  -       A->Y    F     INVxp33_ASAP7_75t_R          1  2.0    78    67     295    (-,-) 
  u_core/MEM/g4984/Y                                                  -       B->Y    F     OR2x2_ASAP7_75t_R            3  6.1    42    70     365    (-,-) 
  u_core/MEM/g4981/Y                                                  -       B->Y    F     OR2x2_ASAP7_75t_R            2  4.0    32    54     419    (-,-) 
  u_core/MEM/g7287/Y                                                  -       A->Y    R     INVx2_ASAP7_75t_R            8 11.5    85    51     470    (-,-) 
  u_core/MEM/g4975/Y                                                  -       A->Y    F     INVx4_ASAP7_75t_R           16 21.1    69    59     529    (-,-) 
  u_core/MEM/g4861/Y                                                  -       B2->Y   F     AO22x1_ASAP7_75t_R           1  2.3    34    64     593    (-,-) 
  u_core/MEM/SUB_TC_OP_1_Y_SUB_TC_OP17_Y_ADD_TC_OP_g1630/Y            -       B->Y    R     XNOR2x2_ASAP7_75t_R          2  3.0    31    56     650    (-,-) 
  u_core/MEM/SUB_TC_OP_1_Y_SUB_TC_OP17_Y_ADD_TC_OP_g1551/Y            -       B->Y    F     NOR2xp33_ASAP7_75t_R         1  1.9    69    45     695    (-,-) 
  u_core/MEM/drc_bufs7776/Y                                           -       A->Y    R     INVxp67_ASAP7_75t_R          2  3.0    78    58     753    (-,-) 
  u_core/MEM/drc_bufs7775/Y                                           -       A->Y    F     INVxp33_ASAP7_75t_R          1  2.0    74    62     815    (-,-) 
  u_core/MEM/SUB_TC_OP_1_Y_SUB_TC_OP17_Y_ADD_TC_OP_g1471/Y            -       A1->Y   F     OA21x2_ASAP7_75t_R           2  4.1    32    60     875    (-,-) 
  u_core/MEM/SUB_TC_OP_1_Y_SUB_TC_OP17_Y_ADD_TC_OP_g1464/Y            -       A1->Y   R     OAI21x1_ASAP7_75t_R          3  4.8    86    50     924    (-,-) 
  u_core/MEM/SUB_TC_OP_1_Y_SUB_TC_OP17_Y_ADD_TC_OP_g1460/Y            -       A2->Y   R     AO21x1_ASAP7_75t_R           2  3.6    58    63     988    (-,-) 
  u_core/MEM/SUB_TC_OP_1_Y_SUB_TC_OP17_Y_ADD_TC_OP_g1457/Y            -       A1->Y   F     AOI21xp5_ASAP7_75t_R         2  3.1    71    53    1041    (-,-) 
  u_core/MEM/SUB_TC_OP_1_Y_SUB_TC_OP17_Y_ADD_TC_OP_g1455/Y            -       A2->Y   F     OA21x2_ASAP7_75t_R           3  5.4    38    68    1108    (-,-) 
  u_core/MEM/SUB_TC_OP_1_Y_SUB_TC_OP17_Y_ADD_TC_OP_g1454/Y            -       A->Y    R     NOR3x1_ASAP7_75t_R           2  3.0    61    38    1146    (-,-) 
  u_core/MEM/SUB_TC_OP_1_Y_SUB_TC_OP17_Y_ADD_TC_OP_g1450/Y            -       A2->Y   R     AO21x1_ASAP7_75t_R           2  4.0    64    61    1207    (-,-) 
  u_core/MEM/SUB_TC_OP_1_Y_SUB_TC_OP17_Y_ADD_TC_OP_g1446/Y            -       B->Y    F     NAND2x1_ASAP7_75t_R          3  5.3    62    49    1256    (-,-) 
  u_core/MEM/SUB_TC_OP_1_Y_SUB_TC_OP17_Y_ADD_TC_OP_g1444/Y            -       A->Y    R     NOR4xp75_ASAP7_75t_R         1  2.0    71    45    1300    (-,-) 
  u_core/MEM/SUB_TC_OP_1_Y_SUB_TC_OP17_Y_ADD_TC_OP_g1441/Y            -       A->Y    R     OR3x1_ASAP7_75t_R            4  6.5    97    73    1374    (-,-) 
  u_core/MEM/SUB_TC_OP_1_Y_SUB_TC_OP17_Y_ADD_TC_OP_g1440/Y            -       A->Y    F     INVxp67_ASAP7_75t_R          2  3.2    67    60    1434    (-,-) 
  u_core/MEM/SUB_TC_OP_1_Y_SUB_TC_OP17_Y_ADD_TC_OP_g1431/Y            -       A2->Y   F     OA21x2_ASAP7_75t_R           2  4.0    32    62    1496    (-,-) 
  u_core/MEM/SUB_TC_OP_1_Y_SUB_TC_OP17_Y_ADD_TC_OP_g1429/Y            -       B->Y    R     NOR2x1_ASAP7_75t_R           3  4.4    75    44    1540    (-,-) 
  u_core/MEM/SUB_TC_OP_1_Y_SUB_TC_OP17_Y_ADD_TC_OP_g1422/Y            -       B->Y    F     NAND2xp33_ASAP7_75t_R        1  1.9    69    54    1595    (-,-) 
  u_core/MEM/SUB_TC_OP_1_Y_SUB_TC_OP17_Y_ADD_TC_OP_g1419/Y            -       B->Y    F     OA211x2_ASAP7_75t_R          2  4.0    37    86    1681    (-,-) 
  u_core/MEM/SUB_TC_OP_1_Y_SUB_TC_OP17_Y_ADD_TC_OP_g1413/Y            -       B->Y    R     NOR2x1_ASAP7_75t_R           3  4.9    81    49    1730    (-,-) 
  u_core/MEM/SUB_TC_OP_1_Y_SUB_TC_OP17_Y_ADD_TC_OP_g1406/Y            -       A2->Y   F     AOI211x1_ASAP7_75t_R         2  3.2    85    69    1799    (-,-) 
  u_core/MEM/g8870/Y                                                  -       A2->Y   F     AO222x2_ASAP7_75t_R          2  5.4    46    98    1897    (-,-) 
  u_core/MEM/g7111/Y                                                  -       A->Y    R     INVx4_ASAP7_75t_R           20 25.3    96    61    1958    (-,-) 
  u_core/MEM/drc_buf_sp8799/Y                                         -       A->Y    R     BUFx3_ASAP7_75t_R           12 15.4    80    78    2036    (-,-) 
  u_core/MEM/g7046/Y                                                  -       A2->Y   R     AO21x1_ASAP7_75t_R           1  2.4    42    54    2090    (-,-) 
  u_core/MEM/g7005/Y                                                  -       A->Y    F     NAND2x1_ASAP7_75t_R          4  5.6    58    42    2132    (-,-) 
  u_dcache/g63478/Y                                                   -       A->Y    F     HB3xp67_ASAP7_75t_R          2  3.1    64   114    2246    (-,-) 
  u_dcache/g65252/Y                                                   -       B->Y    R     NAND2xp5_ASAP7_75t_R         1  2.9    77    57    2303    (-,-) 
  u_dcache/g65184/Y                                                   -       B->Y    F     NAND4xp75_ASAP7_75t_R        4  4.9    84    60    2363    (-,-) 
  u_dcache/DATA_RAM_G_DATA_WAY[1].u_sram/G_SRAM_BANK[1].u_sram/wd[30] -       -       F     srambank_256x4x32_6t122      4    -     -     0    2363    (-,-) 
#------------------------------------------------------------------------------------------------------------------------------------------------------------



Path 83: MET (9 ps) Setup Check with Pin u_dcache/DATA_RAM_G_DATA_WAY[1].u_sram/G_SRAM_BANK[0].u_sram/clk->wd[24]
           View: view_ss
          Group: CLK_CPU
     Startpoint: (R) u_core/EX_MEM_ex_mem_instr_reg[30]/CLK
          Clock: (R) CLK_CPU
       Endpoint: (F) u_dcache/DATA_RAM_G_DATA_WAY[1].u_sram/G_SRAM_BANK[0].u_sram/wd[24]
          Clock: (R) CLK_CPU

                     Capture       Launch     
        Clock Edge:+    2500            0     
       Src Latency:+       0            0     
       Net Latency:+       0 (I)        0 (I) 
           Arrival:=    2500            0     
                                              
             Setup:-       3                  
       Uncertainty:-     125                  
     Required Time:=    2372                  
      Launch Clock:-       0                  
         Data Path:-    2363                  
             Slack:=       9                  

#------------------------------------------------------------------------------------------------------------------------------------------------------------
#                            Timing Point                             Flags    Arc    Edge          Cell            Fanout Load Trans Delay Arrival Instance 
#                                                                                                                          (fF)  (ps)  (ps)   (ps)  Location 
#------------------------------------------------------------------------------------------------------------------------------------------------------------
  u_core/EX_MEM_ex_mem_instr_reg[30]/CLK                              -       -       R     (arrival)                 8138    -    40     0       0    (-,-) 
  u_core/EX_MEM_ex_mem_instr_reg[30]/QN                               -       CLK->QN R     DFFASRHQNx1_ASAP7_75t_R      3  4.3    81   120     120    (-,-) 
  u_core/drc_bufs249173/Y                                             -       A->Y    F     INVxp67_ASAP7_75t_R          1  2.1    50    46     166    (-,-) 
  u_core/drc_bufs249171/Y                                             -       A->Y    R     INVx1_ASAP7_75t_R            4  6.2    95    62     228    (-,-) 
  u_core/MEM/g4988/Y                                                  -       A->Y    F     INVxp33_ASAP7_75t_R          1  2.0    78    67     295    (-,-) 
  u_core/MEM/g4984/Y                                                  -       B->Y    F     OR2x2_ASAP7_75t_R            3  6.1    42    70     365    (-,-) 
  u_core/MEM/g4981/Y                                                  -       B->Y    F     OR2x2_ASAP7_75t_R            2  4.0    32    54     419    (-,-) 
  u_core/MEM/g7287/Y                                                  -       A->Y    R     INVx2_ASAP7_75t_R            8 11.5    85    51     470    (-,-) 
  u_core/MEM/g4975/Y                                                  -       A->Y    F     INVx4_ASAP7_75t_R           16 21.1    69    59     529    (-,-) 
  u_core/MEM/g4861/Y                                                  -       B2->Y   F     AO22x1_ASAP7_75t_R           1  2.3    34    64     593    (-,-) 
  u_core/MEM/SUB_TC_OP_1_Y_SUB_TC_OP17_Y_ADD_TC_OP_g1630/Y            -       B->Y    R     XNOR2x2_ASAP7_75t_R          2  3.0    31    56     650    (-,-) 
  u_core/MEM/SUB_TC_OP_1_Y_SUB_TC_OP17_Y_ADD_TC_OP_g1551/Y            -       B->Y    F     NOR2xp33_ASAP7_75t_R         1  1.9    69    45     695    (-,-) 
  u_core/MEM/drc_bufs7776/Y                                           -       A->Y    R     INVxp67_ASAP7_75t_R          2  3.0    78    58     753    (-,-) 
  u_core/MEM/drc_bufs7775/Y                                           -       A->Y    F     INVxp33_ASAP7_75t_R          1  2.0    74    62     815    (-,-) 
  u_core/MEM/SUB_TC_OP_1_Y_SUB_TC_OP17_Y_ADD_TC_OP_g1471/Y            -       A1->Y   F     OA21x2_ASAP7_75t_R           2  4.1    32    60     875    (-,-) 
  u_core/MEM/SUB_TC_OP_1_Y_SUB_TC_OP17_Y_ADD_TC_OP_g1464/Y            -       A1->Y   R     OAI21x1_ASAP7_75t_R          3  4.8    86    50     924    (-,-) 
  u_core/MEM/SUB_TC_OP_1_Y_SUB_TC_OP17_Y_ADD_TC_OP_g1460/Y            -       A2->Y   R     AO21x1_ASAP7_75t_R           2  3.6    58    63     988    (-,-) 
  u_core/MEM/SUB_TC_OP_1_Y_SUB_TC_OP17_Y_ADD_TC_OP_g1457/Y            -       A1->Y   F     AOI21xp5_ASAP7_75t_R         2  3.1    71    53    1041    (-,-) 
  u_core/MEM/SUB_TC_OP_1_Y_SUB_TC_OP17_Y_ADD_TC_OP_g1455/Y            -       A2->Y   F     OA21x2_ASAP7_75t_R           3  5.4    38    68    1108    (-,-) 
  u_core/MEM/SUB_TC_OP_1_Y_SUB_TC_OP17_Y_ADD_TC_OP_g1454/Y            -       A->Y    R     NOR3x1_ASAP7_75t_R           2  3.0    61    38    1146    (-,-) 
  u_core/MEM/SUB_TC_OP_1_Y_SUB_TC_OP17_Y_ADD_TC_OP_g1450/Y            -       A2->Y   R     AO21x1_ASAP7_75t_R           2  4.0    64    61    1207    (-,-) 
  u_core/MEM/SUB_TC_OP_1_Y_SUB_TC_OP17_Y_ADD_TC_OP_g1446/Y            -       B->Y    F     NAND2x1_ASAP7_75t_R          3  5.3    62    49    1256    (-,-) 
  u_core/MEM/SUB_TC_OP_1_Y_SUB_TC_OP17_Y_ADD_TC_OP_g1444/Y            -       A->Y    R     NOR4xp75_ASAP7_75t_R         1  2.0    71    45    1300    (-,-) 
  u_core/MEM/SUB_TC_OP_1_Y_SUB_TC_OP17_Y_ADD_TC_OP_g1441/Y            -       A->Y    R     OR3x1_ASAP7_75t_R            4  6.5    97    73    1374    (-,-) 
  u_core/MEM/SUB_TC_OP_1_Y_SUB_TC_OP17_Y_ADD_TC_OP_g1440/Y            -       A->Y    F     INVxp67_ASAP7_75t_R          2  3.2    67    60    1434    (-,-) 
  u_core/MEM/SUB_TC_OP_1_Y_SUB_TC_OP17_Y_ADD_TC_OP_g1431/Y            -       A2->Y   F     OA21x2_ASAP7_75t_R           2  4.0    32    62    1496    (-,-) 
  u_core/MEM/SUB_TC_OP_1_Y_SUB_TC_OP17_Y_ADD_TC_OP_g1429/Y            -       B->Y    R     NOR2x1_ASAP7_75t_R           3  4.4    75    44    1540    (-,-) 
  u_core/MEM/SUB_TC_OP_1_Y_SUB_TC_OP17_Y_ADD_TC_OP_g1422/Y            -       B->Y    F     NAND2xp33_ASAP7_75t_R        1  1.9    69    54    1595    (-,-) 
  u_core/MEM/SUB_TC_OP_1_Y_SUB_TC_OP17_Y_ADD_TC_OP_g1419/Y            -       B->Y    F     OA211x2_ASAP7_75t_R          2  4.0    37    86    1681    (-,-) 
  u_core/MEM/SUB_TC_OP_1_Y_SUB_TC_OP17_Y_ADD_TC_OP_g1413/Y            -       B->Y    R     NOR2x1_ASAP7_75t_R           3  4.9    81    49    1730    (-,-) 
  u_core/MEM/SUB_TC_OP_1_Y_SUB_TC_OP17_Y_ADD_TC_OP_g1406/Y            -       A2->Y   F     AOI211x1_ASAP7_75t_R         2  3.2    85    69    1799    (-,-) 
  u_core/MEM/g8870/Y                                                  -       A2->Y   F     AO222x2_ASAP7_75t_R          2  5.4    46    98    1897    (-,-) 
  u_core/MEM/g7111/Y                                                  -       A->Y    R     INVx4_ASAP7_75t_R           20 25.3    96    61    1958    (-,-) 
  u_core/MEM/drc_buf_sp8799/Y                                         -       A->Y    R     BUFx3_ASAP7_75t_R           12 15.4    80    78    2036    (-,-) 
  u_core/MEM/g7057/Y                                                  -       A2->Y   R     AO21x1_ASAP7_75t_R           1  2.4    42    54    2090    (-,-) 
  u_core/MEM/g6995/Y                                                  -       A->Y    F     NAND2x1_ASAP7_75t_R          4  5.6    58    42    2132    (-,-) 
  u_dcache/g63466/Y                                                   -       A->Y    F     HB3xp67_ASAP7_75t_R          2  3.1    64   114    2246    (-,-) 
  u_dcache/g65249/Y                                                   -       B->Y    R     NAND2xp5_ASAP7_75t_R         1  2.9    77    57    2303    (-,-) 
  u_dcache/g65186/Y                                                   -       B->Y    F     NAND4xp75_ASAP7_75t_R        4  4.9    84    60    2363    (-,-) 
  u_dcache/DATA_RAM_G_DATA_WAY[1].u_sram/G_SRAM_BANK[0].u_sram/wd[24] -       -       F     srambank_256x4x32_6t122      4    -     -     0    2363    (-,-) 
#------------------------------------------------------------------------------------------------------------------------------------------------------------



Path 84: MET (9 ps) Setup Check with Pin u_dcache/DATA_RAM_G_DATA_WAY[1].u_sram/G_SRAM_BANK[0].u_sram/clk->wd[25]
           View: view_ss
          Group: CLK_CPU
     Startpoint: (R) u_core/EX_MEM_ex_mem_instr_reg[30]/CLK
          Clock: (R) CLK_CPU
       Endpoint: (F) u_dcache/DATA_RAM_G_DATA_WAY[1].u_sram/G_SRAM_BANK[0].u_sram/wd[25]
          Clock: (R) CLK_CPU

                     Capture       Launch     
        Clock Edge:+    2500            0     
       Src Latency:+       0            0     
       Net Latency:+       0 (I)        0 (I) 
           Arrival:=    2500            0     
                                              
             Setup:-       3                  
       Uncertainty:-     125                  
     Required Time:=    2372                  
      Launch Clock:-       0                  
         Data Path:-    2363                  
             Slack:=       9                  

#------------------------------------------------------------------------------------------------------------------------------------------------------------
#                            Timing Point                             Flags    Arc    Edge          Cell            Fanout Load Trans Delay Arrival Instance 
#                                                                                                                          (fF)  (ps)  (ps)   (ps)  Location 
#------------------------------------------------------------------------------------------------------------------------------------------------------------
  u_core/EX_MEM_ex_mem_instr_reg[30]/CLK                              -       -       R     (arrival)                 8138    -    40     0       0    (-,-) 
  u_core/EX_MEM_ex_mem_instr_reg[30]/QN                               -       CLK->QN R     DFFASRHQNx1_ASAP7_75t_R      3  4.3    81   120     120    (-,-) 
  u_core/drc_bufs249173/Y                                             -       A->Y    F     INVxp67_ASAP7_75t_R          1  2.1    50    46     166    (-,-) 
  u_core/drc_bufs249171/Y                                             -       A->Y    R     INVx1_ASAP7_75t_R            4  6.2    95    62     228    (-,-) 
  u_core/MEM/g4988/Y                                                  -       A->Y    F     INVxp33_ASAP7_75t_R          1  2.0    78    67     295    (-,-) 
  u_core/MEM/g4984/Y                                                  -       B->Y    F     OR2x2_ASAP7_75t_R            3  6.1    42    70     365    (-,-) 
  u_core/MEM/g4981/Y                                                  -       B->Y    F     OR2x2_ASAP7_75t_R            2  4.0    32    54     419    (-,-) 
  u_core/MEM/g7287/Y                                                  -       A->Y    R     INVx2_ASAP7_75t_R            8 11.5    85    51     470    (-,-) 
  u_core/MEM/g4975/Y                                                  -       A->Y    F     INVx4_ASAP7_75t_R           16 21.1    69    59     529    (-,-) 
  u_core/MEM/g4861/Y                                                  -       B2->Y   F     AO22x1_ASAP7_75t_R           1  2.3    34    64     593    (-,-) 
  u_core/MEM/SUB_TC_OP_1_Y_SUB_TC_OP17_Y_ADD_TC_OP_g1630/Y            -       B->Y    R     XNOR2x2_ASAP7_75t_R          2  3.0    31    56     650    (-,-) 
  u_core/MEM/SUB_TC_OP_1_Y_SUB_TC_OP17_Y_ADD_TC_OP_g1551/Y            -       B->Y    F     NOR2xp33_ASAP7_75t_R         1  1.9    69    45     695    (-,-) 
  u_core/MEM/drc_bufs7776/Y                                           -       A->Y    R     INVxp67_ASAP7_75t_R          2  3.0    78    58     753    (-,-) 
  u_core/MEM/drc_bufs7775/Y                                           -       A->Y    F     INVxp33_ASAP7_75t_R          1  2.0    74    62     815    (-,-) 
  u_core/MEM/SUB_TC_OP_1_Y_SUB_TC_OP17_Y_ADD_TC_OP_g1471/Y            -       A1->Y   F     OA21x2_ASAP7_75t_R           2  4.1    32    60     875    (-,-) 
  u_core/MEM/SUB_TC_OP_1_Y_SUB_TC_OP17_Y_ADD_TC_OP_g1464/Y            -       A1->Y   R     OAI21x1_ASAP7_75t_R          3  4.8    86    50     924    (-,-) 
  u_core/MEM/SUB_TC_OP_1_Y_SUB_TC_OP17_Y_ADD_TC_OP_g1460/Y            -       A2->Y   R     AO21x1_ASAP7_75t_R           2  3.6    58    63     988    (-,-) 
  u_core/MEM/SUB_TC_OP_1_Y_SUB_TC_OP17_Y_ADD_TC_OP_g1457/Y            -       A1->Y   F     AOI21xp5_ASAP7_75t_R         2  3.1    71    53    1041    (-,-) 
  u_core/MEM/SUB_TC_OP_1_Y_SUB_TC_OP17_Y_ADD_TC_OP_g1455/Y            -       A2->Y   F     OA21x2_ASAP7_75t_R           3  5.4    38    68    1108    (-,-) 
  u_core/MEM/SUB_TC_OP_1_Y_SUB_TC_OP17_Y_ADD_TC_OP_g1454/Y            -       A->Y    R     NOR3x1_ASAP7_75t_R           2  3.0    61    38    1146    (-,-) 
  u_core/MEM/SUB_TC_OP_1_Y_SUB_TC_OP17_Y_ADD_TC_OP_g1450/Y            -       A2->Y   R     AO21x1_ASAP7_75t_R           2  4.0    64    61    1207    (-,-) 
  u_core/MEM/SUB_TC_OP_1_Y_SUB_TC_OP17_Y_ADD_TC_OP_g1446/Y            -       B->Y    F     NAND2x1_ASAP7_75t_R          3  5.3    62    49    1256    (-,-) 
  u_core/MEM/SUB_TC_OP_1_Y_SUB_TC_OP17_Y_ADD_TC_OP_g1444/Y            -       A->Y    R     NOR4xp75_ASAP7_75t_R         1  2.0    71    45    1300    (-,-) 
  u_core/MEM/SUB_TC_OP_1_Y_SUB_TC_OP17_Y_ADD_TC_OP_g1441/Y            -       A->Y    R     OR3x1_ASAP7_75t_R            4  6.5    97    73    1374    (-,-) 
  u_core/MEM/SUB_TC_OP_1_Y_SUB_TC_OP17_Y_ADD_TC_OP_g1440/Y            -       A->Y    F     INVxp67_ASAP7_75t_R          2  3.2    67    60    1434    (-,-) 
  u_core/MEM/SUB_TC_OP_1_Y_SUB_TC_OP17_Y_ADD_TC_OP_g1431/Y            -       A2->Y   F     OA21x2_ASAP7_75t_R           2  4.0    32    62    1496    (-,-) 
  u_core/MEM/SUB_TC_OP_1_Y_SUB_TC_OP17_Y_ADD_TC_OP_g1429/Y            -       B->Y    R     NOR2x1_ASAP7_75t_R           3  4.4    75    44    1540    (-,-) 
  u_core/MEM/SUB_TC_OP_1_Y_SUB_TC_OP17_Y_ADD_TC_OP_g1422/Y            -       B->Y    F     NAND2xp33_ASAP7_75t_R        1  1.9    69    54    1595    (-,-) 
  u_core/MEM/SUB_TC_OP_1_Y_SUB_TC_OP17_Y_ADD_TC_OP_g1419/Y            -       B->Y    F     OA211x2_ASAP7_75t_R          2  4.0    37    86    1681    (-,-) 
  u_core/MEM/SUB_TC_OP_1_Y_SUB_TC_OP17_Y_ADD_TC_OP_g1413/Y            -       B->Y    R     NOR2x1_ASAP7_75t_R           3  4.9    81    49    1730    (-,-) 
  u_core/MEM/SUB_TC_OP_1_Y_SUB_TC_OP17_Y_ADD_TC_OP_g1406/Y            -       A2->Y   F     AOI211x1_ASAP7_75t_R         2  3.2    85    69    1799    (-,-) 
  u_core/MEM/g8870/Y                                                  -       A2->Y   F     AO222x2_ASAP7_75t_R          2  5.4    46    98    1897    (-,-) 
  u_core/MEM/g7111/Y                                                  -       A->Y    R     INVx4_ASAP7_75t_R           20 25.3    96    61    1958    (-,-) 
  u_core/MEM/drc_buf_sp8799/Y                                         -       A->Y    R     BUFx3_ASAP7_75t_R           12 15.4    80    78    2036    (-,-) 
  u_core/MEM/g7061/Y                                                  -       A2->Y   R     AO21x1_ASAP7_75t_R           1  2.4    42    54    2090    (-,-) 
  u_core/MEM/g7009/Y                                                  -       A->Y    F     NAND2x1_ASAP7_75t_R          4  5.6    58    42    2132    (-,-) 
  u_dcache/g63472/Y                                                   -       A->Y    F     HB3xp67_ASAP7_75t_R          2  3.1    64   114    2246    (-,-) 
  u_dcache/g65248/Y                                                   -       B->Y    R     NAND2xp5_ASAP7_75t_R         1  2.9    77    57    2303    (-,-) 
  u_dcache/g65185/Y                                                   -       B->Y    F     NAND4xp75_ASAP7_75t_R        4  4.9    84    60    2363    (-,-) 
  u_dcache/DATA_RAM_G_DATA_WAY[1].u_sram/G_SRAM_BANK[0].u_sram/wd[25] -       -       F     srambank_256x4x32_6t122      4    -     -     0    2363    (-,-) 
#------------------------------------------------------------------------------------------------------------------------------------------------------------



Path 85: MET (9 ps) Setup Check with Pin u_dcache/DATA_RAM_G_DATA_WAY[1].u_sram/G_SRAM_BANK[0].u_sram/clk->wd[28]
           View: view_ss
          Group: CLK_CPU
     Startpoint: (R) u_core/EX_MEM_ex_mem_instr_reg[30]/CLK
          Clock: (R) CLK_CPU
       Endpoint: (F) u_dcache/DATA_RAM_G_DATA_WAY[1].u_sram/G_SRAM_BANK[0].u_sram/wd[28]
          Clock: (R) CLK_CPU

                     Capture       Launch     
        Clock Edge:+    2500            0     
       Src Latency:+       0            0     
       Net Latency:+       0 (I)        0 (I) 
           Arrival:=    2500            0     
                                              
             Setup:-       3                  
       Uncertainty:-     125                  
     Required Time:=    2372                  
      Launch Clock:-       0                  
         Data Path:-    2363                  
             Slack:=       9                  

#------------------------------------------------------------------------------------------------------------------------------------------------------------
#                            Timing Point                             Flags    Arc    Edge          Cell            Fanout Load Trans Delay Arrival Instance 
#                                                                                                                          (fF)  (ps)  (ps)   (ps)  Location 
#------------------------------------------------------------------------------------------------------------------------------------------------------------
  u_core/EX_MEM_ex_mem_instr_reg[30]/CLK                              -       -       R     (arrival)                 8138    -    40     0       0    (-,-) 
  u_core/EX_MEM_ex_mem_instr_reg[30]/QN                               -       CLK->QN R     DFFASRHQNx1_ASAP7_75t_R      3  4.3    81   120     120    (-,-) 
  u_core/drc_bufs249173/Y                                             -       A->Y    F     INVxp67_ASAP7_75t_R          1  2.1    50    46     166    (-,-) 
  u_core/drc_bufs249171/Y                                             -       A->Y    R     INVx1_ASAP7_75t_R            4  6.2    95    62     228    (-,-) 
  u_core/MEM/g4988/Y                                                  -       A->Y    F     INVxp33_ASAP7_75t_R          1  2.0    78    67     295    (-,-) 
  u_core/MEM/g4984/Y                                                  -       B->Y    F     OR2x2_ASAP7_75t_R            3  6.1    42    70     365    (-,-) 
  u_core/MEM/g4981/Y                                                  -       B->Y    F     OR2x2_ASAP7_75t_R            2  4.0    32    54     419    (-,-) 
  u_core/MEM/g7287/Y                                                  -       A->Y    R     INVx2_ASAP7_75t_R            8 11.5    85    51     470    (-,-) 
  u_core/MEM/g4975/Y                                                  -       A->Y    F     INVx4_ASAP7_75t_R           16 21.1    69    59     529    (-,-) 
  u_core/MEM/g4861/Y                                                  -       B2->Y   F     AO22x1_ASAP7_75t_R           1  2.3    34    64     593    (-,-) 
  u_core/MEM/SUB_TC_OP_1_Y_SUB_TC_OP17_Y_ADD_TC_OP_g1630/Y            -       B->Y    R     XNOR2x2_ASAP7_75t_R          2  3.0    31    56     650    (-,-) 
  u_core/MEM/SUB_TC_OP_1_Y_SUB_TC_OP17_Y_ADD_TC_OP_g1551/Y            -       B->Y    F     NOR2xp33_ASAP7_75t_R         1  1.9    69    45     695    (-,-) 
  u_core/MEM/drc_bufs7776/Y                                           -       A->Y    R     INVxp67_ASAP7_75t_R          2  3.0    78    58     753    (-,-) 
  u_core/MEM/drc_bufs7775/Y                                           -       A->Y    F     INVxp33_ASAP7_75t_R          1  2.0    74    62     815    (-,-) 
  u_core/MEM/SUB_TC_OP_1_Y_SUB_TC_OP17_Y_ADD_TC_OP_g1471/Y            -       A1->Y   F     OA21x2_ASAP7_75t_R           2  4.1    32    60     875    (-,-) 
  u_core/MEM/SUB_TC_OP_1_Y_SUB_TC_OP17_Y_ADD_TC_OP_g1464/Y            -       A1->Y   R     OAI21x1_ASAP7_75t_R          3  4.8    86    50     924    (-,-) 
  u_core/MEM/SUB_TC_OP_1_Y_SUB_TC_OP17_Y_ADD_TC_OP_g1460/Y            -       A2->Y   R     AO21x1_ASAP7_75t_R           2  3.6    58    63     988    (-,-) 
  u_core/MEM/SUB_TC_OP_1_Y_SUB_TC_OP17_Y_ADD_TC_OP_g1457/Y            -       A1->Y   F     AOI21xp5_ASAP7_75t_R         2  3.1    71    53    1041    (-,-) 
  u_core/MEM/SUB_TC_OP_1_Y_SUB_TC_OP17_Y_ADD_TC_OP_g1455/Y            -       A2->Y   F     OA21x2_ASAP7_75t_R           3  5.4    38    68    1108    (-,-) 
  u_core/MEM/SUB_TC_OP_1_Y_SUB_TC_OP17_Y_ADD_TC_OP_g1454/Y            -       A->Y    R     NOR3x1_ASAP7_75t_R           2  3.0    61    38    1146    (-,-) 
  u_core/MEM/SUB_TC_OP_1_Y_SUB_TC_OP17_Y_ADD_TC_OP_g1450/Y            -       A2->Y   R     AO21x1_ASAP7_75t_R           2  4.0    64    61    1207    (-,-) 
  u_core/MEM/SUB_TC_OP_1_Y_SUB_TC_OP17_Y_ADD_TC_OP_g1446/Y            -       B->Y    F     NAND2x1_ASAP7_75t_R          3  5.3    62    49    1256    (-,-) 
  u_core/MEM/SUB_TC_OP_1_Y_SUB_TC_OP17_Y_ADD_TC_OP_g1444/Y            -       A->Y    R     NOR4xp75_ASAP7_75t_R         1  2.0    71    45    1300    (-,-) 
  u_core/MEM/SUB_TC_OP_1_Y_SUB_TC_OP17_Y_ADD_TC_OP_g1441/Y            -       A->Y    R     OR3x1_ASAP7_75t_R            4  6.5    97    73    1374    (-,-) 
  u_core/MEM/SUB_TC_OP_1_Y_SUB_TC_OP17_Y_ADD_TC_OP_g1440/Y            -       A->Y    F     INVxp67_ASAP7_75t_R          2  3.2    67    60    1434    (-,-) 
  u_core/MEM/SUB_TC_OP_1_Y_SUB_TC_OP17_Y_ADD_TC_OP_g1431/Y            -       A2->Y   F     OA21x2_ASAP7_75t_R           2  4.0    32    62    1496    (-,-) 
  u_core/MEM/SUB_TC_OP_1_Y_SUB_TC_OP17_Y_ADD_TC_OP_g1429/Y            -       B->Y    R     NOR2x1_ASAP7_75t_R           3  4.4    75    44    1540    (-,-) 
  u_core/MEM/SUB_TC_OP_1_Y_SUB_TC_OP17_Y_ADD_TC_OP_g1422/Y            -       B->Y    F     NAND2xp33_ASAP7_75t_R        1  1.9    69    54    1595    (-,-) 
  u_core/MEM/SUB_TC_OP_1_Y_SUB_TC_OP17_Y_ADD_TC_OP_g1419/Y            -       B->Y    F     OA211x2_ASAP7_75t_R          2  4.0    37    86    1681    (-,-) 
  u_core/MEM/SUB_TC_OP_1_Y_SUB_TC_OP17_Y_ADD_TC_OP_g1413/Y            -       B->Y    R     NOR2x1_ASAP7_75t_R           3  4.9    81    49    1730    (-,-) 
  u_core/MEM/SUB_TC_OP_1_Y_SUB_TC_OP17_Y_ADD_TC_OP_g1406/Y            -       A2->Y   F     AOI211x1_ASAP7_75t_R         2  3.2    85    69    1799    (-,-) 
  u_core/MEM/g8870/Y                                                  -       A2->Y   F     AO222x2_ASAP7_75t_R          2  5.4    46    98    1897    (-,-) 
  u_core/MEM/g7111/Y                                                  -       A->Y    R     INVx4_ASAP7_75t_R           20 25.3    96    61    1958    (-,-) 
  u_core/MEM/drc_buf_sp8799/Y                                         -       A->Y    R     BUFx3_ASAP7_75t_R           12 15.4    80    78    2036    (-,-) 
  u_core/MEM/g7059/Y                                                  -       A2->Y   R     AO21x1_ASAP7_75t_R           1  2.4    42    54    2090    (-,-) 
  u_core/MEM/g7007/Y                                                  -       A->Y    F     NAND2x1_ASAP7_75t_R          4  5.6    58    42    2132    (-,-) 
  u_dcache/g63465/Y                                                   -       A->Y    F     HB3xp67_ASAP7_75t_R          2  3.1    64   114    2246    (-,-) 
  u_dcache/g65250/Y                                                   -       B->Y    R     NAND2xp5_ASAP7_75t_R         1  2.9    77    57    2303    (-,-) 
  u_dcache/g65188/Y                                                   -       B->Y    F     NAND4xp75_ASAP7_75t_R        4  4.9    84    60    2363    (-,-) 
  u_dcache/DATA_RAM_G_DATA_WAY[1].u_sram/G_SRAM_BANK[0].u_sram/wd[28] -       -       F     srambank_256x4x32_6t122      4    -     -     0    2363    (-,-) 
#------------------------------------------------------------------------------------------------------------------------------------------------------------



Path 86: MET (9 ps) Setup Check with Pin u_dcache/DATA_RAM_G_DATA_WAY[1].u_sram/G_SRAM_BANK[0].u_sram/clk->wd[30]
           View: view_ss
          Group: CLK_CPU
     Startpoint: (R) u_core/EX_MEM_ex_mem_instr_reg[30]/CLK
          Clock: (R) CLK_CPU
       Endpoint: (F) u_dcache/DATA_RAM_G_DATA_WAY[1].u_sram/G_SRAM_BANK[0].u_sram/wd[30]
          Clock: (R) CLK_CPU

                     Capture       Launch     
        Clock Edge:+    2500            0     
       Src Latency:+       0            0     
       Net Latency:+       0 (I)        0 (I) 
           Arrival:=    2500            0     
                                              
             Setup:-       3                  
       Uncertainty:-     125                  
     Required Time:=    2372                  
      Launch Clock:-       0                  
         Data Path:-    2363                  
             Slack:=       9                  

#------------------------------------------------------------------------------------------------------------------------------------------------------------
#                            Timing Point                             Flags    Arc    Edge          Cell            Fanout Load Trans Delay Arrival Instance 
#                                                                                                                          (fF)  (ps)  (ps)   (ps)  Location 
#------------------------------------------------------------------------------------------------------------------------------------------------------------
  u_core/EX_MEM_ex_mem_instr_reg[30]/CLK                              -       -       R     (arrival)                 8138    -    40     0       0    (-,-) 
  u_core/EX_MEM_ex_mem_instr_reg[30]/QN                               -       CLK->QN R     DFFASRHQNx1_ASAP7_75t_R      3  4.3    81   120     120    (-,-) 
  u_core/drc_bufs249173/Y                                             -       A->Y    F     INVxp67_ASAP7_75t_R          1  2.1    50    46     166    (-,-) 
  u_core/drc_bufs249171/Y                                             -       A->Y    R     INVx1_ASAP7_75t_R            4  6.2    95    62     228    (-,-) 
  u_core/MEM/g4988/Y                                                  -       A->Y    F     INVxp33_ASAP7_75t_R          1  2.0    78    67     295    (-,-) 
  u_core/MEM/g4984/Y                                                  -       B->Y    F     OR2x2_ASAP7_75t_R            3  6.1    42    70     365    (-,-) 
  u_core/MEM/g4981/Y                                                  -       B->Y    F     OR2x2_ASAP7_75t_R            2  4.0    32    54     419    (-,-) 
  u_core/MEM/g7287/Y                                                  -       A->Y    R     INVx2_ASAP7_75t_R            8 11.5    85    51     470    (-,-) 
  u_core/MEM/g4975/Y                                                  -       A->Y    F     INVx4_ASAP7_75t_R           16 21.1    69    59     529    (-,-) 
  u_core/MEM/g4861/Y                                                  -       B2->Y   F     AO22x1_ASAP7_75t_R           1  2.3    34    64     593    (-,-) 
  u_core/MEM/SUB_TC_OP_1_Y_SUB_TC_OP17_Y_ADD_TC_OP_g1630/Y            -       B->Y    R     XNOR2x2_ASAP7_75t_R          2  3.0    31    56     650    (-,-) 
  u_core/MEM/SUB_TC_OP_1_Y_SUB_TC_OP17_Y_ADD_TC_OP_g1551/Y            -       B->Y    F     NOR2xp33_ASAP7_75t_R         1  1.9    69    45     695    (-,-) 
  u_core/MEM/drc_bufs7776/Y                                           -       A->Y    R     INVxp67_ASAP7_75t_R          2  3.0    78    58     753    (-,-) 
  u_core/MEM/drc_bufs7775/Y                                           -       A->Y    F     INVxp33_ASAP7_75t_R          1  2.0    74    62     815    (-,-) 
  u_core/MEM/SUB_TC_OP_1_Y_SUB_TC_OP17_Y_ADD_TC_OP_g1471/Y            -       A1->Y   F     OA21x2_ASAP7_75t_R           2  4.1    32    60     875    (-,-) 
  u_core/MEM/SUB_TC_OP_1_Y_SUB_TC_OP17_Y_ADD_TC_OP_g1464/Y            -       A1->Y   R     OAI21x1_ASAP7_75t_R          3  4.8    86    50     924    (-,-) 
  u_core/MEM/SUB_TC_OP_1_Y_SUB_TC_OP17_Y_ADD_TC_OP_g1460/Y            -       A2->Y   R     AO21x1_ASAP7_75t_R           2  3.6    58    63     988    (-,-) 
  u_core/MEM/SUB_TC_OP_1_Y_SUB_TC_OP17_Y_ADD_TC_OP_g1457/Y            -       A1->Y   F     AOI21xp5_ASAP7_75t_R         2  3.1    71    53    1041    (-,-) 
  u_core/MEM/SUB_TC_OP_1_Y_SUB_TC_OP17_Y_ADD_TC_OP_g1455/Y            -       A2->Y   F     OA21x2_ASAP7_75t_R           3  5.4    38    68    1108    (-,-) 
  u_core/MEM/SUB_TC_OP_1_Y_SUB_TC_OP17_Y_ADD_TC_OP_g1454/Y            -       A->Y    R     NOR3x1_ASAP7_75t_R           2  3.0    61    38    1146    (-,-) 
  u_core/MEM/SUB_TC_OP_1_Y_SUB_TC_OP17_Y_ADD_TC_OP_g1450/Y            -       A2->Y   R     AO21x1_ASAP7_75t_R           2  4.0    64    61    1207    (-,-) 
  u_core/MEM/SUB_TC_OP_1_Y_SUB_TC_OP17_Y_ADD_TC_OP_g1446/Y            -       B->Y    F     NAND2x1_ASAP7_75t_R          3  5.3    62    49    1256    (-,-) 
  u_core/MEM/SUB_TC_OP_1_Y_SUB_TC_OP17_Y_ADD_TC_OP_g1444/Y            -       A->Y    R     NOR4xp75_ASAP7_75t_R         1  2.0    71    45    1300    (-,-) 
  u_core/MEM/SUB_TC_OP_1_Y_SUB_TC_OP17_Y_ADD_TC_OP_g1441/Y            -       A->Y    R     OR3x1_ASAP7_75t_R            4  6.5    97    73    1374    (-,-) 
  u_core/MEM/SUB_TC_OP_1_Y_SUB_TC_OP17_Y_ADD_TC_OP_g1440/Y            -       A->Y    F     INVxp67_ASAP7_75t_R          2  3.2    67    60    1434    (-,-) 
  u_core/MEM/SUB_TC_OP_1_Y_SUB_TC_OP17_Y_ADD_TC_OP_g1431/Y            -       A2->Y   F     OA21x2_ASAP7_75t_R           2  4.0    32    62    1496    (-,-) 
  u_core/MEM/SUB_TC_OP_1_Y_SUB_TC_OP17_Y_ADD_TC_OP_g1429/Y            -       B->Y    R     NOR2x1_ASAP7_75t_R           3  4.4    75    44    1540    (-,-) 
  u_core/MEM/SUB_TC_OP_1_Y_SUB_TC_OP17_Y_ADD_TC_OP_g1422/Y            -       B->Y    F     NAND2xp33_ASAP7_75t_R        1  1.9    69    54    1595    (-,-) 
  u_core/MEM/SUB_TC_OP_1_Y_SUB_TC_OP17_Y_ADD_TC_OP_g1419/Y            -       B->Y    F     OA211x2_ASAP7_75t_R          2  4.0    37    86    1681    (-,-) 
  u_core/MEM/SUB_TC_OP_1_Y_SUB_TC_OP17_Y_ADD_TC_OP_g1413/Y            -       B->Y    R     NOR2x1_ASAP7_75t_R           3  4.9    81    49    1730    (-,-) 
  u_core/MEM/SUB_TC_OP_1_Y_SUB_TC_OP17_Y_ADD_TC_OP_g1406/Y            -       A2->Y   F     AOI211x1_ASAP7_75t_R         2  3.2    85    69    1799    (-,-) 
  u_core/MEM/g8870/Y                                                  -       A2->Y   F     AO222x2_ASAP7_75t_R          2  5.4    46    98    1897    (-,-) 
  u_core/MEM/g7111/Y                                                  -       A->Y    R     INVx4_ASAP7_75t_R           20 25.3    96    61    1958    (-,-) 
  u_core/MEM/drc_buf_sp8799/Y                                         -       A->Y    R     BUFx3_ASAP7_75t_R           12 15.4    80    78    2036    (-,-) 
  u_core/MEM/g7046/Y                                                  -       A2->Y   R     AO21x1_ASAP7_75t_R           1  2.4    42    54    2090    (-,-) 
  u_core/MEM/g7005/Y                                                  -       A->Y    F     NAND2x1_ASAP7_75t_R          4  5.6    58    42    2132    (-,-) 
  u_dcache/g63478/Y                                                   -       A->Y    F     HB3xp67_ASAP7_75t_R          2  3.1    64   114    2246    (-,-) 
  u_dcache/g65252/Y                                                   -       B->Y    R     NAND2xp5_ASAP7_75t_R         1  2.9    77    57    2303    (-,-) 
  u_dcache/g65184/Y                                                   -       B->Y    F     NAND4xp75_ASAP7_75t_R        4  4.9    84    60    2363    (-,-) 
  u_dcache/DATA_RAM_G_DATA_WAY[1].u_sram/G_SRAM_BANK[0].u_sram/wd[30] -       -       F     srambank_256x4x32_6t122      4    -     -     0    2363    (-,-) 
#------------------------------------------------------------------------------------------------------------------------------------------------------------



Path 87: MET (9 ps) Setup Check with Pin u_dcache/DATA_RAM_G_DATA_WAY[0].u_sram/G_SRAM_BANK[1].u_sram/clk->wd[24]
           View: view_ss
          Group: CLK_CPU
     Startpoint: (R) u_core/EX_MEM_ex_mem_instr_reg[30]/CLK
          Clock: (R) CLK_CPU
       Endpoint: (F) u_dcache/DATA_RAM_G_DATA_WAY[0].u_sram/G_SRAM_BANK[1].u_sram/wd[24]
          Clock: (R) CLK_CPU

                     Capture       Launch     
        Clock Edge:+    2500            0     
       Src Latency:+       0            0     
       Net Latency:+       0 (I)        0 (I) 
           Arrival:=    2500            0     
                                              
             Setup:-       3                  
       Uncertainty:-     125                  
     Required Time:=    2372                  
      Launch Clock:-       0                  
         Data Path:-    2363                  
             Slack:=       9                  

#------------------------------------------------------------------------------------------------------------------------------------------------------------
#                            Timing Point                             Flags    Arc    Edge          Cell            Fanout Load Trans Delay Arrival Instance 
#                                                                                                                          (fF)  (ps)  (ps)   (ps)  Location 
#------------------------------------------------------------------------------------------------------------------------------------------------------------
  u_core/EX_MEM_ex_mem_instr_reg[30]/CLK                              -       -       R     (arrival)                 8138    -    40     0       0    (-,-) 
  u_core/EX_MEM_ex_mem_instr_reg[30]/QN                               -       CLK->QN R     DFFASRHQNx1_ASAP7_75t_R      3  4.3    81   120     120    (-,-) 
  u_core/drc_bufs249173/Y                                             -       A->Y    F     INVxp67_ASAP7_75t_R          1  2.1    50    46     166    (-,-) 
  u_core/drc_bufs249171/Y                                             -       A->Y    R     INVx1_ASAP7_75t_R            4  6.2    95    62     228    (-,-) 
  u_core/MEM/g4988/Y                                                  -       A->Y    F     INVxp33_ASAP7_75t_R          1  2.0    78    67     295    (-,-) 
  u_core/MEM/g4984/Y                                                  -       B->Y    F     OR2x2_ASAP7_75t_R            3  6.1    42    70     365    (-,-) 
  u_core/MEM/g4981/Y                                                  -       B->Y    F     OR2x2_ASAP7_75t_R            2  4.0    32    54     419    (-,-) 
  u_core/MEM/g7287/Y                                                  -       A->Y    R     INVx2_ASAP7_75t_R            8 11.5    85    51     470    (-,-) 
  u_core/MEM/g4975/Y                                                  -       A->Y    F     INVx4_ASAP7_75t_R           16 21.1    69    59     529    (-,-) 
  u_core/MEM/g4861/Y                                                  -       B2->Y   F     AO22x1_ASAP7_75t_R           1  2.3    34    64     593    (-,-) 
  u_core/MEM/SUB_TC_OP_1_Y_SUB_TC_OP17_Y_ADD_TC_OP_g1630/Y            -       B->Y    R     XNOR2x2_ASAP7_75t_R          2  3.0    31    56     650    (-,-) 
  u_core/MEM/SUB_TC_OP_1_Y_SUB_TC_OP17_Y_ADD_TC_OP_g1551/Y            -       B->Y    F     NOR2xp33_ASAP7_75t_R         1  1.9    69    45     695    (-,-) 
  u_core/MEM/drc_bufs7776/Y                                           -       A->Y    R     INVxp67_ASAP7_75t_R          2  3.0    78    58     753    (-,-) 
  u_core/MEM/drc_bufs7775/Y                                           -       A->Y    F     INVxp33_ASAP7_75t_R          1  2.0    74    62     815    (-,-) 
  u_core/MEM/SUB_TC_OP_1_Y_SUB_TC_OP17_Y_ADD_TC_OP_g1471/Y            -       A1->Y   F     OA21x2_ASAP7_75t_R           2  4.1    32    60     875    (-,-) 
  u_core/MEM/SUB_TC_OP_1_Y_SUB_TC_OP17_Y_ADD_TC_OP_g1464/Y            -       A1->Y   R     OAI21x1_ASAP7_75t_R          3  4.8    86    50     924    (-,-) 
  u_core/MEM/SUB_TC_OP_1_Y_SUB_TC_OP17_Y_ADD_TC_OP_g1460/Y            -       A2->Y   R     AO21x1_ASAP7_75t_R           2  3.6    58    63     988    (-,-) 
  u_core/MEM/SUB_TC_OP_1_Y_SUB_TC_OP17_Y_ADD_TC_OP_g1457/Y            -       A1->Y   F     AOI21xp5_ASAP7_75t_R         2  3.1    71    53    1041    (-,-) 
  u_core/MEM/SUB_TC_OP_1_Y_SUB_TC_OP17_Y_ADD_TC_OP_g1455/Y            -       A2->Y   F     OA21x2_ASAP7_75t_R           3  5.4    38    68    1108    (-,-) 
  u_core/MEM/SUB_TC_OP_1_Y_SUB_TC_OP17_Y_ADD_TC_OP_g1454/Y            -       A->Y    R     NOR3x1_ASAP7_75t_R           2  3.0    61    38    1146    (-,-) 
  u_core/MEM/SUB_TC_OP_1_Y_SUB_TC_OP17_Y_ADD_TC_OP_g1450/Y            -       A2->Y   R     AO21x1_ASAP7_75t_R           2  4.0    64    61    1207    (-,-) 
  u_core/MEM/SUB_TC_OP_1_Y_SUB_TC_OP17_Y_ADD_TC_OP_g1446/Y            -       B->Y    F     NAND2x1_ASAP7_75t_R          3  5.3    62    49    1256    (-,-) 
  u_core/MEM/SUB_TC_OP_1_Y_SUB_TC_OP17_Y_ADD_TC_OP_g1444/Y            -       A->Y    R     NOR4xp75_ASAP7_75t_R         1  2.0    71    45    1300    (-,-) 
  u_core/MEM/SUB_TC_OP_1_Y_SUB_TC_OP17_Y_ADD_TC_OP_g1441/Y            -       A->Y    R     OR3x1_ASAP7_75t_R            4  6.5    97    73    1374    (-,-) 
  u_core/MEM/SUB_TC_OP_1_Y_SUB_TC_OP17_Y_ADD_TC_OP_g1440/Y            -       A->Y    F     INVxp67_ASAP7_75t_R          2  3.2    67    60    1434    (-,-) 
  u_core/MEM/SUB_TC_OP_1_Y_SUB_TC_OP17_Y_ADD_TC_OP_g1431/Y            -       A2->Y   F     OA21x2_ASAP7_75t_R           2  4.0    32    62    1496    (-,-) 
  u_core/MEM/SUB_TC_OP_1_Y_SUB_TC_OP17_Y_ADD_TC_OP_g1429/Y            -       B->Y    R     NOR2x1_ASAP7_75t_R           3  4.4    75    44    1540    (-,-) 
  u_core/MEM/SUB_TC_OP_1_Y_SUB_TC_OP17_Y_ADD_TC_OP_g1422/Y            -       B->Y    F     NAND2xp33_ASAP7_75t_R        1  1.9    69    54    1595    (-,-) 
  u_core/MEM/SUB_TC_OP_1_Y_SUB_TC_OP17_Y_ADD_TC_OP_g1419/Y            -       B->Y    F     OA211x2_ASAP7_75t_R          2  4.0    37    86    1681    (-,-) 
  u_core/MEM/SUB_TC_OP_1_Y_SUB_TC_OP17_Y_ADD_TC_OP_g1413/Y            -       B->Y    R     NOR2x1_ASAP7_75t_R           3  4.9    81    49    1730    (-,-) 
  u_core/MEM/SUB_TC_OP_1_Y_SUB_TC_OP17_Y_ADD_TC_OP_g1406/Y            -       A2->Y   F     AOI211x1_ASAP7_75t_R         2  3.2    85    69    1799    (-,-) 
  u_core/MEM/g8870/Y                                                  -       A2->Y   F     AO222x2_ASAP7_75t_R          2  5.4    46    98    1897    (-,-) 
  u_core/MEM/g7111/Y                                                  -       A->Y    R     INVx4_ASAP7_75t_R           20 25.3    96    61    1958    (-,-) 
  u_core/MEM/drc_buf_sp8799/Y                                         -       A->Y    R     BUFx3_ASAP7_75t_R           12 15.4    80    78    2036    (-,-) 
  u_core/MEM/g7057/Y                                                  -       A2->Y   R     AO21x1_ASAP7_75t_R           1  2.4    42    54    2090    (-,-) 
  u_core/MEM/g6995/Y                                                  -       A->Y    F     NAND2x1_ASAP7_75t_R          4  5.6    58    42    2132    (-,-) 
  u_dcache/g63466/Y                                                   -       A->Y    F     HB3xp67_ASAP7_75t_R          2  3.1    64   114    2246    (-,-) 
  u_dcache/g65249/Y                                                   -       B->Y    R     NAND2xp5_ASAP7_75t_R         1  2.9    77    57    2303    (-,-) 
  u_dcache/g65186/Y                                                   -       B->Y    F     NAND4xp75_ASAP7_75t_R        4  4.9    84    60    2363    (-,-) 
  u_dcache/DATA_RAM_G_DATA_WAY[0].u_sram/G_SRAM_BANK[1].u_sram/wd[24] -       -       F     srambank_256x4x32_6t122      4    -     -     0    2363    (-,-) 
#------------------------------------------------------------------------------------------------------------------------------------------------------------



Path 88: MET (9 ps) Setup Check with Pin u_dcache/DATA_RAM_G_DATA_WAY[0].u_sram/G_SRAM_BANK[1].u_sram/clk->wd[25]
           View: view_ss
          Group: CLK_CPU
     Startpoint: (R) u_core/EX_MEM_ex_mem_instr_reg[30]/CLK
          Clock: (R) CLK_CPU
       Endpoint: (F) u_dcache/DATA_RAM_G_DATA_WAY[0].u_sram/G_SRAM_BANK[1].u_sram/wd[25]
          Clock: (R) CLK_CPU

                     Capture       Launch     
        Clock Edge:+    2500            0     
       Src Latency:+       0            0     
       Net Latency:+       0 (I)        0 (I) 
           Arrival:=    2500            0     
                                              
             Setup:-       3                  
       Uncertainty:-     125                  
     Required Time:=    2372                  
      Launch Clock:-       0                  
         Data Path:-    2363                  
             Slack:=       9                  

#------------------------------------------------------------------------------------------------------------------------------------------------------------
#                            Timing Point                             Flags    Arc    Edge          Cell            Fanout Load Trans Delay Arrival Instance 
#                                                                                                                          (fF)  (ps)  (ps)   (ps)  Location 
#------------------------------------------------------------------------------------------------------------------------------------------------------------
  u_core/EX_MEM_ex_mem_instr_reg[30]/CLK                              -       -       R     (arrival)                 8138    -    40     0       0    (-,-) 
  u_core/EX_MEM_ex_mem_instr_reg[30]/QN                               -       CLK->QN R     DFFASRHQNx1_ASAP7_75t_R      3  4.3    81   120     120    (-,-) 
  u_core/drc_bufs249173/Y                                             -       A->Y    F     INVxp67_ASAP7_75t_R          1  2.1    50    46     166    (-,-) 
  u_core/drc_bufs249171/Y                                             -       A->Y    R     INVx1_ASAP7_75t_R            4  6.2    95    62     228    (-,-) 
  u_core/MEM/g4988/Y                                                  -       A->Y    F     INVxp33_ASAP7_75t_R          1  2.0    78    67     295    (-,-) 
  u_core/MEM/g4984/Y                                                  -       B->Y    F     OR2x2_ASAP7_75t_R            3  6.1    42    70     365    (-,-) 
  u_core/MEM/g4981/Y                                                  -       B->Y    F     OR2x2_ASAP7_75t_R            2  4.0    32    54     419    (-,-) 
  u_core/MEM/g7287/Y                                                  -       A->Y    R     INVx2_ASAP7_75t_R            8 11.5    85    51     470    (-,-) 
  u_core/MEM/g4975/Y                                                  -       A->Y    F     INVx4_ASAP7_75t_R           16 21.1    69    59     529    (-,-) 
  u_core/MEM/g4861/Y                                                  -       B2->Y   F     AO22x1_ASAP7_75t_R           1  2.3    34    64     593    (-,-) 
  u_core/MEM/SUB_TC_OP_1_Y_SUB_TC_OP17_Y_ADD_TC_OP_g1630/Y            -       B->Y    R     XNOR2x2_ASAP7_75t_R          2  3.0    31    56     650    (-,-) 
  u_core/MEM/SUB_TC_OP_1_Y_SUB_TC_OP17_Y_ADD_TC_OP_g1551/Y            -       B->Y    F     NOR2xp33_ASAP7_75t_R         1  1.9    69    45     695    (-,-) 
  u_core/MEM/drc_bufs7776/Y                                           -       A->Y    R     INVxp67_ASAP7_75t_R          2  3.0    78    58     753    (-,-) 
  u_core/MEM/drc_bufs7775/Y                                           -       A->Y    F     INVxp33_ASAP7_75t_R          1  2.0    74    62     815    (-,-) 
  u_core/MEM/SUB_TC_OP_1_Y_SUB_TC_OP17_Y_ADD_TC_OP_g1471/Y            -       A1->Y   F     OA21x2_ASAP7_75t_R           2  4.1    32    60     875    (-,-) 
  u_core/MEM/SUB_TC_OP_1_Y_SUB_TC_OP17_Y_ADD_TC_OP_g1464/Y            -       A1->Y   R     OAI21x1_ASAP7_75t_R          3  4.8    86    50     924    (-,-) 
  u_core/MEM/SUB_TC_OP_1_Y_SUB_TC_OP17_Y_ADD_TC_OP_g1460/Y            -       A2->Y   R     AO21x1_ASAP7_75t_R           2  3.6    58    63     988    (-,-) 
  u_core/MEM/SUB_TC_OP_1_Y_SUB_TC_OP17_Y_ADD_TC_OP_g1457/Y            -       A1->Y   F     AOI21xp5_ASAP7_75t_R         2  3.1    71    53    1041    (-,-) 
  u_core/MEM/SUB_TC_OP_1_Y_SUB_TC_OP17_Y_ADD_TC_OP_g1455/Y            -       A2->Y   F     OA21x2_ASAP7_75t_R           3  5.4    38    68    1108    (-,-) 
  u_core/MEM/SUB_TC_OP_1_Y_SUB_TC_OP17_Y_ADD_TC_OP_g1454/Y            -       A->Y    R     NOR3x1_ASAP7_75t_R           2  3.0    61    38    1146    (-,-) 
  u_core/MEM/SUB_TC_OP_1_Y_SUB_TC_OP17_Y_ADD_TC_OP_g1450/Y            -       A2->Y   R     AO21x1_ASAP7_75t_R           2  4.0    64    61    1207    (-,-) 
  u_core/MEM/SUB_TC_OP_1_Y_SUB_TC_OP17_Y_ADD_TC_OP_g1446/Y            -       B->Y    F     NAND2x1_ASAP7_75t_R          3  5.3    62    49    1256    (-,-) 
  u_core/MEM/SUB_TC_OP_1_Y_SUB_TC_OP17_Y_ADD_TC_OP_g1444/Y            -       A->Y    R     NOR4xp75_ASAP7_75t_R         1  2.0    71    45    1300    (-,-) 
  u_core/MEM/SUB_TC_OP_1_Y_SUB_TC_OP17_Y_ADD_TC_OP_g1441/Y            -       A->Y    R     OR3x1_ASAP7_75t_R            4  6.5    97    73    1374    (-,-) 
  u_core/MEM/SUB_TC_OP_1_Y_SUB_TC_OP17_Y_ADD_TC_OP_g1440/Y            -       A->Y    F     INVxp67_ASAP7_75t_R          2  3.2    67    60    1434    (-,-) 
  u_core/MEM/SUB_TC_OP_1_Y_SUB_TC_OP17_Y_ADD_TC_OP_g1431/Y            -       A2->Y   F     OA21x2_ASAP7_75t_R           2  4.0    32    62    1496    (-,-) 
  u_core/MEM/SUB_TC_OP_1_Y_SUB_TC_OP17_Y_ADD_TC_OP_g1429/Y            -       B->Y    R     NOR2x1_ASAP7_75t_R           3  4.4    75    44    1540    (-,-) 
  u_core/MEM/SUB_TC_OP_1_Y_SUB_TC_OP17_Y_ADD_TC_OP_g1422/Y            -       B->Y    F     NAND2xp33_ASAP7_75t_R        1  1.9    69    54    1595    (-,-) 
  u_core/MEM/SUB_TC_OP_1_Y_SUB_TC_OP17_Y_ADD_TC_OP_g1419/Y            -       B->Y    F     OA211x2_ASAP7_75t_R          2  4.0    37    86    1681    (-,-) 
  u_core/MEM/SUB_TC_OP_1_Y_SUB_TC_OP17_Y_ADD_TC_OP_g1413/Y            -       B->Y    R     NOR2x1_ASAP7_75t_R           3  4.9    81    49    1730    (-,-) 
  u_core/MEM/SUB_TC_OP_1_Y_SUB_TC_OP17_Y_ADD_TC_OP_g1406/Y            -       A2->Y   F     AOI211x1_ASAP7_75t_R         2  3.2    85    69    1799    (-,-) 
  u_core/MEM/g8870/Y                                                  -       A2->Y   F     AO222x2_ASAP7_75t_R          2  5.4    46    98    1897    (-,-) 
  u_core/MEM/g7111/Y                                                  -       A->Y    R     INVx4_ASAP7_75t_R           20 25.3    96    61    1958    (-,-) 
  u_core/MEM/drc_buf_sp8799/Y                                         -       A->Y    R     BUFx3_ASAP7_75t_R           12 15.4    80    78    2036    (-,-) 
  u_core/MEM/g7061/Y                                                  -       A2->Y   R     AO21x1_ASAP7_75t_R           1  2.4    42    54    2090    (-,-) 
  u_core/MEM/g7009/Y                                                  -       A->Y    F     NAND2x1_ASAP7_75t_R          4  5.6    58    42    2132    (-,-) 
  u_dcache/g63472/Y                                                   -       A->Y    F     HB3xp67_ASAP7_75t_R          2  3.1    64   114    2246    (-,-) 
  u_dcache/g65248/Y                                                   -       B->Y    R     NAND2xp5_ASAP7_75t_R         1  2.9    77    57    2303    (-,-) 
  u_dcache/g65185/Y                                                   -       B->Y    F     NAND4xp75_ASAP7_75t_R        4  4.9    84    60    2363    (-,-) 
  u_dcache/DATA_RAM_G_DATA_WAY[0].u_sram/G_SRAM_BANK[1].u_sram/wd[25] -       -       F     srambank_256x4x32_6t122      4    -     -     0    2363    (-,-) 
#------------------------------------------------------------------------------------------------------------------------------------------------------------



Path 89: MET (9 ps) Setup Check with Pin u_dcache/DATA_RAM_G_DATA_WAY[0].u_sram/G_SRAM_BANK[1].u_sram/clk->wd[28]
           View: view_ss
          Group: CLK_CPU
     Startpoint: (R) u_core/EX_MEM_ex_mem_instr_reg[30]/CLK
          Clock: (R) CLK_CPU
       Endpoint: (F) u_dcache/DATA_RAM_G_DATA_WAY[0].u_sram/G_SRAM_BANK[1].u_sram/wd[28]
          Clock: (R) CLK_CPU

                     Capture       Launch     
        Clock Edge:+    2500            0     
       Src Latency:+       0            0     
       Net Latency:+       0 (I)        0 (I) 
           Arrival:=    2500            0     
                                              
             Setup:-       3                  
       Uncertainty:-     125                  
     Required Time:=    2372                  
      Launch Clock:-       0                  
         Data Path:-    2363                  
             Slack:=       9                  

#------------------------------------------------------------------------------------------------------------------------------------------------------------
#                            Timing Point                             Flags    Arc    Edge          Cell            Fanout Load Trans Delay Arrival Instance 
#                                                                                                                          (fF)  (ps)  (ps)   (ps)  Location 
#------------------------------------------------------------------------------------------------------------------------------------------------------------
  u_core/EX_MEM_ex_mem_instr_reg[30]/CLK                              -       -       R     (arrival)                 8138    -    40     0       0    (-,-) 
  u_core/EX_MEM_ex_mem_instr_reg[30]/QN                               -       CLK->QN R     DFFASRHQNx1_ASAP7_75t_R      3  4.3    81   120     120    (-,-) 
  u_core/drc_bufs249173/Y                                             -       A->Y    F     INVxp67_ASAP7_75t_R          1  2.1    50    46     166    (-,-) 
  u_core/drc_bufs249171/Y                                             -       A->Y    R     INVx1_ASAP7_75t_R            4  6.2    95    62     228    (-,-) 
  u_core/MEM/g4988/Y                                                  -       A->Y    F     INVxp33_ASAP7_75t_R          1  2.0    78    67     295    (-,-) 
  u_core/MEM/g4984/Y                                                  -       B->Y    F     OR2x2_ASAP7_75t_R            3  6.1    42    70     365    (-,-) 
  u_core/MEM/g4981/Y                                                  -       B->Y    F     OR2x2_ASAP7_75t_R            2  4.0    32    54     419    (-,-) 
  u_core/MEM/g7287/Y                                                  -       A->Y    R     INVx2_ASAP7_75t_R            8 11.5    85    51     470    (-,-) 
  u_core/MEM/g4975/Y                                                  -       A->Y    F     INVx4_ASAP7_75t_R           16 21.1    69    59     529    (-,-) 
  u_core/MEM/g4861/Y                                                  -       B2->Y   F     AO22x1_ASAP7_75t_R           1  2.3    34    64     593    (-,-) 
  u_core/MEM/SUB_TC_OP_1_Y_SUB_TC_OP17_Y_ADD_TC_OP_g1630/Y            -       B->Y    R     XNOR2x2_ASAP7_75t_R          2  3.0    31    56     650    (-,-) 
  u_core/MEM/SUB_TC_OP_1_Y_SUB_TC_OP17_Y_ADD_TC_OP_g1551/Y            -       B->Y    F     NOR2xp33_ASAP7_75t_R         1  1.9    69    45     695    (-,-) 
  u_core/MEM/drc_bufs7776/Y                                           -       A->Y    R     INVxp67_ASAP7_75t_R          2  3.0    78    58     753    (-,-) 
  u_core/MEM/drc_bufs7775/Y                                           -       A->Y    F     INVxp33_ASAP7_75t_R          1  2.0    74    62     815    (-,-) 
  u_core/MEM/SUB_TC_OP_1_Y_SUB_TC_OP17_Y_ADD_TC_OP_g1471/Y            -       A1->Y   F     OA21x2_ASAP7_75t_R           2  4.1    32    60     875    (-,-) 
  u_core/MEM/SUB_TC_OP_1_Y_SUB_TC_OP17_Y_ADD_TC_OP_g1464/Y            -       A1->Y   R     OAI21x1_ASAP7_75t_R          3  4.8    86    50     924    (-,-) 
  u_core/MEM/SUB_TC_OP_1_Y_SUB_TC_OP17_Y_ADD_TC_OP_g1460/Y            -       A2->Y   R     AO21x1_ASAP7_75t_R           2  3.6    58    63     988    (-,-) 
  u_core/MEM/SUB_TC_OP_1_Y_SUB_TC_OP17_Y_ADD_TC_OP_g1457/Y            -       A1->Y   F     AOI21xp5_ASAP7_75t_R         2  3.1    71    53    1041    (-,-) 
  u_core/MEM/SUB_TC_OP_1_Y_SUB_TC_OP17_Y_ADD_TC_OP_g1455/Y            -       A2->Y   F     OA21x2_ASAP7_75t_R           3  5.4    38    68    1108    (-,-) 
  u_core/MEM/SUB_TC_OP_1_Y_SUB_TC_OP17_Y_ADD_TC_OP_g1454/Y            -       A->Y    R     NOR3x1_ASAP7_75t_R           2  3.0    61    38    1146    (-,-) 
  u_core/MEM/SUB_TC_OP_1_Y_SUB_TC_OP17_Y_ADD_TC_OP_g1450/Y            -       A2->Y   R     AO21x1_ASAP7_75t_R           2  4.0    64    61    1207    (-,-) 
  u_core/MEM/SUB_TC_OP_1_Y_SUB_TC_OP17_Y_ADD_TC_OP_g1446/Y            -       B->Y    F     NAND2x1_ASAP7_75t_R          3  5.3    62    49    1256    (-,-) 
  u_core/MEM/SUB_TC_OP_1_Y_SUB_TC_OP17_Y_ADD_TC_OP_g1444/Y            -       A->Y    R     NOR4xp75_ASAP7_75t_R         1  2.0    71    45    1300    (-,-) 
  u_core/MEM/SUB_TC_OP_1_Y_SUB_TC_OP17_Y_ADD_TC_OP_g1441/Y            -       A->Y    R     OR3x1_ASAP7_75t_R            4  6.5    97    73    1374    (-,-) 
  u_core/MEM/SUB_TC_OP_1_Y_SUB_TC_OP17_Y_ADD_TC_OP_g1440/Y            -       A->Y    F     INVxp67_ASAP7_75t_R          2  3.2    67    60    1434    (-,-) 
  u_core/MEM/SUB_TC_OP_1_Y_SUB_TC_OP17_Y_ADD_TC_OP_g1431/Y            -       A2->Y   F     OA21x2_ASAP7_75t_R           2  4.0    32    62    1496    (-,-) 
  u_core/MEM/SUB_TC_OP_1_Y_SUB_TC_OP17_Y_ADD_TC_OP_g1429/Y            -       B->Y    R     NOR2x1_ASAP7_75t_R           3  4.4    75    44    1540    (-,-) 
  u_core/MEM/SUB_TC_OP_1_Y_SUB_TC_OP17_Y_ADD_TC_OP_g1422/Y            -       B->Y    F     NAND2xp33_ASAP7_75t_R        1  1.9    69    54    1595    (-,-) 
  u_core/MEM/SUB_TC_OP_1_Y_SUB_TC_OP17_Y_ADD_TC_OP_g1419/Y            -       B->Y    F     OA211x2_ASAP7_75t_R          2  4.0    37    86    1681    (-,-) 
  u_core/MEM/SUB_TC_OP_1_Y_SUB_TC_OP17_Y_ADD_TC_OP_g1413/Y            -       B->Y    R     NOR2x1_ASAP7_75t_R           3  4.9    81    49    1730    (-,-) 
  u_core/MEM/SUB_TC_OP_1_Y_SUB_TC_OP17_Y_ADD_TC_OP_g1406/Y            -       A2->Y   F     AOI211x1_ASAP7_75t_R         2  3.2    85    69    1799    (-,-) 
  u_core/MEM/g8870/Y                                                  -       A2->Y   F     AO222x2_ASAP7_75t_R          2  5.4    46    98    1897    (-,-) 
  u_core/MEM/g7111/Y                                                  -       A->Y    R     INVx4_ASAP7_75t_R           20 25.3    96    61    1958    (-,-) 
  u_core/MEM/drc_buf_sp8799/Y                                         -       A->Y    R     BUFx3_ASAP7_75t_R           12 15.4    80    78    2036    (-,-) 
  u_core/MEM/g7059/Y                                                  -       A2->Y   R     AO21x1_ASAP7_75t_R           1  2.4    42    54    2090    (-,-) 
  u_core/MEM/g7007/Y                                                  -       A->Y    F     NAND2x1_ASAP7_75t_R          4  5.6    58    42    2132    (-,-) 
  u_dcache/g63465/Y                                                   -       A->Y    F     HB3xp67_ASAP7_75t_R          2  3.1    64   114    2246    (-,-) 
  u_dcache/g65250/Y                                                   -       B->Y    R     NAND2xp5_ASAP7_75t_R         1  2.9    77    57    2303    (-,-) 
  u_dcache/g65188/Y                                                   -       B->Y    F     NAND4xp75_ASAP7_75t_R        4  4.9    84    60    2363    (-,-) 
  u_dcache/DATA_RAM_G_DATA_WAY[0].u_sram/G_SRAM_BANK[1].u_sram/wd[28] -       -       F     srambank_256x4x32_6t122      4    -     -     0    2363    (-,-) 
#------------------------------------------------------------------------------------------------------------------------------------------------------------



Path 90: MET (9 ps) Setup Check with Pin u_dcache/DATA_RAM_G_DATA_WAY[0].u_sram/G_SRAM_BANK[1].u_sram/clk->wd[30]
           View: view_ss
          Group: CLK_CPU
     Startpoint: (R) u_core/EX_MEM_ex_mem_instr_reg[30]/CLK
          Clock: (R) CLK_CPU
       Endpoint: (F) u_dcache/DATA_RAM_G_DATA_WAY[0].u_sram/G_SRAM_BANK[1].u_sram/wd[30]
          Clock: (R) CLK_CPU

                     Capture       Launch     
        Clock Edge:+    2500            0     
       Src Latency:+       0            0     
       Net Latency:+       0 (I)        0 (I) 
           Arrival:=    2500            0     
                                              
             Setup:-       3                  
       Uncertainty:-     125                  
     Required Time:=    2372                  
      Launch Clock:-       0                  
         Data Path:-    2363                  
             Slack:=       9                  

#------------------------------------------------------------------------------------------------------------------------------------------------------------
#                            Timing Point                             Flags    Arc    Edge          Cell            Fanout Load Trans Delay Arrival Instance 
#                                                                                                                          (fF)  (ps)  (ps)   (ps)  Location 
#------------------------------------------------------------------------------------------------------------------------------------------------------------
  u_core/EX_MEM_ex_mem_instr_reg[30]/CLK                              -       -       R     (arrival)                 8138    -    40     0       0    (-,-) 
  u_core/EX_MEM_ex_mem_instr_reg[30]/QN                               -       CLK->QN R     DFFASRHQNx1_ASAP7_75t_R      3  4.3    81   120     120    (-,-) 
  u_core/drc_bufs249173/Y                                             -       A->Y    F     INVxp67_ASAP7_75t_R          1  2.1    50    46     166    (-,-) 
  u_core/drc_bufs249171/Y                                             -       A->Y    R     INVx1_ASAP7_75t_R            4  6.2    95    62     228    (-,-) 
  u_core/MEM/g4988/Y                                                  -       A->Y    F     INVxp33_ASAP7_75t_R          1  2.0    78    67     295    (-,-) 
  u_core/MEM/g4984/Y                                                  -       B->Y    F     OR2x2_ASAP7_75t_R            3  6.1    42    70     365    (-,-) 
  u_core/MEM/g4981/Y                                                  -       B->Y    F     OR2x2_ASAP7_75t_R            2  4.0    32    54     419    (-,-) 
  u_core/MEM/g7287/Y                                                  -       A->Y    R     INVx2_ASAP7_75t_R            8 11.5    85    51     470    (-,-) 
  u_core/MEM/g4975/Y                                                  -       A->Y    F     INVx4_ASAP7_75t_R           16 21.1    69    59     529    (-,-) 
  u_core/MEM/g4861/Y                                                  -       B2->Y   F     AO22x1_ASAP7_75t_R           1  2.3    34    64     593    (-,-) 
  u_core/MEM/SUB_TC_OP_1_Y_SUB_TC_OP17_Y_ADD_TC_OP_g1630/Y            -       B->Y    R     XNOR2x2_ASAP7_75t_R          2  3.0    31    56     650    (-,-) 
  u_core/MEM/SUB_TC_OP_1_Y_SUB_TC_OP17_Y_ADD_TC_OP_g1551/Y            -       B->Y    F     NOR2xp33_ASAP7_75t_R         1  1.9    69    45     695    (-,-) 
  u_core/MEM/drc_bufs7776/Y                                           -       A->Y    R     INVxp67_ASAP7_75t_R          2  3.0    78    58     753    (-,-) 
  u_core/MEM/drc_bufs7775/Y                                           -       A->Y    F     INVxp33_ASAP7_75t_R          1  2.0    74    62     815    (-,-) 
  u_core/MEM/SUB_TC_OP_1_Y_SUB_TC_OP17_Y_ADD_TC_OP_g1471/Y            -       A1->Y   F     OA21x2_ASAP7_75t_R           2  4.1    32    60     875    (-,-) 
  u_core/MEM/SUB_TC_OP_1_Y_SUB_TC_OP17_Y_ADD_TC_OP_g1464/Y            -       A1->Y   R     OAI21x1_ASAP7_75t_R          3  4.8    86    50     924    (-,-) 
  u_core/MEM/SUB_TC_OP_1_Y_SUB_TC_OP17_Y_ADD_TC_OP_g1460/Y            -       A2->Y   R     AO21x1_ASAP7_75t_R           2  3.6    58    63     988    (-,-) 
  u_core/MEM/SUB_TC_OP_1_Y_SUB_TC_OP17_Y_ADD_TC_OP_g1457/Y            -       A1->Y   F     AOI21xp5_ASAP7_75t_R         2  3.1    71    53    1041    (-,-) 
  u_core/MEM/SUB_TC_OP_1_Y_SUB_TC_OP17_Y_ADD_TC_OP_g1455/Y            -       A2->Y   F     OA21x2_ASAP7_75t_R           3  5.4    38    68    1108    (-,-) 
  u_core/MEM/SUB_TC_OP_1_Y_SUB_TC_OP17_Y_ADD_TC_OP_g1454/Y            -       A->Y    R     NOR3x1_ASAP7_75t_R           2  3.0    61    38    1146    (-,-) 
  u_core/MEM/SUB_TC_OP_1_Y_SUB_TC_OP17_Y_ADD_TC_OP_g1450/Y            -       A2->Y   R     AO21x1_ASAP7_75t_R           2  4.0    64    61    1207    (-,-) 
  u_core/MEM/SUB_TC_OP_1_Y_SUB_TC_OP17_Y_ADD_TC_OP_g1446/Y            -       B->Y    F     NAND2x1_ASAP7_75t_R          3  5.3    62    49    1256    (-,-) 
  u_core/MEM/SUB_TC_OP_1_Y_SUB_TC_OP17_Y_ADD_TC_OP_g1444/Y            -       A->Y    R     NOR4xp75_ASAP7_75t_R         1  2.0    71    45    1300    (-,-) 
  u_core/MEM/SUB_TC_OP_1_Y_SUB_TC_OP17_Y_ADD_TC_OP_g1441/Y            -       A->Y    R     OR3x1_ASAP7_75t_R            4  6.5    97    73    1374    (-,-) 
  u_core/MEM/SUB_TC_OP_1_Y_SUB_TC_OP17_Y_ADD_TC_OP_g1440/Y            -       A->Y    F     INVxp67_ASAP7_75t_R          2  3.2    67    60    1434    (-,-) 
  u_core/MEM/SUB_TC_OP_1_Y_SUB_TC_OP17_Y_ADD_TC_OP_g1431/Y            -       A2->Y   F     OA21x2_ASAP7_75t_R           2  4.0    32    62    1496    (-,-) 
  u_core/MEM/SUB_TC_OP_1_Y_SUB_TC_OP17_Y_ADD_TC_OP_g1429/Y            -       B->Y    R     NOR2x1_ASAP7_75t_R           3  4.4    75    44    1540    (-,-) 
  u_core/MEM/SUB_TC_OP_1_Y_SUB_TC_OP17_Y_ADD_TC_OP_g1422/Y            -       B->Y    F     NAND2xp33_ASAP7_75t_R        1  1.9    69    54    1595    (-,-) 
  u_core/MEM/SUB_TC_OP_1_Y_SUB_TC_OP17_Y_ADD_TC_OP_g1419/Y            -       B->Y    F     OA211x2_ASAP7_75t_R          2  4.0    37    86    1681    (-,-) 
  u_core/MEM/SUB_TC_OP_1_Y_SUB_TC_OP17_Y_ADD_TC_OP_g1413/Y            -       B->Y    R     NOR2x1_ASAP7_75t_R           3  4.9    81    49    1730    (-,-) 
  u_core/MEM/SUB_TC_OP_1_Y_SUB_TC_OP17_Y_ADD_TC_OP_g1406/Y            -       A2->Y   F     AOI211x1_ASAP7_75t_R         2  3.2    85    69    1799    (-,-) 
  u_core/MEM/g8870/Y                                                  -       A2->Y   F     AO222x2_ASAP7_75t_R          2  5.4    46    98    1897    (-,-) 
  u_core/MEM/g7111/Y                                                  -       A->Y    R     INVx4_ASAP7_75t_R           20 25.3    96    61    1958    (-,-) 
  u_core/MEM/drc_buf_sp8799/Y                                         -       A->Y    R     BUFx3_ASAP7_75t_R           12 15.4    80    78    2036    (-,-) 
  u_core/MEM/g7046/Y                                                  -       A2->Y   R     AO21x1_ASAP7_75t_R           1  2.4    42    54    2090    (-,-) 
  u_core/MEM/g7005/Y                                                  -       A->Y    F     NAND2x1_ASAP7_75t_R          4  5.6    58    42    2132    (-,-) 
  u_dcache/g63478/Y                                                   -       A->Y    F     HB3xp67_ASAP7_75t_R          2  3.1    64   114    2246    (-,-) 
  u_dcache/g65252/Y                                                   -       B->Y    R     NAND2xp5_ASAP7_75t_R         1  2.9    77    57    2303    (-,-) 
  u_dcache/g65184/Y                                                   -       B->Y    F     NAND4xp75_ASAP7_75t_R        4  4.9    84    60    2363    (-,-) 
  u_dcache/DATA_RAM_G_DATA_WAY[0].u_sram/G_SRAM_BANK[1].u_sram/wd[30] -       -       F     srambank_256x4x32_6t122      4    -     -     0    2363    (-,-) 
#------------------------------------------------------------------------------------------------------------------------------------------------------------



Path 91: MET (9 ps) Setup Check with Pin u_dcache/DATA_RAM_G_DATA_WAY[0].u_sram/G_SRAM_BANK[0].u_sram/clk->wd[24]
           View: view_ss
          Group: CLK_CPU
     Startpoint: (R) u_core/EX_MEM_ex_mem_instr_reg[30]/CLK
          Clock: (R) CLK_CPU
       Endpoint: (F) u_dcache/DATA_RAM_G_DATA_WAY[0].u_sram/G_SRAM_BANK[0].u_sram/wd[24]
          Clock: (R) CLK_CPU

                     Capture       Launch     
        Clock Edge:+    2500            0     
       Src Latency:+       0            0     
       Net Latency:+       0 (I)        0 (I) 
           Arrival:=    2500            0     
                                              
             Setup:-       3                  
       Uncertainty:-     125                  
     Required Time:=    2372                  
      Launch Clock:-       0                  
         Data Path:-    2363                  
             Slack:=       9                  

#------------------------------------------------------------------------------------------------------------------------------------------------------------
#                            Timing Point                             Flags    Arc    Edge          Cell            Fanout Load Trans Delay Arrival Instance 
#                                                                                                                          (fF)  (ps)  (ps)   (ps)  Location 
#------------------------------------------------------------------------------------------------------------------------------------------------------------
  u_core/EX_MEM_ex_mem_instr_reg[30]/CLK                              -       -       R     (arrival)                 8138    -    40     0       0    (-,-) 
  u_core/EX_MEM_ex_mem_instr_reg[30]/QN                               -       CLK->QN R     DFFASRHQNx1_ASAP7_75t_R      3  4.3    81   120     120    (-,-) 
  u_core/drc_bufs249173/Y                                             -       A->Y    F     INVxp67_ASAP7_75t_R          1  2.1    50    46     166    (-,-) 
  u_core/drc_bufs249171/Y                                             -       A->Y    R     INVx1_ASAP7_75t_R            4  6.2    95    62     228    (-,-) 
  u_core/MEM/g4988/Y                                                  -       A->Y    F     INVxp33_ASAP7_75t_R          1  2.0    78    67     295    (-,-) 
  u_core/MEM/g4984/Y                                                  -       B->Y    F     OR2x2_ASAP7_75t_R            3  6.1    42    70     365    (-,-) 
  u_core/MEM/g4981/Y                                                  -       B->Y    F     OR2x2_ASAP7_75t_R            2  4.0    32    54     419    (-,-) 
  u_core/MEM/g7287/Y                                                  -       A->Y    R     INVx2_ASAP7_75t_R            8 11.5    85    51     470    (-,-) 
  u_core/MEM/g4975/Y                                                  -       A->Y    F     INVx4_ASAP7_75t_R           16 21.1    69    59     529    (-,-) 
  u_core/MEM/g4861/Y                                                  -       B2->Y   F     AO22x1_ASAP7_75t_R           1  2.3    34    64     593    (-,-) 
  u_core/MEM/SUB_TC_OP_1_Y_SUB_TC_OP17_Y_ADD_TC_OP_g1630/Y            -       B->Y    R     XNOR2x2_ASAP7_75t_R          2  3.0    31    56     650    (-,-) 
  u_core/MEM/SUB_TC_OP_1_Y_SUB_TC_OP17_Y_ADD_TC_OP_g1551/Y            -       B->Y    F     NOR2xp33_ASAP7_75t_R         1  1.9    69    45     695    (-,-) 
  u_core/MEM/drc_bufs7776/Y                                           -       A->Y    R     INVxp67_ASAP7_75t_R          2  3.0    78    58     753    (-,-) 
  u_core/MEM/drc_bufs7775/Y                                           -       A->Y    F     INVxp33_ASAP7_75t_R          1  2.0    74    62     815    (-,-) 
  u_core/MEM/SUB_TC_OP_1_Y_SUB_TC_OP17_Y_ADD_TC_OP_g1471/Y            -       A1->Y   F     OA21x2_ASAP7_75t_R           2  4.1    32    60     875    (-,-) 
  u_core/MEM/SUB_TC_OP_1_Y_SUB_TC_OP17_Y_ADD_TC_OP_g1464/Y            -       A1->Y   R     OAI21x1_ASAP7_75t_R          3  4.8    86    50     924    (-,-) 
  u_core/MEM/SUB_TC_OP_1_Y_SUB_TC_OP17_Y_ADD_TC_OP_g1460/Y            -       A2->Y   R     AO21x1_ASAP7_75t_R           2  3.6    58    63     988    (-,-) 
  u_core/MEM/SUB_TC_OP_1_Y_SUB_TC_OP17_Y_ADD_TC_OP_g1457/Y            -       A1->Y   F     AOI21xp5_ASAP7_75t_R         2  3.1    71    53    1041    (-,-) 
  u_core/MEM/SUB_TC_OP_1_Y_SUB_TC_OP17_Y_ADD_TC_OP_g1455/Y            -       A2->Y   F     OA21x2_ASAP7_75t_R           3  5.4    38    68    1108    (-,-) 
  u_core/MEM/SUB_TC_OP_1_Y_SUB_TC_OP17_Y_ADD_TC_OP_g1454/Y            -       A->Y    R     NOR3x1_ASAP7_75t_R           2  3.0    61    38    1146    (-,-) 
  u_core/MEM/SUB_TC_OP_1_Y_SUB_TC_OP17_Y_ADD_TC_OP_g1450/Y            -       A2->Y   R     AO21x1_ASAP7_75t_R           2  4.0    64    61    1207    (-,-) 
  u_core/MEM/SUB_TC_OP_1_Y_SUB_TC_OP17_Y_ADD_TC_OP_g1446/Y            -       B->Y    F     NAND2x1_ASAP7_75t_R          3  5.3    62    49    1256    (-,-) 
  u_core/MEM/SUB_TC_OP_1_Y_SUB_TC_OP17_Y_ADD_TC_OP_g1444/Y            -       A->Y    R     NOR4xp75_ASAP7_75t_R         1  2.0    71    45    1300    (-,-) 
  u_core/MEM/SUB_TC_OP_1_Y_SUB_TC_OP17_Y_ADD_TC_OP_g1441/Y            -       A->Y    R     OR3x1_ASAP7_75t_R            4  6.5    97    73    1374    (-,-) 
  u_core/MEM/SUB_TC_OP_1_Y_SUB_TC_OP17_Y_ADD_TC_OP_g1440/Y            -       A->Y    F     INVxp67_ASAP7_75t_R          2  3.2    67    60    1434    (-,-) 
  u_core/MEM/SUB_TC_OP_1_Y_SUB_TC_OP17_Y_ADD_TC_OP_g1431/Y            -       A2->Y   F     OA21x2_ASAP7_75t_R           2  4.0    32    62    1496    (-,-) 
  u_core/MEM/SUB_TC_OP_1_Y_SUB_TC_OP17_Y_ADD_TC_OP_g1429/Y            -       B->Y    R     NOR2x1_ASAP7_75t_R           3  4.4    75    44    1540    (-,-) 
  u_core/MEM/SUB_TC_OP_1_Y_SUB_TC_OP17_Y_ADD_TC_OP_g1422/Y            -       B->Y    F     NAND2xp33_ASAP7_75t_R        1  1.9    69    54    1595    (-,-) 
  u_core/MEM/SUB_TC_OP_1_Y_SUB_TC_OP17_Y_ADD_TC_OP_g1419/Y            -       B->Y    F     OA211x2_ASAP7_75t_R          2  4.0    37    86    1681    (-,-) 
  u_core/MEM/SUB_TC_OP_1_Y_SUB_TC_OP17_Y_ADD_TC_OP_g1413/Y            -       B->Y    R     NOR2x1_ASAP7_75t_R           3  4.9    81    49    1730    (-,-) 
  u_core/MEM/SUB_TC_OP_1_Y_SUB_TC_OP17_Y_ADD_TC_OP_g1406/Y            -       A2->Y   F     AOI211x1_ASAP7_75t_R         2  3.2    85    69    1799    (-,-) 
  u_core/MEM/g8870/Y                                                  -       A2->Y   F     AO222x2_ASAP7_75t_R          2  5.4    46    98    1897    (-,-) 
  u_core/MEM/g7111/Y                                                  -       A->Y    R     INVx4_ASAP7_75t_R           20 25.3    96    61    1958    (-,-) 
  u_core/MEM/drc_buf_sp8799/Y                                         -       A->Y    R     BUFx3_ASAP7_75t_R           12 15.4    80    78    2036    (-,-) 
  u_core/MEM/g7057/Y                                                  -       A2->Y   R     AO21x1_ASAP7_75t_R           1  2.4    42    54    2090    (-,-) 
  u_core/MEM/g6995/Y                                                  -       A->Y    F     NAND2x1_ASAP7_75t_R          4  5.6    58    42    2132    (-,-) 
  u_dcache/g63466/Y                                                   -       A->Y    F     HB3xp67_ASAP7_75t_R          2  3.1    64   114    2246    (-,-) 
  u_dcache/g65249/Y                                                   -       B->Y    R     NAND2xp5_ASAP7_75t_R         1  2.9    77    57    2303    (-,-) 
  u_dcache/g65186/Y                                                   -       B->Y    F     NAND4xp75_ASAP7_75t_R        4  4.9    84    60    2363    (-,-) 
  u_dcache/DATA_RAM_G_DATA_WAY[0].u_sram/G_SRAM_BANK[0].u_sram/wd[24] -       -       F     srambank_256x4x32_6t122      4    -     -     0    2363    (-,-) 
#------------------------------------------------------------------------------------------------------------------------------------------------------------



Path 92: MET (9 ps) Setup Check with Pin u_dcache/DATA_RAM_G_DATA_WAY[0].u_sram/G_SRAM_BANK[0].u_sram/clk->wd[25]
           View: view_ss
          Group: CLK_CPU
     Startpoint: (R) u_core/EX_MEM_ex_mem_instr_reg[30]/CLK
          Clock: (R) CLK_CPU
       Endpoint: (F) u_dcache/DATA_RAM_G_DATA_WAY[0].u_sram/G_SRAM_BANK[0].u_sram/wd[25]
          Clock: (R) CLK_CPU

                     Capture       Launch     
        Clock Edge:+    2500            0     
       Src Latency:+       0            0     
       Net Latency:+       0 (I)        0 (I) 
           Arrival:=    2500            0     
                                              
             Setup:-       3                  
       Uncertainty:-     125                  
     Required Time:=    2372                  
      Launch Clock:-       0                  
         Data Path:-    2363                  
             Slack:=       9                  

#------------------------------------------------------------------------------------------------------------------------------------------------------------
#                            Timing Point                             Flags    Arc    Edge          Cell            Fanout Load Trans Delay Arrival Instance 
#                                                                                                                          (fF)  (ps)  (ps)   (ps)  Location 
#------------------------------------------------------------------------------------------------------------------------------------------------------------
  u_core/EX_MEM_ex_mem_instr_reg[30]/CLK                              -       -       R     (arrival)                 8138    -    40     0       0    (-,-) 
  u_core/EX_MEM_ex_mem_instr_reg[30]/QN                               -       CLK->QN R     DFFASRHQNx1_ASAP7_75t_R      3  4.3    81   120     120    (-,-) 
  u_core/drc_bufs249173/Y                                             -       A->Y    F     INVxp67_ASAP7_75t_R          1  2.1    50    46     166    (-,-) 
  u_core/drc_bufs249171/Y                                             -       A->Y    R     INVx1_ASAP7_75t_R            4  6.2    95    62     228    (-,-) 
  u_core/MEM/g4988/Y                                                  -       A->Y    F     INVxp33_ASAP7_75t_R          1  2.0    78    67     295    (-,-) 
  u_core/MEM/g4984/Y                                                  -       B->Y    F     OR2x2_ASAP7_75t_R            3  6.1    42    70     365    (-,-) 
  u_core/MEM/g4981/Y                                                  -       B->Y    F     OR2x2_ASAP7_75t_R            2  4.0    32    54     419    (-,-) 
  u_core/MEM/g7287/Y                                                  -       A->Y    R     INVx2_ASAP7_75t_R            8 11.5    85    51     470    (-,-) 
  u_core/MEM/g4975/Y                                                  -       A->Y    F     INVx4_ASAP7_75t_R           16 21.1    69    59     529    (-,-) 
  u_core/MEM/g4861/Y                                                  -       B2->Y   F     AO22x1_ASAP7_75t_R           1  2.3    34    64     593    (-,-) 
  u_core/MEM/SUB_TC_OP_1_Y_SUB_TC_OP17_Y_ADD_TC_OP_g1630/Y            -       B->Y    R     XNOR2x2_ASAP7_75t_R          2  3.0    31    56     650    (-,-) 
  u_core/MEM/SUB_TC_OP_1_Y_SUB_TC_OP17_Y_ADD_TC_OP_g1551/Y            -       B->Y    F     NOR2xp33_ASAP7_75t_R         1  1.9    69    45     695    (-,-) 
  u_core/MEM/drc_bufs7776/Y                                           -       A->Y    R     INVxp67_ASAP7_75t_R          2  3.0    78    58     753    (-,-) 
  u_core/MEM/drc_bufs7775/Y                                           -       A->Y    F     INVxp33_ASAP7_75t_R          1  2.0    74    62     815    (-,-) 
  u_core/MEM/SUB_TC_OP_1_Y_SUB_TC_OP17_Y_ADD_TC_OP_g1471/Y            -       A1->Y   F     OA21x2_ASAP7_75t_R           2  4.1    32    60     875    (-,-) 
  u_core/MEM/SUB_TC_OP_1_Y_SUB_TC_OP17_Y_ADD_TC_OP_g1464/Y            -       A1->Y   R     OAI21x1_ASAP7_75t_R          3  4.8    86    50     924    (-,-) 
  u_core/MEM/SUB_TC_OP_1_Y_SUB_TC_OP17_Y_ADD_TC_OP_g1460/Y            -       A2->Y   R     AO21x1_ASAP7_75t_R           2  3.6    58    63     988    (-,-) 
  u_core/MEM/SUB_TC_OP_1_Y_SUB_TC_OP17_Y_ADD_TC_OP_g1457/Y            -       A1->Y   F     AOI21xp5_ASAP7_75t_R         2  3.1    71    53    1041    (-,-) 
  u_core/MEM/SUB_TC_OP_1_Y_SUB_TC_OP17_Y_ADD_TC_OP_g1455/Y            -       A2->Y   F     OA21x2_ASAP7_75t_R           3  5.4    38    68    1108    (-,-) 
  u_core/MEM/SUB_TC_OP_1_Y_SUB_TC_OP17_Y_ADD_TC_OP_g1454/Y            -       A->Y    R     NOR3x1_ASAP7_75t_R           2  3.0    61    38    1146    (-,-) 
  u_core/MEM/SUB_TC_OP_1_Y_SUB_TC_OP17_Y_ADD_TC_OP_g1450/Y            -       A2->Y   R     AO21x1_ASAP7_75t_R           2  4.0    64    61    1207    (-,-) 
  u_core/MEM/SUB_TC_OP_1_Y_SUB_TC_OP17_Y_ADD_TC_OP_g1446/Y            -       B->Y    F     NAND2x1_ASAP7_75t_R          3  5.3    62    49    1256    (-,-) 
  u_core/MEM/SUB_TC_OP_1_Y_SUB_TC_OP17_Y_ADD_TC_OP_g1444/Y            -       A->Y    R     NOR4xp75_ASAP7_75t_R         1  2.0    71    45    1300    (-,-) 
  u_core/MEM/SUB_TC_OP_1_Y_SUB_TC_OP17_Y_ADD_TC_OP_g1441/Y            -       A->Y    R     OR3x1_ASAP7_75t_R            4  6.5    97    73    1374    (-,-) 
  u_core/MEM/SUB_TC_OP_1_Y_SUB_TC_OP17_Y_ADD_TC_OP_g1440/Y            -       A->Y    F     INVxp67_ASAP7_75t_R          2  3.2    67    60    1434    (-,-) 
  u_core/MEM/SUB_TC_OP_1_Y_SUB_TC_OP17_Y_ADD_TC_OP_g1431/Y            -       A2->Y   F     OA21x2_ASAP7_75t_R           2  4.0    32    62    1496    (-,-) 
  u_core/MEM/SUB_TC_OP_1_Y_SUB_TC_OP17_Y_ADD_TC_OP_g1429/Y            -       B->Y    R     NOR2x1_ASAP7_75t_R           3  4.4    75    44    1540    (-,-) 
  u_core/MEM/SUB_TC_OP_1_Y_SUB_TC_OP17_Y_ADD_TC_OP_g1422/Y            -       B->Y    F     NAND2xp33_ASAP7_75t_R        1  1.9    69    54    1595    (-,-) 
  u_core/MEM/SUB_TC_OP_1_Y_SUB_TC_OP17_Y_ADD_TC_OP_g1419/Y            -       B->Y    F     OA211x2_ASAP7_75t_R          2  4.0    37    86    1681    (-,-) 
  u_core/MEM/SUB_TC_OP_1_Y_SUB_TC_OP17_Y_ADD_TC_OP_g1413/Y            -       B->Y    R     NOR2x1_ASAP7_75t_R           3  4.9    81    49    1730    (-,-) 
  u_core/MEM/SUB_TC_OP_1_Y_SUB_TC_OP17_Y_ADD_TC_OP_g1406/Y            -       A2->Y   F     AOI211x1_ASAP7_75t_R         2  3.2    85    69    1799    (-,-) 
  u_core/MEM/g8870/Y                                                  -       A2->Y   F     AO222x2_ASAP7_75t_R          2  5.4    46    98    1897    (-,-) 
  u_core/MEM/g7111/Y                                                  -       A->Y    R     INVx4_ASAP7_75t_R           20 25.3    96    61    1958    (-,-) 
  u_core/MEM/drc_buf_sp8799/Y                                         -       A->Y    R     BUFx3_ASAP7_75t_R           12 15.4    80    78    2036    (-,-) 
  u_core/MEM/g7061/Y                                                  -       A2->Y   R     AO21x1_ASAP7_75t_R           1  2.4    42    54    2090    (-,-) 
  u_core/MEM/g7009/Y                                                  -       A->Y    F     NAND2x1_ASAP7_75t_R          4  5.6    58    42    2132    (-,-) 
  u_dcache/g63472/Y                                                   -       A->Y    F     HB3xp67_ASAP7_75t_R          2  3.1    64   114    2246    (-,-) 
  u_dcache/g65248/Y                                                   -       B->Y    R     NAND2xp5_ASAP7_75t_R         1  2.9    77    57    2303    (-,-) 
  u_dcache/g65185/Y                                                   -       B->Y    F     NAND4xp75_ASAP7_75t_R        4  4.9    84    60    2363    (-,-) 
  u_dcache/DATA_RAM_G_DATA_WAY[0].u_sram/G_SRAM_BANK[0].u_sram/wd[25] -       -       F     srambank_256x4x32_6t122      4    -     -     0    2363    (-,-) 
#------------------------------------------------------------------------------------------------------------------------------------------------------------



Path 93: MET (9 ps) Setup Check with Pin u_dcache/DATA_RAM_G_DATA_WAY[0].u_sram/G_SRAM_BANK[0].u_sram/clk->wd[28]
           View: view_ss
          Group: CLK_CPU
     Startpoint: (R) u_core/EX_MEM_ex_mem_instr_reg[30]/CLK
          Clock: (R) CLK_CPU
       Endpoint: (F) u_dcache/DATA_RAM_G_DATA_WAY[0].u_sram/G_SRAM_BANK[0].u_sram/wd[28]
          Clock: (R) CLK_CPU

                     Capture       Launch     
        Clock Edge:+    2500            0     
       Src Latency:+       0            0     
       Net Latency:+       0 (I)        0 (I) 
           Arrival:=    2500            0     
                                              
             Setup:-       3                  
       Uncertainty:-     125                  
     Required Time:=    2372                  
      Launch Clock:-       0                  
         Data Path:-    2363                  
             Slack:=       9                  

#------------------------------------------------------------------------------------------------------------------------------------------------------------
#                            Timing Point                             Flags    Arc    Edge          Cell            Fanout Load Trans Delay Arrival Instance 
#                                                                                                                          (fF)  (ps)  (ps)   (ps)  Location 
#------------------------------------------------------------------------------------------------------------------------------------------------------------
  u_core/EX_MEM_ex_mem_instr_reg[30]/CLK                              -       -       R     (arrival)                 8138    -    40     0       0    (-,-) 
  u_core/EX_MEM_ex_mem_instr_reg[30]/QN                               -       CLK->QN R     DFFASRHQNx1_ASAP7_75t_R      3  4.3    81   120     120    (-,-) 
  u_core/drc_bufs249173/Y                                             -       A->Y    F     INVxp67_ASAP7_75t_R          1  2.1    50    46     166    (-,-) 
  u_core/drc_bufs249171/Y                                             -       A->Y    R     INVx1_ASAP7_75t_R            4  6.2    95    62     228    (-,-) 
  u_core/MEM/g4988/Y                                                  -       A->Y    F     INVxp33_ASAP7_75t_R          1  2.0    78    67     295    (-,-) 
  u_core/MEM/g4984/Y                                                  -       B->Y    F     OR2x2_ASAP7_75t_R            3  6.1    42    70     365    (-,-) 
  u_core/MEM/g4981/Y                                                  -       B->Y    F     OR2x2_ASAP7_75t_R            2  4.0    32    54     419    (-,-) 
  u_core/MEM/g7287/Y                                                  -       A->Y    R     INVx2_ASAP7_75t_R            8 11.5    85    51     470    (-,-) 
  u_core/MEM/g4975/Y                                                  -       A->Y    F     INVx4_ASAP7_75t_R           16 21.1    69    59     529    (-,-) 
  u_core/MEM/g4861/Y                                                  -       B2->Y   F     AO22x1_ASAP7_75t_R           1  2.3    34    64     593    (-,-) 
  u_core/MEM/SUB_TC_OP_1_Y_SUB_TC_OP17_Y_ADD_TC_OP_g1630/Y            -       B->Y    R     XNOR2x2_ASAP7_75t_R          2  3.0    31    56     650    (-,-) 
  u_core/MEM/SUB_TC_OP_1_Y_SUB_TC_OP17_Y_ADD_TC_OP_g1551/Y            -       B->Y    F     NOR2xp33_ASAP7_75t_R         1  1.9    69    45     695    (-,-) 
  u_core/MEM/drc_bufs7776/Y                                           -       A->Y    R     INVxp67_ASAP7_75t_R          2  3.0    78    58     753    (-,-) 
  u_core/MEM/drc_bufs7775/Y                                           -       A->Y    F     INVxp33_ASAP7_75t_R          1  2.0    74    62     815    (-,-) 
  u_core/MEM/SUB_TC_OP_1_Y_SUB_TC_OP17_Y_ADD_TC_OP_g1471/Y            -       A1->Y   F     OA21x2_ASAP7_75t_R           2  4.1    32    60     875    (-,-) 
  u_core/MEM/SUB_TC_OP_1_Y_SUB_TC_OP17_Y_ADD_TC_OP_g1464/Y            -       A1->Y   R     OAI21x1_ASAP7_75t_R          3  4.8    86    50     924    (-,-) 
  u_core/MEM/SUB_TC_OP_1_Y_SUB_TC_OP17_Y_ADD_TC_OP_g1460/Y            -       A2->Y   R     AO21x1_ASAP7_75t_R           2  3.6    58    63     988    (-,-) 
  u_core/MEM/SUB_TC_OP_1_Y_SUB_TC_OP17_Y_ADD_TC_OP_g1457/Y            -       A1->Y   F     AOI21xp5_ASAP7_75t_R         2  3.1    71    53    1041    (-,-) 
  u_core/MEM/SUB_TC_OP_1_Y_SUB_TC_OP17_Y_ADD_TC_OP_g1455/Y            -       A2->Y   F     OA21x2_ASAP7_75t_R           3  5.4    38    68    1108    (-,-) 
  u_core/MEM/SUB_TC_OP_1_Y_SUB_TC_OP17_Y_ADD_TC_OP_g1454/Y            -       A->Y    R     NOR3x1_ASAP7_75t_R           2  3.0    61    38    1146    (-,-) 
  u_core/MEM/SUB_TC_OP_1_Y_SUB_TC_OP17_Y_ADD_TC_OP_g1450/Y            -       A2->Y   R     AO21x1_ASAP7_75t_R           2  4.0    64    61    1207    (-,-) 
  u_core/MEM/SUB_TC_OP_1_Y_SUB_TC_OP17_Y_ADD_TC_OP_g1446/Y            -       B->Y    F     NAND2x1_ASAP7_75t_R          3  5.3    62    49    1256    (-,-) 
  u_core/MEM/SUB_TC_OP_1_Y_SUB_TC_OP17_Y_ADD_TC_OP_g1444/Y            -       A->Y    R     NOR4xp75_ASAP7_75t_R         1  2.0    71    45    1300    (-,-) 
  u_core/MEM/SUB_TC_OP_1_Y_SUB_TC_OP17_Y_ADD_TC_OP_g1441/Y            -       A->Y    R     OR3x1_ASAP7_75t_R            4  6.5    97    73    1374    (-,-) 
  u_core/MEM/SUB_TC_OP_1_Y_SUB_TC_OP17_Y_ADD_TC_OP_g1440/Y            -       A->Y    F     INVxp67_ASAP7_75t_R          2  3.2    67    60    1434    (-,-) 
  u_core/MEM/SUB_TC_OP_1_Y_SUB_TC_OP17_Y_ADD_TC_OP_g1431/Y            -       A2->Y   F     OA21x2_ASAP7_75t_R           2  4.0    32    62    1496    (-,-) 
  u_core/MEM/SUB_TC_OP_1_Y_SUB_TC_OP17_Y_ADD_TC_OP_g1429/Y            -       B->Y    R     NOR2x1_ASAP7_75t_R           3  4.4    75    44    1540    (-,-) 
  u_core/MEM/SUB_TC_OP_1_Y_SUB_TC_OP17_Y_ADD_TC_OP_g1422/Y            -       B->Y    F     NAND2xp33_ASAP7_75t_R        1  1.9    69    54    1595    (-,-) 
  u_core/MEM/SUB_TC_OP_1_Y_SUB_TC_OP17_Y_ADD_TC_OP_g1419/Y            -       B->Y    F     OA211x2_ASAP7_75t_R          2  4.0    37    86    1681    (-,-) 
  u_core/MEM/SUB_TC_OP_1_Y_SUB_TC_OP17_Y_ADD_TC_OP_g1413/Y            -       B->Y    R     NOR2x1_ASAP7_75t_R           3  4.9    81    49    1730    (-,-) 
  u_core/MEM/SUB_TC_OP_1_Y_SUB_TC_OP17_Y_ADD_TC_OP_g1406/Y            -       A2->Y   F     AOI211x1_ASAP7_75t_R         2  3.2    85    69    1799    (-,-) 
  u_core/MEM/g8870/Y                                                  -       A2->Y   F     AO222x2_ASAP7_75t_R          2  5.4    46    98    1897    (-,-) 
  u_core/MEM/g7111/Y                                                  -       A->Y    R     INVx4_ASAP7_75t_R           20 25.3    96    61    1958    (-,-) 
  u_core/MEM/drc_buf_sp8799/Y                                         -       A->Y    R     BUFx3_ASAP7_75t_R           12 15.4    80    78    2036    (-,-) 
  u_core/MEM/g7059/Y                                                  -       A2->Y   R     AO21x1_ASAP7_75t_R           1  2.4    42    54    2090    (-,-) 
  u_core/MEM/g7007/Y                                                  -       A->Y    F     NAND2x1_ASAP7_75t_R          4  5.6    58    42    2132    (-,-) 
  u_dcache/g63465/Y                                                   -       A->Y    F     HB3xp67_ASAP7_75t_R          2  3.1    64   114    2246    (-,-) 
  u_dcache/g65250/Y                                                   -       B->Y    R     NAND2xp5_ASAP7_75t_R         1  2.9    77    57    2303    (-,-) 
  u_dcache/g65188/Y                                                   -       B->Y    F     NAND4xp75_ASAP7_75t_R        4  4.9    84    60    2363    (-,-) 
  u_dcache/DATA_RAM_G_DATA_WAY[0].u_sram/G_SRAM_BANK[0].u_sram/wd[28] -       -       F     srambank_256x4x32_6t122      4    -     -     0    2363    (-,-) 
#------------------------------------------------------------------------------------------------------------------------------------------------------------



Path 94: MET (9 ps) Setup Check with Pin u_dcache/DATA_RAM_G_DATA_WAY[0].u_sram/G_SRAM_BANK[0].u_sram/clk->wd[30]
           View: view_ss
          Group: CLK_CPU
     Startpoint: (R) u_core/EX_MEM_ex_mem_instr_reg[30]/CLK
          Clock: (R) CLK_CPU
       Endpoint: (F) u_dcache/DATA_RAM_G_DATA_WAY[0].u_sram/G_SRAM_BANK[0].u_sram/wd[30]
          Clock: (R) CLK_CPU

                     Capture       Launch     
        Clock Edge:+    2500            0     
       Src Latency:+       0            0     
       Net Latency:+       0 (I)        0 (I) 
           Arrival:=    2500            0     
                                              
             Setup:-       3                  
       Uncertainty:-     125                  
     Required Time:=    2372                  
      Launch Clock:-       0                  
         Data Path:-    2363                  
             Slack:=       9                  

#------------------------------------------------------------------------------------------------------------------------------------------------------------
#                            Timing Point                             Flags    Arc    Edge          Cell            Fanout Load Trans Delay Arrival Instance 
#                                                                                                                          (fF)  (ps)  (ps)   (ps)  Location 
#------------------------------------------------------------------------------------------------------------------------------------------------------------
  u_core/EX_MEM_ex_mem_instr_reg[30]/CLK                              -       -       R     (arrival)                 8138    -    40     0       0    (-,-) 
  u_core/EX_MEM_ex_mem_instr_reg[30]/QN                               -       CLK->QN R     DFFASRHQNx1_ASAP7_75t_R      3  4.3    81   120     120    (-,-) 
  u_core/drc_bufs249173/Y                                             -       A->Y    F     INVxp67_ASAP7_75t_R          1  2.1    50    46     166    (-,-) 
  u_core/drc_bufs249171/Y                                             -       A->Y    R     INVx1_ASAP7_75t_R            4  6.2    95    62     228    (-,-) 
  u_core/MEM/g4988/Y                                                  -       A->Y    F     INVxp33_ASAP7_75t_R          1  2.0    78    67     295    (-,-) 
  u_core/MEM/g4984/Y                                                  -       B->Y    F     OR2x2_ASAP7_75t_R            3  6.1    42    70     365    (-,-) 
  u_core/MEM/g4981/Y                                                  -       B->Y    F     OR2x2_ASAP7_75t_R            2  4.0    32    54     419    (-,-) 
  u_core/MEM/g7287/Y                                                  -       A->Y    R     INVx2_ASAP7_75t_R            8 11.5    85    51     470    (-,-) 
  u_core/MEM/g4975/Y                                                  -       A->Y    F     INVx4_ASAP7_75t_R           16 21.1    69    59     529    (-,-) 
  u_core/MEM/g4861/Y                                                  -       B2->Y   F     AO22x1_ASAP7_75t_R           1  2.3    34    64     593    (-,-) 
  u_core/MEM/SUB_TC_OP_1_Y_SUB_TC_OP17_Y_ADD_TC_OP_g1630/Y            -       B->Y    R     XNOR2x2_ASAP7_75t_R          2  3.0    31    56     650    (-,-) 
  u_core/MEM/SUB_TC_OP_1_Y_SUB_TC_OP17_Y_ADD_TC_OP_g1551/Y            -       B->Y    F     NOR2xp33_ASAP7_75t_R         1  1.9    69    45     695    (-,-) 
  u_core/MEM/drc_bufs7776/Y                                           -       A->Y    R     INVxp67_ASAP7_75t_R          2  3.0    78    58     753    (-,-) 
  u_core/MEM/drc_bufs7775/Y                                           -       A->Y    F     INVxp33_ASAP7_75t_R          1  2.0    74    62     815    (-,-) 
  u_core/MEM/SUB_TC_OP_1_Y_SUB_TC_OP17_Y_ADD_TC_OP_g1471/Y            -       A1->Y   F     OA21x2_ASAP7_75t_R           2  4.1    32    60     875    (-,-) 
  u_core/MEM/SUB_TC_OP_1_Y_SUB_TC_OP17_Y_ADD_TC_OP_g1464/Y            -       A1->Y   R     OAI21x1_ASAP7_75t_R          3  4.8    86    50     924    (-,-) 
  u_core/MEM/SUB_TC_OP_1_Y_SUB_TC_OP17_Y_ADD_TC_OP_g1460/Y            -       A2->Y   R     AO21x1_ASAP7_75t_R           2  3.6    58    63     988    (-,-) 
  u_core/MEM/SUB_TC_OP_1_Y_SUB_TC_OP17_Y_ADD_TC_OP_g1457/Y            -       A1->Y   F     AOI21xp5_ASAP7_75t_R         2  3.1    71    53    1041    (-,-) 
  u_core/MEM/SUB_TC_OP_1_Y_SUB_TC_OP17_Y_ADD_TC_OP_g1455/Y            -       A2->Y   F     OA21x2_ASAP7_75t_R           3  5.4    38    68    1108    (-,-) 
  u_core/MEM/SUB_TC_OP_1_Y_SUB_TC_OP17_Y_ADD_TC_OP_g1454/Y            -       A->Y    R     NOR3x1_ASAP7_75t_R           2  3.0    61    38    1146    (-,-) 
  u_core/MEM/SUB_TC_OP_1_Y_SUB_TC_OP17_Y_ADD_TC_OP_g1450/Y            -       A2->Y   R     AO21x1_ASAP7_75t_R           2  4.0    64    61    1207    (-,-) 
  u_core/MEM/SUB_TC_OP_1_Y_SUB_TC_OP17_Y_ADD_TC_OP_g1446/Y            -       B->Y    F     NAND2x1_ASAP7_75t_R          3  5.3    62    49    1256    (-,-) 
  u_core/MEM/SUB_TC_OP_1_Y_SUB_TC_OP17_Y_ADD_TC_OP_g1444/Y            -       A->Y    R     NOR4xp75_ASAP7_75t_R         1  2.0    71    45    1300    (-,-) 
  u_core/MEM/SUB_TC_OP_1_Y_SUB_TC_OP17_Y_ADD_TC_OP_g1441/Y            -       A->Y    R     OR3x1_ASAP7_75t_R            4  6.5    97    73    1374    (-,-) 
  u_core/MEM/SUB_TC_OP_1_Y_SUB_TC_OP17_Y_ADD_TC_OP_g1440/Y            -       A->Y    F     INVxp67_ASAP7_75t_R          2  3.2    67    60    1434    (-,-) 
  u_core/MEM/SUB_TC_OP_1_Y_SUB_TC_OP17_Y_ADD_TC_OP_g1431/Y            -       A2->Y   F     OA21x2_ASAP7_75t_R           2  4.0    32    62    1496    (-,-) 
  u_core/MEM/SUB_TC_OP_1_Y_SUB_TC_OP17_Y_ADD_TC_OP_g1429/Y            -       B->Y    R     NOR2x1_ASAP7_75t_R           3  4.4    75    44    1540    (-,-) 
  u_core/MEM/SUB_TC_OP_1_Y_SUB_TC_OP17_Y_ADD_TC_OP_g1422/Y            -       B->Y    F     NAND2xp33_ASAP7_75t_R        1  1.9    69    54    1595    (-,-) 
  u_core/MEM/SUB_TC_OP_1_Y_SUB_TC_OP17_Y_ADD_TC_OP_g1419/Y            -       B->Y    F     OA211x2_ASAP7_75t_R          2  4.0    37    86    1681    (-,-) 
  u_core/MEM/SUB_TC_OP_1_Y_SUB_TC_OP17_Y_ADD_TC_OP_g1413/Y            -       B->Y    R     NOR2x1_ASAP7_75t_R           3  4.9    81    49    1730    (-,-) 
  u_core/MEM/SUB_TC_OP_1_Y_SUB_TC_OP17_Y_ADD_TC_OP_g1406/Y            -       A2->Y   F     AOI211x1_ASAP7_75t_R         2  3.2    85    69    1799    (-,-) 
  u_core/MEM/g8870/Y                                                  -       A2->Y   F     AO222x2_ASAP7_75t_R          2  5.4    46    98    1897    (-,-) 
  u_core/MEM/g7111/Y                                                  -       A->Y    R     INVx4_ASAP7_75t_R           20 25.3    96    61    1958    (-,-) 
  u_core/MEM/drc_buf_sp8799/Y                                         -       A->Y    R     BUFx3_ASAP7_75t_R           12 15.4    80    78    2036    (-,-) 
  u_core/MEM/g7046/Y                                                  -       A2->Y   R     AO21x1_ASAP7_75t_R           1  2.4    42    54    2090    (-,-) 
  u_core/MEM/g7005/Y                                                  -       A->Y    F     NAND2x1_ASAP7_75t_R          4  5.6    58    42    2132    (-,-) 
  u_dcache/g63478/Y                                                   -       A->Y    F     HB3xp67_ASAP7_75t_R          2  3.1    64   114    2246    (-,-) 
  u_dcache/g65252/Y                                                   -       B->Y    R     NAND2xp5_ASAP7_75t_R         1  2.9    77    57    2303    (-,-) 
  u_dcache/g65184/Y                                                   -       B->Y    F     NAND4xp75_ASAP7_75t_R        4  4.9    84    60    2363    (-,-) 
  u_dcache/DATA_RAM_G_DATA_WAY[0].u_sram/G_SRAM_BANK[0].u_sram/wd[30] -       -       F     srambank_256x4x32_6t122      4    -     -     0    2363    (-,-) 
#------------------------------------------------------------------------------------------------------------------------------------------------------------



Path 95: MET (9 ps) Setup Check with Pin u_axi_apb_dma_u_dma_engine_gen_ch[3].u_ch_rd_addr_reg[31]/CLK->D
           View: view_ss
          Group: CLK_AXI
     Startpoint: (R) u_axi_apb_dma_u_dma_engine_ch_bmax_reg[3][6]/CLK
          Clock: (R) CLK_AXI
       Endpoint: (R) u_axi_apb_dma_u_dma_engine_gen_ch[3].u_ch_rd_addr_reg[31]/D
          Clock: (R) CLK_AXI

                     Capture       Launch     
        Clock Edge:+    5000            0     
       Src Latency:+     100          150     
       Net Latency:+       0 (I)        0 (I) 
           Arrival:=    5100          150     
                                              
             Setup:-      36                  
       Uncertainty:-     150                  
     Required Time:=    4914                  
      Launch Clock:-     150                  
         Data Path:-    4755                  
             Slack:=       9                  

#----------------------------------------------------------------------------------------------------------------------------------------------------
#                        Timing Point                         Flags    Arc    Edge          Cell            Fanout Load Trans Delay Arrival Instance 
#                                                                                                                  (fF)  (ps)  (ps)   (ps)  Location 
#----------------------------------------------------------------------------------------------------------------------------------------------------
  u_axi_apb_dma_u_dma_engine_ch_bmax_reg[3][6]/CLK            -       -       R     (arrival)                24431    -    40     0     150    (-,-) 
  u_axi_apb_dma_u_dma_engine_ch_bmax_reg[3][6]/QN             -       CLK->QN F     DFFASRHQNx1_ASAP7_75t_R      3  4.0    71   124     274    (-,-) 
  g89642/Y                                                    -       A->Y    R     INVxp33_ASAP7_75t_R          1  2.0    98    70     344    (-,-) 
  g10287/Y                                                    -       B1->Y   R     OA31x2_ASAP7_75t_R          10 13.4   104   105     449    (-,-) 
  g199092/Y                                                   -       B->Y    F     NAND2x1_ASAP7_75t_R          5  6.4    81    65     514    (-,-) 
  g198626/Y                                                   -       B->Y    R     NOR2xp33_ASAP7_75t_R         2  2.9   140    87     601    (-,-) 
  g198549/Y                                                   -       A->Y    F     INVxp33_ASAP7_75t_R          1  2.0    90    80     682    (-,-) 
  g198382/Y                                                   -       A1->Y   R     AOI32xp33_ASAP7_75t_R        1  1.8   118    72     754    (-,-) 
  g198195/Y                                                   -       B->Y    F     NOR2xp33_ASAP7_75t_R         1  2.0    92    76     830    (-,-) 
  g198043/Y                                                   -       A->Y    F     OR5x1_ASAP7_75t_R            5  7.0    89   120     950    (-,-) 
  g198033/Y                                                   -       A->Y    R     INVx1_ASAP7_75t_R            7  8.9   139    94    1043    (-,-) 
  g198000/Y                                                   -       B->Y    F     NOR2xp33_ASAP7_75t_R         1  1.9    87    80    1124    (-,-) 
  drc_bufs2521/Y                                              -       A->Y    R     INVxp67_ASAP7_75t_R          3  4.1   103    75    1199    (-,-) 
  drc_bufs2520/Y                                              -       A->Y    F     INVxp33_ASAP7_75t_R          2  3.1   108    88    1287    (-,-) 
  g197795/Y                                                   -       A1->Y   R     OAI321xp33_ASAP7_75t_R       1  1.9   125    86    1373    (-,-) 
  g197666/Y                                                   -       B->Y    F     AOI21xp33_ASAP7_75t_R        1  2.0    81    55    1428    (-,-) 
  g197563/Y                                                   -       C->Y    R     A2O1A1Ixp33_ASAP7_75t_R      1  2.0    82    54    1482    (-,-) 
  g197561/Y                                                   -       B->Y    R     OR2x2_ASAP7_75t_R            8 11.4    87    82    1565    (-,-) 
  g197557/Y                                                   -       A->Y    F     INVx1_ASAP7_75t_R            6  9.1   102    80    1644    (-,-) 
  g197483/Y                                                   -       B2->Y   F     AO22x1_ASAP7_75t_R           4  5.7    66    89    1734    (-,-) 
  u_axi_apb_dma_u_dma_engine_gen_ch[3].u_ch_add_359_48_g504/Y -       B->Y    R     NAND2xp5_ASAP7_75t_R         3  5.5   138    83    1817    (-,-) 
  u_axi_apb_dma_u_dma_engine_gen_ch[3].u_ch_add_359_48_g503/Y -       A->Y    F     INVxp67_ASAP7_75t_R          1  2.1    63    58    1875    (-,-) 
  u_axi_apb_dma_u_dma_engine_gen_ch[3].u_ch_add_359_48_g495/Y -       A->Y    R     MAJIxp5_ASAP7_75t_R          2  4.0   140    81    1956    (-,-) 
  u_axi_apb_dma_u_dma_engine_gen_ch[3].u_ch_add_359_48_g494/Y -       A->Y    F     INVxp67_ASAP7_75t_R          1  2.1    64    58    2014    (-,-) 
  u_axi_apb_dma_u_dma_engine_gen_ch[3].u_ch_add_359_48_g492/Y -       A->Y    R     MAJIxp5_ASAP7_75t_R          2  4.0   140    81    2095    (-,-) 
  u_axi_apb_dma_u_dma_engine_gen_ch[3].u_ch_add_359_48_g491/Y -       A->Y    F     INVxp67_ASAP7_75t_R          1  2.1    64    58    2154    (-,-) 
  u_axi_apb_dma_u_dma_engine_gen_ch[3].u_ch_add_359_48_g489/Y -       A->Y    R     MAJIxp5_ASAP7_75t_R          2  3.4   124    74    2228    (-,-) 
  u_axi_apb_dma_u_dma_engine_gen_ch[3].u_ch_add_359_48_g488/Y -       A->Y    F     INVxp33_ASAP7_75t_R          1  2.1    88    77    2305    (-,-) 
  u_axi_apb_dma_u_dma_engine_gen_ch[3].u_ch_add_359_48_g486/Y -       A->Y    R     MAJIxp5_ASAP7_75t_R          2  3.4   124    81    2386    (-,-) 
  u_axi_apb_dma_u_dma_engine_gen_ch[3].u_ch_add_359_48_g485/Y -       A->Y    F     INVxp33_ASAP7_75t_R          1  2.1    88    78    2464    (-,-) 
  u_axi_apb_dma_u_dma_engine_gen_ch[3].u_ch_add_359_48_g483/Y -       A->Y    R     MAJIxp5_ASAP7_75t_R          2  3.9   137    88    2552    (-,-) 
  u_axi_apb_dma_u_dma_engine_gen_ch[3].u_ch_add_359_48_g482/Y -       A->Y    F     INVxp33_ASAP7_75t_R          1  2.1    91    82    2633    (-,-) 
  u_axi_apb_dma_u_dma_engine_gen_ch[3].u_ch_add_359_48_g480/Y -       A->Y    R     MAJIxp5_ASAP7_75t_R          2  3.3   121    81    2714    (-,-) 
  u_axi_apb_dma_u_dma_engine_gen_ch[3].u_ch_add_359_48_g478/Y -       B->Y    F     NOR2xp67_ASAP7_75t_R         3  4.3    99    79    2794    (-,-) 
  u_axi_apb_dma_u_dma_engine_gen_ch[3].u_ch_add_359_48_g476/Y -       B->Y    R     NAND2xp5_ASAP7_75t_R         3  4.5   116    85    2878    (-,-) 
  u_axi_apb_dma_u_dma_engine_gen_ch[3].u_ch_add_359_48_g474/Y -       B->Y    F     NOR2xp67_ASAP7_75t_R         3  4.3    99    78    2956    (-,-) 
  u_axi_apb_dma_u_dma_engine_gen_ch[3].u_ch_add_359_48_g472/Y -       B->Y    R     NAND2xp5_ASAP7_75t_R         3  4.5   115    85    3040    (-,-) 
  u_axi_apb_dma_u_dma_engine_gen_ch[3].u_ch_add_359_48_g470/Y -       B->Y    F     NOR2xp67_ASAP7_75t_R         3  4.3    98    77    3118    (-,-) 
  u_axi_apb_dma_u_dma_engine_gen_ch[3].u_ch_add_359_48_g468/Y -       B->Y    R     NAND2xp5_ASAP7_75t_R         3  4.5   115    84    3202    (-,-) 
  u_axi_apb_dma_u_dma_engine_gen_ch[3].u_ch_add_359_48_g466/Y -       B->Y    F     NOR2xp67_ASAP7_75t_R         3  4.3    98    77    3280    (-,-) 
  u_axi_apb_dma_u_dma_engine_gen_ch[3].u_ch_add_359_48_g464/Y -       B->Y    R     NAND2xp5_ASAP7_75t_R         3  4.5   114    84    3364    (-,-) 
  u_axi_apb_dma_u_dma_engine_gen_ch[3].u_ch_add_359_48_g462/Y -       B->Y    F     NOR2xp67_ASAP7_75t_R         3  4.3    98    77    3441    (-,-) 
  u_axi_apb_dma_u_dma_engine_gen_ch[3].u_ch_add_359_48_g460/Y -       B->Y    R     NAND2xp5_ASAP7_75t_R         3  4.5   114    84    3525    (-,-) 
  u_axi_apb_dma_u_dma_engine_gen_ch[3].u_ch_add_359_48_g458/Y -       B->Y    F     NOR2xp67_ASAP7_75t_R         3  4.3    98    77    3602    (-,-) 
  u_axi_apb_dma_u_dma_engine_gen_ch[3].u_ch_add_359_48_g456/Y -       B->Y    R     NAND2xp5_ASAP7_75t_R         3  4.5   114    84    3687    (-,-) 
  u_axi_apb_dma_u_dma_engine_gen_ch[3].u_ch_add_359_48_g454/Y -       B->Y    F     NOR2xp67_ASAP7_75t_R         3  4.3    98    77    3764    (-,-) 
  u_axi_apb_dma_u_dma_engine_gen_ch[3].u_ch_add_359_48_g452/Y -       B->Y    R     NAND2xp5_ASAP7_75t_R         3  4.5   114    84    3848    (-,-) 
  u_axi_apb_dma_u_dma_engine_gen_ch[3].u_ch_add_359_48_g450/Y -       B->Y    F     NOR2xp67_ASAP7_75t_R         3  4.3    98    77    3926    (-,-) 
  u_axi_apb_dma_u_dma_engine_gen_ch[3].u_ch_add_359_48_g448/Y -       B->Y    R     NAND2xp5_ASAP7_75t_R         3  4.5   114    84    4010    (-,-) 
  u_axi_apb_dma_u_dma_engine_gen_ch[3].u_ch_add_359_48_g446/Y -       B->Y    F     NOR2xp67_ASAP7_75t_R         3  4.3    98    77    4087    (-,-) 
  u_axi_apb_dma_u_dma_engine_gen_ch[3].u_ch_add_359_48_g444/Y -       B->Y    R     NAND2xp5_ASAP7_75t_R         3  4.5   114    84    4171    (-,-) 
  u_axi_apb_dma_u_dma_engine_gen_ch[3].u_ch_add_359_48_g442/Y -       B->Y    F     NOR2xp67_ASAP7_75t_R         3  4.3    98    77    4248    (-,-) 
  u_axi_apb_dma_u_dma_engine_gen_ch[3].u_ch_add_359_48_g440/Y -       B->Y    R     NAND2xp5_ASAP7_75t_R         3  4.5   114    84    4333    (-,-) 
  u_axi_apb_dma_u_dma_engine_gen_ch[3].u_ch_add_359_48_g438/Y -       B->Y    F     NOR2xp67_ASAP7_75t_R         3  4.3    98    77    4410    (-,-) 
  u_axi_apb_dma_u_dma_engine_gen_ch[3].u_ch_add_359_48_g436/Y -       B->Y    R     NAND2xp5_ASAP7_75t_R         3  4.1   107    80    4490    (-,-) 
  u_axi_apb_dma_u_dma_engine_gen_ch[3].u_ch_add_359_48_g434/Y -       B->Y    F     NOR2xp33_ASAP7_75t_R         2  3.0   115    89    4580    (-,-) 
  drc_bufs2563/Y                                              -       A->Y    R     INVxp33_ASAP7_75t_R          1  1.9   106    82    4662    (-,-) 
  drc_bufs2561/Y                                              -       A->Y    F     INVxp67_ASAP7_75t_R          2  3.1    69    62    4724    (-,-) 
  u_axi_apb_dma_u_dma_engine_gen_ch[3].u_ch_add_359_48_g432/Y -       B->Y    R     NAND2xp5_ASAP7_75t_R         2  3.5    94    64    4788    (-,-) 
  u_axi_apb_dma_u_dma_engine_gen_ch[3].u_ch_add_359_48_g430/Y -       B->Y    F     XNOR2xp5_ASAP7_75t_R         1  1.9    56    46    4834    (-,-) 
  g179880/Y                                                   -       B2->Y   R     AOI222xp33_ASAP7_75t_R       1  2.0   120    71    4905    (-,-) 
  u_axi_apb_dma_u_dma_engine_gen_ch[3].u_ch_rd_addr_reg[31]/D -       -       R     DFFASRHQNx1_ASAP7_75t_R      1    -     -     0    4905    (-,-) 
#----------------------------------------------------------------------------------------------------------------------------------------------------



Path 96: MET (9 ps) Setup Check with Pin u_core/EX_MEM_ex_mem_alu_result_reg[8]/CLK->D
           View: view_ss
          Group: CLK_CPU
     Startpoint: (R) u_dcache/state_reg[0]/CLK
          Clock: (R) CLK_CPU
       Endpoint: (R) u_core/EX_MEM_ex_mem_alu_result_reg[8]/D
          Clock: (R) CLK_CPU

                     Capture       Launch     
        Clock Edge:+    2500            0     
       Src Latency:+       0            0     
       Net Latency:+       0 (I)        0 (I) 
           Arrival:=    2500            0     
                                              
             Setup:-      25                  
       Uncertainty:-     125                  
     Required Time:=    2350                  
      Launch Clock:-       0                  
         Data Path:-    2341                  
             Slack:=       9                  

#---------------------------------------------------------------------------------------------------------------------------------
#              Timing Point                Flags    Arc    Edge          Cell            Fanout Load Trans Delay Arrival Instance 
#                                                                                               (fF)  (ps)  (ps)   (ps)  Location 
#---------------------------------------------------------------------------------------------------------------------------------
  u_dcache/state_reg[0]/CLK                -       -       R     (arrival)                 8138    -    40     0       0    (-,-) 
  u_dcache/state_reg[0]/QN                 -       CLK->QN F     DFFASRHQNx1_ASAP7_75t_R      3  4.3    74   126     126    (-,-) 
  u_dcache/g73110/Y                        -       A->Y    R     INVxp67_ASAP7_75t_R          2  3.5    88    65     191    (-,-) 
  u_dcache/g73106/Y                        -       A->Y    R     AND2x6_ASAP7_75t_R          12 15.8    48    66     258    (-,-) 
  u_dcache/g87696/Y                        -       A->Y    F     INVx1_ASAP7_75t_R            5  6.6    72    53     311    (-,-) 
  u_dcache/g87589/Y                        -       B2->Y   F     OA22x2_ASAP7_75t_R           2  4.9    36    71     382    (-,-) 
  u_dcache/g87559/Y                        -       A->Y    R     INVx4_ASAP7_75t_R           20 25.3    94    57     439    (-,-) 
  u_dcache/g87530/Y                        -       B->Y    F     NOR2xp67_ASAP7_75t_R         2  3.6    73    65     505    (-,-) 
  u_dcache/g87472/Y                        -       B->Y    F     AND2x2_ASAP7_75t_R           5  9.1    53    72     576    (-,-) 
  u_dcache/g87341/Y                        -       A->Y    F     BUFx6f_ASAP7_75t_R          20 25.4    50    60     636    (-,-) 
  u_dcache/g87340/Y                        -       A->Y    F     HB3xp67_ASAP7_75t_R          2  3.2    65   112     748    (-,-) 
  u_dcache/g87187/Y                        -       A2->Y   R     AOI22xp5_ASAP7_75t_R         1  2.0    78    53     801    (-,-) 
  u_dcache/g86472/Y                        -       A->Y    F     NAND4xp25_ASAP7_75t_R        1  2.0    97    68     869    (-,-) 
  u_dcache/g86287/Y                        -       A2->Y   R     AOI22xp5_ASAP7_75t_R         1  1.9    82    58     926    (-,-) 
  u_dcache/g86191/Y                        -       C->Y    F     NAND4xp25_ASAP7_75t_R        1  2.0    99    66     992    (-,-) 
  u_dcache/g86164/Y                        -       A2->Y   R     A2O1A1Ixp33_ASAP7_75t_R      1  2.0    80    63    1055    (-,-) 
  u_dcache/g86156/Y                        -       B->Y    F     O2A1O1Ixp5_ASAP7_75t_R       1  1.9    60    51    1106    (-,-) 
  u_dcache/g86154/Y                        -       A2->Y   R     OAI21xp33_ASAP7_75t_R        1  2.0   100    66    1171    (-,-) 
  u_dcache/g96327/Y                        -       B->Y    R     AND2x2_ASAP7_75t_R           2  4.4    41    63    1234    (-,-) 
  u_dcache/drc_bufs93436/Y                 -       A->Y    F     INVx2_ASAP7_75t_R            5  7.2    42    35    1269    (-,-) 
  u_dcache/g65301/Y                        -       B->Y    R     NAND2x1_ASAP7_75t_R          3  4.5    78    50    1320    (-,-) 
  u_dcache/g65289/Y                        -       A2->Y   R     AO21x1_ASAP7_75t_R           1  2.0    36    51    1371    (-,-) 
  g200938/Y                                -       B->Y    R     AND2x2_ASAP7_75t_R           1  2.0    24    40    1411    (-,-) 
  g200450/Y                                -       A->Y    R     OR2x2_ASAP7_75t_R            9 13.1    99    73    1484    (-,-) 
  u_core/g234204/Y                         -       B->Y    R     OR2x2_ASAP7_75t_R            3  5.5    47    66    1550    (-,-) 
  u_core/g233987/Y                         -       B->Y    F     OAI21x1_ASAP7_75t_R          2  3.1    48    36    1586    (-,-) 
  u_core/g265909/Y                         -       B->Y    F     AO21x2_ASAP7_75t_R           5  8.3    52    69    1655    (-,-) 
  u_core/g233124/Y                         -       B->Y    R     NOR2x1p5_ASAP7_75t_R         5  7.9    86    56    1712    (-,-) 
  u_core/g232864/Y                         -       A->Y    F     INVx1_ASAP7_75t_R            1  2.0    40    38    1749    (-,-) 
  u_core/g232542/Y                         -       B->Y    F     OR2x2_ASAP7_75t_R            2  4.7    34    56    1805    (-,-) 
  u_core/g232071/Y                         -       B->Y    R     NOR2x1p5_ASAP7_75t_R         4  6.5    74    45    1850    (-,-) 
  u_core/g230823/Y                         -       B->Y    R     AND2x4_ASAP7_75t_R          19 24.8    95    83    1933    (-,-) 
  u_core/g230179/Y                         -       A->Y    F     INVx3_ASAP7_75t_R           14 18.6    79    67    2000    (-,-) 
  u_core/g227244/Y                         -       C->Y    R     O2A1O1Ixp5_ASAP7_75t_R       1  1.8    77    58    2058    (-,-) 
  u_core/drc_bufs255141/Y                  -       A->Y    F     INVxp33_ASAP7_75t_R          1  2.1    76    63    2121    (-,-) 
  u_core/drc_bufs255140/Y                  -       A->Y    R     INVx1_ASAP7_75t_R            1  2.0    48    40    2161    (-,-) 
  u_core/g226878/Y                         -       C->Y    F     O2A1O1Ixp33_ASAP7_75t_R      1  1.8    55    36    2197    (-,-) 
  u_core/drc267281/Y                       -       A->Y    F     HB1xp67_ASAP7_75t_L          1  2.0    31    42    2240    (-,-) 
  u_core/g265200/Y                         -       E->Y    F     AND5x1_ASAP7_75t_R           1  1.8    25    49    2289    (-,-) 
  u_core/drc_bufs249277/Y                  -       A->Y    R     INVxp33_ASAP7_75t_R          1  2.0    91    52    2341    (-,-) 
  u_core/EX_MEM_ex_mem_alu_result_reg[8]/D -       -       R     DFFHQx4_ASAP7_75t_R          1    -     -     0    2341    (-,-) 
#---------------------------------------------------------------------------------------------------------------------------------



Path 97: MET (10 ps) Setup Check with Pin u_core/IF_ID_if_id_instr_reg[26]/CLK->D
           View: view_ss
          Group: CLK_CPU
     Startpoint: (R) u_core/pc_reg_reg[3]/CLK
          Clock: (R) CLK_CPU
       Endpoint: (R) u_core/IF_ID_if_id_instr_reg[26]/D
          Clock: (R) CLK_CPU

                     Capture       Launch     
        Clock Edge:+    2500            0     
       Src Latency:+       0            0     
       Net Latency:+       0 (I)        0 (I) 
           Arrival:=    2500            0     
                                              
             Setup:-      21                  
       Uncertainty:-     125                  
     Required Time:=    2354                  
      Launch Clock:-       0                  
         Data Path:-    2345                  
             Slack:=      10                  

#---------------------------------------------------------------------------------------------------------------------------
#           Timing Point             Flags    Arc    Edge          Cell            Fanout Load Trans Delay Arrival Instance 
#                                                                                         (fF)  (ps)  (ps)   (ps)  Location 
#---------------------------------------------------------------------------------------------------------------------------
  u_core/pc_reg_reg[3]/CLK           -       -       R     (arrival)                 8138    -    40     0       0    (-,-) 
  u_core/pc_reg_reg[3]/QN            -       CLK->QN R     DFFASRHQNx1_ASAP7_75t_R      1  2.1    51   102     102    (-,-) 
  u_core/drc_bufs245642/Y            -       A->Y    R     BUFx3_ASAP7_75t_R            4  6.1    36    48     150    (-,-) 
  u_core/IF_add_339_31_g781/Y        -       B->Y    R     AND2x2_ASAP7_75t_R           3  4.9    44    50     200    (-,-) 
  u_core/g265914/Y                   -       A->Y    R     AND3x4_ASAP7_75t_R           3  4.8    30    52     253    (-,-) 
  u_core/g265913/Y                   -       C->Y    R     AND3x4_ASAP7_75t_R           3  4.8    30    51     303    (-,-) 
  u_core/IF_add_339_31_g2/Y          -       C->Y    R     AND3x1_ASAP7_75t_R           4  5.7    89    74     377    (-,-) 
  u_core/IF_add_339_31_g757/Y        -       B->Y    R     AND2x2_ASAP7_75t_R           2  3.1    32    56     434    (-,-) 
  u_core/IF_add_339_31_g749/Y        -       B->Y    R     AND2x2_ASAP7_75t_R           2  3.2    32    43     477    (-,-) 
  u_core/IF_add_339_31_g742/Y        -       B->Y    F     NAND2xp5_ASAP7_75t_R         2  3.5    74    46     523    (-,-) 
  u_core/IF_add_339_31_g739/Y        -       B->Y    F     OA21x2_ASAP7_75t_R           2  2.9    26    51     574    (-,-) 
  u_core/g140263/Y                   -       A1->Y   F     AO22x1_ASAP7_75t_R           4  6.0    68    73     647    (-,-) 
  u_icache/g55414/Y                  -       B->Y    F     AND2x2_ASAP7_75t_R           1  2.4    22    52     699    (-,-) 
  u_icache/g55399/Y                  -       A->Y    F     OR2x6_ASAP7_75t_R           17 29.9    63    72     771    (-,-) 
  u_icache/g12396/Y                  -       A->Y    R     INVx5_ASAP7_75t_R           17 29.6    95    65     836    (-,-) 
  u_icache/g12262/Y                  -       B->Y    R     OR2x2_ASAP7_75t_R            1  3.7    35    60     895    (-,-) 
  u_icache/g12256/Y                  -       A->Y    F     INVx4_ASAP7_75t_R           16 20.3    55    40     935    (-,-) 
  u_icache/g11869/Y                  -       B->Y    F     AND2x2_ASAP7_75t_R           3  4.4    31    54     990    (-,-) 
  u_icache/g4092/Y                   -       A2->Y   R     AOI22xp5_ASAP7_75t_R         1  1.9    76    43    1033    (-,-) 
  u_icache/g3587/Y                   -       C->Y    F     NAND4xp25_ASAP7_75t_R        1  2.0    97    64    1097    (-,-) 
  u_icache/g3460/Y                   -       A->Y    F     OR2x2_ASAP7_75t_R            1  2.0    23    56    1154    (-,-) 
  u_icache/g4101/Y                   -       E->Y    F     OR5x1_ASAP7_75t_R            1  2.5    46    90    1243    (-,-) 
  u_icache/g3419/Y                   -       B->Y    R     NOR2x1_ASAP7_75t_R           1  2.9    54    39    1282    (-,-) 
  u_icache/g3413/Y                   -       C->Y    F     NAND4xp75_ASAP7_75t_R        1  2.0    47    38    1320    (-,-) 
  u_icache/g59232/Y                  -       A->Y    F     AND3x2_ASAP7_75t_R           3  6.3    38    52    1371    (-,-) 
  u_icache/g59231/Y                  -       A->Y    R     INVx2_ASAP7_75t_R            1  2.4    27    23    1394    (-,-) 
  u_icache/g59219/Y                  -       B->Y    F     NAND2x1_ASAP7_75t_R          1  2.4    37    24    1418    (-,-) 
  u_icache/g59218/Y                  -       B->Y    F     OR2x6_ASAP7_75t_R            3  7.8    27    54    1472    (-,-) 
  u_icache/g59214/Y                  -       A->Y    R     INVx4_ASAP7_75t_R           14 17.9    68    42    1514    (-,-) 
  u_icache/g75466/Y                  -       A2->Y   R     AO222x2_ASAP7_75t_R          1  2.0    26    56    1570    (-,-) 
  g200543/Y                          -       B2->Y   R     AO22x2_ASAP7_75t_R           3  5.1    46    51    1621    (-,-) 
  u_core/g233792/Y                   -       A->Y    F     NAND2x1p5_ASAP7_75t_R        3  4.6    38    31    1652    (-,-) 
  u_core/g233607/Y                   -       A->Y    F     OR2x6_ASAP7_75t_R            6 12.7    36    61    1713    (-,-) 
  u_core/g233533/Y                   -       A->Y    R     INVx3_ASAP7_75t_R            1  2.5    22    19    1733    (-,-) 
  u_core/g232416/Y                   -       A1->Y   F     OAI21x1_ASAP7_75t_R          1  2.4    44    23    1755    (-,-) 
  u_core/g232072/Y                   -       B->Y    F     AND2x4_ASAP7_75t_R           4  6.5    25    46    1801    (-,-) 
  u_core/g230829/Y                   -       B->Y    R     NAND2x1p5_ASAP7_75t_R        3  5.5    59    36    1837    (-,-) 
  u_core/g230217/Y                   -       A->Y    F     INVx3_ASAP7_75t_R            3  5.7    33    31    1868    (-,-) 
  u_core/g230058/Y                   -       B->Y    R     NAND2x1p5_ASAP7_75t_R        3  4.7    55    36    1904    (-,-) 
  u_core/g228385/Y                   -       A->Y    R     OR2x6_ASAP7_75t_R            3  5.9    24    48    1952    (-,-) 
  u_core/g228133/Y                   -       A->Y    F     INVx3_ASAP7_75t_R            2  4.0    19    18    1970    (-,-) 
  u_core/g228119/Y                   -       B->Y    F     AND2x4_ASAP7_75t_R           9 12.7    39    46    2016    (-,-) 
  u_core/g227855/Y                   -       A->Y    R     INVx2_ASAP7_75t_R            6  8.0    63    43    2059    (-,-) 
  u_core/g227407/Y                   -       A->Y    R     OR2x4_ASAP7_75t_R            6  9.9    46    70    2128    (-,-) 
  u_core/g227008/Y                   -       B->Y    F     NAND2x1p5_ASAP7_75t_R        3  4.8    41    34    2162    (-,-) 
  u_core/g226831/Y                   -       A->Y    R     INVx1_ASAP7_75t_R            1  2.0    39    31    2193    (-,-) 
  u_core/g226193/Y                   -       A2->Y   F     A2O1A1Ixp33_ASAP7_75t_R      1  2.0    75    46    2240    (-,-) 
  u_core/g225570/Y                   -       C->Y    R     O2A1O1Ixp5_ASAP7_75t_R       1  1.9    78    58    2298    (-,-) 
  u_core/g225243/Y                   -       A->Y    R     AND2x2_ASAP7_75t_R           1  2.0    24    47    2345    (-,-) 
  u_core/IF_ID_if_id_instr_reg[26]/D -       -       R     DFFASRHQNx1_ASAP7_75t_R      1    -     -     0    2345    (-,-) 
#---------------------------------------------------------------------------------------------------------------------------



Path 98: MET (10 ps) Setup Check with Pin u_core/pc_reg_reg[17]/CLK->D
           View: view_ss
          Group: CLK_CPU
     Startpoint: (R) u_core/pc_reg_reg[3]/CLK
          Clock: (R) CLK_CPU
       Endpoint: (R) u_core/pc_reg_reg[17]/D
          Clock: (R) CLK_CPU

                     Capture       Launch     
        Clock Edge:+    2500            0     
       Src Latency:+       0            0     
       Net Latency:+       0 (I)        0 (I) 
           Arrival:=    2500            0     
                                              
             Setup:-      31                  
       Uncertainty:-     125                  
     Required Time:=    2344                  
      Launch Clock:-       0                  
         Data Path:-    2334                  
             Slack:=      10                  

#--------------------------------------------------------------------------------------------------------------------
#        Timing Point         Flags    Arc    Edge          Cell            Fanout Load Trans Delay Arrival Instance 
#                                                                                  (fF)  (ps)  (ps)   (ps)  Location 
#--------------------------------------------------------------------------------------------------------------------
  u_core/pc_reg_reg[3]/CLK    -       -       R     (arrival)                 8138    -    40     0       0    (-,-) 
  u_core/pc_reg_reg[3]/QN     -       CLK->QN R     DFFASRHQNx1_ASAP7_75t_R      1  2.1    51   102     102    (-,-) 
  u_core/drc_bufs245642/Y     -       A->Y    R     BUFx3_ASAP7_75t_R            4  6.1    36    48     150    (-,-) 
  u_core/IF_add_339_31_g781/Y -       B->Y    R     AND2x2_ASAP7_75t_R           3  4.9    44    50     200    (-,-) 
  u_core/g265914/Y            -       A->Y    R     AND3x4_ASAP7_75t_R           3  4.8    30    52     253    (-,-) 
  u_core/g265913/Y            -       C->Y    R     AND3x4_ASAP7_75t_R           3  4.8    30    51     303    (-,-) 
  u_core/IF_add_339_31_g2/Y   -       C->Y    R     AND3x1_ASAP7_75t_R           4  5.7    89    74     377    (-,-) 
  u_core/IF_add_339_31_g757/Y -       B->Y    R     AND2x2_ASAP7_75t_R           2  3.1    32    56     434    (-,-) 
  u_core/IF_add_339_31_g749/Y -       B->Y    R     AND2x2_ASAP7_75t_R           2  3.2    32    43     477    (-,-) 
  u_core/IF_add_339_31_g742/Y -       B->Y    F     NAND2xp5_ASAP7_75t_R         2  3.5    74    46     523    (-,-) 
  u_core/IF_add_339_31_g739/Y -       B->Y    F     OA21x2_ASAP7_75t_R           2  2.9    26    51     574    (-,-) 
  u_core/g140263/Y            -       A1->Y   F     AO22x1_ASAP7_75t_R           4  6.0    68    73     647    (-,-) 
  u_icache/g55414/Y           -       B->Y    F     AND2x2_ASAP7_75t_R           1  2.4    22    52     699    (-,-) 
  u_icache/g55399/Y           -       A->Y    F     OR2x6_ASAP7_75t_R           17 29.9    63    72     771    (-,-) 
  u_icache/g12396/Y           -       A->Y    R     INVx5_ASAP7_75t_R           17 29.6    95    65     836    (-,-) 
  u_icache/g12262/Y           -       B->Y    R     OR2x2_ASAP7_75t_R            1  3.7    35    60     895    (-,-) 
  u_icache/g12256/Y           -       A->Y    F     INVx4_ASAP7_75t_R           16 20.3    55    40     935    (-,-) 
  u_icache/g11869/Y           -       B->Y    F     AND2x2_ASAP7_75t_R           3  4.4    31    54     990    (-,-) 
  u_icache/g4092/Y            -       A2->Y   R     AOI22xp5_ASAP7_75t_R         1  1.9    76    43    1033    (-,-) 
  u_icache/g3587/Y            -       C->Y    F     NAND4xp25_ASAP7_75t_R        1  2.0    97    64    1097    (-,-) 
  u_icache/g3460/Y            -       A->Y    F     OR2x2_ASAP7_75t_R            1  2.0    23    56    1154    (-,-) 
  u_icache/g4101/Y            -       E->Y    F     OR5x1_ASAP7_75t_R            1  2.5    46    90    1243    (-,-) 
  u_icache/g3419/Y            -       B->Y    R     NOR2x1_ASAP7_75t_R           1  2.9    54    39    1282    (-,-) 
  u_icache/g3413/Y            -       C->Y    F     NAND4xp75_ASAP7_75t_R        1  2.0    47    38    1320    (-,-) 
  u_icache/g59232/Y           -       A->Y    F     AND3x2_ASAP7_75t_R           3  6.3    38    52    1371    (-,-) 
  u_icache/g59229/Y           -       B->Y    F     AND2x4_ASAP7_75t_R          15 19.1    55    60    1432    (-,-) 
  u_icache/g75464/Y           -       A1->Y   R     AOI22xp5_ASAP7_75t_R         1  2.0    78    51    1483    (-,-) 
  u_icache/g59179/Y           -       B->Y    F     OAI21xp5_ASAP7_75t_R         1  2.0    59    44    1527    (-,-) 
  g200544/Y                   -       B2->Y   F     AO22x2_ASAP7_75t_R           2  3.2    28    60    1587    (-,-) 
  u_core/g234326/Y            -       B->Y    F     AND2x2_ASAP7_75t_R           2  4.1    29    45    1632    (-,-) 
  u_core/g233792/Y            -       B->Y    R     NAND2x1p5_ASAP7_75t_R        3  4.6    52    34    1666    (-,-) 
  u_core/g233607/Y            -       A->Y    R     OR2x6_ASAP7_75t_R            6 12.7    40    56    1721    (-,-) 
  u_core/g232355/Y            -       A1->Y   F     AOI21xp5_ASAP7_75t_R         1  2.5    58    42    1763    (-,-) 
  u_core/g230718/Y            -       A1->Y   R     OAI21x1_ASAP7_75t_R          3  4.7    85    57    1820    (-,-) 
  u_core/g230173/Y            -       A->Y    F     INVxp67_ASAP7_75t_R          1  2.5    56    51    1870    (-,-) 
  u_core/g264735/Y            -       B->Y    R     NOR2x1_ASAP7_75t_R           2  6.0    95    62    1932    (-,-) 
  u_core/drc_bufs240178/Y     -       A->Y    F     INVx4_ASAP7_75t_R           18 22.8    75    65    1997    (-,-) 
  u_core/g224675/Y            -       B1->Y   R     AOI222xp33_ASAP7_75t_L       1  2.0   100    57    2054    (-,-) 
  u_core/g224586/Y            -       C->Y    R     AND3x1_ASAP7_75t_R           1  1.9    38    59    2114    (-,-) 
  u_core/g224547/Y            -       C->Y    R     OA211x2_ASAP7_75t_R          1  1.9    28    48    2162    (-,-) 
  u_core/g224508/Y            -       C->Y    F     OAI211xp5_ASAP7_75t_R        1  1.8    74    40    2202    (-,-) 
  u_core/drc267353/Y          -       A->Y    F     HB1xp67_ASAP7_75t_L          1  2.0    32    46    2248    (-,-) 
  u_core/drc_bufs248636/Y     -       A->Y    F     BUFx2_ASAP7_75t_R            1  2.9    22    42    2290    (-,-) 
  u_core/g224385/Y            -       C->Y    R     NOR4xp75_ASAP7_75t_R         1  2.0    79    44    2334    (-,-) 
  u_core/pc_reg_reg[17]/D     -       -       R     DFFASRHQNx1_ASAP7_75t_R      1    -     -     0    2334    (-,-) 
#--------------------------------------------------------------------------------------------------------------------



Path 99: MET (10 ps) Setup Check with Pin u_core/EX_gen_muldiv.DIV_remainder_reg[5]/CLK->D
           View: view_ss
          Group: CLK_CPU
     Startpoint: (R) u_core/EX_gen_muldiv.DIV_mask_reg[27]/CLK
          Clock: (R) CLK_CPU
       Endpoint: (R) u_core/EX_gen_muldiv.DIV_remainder_reg[5]/D
          Clock: (R) CLK_CPU

                     Capture       Launch     
        Clock Edge:+    2500            0     
       Src Latency:+       0            0     
       Net Latency:+       0 (I)        0 (I) 
           Arrival:=    2500            0     
                                              
             Setup:-      31                  
       Uncertainty:-     125                  
     Required Time:=    2344                  
      Launch Clock:-       0                  
         Data Path:-    2334                  
             Slack:=      10                  

#------------------------------------------------------------------------------------------------------------------------------------
#                Timing Point                 Flags    Arc    Edge          Cell            Fanout Load Trans Delay Arrival Instance 
#                                                                                                  (fF)  (ps)  (ps)   (ps)  Location 
#------------------------------------------------------------------------------------------------------------------------------------
  u_core/EX_gen_muldiv.DIV_mask_reg[27]/CLK   -       -       R     (arrival)                 8138    -    40     0       0    (-,-) 
  u_core/EX_gen_muldiv.DIV_mask_reg[27]/QN    -       CLK->QN F     DFFASRHQNx1_ASAP7_75t_R      1  2.0    51   108     108    (-,-) 
  u_core/drc_bufs242269/Y                     -       A->Y    F     BUFx2_ASAP7_75t_R            7  9.6    54    65     173    (-,-) 
  u_core/g233952/Y                            -       A2->Y   R     AOI22xp5_ASAP7_75t_R         1  2.9    99    62     235    (-,-) 
  u_core/g232951/Y                            -       B->Y    F     NAND4xp75_ASAP7_75t_R        1  3.4    69    55     290    (-,-) 
  u_core/g232512/Y                            -       B->Y    R     NOR2x2_ASAP7_75t_R           3  4.8    54    40     330    (-,-) 
  u_core/g232074/Y                            -       B->Y    R     AND2x2_ASAP7_75t_R           2  3.3    32    50     380    (-,-) 
  u_core/g230390/Y                            -       B->Y    F     NAND2xp5_ASAP7_75t_R         1  2.5    53    38     417    (-,-) 
  u_core/g228320/Y                            -       A1->Y   F     AO31x2_ASAP7_75t_R           2  4.0    28    45     462    (-,-) 
  u_core/g227612/Y                            -       A1->Y   R     AOI21x1_ASAP7_75t_R          3  4.5    83    45     507    (-,-) 
  u_core/g226816/Y                            -       A2->Y   R     OA21x2_ASAP7_75t_R           2  3.5    35    59     566    (-,-) 
  u_core/g226479/Y                            -       A2->Y   R     OA21x2_ASAP7_75t_R           2  3.6    36    47     613    (-,-) 
  u_core/g225318/Y                            -       A2->Y   R     OA21x2_ASAP7_75t_R           2  4.0    38    49     662    (-,-) 
  u_core/g225130/Y                            -       B->Y    F     NOR2x1_ASAP7_75t_R           2  3.4    58    36     698    (-,-) 
  u_core/g224944/Y                            -       A2->Y   F     AO21x2_ASAP7_75t_R           3  4.7    35    61     759    (-,-) 
  u_core/g237387/Y                            -       A2->Y   F     AO221x1_ASAP7_75t_R          2  3.1    43    67     826    (-,-) 
  u_core/g224641/Y                            -       A2->Y   F     AO21x2_ASAP7_75t_R           3  5.7    40    60     886    (-,-) 
  u_core/g224594/Y                            -       B->Y    R     NAND2x1p5_ASAP7_75t_R        2  4.1    46    36     922    (-,-) 
  u_core/g224558/Y                            -       A1->Y   F     OAI21x1_ASAP7_75t_R          1  2.9    48    31     953    (-,-) 
  u_core/g224540/Y                            -       B->Y    R     NAND2x1p5_ASAP7_75t_R        2  3.5    55    36     989    (-,-) 
  u_core/g224519/Y                            -       B->Y    R     AND2x6_ASAP7_75t_R          15 19.8    57    67    1056    (-,-) 
  u_core/g224495/Y                            -       A->Y    F     INVx2_ASAP7_75t_R            4  6.3    43    38    1094    (-,-) 
  u_core/g224400/Y                            -       A1->Y   F     OA221x2_ASAP7_75t_R          4  6.1    44    79    1173    (-,-) 
  u_core/g224369/Y                            -       A->Y    R     INVx1_ASAP7_75t_R            1  2.1    41    33    1206    (-,-) 
  u_core/g224279/Y                            -       A->Y    R     MAJx2_ASAP7_75t_R            2  3.6    36    52    1257    (-,-) 
  u_core/g224185/Y                            -       A2->Y   R     AO21x2_ASAP7_75t_R           2  4.1    38    49    1306    (-,-) 
  u_core/g224162/Y                            -       A1->Y   F     AOI21x1_ASAP7_75t_R          2  3.6    52    35    1342    (-,-) 
  u_core/g224145/Y                            -       B->Y    F     OR2x2_ASAP7_75t_R            2  3.7    29    56    1397    (-,-) 
  u_core/g224131/Y                            -       A1->Y   R     OAI21x1_ASAP7_75t_R          2  3.5    67    40    1438    (-,-) 
  u_core/g224124/Y                            -       B->Y    R     AND2x2_ASAP7_75t_R           2  3.7    35    54    1492    (-,-) 
  u_core/g224118/Y                            -       A1->Y   R     AO31x2_ASAP7_75t_R           3  5.2    47    53    1544    (-,-) 
  u_core/g224111/Y                            -       A1->Y   F     AOI21x1_ASAP7_75t_R          2  3.6    47    38    1582    (-,-) 
  u_core/g224108/Y                            -       A->Y    R     INVx1_ASAP7_75t_R            1  2.0    40    33    1615    (-,-) 
  u_core/g224101/Y                            -       A2->Y   R     AO21x1_ASAP7_75t_R           2  4.0    63    57    1672    (-,-) 
  u_core/g224098/Y                            -       A1->Y   F     AOI21x1_ASAP7_75t_R          2  4.1    56    45    1717    (-,-) 
  u_core/g224097/Y                            -       B->Y    R     NOR2x1_ASAP7_75t_R           2  3.4    62    45    1761    (-,-) 
  u_core/g224096/Y                            -       B->Y    F     NAND2x1_ASAP7_75t_R          2  3.2    45    38    1799    (-,-) 
  u_core/g224091/Y                            -       A2->Y   F     OA22x2_ASAP7_75t_R           4  5.7    40    64    1863    (-,-) 
  u_core/g224085/Y                            -       A2->Y   F     OA21x2_ASAP7_75t_R           4  6.5    44    62    1925    (-,-) 
  u_core/g224083/Y                            -       A->Y    R     INVx1_ASAP7_75t_R            2  3.2    54    40    1965    (-,-) 
  u_core/g224081/Y                            -       B->Y    R     AND2x2_ASAP7_75t_R           1  2.0    24    45    2010    (-,-) 
  u_core/g224073/Y                            -       A2->Y   F     OAI21xp5_ASAP7_75t_R         1  2.1    52    32    2042    (-,-) 
  u_core/drc_bufs248528/Y                     -       A->Y    F     BUFx3_ASAP7_75t_R            2  3.3    20    44    2086    (-,-) 
  u_core/g224072/Y                            -       A->Y    R     INVx1_ASAP7_75t_R            1  2.4    39    26    2113    (-,-) 
  u_core/g262458/Y                            -       B->Y    R     OR2x6_ASAP7_75t_R           17 23.3    64    65    2178    (-,-) 
  u_core/fopt262457/Y                         -       A->Y    R     BUFx12f_ASAP7_75t_R         16 20.3    33    48    2225    (-,-) 
  u_core/g224014/Y                            -       B1->Y   F     OAI222xp33_ASAP7_75t_R       1  2.0    88    51    2277    (-,-) 
  u_core/g223950/Y                            -       A2->Y   R     AOI22xp5_ASAP7_75t_R         1  2.0    83    57    2334    (-,-) 
  u_core/EX_gen_muldiv.DIV_remainder_reg[5]/D -       -       R     DFFASRHQNx1_ASAP7_75t_R      1    -     -     0    2334    (-,-) 
#------------------------------------------------------------------------------------------------------------------------------------



Path 100: MET (10 ps) Setup Check with Pin u_core/EX_gen_muldiv.DIV_remainder_reg[12]/CLK->D
           View: view_ss
          Group: CLK_CPU
     Startpoint: (R) u_core/EX_gen_muldiv.DIV_mask_reg[27]/CLK
          Clock: (R) CLK_CPU
       Endpoint: (R) u_core/EX_gen_muldiv.DIV_remainder_reg[12]/D
          Clock: (R) CLK_CPU

                     Capture       Launch     
        Clock Edge:+    2500            0     
       Src Latency:+       0            0     
       Net Latency:+       0 (I)        0 (I) 
           Arrival:=    2500            0     
                                              
             Setup:-      31                  
       Uncertainty:-     125                  
     Required Time:=    2344                  
      Launch Clock:-       0                  
         Data Path:-    2334                  
             Slack:=      10                  

#-------------------------------------------------------------------------------------------------------------------------------------
#                Timing Point                  Flags    Arc    Edge          Cell            Fanout Load Trans Delay Arrival Instance 
#                                                                                                   (fF)  (ps)  (ps)   (ps)  Location 
#-------------------------------------------------------------------------------------------------------------------------------------
  u_core/EX_gen_muldiv.DIV_mask_reg[27]/CLK    -       -       R     (arrival)                 8138    -    40     0       0    (-,-) 
  u_core/EX_gen_muldiv.DIV_mask_reg[27]/QN     -       CLK->QN F     DFFASRHQNx1_ASAP7_75t_R      1  2.0    51   108     108    (-,-) 
  u_core/drc_bufs242269/Y                      -       A->Y    F     BUFx2_ASAP7_75t_R            7  9.6    54    65     173    (-,-) 
  u_core/g233952/Y                             -       A2->Y   R     AOI22xp5_ASAP7_75t_R         1  2.9    99    62     235    (-,-) 
  u_core/g232951/Y                             -       B->Y    F     NAND4xp75_ASAP7_75t_R        1  3.4    69    55     290    (-,-) 
  u_core/g232512/Y                             -       B->Y    R     NOR2x2_ASAP7_75t_R           3  4.8    54    40     330    (-,-) 
  u_core/g232074/Y                             -       B->Y    R     AND2x2_ASAP7_75t_R           2  3.3    32    50     380    (-,-) 
  u_core/g230390/Y                             -       B->Y    F     NAND2xp5_ASAP7_75t_R         1  2.5    53    38     417    (-,-) 
  u_core/g228320/Y                             -       A1->Y   F     AO31x2_ASAP7_75t_R           2  4.0    28    45     462    (-,-) 
  u_core/g227612/Y                             -       A1->Y   R     AOI21x1_ASAP7_75t_R          3  4.5    83    45     507    (-,-) 
  u_core/g226816/Y                             -       A2->Y   R     OA21x2_ASAP7_75t_R           2  3.5    35    59     566    (-,-) 
  u_core/g226479/Y                             -       A2->Y   R     OA21x2_ASAP7_75t_R           2  3.6    36    47     613    (-,-) 
  u_core/g225318/Y                             -       A2->Y   R     OA21x2_ASAP7_75t_R           2  4.0    38    49     662    (-,-) 
  u_core/g225130/Y                             -       B->Y    F     NOR2x1_ASAP7_75t_R           2  3.4    58    36     698    (-,-) 
  u_core/g224944/Y                             -       A2->Y   F     AO21x2_ASAP7_75t_R           3  4.7    35    61     759    (-,-) 
  u_core/g237387/Y                             -       A2->Y   F     AO221x1_ASAP7_75t_R          2  3.1    43    67     826    (-,-) 
  u_core/g224641/Y                             -       A2->Y   F     AO21x2_ASAP7_75t_R           3  5.7    40    60     886    (-,-) 
  u_core/g224594/Y                             -       B->Y    R     NAND2x1p5_ASAP7_75t_R        2  4.1    46    36     922    (-,-) 
  u_core/g224558/Y                             -       A1->Y   F     OAI21x1_ASAP7_75t_R          1  2.9    48    31     953    (-,-) 
  u_core/g224540/Y                             -       B->Y    R     NAND2x1p5_ASAP7_75t_R        2  3.5    55    36     989    (-,-) 
  u_core/g224519/Y                             -       B->Y    R     AND2x6_ASAP7_75t_R          15 19.8    57    67    1056    (-,-) 
  u_core/g224495/Y                             -       A->Y    F     INVx2_ASAP7_75t_R            4  6.3    43    38    1094    (-,-) 
  u_core/g224400/Y                             -       A1->Y   F     OA221x2_ASAP7_75t_R          4  6.1    44    79    1173    (-,-) 
  u_core/g224369/Y                             -       A->Y    R     INVx1_ASAP7_75t_R            1  2.1    41    33    1206    (-,-) 
  u_core/g224279/Y                             -       A->Y    R     MAJx2_ASAP7_75t_R            2  3.6    36    52    1257    (-,-) 
  u_core/g224185/Y                             -       A2->Y   R     AO21x2_ASAP7_75t_R           2  4.1    38    49    1306    (-,-) 
  u_core/g224162/Y                             -       A1->Y   F     AOI21x1_ASAP7_75t_R          2  3.6    52    35    1342    (-,-) 
  u_core/g224145/Y                             -       B->Y    F     OR2x2_ASAP7_75t_R            2  3.7    29    56    1397    (-,-) 
  u_core/g224131/Y                             -       A1->Y   R     OAI21x1_ASAP7_75t_R          2  3.5    67    40    1438    (-,-) 
  u_core/g224124/Y                             -       B->Y    R     AND2x2_ASAP7_75t_R           2  3.7    35    54    1492    (-,-) 
  u_core/g224118/Y                             -       A1->Y   R     AO31x2_ASAP7_75t_R           3  5.2    47    53    1544    (-,-) 
  u_core/g224111/Y                             -       A1->Y   F     AOI21x1_ASAP7_75t_R          2  3.6    47    38    1582    (-,-) 
  u_core/g224108/Y                             -       A->Y    R     INVx1_ASAP7_75t_R            1  2.0    40    33    1615    (-,-) 
  u_core/g224101/Y                             -       A2->Y   R     AO21x1_ASAP7_75t_R           2  4.0    63    57    1672    (-,-) 
  u_core/g224098/Y                             -       A1->Y   F     AOI21x1_ASAP7_75t_R          2  4.1    56    45    1717    (-,-) 
  u_core/g224097/Y                             -       B->Y    R     NOR2x1_ASAP7_75t_R           2  3.4    62    45    1761    (-,-) 
  u_core/g224096/Y                             -       B->Y    F     NAND2x1_ASAP7_75t_R          2  3.2    45    38    1799    (-,-) 
  u_core/g224091/Y                             -       A2->Y   F     OA22x2_ASAP7_75t_R           4  5.7    40    64    1863    (-,-) 
  u_core/g224085/Y                             -       A2->Y   F     OA21x2_ASAP7_75t_R           4  6.5    44    62    1925    (-,-) 
  u_core/g224083/Y                             -       A->Y    R     INVx1_ASAP7_75t_R            2  3.2    54    40    1965    (-,-) 
  u_core/g224081/Y                             -       B->Y    R     AND2x2_ASAP7_75t_R           1  2.0    24    45    2010    (-,-) 
  u_core/g224073/Y                             -       A2->Y   F     OAI21xp5_ASAP7_75t_R         1  2.1    52    32    2042    (-,-) 
  u_core/drc_bufs248528/Y                      -       A->Y    F     BUFx3_ASAP7_75t_R            2  3.3    20    44    2086    (-,-) 
  u_core/g224072/Y                             -       A->Y    R     INVx1_ASAP7_75t_R            1  2.4    39    26    2113    (-,-) 
  u_core/g262458/Y                             -       B->Y    R     OR2x6_ASAP7_75t_R           17 23.3    64    65    2178    (-,-) 
  u_core/fopt262457/Y                          -       A->Y    R     BUFx12f_ASAP7_75t_R         16 20.3    33    48    2225    (-,-) 
  u_core/g224008/Y                             -       B1->Y   F     OAI222xp33_ASAP7_75t_R       1  2.0    87    51    2277    (-,-) 
  u_core/g223971/Y                             -       A2->Y   R     AOI22xp5_ASAP7_75t_R         1  2.0    80    57    2334    (-,-) 
  u_core/EX_gen_muldiv.DIV_remainder_reg[12]/D -       -       R     DFFASRHQNx1_ASAP7_75t_R      1    -     -     0    2334    (-,-) 
#-------------------------------------------------------------------------------------------------------------------------------------


